No.,銘柄コード （Code）,ISINコード,銘柄 （Name）,国（地域）名,Country (Region),通貨,Currency,株数（※） No. of Shares（※）,評価金額(円） Valuation (yen),純資産比率 % of NAV,MOTHER FUND/DIRECT
1,AAPL,US0378331005,APPLE INC,アメリカ,US,アメリカ・ドル,USD,11437.6686,612931733.437148,0.05519259872742142,MOTHER FUND
2,NVDA,US67066G1040,NVIDIA CORP,アメリカ,US,アメリカ・ドル,USD,17985.4169,563785783.8639262,0.0507671586239012,MOTHER FUND
3,MSFT,US5949181045,MICROSOFT CORP,アメリカ,US,アメリカ・ドル,USD,5494.5574,398359761.70679307,0.03587105916957523,MOTHER FUND
4,AMZN,US0231351067,AMAZON.COM INC,アメリカ,US,アメリカ・ドル,USD,7537.7545,285300690.23690104,0.025690440964118124,MOTHER FUND
5,GOOGL,US02079K3059,ALPHABET INC-CL A,アメリカ,US,アメリカ・ドル,USD,4533.9235,243135431.97036,0.021893590429568458,MOTHER FUND
6,AVGO,US11135F1012,BROADCOM INC,アメリカ,US,アメリカ・ドル,USD,3502.0218,218293784.84909803,0.019656677268614278,MOTHER FUND
7,GOOG,US02079K1079,ALPHABET INC-CL C,アメリカ,US,アメリカ・ドル,USD,3598.9049,193005850.17995304,0.017379577300217084,MOTHER FUND
8,META,US30303M1027,META PLATFORMS INC-CLASS A,アメリカ,US,アメリカ・ドル,USD,1709.4001,148090294.364692,0.01333507101428988,MOTHER FUND
9,MU,US5951121038,MICRON TECHNOLOGY,アメリカ,US,アメリカ・ドル,USD,877.6401,123374564.97082502,0.011109496353566074,MOTHER FUND
10,JPM,US46625H1005,JPMORGAN CHASE & CO,アメリカ,US,アメリカ・ドル,USD,2086.5725,117658926.08319402,0.010594820825466318,MOTHER FUND
11,LLY,US5324571083,ELI LILLY & CO.,アメリカ,US,アメリカ・ドル,USD,624.7877,115977336.16796601,0.010443398876899879,MOTHER FUND
12,TSLA,US88160R1014,TESLA INC,アメリカ,US,アメリカ・ドル,USD,2190.4002,108727899.03893502,0.009790609581396211,MOTHER FUND
13,AMD,US0079031078,ADVANCED MICRO DEVICES,アメリカ,US,アメリカ・ドル,USD,1268.2463,98938275.99404332,0.008909084434412072,MOTHER FUND
14,BRK/B,US0846707026,BERKSHIRE HATHAWAY INC CL B,アメリカ,US,アメリカ・ドル,USD,1081.3109,88576411.24310072,0.007976030699276606,MOTHER FUND
15,XOM,US30233Q1085,EXXONMOBIL HOLDINGS CORP,アメリカ,US,アメリカ・ドル,USD,3229.8157,81482494.6900806,0.007337245548569767,MOTHER FUND
16,ASML,NL0010273215,ASML HOLDING NV,オランダ,NL,ユーロ,EUR,301.8062,80453318.20141551,0.007244571402559976,MOTHER FUND
17,JNJ,US4781601046,JOHNSON & JOHNSON,アメリカ,US,アメリカ・ドル,USD,1871.6309,76952836.1410782,0.006929363866110004,MOTHER FUND
18,V,US92826C8394,VISA INC-CLASS A SHARES,アメリカ,US,アメリカ・ドル,USD,1306.4986,76909539.53440061,0.006925465141165196,MOTHER FUND
19,WMT,US9311421039,WALMART INC,アメリカ,US,アメリカ・ドル,USD,3405.1387,60802130.2164172,0.005475042964391167,MOTHER FUND
20,MA,US57636Q1040,MASTERCARD INC,アメリカ,US,アメリカ・ドル,USD,635.717,58989253.81642431,0.005311799075669455,MOTHER FUND
21,ABBV,US00287Y1091,ABBVIE INC,アメリカ,US,アメリカ・ドル,USD,1372.9847,56801662.3329617,0.005114813257609087,MOTHER FUND
22,CSCO,US17275R1023,CISCO SYSTEMS,アメリカ,US,アメリカ・ドル,USD,3067.0156,55977216.42439931,0.005040574464410081,MOTHER FUND
23,COST,US22160K1051,COSTCO WHOLESALE CORPORATION,アメリカ,US,アメリカ・ドル,USD,344.3846,52812832.3735509,0.0047556315097378905,MOTHER FUND
24,BAC,US0605051046,BANK OF AMERICA CORP,アメリカ,US,アメリカ・ドル,USD,5268.8004,52273063.122508906,0.004707026965295231,MOTHER FUND
25,INTC,US4581401001,INTEL CORP,アメリカ,US,アメリカ・ドル,USD,3414.2464,50006465.47555291,0.0045029268876186565,MOTHER FUND
26,AMAT,US0382221051,APPLIED MATERIALS,アメリカ,US,アメリカ・ドル,USD,616.477,49715461.58981401,0.004476722891614663,MOTHER FUND
27,UNH,US91324P1021,UNITEDHEALTH GROUP INC,アメリカ,US,アメリカ・ドル,USD,704.3662,47712822.3063478,0.004296391444671469,MOTHER FUND
28,CAT,US1491231015,CATERPILLAR INC DEL,アメリカ,US,アメリカ・ドル,USD,361.3477,46991457.60943471,0.0042314347943939795,MOTHER FUND
29,LRCX,US5128073062,LAM RESEARCH CORP,アメリカ,US,アメリカ・ドル,USD,969.9693,46412603.262834504,0.004179310758501155,MOTHER FUND
30,GE,US3696043013,GENERAL ELECTRIC CO,アメリカ,US,アメリカ・ドル,USD,810.8124,46266599.0876156,0.004166163536036108,MOTHER FUND
31,HSBA,GB0005405286,HSBC HOLDINGS PLC,イギリス,GB,イギリス・ポンド,GBP,13320.0011,45729656.4091163,0.004117813515671111,MOTHER FUND
32,CVX,US1667641005,CHEVRON CORP,アメリカ,US,アメリカ・ドル,USD,1431.0463,44230868.5952436,0.0039828523285177836,MOTHER FUND
33,KO,US1912161007,COCA COLA CO,アメリカ,US,アメリカ・ドル,USD,3003.2618,42712727.958223,0.003846148479753095,MOTHER FUND
34,PG,US7427181091,PROCTER & GAMBLE CO,アメリカ,US,アメリカ・ドル,USD,1802.1848,41697601.67995711,0.003754739511547445,MOTHER FUND
35,HD,US4370761029,HOME DEPOT,アメリカ,US,アメリカ・ドル,USD,772.5601,41390687.2236643,0.003727102818085969,MOTHER FUND
36,MRK,US58933Y1055,MERCK & CO INC,アメリカ,US,アメリカ・ドル,USD,1916.0309,39968115.4315144,0.003599004646949053,MOTHER FUND
37,NFLX,US64110L1061,NETFLIX INC,アメリカ,US,アメリカ・ドル,USD,3263.9695,38383897.456691,0.003456350739162498,MOTHER FUND
38,ROP,CH1499059983,ROCHE HOLDING AG,スイス,CH,スイス・フラン,CHF,544.2985,38332522.7816494,0.003451724609253346,MOTHER FUND
39,GS,US38141G1040,GOLDMAN SACHS GROUP,アメリカ,US,アメリカ・ドル,USD,231.7908,38179535.396619,0.003437948570435792,MOTHER FUND
40,PM,US7181721090,PHILIP MORRIS INTERNATIONAL,アメリカ,US,アメリカ・ドル,USD,1206.7693,37238777.64453771,0.003353236257011971,MOTHER FUND
41,RY,CA7800871021,ROYAL BANK OF CANADA,カナダ,CA,カナダ・ドル,CAD,1082.677,36546204.18694201,0.0032908721684046026,MOTHER FUND
42,RTX,US75513E1010,RTX CORP,アメリカ,US,アメリカ・ドル,USD,1057.6309,36440833.6427946,0.0032813838782026817,MOTHER FUND
43,NOVN,CH0012005267,NOVARTIS AG-REG,スイス,CH,スイス・フラン,CHF,1418.5232,35838589.0327108,0.0032271536217372346,MOTHER FUND
44,PANW,US6974351057,PALO ALTO NETWORKS INC,アメリカ,US,アメリカ・ドル,USD,635.2616,33251681.448348004,0.0029942106291334755,MOTHER FUND
45,PLTR,US69608A1088,PALANTIR TECHNOLOGIES INC-A,アメリカ,US,アメリカ・ドル,USD,1687.2001,33152853.757052403,0.0029853115025076636,MOTHER FUND
46,WFC,US9497461015,WELLS FARGO CO,アメリカ,US,アメリカ・ドル,USD,2403.2925,32997950.2272473,0.0029713629208050147,MOTHER FUND
47,GEV,US36828A1016,GE VERNOVA INC,アメリカ,US,アメリカ・ドル,USD,208.9077,32970613.941897005,0.0029689013732203,MOTHER FUND
48,NESN,CH0038863350,NESTLE SA-REG,スイス,CH,スイス・フラン,CHF,1995.7232,32763162.666183405,0.0029502210302206886,MOTHER FUND
49,AZN,GB0009895292,ASTRAZENECA PLC,イギリス,GB,イギリス・ポンド,GBP,1171.477,32235739.348475803,0.0029027281987262558,MOTHER FUND
50,TXN,US8825081040,TEXAS INSTRUMENTS INC,アメリカ,US,アメリカ・ドル,USD,714.9539,32031584.488421004,0.0028843446877175006,MOTHER FUND
51,SHEL,GB00BP6MXD84,SHELL PLC-NEW,イギリス,GB,イギリス・ポンド,GBP,4405.8465,31633945.9107372,0.0028485385689290773,MOTHER FUND
52,MS,US6174464486,MORGAN STANLEY,アメリカ,US,アメリカ・ドル,USD,930.1232,31401741.9745036,0.0028276293257355474,MOTHER FUND
53,SIE,DE0007236101,SIEMENS AG,ドイツ,DE,ユーロ,EUR,582.7785,30326180.574288704,0.002730778362519998,MOTHER FUND
54,KLAC,US4824801009,KLA CORP,アメリカ,US,アメリカ・ドル,USD,1016.6462,29465089.521140404,0.0026532397878769863,MOTHER FUND
55,LIN,IE000S9YS762,LINDE PLC,アイルランド,IE,アメリカ・ドル,USD,358.7293,29325622.2787728,0.002640681195910391,MOTHER FUND
56,C,US1729674242,CITIGROUP,アメリカ,US,アメリカ・ドル,USD,1319.477,28060619.2689574,0.0025267716041876753,MOTHER FUND
57,ORCL,US68389X1054,ORACLE CORPORATION,アメリカ,US,アメリカ・ドル,USD,1335.4155,27377944.9629542,0.0024652989034327894,MOTHER FUND
58,TMO,US8835561023,THERMO FISHER SCIENTIFIC INC,アメリカ,US,アメリカ・ドル,USD,290.8769,26963849.239286505,0.0024280108697671676,MOTHER FUND
59,BHP,AU000000BHP4,BHP GROUP LIMITED,オーストラリア,AU,オーストラリア・ドル,AUD,3994.8619,26699094.066499703,0.0024041704888316134,MOTHER FUND
60,CBA,AU000000CBA7,COMMONWEALTH BANK OF AUSTRALIA,オーストラリア,AU,オーストラリア・ドル,AUD,1317.2001,26529026.000048805,0.002388856387707601,MOTHER FUND
61,AMGN,US0311621009,AMGEN INC,アメリカ,US,アメリカ・ドル,USD,423.7354,26399352.6015726,0.0023771797009621066,MOTHER FUND
62,IBM,US4592001014,INTERNATIONAL BUSINESS MACHINES,アメリカ,US,アメリカ・ドル,USD,736.5847,26250443.641496804,0.0023637709116434446,MOTHER FUND
63,SAN,ES0113900J37,BANCO SANTANDER SA,スペイン,ES,ユーロ,EUR,11213.8471,25425713.4590646,0.0022895065204654647,MOTHER FUND
64,TD,CA8911605092,TORONTO DOMINION BANK,カナダ,CA,カナダ・ドル,CAD,1296.7078,24946305.671503805,0.0022463373383164757,MOTHER FUND
65,APH,US0320951017,AMPHENOL CORP-CL A,アメリカ,US,アメリカ・ドル,USD,960.8616,24680951.326359503,0.0022224430037712586,MOTHER FUND
66,PEP,US7134481081,PEPSICO INC,アメリカ,US,アメリカ・ドル,USD,1076.9847,24267636.0181413,0.0021852252440927623,MOTHER FUND
67,VZ,US92343V1044,VERIZON COMMUNICATIONS,アメリカ,US,アメリカ・ドル,USD,3226.4003,23910204.4899551,0.0021530396452217704,MOTHER FUND
68,SAP,DE0007164600,SAP SE,ドイツ,DE,ユーロ,EUR,820.8308,23692387.748764105,0.0021334259242527906,MOTHER FUND
69,MCD,US5801351017,MCDONALD'S CORP,アメリカ,US,アメリカ・ドル,USD,548.7385,23674596.781130802,0.002131823902879136,MOTHER FUND
70,ALV,DE0008404005,ALLIANZ SE-REG,ドイツ,DE,ユーロ,EUR,293.7231,23462389.809637103,0.002112715324246514,MOTHER FUND
71,WDC,US9581021055,WESTERN DIGITAL CORP,アメリカ,US,アメリカ・ドル,USD,272.0923,23310201.2831347,0.0020990112201580186,MOTHER FUND
72,ABT,US0028241000,ABBOTT LABORATORIES,アメリカ,US,アメリカ・ドル,USD,1367.2924,23207928.2653987,0.0020898018525880094,MOTHER FUND
73,STX,IE00BKVD2N49,SEAGATE TECHNOLOGY,アイルランド,IE,アメリカ・ドル,USD,168.8339,23110318.0449735,0.002081012355432409,MOTHER FUND
74,ANET,US0404132054,ARISTA NETWORKS INC,アメリカ,US,アメリカ・ドル,USD,839.0462,23062305.1332884,0.0020766889418713085,MOTHER FUND
75,CRWD,US22788C1053,CROWDSTRIKE HOLDINGS INC - A,アメリカ,US,アメリカ・ドル,USD,772.3324,22991221.2966077,0.0020702880631765105,MOTHER FUND
76,NEE,US65339F1012,NEXTERA ENERGY INC,アメリカ,US,アメリカ・ドル,USD,1621.1694,22910543.1883599,0.0020630232501285093,MOTHER FUND
77,SU,FR0000121972,SCHNEIDER ELECTRIC SE,フランス,FR,ユーロ,EUR,430.4523,22678447.178289104,0.002042123725350704,MOTHER FUND
78,ADI,US0326541051,ANALOG DEVICES INC,アメリカ,US,アメリカ・ドル,USD,384.5723,22663310.420107305,0.0020407607072937383,MOTHER FUND
79,AXP,US0258161092,AMERICAN EXPRESS CO,アメリカ,US,アメリカ・ドル,USD,415.6523,22547566.0997125,0.002030338290763425,MOTHER FUND
80,TJX,US8725401090,TJX COS INC,アメリカ,US,アメリカ・ドル,USD,873.2001,22350662.3294915,0.002012607717871104,MOTHER FUND
81,UNP,US9078181081,UNION PAC CORP,アメリカ,US,アメリカ・ドル,USD,465.6308,21662081.684535503,0.0019506031696395964,MOTHER FUND
82,SCHW,US8085131055,SCHWAB(CHARLES)CORP,アメリカ,US,アメリカ・ドル,USD,1288.7386,21609462.1016981,0.0019458649396503233,MOTHER FUND
83,TTE,FR0000120271,TOTALENERGIES SE,フランス,FR,ユーロ,EUR,1541.4771,21564521.556422304,0.0019418181831410964,MOTHER FUND
84,DIS,US2546871060,DISNEY (WALT) CO,アメリカ,US,アメリカ・ドル,USD,1386.6463,21430389.6006522,0.0019297400171603121,MOTHER FUND
85,UBSG,CH0244767585,UBS GROUP AG,スイス,CH,スイス・フラン,CHF,2486.4002,21117776.6885009,0.0019015901954491368,MOTHER FUND
86,WELL,US95040Q1040,WELLTOWER INC,アメリカ,US,アメリカ・ドル,USD,553.2924,20953432.465603,0.0018867915086578553,MOTHER FUND
87,RR/,GB00B63H8491,ROLLS-ROYCE HOLDINGS PLC,イギリス,GB,イギリス・ポンド,GBP,6580.3082,20826069.575011205,0.001875322875970528,MOTHER FUND
88,BA,US0970231058,BOEING CO,アメリカ,US,アメリカ・ドル,USD,584.0308,20734874.130504202,0.0018671110094609928,MOTHER FUND
89,NOVOB,DK0062498333,NOVO NORDISK A/S-B,デンマーク,DK,デンマーク・クローネ,DKK,2521.6925,20660438.662775505,0.00186040832680105,MOTHER FUND
90,GILD,US3755581036,GILEAD SCIENCES INC,アメリカ,US,アメリカ・ドル,USD,975.6616,20585798.271952905,0.0018536871914530265,MOTHER FUND
91,BLK,US09290D1019,BLACKROCK INC,アメリカ,US,アメリカ・ドル,USD,115.6677,20418822.49499,0.0018386515413922387,MOTHER FUND
92,T,US00206R1023,AT & T INC,アメリカ,US,アメリカ・ドル,USD,5464.6158,20384717.7136922,0.001835580511771533,MOTHER FUND
93,QCOM,US7475251036,QUALCOMM INC,アメリカ,US,アメリカ・ドル,USD,834.4924,20332533.592429403,0.0018308814937444365,MOTHER FUND
94,BBVA,ES0113211835,BANCO BILBAO VIZCAYA ARGENTARIA S.A.,スペイン,ES,ユーロ,EUR,4474.1542,19845000.034962103,0.0017869806112553687,MOTHER FUND
95,MRVL,US5738741041,MARVELL TECHNOLOGY INC,アメリカ,US,アメリカ・ドル,USD,659.1693,19419111.328775205,0.001748630656144871,MOTHER FUND
96,ABBN,CH0012221716,ABB LTD,スイス,CH,スイス・フラン,CHF,1228.4001,19255619.6997943,0.0017339087427875152,MOTHER FUND
97,ETN,IE00B8KQN827,EATON CORP PLC,アイルランド,IE,アメリカ・ドル,USD,304.6523,18943574.7661518,0.0017058100657768212,MOTHER FUND
98,SHOP,CA82509L1076,SHOPIFY INC - CLASS A,カナダ,CA,カナダ・ドル,CAD,959.7232,18876025.397457305,0.0016997274549455316,MOTHER FUND
99,BKNG,US09857L1089,BOOKING HOLDINGS INC,アメリカ,US,アメリカ・ドル,USD,603.3847,18739639.0599614,0.0016874462888928261,MOTHER FUND
100,COP,US20825C1045,CONOCOPHILLIPS,アメリカ,US,アメリカ・ドル,USD,971.1078,18577778.8465008,0.001672871279435624,MOTHER FUND
101,IBE,ES0144580Y14,IBERDROLA SA,スペイン,ES,ユーロ,EUR,4842.3327,18394387.135865,0.0016563574255382307,MOTHER FUND
102,CRM,US79466L3024,SALESFORCE INC,アメリカ,US,アメリカ・ドル,USD,630.7077,18318093.5849049,0.0016494874282548177,MOTHER FUND
103,DE,US2441991054,DEERE & COMPANY,アメリカ,US,アメリカ・ドル,USD,189.5539,18262911.5526235,0.0016445184576525096,MOTHER FUND
104,ULVR,GB00BVZK7T90,UNILEVER PLC,イギリス,GB,イギリス・ポンド,GBP,1709.9694,17941007.1996995,0.0016155319705605234,MOTHER FUND
105,PFE,US7170811035,PFIZER INC,アメリカ,US,アメリカ・ドル,USD,4467.3234,17885086.6473567,0.0016104964985206532,MOTHER FUND
106,AIR,NL0000235190,AIRBUS SE,フランス,FR,ユーロ,EUR,464.4923,17541311.8772293,0.0015795406482926788,MOTHER FUND
107,MC,FR0000121014,LVMH MOET HENNESSY LOUIS VUITTON SE,フランス,FR,ユーロ,EUR,195.1323,17096966.544892102,0.0015395287313267178,MOTHER FUND
108,PLD,US74340W1036,PROLOGIS INC,アメリカ,US,アメリカ・ドル,USD,727.477,17092549.5414479,0.0015391309938865198,MOTHER FUND
109,CVS,US1266501006,CVS HEALTH CORP,アメリカ,US,アメリカ・ドル,USD,1008.677,17057694.8554724,0.0015359924376789167,MOTHER FUND
110,BMY,US1101221083,BRISTOL-MYERS SQUIBB CO,アメリカ,US,アメリカ・ドル,USD,1623.4463,16923289.8966027,0.0015238896886170074,MOTHER FUND
111,SAF,FR0000073272,SAFRAN SA,フランス,FR,ユーロ,EUR,265.7169,16739193.933600603,0.0015073124189815548,MOTHER FUND
112,ENR,DE000ENER6Y0,SIEMENS ENERGY AG,ドイツ,DE,ユーロ,EUR,607.9385,16449076.909474002,0.0014811882821110086,MOTHER FUND
113,UCG,IT0005239360,UNICREDIT SPA,イタリア,IT,ユーロ,EUR,1056.4924,15978712.1503576,0.0014388333965842765,MOTHER FUND
114,CFR,CH0210483332,CIE FINANCIERE RICHEMONT-BR A,スイス,CH,スイス・フラン,CHF,418.9539,15967295.998639,0.0014378054075824954,MOTHER FUND
115,UBER,US90353T1007,UBER TECHNOLOGIES INC,アメリカ,US,アメリカ・ドル,USD,1408.277,15927425.136861704,0.0014342151603250225,MOTHER FUND
116,AI,FR0000120073,AIR LIQUIDE SA,フランス,FR,ユーロ,EUR,497.1662,15806160.643700201,0.0014232956693836496,MOTHER FUND
117,PGR,US7433151039,PROGRESSIVE CO,アメリカ,US,アメリカ・ドル,USD,458.8,15726913.581725203,0.0014161597176074448,MOTHER FUND
118,COF,US14040H1059,CAPITAL ONE FINANCIAL CORP,アメリカ,US,アメリカ・ドル,USD,465.6308,15726075.560117101,0.0014160842563646706,MOTHER FUND
119,SPGI,US78409V1044,S&P GLOBAL INC,アメリカ,US,アメリカ・ドル,USD,233.1569,15551288.2286584,0.0014003452000855327,MOTHER FUND
120,BNP,FR0000131104,BNP PARIBAS,フランス,FR,ユーロ,EUR,770.7385,15529195.014513401,0.001398355774776998,MOTHER FUND
121,ISRG,US46120E6023,INTUITIVE SURGICAL INC,アメリカ,US,アメリカ・ドル,USD,273.5723,15519577.290636603,0.001397489728616153,MOTHER FUND
122,BATS,GB0002875804,BRITISH AMERICAN TOBACCO PLC,イギリス,GB,イギリス・ポンド,GBP,1565.3847,15462287.852026202,0.0013923309926198752,MOTHER FUND
123,DHR,US2358511028,DANAHER CORP,アメリカ,US,アメリカ・ドル,USD,489.5385,15434386.434321202,0.0013898185566220153,MOTHER FUND
124,VRTX,US92532F1003,VERTEX PHARMACEUTICALS,アメリカ,US,アメリカ・ドル,USD,198.6616,15380143.974425703,0.0013849341915945885,MOTHER FUND
125,CB,CH0044328745,CHUBB LTD,スイス,CH,アメリカ・ドル,USD,272.0923,15312297.3533988,0.001378824814114081,MOTHER FUND
126,PH,US7010941042,PARKER HANNIFIN CORP,アメリカ,US,アメリカ・ドル,USD,98.7046,15273514.860942801,0.0013753325711333337,MOTHER FUND
127,ENB,CA29250N1050,ENBRIDGE INC,カナダ,CA,カナダ・ドル,CAD,1708.8309,15221523.481234502,0.001370650908884532,MOTHER FUND
128,BMO,CA0636711016,BANK OF MONTREAL,カナダ,CA,カナダ・ドル,CAD,529.3847,15194953.152871002,0.0013682583333472877,MOTHER FUND
129,SYK,US8636671013,STRYKER CORP,アメリカ,US,アメリカ・ドル,USD,269.4739,15073556.712006303,0.0013573269609250937,MOTHER FUND
130,DELL,US24703L2025,DELL TECHNOLOGIES-C,アメリカ,US,アメリカ・ドル,USD,231.6769,15073148.231972301,0.0013572901785668392,MOTHER FUND
131,LMT,US5398301094,LOCKHEED MARTIN,アメリカ,US,アメリカ・ドル,USD,163.2554,15063732.2434969,0.0013564422980522663,MOTHER FUND
132,DBS,SG1L01001701,DBS GROUP HLDGS,シンガポール,SG,シンガポール・ドル,SGD,1600.6771,15003891.1708281,0.0013510537953348323,MOTHER FUND
133,SBUX,US8552441094,STARBUCKS CORP,アメリカ,US,アメリカ・ドル,USD,875.477,14893800.223211203,0.0013411404474628476,MOTHER FUND
134,LOW,US5486611073,LOWES COS INC,アメリカ,US,アメリカ・ドル,USD,439.4462,14837486.446220402,0.0013360695667648465,MOTHER FUND
135,NOW,US81762P1021,SERVICENOW INC,アメリカ,US,アメリカ・ドル,USD,826.5231,14621566.7236487,0.001316626666430077,MOTHER FUND
136,ZURN,CH0011075394,ZURICH INSURANCE GROUP AG,スイス,CH,スイス・フラン,CHF,118.2862,14492106.559036402,0.0013049691807316877,MOTHER FUND
137,BP/,GB0007980591,BP PLC,イギリス,GB,イギリス・ポンド,GBP,12215.6933,14346789.103874601,0.0012918837952747152,MOTHER FUND
138,MO,US02209S1033,ALTRIA GROUP INC,アメリカ,US,アメリカ・ドル,USD,1302.4001,14221319.361132601,0.001280585634670828,MOTHER FUND
139,MDT,IE00BTN1Y115,MEDTRONIC PLC,アイルランド,IE,アメリカ・ドル,USD,1002.9847,13816426.392076401,0.0012441262804726745,MOTHER FUND
140,CM,CA1360691010,CANADIAN IMPERIAL BANK OF COMMERCE,カナダ,CA,カナダ・ドル,CAD,713.8154,13556529.832001401,0.0012207234025201534,MOTHER FUND
141,HWM,US4432011082,HOWMET AEROSPACE INC,アメリカ,US,アメリカ・ドル,USD,303.9693,13546220.151144002,0.0012197950477825397,MOTHER FUND
142,GLW,US2193501051,CORNING INC,アメリカ,US,アメリカ・ドル,USD,620.4616,13484217.7090647,0.0012142119204632655,MOTHER FUND
143,SO,US8425871071,SOUTHERN CO.,アメリカ,US,アメリカ・ドル,USD,889.1385,13481407.302677102,0.001213958852097655,MOTHER FUND
144,BNY,US0640581007,BANK OF NEWYORK MELLON CORP,アメリカ,US,アメリカ・ドル,USD,536.2154,13451059.330922501,0.001211226111507035,MOTHER FUND
145,OR,FR0000120321,LOREAL-ORD,フランス,FR,ユーロ,EUR,184.2031,13435272.5111481,0.0012098045574228558,MOTHER FUND
146,MCK,US58155Q1031,MCKESSON CORP,アメリカ,US,アメリカ・ドル,USD,96.5415,13429389.396812702,0.0012092748012508914,MOTHER FUND
147,1299,HK0000069689,AIA GROUP LTD,香港,HK,香港・ドル,HKD,8219.693,13414773.2571357,0.0012079586632731546,MOTHER FUND
148,DTE,DE0005557508,DEUTSCHE TELEKOM-REG,ドイツ,DE,ユーロ,EUR,2673.1079,13410319.481380701,0.00120755761460059,MOTHER FUND
149,BNS,CA0641491075,BANK OF NOVA SCOTIA HALIFAX,カナダ,CA,カナダ・ドル,CAD,946.0616,13354489.436737802,0.0012025302924979638,MOTHER FUND
150,ISP,IT0000072618,INTESA SANPAOLO,イタリア,IT,ユーロ,EUR,11065.8471,13343991.568172403,0.0012015849920417872,MOTHER FUND
151,NEM,US6516391066,NEWMONT CORP,アメリカ,US,アメリカ・ドル,USD,853.8462,13141160.625150802,0.0011833206956495632,MOTHER FUND
152,ADP,US0530151036,AUTOMATIC DATA PROCESS,アメリカ,US,アメリカ・ドル,USD,308.5231,13084213.7496458,0.0011781928063968683,MOTHER FUND
153,GSK,GB00BN7SWP63,GSK PLC,イギリス,GB,イギリス・ポンド,GBP,3108.0003,13043661.746273402,0.0011745412244544965,MOTHER FUND
154,INGA,NL0011821202,ING GROEP NV,オランダ,NL,ユーロ,EUR,2315.631,12952252.043287,0.0011663100646344142,MOTHER FUND
155,EQIX,US29444U7000,EQUINIX INC,アメリカ,US,アメリカ・ドル,USD,76.6185,12899410.3465849,0.0011615518339815477,MOTHER FUND
156,RIO,GB0007188757,RIO TINTO PLC-REG,イギリス,GB,イギリス・ポンド,GBP,829.9385,12812017.363932502,0.0011536823673509366,MOTHER FUND
157,ACN,IE00B4BNMY34,ACCENTURE PLC-CL A,アメリカ,US,アメリカ・ドル,USD,482.7077,12668166.7027388,0.001140729062134684,MOTHER FUND
158,CNQ,CA1363851017,CANADIAN NATURAL RESOURCES LTD,カナダ,CA,カナダ・ドル,CAD,1653.0463,12552320.034643302,0.001130297429511833,MOTHER FUND
159,SNOW,US8334451098,SNOWFLAKE INC,アメリカ,US,アメリカ・ドル,USD,261.8462,12545215.806360202,0.0011296577158218623,MOTHER FUND
160,ADBE,US00724F1012,ADOBE INC,アメリカ,US,アメリカ・ドル,USD,314.2154,12519123.7457288,0.0011273082068083138,MOTHER FUND
161,USB,US9029733048,US BANCORP,アメリカ,US,アメリカ・ドル,USD,1232.9539,12464286.553476103,0.0011223702879794594,MOTHER FUND
162,PNC,US6934751057,PNC FINANCIAL,アメリカ,US,アメリカ・ドル,USD,309.6616,12377999.927838802,0.0011146004453615277,MOTHER FUND
163,PWR,US74762E1029,QUANTA SERVICES INC,アメリカ,US,アメリカ・ドル,USD,116.1231,12280079.818157101,0.001105783043640947,MOTHER FUND
164,FTNT,US34959E1091,FORTINET INC,アメリカ,US,アメリカ・ドル,USD,494.0923,12249073.0186555,0.0011029909776581388,MOTHER FUND
165,DUK,US26441C2044,DUKE ENERGY CORP,アメリカ,US,アメリカ・ドル,USD,596.5539,12106532.954493903,0.0010901556876336932,MOTHER FUND
166,BX,US09260D1072,BLACKSTONE INC,アメリカ,US,アメリカ・ドル,USD,585.1693,12044779.3801276,0.0010845949700789498,MOTHER FUND
167,VLO,US91913Y1001,VALERO ENERGY CORP,アメリカ,US,アメリカ・ドル,USD,240.2154,12034318.8531038,0.001083653032112605,MOTHER FUND
168,TT,IE00BK9ZQ967,TRANE TECHNOLOGIES PLC,アイルランド,IE,アメリカ・ドル,USD,169.8585,12019491.756486101,0.001082317898117626,MOTHER FUND
169,MPC,US56585A1025,MARATHON PETROLEUM CORP,アメリカ,US,アメリカ・ドル,USD,236.8,11953413.3940679,0.0010763677468323249,MOTHER FUND
170,CME,US12572Q1058,CME GROUP INC,アメリカ,US,アメリカ・ドル,USD,276.6462,11881288.889608301,0.0010698731592365255,MOTHER FUND
171,CSX,US1264081035,CSX CORP,アメリカ,US,アメリカ・ドル,USD,1448.1232,11681339.051441602,0.0010518682973872913,MOTHER FUND
172,LLOY,GB0008706128,LLOYDS BANKING GROUP PLC,イギリス,GB,イギリス・ポンド,GBP,46676.927,11677897.026540102,0.0010515583537364169,MOTHER FUND
173,WM,US94106L1098,WASTE MANAGEMENT INC,アメリカ,US,アメリカ・ドル,USD,319.9077,11636885.6538987,0.001047865407018249,MOTHER FUND
174,APP,US03831W1080,APPLOVIN CORP-CLASS A,アメリカ,US,アメリカ・ドル,USD,179.1939,11631471.130371502,0.0010473778459930414,MOTHER FUND
175,FCX,US35671D8570,FREEPORT-MCMORAN INC,アメリカ,US,アメリカ・ドル,USD,1140.7386,11631057.9826448,0.001047340643323558,MOTHER FUND
176,BARC,GB0031348658,BARCLAYS PLC,イギリス,GB,イギリス・ポンド,GBP,10473.847,11576009.605759202,0.001042383707974486,MOTHER FUND
177,SAN,FR0000120578,SANOFI,フランス,FR,ユーロ,EUR,858.4001,11563663.9001171,0.0010412720155292435,MOTHER FUND
178,CDNS,US1273871087,CADENCE DESIGN SYS INC,アメリカ,US,アメリカ・ドル,USD,215.5108,11527850.970985,0.0010380471725018523,MOTHER FUND
179,MRSH,US5717481023,MARSH & MCLENNAN COS,アメリカ,US,アメリカ・ドル,USD,372.277,11458493.7252171,0.0010318017679556714,MOTHER FUND
180,MMM,US88579Y1010,3M CORP,アメリカ,US,アメリカ・ドル,USD,401.877,11372302.2749723,0.0010240404955862035,MOTHER FUND
181,WBC,AU000000WBC1,WESTPAC BANKING CORP,オーストラリア,AU,オーストラリア・ドル,AUD,2607.0771,11237984.63611,0.0010119456094197302,MOTHER FUND
182,JCI,IE00BY7QL619,JOHNSON CONTROLS INTERNATIONAL PLC,アイルランド,IE,アメリカ・ドル,USD,484.9847,11214976.0988119,0.0010098737621044055,MOTHER FUND
183,INTU,US4612021034,INTUIT INC,アメリカ,US,アメリカ・ドル,USD,218.0154,11054941.863964701,0.000995463176349545,MOTHER FUND
184,IFX,DE0006231004,INFINEON TECHNOLOGIES AG,ドイツ,DE,ユーロ,EUR,1002.9847,11041945.1859608,0.0009942928658651516,MOTHER FUND
185,NAB,AU000000NAB4,NATIONAL AUSTRALIA BANK,オーストラリア,AU,オーストラリア・ドル,AUD,2345.231,11010236.7525546,0.0009914376199286268,MOTHER FUND
186,GD,US3695501086,GENERAL DYNAMICS,アメリカ,US,アメリカ・ドル,USD,178.7385,10979401.291528702,0.00098866098244335,MOTHER FUND
187,TMUS,US8725901040,T-MOBILE US INC,アメリカ,US,アメリカ・ドル,USD,393.9077,10973956.0295374,0.0009881706535149286,MOTHER FUND
188,MELI,US58733R1023,MERCADOLIBRE INC,アメリカ,US,アメリカ・ドル,USD,36.0892,10937727.4480631,0.000984908382285208,MOTHER FUND
189,CMI,US2310211063,CUMMINS INC,アメリカ,US,アメリカ・ドル,USD,107.2431,10910112.125766503,0.0009824217082902145,MOTHER FUND
190,PSX,US7185461040,PHILLIPS 66,アメリカ,US,アメリカ・ドル,USD,322.1846,10905187.254587702,0.000981978238938038,MOTHER FUND
191,NET,US18915M1071,CLOUDFLARE INC - CLASS A,アメリカ,US,アメリカ・ドル,USD,239.0769,10889103.8655579,0.0009805299797136036,MOTHER FUND
192,WMB,US9694571004,WILLIAMS COS,アメリカ,US,アメリカ・ドル,USD,952.8924,10859785.973889003,0.0009778899946351,MOTHER FUND
193,ICE,US45866F1049,INTERCONTINENTAL EXCHANGE INC,アメリカ,US,アメリカ・ドル,USD,431.477,10836852.119674101,0.0009758248722994393,MOTHER FUND
194,CMCSA,US20030N1019,COMCAST CORP-CL A,アメリカ,US,アメリカ・ドル,USD,2842.7387,10814467.1178125,0.000973809172413366,MOTHER FUND
195,ENEL,IT0003128367,ENEL SPA,イタリア,IT,ユーロ,EUR,5908.6159,10765208.8429469,0.0009693736177661683,MOTHER FUND
196,DDOG,US23804L1035,DATADOG INC - CLASS A,アメリカ,US,アメリカ・ドル,USD,249.3231,10761523.6426404,0.0009690417769254174,MOTHER FUND
197,EMR,US2910111044,EMERSON ELEC,アメリカ,US,アメリカ・ドル,USD,445.1385,10634100.8689668,0.0009575677519525803,MOTHER FUND
198,ELV,US0367521038,ELEVANCE HEALTH INC,アメリカ,US,アメリカ・ドル,USD,175.5508,10619946.0339435,0.0009562931530260199,MOTHER FUND
199,VRT,US92537N1081,VERTIV HOLDINGS CO,アメリカ,US,アメリカ・ドル,USD,288.0308,10531500.3158189,0.0009483288908361095,MOTHER FUND
200,BN,CA11271J1075,BROOKFIELD CORP,カナダ,CA,カナダ・ドル,CAD,1549.4463,10463281.0762995,0.0009421859602177682,MOTHER FUND
201,AMT,US03027X1000,AMERICAN TOWER CORP REIT,アメリカ,US,アメリカ・ドル,USD,371.1385,10406430.6284948,0.0009370667539799648,MOTHER FUND
202,BA/,GB0002634946,BAE SYSTEMS PLC,イギリス,GB,イギリス・ポンド,GBP,2338.4002,10370255.3270249,0.0009338092804491439,MOTHER FUND
203,MDLZ,US6092071058,MONDELEZ INTERNATIONAL INC,アメリカ,US,アメリカ・ドル,USD,1021.2001,10353148.688679202,0.0009322688808021969,MOTHER FUND
204,SHW,US8243481061,SHERWIN-WILLIAMS,アメリカ,US,アメリカ・ドル,USD,186.5939,10341532.736944001,0.0009312229004295332,MOTHER FUND
205,MAR,US5719032022,MARRIOTT INTERNATIONAL-CLA,アメリカ,US,アメリカ・ドル,USD,169.2892,10216122.763437701,0.0009199301218596673,MOTHER FUND
206,CEG,US21037T1097,CONSTELLATION ENERGY,アメリカ,US,アメリカ・ドル,USD,240.4431,10185016.462389302,0.0009171290960716384,MOTHER FUND
207,SU,CA8672241079,SUNCOR ENERGY INC,カナダ,CA,カナダ・ドル,CAD,947.2001,10158801.4479015,0.0009147685154452365,MOTHER FUND
208,ANZ,AU000000ANZ3,ANZ GROUP HOLDINGS LTD,オーストラリア,AU,オーストラリア・ドル,AUD,2390.7694,10132690.261114702,0.0009124172841808035,MOTHER FUND
209,CS,FR0000120628,AXA SA,フランス,FR,ユーロ,EUR,1210.1847,10130609.267095502,0.0009122298971332904,MOTHER FUND
210,RCL,LR0008862868,ROYAL CARIBBEAN CRUISES LTD,アメリカ,US,アメリカ・ドル,USD,194.3354,10055340.559297502,0.0009054521837932899,MOTHER FUND
211,MUV2,DE0008430026,MUENCHENER RUECKVER AG-REG,ドイツ,DE,ユーロ,EUR,103.4862,10015466.9652123,0.0009018616904999772,MOTHER FUND
212,ITW,US4523081093,ILLINOIS TOOL WORKS INC,アメリカ,US,アメリカ・ドル,USD,218.1292,9945878.83942531,0.0008955954959252294,MOTHER FUND
213,EOG,US26875P1012,EOG RESOURCES INC,アメリカ,US,アメリカ・ドル,USD,422.3693,9877682.710677072,0.0008894546463600452,MOTHER FUND
214,TRV,US89417E1091,TRAVELERS COS INC/THE,アメリカ,US,アメリカ・ドル,USD,161.7754,9775943.7452932,0.0008802933685454892,MOTHER FUND
215,GM,US37045V1008,GENERAL MOTORS CO,アメリカ,US,アメリカ・ドル,USD,687.6308,9769616.74476703,0.0008797236418008307,MOTHER FUND
216,CP,CA13646K1084,CANADIAN PACIFIC KANSAS CITY LTD,カナダ,CA,カナダ・ドル,CAD,689.9077,9755266.43588133,0.0008784314410601355,MOTHER FUND
217,NG/,GB00BDR05C01,NATIONAL GRID PLC,イギリス,GB,イギリス・ポンド,GBP,3791.0772,9714365.72171072,0.0008747484587935387,MOTHER FUND
218,UPS,US9113121068,UNITED PARCEL SERVICE-CL B,アメリカ,US,アメリカ・ドル,USD,573.7847,9707859.5273235,0.0008741625961982988,MOTHER FUND
219,AEM,CA0084741085,AGNICO EAGLE MINES LTD,カナダ,CA,カナダ・ドル,CAD,400.7385,9706125.76410239,0.0008740064762055967,MOTHER FUND
220,ROST,US7782961038,ROSS STORES INC,アメリカ,US,アメリカ・ドル,USD,239.0769,9704862.4132281,0.0008738927153835463,MOTHER FUND
221,REGN,US75886F1075,REGENERON PHARMACEUTICALS,アメリカ,US,アメリカ・ドル,USD,81.7415,9699942.551280491,0.0008734496970970791,MOTHER FUND
222,HON,US4385162056,HONEYWELL INTERNATIONAL INC,アメリカ,US,アメリカ・ドル,USD,249.3231,9693626.02460135,0.0008728809134898119,MOTHER FUND
223,CI,US1255231003,THE CIGNA GROUP,アメリカ,US,アメリカ・ドル,USD,207.4277,9589946.2098253,0.0008635448682160935,MOTHER FUND
224,SPOT,LU1778762911,SPOTIFY TECHNOLOGY S.A.,ルクセンブルク,LU,アメリカ・ドル,USD,113.2769,9514569.00663371,0.0008567573852029051,MOTHER FUND
225,HLT,US43300A2033,HILTON WORLDWIDE HOLDINGS IN,アメリカ,US,アメリカ・ドル,USD,183.6339,9503980.516522393,0.0008558039245580043,MOTHER FUND
226,AON,IE00BLP1HW54,AON PLC,アイルランド,IE,アメリカ・ドル,USD,160.9785,9484067.79794333,0.0008540108461021977,MOTHER FUND
227,ABI,BE0974293251,ANHEUSER-BUSCH INBEV SA/NV,ベルギー,BE,ユーロ,EUR,694.4616,9482491.93935074,0.0008538689449308156,MOTHER FUND
228,SPG,US8288061091,SIMON PROPERTY GROUP INC,アメリカ,US,アメリカ・ドル,USD,252.7385,9360502.473821262,0.0008428841724795921,MOTHER FUND
229,NSC,US6558441084,NORFOLK SOUTHERN CORP,アメリカ,US,アメリカ・ドル,USD,173.8431,9330024.831286682,0.0008401397554380141,MOTHER FUND
230,NWG,GB00BM8PJY71,NATWEST GROUP PLC,イギリス,GB,イギリス・ポンド,GBP,6307.0774,9329836.07434791,0.0008401227584619883,MOTHER FUND
231,MFC,CA56501R1064,MANULIFE FINANCIAL CORP,カナダ,CA,カナダ・ドル,CAD,1295.5693,9270327.20478365,0.0008347641696022398,MOTHER FUND
232,NOC,US6668071029,NORTHROP GRUMMAN CORP,アメリカ,US,アメリカ・ドル,USD,107.6985,9257878.12682529,0.0008336431688010101,MOTHER FUND
233,INVEB,SE0015811963,INVESTOR AB-B SHS,スウェーデン,SE,スウェーデン・クローナ,SEK,1335.4155,9178464.28022109,0.0008264921985870066,MOTHER FUND
234,ITX,ES0148396007,INDUSTRIA DE DISENO TEXTIL SA,スペイン,ES,ユーロ,EUR,861.8155,9170317.676466681,0.0008257586222236374,MOTHER FUND
235,SLB,AN8068571086,SLB LTD,アメリカ,US,アメリカ・ドル,USD,1162.3693,9137170.45524855,0.0008227738179137639,MOTHER FUND
236,TRP,CA87807B1076,TC ENERGY CORP,カナダ,CA,カナダ・ドル,CAD,831.077,9083004.72766711,0.0008178963623928747,MOTHER FUND
237,ECL,US2788651006,ECOLAB INC,アメリカ,US,アメリカ・ドル,USD,201.7354,9057016.72242898,0.0008155562232442767,MOTHER FUND
238,OCBC,SG1S04926220,OCBC-ORD,シンガポール,SG,シンガポール・ドル,SGD,2476.1541,9023583.291956281,0.0008125456466800435,MOTHER FUND
239,WES,AU000000WES1,WESFARMERS LIMITED,オーストラリア,AU,オーストラリア・ドル,AUD,894.8308,9020760.931721572,0.0008122915019076314,MOTHER FUND
240,MCO,US6153691059,MOODYS CORP,アメリカ,US,アメリカ・ドル,USD,116.1231,9000564.28081121,0.0008104728562273326,MOTHER FUND
241,MSI,US6200763075,MOTOROLA SOLUTIONS INC,アメリカ,US,アメリカ・ドル,USD,129.3292,8954936.56009365,0.000806364221704057,MOTHER FUND
242,ORLY,US67103H1077,"OREILLY AUTOMOTIVE INC,",アメリカ,US,アメリカ・ドル,USD,637.5385,8951359.05825767,0.0008060420787760466,MOTHER FUND
243,DASH,US25809K1051,DOORDASH INC-A,アメリカ,US,アメリカ・ドル,USD,281.2,8927263.176253822,0.0008038723194474443,MOTHER FUND
244,BSX,US1011371077,BOSTON SCIENTIFIC CORP,アメリカ,US,アメリカ・ドル,USD,1203.3539,8896540.081391132,0.000801105800186136,MOTHER FUND
245,CL,US1941621039,COLGATE PALMOLIVE CO.,アメリカ,US,アメリカ・ドル,USD,594.277,8748917.013729911,0.0007878128014852093,MOTHER FUND
246,PCAR,US6937181088,PACCAR,アメリカ,US,アメリカ・ドル,USD,406.4308,8737411.72046542,0.0007867767855641092,MOTHER FUND
247,CTAS,US1729081059,CINTAS CORP,アメリカ,US,アメリカ・ドル,USD,260.7077,8664696.126725951,0.0007802289722146797,MOTHER FUND
248,TDG,US8936411003,TRANSDIGM GROUP INC,アメリカ,US,アメリカ・ドル,USD,43.0338,8644877.900462441,0.0007784444024983799,MOTHER FUND
249,MNST,US61174X1090,MONSTER BEVERAGE CORP,アメリカ,US,アメリカ・ドル,USD,545.3231,8558469.004045751,0.0007706635497765575,MOTHER FUND
250,AEP,US0255371017,AMERICAN ELECTRIC POWER,アメリカ,US,アメリカ・ドル,USD,414.4,8510451.310821742,0.0007663397056527308,MOTHER FUND
251,DLR,US2538681030,DIGITAL REALTY TRUST INC,アメリカ,US,アメリカ・ドル,USD,272.0923,8448329.899501761,0.0007607458655228718,MOTHER FUND
252,GLEN,JE00B4T3BW64,GLENCORE PLC,ジャージー,JE,イギリス・ポンド,GBP,7240.616,8442693.60364843,0.0007602383345885579,MOTHER FUND
253,SNPS,US8716071076,SYNOPSYS INC,アメリカ,US,アメリカ・ドル,USD,141.0554,8440878.66811288,0.0007600749052810753,MOTHER FUND
254,URI,US9113631090,UNITED RENTALS INC,アメリカ,US,アメリカ・ドル,USD,48.84,8388281.171431081,0.000755338664081511,MOTHER FUND
255,ALL,US0200021014,ALLSTATE CORP,アメリカ,US,アメリカ・ドル,USD,195.8154,8351893.77455888,0.0007520620920185167,MOTHER FUND
256,TGT,US87612E1064,TARGET CORP,アメリカ,US,アメリカ・ドル,USD,358.6154,8329075.132661241,0.0007500073441941568,MOTHER FUND
257,FDX,US31428X1063,FEDEX CORPORATION,アメリカ,US,アメリカ・ドル,USD,167.8092,8321686.630508341,0.000749342032525213,MOTHER FUND
258,DBK,DE0005140008,DEUTSCHE BANK AG-REG,ドイツ,DE,ユーロ,EUR,1399.1693,8252193.3385753,0.0007430843774444434,MOTHER FUND
259,HOOD,US7707001027,ROBINHOOD MARKETS INC -A,アメリカ,US,アメリカ・ドル,USD,592,8239665.02368727,0.0007419562416038201,MOTHER FUND
260,DG,FR0000125486,VINCI,フランス,FR,ユーロ,EUR,358.6154,8222015.79452722,0.0007403669833394185,MOTHER FUND
261,HONA,US43849R1059,HONEYWELL AEROSPACE,アメリカ,US,アメリカ・ドル,USD,249.3231,8187349.296259681,0.0007372453728503748,MOTHER FUND
262,AJG,US3635761097,ARTHUR J GALLAGHER & CO,アメリカ,US,アメリカ・ドル,USD,198.0923,8165019.168248811,0.0007352346141841125,MOTHER FUND
263,ABNB,US0090661010,AIRBNB INC-CLASS A,アメリカ,US,アメリカ・ドル,USD,332.4308,8125372.469567111,0.0007316645521171101,MOTHER FUND
264,HCA,US40412C1018,HCA HEALTHCARE INC,アメリカ,US,アメリカ・ドル,USD,126.5969,8053004.220471911,0.0007251480160739864,MOTHER FUND
265,CRH,IE0001827041,CRH PLC,アイルランド,IE,アメリカ・ドル,USD,520.277,8027415.701420841,0.0007228438494156622,MOTHER FUND
266,CNR,CA1363751027,CANADIAN NATL RAILWAY CO,カナダ,CA,カナダ・ドル,CAD,392.7693,8020518.67315496,0.0007222227934436443,MOTHER FUND
267,NXPI,NL0009538784,NXP SEMICONDUCTORS NV,オランダ,NL,アメリカ・ドル,USD,200.3692,7894972.198098901,0.0007109177233332193,MOTHER FUND
268,TFC,US89832Q1094,TRUIST FINANCIAL CORP,アメリカ,US,アメリカ・ドル,USD,941.5078,7870107.85449268,0.0007086787664242936,MOTHER FUND
269,APD,US0091581068,AIR PRODUCTS,アメリカ,US,アメリカ・ドル,USD,162.4585,7838319.842618361,0.0007058163546938988,MOTHER FUND
270,,CA6330671034,NATIONAL BANK OF CANADA,カナダ,CA,カナダ・ドル,CAD,300.5539,7826890.712437121,0.0007047871970218701,MOTHER FUND
271,REL,GB00B2B0DG97,RELX PLC,イギリス,GB,イギリス・ポンド,GBP,1350.2155,7813464.15132054,0.000703578176898469,MOTHER FUND
272,NDA,FI4000297767,NORDEA BANK ABP,フィンランド,FI,ユーロ,EUR,2424.9233,7813135.81898555,0.0007035486115915583,MOTHER FUND
273,O,US7561091049,REALTY INCOME CORP,アメリカ,US,アメリカ・ドル,USD,752.5231,7792519.758809541,0.0007016921994096436,MOTHER FUND
274,MQG,AU000000MQG1,MACQUARIE GROUP LIMITED,オーストラリア,AU,オーストラリア・ドル,AUD,274.3693,7750245.490678551,0.0006978855328754032,MOTHER FUND
275,VOLVB,SE0000115446,VOLVO AB-B SHS,スウェーデン,SE,スウェーデン・クローナ,SEK,1260.277,7734030.267791601,0.0006964254024216307,MOTHER FUND
276,CTVA,US22052L1044,CORTEVA INC,アメリカ,US,アメリカ・ドル,USD,538.4924,7732063.4614741905,0.0006962482976219776,MOTHER FUND
277,TEL,IE000IVNQZ81,TE CONNECTIVITY PLC,アイルランド,IE,アメリカ・ドル,USD,232.2462,7710930.084332081,0.0006943453026541386,MOTHER FUND
278,RHM,DE0007030009,RHEINMETALL AG,ドイツ,DE,ユーロ,EUR,36.5446,7709553.22883297,0.0006942213210931875,MOTHER FUND
279,ABX,CA06849F1080,BARRICK MINING CORP,カナダ,CA,カナダ・ドル,CAD,1270.5232,7685194.58988418,0.0006920279013178601,MOTHER FUND
280,HPE,US42824C1099,HEWLETT PACKARD ENTERPRISE,アメリカ,US,アメリカ・ドル,USD,1013.2309,7676582.24147565,0.0006912523860950682,MOTHER FUND
281,KKR,US48251W1045,KKR & CO INC-A,アメリカ,US,アメリカ・ドル,USD,472.4616,7667817.794592941,0.0006904631748771198,MOTHER FUND
282,MPWR,US6098391054,MONOLITHIC POWER SYSTEMS INC,アメリカ,US,アメリカ・ドル,USD,36.0892,7634188.434873181,0.0006874349554927777,MOTHER FUND
283,WBD,US9344231041,WARNER BROS DISCOVERY INC,アメリカ,US,アメリカ・ドル,USD,1856.8309,7601008.653652351,0.000684447219255798,MOTHER FUND
284,388,HK0388045442,HONG KONG EXCHANGES & CLEARING LTD,香港,HK,香港・ドル,HKD,910.7693,7599029.210410811,0.0006842689765403794,MOTHER FUND
285,DHL,DE0005552004,DHL GROUP,ドイツ,DE,ユーロ,EUR,704.7078,7542936.978053771,0.0006792180452484938,MOTHER FUND
286,FIX,US1999081045,COMFORT SYSTEMS USA INC,アメリカ,US,アメリカ・ドル,USD,27.5508,7517967.554438811,0.0006769696262111773,MOTHER FUND
287,SPCX,US84615Q1031,SPACE EXPLORATION TECHN-CL A,アメリカ,US,アメリカ・ドル,USD,413.2616,7452256.68743571,0.0006710525667465037,MOTHER FUND
288,NUE,US6703461052,NUCOR CORP,アメリカ,US,アメリカ・ドル,USD,179.8769,7430980.54720481,0.0006691367164059652,MOTHER FUND
289,KMI,US49456B1017,KINDER MORGAN INC,アメリカ,US,アメリカ・ドル,USD,1452.677,7391794.925484521,0.0006656081728871555,MOTHER FUND
290,D,US25746U1097,DOMINION ENERGY INC,アメリカ,US,アメリカ・ドル,USD,658.0308,7374555.08712775,0.0006640557789929528,MOTHER FUND
291,BKR,US05722G1004,BAKER HUGHES CO,アメリカ,US,アメリカ・ドル,USD,763.9078,7354237.759284281,0.0006622262667296707,MOTHER FUND
292,GLE,FR0000130809,SOCIETE GENERALE,フランス,FR,ユーロ,EUR,488.4,7332463.086704221,0.0006602655250996152,MOTHER FUND
293,PRX,NL0013654783,PROSUS NV,オランダ,NL,ユーロ,EUR,990.4616,7312167.73117027,0.0006584379913745555,MOTHER FUND
294,SRE,US8168511090,SEMPRA,アメリカ,US,アメリカ・ドル,USD,505.477,7277502.257518191,0.0006553164731489514,MOTHER FUND
295,AFL,US0010551028,AFLAC INC,アメリカ,US,アメリカ・ドル,USD,354.0616,7247392.22424496,0.0006526051581795019,MOTHER FUND
296,GWW,US3848021040,GRAINGER(W.W.) INC,アメリカ,US,アメリカ・ドル,USD,33.1292,7217347.766361791,0.0006498997480702394,MOTHER FUND
297,F,US3453708600,FORD MOTOR COMPANY,アメリカ,US,アメリカ・ドル,USD,3016.9233,7205315.59305348,0.000648816288237771,MOTHER FUND
298,DB1,DE0005810055,DEUTSCHE BOERSE AG,ドイツ,DE,ユーロ,EUR,145.2677,7096787.52556655,0.0006390436728669226,MOTHER FUND
299,EL,FR0000121667,ESSILORLUXOTTICA,フランス,FR,ユーロ,EUR,233.3846,7068201.209343101,0.0006364695638848857,MOTHER FUND
300,BAYN,DE000BAY0017,BAYER AG-REG,ドイツ,DE,ユーロ,EUR,785.5385,7044091.096568831,0.00063429852311961,MOTHER FUND
301,COR,US03073E1055,CENCORA INC,アメリカ,US,アメリカ・ドル,USD,140.0308,7026969.43052958,0.000632756770275537,MOTHER FUND
302,TER,US8807701029,TERADYNE INC,アメリカ,US,アメリカ・ドル,USD,118.9692,6988437.96886369,0.0006292871318376952,MOTHER FUND
303,MET,US59156R1086,METLIFE INC,アメリカ,US,アメリカ・ドル,USD,447.4154,6980168.411252901,0.0006285424838614743,MOTHER FUND
304,ENGI,FR0010208488,ENGIE,フランス,FR,ユーロ,EUR,1445.8463,6977767.509514781,0.0006283262901175594,MOTHER FUND
305,BE,US0937121079,BLOOM ENERGY CORP- A,アメリカ,US,アメリカ・ドル,USD,208.3385,6935239.250593431,0.000624496752501585,MOTHER FUND
306,TRGP,US87612G1013,TARGA RESOURCES CORP,アメリカ,US,アメリカ・ドル,USD,160.5231,6922976.4249582505,0.0006233925231435267,MOTHER FUND
307,ROK,US7739031091,ROCKWELL AUTOMATION INC,アメリカ,US,アメリカ・ドル,USD,91.4185,6920444.600132311,0.0006231645401822227,MOTHER FUND
308,OKE,US6826801036,ONEOK INC,アメリカ,US,アメリカ・ドル,USD,475.877,6812335.941911031,0.0006134296913129907,MOTHER FUND
309,KEYS,US49338L1035,KEYSIGHT TECHNOLOGIES INC,アメリカ,US,アメリカ・ドル,USD,134.3385,6751252.01067733,0.0006079292730423142,MOTHER FUND
310,BAS,DE000BASF111,BASF SE,ドイツ,DE,ユーロ,EUR,708.1231,6716936.50013128,0.0006048392679073641,MOTHER FUND
311,FITB,US3167731005,FIFTH THIRD BANCORP,アメリカ,US,アメリカ・ドル,USD,737.7231,6709698.73029861,0.0006041875292156571,MOTHER FUND
312,CPG,GB00BD6K4575,COMPASS GROUP PLC,イギリス,GB,アメリカ・ドル,USD,1305.8155,6703269.04053313,0.0006036085556239687,MOTHER FUND
313,LSEG,GB00B0SWJX34,LONDON STOCK EXCHANGE GROUP PLC,イギリス,GB,イギリス・ポンド,GBP,358.6154,6676472.158304651,0.0006011955796148972,MOTHER FUND
314,AME,US0311001004,AMETEK INC,アメリカ,US,アメリカ・ドル,USD,173.0462,6675153.36434883,0.0006010768263155703,MOTHER FUND
315,AAL,GB00BTK05J60,ANGLO AMERICAN PLC,イギリス,GB,イギリス・ポンド,GBP,812.8616,6552035.000263921,0.0005899904000559781,MOTHER FUND
316,CIEN,US1717793095,CIENA CORPORATION,アメリカ,US,アメリカ・ドル,USD,109.2923,6535581.15581867,0.0005885087824720792,MOTHER FUND
317,AMP,US03076C1062,AMERIPRISE FINANCIAL INC,アメリカ,US,アメリカ・ドル,USD,74.5692,6525226.61957295,0.0005875763886460754,MOTHER FUND
318,LHX,US5024311095,L3HARRIS TECHNOLOGIES INC,アメリカ,US,アメリカ・ドル,USD,149.2523,6522291.779328881,0.0005873121153982023,MOTHER FUND
319,FAST,US3119001044,FASTENAL CO,アメリカ,US,アメリカ・ドル,USD,867.5078,6505610.014864671,0.0005858099743245537,MOTHER FUND
320,ATCOA,SE0017486889,ATLAS COPCO AB-A SHS,スウェーデン,SE,スウェーデン・クローナ,SEK,1924.0002,6490364.41975067,0.0005844371558399092,MOTHER FUND
321,CAH,US14149Y1082,CARDINAL HEALTH INC,アメリカ,US,アメリカ・ドル,USD,177.6,6481457.551317651,0.0005836351200037404,MOTHER FUND
322,WAB,US9297401088,WABTEC CORP,アメリカ,US,アメリカ・ドル,USD,137.7539,6475005.88924266,0.0005830541678738302,MOTHER FUND
323,LNG,US16411R2085,CHENIERE ENERGY INC,アメリカ,US,アメリカ・ドル,USD,155.9692,6468887.227195361,0.0005825032013620598,MOTHER FUND
324,APO,US03769M1062,APOLLO GLOBAL MANAGEMENT INC,アメリカ,US,アメリカ・ドル,USD,334.7077,6468755.5071844,0.0005824913403842172,MOTHER FUND
325,ARGX,NL0010832176,ARGENX SE,オランダ,NL,ユーロ,EUR,46.7908,6466980.417806011,0.000582331499099418,MOTHER FUND
326,STAN,GB0004082847,STANDARD CHARTERED PLC,イギリス,GB,イギリス・ポンド,GBP,1343.3847,6440015.498640481,0.0005799033918861161,MOTHER FUND
327,CMG,US1696561059,CHIPOTLE MEXICAN GRILL INC,アメリカ,US,アメリカ・ドル,USD,1033.7232,6399712.24913494,0.0005762742094567834,MOTHER FUND
328,PYPL,US70450Y1038,PAYPAL HOLDINGS INC,アメリカ,US,アメリカ・ドル,USD,689.9077,6392345.719291561,0.0005756108763260623,MOTHER FUND
329,PSA,US74460D1090,PUBLIC STORAGE,アメリカ,US,アメリカ・ドル,USD,125.2308,6389344.96211893,0.0005753406674635211,MOTHER FUND
330,WPM,CA9628791027,WHEATON PRECIOUS METALS CORP,カナダ,CA,カナダ・ドル,CAD,350.6462,6381104.43527979,0.0005745986336181128,MOTHER FUND
331,STT,US8574771031,STATE STREET CORP,アメリカ,US,アメリカ・ドル,USD,216.3077,6355732.79316984,0.0005723139960546803,MOTHER FUND
332,BN,FR0000120644,DANONE,フランス,FR,ユーロ,EUR,498.6462,6308423.223081641,0.0005680539162196842,MOTHER FUND
333,NKE,US6541061031,NIKE INC-B,アメリカ,US,アメリカ・ドル,USD,922.1539,6267740.7520061,0.0005643905860658988,MOTHER FUND
334,VST,US92840M1027,VISTRA CORP,アメリカ,US,アメリカ・ドル,USD,260.7077,6227318.305567581,0.0005607506703229972,MOTHER FUND
335,EW,US28176E1082,EDWARDS LIFESCIENCES CORP,アメリカ,US,アメリカ・ドル,USD,445.1385,6218487.9417563,0.00055995552349038,MOTHER FUND
336,DVN,US25179M1036,DEVON ENERGY CORP,アメリカ,US,アメリカ・ドル,USD,874.7939,6210164.07952561,0.0005592059855518162,MOTHER FUND
337,CABK,ES0140609019,CAIXABANK,スペイン,ES,ユーロ,EUR,2675.3848,6180935.21555643,0.000556574017141137,MOTHER FUND
338,LITE,US55024U1097,LUMENTUM HOLDINGS INC,アメリカ,US,アメリカ・ドル,USD,55.3292,6164646.90343263,0.0005551073052286136,MOTHER FUND
339,SREN,CH0126881561,SWISS RE LTD,スイス,CH,スイス・フラン,CHF,229.9692,6163902.577216881,0.0005550402809648873,MOTHER FUND
340,AZO,US0533321024,AUTOZONE,アメリカ,US,アメリカ・ドル,USD,12.7508,6161375.306237481,0.0005548127080633191,MOTHER FUND
341,ADSK,US0527691069,AUTODESK INC.,アメリカ,US,アメリカ・ドル,USD,162.8,6148041.302051681,0.0005536120224040376,MOTHER FUND
342,ENI,IT0003132476,ENI SPA,イタリア,IT,ユーロ,EUR,1388.9232,6145107.37257692,0.0005533478311681116,MOTHER FUND
343,EA,US2855121099,ELECTRONIC ARTS,アメリカ,US,アメリカ・ドル,USD,182.1539,6135908.37488883,0.0005525194899999262,MOTHER FUND
344,RACE,NL0011585146,FERRARI NV,イタリア,IT,ユーロ,EUR,96.4277,6134391.602455011,0.0005523829093536098,MOTHER FUND
345,EOAN,DE000ENAG999,E.ON SE,ドイツ,DE,ユーロ,EUR,1753.2309,6108183.532583191,0.0005500229540683059,MOTHER FUND
346,GRMN,CH0114405324,GARMIN LTD,スイス,CH,アメリカ・ドル,USD,127.5077,6097703.42401933,0.0005490792528451021,MOTHER FUND
347,BDX,US0758871091,"BECTON,DICKINSON",アメリカ,US,アメリカ・ドル,USD,228.8308,6084867.838336521,0.0005479234482238435,MOTHER FUND
348,DGE,GB0002374006,DIAGEO PLC,イギリス,GB,イギリス・ポンド,GBP,1696.3078,6031024.9784742305,0.0005430750659381825,MOTHER FUND
349,XEL,US98389B1008,XCEL ENERGY INC,アメリカ,US,アメリカ・ドル,USD,478.1539,6011888.918421301,0.0005413519231702228,MOTHER FUND
350,LONN,CH0013841017,LONZA AG-REG,スイス,CH,スイス・フラン,CHF,52.8246,6002432.85609646,0.0005405004341299838,MOTHER FUND
351,ETR,US29364G1031,ENTERGY CORP,アメリカ,US,アメリカ・ドル,USD,343.8154,5969523.11797501,0.0005375370144353042,MOTHER FUND
352,EBAY,US2786421030,EBAY INC,アメリカ,US,アメリカ・ドル,USD,324.4616,5919779.9722998105,0.0005330577986777921,MOTHER FUND
353,EXC,US30161N1019,EXELON CORPORATION,アメリカ,US,アメリカ・ドル,USD,801.477,5871313.952884681,0.0005286935841730311,MOTHER FUND
354,HOLN,CH0012214059,HOLCIM LTD,スイス,CH,スイス・フラン,CHF,389.3539,5851871.07742162,0.0005269428136304091,MOTHER FUND
355,ATD,CA01626P1484,ALIMENTATION COUCHE-TARD INC,カナダ,CA,カナダ・ドル,CAD,563.5385,5801669.81478525,0.0005224223458635316,MOTHER FUND
356,IDXX,US45168D1046,IDEXX LABORATORIES INC,アメリカ,US,アメリカ・ドル,USD,63.8677,5735979.440091551,0.000516507131667667,MOTHER FUND
357,COHR,US19247G1076,COHERENT CORP,アメリカ,US,アメリカ・ドル,USD,142.9908,5723767.048306711,0.0005154074437211759,MOTHER FUND
358,CARR,US14448C1045,CARRIER GLOBAL CORP,アメリカ,US,アメリカ・ドル,USD,579.477,5717467.940090561,0.0005148402285923964,MOTHER FUND
359,WDS,AU0000224040,WOODSIDE ENERGY GROUP LTD,オーストラリア,AU,オーストラリア・ドル,AUD,1536.9232,5713313.693591241,0.0005144661515989179,MOTHER FUND
360,FERG,US31488V1070,FERGUSON ENTERPRISES INC,アメリカ,US,アメリカ・ドル,USD,155.9692,5674251.48111198,0.000510948720698933,MOTHER FUND
361,RKT,GB00BSZBP530,RECKITT BENCKISER GROUP PLC,イギリス,GB,イギリス・ポンド,GBP,494.0923,5665010.929574291,0.0005101166377356644,MOTHER FUND
362,CBRE,US12504L1098,CBRE GROUP INC,アメリカ,US,アメリカ・ドル,USD,235.6616,5660876.03692273,0.0005097443034960602,MOTHER FUND
363,RMS,FR0000052292,HERMES INTERNATIONAL,フランス,FR,ユーロ,EUR,19.6954,5653138.368586941,0.000509047550496916,MOTHER FUND
364,PRU,US7443201022,PRUDENTIAL FINANCIAL INC,アメリカ,US,アメリカ・ドル,USD,285.7539,5638379.46582111,0.0005077185571464761,MOTHER FUND
365,HLN,GB00BMX86B70,HALEON PLC,イギリス,GB,イギリス・ポンド,GBP,7058.4621,5628363.96344974,0.0005068166922677616,MOTHER FUND
366,FNV,CA3518581051,FRANCO-NEVADA CORP,カナダ,CA,カナダ・ドル,CAD,158.2462,5622928.264536161,0.0005063272244647848,MOTHER FUND
367,NOKIA,FI0009000681,NOKIA OYJ,フィンランド,FI,ユーロ,EUR,3813.8465,5600144.80110298,0.0005042756443518791,MOTHER FUND
368,EBS,AT0000652011,ERSTE GROUP BANK AG,オーストリア,AT,ユーロ,EUR,262.9846,5559680.345430191,0.0005006319458079192,MOTHER FUND
369,SLF,CA8667961053,SUN LIFE FINANCIAL INC,カナダ,CA,カナダ・ドル,CAD,415.5385,5527853.17047569,0.0004977660075638009,MOTHER FUND
370,TSCO,GB00BLGZ9862,TESCO PLC,イギリス,GB,イギリス・ポンド,GBP,5123.0773,5452714.58884241,0.0004910000116807398,MOTHER FUND
371,HUM,US4448591028,HUMANA INC,アメリカ,US,アメリカ・ドル,USD,91.0769,5367126.63710937,0.0004832930824776886,MOTHER FUND
372,VTR,US92276F1003,VENTAS INC,アメリカ,US,アメリカ・ドル,USD,363.1693,5365238.38464465,0.0004831230512084689,MOTHER FUND
373,SE,US81141R1005,SEA LTD-ADR,ケイマン諸島（英領）,KY,アメリカ・ドル,USD,314.2154,5365194.44002561,0.0004831190941320237,MOTHER FUND
374,ROP,US7766961061,ROPER TECHNOLOGIES INC,アメリカ,US,アメリカ・ドル,USD,85.4985,5348806.398662751,0.0004816434019112987,MOTHER FUND
375,GMG,AU000000GMG2,GOODMAN GROUP,オーストラリア,AU,オーストラリア・ドル,AUD,1616.6155,5348325.398622751,0.00048160008935176345,MOTHER FUND
376,NDAQ,US6311031081,NASDAQ INC,アメリカ,US,アメリカ・ドル,USD,348.3693,5327999.64616319,0.0004797698184779704,MOTHER FUND
377,AIG,US0268747849,AMERICAN INTL GROUP,アメリカ,US,アメリカ・ドル,USD,420.0923,5326435.17218694,0.0004796289424559273,MOTHER FUND
378,SYY,US8718291078,SYSCO CORP,アメリカ,US,アメリカ・ドル,USD,390.4923,5316393.599044171,0.0004787247299852285,MOTHER FUND
379,RIO,AU000000RIO1,RIO TINTO LTD,オーストラリア,AU,オーストラリア・ドル,AUD,278.9231,5307528.85369157,0.00047792648720161016,MOTHER FUND
380,ASM,NL0000334118,ASM INTERNATIONAL NV,オランダ,NL,ユーロ,EUR,36.3169,5301749.45321095,0.00047740607014011587,MOTHER FUND
381,CLS,CA15101Q2071,CELESTICA INC,カナダ,CA,カナダ・ドル,CAD,93.0123,5261614.1267963005,0.00047379200866352086,MOTHER FUND
382,KDP,US49271V1008,KEURIG DR PEPPER INC,アメリカ,US,アメリカ・ドル,USD,1036.0001,5256592.372532531,0.00047333981529047795,MOTHER FUND
383,TTWO,US8740541094,TAKE-TWO INTERACTIVE SOFTWARE INC,アメリカ,US,アメリカ・ドル,USD,132.0615,5251685.033662881,0.0004728979246682822,MOTHER FUND
384,CVE,CA15135U1093,CENOVUS ENERGY INC,カナダ,CA,カナダ・ドル,CAD,1076.9847,5246188.08551344,0.0004724029415618664,MOTHER FUND
385,CSL,AU000000CSL8,CSL LIMITED,オーストラリア,AU,オーストラリア・ドル,AUD,362.0308,5233086.669039291,0.0004712231997035626,MOTHER FUND
386,A,US00846U1016,AGILENT TECHNOLOGIES INC,アメリカ,US,アメリカ・ドル,USD,234.5231,5228333.933259421,0.0004707952306093784,MOTHER FUND
387,YUM,US9884981013,YUM BRANDS INC,アメリカ,US,アメリカ・ドル,USD,207.2,5228286.345563161,0.0004707909454851456,MOTHER FUND
388,CSU,CA21037X1006,CONSTELLATION SOFTWARE INC,カナダ,CA,カナダ・ドル,CAD,15.0277,5204175.891250401,0.0004686198739653897,MOTHER FUND
389,AXON,US05464C1018,AXON ENTERPRISE INC,アメリカ,US,アメリカ・ドル,USD,61.5908,5199876.0355082,0.0004682326853118764,MOTHER FUND
390,RSG,US7607591002,REPUBLIC SERVICES INC-CL A,アメリカ,US,アメリカ・ドル,USD,152.5539,5181485.32628648,0.0004665766590710827,MOTHER FUND
391,XYZ,US8522341036,BLOCK INC,アメリカ,US,アメリカ・ドル,USD,387.077,5138007.13497845,0.00046266158299433684,MOTHER FUND
392,FLEX,SG9999000020,FLEX LTD,アメリカ,US,アメリカ・ドル,USD,284.6154,5119142.59802503,0.0004609628900380919,MOTHER FUND
393,TEVA,US8816242098,TEVA PHARMACEUTICAL-SP ADR,イスラエル,IL,アメリカ・ドル,USD,899.3847,5118483.88412409,0.00046090357489738786,MOTHER FUND
394,PRU,GB0007099541,PRUDENTIAL PLC,イギリス,GB,イギリス・ポンド,GBP,2083.3848,5115429.50540855,0.00046062853758146516,MOTHER FUND
395,WCN,CA94106B1013,WASTE CONNECTIONS INC,カナダ,CA,アメリカ・ドル,USD,191.2616,5111066.123507221,0.00046023562859464533,MOTHER FUND
396,OXY,US6745991058,OCCIDENTAL PETE CORP,アメリカ,US,アメリカ・ドル,USD,568.0924,5108447.775597161,0.0004599998544983714,MOTHER FUND
397,HIG,US4165151048,HARTFORD INSURANCE GROUP INC,アメリカ,US,アメリカ・ドル,USD,222,5104001.51368894,0.0004595994824243701,MOTHER FUND
398,DSV,DK0060079531,DSV A/S,デンマーク,DK,デンマーク・クローネ,DKK,144.5846,5081689.82875654,0.00045759038450003675,MOTHER FUND
399,PRY,IT0004176001,PRYSMIAN SPA,イタリア,IT,ユーロ,EUR,228.8308,5076984.452980621,0.0004571666800271003,MOTHER FUND
400,ADM,US0394831020,ARCHER DANIELS MIDLAND,アメリカ,US,アメリカ・ドル,USD,390.4923,5059077.81764531,0.0004555542431361632,MOTHER FUND
401,PEG,US7445731067,PUBLIC SVC ENTERPRISE,アメリカ,US,アメリカ・ドル,USD,405.2923,5051497.257014901,0.0004548716371978855,MOTHER FUND
402,MCHP,US5950171042,MICROCHIP TECHNOLOGY,アメリカ,US,アメリカ・ドル,USD,418.9539,5050743.4815676,0.00045480376206020876,MOTHER FUND
403,CCO,CA13321L1085,CAMECO CORP,カナダ,CA,カナダ・ドル,CAD,354.0616,5016565.611033,0.00045172615098075666,MOTHER FUND
404,MSCI,US55354G1004,MSCI INC,アメリカ,US,アメリカ・ドル,USD,54.1908,5014431.22316319,0.00045153395598284643,MOTHER FUND
405,UOB,SG1M31001969,UNITED OVERSEAS BANK,シンガポール,SG,シンガポール・ドル,SGD,910.7693,5004761.471589801,0.0004506632248895302,MOTHER FUND
406,MBG,DE0007100000,MERCEDES-BENZ GROUP AG,ドイツ,DE,ユーロ,EUR,573.7847,5002915.683744,0.00045049701742734197,MOTHER FUND
407,GALD,CH1335392721,GALDERMA GROUP AG,スイス,CH,スイス・フラン,CHF,138.8923,5000114.04351101,0.00045024473842672486,MOTHER FUND
408,SGO,FR0000125007,COMP DE SAINT-GOBAIN (ORD),フランス,FR,ユーロ,EUR,355.2,4999981.98196156,0.0004502328466944022,MOTHER FUND
409,G,IT0000062072,GENERALI,イタリア,IT,ユーロ,EUR,612.4924,4987787.91940902,0.000449134809238346,MOTHER FUND
410,IBKR,US45841N1072,INTERACTIVE BROKERS GRO-CL A,アメリカ,US,アメリカ・ドル,USD,342.677,4983189.559026611,0.0004487207411691874,MOTHER FUND
411,ODFL,US6795801009,OLD DOMINION FREIGHT LINE,アメリカ,US,アメリカ・ドル,USD,145.7231,4976178.001520441,0.0004480893721948284,MOTHER FUND
412,CVNA,US1468691027,CARVANA CO,アメリカ,US,アメリカ・ドル,USD,502.6308,4963296.649679971,0.00044692944647322974,MOTHER FUND
413,DHI,US23331A1097,DR HORTON INC,アメリカ,US,アメリカ・ドル,USD,211.7539,4952834.301117601,0.0004459873444829948,MOTHER FUND
414,PCG,US69331C1080,PG&E CORP,アメリカ,US,アメリカ・ドル,USD,1730.4617,4944970.03584821,0.00044527919182321083,MOTHER FUND
415,ED,US2091151041,CONSOLIDATED EDISON INC,アメリカ,US,アメリカ・ドル,USD,280.0616,4935960.478175881,0.0004444679091400124,MOTHER FUND
416,DOL,CA25675T1075,DOLLARAMA INC,カナダ,CA,カナダ・ドル,CAD,223.1385,4898174.82272586,0.0004410654282353107,MOTHER FUND
417,PAYX,US7043261079,PAYCHEX INC,アメリカ,US,アメリカ・ドル,USD,261.8462,4895622.050205881,0.00044083555899922537,MOTHER FUND
418,KVUE,US49177J1025,KENVUE INC,アメリカ,US,アメリカ・ドル,USD,1559.6924,4840510.488699621,0.0004358729340713246,MOTHER FUND
419,MTB,US55261F1049,M & T BANK CORP,アメリカ,US,アメリカ・ドル,USD,121.8154,4835808.07292394,0.0004354494961372153,MOTHER FUND
420,IQV,US46266C1053,IQVIA HOLDINGS INC,アメリカ,US,アメリカ・ドル,USD,126.3692,4829530.253940331,0.0004348841980376983,MOTHER FUND
421,NBIS,NL0009805522,NEBIUS GROUP NV,オランダ,NL,アメリカ・ドル,USD,159.3846,4826878.890642911,0.000434645451008344,MOTHER FUND
422,ALAB,US04626A1034,ASTERA LABS INC,アメリカ,US,アメリカ・ドル,USD,100.1846,4825510.34591372,0.0004345222178064094,MOTHER FUND
423,LUMI,IL0006046119,BANK LEUMI LE-ISRAEL,イスラエル,IL,イスラエル・シユケル,ILS,1286.4616,4814855.59733534,0.00043356279079235946,MOTHER FUND
424,IRM,US46284V1017,IRON MOUNTAIN INC,アメリカ,US,アメリカ・ドル,USD,240.2154,4812028.79710026,0.0004333082462117053,MOTHER FUND
425,WAT,US9418481035,WATERS CORP,アメリカ,US,アメリカ・ドル,USD,78.2123,4780478.72370727,0.00043046726010247723,MOTHER FUND
426,ORA,FR0000133308,ORANGE SA,フランス,FR,ユーロ,EUR,1502.7694,4750139.74579961,0.0004277353293798379,MOTHER FUND
427,KMB,US4943681035,KIMBERLY-CLARK CORP,アメリカ,US,アメリカ・ドル,USD,266.4,4717874.263116351,0.0004248299228862022,MOTHER FUND
428,GIVN,CH0010645932,GIVAUDAN-REG,スイス,CH,スイス・フラン,CHF,7.1723,4698101.233779681,0.0004230494230127749,MOTHER FUND
429,VMC,US9291601097,VULCAN MATERIALS CO,アメリカ,US,アメリカ・ドル,USD,106.9015,4660233.267553591,0.0004196395302783593,MOTHER FUND
430,SAND,SE0000667891,SANDVIK  AB,スウェーデン,SE,スウェーデン・クローナ,SEK,774.1539,4630795.15433623,0.0004169887196228447,MOTHER FUND
431,LR,FR0010307819,LEGRAND SA,フランス,FR,ユーロ,EUR,191.2616,4627608.48637891,0.0004167017700716123,MOTHER FUND
432,EXPE,US30212P3038,EXPEDIA GROUP INC,アメリカ,US,アメリカ・ドル,USD,97.9077,4609466.075639391,0.00041506810233788414,MOTHER FUND
433,SEBA,SE0000148884,SKANDINAVISKA ENSKILDA BANKEN AB,スウェーデン,SE,スウェーデン・クローナ,SEK,1229.5386,4593119.588126141,0.0004135961519122432,MOTHER FUND
434,NTRA,US6323071042,NATERA INC,アメリカ,US,アメリカ・ドル,USD,105.8769,4588680.270833881,0.00041319640517933806,MOTHER FUND
435,POW,CA7392391016,POWER CORPORATION OF CANADA,カナダ,CA,カナダ・ドル,CAD,430.3385,4570511.333938301,0.0004115603488476513,MOTHER FUND
436,FANG,US25278X1090,DIAMONDBACK ENERGY INC,アメリカ,US,アメリカ・ドル,USD,142.3077,4569078.35228067,0.0004114313133004626,MOTHER FUND
437,SSE,GB0007908733,SSE PLC,イギリス,GB,イギリス・ポンド,GBP,899.3847,4566414.46590529,0.00041119143860683676,MOTHER FUND
438,HBAN,US4461501045,HUNTINGTON BANCSHARES INC,アメリカ,US,アメリカ・ドル,USD,1662.154,4562774.91791031,0.00041086370861493434,MOTHER FUND
439,WEC,US92939U1060,WEC ENERGY GROUP INC,アメリカ,US,アメリカ・ドル,USD,257.2923,4550790.104605941,0.0004097845134037127,MOTHER FUND
440,EXPN,GB00B19NLV48,EXPERIAN PLC,イギリス,GB,イギリス・ポンド,GBP,724.0616,4539318.395959621,0.00040875152167315954,MOTHER FUND
441,RWE,DE0007037129,RWE AG,ドイツ,DE,ユーロ,EUR,434.8923,4529339.096668191,0.0004078529167693408,MOTHER FUND
442,AD,NL0011794037,KONINKLIJKE AHOLD DELHAIZE NV,オランダ,NL,ユーロ,EUR,705.8462,4526278.91179831,0.00040757735662725453,MOTHER FUND
443,ALC,CH0432492467,ALCON INC,スイス,CH,スイス・フラン,CHF,404.1539,4519892.71126722,0.00040700229910603806,MOTHER FUND
444,REP,ES0173516115,REPSOL SA,スペイン,ES,ユーロ,EUR,910.7693,4467942.77156235,0.0004023243684008258,MOTHER FUND
445,KBC,BE0003565737,KBC GROEP NV,ベルギー,BE,ユーロ,EUR,194.6769,4432747.23017389,0.0003991551192220397,MOTHER FUND
446,III,GB00B1YW4409,3I GROUP PLC,イギリス,GB,イギリス・ポンド,GBP,719.5078,4431387.11006078,0.000399032644630615,MOTHER FUND
447,COIN,US19260Q1076,COINBASE GLOBAL INC -CLASS A,アメリカ,US,アメリカ・ドル,USD,168.2646,4423774.330966151,0.0003983471375197102,MOTHER FUND
448,IFC,CA45823T1066,INTACT FINANCIAL CORP,カナダ,CA,カナダ・ドル,CAD,137.7539,4390563.469742731,0.00039535660262503703,MOTHER FUND
449,EME,US29084Q1004,EMCOR GROUP INC,アメリカ,US,アメリカ・ドル,USD,33.8123,4360330.93799777,0.000392634257048709,MOTHER FUND
450,DANSKE,DK0010274414,DANSKE BANK AS,デンマーク,DK,デンマーク・クローネ,DKK,469.0462,4312123.57706568,0.00038829333393690927,MOTHER FUND
451,STMPA,NL0000226223,STMICROELECTRONICS NV,フランス,FR,ユーロ,EUR,508.8924,4298155.67744255,0.0003870355679624814,MOTHER FUND
452,ASSAB,SE0007100581,ASSA ABLOY AB-B,スウェーデン,SE,スウェーデン・クローナ,SEK,724.0616,4278693.56197789,0.00038528306491747823,MOTHER FUND
453,NTR,CA67077M1086,NUTRIEN LTD,カナダ,CA,カナダ・ドル,CAD,375.6923,4268860.66885247,0.0003843976434341466,MOTHER FUND
454,SDZ,CH1243598427,SANDOZ GROUP AG,スイス,CH,スイス・フラン,CHF,316.4923,4248435.07330769,0.000382558382000659,MOTHER FUND
455,MLM,US5732841060,MARTIN MARIETTA MATERIALS,アメリカ,US,アメリカ・ドル,USD,48.7262,4228884.72706646,0.00038079793404828516,MOTHER FUND
456,SLHN,CH0014852781,SWISS LIFE HOLDING AG,スイス,CH,スイス・フラン,CHF,22.3138,4228815.16706068,0.0003807916703858297,MOTHER FUND
457,CCI,US22822V1017,CROWN CASTLE INC,アメリカ,US,アメリカ・ドル,USD,343.8154,4227790.551590851,0.0003806994069453988,MOTHER FUND
458,WOW,AU000000WOW2,WOOLWORTHS GROUP LTD,オーストラリア,AU,オーストラリア・ドル,AUD,922.1539,4216738.13836402,0.00037970417146496876,MOTHER FUND
459,STLD,US8581191009,STEEL DYNAMICS,アメリカ,US,アメリカ・ドル,USD,103.6,4204274.82963524,0.0003785818892270659,MOTHER FUND
460,SIKA,CH0418792922,SIKA AG-REG,スイス,CH,スイス・フラン,CHF,117.2615,4202713.429505391,0.00037844128999534325,MOTHER FUND
461,IR,US45687V1061,INGERSOLL-RAND INC,アメリカ,US,アメリカ・ドル,USD,309.6616,4196505.73975838,0.00037788230681574865,MOTHER FUND
462,SWEDA,SE0000242455,SWEDBANK AB,スウェーデン,SE,スウェーデン・クローナ,SEK,655.7539,4186637.7820146703,0.0003769937278724567,MOTHER FUND
463,ACGL,BMG0450A1053,ARCH CAPITAL GROUP LTD,バーミューダ（英領）,BM,アメリカ・ドル,USD,257.2923,4182343.6185806305,0.00037660705179361204,MOTHER FUND
464,GEHC,US36266G1076,GE HEALTHCARE TECHNOLOGIES INC,アメリカ,US,アメリカ・ドル,USD,368.8616,4146283.1878894703,0.0003733599220196088,MOTHER FUND
465,ON,US6821891057,ON SEMICONDUCTOR CORPORATION,アメリカ,US,アメリカ・ドル,USD,306.2462,4121673.2904582503,0.00037114387719838955,MOTHER FUND
466,EIX,US2810201077,EDISON INTERNATIONAL,アメリカ,US,アメリカ・ドル,USD,322.1846,4076758.70210769,0.0003670994580296535,MOTHER FUND
467,NTAP,US64110D1046,NETAPP INC,アメリカ,US,アメリカ・ドル,USD,145.7231,4074718.5788611104,0.0003669157512682634,MOTHER FUND
468,POLI,IL0006625771,BANK HAPOALIM BM,イスラエル,IL,イスラエル・シユケル,ILS,1058.7693,4072851.1602442707,0.0003667475960223319,MOTHER FUND
469,RKLB,US7731211089,ROCKET LAB CORP,アメリカ,US,アメリカ・ドル,USD,389.3539,4047477.4689033804,0.00036446277393201865,MOTHER FUND
470,AEE,US0236081024,AMEREN CORPORATION,アメリカ,US,アメリカ・ドル,USD,231.1077,4039369.9143829807,0.00036373271383087854,MOTHER FUND
471,PPL,CA7063271034,PEMBINA PIPELINE CORP,カナダ,CA,カナダ・ドル,CAD,488.4,3951700.9686307306,0.00035583839758031327,MOTHER FUND
472,JBL,US4663131039,JABIL INC,アメリカ,US,アメリカ・ドル,USD,79.6923,3951570.0455429205,0.000355826608362925,MOTHER FUND
473,WTW,IE00BDB6Q211,WILLIS TOWERS WATSON PLC,アイルランド,IE,アメリカ・ドル,USD,73.0892,3947546.49443909,0.0003554643000838485,MOTHER FUND
474,EXR,US30225T1025,EXTRA SPACE STORAGE INC,アメリカ,US,アメリカ・ドル,USD,165.0769,3932183.97931536,0.0003540809533155009,MOTHER FUND
475,TCL,AU000000TCL6,TRANSURBAN GROUP,オーストラリア,AU,オーストラリア・ドル,AUD,2345.231,3921817.1476840107,0.00035314745232821275,MOTHER FUND
476,WDAY,US98138H1014,WORKDAY INC-CLASS A,アメリカ,US,アメリカ・ドル,USD,153.6923,3905543.06633062,0.0003516820218523616,MOTHER FUND
477,CASY,US1475281036,CASEY S GENERAL STORES INC,アメリカ,US,アメリカ・ドル,USD,28.0062,3904747.1678028903,0.00035161035366213357,MOTHER FUND
478,UCB,BE0003739530,UCB SA,ベルギー,BE,ユーロ,EUR,96.3139,3869027.7063708603,0.0003483939271108074,MOTHER FUND
479,RBLX,US7710491033,ROBLOX CORP -CLASS A,アメリカ,US,アメリカ・ドル,USD,494.0923,3864910.1183361206,0.000348023151098197,MOTHER FUND
480,LYV,US5380341090,LIVE NATION ENTERTAINMENT IN,アメリカ,US,アメリカ・ドル,USD,130.9231,3862461.97044022,0.0003478027029845284,MOTHER FUND
481,VICI,US9256521090,VICI PROPERTIES INC,アメリカ,US,アメリカ・ドル,USD,913.0462,3860855.37338354,0.00034765803390993387,MOTHER FUND
482,ZTS,US98978V1035,ZOETIS INC,アメリカ,US,アメリカ・ドル,USD,315.3539,3853479.7358470904,0.0003469938806597417,MOTHER FUND
483,TPR,US8760301072,TAPESTRY INC,アメリカ,US,アメリカ・ドル,USD,157.1077,3852698.40962827,0.00034692352466066703,MOTHER FUND
484,NTRS,US6658591044,NORTHERN TRUST CORP,アメリカ,US,アメリカ・ドル,USD,130.9231,3840367.8455259106,0.00034581319566404626,MOTHER FUND
485,ILMN,US4523271090,ILLUMINA INC,アメリカ,US,アメリカ・ドル,USD,116.1231,3827656.6936996006,0.000344668595925053,MOTHER FUND
486,CRDO,KYG254571055,CREDO TECHNOLOGY GROUP HOLDING,ケイマン諸島（英領）,KY,アメリカ・ドル,USD,118.4,3826401.53974906,0.00034455557321052513,MOTHER FUND
487,CBOE,US12503M1080,CBOE GLOBAL MARKETS INC,アメリカ,US,アメリカ・ドル,USD,80.1477,3819574.4130274607,0.00034394081165544385,MOTHER FUND
488,CNC,US15135B1017,CENTENE CORP,アメリカ,US,アメリカ・ドル,USD,390.4923,3818314.0221534106,0.00034382731737222073,MOTHER FUND
489,CCL,BMG2004J1036,CARNIVAL CORP,アメリカ,US,アメリカ・ドル,USD,853.8462,3810881.6892276406,0.0003431580588783257,MOTHER FUND
490,DG,US2566771059,DOLLAR GENERAL CORP,アメリカ,US,アメリカ・ドル,USD,185.5692,3802647.8793121306,0.00034241662987102633,MOTHER FUND
491,VOD,GB00BH4HKS39,VODAFONE GROUP PLC,イギリス,GB,イギリス・ポンド,GBP,14686.1551,3794993.31867556,0.00034172736046205013,MOTHER FUND
492,KR,US5010441013,KROGER CO,アメリカ,US,アメリカ・ドル,USD,406.4308,3779505.3450798607,0.0003403327165479967,MOTHER FUND
493,RMD,US7611521078,RESMED INC,アメリカ,US,アメリカ・ドル,USD,112.7077,3777935.52033393,0.0003401913587057642,MOTHER FUND
494,BIIB,US09062X1037,BIOGEN INC,アメリカ,US,アメリカ・ドル,USD,112.7077,3766523.4670771905,0.00033916373875774304,MOTHER FUND
495,ATO,US0495601058,ATMOS ENERGY CORP,アメリカ,US,アメリカ・ドル,USD,134.3385,3762426.59904418,0.0003387948285169286,MOTHER FUND
496,FFH,CA3039011026,FAIRFAX FINANCIAL HLDGS LTD,カナダ,CA,カナダ・ドル,CAD,13.8892,3759644.3126589507,0.000338544292270186,MOTHER FUND
497,FER,NL0015001FS8,FERROVIAL NV,オランダ,NL,ユーロ,EUR,359.4123,3752540.8812989807,0.0003379046503406679,MOTHER FUND
498,MTD,US5926881054,METTLER-TOLEDO INTL,スイス,CH,アメリカ・ドル,USD,16.8492,3738703.7909175004,0.00033665866333213525,MOTHER FUND
499,OTIS,US68902V1070,OTIS WORLDWIDE CORP,アメリカ,US,アメリカ・ドル,USD,324.4616,3738451.62166576,0.0003366359562742959,MOTHER FUND
500,FTS,CA3495531079,FORTIS INC,カナダ,CA,カナダ・ドル,CAD,404.1539,3733035.3904461,0.0003361482414766866,MOTHER FUND
501,EQNR,NO0010096985,EQUINOR ASA,ノルウェー,NO,ノルウェー・クローネ,NOK,574.9231,3719548.4908629702,0.00033493378806179414,MOTHER FUND
502,EQT,US26884L1098,EQT CORP,アメリカ,US,アメリカ・ドル,USD,438.3077,3713146.35186902,0.00033435729533150466,MOTHER FUND
503,IMB,GB0004544929,IMPERIAL BRANDS PLC,イギリス,GB,イギリス・ポンド,GBP,598.8308,3681670.9615591606,0.0003315230342019344,MOTHER FUND
504,SUNB,US8669661048,SUNBELT RENTALS HOLDINGS INC,アメリカ,US,イギリス・ポンド,GBP,311.9385,3654806.34086351,0.0003291039585543011,MOTHER FUND
505,AWK,US0304201033,AMERICAN WATER WORKS CO INC,アメリカ,US,アメリカ・ドル,USD,166.2154,3654761.3716290006,0.0003290999092144155,MOTHER FUND
506,RJF,US7547301090,RAYMOND JAMES FINANCIAL INC,アメリカ,US,アメリカ・ドル,USD,129.7846,3649696.58351549,0.00032864384077687384,MOTHER FUND
507,FE,US3379321074,FIRSTENERGY CORP,アメリカ,US,アメリカ・ドル,USD,463.3539,3627445.2370496504,0.0003266401761440329,MOTHER FUND
508,CFG,US1746101054,CITIZENS FINANCIAL GROUP,アメリカ,US,アメリカ・ドル,USD,313.0769,3609290.5309244804,0.0003250054012490184,MOTHER FUND
509,ADS,DE000A1EWWW0,ADIDAS AG,ドイツ,DE,ユーロ,EUR,120.6769,3602278.85957215,0.00032437402202316627,MOTHER FUND
510,PPL,US69351T1060,PPL CORPORATION,アメリカ,US,アメリカ・ドル,USD,629.5693,3598116.4161490705,0.0003239992069221642,MOTHER FUND
511,ALNY,US02043Q1076,ALNYLAM PHARMACEUTICALS INC,アメリカ,US,アメリカ・ドル,USD,108.9508,3598071.78845305,0.00032399518833675867,MOTHER FUND
512,VRSK,US92345Y1064,VERISK ANALYTICS INC,アメリカ,US,アメリカ・ドル,USD,111.5692,3592557.6495329402,0.00032349865725484156,MOTHER FUND
513,MT,LU1598757687,ARCELORMITTAL,オランダ,NL,ユーロ,EUR,324.4616,3579833.74693634,0.0003223529093485897,MOTHER FUND
514,TDY,US8793601050,TELEDYNE TECHNOLOGIES INC,アメリカ,US,アメリカ・ドル,USD,34.1538,3563483.1609612103,0.00032088058986918703,MOTHER FUND
515,DNB,NO0010161896,DNB BANK ASA,ノルウェー,NO,ノルウェー・クローネ,NOK,694.4616,3560360.8160861703,0.00032059943241171567,MOTHER FUND
516,DXCM,US2521311074,DEXCOM INC,アメリカ,US,アメリカ・ドル,USD,297.1385,3559739.55757296,0.00032054349001233405,MOTHER FUND
517,FISV,US3377381088,FISERV INC,アメリカ,US,アメリカ・ドル,USD,405.2923,3522043.2713611503,0.00031714905652993744,MOTHER FUND
518,VEEV,US9224751084,VEEVA SYSTEMS INC-CLASS A,アメリカ,US,アメリカ・ドル,USD,108.1539,3503614.1959824,0.0003154895755358749,MOTHER FUND
519,DTE,US2333311072,DTE ENERGY COMPANY,アメリカ,US,アメリカ・ドル,USD,153.6923,3500192.54954401,0.0003151814669023046,MOTHER FUND
520,SAMPO,FI4000552500,SAMPO OYJ-A SHS,フィンランド,FI,ユーロ,EUR,1958.154,3486462.2468637,0.00031394509579456183,MOTHER FUND
521,K,CA4969024047,KINROSS GOLD CORP,カナダ,CA,カナダ・ドル,CAD,916.4616,3477449.72919113,0.0003131335465725359,MOTHER FUND
522,MSTR,US5949724083,STRATEGY INC,アメリカ,US,アメリカ・ドル,USD,219.4954,3448003.41905001,0.0003104819978094978,MOTHER FUND
523,CTSH,US1924461023,COGNIZANT TECH SOLUTIONS CORP,アメリカ,US,アメリカ・ドル,USD,397.3231,3441614.4862110103,0.00030990669425244106,MOTHER FUND
524,XYL,US98419M1009,XYLEM INC,アメリカ,US,アメリカ・ドル,USD,183.2923,3441370.2861906905,0.0003098847047991374,MOTHER FUND
525,TECK/B,CA8787422044,TECK RESOURCES LTD-CLS B,カナダ,CA,カナダ・ドル,CAD,342.677,3439470.87680197,0.00030971366888356673,MOTHER FUND
526,NRG,US6293775085,NRG ENERGY INC,アメリカ,US,アメリカ・ドル,USD,159.3846,3431815.4053960904,0.00030902431746264333,MOTHER FUND
527,HAL,US4062161017,HALLIBURTON CO,アメリカ,US,アメリカ・ドル,USD,671.6924,3415677.1425155406,0.0003075711170183965,MOTHER FUND
528,ADYEN,NL0012969182,ADYEN NV,オランダ,NL,ユーロ,EUR,20.8338,3414005.65314577,0.00030742060459257455,MOTHER FUND
529,LH,US5049221055,LABCORP HOLDINGS INC,アメリカ,US,アメリカ・ドル,USD,67.1692,3406285.06173448,0.0003067253893174375,MOTHER FUND
530,PFG,US74251V1026,PRINCIPAL FINANCIAL GROUP,アメリカ,US,アメリカ・ドル,USD,185.5692,3398523.3718582303,0.0003060264732531896,MOTHER FUND
531,SYF,US87165B1035,SYNCHRONY FINANCIAL,アメリカ,US,アメリカ・ドル,USD,273.2308,3388816.6202817704,0.0003051524104245251,MOTHER FUND
532,LDO,IT0003856405,LEONARDO SPA,イタリア,IT,ユーロ,EUR,340.4,3385157.94613136,0.00030482295818173513,MOTHER FUND
533,LPLA,US50212V1008,LPL FINANCIAL HOLDINGS INC,アメリカ,US,アメリカ・ドル,USD,62.0462,3382223.10588729,0.00030455868493386187,MOTHER FUND
534,VWS,DK0061539921,VESTAS WIND SYSTEMS A/S,デンマーク,DK,デンマーク・クローネ,DKK,774.1539,3380285.78572618,0.00030438423527099473,MOTHER FUND
535,HEIA,NL0000009165,HEINEKEN NV,オランダ,NL,ユーロ,EUR,231.1077,3379830.05953443,0.0003043431985429895,MOTHER FUND
536,SW,IE00028FXN24,SMURFIT WESTROCK PLC,アイルランド,IE,アメリカ・ドル,USD,441.7231,3373622.4836335806,0.0003037842256148882,MOTHER FUND
537,CNP,US15189T1079,CENTERPOINT ENERGY INC,アメリカ,US,アメリカ・ドル,USD,497.5077,3370290.5479718805,0.00030348419515810216,MOTHER FUND
538,ERICB,SE0000108656,ERICSSON LM-B,スウェーデン,SE,スウェーデン・クローナ,SEK,2140.3079,3363346.1597020603,0.0003028588745648376,MOTHER FUND
539,ARES,US03990B1017,ARES MANAGEMENT CORP - A,アメリカ,US,アメリカ・ドル,USD,168.4923,3361180.2364450204,0.0003026638399032614,MOTHER FUND
540,DGX,US74834L1008,QUEST DIAGNOSTICS INC,アメリカ,US,アメリカ・ドル,USD,88.8,3343914.8965476607,0.0003011091496745408,MOTHER FUND
541,HO,FR0000121329,THALES SA,フランス,FR,ユーロ,EUR,74,3332937.73563478,0.00030012069043123575,MOTHER FUND
542,PUB,FR0000130577,PUBLICIS GROUPE,フランス,FR,ユーロ,EUR,192.4,3330910.3631584905,0.00029993813183710425,MOTHER FUND
543,CBK,DE000CBK1001,COMMERZBANK AG,ドイツ,DE,ユーロ,EUR,481.5693,3328790.2060591,0.0002997472182758671,MOTHER FUND
544,AER,NL0000687663,AERCAP HOLDINGS NV,オランダ,NL,アメリカ・ドル,USD,135.4769,3328568.8891176106,0.0002997272893727334,MOTHER FUND
545,ABN,NL0011540547,ABN AMRO BANK NV-CVA,オランダ,NL,ユーロ,EUR,466.7693,3327584.6890357705,0.000299638665212454,MOTHER FUND
546,AV/,GB00BPQY8M80,AVIVA PLC,イギリス,GB,イギリス・ポンド,GBP,2208.6156,3324461.4333914104,0.00029935742574303435,MOTHER FUND
547,ST,SG1T75931496,SINGAPORE TELECOMMUNICATIONS LIMITED,シンガポール,SG,シンガポール・ドル,SGD,5760.6159,3304020.8101530704,0.0002975168111124202,MOTHER FUND
548,CPRT,US2172041061,COPART INC,アメリカ,US,アメリカ・ドル,USD,693.3231,3294454.43089598,0.000296655388375095,MOTHER FUND
549,RF,US7591EP1005,REGIONS FINANCIAL CORP,アメリカ,US,アメリカ・ドル,USD,663.7231,3290880.0029064105,0.00029633352223740607,MOTHER FUND
550,TWLO,US90138F1021,TWILIO INC - A,アメリカ,US,アメリカ・ドル,USD,107.0154,3284075.1900328207,0.0002957207699750275,MOTHER FUND
551,CPAY,US2199481068,CORPAY INC,アメリカ,US,アメリカ・ドル,USD,52.3692,3283555.59614346,0.0002956739821592362,MOTHER FUND
552,PPG,US6935061076,PPG INDUSTRIES,アメリカ,US,アメリカ・ドル,USD,182.1539,3279764.40505894,0.00029533259717814947,MOTHER FUND
553,FTI,GB00BDSFG982,TECHNIPFMC PLC,イギリス,GB,アメリカ・ドル,USD,296,3278739.67574296,0.0002952403234862263,MOTHER FUND
554,VIE,FR0000124141,VEOLIA ENVIRONNEMENT,フランス,FR,ユーロ,EUR,491.8154,3259406.43413517,0.00029349942513173045,MOTHER FUND
555,HEI,DE0006047004,HEIDELBERG MATERIALS AG,ドイツ,DE,ユーロ,EUR,107.0154,3258858.49255114,0.00029345008469408687,MOTHER FUND
556,ES,US30040W1080,EVERSOURCE ENERGY,アメリカ,US,アメリカ・ドル,USD,274.3693,3256094.8769367,0.0002932012296922594,MOTHER FUND
557,DOV,US2600031080,DOVER CORP,アメリカ,US,アメリカ・ドル,USD,99.0462,3248369.7316788705,0.0002925056043573865,MOTHER FUND
558,Q,US74743L1008,QNITY ELECTRONICS INC,アメリカ,US,アメリカ・ドル,USD,154.8308,3247912.29779468,0.0002924644138569814,MOTHER FUND
559,KER,FR0000121485,KERING SA,フランス,FR,ユーロ,EUR,60.3385,3246518.93460188,0.0002923389458294891,MOTHER FUND
560,WSM,US9699041011,WILLIAMS SONOMA INC,アメリカ,US,アメリカ・ドル,USD,86.5231,3244545.6390531603,0.0002921612566947133,MOTHER FUND
561,MDB,US60937P1066,MONGODB INC,アメリカ,US,アメリカ・ドル,USD,61.9323,3243731.7528316304,0.0002920879687685314,MOTHER FUND
562,HSY,US4278661081,HERSHEY CO/THE,アメリカ,US,アメリカ・ドル,USD,113.8462,3242840.3373728804,0.0002920076995753566,MOTHER FUND
563,RPRX,GB00BMVP7Y09,ROYALTY PHARMA PLC-CL A,イギリス,GB,アメリカ・ドル,USD,341.5385,3239729.71865266,0.00029172759802170337,MOTHER FUND
564,RVMD,US76155X1000,REVOLUTION MEDICINES INC,アメリカ,US,アメリカ・ドル,USD,104.7385,3234906.5120977103,0.00029129328325311734,MOTHER FUND
565,ATCOB,SE0017486897,ATLAS COPCO AB-B SHS,スウェーデン,SE,スウェーデン・クローナ,SEK,1092.9232,3233806.64431393,0.0002911942435755614,MOTHER FUND
566,QBE,AU000000QBE9,QBE INSURANCE,オーストラリア,AU,オーストラリア・ドル,AUD,1127.077,3229556.1978066103,0.0002908115040701758,MOTHER FUND
567,AIBG,IE00BF0L3536,AIB GROUP PLC,アイルランド,IE,ユーロ,EUR,1684.9232,3217382.3998711403,0.0002897152913799415,MOTHER FUND
568,CW,US2315611010,CURTISS-WRIGHT CORP,アメリカ,US,アメリカ・ドル,USD,27.8923,3212680.78101861,0.0002892919252062866,MOTHER FUND
569,CINF,US1720621010,CINCINNATI FINANCIAL CORP,アメリカ,US,アメリカ・ドル,USD,113.8462,3197096.9489534,0.0002878886495348062,MOTHER FUND
570,AMS,ES0109067019,AMADEUS IT GROUP SA,スペイン,ES,ユーロ,EUR,319.9077,3139914.1841979707,0.0002827395191878218,MOTHER FUND
571,1,KYG217651051,CK HUTCHISON HOLDINGS LTD,香港,HK,香港・ドル,HKD,2096.5909,3133869.86369531,0.00028219524690122874,MOTHER FUND
572,FIS,US31620M1062,FIDELITY NATIONAL INFORMATION,アメリカ,US,アメリカ・ドル,USD,422.3693,3122626.64429877,0.0002811828299178924,MOTHER FUND
573,ALL,AU000000ALL7,ARISTOCRAT LEISURE LTD,オーストラリア,AU,オーストラリア・ドル,AUD,423.5077,3113738.6743288604,0.00028038249582962494,MOTHER FUND
574,DTG,DE000DTR0CK8,DAIMLER TRUCK HOLDING AG,ドイツ,DE,ユーロ,EUR,344.9539,3110516.37252243,0.0002800923375609648,MOTHER FUND
575,EQR,US29476L1070,EQUITY RESIDENTIAL,アメリカ,US,アメリカ・ドル,USD,288.0308,3107139.8091647,0.0002797882885187724,MOTHER FUND
576,FICO,US3032501047,FAIR ISAAC CORP,アメリカ,US,アメリカ・ドル,USD,16.9631,3106734.63066947,0.0002797518034538292,MOTHER FUND
577,BPE,IT0000066123,BPER BANCA,イタリア,IT,ユーロ,EUR,1195.3847,3088317.9645225205,0.00027809343987254516,MOTHER FUND
578,OKTA,US6792951054,OKTA INC,アメリカ,US,アメリカ・ドル,USD,136.6154,3083177.58255657,0.0002776305644433984,MOTHER FUND
579,HUBB,US4435106079,HUBBELL INC,アメリカ,US,アメリカ・ドル,USD,40.4154,3076882.3451099703,0.0002770636978653937,MOTHER FUND
580,CHD,US1713401024,CHURCH & DWIGHT CO INC,アメリカ,US,アメリカ・ドル,USD,195.8154,3074131.3664196604,0.0002768159807793317,MOTHER FUND
581,L,CA5394811015,LOBLAW COMPANIES LTD,カナダ,CA,カナダ・ドル,CAD,407.5693,3070553.0676605403,0.00027649376609086804,MOTHER FUND
582,BMPS,IT0005508921,BANCA MONTE DEI PASCHI SIENA,イタリア,IT,ユーロ,EUR,1434.4617,3067605.2489538603,0.00027622832417275,MOTHER FUND
583,AVB,US0534841012,AVALONBAY COMMUNITIES INC,アメリカ,US,アメリカ・ドル,USD,101.3231,3057930.82968778,0.00027535717276820556,MOTHER FUND
584,AMRZ,CH1430134226,AMRIZE LTD,スイス,CH,アメリカ・ドル,USD,382.5231,3049364.01974458,0.00027458575814276654,MOTHER FUND
585,NXT,GB0032089863,NEXT PLC,イギリス,GB,イギリス・ポンド,GBP,92.2154,3040220.9205226805,0.0002737624504578316,MOTHER FUND
586,669,HK0669013440,TECHTRONIC INDUSTRIES COMPANY LIMITED,香港,HK,香港・ドル,HKD,1138.4616,3037185.6679625707,0.0002734891353927964,MOTHER FUND
587,P,US74624M1027,EVERPURE INC,アメリカ,US,アメリカ・ドル,USD,251.6,3035212.8277985104,0.00027331148726399466,MOTHER FUND
588,TROW,US74144T1088,T ROWE PRICE GROUP INC,アメリカ,US,アメリカ・ドル,USD,158.2462,3033686.83382545,0.00027317407624671337,MOTHER FUND
589,MTX,DE000A0D9PT0,MTU AERO ENGINES AG,ドイツ,DE,ユーロ,EUR,45.5385,3019654.9526585303,0.0002719105489330047,MOTHER FUND
590,KHC,US5007541064,KRAFT HEINZ CO/THE,アメリカ,US,アメリカ・ドル,USD,705.8462,2992642.2181044105,0.0002694781360924827,MOTHER FUND
591,ACS,ES0167050915,"ACS,ACTIVIDADES CONS Y SERV",スペイン,ES,ユーロ,EUR,147.3169,2988935.7285654,0.0002691443782224719,MOTHER FUND
592,QSR,CA76131D1033,RESTAURANT BRANDS INTERNATIONAL INC,カナダ,CA,カナダ・ドル,CAD,247.0462,2949309.74988542,0.0002655761819272645,MOTHER FUND
593,DLTR,US2567461080,DOLLAR TREE INC,アメリカ,US,アメリカ・ドル,USD,142.3077,2940613.72454685,0.00026479313185683706,MOTHER FUND
594,EL,US5184391044,ESTEE LAUDER COMPANIES-CL A,アメリカ,US,アメリカ・ドル,USD,215.1692,2935320.3333374206,0.0002643164784205874,MOTHER FUND
595,2388,HK2388011192,BOC HONG KONG HOLDINGS LTD,香港,HK,香港・ドル,HKD,2732.3079,2930814.18834729,0.00026391071406106696,MOTHER FUND
596,CMS,US1258961002,CMS ENERGY CORP,アメリカ,US,アメリカ・ドル,USD,251.6,2921988.83376721,0.00026311601829415984,MOTHER FUND
597,TPL,US88262P1021,TEXAS PACIFIC LAND CORP,アメリカ,US,アメリカ・ドル,USD,46.1077,2921561.56911629,0.0002630775444395,MOTHER FUND
598,NN,NL0010773842,NN GROUP NV,オランダ,NL,ユーロ,EUR,193.5385,2914236.70696868,0.000262417963355356,MOTHER FUND
599,NSISB,DK0060336014,NOVONESIS (NOVOZYMES) B,デンマーク,DK,デンマーク・クローネ,DKK,275.5077,2907353.5679347306,0.00026179815806553125,MOTHER FUND
600,ZM,US98980L1017,ZOOM COMMUNICATIONS INC,アメリカ,US,アメリカ・ドル,USD,195.8154,2905444.36777595,0.00026162624052152847,MOTHER FUND
601,HPQ,US40434L1052,HP INC,アメリカ,US,アメリカ・ドル,USD,671.6924,2899655.0626791203,0.00026110493158010994,MOTHER FUND
602,PHM,US7458671010,PULTEGROUP INC,アメリカ,US,アメリカ・ドル,USD,140.0308,2897389.86556766,0.00026090095761630445,MOTHER FUND
603,FMG,AU000000FMG4,FORTESCUE LTD,オーストラリア,AU,オーストラリア・ドル,AUD,1354.7693,2887001.8585499306,0.0002599655498512471,MOTHER FUND
604,UTHR,US91307C1027,UNITED THERAPEUTICS CORP,アメリカ,US,アメリカ・ドル,USD,34.1538,2886334.6061867503,0.00025990546584854024,MOTHER FUND
605,BMW,DE0005190003,BAYER MOTOREN WERK,ドイツ,DE,ユーロ,EUR,258.4308,2879053.80250434,0.00025924985209233454,MOTHER FUND
606,STE,IE00BFY8C754,STERIS PLC,アイルランド,IE,アメリカ・ドル,USD,77.4154,2876761.3961598505,0.0002590434280216112,MOTHER FUND
607,AENA,ES0105046017,AENA SME SA,スペイン,ES,ユーロ,EUR,580.6154,2876259.22073348,0.0002589982086843075,MOTHER FUND
608,WST,US9553061055,WEST PHARMACEUTICAL SERVICES,アメリカ,US,アメリカ・ドル,USD,52.5969,2870682.6941158804,0.00025849605978401805,MOTHER FUND
609,ML,FR001400AJ45,MICHELIN (CGDE),フランス,FR,ユーロ,EUR,448.5539,2864752.21977653,0.00025796203899080584,MOTHER FUND
610,NI,US65473P1057,NISOURCE INC,アメリカ,US,アメリカ・ドル,USD,393.9077,2853329.80651893,0.00025693348615688714,MOTHER FUND
611,BURL,US1220171060,BURLINGTON STORES INC,アメリカ,US,アメリカ・ドル,USD,47.36,2832998.5894435407,0.00025510272321141285,MOTHER FUND
612,VRSN,US92343E1029,VERISIGN INC,アメリカ,US,アメリカ・ドル,USD,61.4769,2831574.26009432,0.00025497446677772096,MOTHER FUND
613,CCEP,GB00BDCPN049,COCA-COLA EUROPACIFIC PARTNERS,イギリス,GB,アメリカ・ドル,USD,157.1077,2820716.63765292,0.0002539967716024662,MOTHER FUND
614,PKG,US6951561090,PACKAGING CORP OF AMERICA,アメリカ,US,アメリカ・ドル,USD,70.5846,2820548.25917737,0.00025398160964375466,MOTHER FUND
615,HEXAB,SE0015961909,HEXAGON AB-B SHS,スウェーデン,SE,スウェーデン・クローナ,SEK,1753.2309,2820073.63452252,0.00025393887116784906,MOTHER FUND
616,ULTA,US90384S3031,ULTA BEAUTY INC,アメリカ,US,アメリカ・ドル,USD,33.9262,2817528.1481569903,0.00025370965802734,MOTHER FUND
617,FRE,DE0005785604,FRESENIUS SE & CO KGAA,ドイツ,DE,ユーロ,EUR,338.1231,2809189.4859250705,0.00025295878739463676,MOTHER FUND
618,SHBA,SE0007100599,SVENSKA HANDELSBANKEN-A,スウェーデン,SE,スウェーデン・クローナ,SEK,1149.8462,2792893.2045698403,0.0002514913578775768,MOTHER FUND
619,AMCR,JE00BV7DQ550,AMCOR PLC,ジャージー,JE,アメリカ・ドル,USD,384.8,2792304.50605934,0.00025143834740530243,MOTHER FUND
620,VLTO,US92338C1036,VERALTO CORP,アメリカ,US,アメリカ・ドル,USD,183.2923,2790037.4874092704,0.00025123420941760313,MOTHER FUND
621,BRO,US1152361010,BROWN & BROWN INC,アメリカ,US,アメリカ・ドル,USD,244.7693,2787977.2133917804,0.00025104868814188427,MOTHER FUND
622,GEBN,CH0030170408,GEBERIT AG-REG,スイス,CH,スイス・フラン,CHF,26.1846,2765577.41152897,0.0002490316555616734,MOTHER FUND
623,DRI,US2371941053,DARDEN RESTAURANTS INC,アメリカ,US,アメリカ・ドル,USD,83.1077,2764512.6083635003,0.0002489357733440798,MOTHER FUND
624,MKL,US5705351048,MARKEL GROUP INC,アメリカ,US,アメリカ・ドル,USD,9.1077,2760939.2049894105,0.0002486139994698322,MOTHER FUND
625,TSEM,IL0010823792,TOWER SEMICONDUCTOR LTD,イスラエル,IL,イスラエル・シユケル,ILS,80.8308,2752942.8781705704,0.0002478939550777257,MOTHER FUND
626,INSM,US4576693075,INSMED INC,アメリカ,US,アメリカ・ドル,USD,167.3539,2729787.9347065,0.0002458089243419176,MOTHER FUND
627,COL,AU0000030678,COLES GROUP LTD,オーストラリア,AU,オーストラリア・ドル,AUD,990.4616,2714991.34886061,0.0002444765377471684,MOTHER FUND
628,FSLR,US3364331070,FIRST SOLAR INC,アメリカ,US,アメリカ・ドル,USD,81.9692,2713995.5364701003,0.000244386867934563,MOTHER FUND
629,FWONK,US5312297550,LIBERTY MEDIA CORP-LIB-NEW-C,アメリカ,US,アメリカ・ドル,USD,168.4923,2708008.59443375,0.0002438477624006341,MOTHER FUND
630,GPN,US37940X1028,GLOBAL PAYMENTS INC,アメリカ,US,アメリカ・ドル,USD,193.5385,2701201.96002155,0.00024323484611436168,MOTHER FUND
631,PHIA,NL0000009538,KONINKLIJKE PHILIPS NV,オランダ,NL,ユーロ,EUR,637.5385,2700323.40917925,0.00024315573533993857,MOTHER FUND
632,XPO,US9837931008,XPO INC,アメリカ,US,アメリカ・ドル,USD,84.2462,2697988.9936005,0.0002429455284681578,MOTHER FUND
633,LGEN,GB0005603997,LEGAL & GENERAL,イギリス,GB,イギリス・ポンド,GBP,4155.385,2696803.2858095905,0.00024283875916459335,MOTHER FUND
634,RDDT,US75734B1008,REDDIT INC-CL A,アメリカ,US,アメリカ・ドル,USD,93.3539,2671282.1636872105,0.0002405406613903516,MOTHER FUND
635,DD,US26614N2018,DUPONT DE NEMOURS INC,アメリカ,US,アメリカ・ドル,USD,119.5385,2667425.0556741403,0.00024019334079459798,MOTHER FUND
636,SBAC,US78410G1040,SBA COMMUNICATIONS CORP,アメリカ,US,アメリカ・ドル,USD,91.0769,2662631.1075831503,0.0002397616606598098,MOTHER FUND
637,EXE,US1651677353,EXPAND ENERGY CORP,アメリカ,US,アメリカ・ドル,USD,178.7385,2654935.3346354705,0.00023906868021023058,MOTHER FUND
638,SOFI,US83406F1021,SOFI TECHNOLOGIES INC,アメリカ,US,アメリカ・ドル,USD,1001.8462,2651945.50669452,0.00023879945549105418,MOTHER FUND
639,OMC,US6819191064,OMNICOM GROUP,アメリカ,US,アメリカ・ドル,USD,207.2,2651107.4850863703,0.00023872399424827576,MOTHER FUND
640,UMG,NL0015000IY2,UNIVERSAL MUSIC GROUP NV,オランダ,NL,ユーロ,EUR,740.0001,2650733.50043988,0.00023869031809251823,MOTHER FUND
641,IP,US4601461035,INTERNATIONAL PAPER CO,アメリカ,US,アメリカ・ドル,USD,376.8308,2613347.21733077,0.0002353237994265982,MOTHER FUND
642,ESLT,IL0010811243,ELBIT SYSTEMS LTD,イスラエル,IL,イスラエル・シユケル,ILS,20.72,2603734.16114671,0.00023445817357698574,MOTHER FUND
643,DOW,US2605571031,DOW INC,アメリカ,US,アメリカ・ドル,USD,535.077,2587666.93827207,0.00023301137006460896,MOTHER FUND
644,BBD/B,CA0977518616,BOMBARDIER INC-B,カナダ,CA,カナダ・ドル,CAD,68.3077,2584916.7565049,0.00023276372473900032,MOTHER FUND
645,BXB,AU000000BXB1,BRAMBLES LTD,オーストラリア,AU,オーストラリア・ドル,AUD,1149.8462,2581532.79314656,0.00023245900934973864,MOTHER FUND
646,FFIV,US3156161024,F5 INC,アメリカ,US,アメリカ・ドル,USD,41.2123,2574941.1002906905,0.0002318654478829693,MOTHER FUND
647,EXPD,US3021301094,EXPEDITORS INTERNATIONAL WASH INC,アメリカ,US,アメリカ・ドル,USD,95.6308,2566906.74885331,0.00023114197949207404,MOTHER FUND
648,GIS,US3703341046,GENERAL MILLS,アメリカ,US,アメリカ・ドル,USD,438.3077,2565600.2502831207,0.0002310243333540318,MOTHER FUND
649,KEY,US4932671088,KEYCORP,アメリカ,US,アメリカ・ドル,USD,705.8462,2564959.8656144803,0.00023096666870376276,MOTHER FUND
650,IFF,US4595061015,INTERNATIONAL FLAVORS & FRAGRANCE,アメリカ,US,アメリカ・ドル,USD,199.2308,2544979.1808759305,0.00022916747010640873,MOTHER FUND
651,SNA,US8330341012,SNAP-ON INC,アメリカ,US,アメリカ・ドル,USD,38.7077,2544741.2423946005,0.00022914604448524172,MOTHER FUND
652,RBA,CA74935Q1072,RB GLOBAL INC,カナダ,CA,カナダ・ドル,CAD,143.4462,2532483.6536829304,0.00022804228669587878,MOTHER FUND
653,SCMN,CH0008742519,SWISSCOM AG-REG,スイス,CH,スイス・フラン,CHF,20.0369,2505581.34990722,0.00022561981780393613,MOTHER FUND
654,ZBH,US98956P1021,ZIMMER BIOMET HOLDINGS INC,アメリカ,US,アメリカ・ドル,USD,163.9385,2502024.3403806505,0.00022529952014473573,MOTHER FUND
655,INCY,US45337C1027,INCYTE CORP,アメリカ,US,アメリカ・ドル,USD,126.3692,2497934.87234825,0.0002249312762509905,MOTHER FUND
656,FTAI,KYG3730V1059,FTAI AVIATION LTD,ケイマン諸島（英領）,KY,アメリカ・ドル,USD,78.6677,2497085.8076622603,0.0002248548206133542,MOTHER FUND
657,SGSN,CH1256740924,SGS SA-REG,スイス,CH,スイス・フラン,CHF,129.7846,2493756.71815463,0.00022455504644390157,MOTHER FUND
658,BR,US11133T1034,BROADRIDGE FINANCIAL SOLUTIONS INC,アメリカ,US,アメリカ・ドル,USD,100.1846,2492055.85647472,0.00022440188913278681,MOTHER FUND
659,SAABB,SE0021921269,SAAB AB-B,スウェーデン,SE,スウェーデン・クローナ,SEK,249.3231,2484107.0035060006,0.00022368611961342194,MOTHER FUND
660,NST,AU000000NST8,NORTHERN STAR RESOURCES LTD,オーストラリア,AU,オーストラリア・ドル,AUD,1092.9232,2472257.5532898004,0.00022261911342782954,MOTHER FUND
661,CAP,FR0000125338,CAPGEMINI SA,フランス,FR,ユーロ,EUR,130.9231,2472121.16558615,0.00022260683213875886,MOTHER FUND
662,BIRG,IE00BD1RP616,BANK OF IRELAND GROUP PLC,アイルランド,IE,ユーロ,EUR,740.0001,2470593.23622832,0.0002224692468460907,MOTHER FUND
663,MRK,DE0006599905,MERCK KGAA,ドイツ,DE,ユーロ,EUR,93.3539,2468685.8576081605,0.0002222974933259827,MOTHER FUND
664,STO,AU000000STO6,SANTOS LTD.,オーストラリア,AU,オーストラリア・ドル,AUD,2789.231,2467665.3406002102,0.0002222055989393135,MOTHER FUND
665,HNR1,DE0008402215,HANNOVER RUECK SE,ドイツ,DE,ユーロ,EUR,52.5969,2457553.9797593304,0.00022129510230317208,MOTHER FUND
666,EFX,US2944291051,EQUIFAX INC,アメリカ,US,アメリカ・ドル,USD,86.5231,2449261.99445437,0.00022054843478275517,MOTHER FUND
667,HEI/A,US4228062083,HEICO CORP-CLASS A,アメリカ,US,アメリカ・ドル,USD,59.2,2437171.1903719506,0.00021945969543119527,MOTHER FUND
668,L,US5404241086,LOEWS CORP,アメリカ,US,アメリカ・ドル,USD,129.7846,2427360.1557099,0.00021857624223459404,MOTHER FUND
669,ESS,US2971781057,ESSEX PROPERTY TRUST INC,アメリカ,US,アメリカ・ドル,USD,53.5077,2423927.46619366,0.00021826713920616506,MOTHER FUND
670,RS,US7595091023,RELIANCE INC,アメリカ,US,アメリカ・ドル,USD,37.5692,2421409.75829197,0.00021804042743004017,MOTHER FUND
671,GPC,US3724601055,GENUINE PARTS CO,アメリカ,US,アメリカ・ドル,USD,120.6769,2421102.3736510305,0.00021801274839791174,MOTHER FUND
672,JBHT,US4456581077,HUNT J B TRANSPORT SVCS INC,アメリカ,US,アメリカ・ドル,USD,55.7846,2413657.1761087906,0.0002173423314852632,MOTHER FUND
673,EVRG,US30034W1062,EVERGY INC,アメリカ,US,アメリカ・ドル,USD,179.8769,2406742.6155337603,0.00021671969678326467,MOTHER FUND
674,HBAN,CH0466642201,HELVETIA BALOISE HOLDING AG,スイス,CH,スイス・フラン,CHF,55.7846,2401219.93815141,0.0002162223968393447,MOTHER FUND
675,SAB,ES0113860A34,BANCO DE SABADELL SA,スペイン,ES,ユーロ,EUR,3893.5388,2398728.8702519406,0.00021599808391267148,MOTHER FUND
676,ALFA,SE0000695876,ALFA LAVAL AB,スウェーデン,SE,スウェーデン・クローナ,SEK,253.8769,2387882.7462730403,0.00021502142413824867,MOTHER FUND
677,ANTO,GB0000456144,ANTOFAGASTA PLC,イギリス,GB,イギリス・ポンド,GBP,296,2371807.66801313,0.00021357391327282843,MOTHER FUND
678,CDW,US12514G1085,CDW CORPORATION,アメリカ,US,アメリカ・ドル,USD,101.3231,2370393.12943395,0.00021344653846756695,MOTHER FUND
679,CF,US1252691001,CF INDUSTRIES HOLDINGS INC,アメリカ,US,アメリカ・ドル,USD,117.2615,2370296.13250281,0.00021343780419520652,MOTHER FUND
680,FM,CA3359341052,FIRST QUANTUM MINERALS LTD,カナダ,CA,カナダ・ドル,CAD,530.5231,2370134.9263355606,0.00021342328808057905,MOTHER FUND
681,KYGA,IE0004906560,KERRY GROUP PLC-A,アイルランド,IE,ユーロ,EUR,151.4154,2369938.0863191905,0.00021340556324852297,MOTHER FUND
682,KPN,NL0000009082,KONINKLIJKE KPN NV,オランダ,NL,ユーロ,EUR,3062.4618,2360667.02400973,0.00021257073288502795,MOTHER FUND
683,VNA,DE000A1ML7J1,VONOVIA SE,ドイツ,DE,ユーロ,EUR,604.5231,2360167.5808912707,0.00021252575958356464,MOTHER FUND
684,AFRM,US00827B1061,AFFIRM HOLDINGS INC,アメリカ,US,アメリカ・ドル,USD,200.3692,2358895.00847775,0.00021241116839055006,MOTHER FUND
685,VACN,CH0311864901,VAT GROUP AG,スイス,CH,スイス・フラン,CHF,19.5815,2354593.1035046102,0.000212023795210156,MOTHER FUND
686,MG,CA5592224011,MAGNA INTERNATIONAL INC,カナダ,CA,カナダ・ドル,CAD,209.4769,2351868.7648165105,0.00021177847697354476,MOTHER FUND
687,BAMI,IT0005218380,BANCO BPM SPA,イタリア,IT,ユーロ,EUR,808.3078,2350749.0878003202,0.00021167765353614112,MOTHER FUND
688,MTZ,US5763231090,MASTEC INC,アメリカ,US,アメリカ・ドル,USD,44.4,2315193.6786896205,0.00020847599938677674,MOTHER FUND
689,VOW3,DE0007664039,VOLKSWAGEN AG-PREF,ドイツ,DE,ユーロ,EUR,163.9385,2310718.8413944007,0.0002080730541879361,MOTHER FUND
690,INVH,US46187W1071,INVITATION HOMES INC,アメリカ,US,アメリカ・ドル,USD,482.7077,2301821.99142376,0.0002072719204831856,MOTHER FUND
691,HLMA,GB0004052071,HALMA PLC,イギリス,GB,イギリス・ポンド,GBP,297.1385,2297366.05259165,0.00020687067703224621,MOTHER FUND
692,ESSITYB,SE0009922164,ESSITY AKTIEBOLAG-B,スウェーデン,SE,スウェーデン・クローナ,SEK,489.5385,2289845.7165816305,0.0002061934941339668,MOTHER FUND
693,TOST,US8887871080,TOAST INC-CLASS A,アメリカ,US,アメリカ・ドル,USD,432.6154,2284058.91610039,0.00020567241072540234,MOTHER FUND
694,2,HK0002007356,CLP HLDGS,香港,HK,香港・ドル,HKD,1423.077,2280221.9588582306,0.00020532690464397757,MOTHER FUND
695,16,HK0016000132,SUN HUNG KAI PROPERTIES,香港,HK,香港・ドル,HKD,910.7693,2274856.73071974,0.00020484378251540343,MOTHER FUND
696,NDSN,US6556631025,NORDSON CORP,アメリカ,US,アメリカ・ドル,USD,47.8154,2268809.90560149,0.0002042992846959563,MOTHER FUND
697,ACA,FR0000045072,CREDIT AGRICOLE SA,フランス,FR,ユーロ,EUR,648.9231,2256616.63997209,0.00020320131900035353,MOTHER FUND
698,ENTG,US29362U1043,ENTEGRIS INC,アメリカ,US,アメリカ・ドル,USD,119.5385,2249943.43326329,0.00020260041746432355,MOTHER FUND
699,LNT,US0188021085,ALLIANT ENERGY CORP,アメリカ,US,アメリカ・ドル,USD,196.9539,2243982.22045985,0.00020206362876789885,MOTHER FUND
700,TSCO,US8923561067,TRACTOR SUPPLY COMPANY,アメリカ,US,アメリカ・ドル,USD,456.5231,2216580.01818103,0.00019959614556851966,MOTHER FUND
701,LEN,US5260571048,LENNAR CORP-A,アメリカ,US,アメリカ・ドル,USD,163.9385,2206661.05735615,0.00019870297395619234,MOTHER FUND
702,EMA,CA2908761018,EMERA INC,カナダ,CA,カナダ・ドル,CAD,251.6,2186615.3664583503,0.00019689792175611788,MOTHER FUND
703,GWO,CA39138C1068,GREAT-WEST LIFECO INC,カナダ,CA,カナダ・ドル,CAD,207.2,2182796.8522946406,0.0001965540764166202,MOTHER FUND
704,PAAS,CA6979001089,PAN AMERICAN SILVER CORP,カナダ,CA,カナダ・ドル,CAD,307.3846,2173026.68840521,0.00019567430350614194,MOTHER FUND
705,FCNCA,US31946M1036,FIRST CITIZENS BCSHS  -CL A,アメリカ,US,アメリカ・ドル,USD,6.2615,2169931.89430169,0.00019539562691006865,MOTHER FUND
706,LISN,CH0010570759,CHOCOLADEFABRIKEN LINDT-REG,スイス,CH,スイス・フラン,CHF,0.1138,2168902.38344684,0.0001953029226554225,MOTHER FUND
707,KNEBV,FI0009013403,KONE OYJ,フィンランド,FI,ユーロ,EUR,236.8,2165957.5247404,0.00019503774727613177,MOTHER FUND
708,J,US46982L1089,JACOBS SOLUTIONS INC,アメリカ,US,アメリカ・ドル,USD,101.3231,2161786.7705474,0.00019466218381611303,MOTHER FUND
709,NLY,US0357108390,ANNALY CAPITAL MANAGEMENT,アメリカ,US,アメリカ・ドル,USD,580.6154,2153745.13295557,0.00019393805932964157,MOTHER FUND
710,CHRW,US12541W2098,C.H.ROBINSON WORLDWIDE INC,アメリカ,US,アメリカ・ドル,USD,91.0769,2150597.96961692,0.00019365466704661247,MOTHER FUND
711,WY,US9621661043,WEYERHAEUSER CO,アメリカ,US,アメリカ・ドル,USD,569.2308,2149939.2557159904,0.0001935953519059094,MOTHER FUND
712,IMO,CA4530384086,IMPERIAL OIL,カナダ,CA,カナダ・ドル,CAD,103.6,2148345.40942959,0.00019345183099857253,MOTHER FUND
713,KIM,US49446R1095,KIMCO REALTY CORP,アメリカ,US,アメリカ・ドル,USD,523.6924,2147121.4493278,0.00019334161719323131,MOTHER FUND
714,WSP,CA92938W2022,WSP GLOBAL INC,カナダ,CA,カナダ・ドル,CAD,111.5692,2138585.60554103,0.00019257299097399274,MOTHER FUND
715,WRB,US0844231029,WR BERKLEY CORP,アメリカ,US,アメリカ・ドル,USD,181.0154,2134829.2513824906,0.00019223474294988125,MOTHER FUND
716,SSNC,US78467J1007,SS&C TECHNOLOGIES HOLDINGS,アメリカ,US,アメリカ・ドル,USD,171.9077,2132130.4142349707,0.00019199172104778715,MOTHER FUND
717,TEAM,US0494681010,ATLASSIAN CORP PLC-CLASS A,アメリカ,US,アメリカ・ドル,USD,134.3385,2118497.1084858105,0.0001907640842124057,MOTHER FUND
718,WPC,US92936U1097,WP CAREY INC,アメリカ,US,アメリカ・ドル,USD,177.6,2114530.25277131,0.000190406881177033,MOTHER FUND
719,DAL,US2473617023,DELTA AIR LINES INC,アメリカ,US,アメリカ・ドル,USD,148,2107251.49831984,0.0001897514519477082,MOTHER FUND
720,STZ,US21036P1084,CONSTELLATION BRANDS INC-A,アメリカ,US,アメリカ・ドル,USD,100.1846,2099336.1161231203,0.00018903869636739605,MOTHER FUND
721,CRWV,US21873S1087,COREWEAVE INC-CL A,アメリカ,US,アメリカ・ドル,USD,176.4616,2095870.5250656803,0.00018872663065737968,MOTHER FUND
722,SHL,DE000SHL1006,SIEMENS HEALTHINEERS AG,ドイツ,DE,ユーロ,EUR,303.9693,2093273.3525420101,0.00018849276333887592,MOTHER FUND
723,EG,BMG3223R1088,EVEREST GROUP LTD,アメリカ,US,アメリカ・ドル,USD,34.6092,2087900.9520952303,0.00018800899536621876,MOTHER FUND
724,LUN,CA5503721063,LUNDIN MINING CORP,カナダ,CA,カナダ・ドル,CAD,511.1693,2087307.9274305303,0.0001879555953371964,MOTHER FUND
725,WRT1V,FI0009003727,WARTSILA OYJ,フィンランド,FI,ユーロ,EUR,375.6923,2084358.5148775503,0.0001876900098981698,MOTHER FUND
726,TOU,CA89156V1067,TOURMALINE OIL CORP,カナダ,CA,カナダ・ドル,CAD,290.3077,2073941.24939585,0.00018675196749931358,MOTHER FUND
727,PNFP,US72348N1090,PINNACLE FINANCIAL PARTNERS,アメリカ,US,アメリカ・ドル,USD,122.9539,2071758.3630604702,0.00018655540536522306,MOTHER FUND
728,PTC,US69370C1009,PTC INC,アメリカ,US,アメリカ・ドル,USD,94.4923,2069961.52906489,0.00018639360604518832,MOTHER FUND
729,BAER,CH0102484968,JULIUS BAER GROUP LTD,スイス,CH,スイス・フラン,CHF,145.7231,2069949.5752177401,0.00018639252963838313,MOTHER FUND
730,CDE,US1921085049,COEUR MINING INC,アメリカ,US,アメリカ・ドル,USD,835.6308,2068259.8704618402,0.00018624037697362024,MOTHER FUND
731,TSN,US9024941034,TYSON FOODS INC-CL A,アメリカ,US,アメリカ・ドル,USD,211.7539,2064106.3070395002,0.000185866361489102,MOTHER FUND
732,IHG,GB00BHJYC057,INTERCONTINENTAL HOTELS GROUP PLC,イギリス,GB,アメリカ・ドル,USD,79.6923,2061471.5652819301,0.00018562911117778186,MOTHER FUND
733,IEX,US45167R1041,IDEX CORP,アメリカ,US,アメリカ・ドル,USD,54.6462,2053138.9368966601,0.00018487878387422727,MOTHER FUND
734,GMAB,DK0010272202,GENMAB A/S,デンマーク,DK,デンマーク・クローネ,DKK,44.8554,2047982.1610832,0.00018441443223003433,MOTHER FUND
735,GEN,US6687711084,GEN DIGITAL INC,アメリカ,US,アメリカ・ドル,USD,466.7693,2047272.78563959,0.00018435055517477614,MOTHER FUND
736,LYB,NL0009434992,LYONDELLBASELL INDU-CL A,オランダ,NL,アメリカ・ドル,USD,210.6154,2045900.4839870103,0.00018422698367356007,MOTHER FUND
737,WKL,NL0000395903,WOLTERS KLUWER,オランダ,NL,ユーロ,EUR,160.5231,2043868.89920267,0.00018404404577417274,MOTHER FUND
738,CLNX,ES0105066007,CELLNEX TELECOM SA,スペイン,ES,ユーロ,EUR,408.7077,2040549.4866189302,0.00018374514298165825,MOTHER FUND
739,BESI,NL0012866412,BE SEMICONDUCTOR INDUSTRIES,オランダ,NL,ユーロ,EUR,55.7846,2039552.6496129502,0.0001836553809056124,MOTHER FUND
740,PGHN,CH0024608827,PARTNERS GROUP HOLDING AG,スイス,CH,スイス・フラン,CHF,15.1415,2026489.94083433,0.00018247912455505834,MOTHER FUND
741,SMCI,US86800U3023,SUPER MICRO COMPUTER INC,アメリカ,US,アメリカ・ドル,USD,449.6923,2004173.3605169002,0.00018046958581650896,MOTHER FUND
742,SGRO,GB00B5ZN1N88,SEGRO PLC,イギリス,GB,イギリス・ポンド,GBP,956.3078,1999683.2678358003,0.0001800652669175556,MOTHER FUND
743,RPM,US7496851038,RPM INTERNATIONAL INC,アメリカ,US,アメリカ・ドル,USD,114.9846,1992733.8703348,0.0001794394952585828,MOTHER FUND
744,DECK,US2435371073,DECKERS OUTDOOR CORP,アメリカ,US,アメリカ・ドル,USD,124.0923,1988229.0914986401,0.00017903385391698394,MOTHER FUND
745,UPM,FI0009005987,UPM-KYMMENE OYJ,フィンランド,FI,ユーロ,EUR,455.3847,1981911.99558868,0.00017846501905224968,MOTHER FUND
746,DSFIR,CH1216478797,DSM-FIRMENICH AG,スイス,CH,ユーロ,EUR,114.9846,1981722.3278806,0.00017844794006427673,MOTHER FUND
747,INF,GB00BMJ6DW54,INFORMA PLC,イギリス,GB,イギリス・ポンド,GBP,1001.8462,1980473.2077767202,0.00017833546067889854,MOTHER FUND
748,FDXF,US3143521058,FEDEX FREIGHT HOLDING CO,アメリカ,US,アメリカ・ドル,USD,89.3692,1975688.93660962,0.0001779046519210485,MOTHER FUND
749,NBIX,US64125C1099,NEUROCRINE BIOSCIENCES INC,アメリカ,US,アメリカ・ドル,USD,66.0308,1968612.4867903602,0.00017726743959546216,MOTHER FUND
750,ZS,US98980G1022,ZSCALER INC,アメリカ,US,アメリカ・ドル,USD,82.5385,1968479.8560101,0.00017725549660567317,MOTHER FUND
751,DSY,FR0014003TT8,DASSAULT SYSTEMES SE,フランス,FR,ユーロ,EUR,523.6924,1959277.21524479,0.0001764268273897001,MOTHER FUND
752,BBY,US0865161014,BEST BUY COMPANY INC,アメリカ,US,アメリカ・ドル,USD,137.7539,1944317.2601545402,0.00017507972990194853,MOTHER FUND
753,BG,CH1300646267,BUNGE GLOBAL SA,スイス,CH,アメリカ・ドル,USD,114.9846,1941728.1707084603,0.00017484659043947437,MOTHER FUND
754,CPU,AU000000CPU5,COMPUTERSHARE LTD,オーストラリア,AU,オーストラリア・ドル,AUD,421.2308,1940442.73367848,0.00017473084082770727,MOTHER FUND
755,LOGN,CH0025751329,LOGITECH INTERNATIONAL-REG,スイス,CH,スイス・フラン,CHF,118.4,1938073.1396352702,0.0001745174662444721,MOTHER FUND
756,CARLB,DK0010181759,CARLSBERG B,デンマーク,DK,デンマーク・クローネ,DKK,80.8308,1930921.7790405503,0.00017387350843624103,MOTHER FUND
757,SGX,SG1J26887955,SINGAPORE EXCHANGE LTD,シンガポール,SG,シンガポール・ドル,SGD,637.5385,1925715.4801460502,0.0001734046973924274,MOTHER FUND
758,TRN,IT0003242622,TERNA SPA,イタリア,IT,ユーロ,EUR,1036.0001,1921679.0644257502,0.00017304123069459746,MOTHER FUND
759,BALL,US0584981064,BALL CORP,アメリカ,US,アメリカ・ドル,USD,182.1539,1912000.4328516303,0.00017216969998479824,MOTHER FUND
760,EVN,AU000000EVN4,EVOLUTION MINING LTD,オーストラリア,AU,オーストラリア・ドル,AUD,1525.5386,1906418.89700284,0.00017166710001879958,MOTHER FUND
761,SCG,AU000000SCG8,SCENTRE GROUP,オーストラリア,AU,オーストラリア・ドル,AUD,4326.1542,1906367.4385370302,0.00017166246634379203,MOTHER FUND
762,TYL,US9022521051,TYLER TECHNOLOGIES INC,アメリカ,US,アメリカ・ドル,USD,36.6585,1904861.1399502202,0.00017152682883486543,MOTHER FUND
763,NESTE,FI0009013296,NESTE OYJ,フィンランド,FI,ユーロ,EUR,330.1539,1901383.5950456401,0.00017121368671804474,MOTHER FUND
764,COO,US2166485019,COOPER COS INC/THE,アメリカ,US,アメリカ・ドル,USD,161.6616,1887610.0308232803,0.00016997342004281796,MOTHER FUND
765,FTV,US34959J1088,FORTIVE CORP,アメリカ,US,アメリカ・ドル,USD,200.3692,1883251.65815314,0.0001695809621217071,MOTHER FUND
766,EDP,PTEDP0AM0009,EDP SA,ポルトガル,PT,ユーロ,EUR,2288.3079,1882106.13805787,0.00016947781159530527,MOTHER FUND
767,LVS,US5178341070,LAS VEGAS SANDS CORP,アメリカ,US,アメリカ・ドル,USD,234.5231,1879727.5501677603,0.00016926362714409315,MOTHER FUND
768,MAS,US5745991068,MASCO CORP,アメリカ,US,アメリカ・ドル,USD,161.6616,1873579.6296564902,0.0001687100259985238,MOTHER FUND
769,SUI,US8666741041,SUN COMMUNITIES INC,アメリカ,US,アメリカ・ドル,USD,93.3539,1866926.80141092,0.0001681109594798087,MOTHER FUND
770,SRG,IT0003153415,SNAM SPA,イタリア,IT,ユーロ,EUR,1673.5386,1857593.5790962903,0.00016727053180092756,MOTHER FUND
771,MAA,US59522J1034,MID-AMERICA APARTMENT COMM,アメリカ,US,アメリカ・ドル,USD,86.5231,1853946.6311006902,0.0001669421354619549,MOTHER FUND
772,FN,KYG3323L1005,FABRINET,ケイマン諸島（英領）,KY,アメリカ・ドル,USD,26.1846,1848872.7352941202,0.0001664852469049432,MOTHER FUND
773,FBK,IT0000072170,FINECOBANK BANCA FINECO SPA,イタリア,IT,ユーロ,EUR,421.2308,1844185.57490433,0.0001660631826709476,MOTHER FUND
774,NVR,US62944T1051,NVR INC,アメリカ,US,アメリカ・ドル,USD,1.8215,1841059.3592597302,0.00016578167666270063,MOTHER FUND
775,FPH,NZFAPE0001S2,FISHER & PAYKEL HEALTHCARE CORPORATION L,ニュージーランド,NZ,ニュージーランド・ドル,NZD,478.1539,1839680.2268373503,0.00016565749007188156,MOTHER FUND
776,MRU,CA59162N1096,METRO INC/CN,カナダ,CA,カナダ・ドル,CAD,170.7692,1835039.5156821902,0.00016523960844718526,MOTHER FUND
777,TLS,AU000000TLS2,TELSTRA GROUP LTD,オーストラリア,AU,オーストラリア・ドル,AUD,3221.8464,1831103.28458561,0.0001648851630635311,MOTHER FUND
778,HEI,US4228061093,HEICO CORP,アメリカ,US,アメリカ・ドル,USD,32.1046,1827465.5581292503,0.00016455759709552338,MOTHER FUND
779,STMN,CH1175448666,STRAUMANN HOLDING AG-REG,スイス,CH,スイス・フラン,CHF,89.9385,1825451.27796174,0.00016437621742313057,MOTHER FUND
780,ORG,AU000000ORG5,ORIGIN ENERGY LTD,オーストラリア,AU,オーストラリア・ドル,AUD,1514.154,1823758.1578209302,0.00016422375721356528,MOTHER FUND
781,ALA,CA0213611001,ALTAGAS LTD,カナダ,CA,カナダ・ドル,CAD,284.6154,1822115.2438381503,0.00016407581791258186,MOTHER FUND
782,H,CA4488112083,HYDRO ONE LTD,カナダ,CA,カナダ・ドル,CAD,272.0923,1817760.1727067402,0.00016368365728477855,MOTHER FUND
783,RIVN,US76954A1034,RIVIAN AUTOMOTIVE INC-A,アメリカ,US,アメリカ・ドル,USD,671.6924,1816872.5141713903,0.00016360372639088634,MOTHER FUND
784,TXT,US8832031012,TEXTRON INC,アメリカ,US,アメリカ・ドル,USD,129.7846,1816608.96030332,0.00016357999418370906,MOTHER FUND
785,EPIA,SE0015658109,EPIROC AB - A,スウェーデン,SE,スウェーデン・クローナ,SEK,444,1815735.8740768603,0.00016350137548096834,MOTHER FUND
786,CSL,US1423391002,CARLISLE COS INC,アメリカ,US,アメリカ・ドル,USD,30.5108,1813777.2646832103,0.0001633250087888389,MOTHER FUND
787,823,HK0823032773,LINK REIT,香港,HK,香港・ドル,HKD,2231.3848,1805982.44557344,0.00016262310954001742,MOTHER FUND
788,KSP,IE0004927939,KINGSPAN GROUP PLC,アイルランド,IE,ユーロ,EUR,124.0923,1805596.8486183,0.00016258838773193575,MOTHER FUND
789,IAG,CA45075E1043,IA FINANCIAL CORP INC,カナダ,CA,カナダ・ドル,CAD,75.1385,1790689.9458401501,0.0001612460674400994,MOTHER FUND
790,BT/A,GB0030913577,BT GROUP PLC,イギリス,GB,イギリス・ポンド,GBP,4052.9234,1788608.6102824502,0.00016105864963810527,MOTHER FUND
791,SN/,GB0009223206,SMITH & NEPHEW PLC,イギリス,GB,イギリス・ポンド,GBP,694.4616,1784766.52996293,0.00016071268223947726,MOTHER FUND
792,SOON,CH0012549785,SONOVA HOLDING AG-REG,スイス,CH,スイス・フラン,CHF,40.9846,1783763.4314179702,0.00016062235633129568,MOTHER FUND
793,BAM,CA1130041058,BROOKFIELD ASSET MGMT-A,カナダ,CA,カナダ・ドル,CAD,231.1077,1780610.3480788402,0.00016033843097061184,MOTHER FUND
794,LULU,US5500211090,LULULEMON ATHLETICA INC,アメリカ,US,アメリカ・ドル,USD,92.2154,1770722.0118718902,0.00015944801701000394,MOTHER FUND
795,BG,AT0000BAWAG2,BAWAG GROUP AG,オーストリア,AT,ユーロ,EUR,54.6462,1769305.31021561,0.00015932044742636848,MOTHER FUND
796,TEF,ES0178430E18,TELEFONICA SA,スペイン,ES,ユーロ,EUR,2652.6156,1768770.00555571,0.0001592722449044904,MOTHER FUND
797,GGG,US3841091040,GRACO INC,アメリカ,US,アメリカ・ドル,USD,136.6154,1756326.5060593502,0.0001581517464264362,MOTHER FUND
798,SCHP,CH0024638196,SCHINDLER HOLDING-PART CERT,スイス,CH,スイス・フラン,CHF,34.7231,1753430.48735697,0.00015789096893780585,MOTHER FUND
799,RKT,US77311W1018,ROCKET COS INC-CLASS A,アメリカ,US,アメリカ・ドル,USD,819.6924,1746885.1298895702,0.00015730157982884275,MOTHER FUND
800,NTGY,ES0116870314,NATURGY ENERGY GROUP SA,スペイン,ES,ユーロ,EUR,325.6,1744360.70506425,0.00015707426321460885,MOTHER FUND
801,ELE,ES0130670112,ENDESA S.A.,スペイン,ES,ユーロ,EUR,225.4154,1740095.11701721,0.0001566901602606036,MOTHER FUND
802,URW,FR0013326246,UNIBAIL-RODAMCO-WESTFIELD,フランス,FR,ユーロ,EUR,89.9385,1739863.2123825403,0.00015666927796858623,MOTHER FUND
803,CSGP,US22160N1090,COSTAR GROUP INC,アメリカ,US,アメリカ・ドル,USD,366.5846,1735709.07972938,0.00015629521122660075,MOTHER FUND
804,ENX,NL0006294274,EURONEXT NV,オランダ,NL,ユーロ,EUR,62.6154,1731749.282477,0.00015593864378381721,MOTHER FUND
805,GIB/A,CA12532H1047,CGI INC,カナダ,CA,カナダ・ドル,CAD,146.8616,1729025.8545582,0.0001556934075591524,MOTHER FUND
806,TRU,US89400J1079,TRUNSUNION,アメリカ,US,アメリカ・ドル,USD,133.2,1718198.5151962403,0.00015471843928113692,MOTHER FUND
807,MZTF,IL0006954379,MIZRAHI TEFAHOT BANK LTD,イスラエル,IL,イスラエル・シユケル,ILS,144.5846,1717417.98590056,0.0001546481550425156,MOTHER FUND
808,RO,CH0012032113,ROCHE HOLDINGS AG-BEARER,スイス,CH,スイス・フラン,CHF,23.9077,1709439.8744678602,0.00015392975088935097,MOTHER FUND
809,SY1,DE000SYM9999,SYMRISE AG,ドイツ,DE,ユーロ,EUR,100.1846,1703651.8216788203,0.00015340855471435903,MOTHER FUND
810,BOL,SE0020050417,BOLIDEN AB,スウェーデン,SE,スウェーデン・クローナ,SEK,212.8923,1699990.9844513002,0.00015307890769319425,MOTHER FUND
811,RI,FR0000120693,PERNOD RICARD SA,フランス,FR,ユーロ,EUR,134.3385,1688089.9619231303,0.00015200725758110123,MOTHER FUND
812,LDOS,US5253271028,LEIDOS HOLDINGS INC,アメリカ,US,アメリカ・ドル,USD,93.3539,1686580.7033360803,0.00015187135353334727,MOTHER FUND
813,MONC,IT0004965148,MONCLER SPA,イタリア,IT,ユーロ,EUR,186.7077,1685999.2909800403,0.00015181899915664998,MOTHER FUND
814,KEP,SG1U68934629,KEPPEL LTD,シンガポール,SG,シンガポール・ドル,SGD,1172.6155,1685799.3771172601,0.00015180099753427258,MOTHER FUND
815,ADM,GB00B02J6398,ADMIRAL GROUP PLC,イギリス,GB,イギリス・ポンド,GBP,206.0616,1685021.80782182,0.00015173097983447862,MOTHER FUND
816,LII,US5261071071,LENNOX INTERNATIONAL INC,アメリカ,US,アメリカ・ドル,USD,24.9323,1672772.6437262401,0.00015062798065562633,MOTHER FUND
817,ALLE,IE00BFRT3W74,ALLEGION PLC,アメリカ,US,アメリカ・ドル,USD,66.0308,1666793.89861365,0.000150089613229221,MOTHER FUND
818,S32,AU000000S320,SOUTH32 LTD,オーストラリア,AU,オーストラリア・ドル,AUD,3233.231,1654912.11608708,0.00014901969561950939,MOTHER FUND
819,KOG,NO0013536151,KONGSBERG GRUPPEN ASA,ノルウェー,NO,ノルウェー・クローネ,NOK,332.4308,1653830.9190740902,0.00014892233718686863,MOTHER FUND
820,SUN,AU000000SUN6,SUNCORP GROUP LTD,オーストラリア,AU,オーストラリア・ドル,AUD,751.3847,1648737.6694197503,0.00014846370587598157,MOTHER FUND
821,IOT,US79589L1061,SAMSARA INC-CL A,アメリカ,US,アメリカ・ドル,USD,285.7539,1644163.7859624603,0.00014805184187790046,MOTHER FUND
822,TRMB,US8962391004,TRIMBLE INC,アメリカ,US,アメリカ・ドル,USD,178.7385,1639153.98554583,0.00014760072491166185,MOTHER FUND
823,REG,US7588491032,REGENCY CENTERS CORP,アメリカ,US,アメリカ・ドル,USD,126.3692,1632116.81265292,0.0001469670493512926,MOTHER FUND
824,AVY,US0536111091,AVERY DENNISON CORP,アメリカ,US,アメリカ・ドル,USD,58.0615,1631359.2802822301,0.00014689883591433438,MOTHER FUND
825,ROL,US7757111049,ROLLINS INC,アメリカ,US,アメリカ・ドル,USD,262.9846,1620935.2978768903,0.00014596018867736826,MOTHER FUND
826,MDLN,US58507V1070,MEDLINE INC-CL A,アメリカ,US,アメリカ・ドル,USD,256.1539,1610533.1739349,0.00014502350972713074,MOTHER FUND
827,PST,IT0003796171,POSTE ITALIANE  SPA,イタリア,IT,ユーロ,EUR,330.1539,1607405.5921363502,0.0001447418807009641,MOTHER FUND
828,AGS,BE0974264930,AGEAS,ベルギー,BE,ユーロ,EUR,120.6769,1607342.4075157102,0.00014473619112213748,MOTHER FUND
829,PNR,IE00BLS09M33,PENTAIR PLC,アメリカ,US,アメリカ・ドル,USD,150.2769,1598171.5298299603,0.00014391038207281736,MOTHER FUND
830,AKZA,NL0013267909,AKZO NOBEL,オランダ,NL,ユーロ,EUR,141.1692,1596218.9542829702,0.0001437345587098375,MOTHER FUND
831,APTV,JE00BTDN8H13,APTIV PLC,ジャージー,JE,アメリカ・ドル,USD,170.7692,1594340.0372036402,0.00014356536806307488,MOTHER FUND
832,ARX,CA00208D4084,ARC RESOURCES LTD,カナダ,CA,カナダ・ドル,CAD,421.2308,1593017.60017058,0.00014344628671595866,MOTHER FUND
833,EQT,SE0012853455,EQT AB,スウェーデン,SE,スウェーデン・クローナ,SEK,297.1385,1592657.8462945102,0.00014341389199687434,MOTHER FUND
834,FNF,US31620R3030,FNF GROUP,アメリカ,US,アメリカ・ドル,USD,190.1231,1590775.74152261,0.0001432444143082973,MOTHER FUND
835,WCP,CA96467A2002,WHITECAP RESOURCES INC,カナダ,CA,カナダ・ドル,CAD,842.4616,1590119.53223727,0.00014318532470044835,MOTHER FUND
836,FLUT,IE00BWT6H894,FLUTTER ENTERTAINMENT PUBLIC LIMITED COM,アイルランド,IE,アメリカ・ドル,USD,96.7692,1588402.6182483302,0.00014303072192876665,MOTHER FUND
837,MKC,US5797802064,MCCORMICK & CO INC.,アメリカ,US,アメリカ・ドル,USD,193.5385,1585136.4856690203,0.00014273661683515448,MOTHER FUND
838,1113,KYG2177B1014,CK ASSET HOLDINGS LTD,香港,HK,香港・ドル,HKD,1584.2832,1575703.6479614903,0.00014188721909956476,MOTHER FUND
839,HEN3,DE0006048432,HENKEL AG & CO KGAA VORZUG,ドイツ,DE,ユーロ,EUR,111.5692,1570094.1059565302,0.00014138209726619484,MOTHER FUND
840,UU/,GB00B39J2M42,UNITED UTILITIES GROUP PLC,イギリス,GB,イギリス・ポンド,GBP,523.6924,1563407.01001581,0.00014077994504797266,MOTHER FUND
841,ASTS,US00217D1000,AST SPACEMOBILE INC,アメリカ,US,アメリカ・ドル,USD,166.2154,1561174.2590608902,0.00014057889275978044,MOTHER FUND
842,CLX,US1890541097,CLOROX CO,アメリカ,US,アメリカ・ドル,USD,100.1846,1557514.7879873402,0.0001402493687565372,MOTHER FUND
843,SGE,GB00B8C3BL03,SAGE GROUP PLC (THE),イギリス,GB,イギリス・ポンド,GBP,740.0001,1548654.71032744,0.0001394515462841479,MOTHER FUND
844,TIT,IT0005712671,TELECOM ITALIA SPA,イタリア,IT,ユーロ,EUR,1138.4616,1543758.5283818003,0.000139010660308304,MOTHER FUND
845,AKRBP,NO0010345853,AKER BP ASA,ノルウェー,NO,ノルウェー・クローネ,NOK,273.2308,1542306.4205687302,0.00013887990251022704,MOTHER FUND
846,RTO,GB00B082RF11,RENTOKIL INITIAL PLC,イギリス,GB,イギリス・ポンド,GBP,2015.0771,1534444.0906841203,0.000138171924125831,MOTHER FUND
847,ENLT,IL0007200111,ENLIGHT RENEWABLE ENERGY LTD,イスラエル,IL,イスラエル・シユケル,ILS,110.4308,1529963.2195422503,0.00013776843559784168,MOTHER FUND
848,DSCT,IL0006912120,ISRAEL DISCOUNT BANK-A,イスラエル,IL,イスラエル・シユケル,ILS,910.7693,1526061.8253716503,0.00013741712717116268,MOTHER FUND
849,SPSN,CH0008038389,SWISS PRIME SITE-REG,スイス,CH,スイス・フラン,CHF,58.0615,1524992.4683596403,0.00013732083489383312,MOTHER FUND
850,RCI/B,CA7751092007,ROGERS COMMUNICATIONS-CL B,カナダ,CA,カナダ・ドル,CAD,276.6462,1514456.8028680903,0.00013637213094186017,MOTHER FUND
851,MKS,GB0031274896,MARKS & SPENCER GROUP PLC,イギリス,GB,イギリス・ポンド,GBP,1707.6924,1512795.78734534,0.00013622256165342884,MOTHER FUND
852,CHTR,US16119P1084,CHARTER COMMUNICATIONS INC-A,アメリカ,US,アメリカ・ドル,USD,66.0308,1506970.1653224102,0.00013569798248562145,MOTHER FUND
853,AGI,CA0115321089,ALAMOS GOLD INC-CLASS A,カナダ,CA,カナダ・ドル,CAD,330.1539,1504506.5343483002,0.00013547614016885316,MOTHER FUND
854,AC,FR0000120404,ACCOR SA,フランス,FR,ユーロ,EUR,175.3231,1501081.24483268,0.00013516770348749433,MOTHER FUND
855,KEY,CA4932711001,KEYERA CORP,カナダ,CA,カナダ・ドル,CAD,216.3077,1499154.0569801002,0.00013499416620753768,MOTHER FUND
856,TFII,CA87241L1094,TFI INTERNATIONAL INC,カナダ,CA,カナダ・ドル,CAD,69.4462,1499108.4046686103,0.00013499005535869173,MOTHER FUND
857,SVT,GB00B1FH8J72,SEVERN TRENT PLC,イギリス,GB,イギリス・ポンド,GBP,227.6923,1491492.32403525,0.00013430425095447936,MOTHER FUND
858,SMIN,GB00B1WY2338,SMITHS GROUP PLC,イギリス,GB,イギリス・ポンド,GBP,260.7077,1490058.88699296,0.0001341751744013166,MOTHER FUND
859,CCH,CH0198251305,COCA-COLA HBC AG-DI,イギリス,GB,イギリス・ポンド,GBP,135.4769,1482970.9387112102,0.00013353692667489919,MOTHER FUND
860,IAG,AU000000IAG3,INSURANCE AUSTRALIA GROUP LTD,オーストラリア,AU,オーストラリア・ドル,AUD,1514.154,1474746.35033493,0.00013279632803856378,MOTHER FUND
861,STE,SG1F60858221,SINGAPORE TECH ENGINEERING,シンガポール,SG,シンガポール・ドル,SGD,1104.3078,1474197.6118277602,0.00013274691584046682,MOTHER FUND
862,PODD,US45784P1012,INSULET CORP,アメリカ,US,アメリカ・ドル,USD,55.2154,1470280.27919429,0.00013239417220471393,MOTHER FUND
863,NHY,NO0005052605,NORSK HYDRO,ノルウェー,NO,ノルウェー・クローネ,NOK,1001.8462,1466343.4788669003,0.00013203967556359348,MOTHER FUND
864,SN,KYG8068L1086,SHARKNINJA INC,ケイマン諸島（英領）,KY,アメリカ・ドル,USD,55.7846,1464368.4756257301,0.00013186183265641687,MOTHER FUND
865,GLPI,US36467J1088,GAMING AND LEISURE PROPERTIE,アメリカ,US,アメリカ・ドル,USD,202.6462,1456173.03186726,0.0001311238584023872,MOTHER FUND
866,FOXA,US35137L1052,FOX CORP-CLASS A,アメリカ,US,アメリカ・ドル,USD,153.6923,1452938.0931367,0.00013083256221796164,MOTHER FUND
867,IREN,AU0000185993,IREN LTD,オーストラリア,AU,アメリカ・ドル,USD,235.6616,1449117.64358821,0.0001304885426030761,MOTHER FUND
868,AGN,BMG0112X1056,AEGON LTD,オランダ,NL,ユーロ,EUR,944.9232,1429830.16813808,0.00012875176534892015,MOTHER FUND
869,STLAM,NL00150001Q9,STELLANTIS NV,イタリア,IT,ユーロ,EUR,1525.5386,1429265.37732188,0.0001287009076902562,MOTHER FUND
870,BKT,ES0113679I37,BANKINTER S.A.,スペイン,ES,ユーロ,EUR,478.1539,1426432.88477863,0.00012844585053493264,MOTHER FUND
871,PHOE,IL0007670123,PHOENIX FINANCE LTD,イスラエル,IL,イスラエル・シユケル,ILS,159.3846,1424938.6538851403,0.00012831129968430524,MOTHER FUND
872,LI,FR0000121964,KLEPIERRE,フランス,FR,ユーロ,EUR,193.5385,1415199.79769062,0.0001274343459345067,MOTHER FUND
873,TIH,CA8911021050,TOROMONT INDUSTRIES LTD,カナダ,CA,カナダ・ドル,CAD,56.9231,1410238.2680472403,0.0001269875756014622,MOTHER FUND
874,DPZ,US25754A2015,DOMINOS PIZZA INC,アメリカ,US,アメリカ・ドル,USD,24.7046,1398617.8763116403,0.00012594119542055386,MOTHER FUND
875,ORSTED,DK0060094928,ORSTED A/S,デンマーク,DK,デンマーク・クローネ,DKK,389.9231,1396040.1714818901,0.00012570908110741768,MOTHER FUND
876,TRI,CA8849038812,THOMSON REUTERS CORP,カナダ,CA,カナダ・ドル,CAD,87.6615,1391317.9464737903,0.00012528385941345987,MOTHER FUND
877,KNIN,CH0025238863,KUEHNE & NAGEL INTL AG-REG,スイス,CH,スイス・フラン,CHF,34.1538,1387779.94925649,0.00012496527375365372,MOTHER FUND
878,METSO,FI0009014575,METSO CORPORATION,フィンランド,FI,ユーロ,EUR,466.7693,1387717.6754051603,0.0001249596661867745,MOTHER FUND
879,ASRNL,NL0011872643,ASR NEDERLAND NV,オランダ,NL,ユーロ,EUR,104.7385,1366549.80287557,0.00012305356501644132,MOTHER FUND
880,UNI,IT0004810054,UNIPOL ASSICURAZIONI SPA,イタリア,IT,ユーロ,EUR,273.2308,1359097.66071737,0.00012238252276269675,MOTHER FUND
881,X,CA87262K1057,TMX GROUP LTD,カナダ,CA,カナダ・ドル,CAD,228.8308,1357134.1559387003,0.00012220571525635215,MOTHER FUND
882,FGR,FR0000130452,EIFFAGE SA,フランス,FR,ユーロ,EUR,59.2,1353449.4110168803,0.00012187391542157698,MOTHER FUND
883,DKS,US2533931026,DICK S SPORTING GOODS INC,アメリカ,US,アメリカ・ドル,USD,42.1231,1353394.99255082,0.00012186901520774112,MOTHER FUND
884,ITRK,GB0031638363,INTERTEK GROUP PLC,イギリス,GB,イギリス・ポンド,GBP,107.0154,1350839.8292614,0.00012163893069029386,MOTHER FUND
885,NVMI,IL0010845571,NOVA LTD,イスラエル,IL,イスラエル・シユケル,ILS,21.1754,1349455.34606934,0.00012151426227928546,MOTHER FUND
886,CICT,SG1M51904654,CAPITALAND INTEGRATED COMMERCIAL TRUST,シンガポール,SG,シンガポール・ドル,SGD,4326.6096,1349134.9829657802,0.00012148541457691135,MOTHER FUND
887,FME,DE0005785802,FRESENIUS MEDICAL CARE AG,ドイツ,DE,ユーロ,EUR,163.9385,1344125.7517799702,0.00012103434886813998,MOTHER FUND
888,ECHO,US2787681061,ECHOSTAR CORP-A,アメリカ,US,アメリカ・ドル,USD,96.7692,1339558.58524631,0.00012062308970816787,MOTHER FUND
889,NWSA,US65249B1098,NEWS CORP/NEW-CL A-W/I,アメリカ,US,アメリカ・ドル,USD,296,1336328.99728542,0.00012033227534393069,MOTHER FUND
890,BEI,DE0005200000,BEIERSDORF AG,ドイツ,DE,ユーロ,EUR,88.8,1327914.74120106,0.00011957459771962234,MOTHER FUND
891,G1A,DE0006602006,GEA GROUP AG,ドイツ,DE,ユーロ,EUR,113.8462,1326683.9503294802,0.00011946376882467912,MOTHER FUND
892,RYA,IE00BYTBXV33,RYANAIR HOLDINGS PLC,アイルランド,IE,ユーロ,EUR,284.6154,1322468.9099789502,0.00011908421753373499,MOTHER FUND
893,CNA,GB00B033F229,CENTRICA PLC,イギリス,GB,イギリス・ポンド,GBP,3984.6157,1315399.6324679803,0.00011844765105223178,MOTHER FUND
894,BNZL,GB00B0744B38,BUNZLE,イギリス,GB,イギリス・ポンド,GBP,217.4462,1315242.06937795,0.0001184334629853919,MOTHER FUND
895,CHKP,IL0010824113,CHECK POINT SOFTWARE TECHNOLOGIES LTD.,イスラエル,IL,アメリカ・ドル,USD,63.7539,1313911.09388265,0.00011831361277627287,MOTHER FUND
896,TW,US8926721064,TRADEWEB MARKETS INC-CLASS A,アメリカ,US,アメリカ・ドル,USD,83.1077,1306321.42555917,0.00011763018671852414,MOTHER FUND
897,PNDORA,DK0060252690,PANDORA A/S,デンマーク,DK,デンマーク・クローネ,DKK,66.0308,1301397.92053434,0.0001171868403842692,MOTHER FUND
898,WSO,US9426222009,WATSCO INC,アメリカ,US,アメリカ・ドル,USD,25.8431,1290616.91656085,0.00011621604446405996,MOTHER FUND
899,TEL,NO0010063308,TELENOR ASA,ノルウェー,NO,ノルウェー・クローネ,NOK,569.2308,1289672.6764823203,0.00011613101857795613,MOTHER FUND
900,LISP,CH0010570767,CHOCOLADEFABRIKEN LINDT-PC,スイス,CH,スイス・フラン,CHF,0.6831,1276158.56766616,0.00011491411505614569,MOTHER FUND
901,ATRL,CA04764T1049,ATKINSREALIS GROUP INC,カナダ,CA,カナダ・ドル,CAD,129.7846,1275570.77992497,0.00011486118659581867,MOTHER FUND
902,3,HK0003000038,HONG KONG & CHINA GAS,香港,HK,香港・ドル,HKD,8650.373,1270854.81645586,0.00011443652873399749,MOTHER FUND
903,BEAN,CH1101098163,BELIMO HOLDING AG - REG,スイス,CH,スイス・フラン,CHF,7.6277,1270758.95798635,0.00011442789697657058,MOTHER FUND
904,CLAR,SG1M77906915,CAPITALAND ASCENDAS REIT,シンガポール,SG,シンガポール・ドル,SGD,3862.8003,1248045.28225128,0.00011238260102910756,MOTHER FUND
905,TELIA,SE0000667925,TELIA CO AB,スウェーデン,SE,スウェーデン・クローナ,SEK,1650.7694,1246689.14675389,0.0001122604852399515,MOTHER FUND
906,PSON,GB0006776081,PEARSON,イギリス,GB,イギリス・ポンド,GBP,444,1241453.02016459,0.00011178898830487099,MOTHER FUND
907,EN,FR0000120503,BOUYGUES,フランス,FR,ユーロ,EUR,134.3385,1229759.0838074903,0.00011073598565923852,MOTHER FUND
908,CG,US14316J1088,CARLYLE GROUP INC/THE,アメリカ,US,アメリカ・ドル,USD,168.4923,1228352.74215207,0.00011060934896150056,MOTHER FUND
909,SBRY,GB00B019KW72,SAINSBURY,イギリス,GB,イギリス・ポンド,GBP,1593.8463,1226442.0619931803,0.00011043729814808505,MOTHER FUND
910,IONQ,US46222L1089,IONQ INC,アメリカ,US,アメリカ・ドル,USD,212.8923,1223908.30178247,0.00011020914091139406,MOTHER FUND
911,TRELB,SE0000114837,TRELLEBORG AB-B SHS,スウェーデン,SE,スウェーデン・クローナ,SEK,171.9077,1223542.74175207,0.0001101762233661472,MOTHER FUND
912,YZJSGD,SG1U76934819,YANGZIJIANG SHIPBUILDING,シンガポール,SG,シンガポール・ドル,SGD,2504.6156,1213837.12863724,0.00010930226305241621,MOTHER FUND
913,27,HK0027032686,GALAXY ENTERTAINMENT GROUP L,香港,HK,香港・ドル,HKD,1707.6924,1202977.4569649,0.00010832438335028056,MOTHER FUND
914,GFL,CA36168Q1046,GFL ENVIRONMENTAL INC - SUB VT,カナダ,CA,カナダ・ドル,CAD,179.8769,1199017.77355868,0.00010796782615899011,MOTHER FUND
915,MICC,NL0015002MS2,MAGNUM ICE CREAM CO,オランダ,NL,ユーロ,EUR,398.4616,1191865.84373314,0.0001073238170932918,MOTHER FUND
916,BCP,PTBCP0AM0015,BANCO COMERCIAL PORTUGUES-R,ポルトガル,PT,ユーロ,EUR,6033.8467,1191823.72065271,0.00010732002404074042,MOTHER FUND
917,WN,CA9611485090,WESTON(GEORGE)LTD,カナダ,CA,カナダ・ドル,CAD,99.0462,1186985.2587118803,0.00010688433557204166,MOTHER FUND
918,ADDTB,SE0014781795,ADDTECH AB-B SHARES,スウェーデン,SE,スウェーデン・クローナ,SEK,206.0616,1186776.46484836,0.00010686553433318035,MOTHER FUND
919,ABF,GB0006731235,ASSOCIATED BRITISH FOODS PLC,イギリス,GB,イギリス・ポンド,GBP,261.8462,1184450.81542419,0.00010665611682639036,MOTHER FUND
920,CA,FR0000120172,CARREFOUR SUPERMARCHE,フランス,FR,ユーロ,EUR,398.4616,1183161.84916315,0.00010654004941832874,MOTHER FUND
921,TEN,LU2598331598,TENARIS SA,イタリア,IT,ユーロ,EUR,261.8462,1180316.71969577,0.00010628385434723968,MOTHER FUND
922,OMV,AT0000743059,OMV AG,オーストリア,AT,ユーロ,EUR,100.1846,1176754.92863034,0.00010596312612531716,MOTHER FUND
923,TRYG,DK0060636678,TRYG A/S,デンマーク,DK,デンマーク・クローネ,DKK,307.3846,1175875.35317257,0.00010588392308745362,MOTHER FUND
924,HEIO,NL0000008977,HEINEKEN HOLDING NV,オランダ,NL,ユーロ,EUR,86.5231,1175659.04546228,0.00010586444525002998,MOTHER FUND
925,6,HK0006000050,POWER ASSETS HOLDINGS LTD,香港,HK,香港・ドル,HKD,967.6924,1171835.74975971,0.00010552016934781017,MOTHER FUND
926,CRBG,US21871X1090,COREBRIDGE FINANCIAL INC,アメリカ,US,アメリカ・ドル,USD,227.6923,1169566.90957103,0.00010531586733621705,MOTHER FUND
927,WISE,JE00BQKY0816,WISE GROUP PLC-CL A,ジャージー,JE,イギリス・ポンド,GBP,603.3847,1167201.0724512,0.00010510283105226261,MOTHER FUND
928,SECUB,SE0000163594,SECURITAS AB-B SHS,スウェーデン,SE,スウェーデン・クローナ,SEK,444,1160365.2934211902,0.00010448729038368447,MOTHER FUND
929,SDLF,GB00BGXQNP29,STANDARD LIFE PLC,イギリス,GB,イギリス・ポンド,GBP,580.6154,1157445.8224091702,0.00010422440108741787,MOTHER FUND
930,LIFCOB,SE0015949201,LIFCO AB-B SHS,スウェーデン,SE,スウェーデン・クローナ,SEK,211.7539,1146772.06152152,0.0001032632620739735,MOTHER FUND
931,SIG,AU000000SIG5,SIGMA HEALTHCARE LTD,オーストラリア,AU,オーストラリア・ドル,AUD,3415.3849,1142276.84576307,0.00010285848185781791,MOTHER FUND
932,FORTUM,FI0009007132,FORTUM OYJ,フィンランド,FI,ユーロ,EUR,318.7693,1138903.92548258,0.00010255476086341494,MOTHER FUND
933,SPX,GB00BWFGQN14,SPIRAX GROUP PLC,イギリス,GB,イギリス・ポンド,GBP,75.1385,1136203.83602726,0.00010231162619489333,MOTHER FUND
934,QIA,NL0015002SN0,QIAGEN N.V.,オランダ,NL,ユーロ,EUR,170.3139,1134710.7435954,0.00010217717785919942,MOTHER FUND
935,CNH,NL0010545661,CNH INDUSTRIAL NV,オランダ,NL,アメリカ・ドル,USD,683.077,1132972.1988354402,0.00010202062730377619,MOTHER FUND
936,CAE,CA1247651088,CAE INC,カナダ,CA,カナダ・ドル,CAD,273.2308,1131689.2664210503,0.00010190510322486326,MOTHER FUND
937,UAL,US9100471096,UNITED AIRLINES HOLDINGS INC,アメリカ,US,アメリカ・ドル,USD,56.9231,1130410.66016088,0.00010178996870270007,MOTHER FUND
938,MPL,AU000000MPL3,MEDIBANK PRIVATE LTD,オーストラリア,AU,オーストラリア・ドル,AUD,1912.6155,1121592.36404291,0.00010099590852838115,MOTHER FUND
939,ANA,ES0125220311,ACCIONA S.A.,スペイン,ES,ユーロ,EUR,23.9077,1116184.7851316703,0.00010050897284426956,MOTHER FUND
940,MNG,GB00BKFB1C65,M&G PLC,イギリス,GB,イギリス・ポンド,GBP,1445.8463,1113496.53567734,0.00010026690433106006,MOTHER FUND
941,JM,BMG507361001,JARDINE MATHESON HLDGS LTD,香港,HK,アメリカ・ドル,USD,102.4615,1113046.3879476003,0.00010022636992623121,MOTHER FUND
942,TLX,DE000TLX1005,TALANX AG,ドイツ,DE,ユーロ,EUR,52.3692,1112939.2587079203,0.00010021672327095938,MOTHER FUND
943,SGP,AU000000SGP0,STOCKLAND TRUST GROUP,オーストラリア,AU,オーストラリア・ドル,AUD,2276.9233,1111404.49858029,0.00010007852288868821,MOTHER FUND
944,EXO,NL0012059018,EXOR NV,オランダ,NL,ユーロ,EUR,85.3846,1101706.17161991,9.920521867053343e-05,MOTHER FUND
945,ZAL,DE000ZAL1111,ZALANDO SE,ドイツ,DE,ユーロ,EUR,204.9231,1098228.74056149,9.889208680520583e-05,MOTHER FUND
946,VCX,AU000000VCX7,VICINITY CENTRES,オーストラリア,AU,オーストラリア・ドル,AUD,3643.0772,1094939.2695187,9.859588015545044e-05,MOTHER FUND
947,CAR,AU000000CAR3,CAR GROUP LTD,オーストラリア,AU,オーストラリア・ドル,AUD,364.3077,1090411.26606522,9.818814750920148e-05,MOTHER FUND
948,INDUC,SE0000107203,INDUSTRIVARDEN AB-C SHS,スウェーデン,SE,スウェーデン・クローナ,SEK,119.5385,1088889.14286172,9.805108504269583e-05,MOTHER FUND
949,GRAB,KYG4124C1096,GRAB HOLDINGS LTD-CL A,ケイマン諸島（英領）,KY,アメリカ・ドル,USD,1980.9232,1082471.5207895502,9.747319810930566e-05,MOTHER FUND
950,CRCL,US1725731079,CIRCLE INTERNET GROUP INC,アメリカ,US,アメリカ・ドル,USD,104.7385,1081388.3883917902,9.737566540127796e-05,MOTHER FUND
951,SCAB,SE0000112724,SVENSKA CELLULOSA AB-B,スウェーデン,SE,スウェーデン・クローナ,SEK,592,1079815.4897994401,9.723403076872323e-05,MOTHER FUND
952,DSG,CA2499061083,DESCARTES SYSTEMS GRP(THE),カナダ,CA,カナダ・ドル,CAD,89.9385,1076908.9972500403,9.697231014270231e-05,MOTHER FUND
953,SOL,AU000000SOL3,WASHINGTON H SOUL PATTINSON,オーストラリア,AU,オーストラリア・ドル,AUD,204.9231,1064632.8516137502,9.586688135991825e-05,MOTHER FUND
954,BVI,FR0006174348,BUREAU VERITAS SA,フランス,FR,ユーロ,EUR,204.9231,1058776.0357420703,9.533949328292425e-05,MOTHER FUND
955,ORNBV,FI0009014377,ORION OYJ,フィンランド,FI,ユーロ,EUR,70.5846,1057743.3371946502,9.524650198646367e-05,MOTHER FUND
956,TEL2B,SE0005190238,TELE 2 AB-B SHS,スウェーデン,SE,スウェーデン・クローナ,SEK,375.6923,1054330.79844932,9.493921347236342e-05,MOTHER FUND
957,KESKOB,FI0009000202,KESKO OYJ-B SHS,フィンランド,FI,ユーロ,EUR,261.8462,1050893.89662504,9.462973113867957e-05,MOTHER FUND
958,INDUA,SE0000190126,INDUSTRIVARDEN AB-A SHS,スウェーデン,SE,スウェーデン・クローナ,SEK,113.8462,1046436.93317747,9.422839542430062e-05,MOTHER FUND
959,CCL/B,CA1249003098,CCL INDUSTRIES INC - CL B,カナダ,CA,カナダ・ドル,CAD,97.9077,1042770.85902643,9.389827683443962e-05,MOTHER FUND
960,SYENS,BE0974464977,SYENSQO SA,ベルギー,BE,ユーロ,EUR,74,1040430.06806254,9.368749587903002e-05,MOTHER FUND
961,PLS,AU000000PLS0,PLS GROUP LTD,オーストラリア,AU,オーストラリア・ドル,AUD,2186.9848,1040322.25574588,9.36777877147979e-05,MOTHER FUND
962,SKFB,SE0000108227,SKF AB-B SHARES,スウェーデン,SE,スウェーデン・クローナ,SEK,239.0769,1037727.81553012,9.344416643213443e-05,MOTHER FUND
963,GALP,PTGAL0AM0009,GALP ENERGIA SGPS SA-B SHRS,ポルトガル,PT,ユーロ,EUR,284.6154,1032684.8858799702,9.299006628132232e-05,MOTHER FUND
964,T,CA87971M1032,TELUS CORP,カナダ,CA,カナダ・ドル,CAD,592,1023700.4882097401,9.218104917816163e-05,MOTHER FUND
965,REA,AU000000REA9,REA GROUP LTD,オーストラリア,AU,オーストラリア・ドル,AUD,54.6462,1019651.89094997,9.181648557054031e-05,MOTHER FUND
966,CON,DE0005439004,CONTINENTAL AG,ドイツ,DE,ユーロ,EUR,76.2769,1017514.9984645701,9.162406503977592e-05,MOTHER FUND
967,SOBI,SE0000872095,SWEDISH ORPHAN BIOVITRUM AB,スウェーデン,SE,スウェーデン・クローナ,SEK,127.5077,1015383.34290268,9.143211607770681e-05,MOTHER FUND
968,AIA,NZAIAE0002S6,AUCKLAND INTL AIRPORT LTD,ニュージーランド,NZ,ニュージーランド・ドル,NZD,1229.5386,1015276.09981684,9.14224591709419e-05,MOTHER FUND
969,SKAB,SE0000113250,SKANSKA AB-B SHS,スウェーデン,SE,スウェーデン・クローナ,SEK,225.4154,1013752.8381517001,9.128529418950184e-05,MOTHER FUND
970,RXL,FR0010451203,REXEL SA,フランス,FR,ユーロ,EUR,152.5539,1012149.20109527,9.114089165373552e-05,MOTHER FUND
971,ERF,FR0014000MR3,EUROFINS SCIENTIFIC SE,ルクセンブルク,LU,ユーロ,EUR,79.6923,1012031.1426239101,9.113026085509895e-05,MOTHER FUND
972,REC,IT0003828271,RECORDATI SPA,イタリア,IT,ユーロ,EUR,105.8769,1009396.7424048301,9.089304129825897e-05,MOTHER FUND
973,RNO,FR0000131906,RENAULT SA,フランス,FR,ユーロ,EUR,194.6769,1007999.5084424801,9.0767224719992e-05,MOTHER FUND
974,COLOB,DK0060448595,COLOPLAST-B,デンマーク,DK,デンマーク・クローネ,DKK,93.3539,1007788.43765569,9.074821845126275e-05,MOTHER FUND
975,288,KYG960071028,WH GROUP LIMITED,中国,CN,香港・ドル,HKD,5695.0405,1005879.6928815701,9.057634191323413e-05,MOTHER FUND
976,IFT,NZIFTE0003S3,INFRATIL LTD,ニュージーランド,NZ,ニュージーランド・ドル,NZD,717.2308,998354.803025026,8.98987489552202e-05,MOTHER FUND
977,EDV,GB00BL6K5J42,ENDEAVOUR MINING PLC,イギリス,GB,イギリス・ポンド,GBP,129.7846,998112.7660818212,8.987695428029188e-05,MOTHER FUND
978,APA,AU000000APA1,APA GROUP,オーストラリア,AU,オーストラリア・ドル,AUD,865.2308,995221.528918303,8.96166073543838e-05,MOTHER FUND
979,LAND,GB00BYW0PQ60,LAND SECURITIES GROUP PLC,イギリス,GB,イギリス・ポンド,GBP,637.5385,994393.867311012,8.954207899750278e-05,MOTHER FUND
980,EMSN,CH0016440353,EMS-CHEMIE HOLDING AG-REG,スイス,CH,スイス・フラン,CHF,6.0338,985988.4912273901,8.878520098967816e-05,MOTHER FUND
981,ERIE,US29530P1021,ERIE INDEMNITY COMPANY-CL A,アメリカ,US,アメリカ・ドル,USD,26.1846,983374.9248561951,8.854985745612681e-05,MOTHER FUND
982,MOWI,NO0003054108,MOWI ASA,ノルウェー,NO,ノルウェー・クローネ,NOK,284.6154,983339.4048532412,8.854665899019189e-05,MOTHER FUND
983,TLC,AU0000219529,LOTTERY CORP LTD/THE,オーストラリア,AU,オーストラリア・ドル,AUD,1548.3078,983181.3863785611,8.85324299173788e-05,MOTHER FUND
984,EFN,CA2861812014,ELEMENT FLEET MANAGEMENT CORP,カナダ,CA,カナダ・ドル,CAD,273.2308,977538.942832402,8.802434540242159e-05,MOTHER FUND
985,LYC,AU000000LYC6,LYNAS RARE EARTHS LTD,オーストラリア,AU,オーストラリア・ドル,AUD,626.1539,977045.4197144371,8.797990517861429e-05,MOTHER FUND
986,FSV,CA33767E2024,FIRSTSERVICE CORP,カナダ,CA,カナダ・ドル,CAD,42.1231,975807.7980730521,8.786846119406762e-05,MOTHER FUND
987,EVO,SE0012673267,EVOLUTION AB,スウェーデン,SE,スウェーデン・クローナ,SEK,78.5539,975781.8411478171,8.786612385357676e-05,MOTHER FUND
988,LHA,DE0008232125,DEUTSCHE LUFTHANSA-REG,ドイツ,DE,ユーロ,EUR,580.6154,972295.985473311,8.755223337773889e-05,MOTHER FUND
989,XRO,NZXROE0001S2,XERO LIMITED,ニュージーランド,NZ,オーストラリア・ドル,AUD,119.5385,965455.4249044381,8.69362621464384e-05,MOTHER FUND
990,HKL,BMG4587L1090,HONGKONG LAND HOLDINGS LTD,香港,HK,アメリカ・ドル,USD,717.2308,961379.61841164,8.656924843189935e-05,MOTHER FUND
991,BMED,IT0004776628,BANCA MEDIOLANUM SPA,イタリア,IT,ユーロ,EUR,227.6923,960186.1690816211,8.64617820267846e-05,MOTHER FUND
992,YAR,NO0010208051,YARA INTERNATIONAL ASA,ノルウェー,NO,ノルウェー・クローネ,NOK,126.3692,960184.802927661,8.6461659008864e-05,MOTHER FUND
993,SGH,AU0000364754,SGH LTD,オーストラリア,AU,オーストラリア・ドル,AUD,193.5385,960001.3967585631,8.6445143853027e-05,MOTHER FUND
994,MRO,GB00BNGDN821,MELROSE INDUSTRIES PLC,イギリス,GB,イギリス・ポンド,GBP,933.5385,959677.7321162621,8.641599885734436e-05,MOTHER FUND
995,BNR,DE000A1DAHH0,BRENNTAG SE,ドイツ,DE,ユーロ,EUR,83.1077,953863.608555825,8.58924550903683e-05,MOTHER FUND
996,SCHN,CH0024638212,SCHINDLER HOLDING AG-REG,スイス,CH,スイス・フラン,CHF,19.3538,942996.081498216,8.491386803518932e-05,MOTHER FUND
997,STN,CA85472N1096,STANTEC INC,カナダ,CA,カナダ・ドル,CAD,84.2462,938904.678081044,8.454544986605707e-05,MOTHER FUND
998,FRES,GB00B2QPKJ12,FRESNILLO PLC,イギリス,GB,イギリス・ポンド,GBP,170.7692,931690.1328656841,8.389580247899936e-05,MOTHER FUND
999,GIL,CA3759161035,GILDAN ACTIVEWEAR INC,カナダ,CA,カナダ・ドル,CAD,110.4308,929091.480341883,8.366180189108092e-05,MOTHER FUND
1000,HEN,DE0006048408,HENKEL AG & CO KGAA,ドイツ,DE,ユーロ,EUR,69.4462,920480.4980873171,8.288640968620997e-05,MOTHER FUND
1001,ORK,NO0003733800,ORKLA  ASA,ノルウェー,NO,ノルウェー・クローネ,NOK,512.3077,915254.617652723,8.241583538553443e-05,MOTHER FUND
1002,EPIB,SE0015658117,EPIROC AB - B,スウェーデン,SE,スウェーデン・クローナ,SEK,261.8462,911541.5250362431,8.20814829289078e-05,MOTHER FUND
1003,PME,AU000000PME8,PRO MEDICUS LTD,オーストラリア,AU,オーストラリア・ドル,AUD,50.0923,909550.8110245381,8.190222531564482e-05,MOTHER FUND
1004,GBLB,BE0003797140,GROUPE BRUXELLES LAM,ベルギー,BE,ユーロ,EUR,62.6154,907603.586247218,8.172688377285334e-05,MOTHER FUND
1005,SIA,SG1V61937297,SINGAPORE AIRLINES LTD,シンガポール,SG,シンガポール・ドル,SGD,933.5385,889662.4555244311,8.011134067942248e-05,MOTHER FUND
1006,TIGO,LU0038705702,MILLICOM INTL CELLULAR S.A.,ルクセンブルク,LU,アメリカ・ドル,USD,58.0615,888093.200009314,7.997003409465658e-05,MOTHER FUND
1007,MAERSKB,DK0010244508,AP MOLLER-MAERSK A/S-B,デンマーク,DK,デンマーク・クローネ,DKK,2.0492,879559.8608381271,7.920163340827149e-05,MOTHER FUND
1008,FOX,US35137L2043,FOX CORP-CLASS B,アメリカ,US,アメリカ・ドル,USD,102.4615,861915.18552461,7.761278520360524e-05,MOTHER FUND
1009,IPN,FR0010259150,IPSEN,フランス,FR,ユーロ,EUR,29.6,861385.6870190371,7.75651055078894e-05,MOTHER FUND
1010,QAN,AU000000QAN2,QANTAS AIRWAYS LIMITED,オーストラリア,AU,オーストラリア・ドル,AUD,751.3847,858328.462149408,7.728981190463166e-05,MOTHER FUND
1011,6823,HK0000093390,HKT TRUST AND HKT LTD,香港,HK,香港・ドル,HKD,3087.5079,854051.0341013811,7.690464279531457e-05,MOTHER FUND
1012,AMUN,FR0004125920,AMUNDI SA,フランス,FR,ユーロ,EUR,48.9539,851859.6093037542,7.670731179922062e-05,MOTHER FUND
1013,JMT,PTJMT0AE0001,JERONIMO MARTINS,ポルトガル,PT,ユーロ,EUR,261.8462,851669.9415956731,7.669023281124757e-05,MOTHER FUND
1014,HARL,IL0005850180,HAREL INSURANCE INVESTMENTS,イスラエル,IL,イスラエル・シユケル,ILS,93.3539,848345.2920884201,7.63908584500375e-05,MOTHER FUND
1015,PAH3,DE000PAH0038,PORSCHE AUTOMOBIL HOLDING SE,ドイツ,DE,ユーロ,EUR,155.9692,844824.713334104,7.607384126871844e-05,MOTHER FUND
1016,WIL,SG1T56930848,WILMAR INTERNATIONAL LTD,シンガポール,SG,シンガポール・ドル,SGD,1707.6924,844724.528710387,7.606481995454293e-05,MOTHER FUND
1017,1308,KYG8187G1055,SITC INTERNATIONAL HOLDINGS,香港,HK,香港・ドル,HKD,1024.6155,829277.653579643,7.467387682960002e-05,MOTHER FUND
1018,19,HK0019000162,SWIRE PACIFIC-A,香港,HK,香港・ドル,HKD,398.4616,809099.6734400671,7.285691239421615e-05,MOTHER FUND
1019,RBI,AT0000606306,RAIFFEISEN BANK INTERNATIONAL AG,オーストリア,AT,ユーロ,EUR,75.1385,807454.2548416922,7.270874756037817e-05,MOTHER FUND
1020,RED,ES0173093024,REDEIA CORP SA,スペイン,ES,ユーロ,EUR,284.6154,807180.2271265961,7.268407221580973e-05,MOTHER FUND
1021,ASX,AU000000ASX7,ASX LTD,オーストラリア,AU,オーストラリア・ドル,AUD,128.6462,805279.451583908,7.251291328231777e-05,MOTHER FUND
1022,COH,AU000000COH5,COCHLEAR LTD,オーストラリア,AU,オーストラリア・ドル,AUD,58.0615,801677.700515149,7.218858678621792e-05,MOTHER FUND
1023,MEL,NZMELE0002S7,MERIDIAN ENERGY LTD,ニュージーランド,NZ,ニュージーランド・ドル,NZD,1480.0001,796105.386205591,7.16868171911835e-05,MOTHER FUND
1024,SHL,AU000000SHL7,SONIC HEALTHCARE LTD,オーストラリア,AU,オーストラリア・ドル,AUD,307.3846,781456.2311411871,7.036770628036243e-05,MOTHER FUND
1025,STERV,FI0009005961,STORA ENSO OYJ-R,フィンランド,FI,ユーロ,EUR,421.2308,780172.3879574972,7.025210018950303e-05,MOTHER FUND
1026,NIBEB,SE0015988019,NIBE INDUSTRIER AB-B SHS,スウェーデン,SE,スウェーデン・クローナ,SEK,1218.1539,773210.4673785311,6.962520086625817e-05,MOTHER FUND
1027,IVN,CA46579R1047,IVANHOE MINES LTD-CL A,カナダ,CA,カナダ・ドル,CAD,637.5385,772736.184262165,6.958249314483218e-05,MOTHER FUND
1028,GJF,NO0010582521,GJENSIDIGE FORSIKRING ASA,ノルウェー,NO,ノルウェー・クローネ,NOK,159.3846,762011.1926010251,6.861674095936642e-05,MOTHER FUND
1029,KGF,GB0033195214,KINGFISHER PLC,イギリス,GB,イギリス・ポンド,GBP,1127.077,755112.3427965341,6.799552096345466e-05,MOTHER FUND
1030,SDR,GB00BP9LHF23,SCHRODERS PLC,イギリス,GB,イギリス・ポンド,GBP,592,753676.514984821,6.786622912893149e-05,MOTHER FUND
1031,1997,KYG9593A1040,WHARF REAL ESTATE INVESTMENT,ケイマン諸島（英領）,KY,香港・ドル,HKD,1388.9232,750180.18546329,6.755139551570254e-05,MOTHER FUND
1032,AVOL,CH0023405456,AVOLTA AG,スイス,CH,スイス・フラン,CHF,75.1385,750177.111616881,6.75511187253813e-05,MOTHER FUND
1033,BARN,CH0009002962,BARRY CALLEBAUT AG,スイス,CH,スイス・フラン,CHF,3.3015,750040.9516055571,6.753885793929737e-05,MOTHER FUND
1034,BEIJB,SE0015949748,BEIJER REF AB,スウェーデン,SE,スウェーデン・クローナ,SEK,330.1539,748235.9206862171,6.737632051173908e-05,MOTHER FUND
1035,1928,KYG7800X1079,SANDS CHINA LTD,香港,HK,香港・ドル,HKD,2413.5387,747735.5667984531,6.733126519832888e-05,MOTHER FUND
1036,HOT,DE0006070006,HOCHTIEF AG,ドイツ,DE,ユーロ,EUR,9.1077,746567.960547506,6.722612588221162e-05,MOTHER FUND
1037,KBX,DE000KBX1006,KNORR-BREMSE AG,ドイツ,DE,ユーロ,EUR,38.7077,741636.3724450791,6.678205169192647e-05,MOTHER FUND
1038,SAP,CA8029121057,SAPUTO INC,カナダ,CA,カナダ・ドル,CAD,155.9692,739902.1538393191,6.662589069325115e-05,MOTHER FUND
1039,EQX,CA29446Y5020,EQUINOX GOLD CORP,カナダ,CA,カナダ・ドル,CAD,486.1231,735259.848837872,6.620786554764748e-05,MOTHER FUND
1040,HMB,SE0000106270,HENNES&MAURITZ AB-B,スウェーデン,SE,スウェーデン・クローナ,SEK,250.4616,733906.217956071,6.608597529134548e-05,MOTHER FUND
1041,WTC,AU000000WTC3,WISETECH GLOBAL LTD,オーストラリア,AU,オーストラリア・ドル,AUD,170.7692,731095.8115685061,6.583290692573807e-05,MOTHER FUND
1042,INDT,SE0001515552,INDUTRADE AB,スウェーデン,SE,スウェーデン・クローナ,SEK,182.1539,729877.771467212,6.572322619805304e-05,MOTHER FUND
1043,12,HK0012000102,HENDERSON LAND,香港,HK,香港・ドル,HKD,1234.6616,728082.64516408,6.556158065041888e-05,MOTHER FUND
1044,AZRG,IL0011194789,AZRIELI GROUP,イスラエル,IL,イスラエル・シユケル,ILS,34.1538,724137.4202206031,6.520632539878805e-05,MOTHER FUND
1045,LOTB,BE0003604155,LOTUS BAKERIES,ベルギー,BE,ユーロ,EUR,0.3415,716978.3180867771,6.456167048900697e-05,MOTHER FUND
1046,BCVN,CH0531751755,BANQUE CANTONALE VAUDOIS-REG,スイス,CH,スイス・フラン,CHF,28.4615,714648.7978930501,6.435190443144164e-05,MOTHER FUND
1047,VER,AT0000746409,VERBUND AG,オーストリア,AT,ユーロ,EUR,67.1692,713111.07776517,6.421343751034222e-05,MOTHER FUND
1048,DHER,DE000A2E4K43,DELIVERY HERO SE,ドイツ,DE,ユーロ,EUR,102.4615,711098.3914439451,6.403220135885664e-05,MOTHER FUND
1049,ALO,FR0010220475,ALSTOM,フランス,FR,ユーロ,EUR,239.0769,708569.2989259291,6.380446443339414e-05,MOTHER FUND
1050,LUG,CA5503711080,LUNDIN GOLD INC,カナダ,CA,カナダ・ドル,CAD,74,705576.0556000822,6.353493216941657e-05,MOTHER FUND
1051,ELISA,FI0009007884,ELISA OYJ,フィンランド,FI,ユーロ,EUR,108.1539,703553.464662649,6.335280413800683e-05,MOTHER FUND
1052,SRT3,DE0007165631,SARTORIUS AG-VORZUG,ドイツ,DE,ユーロ,EUR,17.0769,702436.519954377,6.325222673644423e-05,MOTHER FUND
1053,HAG,DE000HAG0005,HENSOLDT AG,ドイツ,DE,ユーロ,EUR,44.4,690259.1927878421,6.215569624991492e-05,MOTHER FUND
1054,AM,FR0014004L86,DASSAULT AVIATION SA,フランス,FR,ユーロ,EUR,12.2954,682836.5367859451,6.148730913295649e-05,MOTHER FUND
1055,H,US4485791028,HYATT HOTELS CORP-CL A,アメリカ,US,アメリカ・ドル,USD,23.9077,678883.1149187101,6.113131577380226e-05,MOTHER FUND
1056,IG,IT0005211237,ITALGAS SPA,イタリア,IT,ユーロ,EUR,398.4616,670507.566529876,6.0377123657243456e-05,MOTHER FUND
1057,66,HK0066009694,MTR CORP,香港,HK,香港・ドル,HKD,967.6924,661859.2427337421,5.9598368962543394e-05,MOTHER FUND
1058,OPCE,IL0011415713,OPC ENERGY LTD,イスラエル,IL,イスラエル・シユケル,ILS,134.3385,657348.316204759,5.919217404030157e-05,MOTHER FUND
1059,IAG,ES0177542018,INTERNATIONAL CONSOLIDATED AIRLINES GRP,スペイン,ES,ユーロ,EUR,683.077,648694.755485113,5.8412947776906005e-05,MOTHER FUND
1060,CTC/A,CA1366812024,CANADIAN TIRE CORP LTD A,カナダ,CA,カナダ・ドル,CAD,27.3231,648559.5062430961,5.8400769002769174e-05,MOTHER FUND
1061,EDPR,ES0127797019,EDP RENEWABLES SA,ポルトガル,PT,ユーロ,EUR,259.3416,645725.192161236,5.814554782355179e-05,MOTHER FUND
1062,ABVX,FR0012333284,ABIVAX SA,フランス,FR,ユーロ,EUR,31.8769,640264.6747840521,5.7653845195017664e-05,MOTHER FUND
1063,GET,FR0010533075,GETLINK,フランス,FR,ユーロ,EUR,182.1539,624837.6088857241,5.6264685829923027e-05,MOTHER FUND
1064,NEM,DE0006452907,NEMETSCHEK SE,ドイツ,DE,ユーロ,EUR,58.0615,623404.5133819301,5.613564003124097e-05,MOTHER FUND
1065,ELI,BE0003822393,ELIA GROUP SA/NV,ベルギー,BE,ユーロ,EUR,26.1846,609789.8784035582,5.490968444077447e-05,MOTHER FUND
1066,DIM,FR0013154002,SARTORIUS STEDIM BIOTECH,フランス,FR,ユーロ,EUR,19.3538,609431.6045276091,5.48774229911039e-05,MOTHER FUND
1067,UHR,CH0012255151,THE SWATCH GROUP AG-B,スイス,CH,スイス・フラン,CHF,17.0769,602346.8439384281,5.423946230650082e-05,MOTHER FUND
1068,EMP/A,CA2918434077,EMPIRE CO LTD  A,カナダ,CA,カナダ・ドル,CAD,102.4615,601327.465392116,5.4147670434765865e-05,MOTHER FUND
1069,ADP,FR0010340141,ADP,フランス,FR,ユーロ,EUR,26.1846,596217.480351775,5.3687532154352305e-05,MOTHER FUND
1070,CPR,NL0015435975,DAVIDE CAMPARI-MIRANO NV,オランダ,NL,ユーロ,EUR,535.077,592735.836985312,5.337402098376959e-05,MOTHER FUND
1071,CU,CA1367178326,CANADIAN UTILITIES LTD A,カナダ,CA,カナダ・ドル,CAD,91.0769,591118.6522354401,5.322839852029023e-05,MOTHER FUND
1072,DEMANT,DK0060738599,DEMANT A/S,デンマーク,DK,デンマーク・クローネ,DKK,83.1077,587692.4519505111,5.291987982698415e-05,MOTHER FUND
1073,1038,BMG2178K1009,CK INFRASTRUCTURE HOLDINGS LTD,香港,HK,香港・ドル,HKD,455.3847,583643.513152255,5.255528546488305e-05,MOTHER FUND
1074,CEN,NZCENE0001S6,CONTACT ENERGY LTD,ニュージーランド,NZ,ニュージーランド・ドル,NZD,683.077,582091.676100124,5.241554735860438e-05,MOTHER FUND
1075,P911,DE000PAG9113,DR ING HC F PORSCHE AG,ドイツ,DE,ユーロ,EUR,70.5846,574931.549350829,5.177080018538294e-05,MOTHER FUND
1076,EVD,DE0005470306,CTS EVENTIM AG & CO KGAA,ドイツ,DE,ユーロ,EUR,50.0923,568440.382657165,5.118629078726914e-05,MOTHER FUND
1077,MAERSKA,DK0010244425,A P MOLLER - MAERSK A/S-A,デンマーク,DK,デンマーク・クローネ,DKK,1.3662,568276.3303358301,5.117151838530691e-05,MOTHER FUND
1078,IGM,CA4495861060,IGM FINANCIAL INC,カナダ,CA,カナダ・ドル,CAD,56.9231,564225.797691288,5.0806780502298515e-05,MOTHER FUND
1079,G24,DE000A12DM80,SCOUT24 SE,ドイツ,DE,ユーロ,EUR,38.7077,552823.649050757,4.978005243420156e-05,MOTHER FUND
1080,BKW,CH0130293662,BKW AG,スイス,CH,スイス・フラン,CHF,20.4923,548441.9379171351,4.938549295694736e-05,MOTHER FUND
1081,SOF,BE0003717312,SOFINA SA,ベルギー,BE,ユーロ,EUR,12.1815,547976.307109181,4.934356434901834e-05,MOTHER FUND
1082,ICL,IL0002810146,ICL GROUP LTD,イスラエル,IL,イスラエル・シユケル,ILS,648.9231,537520.3339319511,4.840203644241224e-05,MOTHER FUND
1083,BEPC,CA11285B1085,BROOKFIELD RENEWABLE CORP,カナダ,CA,カナダ・ドル,CAD,97.9077,521048.61563905503,4.6918809374052e-05,MOTHER FUND
1084,LUNDB,SE0000108847,LUNDBERGS AB-B SHS,スウェーデン,SE,スウェーデン・クローナ,SEK,52.3692,502980.3187518471,4.529181536251443e-05,MOTHER FUND
1085,BOL,FR0000039299,BOLLORE SE,フランス,FR,ユーロ,EUR,683.077,502517.07871332305,4.525010203594646e-05,MOTHER FUND
1086,CSG,NL0015073TS8,CSG NV,オランダ,NL,ユーロ,EUR,163.9385,501171.64475528104,4.512894988716793e-05,MOTHER FUND
1087,RAA,DE0007010803,RATIONAL AG,ドイツ,DE,ユーロ,EUR,3.9846,499008.112267665,4.493413050695228e-05,MOTHER FUND
1088,OCTVSDB,SE0028329433,OCTAVE INTELLIGENCE PLC-SDR,アイルランド,IE,スウェーデン・クローナ,SEK,175.3231,488771.40680097707,4.401234697659825e-05,MOTHER FUND
1089,IDR,ES0118594417,INDRA SISTEMAS SA,スペイン,ES,ユーロ,EUR,46.6769,485441.97575486504,4.371254205266617e-05,MOTHER FUND
1090,SALM,NO0010310956,SALMAR ASA,ノルウェー,NO,ノルウェー・クローネ,NOK,54.6462,482143.62471133703,4.3415535786427097e-05,MOTHER FUND
1091,EVK,DE000EVNK013,EVONIK INDUSTRIES AG,ドイツ,DE,ユーロ,EUR,148,480830.75075600203,4.3297315564755515e-05,MOTHER FUND
1092,83,HK0083000502,SINO LAND CO.LTD,香港,HK,香港・ドル,HKD,2163.0771,477785.25204119406,4.3023077865316006e-05,MOTHER FUND
1093,SW,FR0000121220,SODEXO,フランス,FR,ユーロ,EUR,43.2615,460493.15829546,4.146597853565122e-05,MOTHER FUND
1094,LATOB,SE0010100958,INVESTMENT AB LATOUR-B SHS,スウェーデン,SE,スウェーデン・クローナ,SEK,136.6154,460048.589027719,4.142594645399773e-05,MOTHER FUND
1095,AYV,FR0013258662,AYVENS SA,フランス,FR,ユーロ,EUR,204.9231,455224.35785729706,4.099153942197103e-05,MOTHER FUND
1096,BIM,FR0013280286,BIOMERIEUX,フランス,FR,ユーロ,EUR,34.1538,454276.019316892,4.090614448210585e-05,MOTHER FUND
1097,FUTU,US36118L1061,FUTU HOLDINGS LTD-ADR,ケイマン諸島（英領）,KY,アメリカ・ドル,USD,27.3231,454155.0008452901,4.089524714464173e-05,MOTHER FUND
1098,CLI,SGXE62145532,CAPITALAND INVESTMENT LTD/SI,シンガポール,SG,シンガポール・ドル,SGD,1366.154,453371.170010874,4.0824665612712375e-05,MOTHER FUND
1099,GFC,FR0010040865,GECINA SA,フランス,FR,ユーロ,EUR,31.8769,445529.78782030905,4.011857350309806e-05,MOTHER FUND
1100,MAP,ES0124244E34,MAPFRE SA,スペイン,ES,ユーロ,EUR,535.077,435835.217783321,3.924560758422508e-05,MOTHER FUND
1101,SCI,SG1R50925390,SEMBCORP INDUSTRIES LTD,シンガポール,SG,シンガポール・ドル,SGD,614.7693,426511.103161757,3.840600002481449e-05,MOTHER FUND
1102,DIE,BE0974259880,D'IETEREN GROUP,ベルギー,BE,ユーロ,EUR,12.5231,425171.13381955307,3.828533994771817e-05,MOTHER FUND
1103,SAGAB,SE0005127818,SAGAX AB-B,スウェーデン,SE,スウェーデン・クローナ,SEK,148,417462.1547169221,3.759117032490614e-05,MOTHER FUND
1104,VAR,NO0011202772,VAR ENERGI ASA,ノルウェー,NO,ノルウェー・クローネ,NOK,518,413338.64668169606,3.721986123464044e-05,MOTHER FUND
1105,INPST,LU2290522684,INPOST SA,ルクセンブルク,LU,ユーロ,EUR,143.4462,410536.43721789005,3.6967530976556506e-05,MOTHER FUND
1106,BCE,CA05534B7604,BCE INC,カナダ,CA,カナダ・ドル,CAD,116.1231,404934.52290587,3.646309599324294e-05,MOTHER FUND
1107,TUB,BE0003823409,FINANCIERE DE TUBIZE,ベルギー,BE,ユーロ,EUR,11.3846,399585.80246106104,3.5981460331209186e-05,MOTHER FUND
1108,CVC,JE00BRX98089,CVC CAPITAL PARTNERS PLC,ジャージー,JE,ユーロ,EUR,148,398089.522336627,3.584672495370051e-05,MOTHER FUND
1109,BALDB,SE0017832488,FASTIGHETS AB BALDER-B SHRS,スウェーデン,SE,スウェーデン・クローナ,SEK,444,390529.11247712106,3.5165933529750945e-05,MOTHER FUND
1110,AAF,GB00BKDRYJ47,AIRTEL AFRICA PLC,イギリス,GB,イギリス・ポンド,GBP,512.3077,378143.5606778851,3.4050653061827476e-05,MOTHER FUND
1111,COV,FR0000064578,COVIVIO,フランス,FR,ユーロ,EUR,37.5692,375560.049693804,3.381801592252868e-05,MOTHER FUND
1112,BZU,IT0001347308,BUZZI SPA,イタリア,IT,ユーロ,EUR,44.4,337485.680373623,3.038953723061268e-05,MOTHER FUND
1113,ROCKB,DK0063855168,ROCKWOOL A/S-B SHS,デンマーク,DK,デンマーク・クローネ,DKK,67.1692,335615.64329503104,3.022114620033376e-05,MOTHER FUND
1114,VSURE,GB00BVMN1558,VERISURE PLC,イギリス,GB,ユーロ,EUR,148,298224.692493223,2.6854207223184905e-05,MOTHER FUND
1115,NMC,GB00B7FC0762,NMC HEALTH PLC,イギリス,GB,イギリス・ポンド,GBP,91.0769,0,0,MOTHER FUND
1116,-,-,SPEMINI2609,,,,,4.4399,266617626.5724126,0.024008089113854988,MOTHER FUND
1117,-,-,EURO502609,,,,,2.6184,30794873.73018916,0.0027729827253694136,MOTHER FUND
1118,-,-,FT1002609,,,,,0.5692,13398432.575776804,0.0012064872356736783,MOTHER FUND
1119,-,-,CAN602609,,,,,0.2276,10968592.167552961,0.0009876876544042833,MOTHER FUND
1120,-,-,SWISSMKT2609,,,,,0.3414,9787285.327774832,0.0008813146428191059,MOTHER FUND
1121,-,-,SPI2002609,,,,,0.3414,8596983.61647945,0.000774131670993377,MOTHER FUND
1122,-,-,FWRDUSDJPY01,,,,,-51137419.6373,-8214945208.923831,-0.7397302990682562,MOTHER FUND
1123,-,-,FWRDEURJPY01,,,,,-5209600.4332,-964158985.781239,-0.08681952183035131,MOTHER FUND
1124,-,-,FWRDSEKJPY01,,,,,-5054769.6511,-85153155.0199549,-0.007667777109589346,MOTHER FUND
1125,-,-,FWRDCADJPY01,,,,,-3345938.7398,-383594477.635808,-0.03454149120242766,MOTHER FUND
1126,-,-,FWRDHKDJPY01,,,,,-2253015.572,-46151221.5795591,-0.00415577414981748,MOTHER FUND
1127,-,-,FWRDDKKJPY01,,,,,-1886430.9261,-46700672.6498679,-0.004205250512011762,MOTHER FUND
1128,-,-,FWRDGBPJPY01,,,,,-1797630.9187,-388690048.95495003,-0.03500033157201867,MOTHER FUND
1129,-,-,FWRDAUDJPY01,,,,,-1617753.9807,-182680500.333585,-0.01644981161881715,MOTHER FUND
1130,-,-,FWRDCHFJPY01,,,,,-1322892.4177,-263667010.665496,-0.023742395316544207,MOTHER FUND
1131,-,-,FWRDNOKJPY01,,,,,-998430.8523,-16833843.698395003,-0.0015158353363032727,MOTHER FUND
1132,-,-,FWRDILSJPY01,,,,,-458800.0382,-24107464.484821204,-0.0021708022950368898,MOTHER FUND
1133,-,-,FWRDSGDJPY01,,,,,-330153.8736,-41341967.0996126,-0.003722715722247977,MOTHER FUND
1134,-,-,FWRDNZDJPY01,,,,,-56923.0817,-5370180.4465941,-0.000483568068536145,MOTHER FUND
,,,,,,,,,,,
,,,合計（Total）,,,,,,10868531362.810171,0.9786774897428091,
,,,,,,,,,,,
,,,純資産総額(Total Net Assets of the Fund (NAV)),,,,,,11105324764,1,
,,,,,,,,,,,
※先物が組入れられている場合は、枚数です。,,,,,,,,,,,
※Please note: it refers to the number of contracts in case of futures.,,,,,,,,,,,
2514,"NEXT FUNDS 外国株式・ＭＳＣＩ‐ＫＯＫＵＳＡＩ指数（為替ヘッジあり）連動型上場投信
　（NEXT FUNDS International Equity MSCI-KOKUSAI (Yen-Hedged) Exchange Traded Fund）",,,,,,,,,,
,"2026年7月31日現在　（as of July 31, 2026）",,,ISINコード：,JP3048650000,,,,,,
