Ticker,Name,ISIN,Exchange,Currency
,,CA6330671034,,CAD
-,GSPL TRANSMISSION LIMITED,,NATIONAL STOCK EXCHANGE OF INDIA,JPY
-,TOPIX Futures 2609,-,,
-,-,TW0000093509,,
-,-,US71922G4073,,USD
-,US TREASURY BILL (Maturity Date: 2026/08/04),US912797US49,,
-,US TREASURY BILL (Maturity Date: 2026/08/18),US912797UU94,,
-,US TREASURY BILL (Maturity Date: 2026/08/25),US912797UV77,,
-,US TREASURY BILL (Maturity Date: 2026/09/08),US912797VB05,,
-,US TREASURY BILL (Maturity Date: 2026/09/15),US912797VC87,,
-,US TREASURY BILL (Maturity Date: 2026/09/29),US912797VE44,,
-,US TREASURY BILL (Maturity Date: 2026/10/06),US912797VK04,,
-,US TREASURY BILL (Maturity Date: 2026/10/13),US912797VL86,,
-,-,US92189F6768,,
000001,PING AN BANK LTD A,,SHENZHEN STOCK EXCHANGE,JPY
000002,CHINA VANKE A,,SHENZHEN STOCK EXCHANGE,JPY
000063,ZTE CORP A,,SHENZHEN STOCK EXCHANGE,JPY
000066,CHINA GREATWALL TECHNOLOGY GROUP L,,SHENZHEN STOCK EXCHANGE,JPY
000080,HITEJINRO,,KOREA EXCHANGE (STOCK MARKET),JPY
000100,YUHAN,,KOREA EXCHANGE (STOCK MARKET),JPY
000100,000100,KR7000100008,,KRW
000120,CJ LOGISTICS,,KOREA EXCHANGE (STOCK MARKET),JPY
000150,DOOSAN CORP,,KOREA EXCHANGE (STOCK MARKET),JPY
000150,000150,KR7000150003,,KRW
000157,ZOOMLION HEAVY INDUSTRY SCIENCE AN,,SHENZHEN STOCK EXCHANGE,JPY
000166,SHENWAN HONGYUAN GROUP LTD A,,SHENZHEN STOCK EXCHANGE,JPY
000210,DL LTD,,KOREA EXCHANGE (STOCK MARKET),JPY
000240,HANKOOK & COMPANY,,KOREA EXCHANGE (STOCK MARKET),JPY
000250,SAM CHUN DANG PHARM LTD,,KOREA EXCHANGE (KOSDAQ),JPY
000270,KIA CORPORATION,,KOREA EXCHANGE (STOCK MARKET),JPY
000270,000270,KR7000270009,,KRW
000301,JIANGSU EASTERN SHENGHONG LTD A,,SHENZHEN STOCK EXCHANGE,JPY
000333,MIDEA GROUP A,,SHENZHEN STOCK EXCHANGE,JPY
000338,WEICHAI POWER LTD A,,SHENZHEN STOCK EXCHANGE,JPY
000408,ZANGGE MINING LTD A,,SHENZHEN STOCK EXCHANGE,JPY
000425,XCMG CONSTRUCTION MACHINERY A,,SHENZHEN STOCK EXCHANGE,JPY
000426,INNER MONGOLIA XINGYE SILVER&TIN M,,SHENZHEN STOCK EXCHANGE,JPY
000538,YUNNAN BAIYAO GROUP LTD A,,SHENZHEN STOCK EXCHANGE,JPY
000559,WANXIANG QIANCHAO LTD A,,SHENZHEN STOCK EXCHANGE,JPY
000564,CCOOP GROUP LTD A,,SHENZHEN STOCK EXCHANGE,JPY
000568,LUZHOU LAO JIAO LTD A,,SHENZHEN STOCK EXCHANGE,JPY
000596,ANHUI GUJING DISTILLERY LTD A,,SHENZHEN STOCK EXCHANGE,JPY
000617,CNPC CAPITAL LTD A,,SHENZHEN STOCK EXCHANGE,JPY
000625,CHONGQING CHANGAN AUTOMOBILE LTD A,,SHENZHEN STOCK EXCHANGE,JPY
000630,TONGLING NONFERROUS METALS GROUP L,,SHENZHEN STOCK EXCHANGE,JPY
000651,GREE ELECTRIC APPLIANCES INC OF ZH,,SHENZHEN STOCK EXCHANGE,JPY
000657,CHINA TUNGSTEN AND HIGHTECH MATERI,,SHENZHEN STOCK EXCHANGE,JPY
000660,SK HYNIX,,KOREA EXCHANGE (STOCK MARKET),JPY
000660,000660,KR7000660001,,KRW
000661,CHANGCHUN HIGH & NEW TECHNOLOGY IN,,SHENZHEN STOCK EXCHANGE,JPY
000688,GUOCHENG MINING LTD A,,SHENZHEN STOCK EXCHANGE,JPY
000708,CITIC PACIFIC SPECIAL STEEL GROUP,,SHENZHEN STOCK EXCHANGE,JPY
000720,HYUNDAI ENGINEERING & CONSTRUCTION,,KOREA EXCHANGE (STOCK MARKET),JPY
000720,000720,KR7000720003,,KRW
000725,BOE TECHNOLOGY GROUP LTD A,,SHENZHEN STOCK EXCHANGE,JPY
000728,GUOYUAN SECURITIES LTD A,,SHENZHEN STOCK EXCHANGE,JPY
000776,GF SECURITIES A,,SHENZHEN STOCK EXCHANGE,JPY
000783,CHANGJIANG SECURITIES LTD A,,SHENZHEN STOCK EXCHANGE,JPY
000786,BEIJING NEW BUILDING MATERIALS PUB,,SHENZHEN STOCK EXCHANGE,JPY
000792,QINGHAI SALT LAKE INDUSTRY LTD A,,SHENZHEN STOCK EXCHANGE,JPY
000807,YUNNAN ALUMINIUM LTD A,,SHENZHEN STOCK EXCHANGE,JPY
000810,SAMSUNG FIRE & MARINE INSURANCE LT,,KOREA EXCHANGE (STOCK MARKET),JPY
000810,000810,KR7000810002,,KRW
000831,CHINA RARE EARTH RESOURCES AND TEC,,SHENZHEN STOCK EXCHANGE,JPY
000858,WULIANGYE YIBIN LTD A,,SHENZHEN STOCK EXCHANGE,JPY
000876,NEW HOPE LIUHE LTD A,,SHENZHEN STOCK EXCHANGE,JPY
000880,HANWHA,,KOREA EXCHANGE (STOCK MARKET),JPY
00088K,HANWHA P PREF,,KOREA EXCHANGE (STOCK MARKET),JPY
000895,HENAN SHUANGHUI INVESTMENT & DEVEL,,SHENZHEN STOCK EXCHANGE,JPY
000932,HUNAN VALIN STEEL LTD A,,SHENZHEN STOCK EXCHANGE,JPY
000933,HENAN SHENHUO COAL & POWER LTD A,,SHENZHEN STOCK EXCHANGE,JPY
000938,UNISPLENDOUR CORP LTD A,,SHENZHEN STOCK EXCHANGE,JPY
000960,YUNNAN TIN LTD A,,SHENZHEN STOCK EXCHANGE,JPY
000963,HUADONG MEDICINE A,,SHENZHEN STOCK EXCHANGE,JPY
000975,SHANJIN INTERNATIONAL GOLD LTD A,,SHENZHEN STOCK EXCHANGE,JPY
000977,INSPUR ELECTRONIC INFORMATION INDU,,SHENZHEN STOCK EXCHANGE,JPY
000983,SHANXI COKING COAL ENERGY GROUP LT,,SHENZHEN STOCK EXCHANGE,JPY
000988,HUAGONG TECH LTD A,,SHENZHEN STOCK EXCHANGE,JPY
000990,DB HITEK LTD,,KOREA EXCHANGE (STOCK MARKET),JPY
000999,CHINA RESOURCES SANJIU MEDICAL AND,,SHENZHEN STOCK EXCHANGE,JPY
001040,CJ,,KOREA EXCHANGE (STOCK MARKET),JPY
001120,LX INTERNATIONAL CORP,,KOREA EXCHANGE (STOCK MARKET),JPY
001203,DAZHONG MINING LTD A,,SHENZHEN STOCK EXCHANGE,JPY
001309,SHENZHEN TECHWINSEMI TECHNOLOGY LT,,SHENZHEN STOCK EXCHANGE,JPY
001389,DELTON TECHNOLOGY (GUANGZHOU) INC,,SHENZHEN STOCK EXCHANGE,JPY
001430,SEAH BESTEEL HDS CORP,,KOREA EXCHANGE (STOCK MARKET),JPY
001440,TAIHAN C&S,,KOREA EXCHANGE (STOCK MARKET),JPY
001450,HYUNDAI MARINE & FIRE INSURANCE,,KOREA EXCHANGE (STOCK MARKET),JPY
001570,KUM YANG LTD,,KOREA EXCHANGE (STOCK MARKET),JPY
001680,DAESANG,,KOREA EXCHANGE (STOCK MARKET),JPY
001720,SHINYOUNG SECURITIES LTD,,KOREA EXCHANGE (STOCK MARKET),JPY
001740,SK NETWORKS LTD,,KOREA EXCHANGE (STOCK MARKET),JPY
001800,ORION HOLDINGS,,KOREA EXCHANGE (STOCK MARKET),JPY
001965,CHINA MERCHANTS EXPRESSWAY NETWORK,,SHENZHEN STOCK EXCHANGE,JPY
001979,CHINA MERCHANTS SHEKOU INDUSTRIAL,,SHENZHEN STOCK EXCHANGE,JPY
002001,ZHEJIANG NHU A,,SHENZHEN STOCK EXCHANGE,JPY
002027,FOCUS MEDIA INFORMATION TECHNOLOGY,,SHENZHEN STOCK EXCHANGE,JPY
002049,UNIGROUP GUOXIN MICROELECTRONICS L,,SHENZHEN STOCK EXCHANGE,JPY
002050,ZHEJIANG SANHUA INTELLIGENT CONTRO,,SHENZHEN STOCK EXCHANGE,JPY
002064,HUAFON CHEMICAL LTD A,,SHENZHEN STOCK EXCHANGE,JPY
002074,GOTION HIGH-TECH LTD A,,SHENZHEN STOCK EXCHANGE,JPY
002078,SHANDONG SUNPAPER LTD A,,SHENZHEN STOCK EXCHANGE,JPY
002080,SINOMA SCIENCE & TECHNOLOGY A,,SHENZHEN STOCK EXCHANGE,JPY
002128,INNER MONGOLIA DIAN TOU ENERGY COR,,SHENZHEN STOCK EXCHANGE,JPY
002129,TCL ZHONGHUAN RENEWABLE ENERGY TEC,,SHENZHEN STOCK EXCHANGE,JPY
002131,LEO GROUP LTD A,,SHENZHEN STOCK EXCHANGE,JPY
002142,BANK OF NINGBO A,,SHENZHEN STOCK EXCHANGE,JPY
002156,TONGFU MICROELECTRONICS LTD A,,SHENZHEN STOCK EXCHANGE,JPY
002185,TIANSHUI HUATIAN TECHNOLOGY LTD A,,SHENZHEN STOCK EXCHANGE,JPY
002195,SHANGHAI STONEHILL TECHNOLOGY LTD,,SHENZHEN STOCK EXCHANGE,JPY
002202,GOLDWIND SCIENCE&TECHNOLOGY LTD A,,SHENZHEN STOCK EXCHANGE,JPY
002230,IFLYTEK LTD A,,SHENZHEN STOCK EXCHANGE,JPY
002236,ZHEJIANG DAHUA TECHNOLOGY LTD A,,SHENZHEN STOCK EXCHANGE,JPY
002241,GOERTEK A,,SHENZHEN STOCK EXCHANGE,JPY
002252,SHANGHAI RAAS BLOOD PRODUCTS LTD A,,SHENZHEN STOCK EXCHANGE,JPY
002281,ACCELINK TECHNOLOGIES LTD A,,SHENZHEN STOCK EXCHANGE,JPY
002294,SHENZHEN SALUBRIS PHARMACEUTICALS,,SHENZHEN STOCK EXCHANGE,JPY
002304,JIANGSU YANGHE BREWERY JOINT-STOCK,,SHENZHEN STOCK EXCHANGE,JPY
002311,GUANGDONG HAID GROUP LTD A,,SHENZHEN STOCK EXCHANGE,JPY
002340,GEM A,,SHENZHEN STOCK EXCHANGE,JPY
002352,S.F. HOLDING LTD A,,SHENZHEN STOCK EXCHANGE,JPY
002353,YANTAI JEREH OILFIELD SERVICES GRO,,SHENZHEN STOCK EXCHANGE,JPY
002371,NAURA TECHNOLOGY GROUP LTD A,,SHENZHEN STOCK EXCHANGE,JPY
002379,SHANDONG HONGQIAO ALUMINUM INDUSTR,,SHENZHEN STOCK EXCHANGE,JPY
002380,KCC,,KOREA EXCHANGE (STOCK MARKET),JPY
002384,SUZHOU DONGSHAN PRECISION MANUFACT,,SHENZHEN STOCK EXCHANGE,JPY
002414,WUHAN GUIDE INFRARED LTD A,,SHENZHEN STOCK EXCHANGE,JPY
002422,SICHUAN KELUN PHARMACEUTICAL LTD A,,SHENZHEN STOCK EXCHANGE,JPY
002459,JA SOLAR TECHNOLOGY LTD A,,SHENZHEN STOCK EXCHANGE,JPY
002460,GANFENG LITHIUM GROUP LTD A,,SHENZHEN STOCK EXCHANGE,JPY
002463,WUS PRINTED CIRCUIT (KUNSHAN) A,,SHENZHEN STOCK EXCHANGE,JPY
002465,GUANGZHOU HAIGE COMMUNICATIONS GRO,,SHENZHEN STOCK EXCHANGE,JPY
002466,TIANQI LITHIUM INDUSTRIES A,,SHENZHEN STOCK EXCHANGE,JPY
002475,LUXSHARE PRECISION INDUSTRY LTD A,,SHENZHEN STOCK EXCHANGE,JPY
002487,DAJIN HEAVY INDUSTRY LTD A,,SHENZHEN STOCK EXCHANGE,JPY
002493,RONGSHENG PETRO CHEMICAL LTD A,,SHENZHEN STOCK EXCHANGE,JPY
002517,KINGNET NETWORK LTD A,,SHENZHEN STOCK EXCHANGE,JPY
002532,TIANSHAN ALUMINUM GROUP LTD A,,SHENZHEN STOCK EXCHANGE,JPY
002555,37 INTERACTIVE ENTERTAINMENT NETWO,,SHENZHEN STOCK EXCHANGE,JPY
002558,GIANT NETWORK GROUP A,,SHENZHEN STOCK EXCHANGE,JPY
002594,BYD A,,SHENZHEN STOCK EXCHANGE,JPY
002595,SHANDONG HIMILE MECHANICAL SCIENCE,,SHENZHEN STOCK EXCHANGE,JPY
002600,LINGYI ITECH (GUANGDONG) A,,SHENZHEN STOCK EXCHANGE,JPY
002601,LB GROUP LTD A,,SHENZHEN STOCK EXCHANGE,JPY
002602,ZHEJIANG CENTURY HUATONG GROUP LTD,,SHENZHEN STOCK EXCHANGE,JPY
002625,KUANG-CHI TECHNOLOGIES LTD A,,SHENZHEN STOCK EXCHANGE,JPY
002648,SATELLITE CHEMICAL LTD A,,SHENZHEN STOCK EXCHANGE,JPY
002653,HAISCO PHARMACEUTICAL GROUP A,,SHENZHEN STOCK EXCHANGE,JPY
002709,GUANGZHOU TINCI MATERIALS TECHNOLO,,SHENZHEN STOCK EXCHANGE,JPY
002714,MUYUAN FOODS GROUP LTD A,,SHENZHEN STOCK EXCHANGE,JPY
002736,GUOSEN SECURITIES A,,SHENZHEN STOCK EXCHANGE,JPY
002738,SINOMINE RESOURCE GROUP LTD A,,SHENZHEN STOCK EXCHANGE,JPY
002790,AMOREG,,KOREA EXCHANGE (STOCK MARKET),JPY
002812,YUNNAN ENERGY NEW MATERIAL (GROUP),,SHENZHEN STOCK EXCHANGE,JPY
002837,SHENZHEN ENVICOOL TECHNOLOGY LTD A,,SHENZHEN STOCK EXCHANGE,JPY
002850,SHENZHEN KEDALI INDUSTRY A,,SHENZHEN STOCK EXCHANGE,JPY
002851,SHENZHEN MEGMEET ELECTRICAL LTD A,,SHENZHEN STOCK EXCHANGE,JPY
002916,SHENNAN CIRCUITS LTD A,,SHENZHEN STOCK EXCHANGE,JPY
002920,HUIZHOU DESAY SV AUTOMOTIVE LTD A,,SHENZHEN STOCK EXCHANGE,JPY
002938,AVARY HOLDING (SHENZHEN) LTD A,,SHENZHEN STOCK EXCHANGE,JPY
002939,CHINA GREATWALL SECURITIES LTD A,,SHENZHEN STOCK EXCHANGE,JPY
002966,BANK OF SUZHOU LTD A,,SHENZHEN STOCK EXCHANGE,JPY
003090,DAEWOONG LTD,,KOREA EXCHANGE (STOCK MARKET),JPY
003230,SAM YANG FOODS INC,,KOREA EXCHANGE (STOCK MARKET),JPY
003230,003230,KR7003230000,,KRW
003380,HARIM HOLDINGS LTD,,KOREA EXCHANGE (KOSDAQ),JPY
003490,KOREAN AIR LINES LTD,,KOREA EXCHANGE (STOCK MARKET),JPY
003490,003490,KR7003490000,,KRW
003530,HANWHA SECURITIES & INVESTMENT LTD,,KOREA EXCHANGE (STOCK MARKET),JPY
003540,DAISHIN SECURITIES LTD,,KOREA EXCHANGE (STOCK MARKET),JPY
003550,LG,,KOREA EXCHANGE (STOCK MARKET),JPY
003550,003550,KR7003550001,,KRW
003670,POSCO FUTURE M LTD,,KOREA EXCHANGE (STOCK MARKET),JPY
003670,003670,KR7003670007,,KRW
003690,KOREAN REINSURANCE,,KOREA EXCHANGE (STOCK MARKET),JPY
004000,LOTTE FINE CHEMICALS LTD,,KOREA EXCHANGE (STOCK MARKET),JPY
004020,HYUNDAI STEEL,,KOREA EXCHANGE (STOCK MARKET),JPY
004170,SHINSEGAE INC,,KOREA EXCHANGE (STOCK MARKET),JPY
004370,NONGSHIM LTD,,KOREA EXCHANGE (STOCK MARKET),JPY
004490,SEBANG GLOBAL BATTERY LTD,,KOREA EXCHANGE (STOCK MARKET),JPY
004800,HYOSUNG,,KOREA EXCHANGE (STOCK MARKET),JPY
004990,LOTTE,,KOREA EXCHANGE (STOCK MARKET),JPY
005070,COSMOAM&T LTD,,KOREA EXCHANGE (STOCK MARKET),JPY
005290,DONGJIN SEMICHEM LTD,,KOREA EXCHANGE (KOSDAQ),JPY
005300,LOTTE CHILSUNG BEVERAGE LTD,,KOREA EXCHANGE (STOCK MARKET),JPY
005380,HYUNDAI MOTOR,,KOREA EXCHANGE (STOCK MARKET),JPY
005380,005380,KR7005380001,,KRW
005385,HYUNDAI MOTOR S1 PREF,,KOREA EXCHANGE (STOCK MARKET),JPY
005385,005385,KR7005381009,,KRW
005387,HYUNDAI MOTOR S2 PREF,,KOREA EXCHANGE (STOCK MARKET),JPY
005387,005387,KR7005382007,,KRW
005440,HYUNDAI G F HOLDINGS LTD,,KOREA EXCHANGE (STOCK MARKET),JPY
005490,POSCO,,KOREA EXCHANGE (STOCK MARKET),JPY
005490,005490,KR7005490008,,KRW
005830,DB INSURANCE LTD,,KOREA EXCHANGE (STOCK MARKET),JPY
005830,005830,KR7005830005,,KRW
005850,SL CORP,,KOREA EXCHANGE (STOCK MARKET),JPY
005930,SAMSUNG ELECTRONICS LTD,,KOREA EXCHANGE (STOCK MARKET),JPY
005930,005930,KR7005930003,,KRW
005935,SAMSUNG ELECTRONICS NON VOTING PRE,,KOREA EXCHANGE (STOCK MARKET),JPY
005935,005935,KR7005931001,,KRW
005940,NH INVESTMENT & SECURITIES LTD,,KOREA EXCHANGE (STOCK MARKET),JPY
005940,005940,KR7005940002,,KRW
006120,SK DISCOVERY,,KOREA EXCHANGE (STOCK MARKET),JPY
006260,LS,,KOREA EXCHANGE (STOCK MARKET),JPY
006280,GC BIOPHARMA CORP,,KOREA EXCHANGE (STOCK MARKET),JPY
006360,GS ENGINEERING & CONSTRUCTION CORP,,KOREA EXCHANGE (STOCK MARKET),JPY
006400,SAMSUNG SDI LTD,,KOREA EXCHANGE (STOCK MARKET),JPY
006400,006400,KR7006400006,,KRW
006800,MIRAE ASSET SECURITIES CO LTD,,KOREA EXCHANGE (STOCK MARKET),JPY
006800,006800,KR7006800007,,KRW
007070,GS RETAIL LTD,,KOREA EXCHANGE (STOCK MARKET),JPY
007310,OTOKI CORP,,KOREA EXCHANGE (STOCK MARKET),JPY
007340,DN AUTOMOTIVE CORP,,KOREA EXCHANGE (STOCK MARKET),JPY
007390,NATURECELL LTD,,KOREA EXCHANGE (KOSDAQ),JPY
007660,ISUPETASYS LTD,,KOREA EXCHANGE (STOCK MARKET),JPY
008770,HOTEL SHILLA LTDINARY SHARES KOREA,,KOREA EXCHANGE (STOCK MARKET),JPY
008930,HANMI SCIENCE,,KOREA EXCHANGE (STOCK MARKET),JPY
009150,SAMSUNG ELECTRO MECHANICS LTD,,KOREA EXCHANGE (STOCK MARKET),JPY
009150,009150,KR7009150004,,KRW
009240,HANSSEM,,KOREA EXCHANGE (STOCK MARKET),JPY
009420,HANALL BIOPHARMA LTD,,KOREA EXCHANGE (STOCK MARKET),JPY
009450,KYUNG DONG NAVIEN LTD,,KOREA EXCHANGE (STOCK MARKET),JPY
009520,POSCO M-TECH LTD,,KOREA EXCHANGE (KOSDAQ),JPY
009540,HD KOREA SHIPBUILDING & OFFSHORE E,,KOREA EXCHANGE (STOCK MARKET),JPY
009540,009540,KR7009540006,,KRW
009830,HANWHA SOLUTIONS CORP,,KOREA EXCHANGE (STOCK MARKET),JPY
009970,YOUNGONE HOLDINGS LTD,,KOREA EXCHANGE (STOCK MARKET),JPY
010060,OCI HOLDINGS COMPANY LTD,,KOREA EXCHANGE (STOCK MARKET),JPY
010120,LS ELECTRIC LTD,,KOREA EXCHANGE (STOCK MARKET),JPY
010120,010120,KR7010120004,,KRW
010140,SAMSUNG HEAVY INDUSTRIES LTD,,KOREA EXCHANGE (STOCK MARKET),JPY
010140,010140,KR7010140002,,KRW
010950,S-OIL,,KOREA EXCHANGE (STOCK MARKET),JPY
010950,010950,KR7010950004,,KRW
011070,LG INNOTEK LTD,,KOREA EXCHANGE (STOCK MARKET),JPY
011170,LOTTE CHEMICAL,,KOREA EXCHANGE (STOCK MARKET),JPY
011200,HMM LTD,,KOREA EXCHANGE (STOCK MARKET),JPY
011200,011200,KR7011200003,,KRW
011210,HYUNDAI WIA CORP,,KOREA EXCHANGE (STOCK MARKET),JPY
011780,KUMHO PETRO CHEMICAL LTD,,KOREA EXCHANGE (STOCK MARKET),JPY
011790,SKC,,KOREA EXCHANGE (STOCK MARKET),JPY
012330,HYUNDAI MOBIS LTD,,KOREA EXCHANGE (STOCK MARKET),JPY
012330,012330,KR7012330007,,KRW
012450,HANWHA AEROSPACE LTD,,KOREA EXCHANGE (STOCK MARKET),JPY
012450,012450,KR7012450003,,KRW
0126Z0,SAMSUNG EPIS HOLDINGS LTD,,KOREA EXCHANGE (STOCK MARKET),JPY
0126Z0,0126Z0,KR70126Z0002,,KRW
012750,S-1 CORP,,KOREA EXCHANGE (STOCK MARKET),JPY
014680,HANSOL CHEMICAL LTD,,KOREA EXCHANGE (STOCK MARKET),JPY
015760,KOREA ELECTRIC POWER,,KOREA EXCHANGE (STOCK MARKET),JPY
015760,015760,KR7015760002,,KRW
016360,SAMSUNG SECURITIES LTD,,KOREA EXCHANGE (STOCK MARKET),JPY
016790,HYUNDAI FEED INC,,KOREA EXCHANGE (KOSDAQ),JPY
017670,SK TELECOM,,KOREA EXCHANGE (STOCK MARKET),JPY
017670,017670,KR7017670001,,KRW
017800,HYUNDAI ELEVATOR LTD,,KOREA EXCHANGE (STOCK MARKET),JPY
017960,HANKUK CARBON,,KOREA EXCHANGE (STOCK MARKET),JPY
018260,SAMSUNG SDS,,KOREA EXCHANGE (STOCK MARKET),JPY
018260,018260,KR7018260000,,KRW
018670,SK GAS LTD,,KOREA EXCHANGE (STOCK MARKET),JPY
018880,HANON SYSTEMS,,KOREA EXCHANGE (STOCK MARKET),JPY
020150,ILJIN MATERIALS,,KOREA EXCHANGE (STOCK MARKET),JPY
020560,ASIANA AIRLINES,,KOREA EXCHANGE (STOCK MARKET),JPY
021240,COWAY LTD,,KOREA EXCHANGE (STOCK MARKET),JPY
022100,POSCO DX COMPANY LTD,,KOREA EXCHANGE (STOCK MARKET),JPY
023530,LOTTE SHOPPING LTD,,KOREA EXCHANGE (STOCK MARKET),JPY
023590,DAOU TECHNOLOGY INC,,KOREA EXCHANGE (STOCK MARKET),JPY
024110,INDUSTRIAL BANK OF KOREA,,KOREA EXCHANGE (STOCK MARKET),JPY
024110,024110,KR7024110009,,KRW
026960,DONG SUH INC,,KOREA EXCHANGE (STOCK MARKET),JPY
027360,AJU IB INVESTMENT CO.LTD LTD,,KOREA EXCHANGE (KOSDAQ),JPY
028050,SAMSUNG E&A LTD,,KOREA EXCHANGE (STOCK MARKET),JPY
028260,SAMSUNG C&T CORP,,KOREA EXCHANGE (STOCK MARKET),JPY
028260,028260,KR7028260008,,KRW
028300,HLB LTD,,KOREA EXCHANGE (KOSDAQ),JPY
028300,028300,KR7028300002,,KRW
028670,PAN OCEAN LTD,,KOREA EXCHANGE (STOCK MARKET),JPY
030000,CHEIL WORLDWIDE INC,,KOREA EXCHANGE (STOCK MARKET),JPY
030190,NICE INFORMATION SERVICE LTD,,KOREA EXCHANGE (STOCK MARKET),JPY
030530,WONIK HOLDINGS LTD,,KOREA EXCHANGE (KOSDAQ),JPY
031980,PSK HOLDINGS INC,,KOREA EXCHANGE (KOSDAQ),JPY
032350,LOTTE TOUR DEVELOPMENT LTD,,KOREA EXCHANGE (STOCK MARKET),JPY
032500,KMW LTD,,KOREA EXCHANGE (KOSDAQ),JPY
032640,LG UPLUS,,KOREA EXCHANGE (STOCK MARKET),JPY
032640,032640,KR7032640005,,KRW
032830,SAMSUNG LIFE LTD,,KOREA EXCHANGE (STOCK MARKET),JPY
032830,032830,KR7032830002,,KRW
033780,KT&G CORP,,KOREA EXCHANGE (STOCK MARKET),JPY
033780,033780,KR7033780008,,KRW
034020,DOOSAN ENERBILITY LTD,,KOREA EXCHANGE (STOCK MARKET),JPY
034020,034020,KR7034020008,,KRW
034220,LG DISPLAY LTD,,KOREA EXCHANGE (STOCK MARKET),JPY
034220,034220,KR7034220004,,KRW
034230,PARADISE,,KOREA EXCHANGE (STOCK MARKET),JPY
034730,SK INC,,KOREA EXCHANGE (STOCK MARKET),JPY
034730,034730,KR7034730002,,KRW
035250,KANGWON LAND INC,,KOREA EXCHANGE (STOCK MARKET),JPY
035420,NAVER,,KOREA EXCHANGE (STOCK MARKET),JPY
035420,035420,KR7035420009,,KRW
035720,KAKAO,,KOREA EXCHANGE (STOCK MARKET),JPY
035720,035720,KR7035720002,,KRW
035760,CJ ENM,,KOREA EXCHANGE (KOSDAQ),JPY
035900,JYP ENTERTAINMENT CORPORATION CORP,,KOREA EXCHANGE (KOSDAQ),JPY
036460,KOREA GAS,,KOREA EXCHANGE (STOCK MARKET),JPY
036540,SFA SEMICON LTD,,KOREA EXCHANGE (KOSDAQ),JPY
036570,NC,,KOREA EXCHANGE (STOCK MARKET),JPY
036930,JUSUNG ENGINEERING LTD,,KOREA EXCHANGE (KOSDAQ),JPY
039030,EO TECHNICS LTD,,KOREA EXCHANGE (KOSDAQ),JPY
039200,OSCOTEC INC,,KOREA EXCHANGE (KOSDAQ),JPY
039490,KIWOOM SECURITIES LTD,,KOREA EXCHANGE (STOCK MARKET),JPY
041510,SM ENTERTAINMENT LTD,,KOREA EXCHANGE (KOSDAQ),JPY
042660,HANWHA OCEAN LTD,,KOREA EXCHANGE (STOCK MARKET),JPY
042660,042660,KR7042660001,,KRW
042700,HANMI SEMICONDUCTOR,,KOREA EXCHANGE (STOCK MARKET),JPY
042700,042700,KR7042700005,,KRW
047040,DAEWOO ENGINEERING & CONSTRUCTION,,KOREA EXCHANGE (STOCK MARKET),JPY
047050,POSCO INTERNATIONAL CORP,,KOREA EXCHANGE (STOCK MARKET),JPY
047050,047050,KR7047050000,,KRW
047810,KOREA AEROSPACE INDUSTRIES,,KOREA EXCHANGE (STOCK MARKET),JPY
047810,047810,KR7047810007,,KRW
051600,KEPCO PLANT SERVICE & ENGINEERING,,KOREA EXCHANGE (STOCK MARKET),JPY
051900,LG H & H LTD,,KOREA EXCHANGE (STOCK MARKET),JPY
051910,LG CHEM LTD,,KOREA EXCHANGE (STOCK MARKET),JPY
051910,051910,KR7051910008,,KRW
052690,KEPCO ENGINEERING & CONSTRUCTION I,,KOREA EXCHANGE (STOCK MARKET),JPY
053320,TERA RESOURCE LTD,,KOREA EXCHANGE (KOSDAQ),JPY
055550,SHINHAN FINANCIAL GROUP,,KOREA EXCHANGE (STOCK MARKET),JPY
055550,055550,KR7055550008,,KRW
056190,SFA ENGINEERING CORP,,KOREA EXCHANGE (KOSDAQ),JPY
058470,LEENO INDUSTRIAL INC,,KOREA EXCHANGE (KOSDAQ),JPY
058610,SPG LTD,,KOREA EXCHANGE (KOSDAQ),JPY
060370,LS MARINE SOLUTION LTD,,KOREA EXCHANGE (KOSDAQ),JPY
062040,SANIL ELECTRIC LTD,,KOREA EXCHANGE (STOCK MARKET),JPY
064350,HYUNDAI-ROTEM,,KOREA EXCHANGE (STOCK MARKET),JPY
064350,064350,KR7064350002,,KRW
064760,TOKAI CARBON KOREA LTD,,KOREA EXCHANGE (KOSDAQ),JPY
064960,SNT MOTIV LTD,,KOREA EXCHANGE (STOCK MARKET),JPY
065350,SHINSUNG DELTA TECH LTD,,KOREA EXCHANGE (KOSDAQ),JPY
065B05GVN,065B05GVN,CNE000001LM6,,CNY
066570,LG ELECTRONICS INC,,KOREA EXCHANGE (STOCK MARKET),JPY
066570,066570,KR7066570003,,KRW
066970,L&F LTD,,KOREA EXCHANGE (STOCK MARKET),JPY
067310,HANA MICRON INC,,KOREA EXCHANGE (KOSDAQ),JPY
068270,CELLTRION,,KOREA EXCHANGE (STOCK MARKET),JPY
068270,068270,KR7068270008,,KRW
068760,CELLTRION PHARM INC,,KOREA EXCHANGE (KOSDAQ),JPY
069620,DAEWOONG PHARMACEUTICAL,,KOREA EXCHANGE (STOCK MARKET),JPY
069960,HYUNDAI DEPARTMENT STORE LTD,,KOREA EXCHANGE (STOCK MARKET),JPY
071050,KOREA INVESTMENT HOLDINGS LTD,,KOREA EXCHANGE (STOCK MARKET),JPY
071050,071050,KR7071050009,,KRW
071970,HD-HYUNDAI MARINE ENGINE LTD,,KOREA EXCHANGE (STOCK MARKET),JPY
073240,KUMHO TIREINC INC,,KOREA EXCHANGE (STOCK MARKET),JPY
077970,STX ENGINE LTD,,KOREA EXCHANGE (STOCK MARKET),JPY
078600,DAEJOO ELECTRONIC MATERIALS LTD,,KOREA EXCHANGE (KOSDAQ),JPY
078930,GS HOLDINGS,,KOREA EXCHANGE (STOCK MARKET),JPY
079160,CJ CGV,,KOREA EXCHANGE (STOCK MARKET),JPY
079550,LIG DEFENSE&AEROSPACE LTD,,KOREA EXCHANGE (STOCK MARKET),JPY
079550,079550,KR7079550000,,KRW
081660,MISTO HOLDINGS CORP,,KOREA EXCHANGE (STOCK MARKET),JPY
082270,GEMVAX & KAEL LTD,,KOREA EXCHANGE (KOSDAQ),JPY
082740,HANWHA ENGINE LTD,,KOREA EXCHANGE (STOCK MARKET),JPY
083650,BHI LTD,,KOREA EXCHANGE (KOSDAQ),JPY
084370,EUGENE TECHNOLOGY LTD,,KOREA EXCHANGE (KOSDAQ),JPY
085660,CHABIOTECH LTD,,KOREA EXCHANGE (KOSDAQ),JPY
086280,HYUNDAI GLOVIS LTD,,KOREA EXCHANGE (STOCK MARKET),JPY
086280,086280,KR7086280005,,KRW
086450,DONGKOOK PHARMACEUTICAL LTD,,KOREA EXCHANGE (KOSDAQ),JPY
086520,ECOPRO LTD,,KOREA EXCHANGE (KOSDAQ),JPY
086520,086520,KR7086520004,,KRW
086790,HANA FINANCIAL GROUP,,KOREA EXCHANGE (STOCK MARKET),JPY
086790,086790,KR7086790003,,KRW
086900,MEDY-TOX,,KOREA EXCHANGE (KOSDAQ),JPY
087010,PEPTRON INC,,KOREA EXCHANGE (KOSDAQ),JPY
088350,HANWHA LIFE INSURANCE LTD,,KOREA EXCHANGE (STOCK MARKET),JPY
089030,TECHWING INC,,KOREA EXCHANGE (KOSDAQ),JPY
089860,LOTTE RENTAL LTD,,KOREA EXCHANGE (STOCK MARKET),JPY
090430,AMOREPACIFIC,,KOREA EXCHANGE (STOCK MARKET),JPY
090430,090430,KR7090430000,,KRW
093370,FOOSUNG LTD,,KOREA EXCHANGE (STOCK MARKET),JPY
095340,ISC TECHNOLOGY LTD,,KOREA EXCHANGE (KOSDAQ),JPY
096530,SEEGENE INC,,KOREA EXCHANGE (KOSDAQ),JPY
096770,SK INNOVATION LTD,,KOREA EXCHANGE (STOCK MARKET),JPY
096770,096770,KR7096770003,,KRW
097230,HJ SHIPBUILDING & CONSTRUCTION LTD,,KOREA EXCHANGE (STOCK MARKET),JPY
097950,CJ CHEILJEDANG CORP,,KOREA EXCHANGE (STOCK MARKET),JPY
098460,KOH YOUNG TECHNOLOGY,,KOREA EXCHANGE (KOSDAQ),JPY
1,CK HUTCHISON HOLDINGS,,HONG KONG EXCHANGES AND CLEARING LTD,JPY
1,1,KYG217651051,,HKD
100090,SK OCEANPLANT COLTD LTD,,KOREA EXCHANGE (STOCK MARKET),JPY
1010,RIYAD BANK,,SAUDI STOCK EXCHANGE,JPY
101490,S&S TECH CORP,,KOREA EXCHANGE (KOSDAQ),JPY
1020,BANK ALJAZIRA,,SAUDI STOCK EXCHANGE,JPY
1024,KUAISHOU TECHNOLOGY,,HONG KONG EXCHANGES AND CLEARING LTD,JPY
1024,1024,KYG532631028,,HKD
1030,SAUDI INVESTMENT BANK,,SAUDI STOCK EXCHANGE,JPY
103140,POONGSANORATION CORP,,KOREA EXCHANGE (STOCK MARKET),JPY
103590,ILJIN ELECTRIC LTD,,KOREA EXCHANGE (STOCK MARKET),JPY
1038,CHEUNG KONG INFRASTRUCTURE HOLDING,,HONG KONG EXCHANGES AND CLEARING LTD,JPY
1038,1038,BMG2178K1009,,HKD
1044,HENGAN INTERNATIONAL GROUP,,HONG KONG EXCHANGES AND CLEARING LTD,JPY
1044,1044,KYG4402L1510,,HKD
1050,BANQUE SAUDI FRANSI,,SAUDI STOCK EXCHANGE,JPY
1052,YUEXIU TRANSPORT INFRASTRUCTURE LT,,HONG KONG EXCHANGES AND CLEARING LTD,JPY
105560,KB FINANCIAL GROUP,,KOREA EXCHANGE (STOCK MARKET),JPY
105560,105560,KR7105560007,,KRW
1060,SAUDI AWWAL BANK,,SAUDI STOCK EXCHANGE,JPY
1066,SHANDONG WEIGAO GP MEDICAL POLYMER,,HONG KONG EXCHANGES AND CLEARING LTD,JPY
1070,TCL ELECTRONICS HOLDINGS LTD,,HONG KONG EXCHANGES AND CLEARING LTD,JPY
1080,ARAB NATIONAL BANK,,SAUDI STOCK EXCHANGE,JPY
1083,TOWNGAS SMART ENERGY LTD,,HONG KONG EXCHANGES AND CLEARING LTD,JPY
108320,LX SEMICON LTD,,KOREA EXCHANGE (STOCK MARKET),JPY
108490,ROBOTIS LTD,,KOREA EXCHANGE (KOSDAQ),JPY
1088,CHINA SHENHUA ENERGY LTD H,,HONG KONG EXCHANGES AND CLEARING LTD,JPY
1088,1088,CNE1000002R0,,HKD
1093,CSPC PHARMACEUTICAL GROUP,,HONG KONG EXCHANGES AND CLEARING LTD,JPY
1093,1093,HK1093012172,,HKD
1099,SINOPHARM GROUP LTD H,,HONG KONG EXCHANGES AND CLEARING LTD,JPY
1099,1099,CNE100000FN7,,HKD
1101,TAIWAN CEMENT,,TAIWAN STOCK EXCHANGE,JPY
1101,1101,TW0001101004,,TWD
1102,ASIA CEMENT CORP,,TAIWAN STOCK EXCHANGE,JPY
1109,CHINA RESOURCES LAND LTD,,HONG KONG EXCHANGES AND CLEARING LTD,JPY
1109,1109,KYG2108Y1052,,HKD
1111,SAUDI TADAWUL GROUP CO,,SAUDI STOCK EXCHANGE,JPY
1113,CK ASSET HOLDINGS LTD,,HONG KONG EXCHANGES AND CLEARING LTD,JPY
1113,1113,KYG2177B1014,,HKD
1114,BRILLIANCE CHINA AUTOMOTIVE HOLDIN,,HONG KONG EXCHANGES AND CLEARING LTD,JPY
1117,CHINA MODERN DAIRY HOLDINGS LTD,,HONG KONG EXCHANGES AND CLEARING LTD,JPY
111770,YOUNGONE,,KOREA EXCHANGE (STOCK MARKET),JPY
1120,AL RAJHI BANK,,SAUDI STOCK EXCHANGE,JPY
112040,WEM ADE LTD,,KOREA EXCHANGE (KOSDAQ),JPY
112610,CS WIND,,KOREA EXCHANGE (STOCK MARKET),JPY
1133,HARBIN ELECTRIC LTD H,,HONG KONG EXCHANGES AND CLEARING LTD,JPY
1138,COSCO SHIPPING ENERGY TRANSPORTATI,,HONG KONG EXCHANGES AND CLEARING LTD,JPY
1138,1138,CNE1000002S8,,HKD
1140,BANK ALBILAD,,SAUDI STOCK EXCHANGE,JPY
1150,ALINMA BANK,,SAUDI STOCK EXCHANGE,JPY
1164,CGN MINING COMPANY LTD,,HONG KONG EXCHANGES AND CLEARING LTD,JPY
1167,JACOBIO PHARMACEUTICALS GROUP LTD,,HONG KONG EXCHANGES AND CLEARING LTD,JPY
1171,YANKUANG ENERGY GROUP COMPANY H,,HONG KONG EXCHANGES AND CLEARING LTD,JPY
1171,1171,CNE1000004Q8,,HKD
1177,SINO BIOPHARMACEUTICAL,,HONG KONG EXCHANGES AND CLEARING LTD,JPY
1177,1177,KYG8167W1380,,HKD
1180,THE SAUDI NATIONAL BANK,,SAUDI STOCK EXCHANGE,JPY
119,POLY PPTY GROUP LTD,,HONG KONG EXCHANGES AND CLEARING LTD,JPY
1193,CHINA RESOURCES GAS GROUP LTD,,HONG KONG EXCHANGES AND CLEARING LTD,JPY
1193,1193,BMG2113B1081,,HKD
1199,COSCO SHIPPING PORTS LTD,,HONG KONG EXCHANGES AND CLEARING LTD,JPY
12,HENDERSON LAND DEVELOPMENT LTD,,HONG KONG EXCHANGES AND CLEARING LTD,JPY
12,12,HK0012000102,,HKD
120110,KOLON INDUSTRY INC,,KOREA EXCHANGE (STOCK MARKET),JPY
1208,MMG LTD,,HONG KONG EXCHANGES AND CLEARING LTD,JPY
1208,1208,HK1208013172,,HKD
1209,CHINA RESOURCES MIXC LIFESTYLE SER,,HONG KONG EXCHANGES AND CLEARING LTD,JPY
1209,1209,KYG2122G1064,,HKD
1210,GREAT WALL ENTERPRISE,,TAIWAN STOCK EXCHANGE,JPY
1211,BYD H,,HONG KONG EXCHANGES AND CLEARING LTD,JPY
1211,1211,CNE100000296,,HKD
1212,ASTRA INDUSTRIAL GROUP,,SAUDI STOCK EXCHANGE,JPY
1215,CHAROEN POKPHAND ENTERPRISE(TAIWAN,,TAIWAN STOCK EXCHANGE,JPY
1216,UNI-PRESIDENT ENTERPRISES,,TAIWAN STOCK EXCHANGE,JPY
1216,1216,TW0001216000,,TWD
1227,STANDARD FOODS CORP,,TAIWAN STOCK EXCHANGE,JPY
122870,YG ENTERTAINMENT,,KOREA EXCHANGE (KOSDAQ),JPY
1229,LIEN HWA INDUSTRIAL HOLDINGS CORP,,TAIWAN STOCK EXCHANGE,JPY
123,YUEXIU PROPERTY COMPANY,,HONG KONG EXCHANGES AND CLEARING LTD,JPY
1232,TTET UNION,,TAIWAN STOCK EXCHANGE,JPY
1258,CHINA NONFERROUS MINING CORPORATIO,,HONG KONG EXCHANGES AND CLEARING LTD,JPY
1258,1258,HK0000112026,,HKD
1277,KINETIC DEVELOPMENT GROUP LTD,,HONG KONG EXCHANGES AND CLEARING LTD,JPY
1288,AGRICULTURAL BANK OF CHINA LTD H,,HONG KONG EXCHANGES AND CLEARING LTD,JPY
1288,1288,CNE100000Q43,,HKD
128940,HANMI PHARM LTD,,KOREA EXCHANGE (STOCK MARKET),JPY
1299,AIA GROUP,,HONG KONG EXCHANGES AND CLEARING LTD,JPY
1299,1299,HK0000069689,,HKD
13,HUTCHMED (CHINA) LTD,,HONG KONG EXCHANGES AND CLEARING LTD,JPY
1301,KYOKUYO LTD,,TOKYO STOCK EXCHANGE,JPY
1301,"KYOKUYO CO.,LTD.",JP3257200000,,
1301,1301,TW0001301000,,TWD
1302,LIFETECH SCIENTIFIC CORP,,HONG KONG EXCHANGES AND CLEARING LTD,JPY
1303,NAN YA PLASTICS CORP,,TAIWAN STOCK EXCHANGE,JPY
1303,1303,TW0001303006,,TWD
1304,FORTIOR TECHNOLOGY (SHENZHEN) LTD,,HONG KONG EXCHANGES AND CLEARING LTD,JPY
1308,SITC INTERNATIONAL HOLDINGS LTD,,HONG KONG EXCHANGES AND CLEARING LTD,JPY
1308,1308,KYG8187G1055,,HKD
1313,CHINA RES BUILD MATERIAL TECH HOLD,,HONG KONG EXCHANGES AND CLEARING LTD,JPY
1314,CHINA PETROCHEMICAL DEVELOPMENT CO,,TAIWAN STOCK EXCHANGE,JPY
1316,NEXTEER AUTOMOTIVE GROUP LTD,,HONG KONG EXCHANGES AND CLEARING LTD,JPY
1319,TONG YANG INDUSTRY LTD,,TAIWAN STOCK EXCHANGE,JPY
1320,SAUDI STEEL PIPE,,SAUDI STOCK EXCHANGE,JPY
1321,EAST PIPES INTEGRATED COMPANY FOR,,SAUDI STOCK EXCHANGE,JPY
1322,AL MASANE AL KOBRA MINING,,SAUDI STOCK EXCHANGE,JPY
1326,FORMOSA CHEMICALS & FIBRE CORP,,TAIWAN STOCK EXCHANGE,JPY
1326,1326,TW0001326007,,TWD
1332,NISSUI CORP,,TOKYO STOCK EXCHANGE,JPY
1332,NISSUI CORPORATION,JP3718800000,,
1333,UMIOS CORP,,TOKYO STOCK EXCHANGE,JPY
1333,UMIOS CORPORATION,JP3876600002,,
1336,NEW CHINA LIFE INSURANCE COMPANY L,,HONG KONG EXCHANGES AND CLEARING LTD,JPY
1336,1336,CNE100001922,,HKD
1339,THE PEOPLES INSURANCE CO (GROUP),,HONG KONG EXCHANGES AND CLEARING LTD,JPY
1339,1339,CNE100001MK7,,HKD
1347,HUA HONG GRACE SEMICONDUCTOR LTD,,HONG KONG EXCHANGES AND CLEARING LTD,JPY
1347,1347,HK0000218211,,HKD
135,KUNLUN ENERGY LTD,,HONG KONG EXCHANGES AND CLEARING LTD,JPY
135,135,BMG5320C1082,,HKD
1357,MEITU INC,,HONG KONG EXCHANGES AND CLEARING LTD,JPY
136,CHINA RUYI HOLDINGS,,HONG KONG EXCHANGES AND CLEARING LTD,JPY
136,136,BMG4404N1149,,HKD
1361,361 DEGREES INTERNATIONAL LTD,,HONG KONG EXCHANGES AND CLEARING LTD,JPY
1363,CT ENVIRONMENTAL GROUP LTD,,HONG KONG EXCHANGES AND CLEARING LTD,JPY
1368,XTEP INTERNATIONAL LTD,,HONG KONG EXCHANGES AND CLEARING LTD,JPY
137310,SD BIOSENSOR INC,,KOREA EXCHANGE (STOCK MARKET),JPY
137400,PEOPLE&TECHNOLOGY INC,,KOREA EXCHANGE (KOSDAQ),JPY
1375,YUKIGUNI FACTORY LTD,,TOKYO STOCK EXCHANGE,JPY
1375,"YUKIGUNI FACTORY CO.,LTD.",JP3947010009,,
1376,KANEKO SEEDS LTD,,TOKYO STOCK EXCHANGE,JPY
1376,"KANEKO SEEDS CO.,LTD.",JP3216200000,,
1377,SAKATA SEED CORP,,TOKYO STOCK EXCHANGE,JPY
1377,SAKATA SEED CORPORATION,JP3315000004,,
1378,CHINA HONGQIAO GROUP LTD,,HONG KONG EXCHANGES AND CLEARING LTD,JPY
1378,1378,KYG211501005,,HKD
1379,HOKUTO CORP,,TOKYO STOCK EXCHANGE,JPY
1379,HOKUTO CORPORATION,JP3843250006,,
138040,MERITZ FINANCIAL GROUP INC,,KOREA EXCHANGE (STOCK MARKET),JPY
138040,138040,KR7138040001,,KRW
138930,BNK FINANCIAL GROUP INC,,KOREA EXCHANGE (STOCK MARKET),JPY
139130,DGB FINANCIAL GROUP,,KOREA EXCHANGE (STOCK MARKET),JPY
139480,E-MART INC,,KOREA EXCHANGE (STOCK MARKET),JPY
1396,GREATER BAY AREA AI COMP TECH LTD,,HONG KONG EXCHANGES AND CLEARING LTD,JPY
1398,INDUSTRIAL AND COMMERCIAL BANK OF,,HONG KONG EXCHANGES AND CLEARING LTD,JPY
1398,1398,CNE1000003G1,,HKD
1402,FAR EASTERN NEW CENTURY CORP,,TAIWAN STOCK EXCHANGE,JPY
140410,MEZZION PHARMA LTD,,KOREA EXCHANGE (KOSDAQ),JPY
1405,DPC DASH LTD,,HONG KONG EXCHANGES AND CLEARING LTD,JPY
1407,WEST HOLDING,,,
140860,PARKSYSTEMS CORP,,KOREA EXCHANGE (KOSDAQ),JPY
1409,SHINKONG SYNTHETIC FIBERS CORP,,TAIWAN STOCK EXCHANGE,JPY
141080,LIGA CHEM BIO INC,,KOREA EXCHANGE (KOSDAQ),JPY
1414,SHO-BOND HOLDINGS LTD,,TOKYO STOCK EXCHANGE,JPY
1414,"SHO-BOND HOLDINGS CO.,LTD.",JP3360250009,,
1417,MIRAIT ONE CORP,,TOKYO STOCK EXCHANGE,JPY
1417,MIRAIT ONE CORPORATION,JP3910620008,,
1419,TAMA HOME LTD,,TOKYO STOCK EXCHANGE,JPY
1419,"TAMA HOME CO.,LTD.",JP3470900006,,
1434,FORMOSA TAFFETA LTD,,TAIWAN STOCK EXCHANGE,JPY
1435,ROBOT HOME INC,,TOKYO STOCK EXCHANGE,JPY
1435,ROBOT HOME INC.,JP3153950005,,
144,CHINA MERCHANTS PORT HOLDINGS LTD,,HONG KONG EXCHANGES AND CLEARING LTD,JPY
144,144,HK0144000764,,HKD
1440,TAINAN SPINNING LTD,,TAIWAN STOCK EXCHANGE,JPY
1448,FU SHOU YUAN INTERNATIONAL GROUP L,,HONG KONG EXCHANGES AND CLEARING LTD,JPY
145020,HUGEL,,KOREA EXCHANGE (KOSDAQ),JPY
1476,ECLAT TEXTILE,,TAIWAN STOCK EXCHANGE,JPY
1477,MAKALOT INDUSTRIAL,,TAIWAN STOCK EXCHANGE,JPY
1478,Q TECHNOLOGY (GROUP) LTD,,HONG KONG EXCHANGES AND CLEARING LTD,JPY
148,KINGBOARD HOLDINGS,,HONG KONG EXCHANGES AND CLEARING LTD,JPY
1503,SHIHLIN ELECTRIC AND ENGINEERING C,,TAIWAN STOCK EXCHANGE,JPY
1504,TECO ELECTRIC & MACHINERY,,TAIWAN STOCK EXCHANGE,JPY
151,WANT WANT CHINA HOLDINGS,,HONG KONG EXCHANGES AND CLEARING LTD,JPY
151,151,KYG9431R1039,,HKD
1513,CHUNG-HSIN ELECTRIC & MACHINERY MF,,TAIWAN STOCK EXCHANGE,JPY
1514,SUMISEKI HOLDINGS INC,,TOKYO STOCK EXCHANGE,JPY
1514,"SUMISEKI HOLDINGS,INC.",JP3400750000,,
1515,NITTETSU MINING LTD,,TOKYO STOCK EXCHANGE,JPY
1515,"NITTETSU MINING CO.,LTD.",JP3680800004,,
1518,MITSUI MATSUSHIMA HOLDINGS LTD,,TOKYO STOCK EXCHANGE,JPY
1518,"MITSUI MATSUSHIMA HOLDINGS CO.,LTD.",JP3894000003,,
1519,FORTUNE ELECTRIC,,TAIWAN STOCK EXCHANGE,JPY
1519,1519,KYG4990A1040,,HKD
1519,1519,TW0001519007,,TWD
152,SHENZHEN INTERNATIONAL HOLDINGS,,HONG KONG EXCHANGES AND CLEARING LTD,JPY
1530,3SBIO INC,,HONG KONG EXCHANGES AND CLEARING LTD,JPY
1530,1530,KYG8875G1029,,HKD
1548,GENSCRIPT BIOTECH CORP,,HONG KONG EXCHANGES AND CLEARING LTD,JPY
1548,1548,KYG3825B1059,,HKD
1560,KINIK,,TAIWAN STOCK EXCHANGE,JPY
1579,YIHAI INTERNATIONAL HOLDING,,HONG KONG EXCHANGES AND CLEARING LTD,JPY
1585,YADEA GROUP HOLDINGS,,HONG KONG EXCHANGES AND CLEARING LTD,JPY
1585,1585,KYG9830F1063,,HKD
1590,AIRTAC INTERNATIONAL GROUP,,TAIWAN STOCK EXCHANGE,JPY
1590,1590,KYG014081064,,TWD
16,SUN HUNG KAI PROPERTIES LTD,,HONG KONG EXCHANGES AND CLEARING LTD,JPY
16,16,HK0016000132,,HKD
1605,INPEX,,TOKYO STOCK EXCHANGE,JPY
1605,INPEX CORPORATION,JP3294460005,,
1608,HUA ENG WIRE AND CABLE LTD,,TAIWAN STOCK EXCHANGE,JPY
1609,TA YA ELECTRIC WIRE & CABLE LTD,,TAIWAN STOCK EXCHANGE,JPY
1610,COFCO JOYCOME FOODS LTD,,HONG KONG EXCHANGES AND CLEARING LTD,JPY
161390,HANKOOK TIRE & TECHNOLOGY LTD,,KOREA EXCHANGE (STOCK MARKET),JPY
161390,161390,KR7161390000,,KRW
161890,KOLMAR KOREA LTD,,KOREA EXCHANGE (STOCK MARKET),JPY
165,CHINA EVERBRIGHT LTD,,HONG KONG EXCHANGES AND CLEARING LTD,JPY
1651,PRECISION TSUGAMI CHINA CORP LTD,,HONG KONG EXCHANGES AND CLEARING LTD,JPY
1658,POSTAL SAVINGS BANK OF CHINA LTD H,,HONG KONG EXCHANGES AND CLEARING LTD,JPY
1658,1658,CNE1000029W3,,HKD
166090,HANA MATERIALS INC,,KOREA EXCHANGE (KOSDAQ),JPY
1662,JAPAN PETROLEUM EXPLORATION,,TOKYO STOCK EXCHANGE,JPY
1662,"JAPAN PETROLEUM EXPLORATION CO.,LTD.",JP3421100003,,
1663,K&O ENERGY GROUP INC,,TOKYO STOCK EXCHANGE,JPY
1663,K&O ENERGY GROUP INC.,JP3277020008,,
1666,TONG REN TANG TECHNOLOGIES LTD H,,HONG KONG EXCHANGES AND CLEARING LTD,JPY
166A,TASUKI HOLDINGS INC,,TOKYO STOCK EXCHANGE,JPY
166A,TASUKI HOLDINGS INC.,JP3464310006,,
1672,ASCLETIS PHARMA INC,,HONG KONG EXCHANGES AND CLEARING LTD,JPY
1675,ASIAINFO TECHNOLOGIES LTD,,HONG KONG EXCHANGES AND CLEARING LTD,JPY
167A,RYOYO RYOSAN HOLDINGS INC,,TOKYO STOCK EXCHANGE,JPY
167A,"RYOYO RYOSAN HOLDINGS,INC.",JP3975410006,,
168,TSINGTAO BREWERY LTD H,,HONG KONG EXCHANGES AND CLEARING LTD,JPY
168,168,CNE1000004K1,,HKD
1681,CONSUN PHARMACEUTICAL GROUP LTD,,HONG KONG EXCHANGES AND CLEARING LTD,JPY
1707,GRAPE KING BIO LTD,,TAIWAN STOCK EXCHANGE,JPY
1716,DAI ICHI CUTTER KOGYO,,TOKYO STOCK EXCHANGE,JPY
1716,DAI-ICHI CUTTER KOGYO K.K.,JP3473700007,,
1717,ETERNAL MATERIALS LTD,,TAIWAN STOCK EXCHANGE,JPY
1719,HAZAMA ANDO CORP,,TOKYO STOCK EXCHANGE,JPY
1719,HAZAMA ANDO CORPORATION,JP3767810009,,
1720,TOKYU CONSTRUCTION LTD,,TOKYO STOCK EXCHANGE,JPY
1720,"TOKYU CONSTRUCTION CO., LTD.",JP3567410000,,
1721,COMSYS HOLDINGS CORP,,TOKYO STOCK EXCHANGE,JPY
1721,COMSYS HOLDINGS CORPORATION,JP3305530002,,
1722,TAIWAN FERTILIZER,,TAIWAN STOCK EXCHANGE,JPY
1723,CHINA STEEL CHEMICAL CORP,,TAIWAN STOCK EXCHANGE,JPY
1736,JOHNSON HEALTH TECH LTD,,TAIWAN STOCK EXCHANGE,JPY
175,GEELY AUTOMOBILE HOLDINGS LTD,,HONG KONG EXCHANGES AND CLEARING LTD,JPY
175,175,KYG3777B1032,,HKD
175330,JB FINANCIAL GROUP LTD,,KOREA EXCHANGE (STOCK MARKET),JPY
1762,TAKAMATSU CONSTRUCTION GROUP LTD,,TOKYO STOCK EXCHANGE,JPY
1762,"TAKAMATSU CONSTRUCTION GROUP CO.,LTD.",JP3457900003,,
1766,TOKEN CORP,,TOKYO STOCK EXCHANGE,JPY
1766,1766,CNE100000BG0,,HKD
1766,TOKEN CORPORATION,JP3590900001,,
1772,GANFENG LITHIUM LTD H,,HONG KONG EXCHANGES AND CLEARING LTD,JPY
1772,1772,CNE1000031W9,,HKD
1773,SHINY CHEMICAL INDUSTRIAL LTD,,TAIWAN STOCK EXCHANGE,JPY
1776,GF SECURITIES H,,HONG KONG EXCHANGES AND CLEARING LTD,JPY
1776,1776,CNE100001TQ9,,HKD
1780,YAMAURA CORP,,TOKYO STOCK EXCHANGE,JPY
1780,YAMAURA CORPORATION,JP3934300009,,
178320,SEOJIN SYSTEM LTD,,KOREA EXCHANGE (KOSDAQ),JPY
1785,SOLAR APPLIED MATERIALS TECHNOLOGY,,GRETAI SECURITIES MARKET,JPY
1786,ORIENTAL SHIRAISHI CORP,,TOKYO STOCK EXCHANGE,JPY
1786,ORIENTAL SHIRAISHI CORPORATION,JP3197950003,,
1787,SHANDONG GOLD MINING LTD H,,HONG KONG EXCHANGES AND CLEARING LTD,JPY
1787,1787,CNE1000036N7,,HKD
1789,AK MEDICAL HOLDINGS LTD,,HONG KONG EXCHANGES AND CLEARING LTD,JPY
178A,Global X Innovative Bluechip Top 10+ ETF,,,
1795,LOTUS PHARMACEUTICAL LTD,,TAIWAN STOCK EXCHANGE,JPY
1797,EAST BUY HOLDING LTD,,HONG KONG EXCHANGES AND CLEARING LTD,JPY
1798,CHINA DATANG CORPORATION RENEWABLE,,HONG KONG EXCHANGES AND CLEARING LTD,JPY
1801,TAISEI,,TOKYO STOCK EXCHANGE,JPY
1801,TAISEI CORPORATION,JP3443600006,,
1801,1801,KYG4818G1010,,HKD
1802,OBAYASHI,,TOKYO STOCK EXCHANGE,JPY
1802,OBAYASHI CORPORATION,JP3190000004,,
1803,SHIMIZU,,TOKYO STOCK EXCHANGE,JPY
1803,SHIMIZU CORPORATION,JP3358800005,,
180640,HANJIN KAL,,KOREA EXCHANGE (STOCK MARKET),JPY
1808,HASEKO,,TOKYO STOCK EXCHANGE,JPY
1808,HASEKO CORPORATION,JP3768600003,,
1810,MATSUI CONSTRUCTION LTD,,TOKYO STOCK EXCHANGE,JPY
1810,"MATSUI CONSTRUCTION CO.,LTD.",JP3863600007,,
1810,1810,KYG9830T1067,,HKD
1811,CGN NEW ENERGY HOLDINGS LTD,,HONG KONG EXCHANGES AND CLEARING LTD,JPY
1812,KAJIMA,,TOKYO STOCK EXCHANGE,JPY
1812,KAJIMA CORPORATION,JP3210200006,,
1813,FUDO TETRA,,TOKYO STOCK EXCHANGE,JPY
1813,FUDO TETRA CORPORATION,JP3825600004,,
1815,TEKKEN,,TOKYO STOCK EXCHANGE,JPY
1815,TEKKEN CORPORATION,JP3545600003,,
1816,CGN POWER LTD H,,HONG KONG EXCHANGES AND CLEARING LTD,JPY
1816,1816,CNE100001T80,,HKD
1818,ZHAOJIN MINING INDUSTRY LTD H,,HONG KONG EXCHANGES AND CLEARING LTD,JPY
1818,1818,CNE1000004R6,,HKD
1820,NISHIMATSU CONSTRUCTION LTD,,TOKYO STOCK EXCHANGE,JPY
1820,"NISHIMATSU CONSTRUCTION CO.,LTD.",JP3659200004,,
1822,DAIHO CORP,,TOKYO STOCK EXCHANGE,JPY
1822,DAIHO CORPORATION,JP3498600000,,
182400,NKGEN BIOTECH KOREA,,KOREA EXCHANGE (KOSDAQ),JPY
1830,LEEJAM SPORTS,,SAUDI STOCK EXCHANGE,JPY
1831,MAHARAH HUMAN RESOURCES CO,,SAUDI STOCK EXCHANGE,JPY
1833,OKUMURA CORP,,TOKYO STOCK EXCHANGE,JPY
1833,OKUMURA CORPORATION,JP3194800003,,
183300,KOMICO LTD,,KOREA EXCHANGE (KOSDAQ),JPY
1835,TOTETSU KOGYO LTD,,TOKYO STOCK EXCHANGE,JPY
1835,"TOTETSU KOGYO CO.,LTD.",JP3595400007,,
1852,ASANUMA CORP,,TOKYO STOCK EXCHANGE,JPY
1852,ASANUMA CORPORATION,JP3110000001,,
185750,CHONG KUN DANG PHARMACEUTICAL,,KOREA EXCHANGE (STOCK MARKET),JPY
1860,TODA,,TOKYO STOCK EXCHANGE,JPY
1860,TODA CORPORATION,JP3627000007,,
1861,KUMAGAI LTD,,TOKYO STOCK EXCHANGE,JPY
1861,"KUMAGAI GUMI CO.,LTD.",JP3266800006,,
1866,CHINA XLX FERTILISER LTD,,HONG KONG EXCHANGES AND CLEARING LTD,JPY
186A,ASTROSCALE HLDG ORD,,,
1870,YAHAGI CONSTRUCTION LTD,,TOKYO STOCK EXCHANGE,JPY
1870,"YAHAGI CONSTRUCTION CO.,LTD.",JP3933200002,,
1871,PS CONSTRUCTION,,TOKYO STOCK EXCHANGE,JPY
1871,"PS CONSTRUCTION CO.,LTD.",JP3801400007,,
1873,NIHON HOUSE HOLDINGS LTD,,TOKYO STOCK EXCHANGE,JPY
1873,"NIHON HOUSE HOLDINGS CO.,LTD.",JP3783500006,,
1878,DAITO TRUST CONSTRUCTION LTD,,TOKYO STOCK EXCHANGE,JPY
1878,"DAITO TRUST CONSTRUCTION CO.,LTD.",JP3486800000,,
1879,SHINNIHON CORP,,TOKYO STOCK EXCHANGE,JPY
1879,SHINNIHON CORPORATION,JP3380300008,,
1882,TOA ROAD CORP,,TOKYO STOCK EXCHANGE,JPY
1882,TOA ROAD CORPORATION,JP3558000000,,
1882,1882,KYG4232C1087,,HKD
1885,TOA (TOKYO) CORP,,TOKYO STOCK EXCHANGE,JPY
1885,TOA CORPORATION,JP3556000002,,
1886,CHINA HUIYUAN JUICE GROUP LTD,,HONG KONG EXCHANGES AND CLEARING LTD,JPY
1887,JDC,,TOKYO STOCK EXCHANGE,JPY
1887,JDC CORPORATION,JP3707200006,,
1888,WAKACHIKU CONSTRUCTION LTD,,TOKYO STOCK EXCHANGE,JPY
1888,"WAKACHIKU CONSTRUCTION CO.,LTD.",JP3990800009,,
1888,1888,KYG5257K1076,,HKD
188A,Global X India Top 10+ ETF,,,
189,DONGYUE GROUP LTD,,HONG KONG EXCHANGES AND CLEARING LTD,JPY
1893,PENTA-OCEAN CONSTRUCTION LTD,,TOKYO STOCK EXCHANGE,JPY
1893,"PENTA-OCEAN CONSTRUCTION CO.,LTD.",JP3309000002,,
189300,INTELLIAN TECHNOLOGIES INC,,KOREA EXCHANGE (KOSDAQ),JPY
1896,MAOYAN ENTERTAINMENT,,HONG KONG EXCHANGES AND CLEARING LTD,JPY
1898,SEIKITOKYU KOGYO,,TOKYO STOCK EXCHANGE,JPY
1898,1898,CNE100000528,,HKD
1898,"SEIKITOKYU KOGYO CO.,LTD.",JP3414600001,,
1899,FUKUDA CORP,,TOKYO STOCK EXCHANGE,JPY
1899,FUKUDA CORPORATION,JP3805600008,,
19,SWIRE PACIFIC LTD A,,HONG KONG EXCHANGES AND CLEARING LTD,JPY
19,19,HK0019000162,,HKD
1904,CHENG LOONG CORP,,TAIWAN STOCK EXCHANGE,JPY
1907,YFY INC,,TAIWAN STOCK EXCHANGE,JPY
1908,C D INTERNATIONAL INVESTMENT GROUP,,HONG KONG EXCHANGES AND CLEARING LTD,JPY
1908,1908,KYG3165D1097,,HKD
1911,SUMITOMO FORESTRY,,TOKYO STOCK EXCHANGE,JPY
1911,"SUMITOMO FORESTRY CO.,LTD.",JP3409800004,,
1918,SUNAC CHINA HOLDINGS,,HONG KONG EXCHANGES AND CLEARING LTD,JPY
1919,COSCO SHIPPING HOLDINGS LTD H,,HONG KONG EXCHANGES AND CLEARING LTD,JPY
1919,1919,CNE1000002J7,,HKD
192080,DOUBLEU GAMES,,KOREA EXCHANGE (STOCK MARKET),JPY
1925,DAIWA HOUSE INDUSTRY,,TOKYO STOCK EXCHANGE,JPY
1925,"DAIWA HOUSE INDUSTRY CO.,LTD.",JP3505000004,,
1926,RAITO KOGYO LTD,,TOKYO STOCK EXCHANGE,JPY
1926,"RAITO KOGYO CO.,LTD.",JP3965800000,,
1928,SEKISUI HOUSE,,TOKYO STOCK EXCHANGE,JPY
1928,"SEKISUI HOUSE,LTD.",JP3420600003,,
1928,1928,KYG7800X1079,,HKD
192820,COSMAX INC,,KOREA EXCHANGE (STOCK MARKET),JPY
1929,NITTOC CONSTRUCTION LTD,,TOKYO STOCK EXCHANGE,JPY
1929,"NITTOC CONSTRUCTION CO.,LTD.",JP3684800000,,
1929,1929,KYG211461085,,HKD
1930,HOKURIKU ELECTRICAL CONSTRUCTION L,,TOKYO STOCK EXCHANGE,JPY
1930,"HOKURIKU ELECTRICAL CONSTRUCTION CO.,LTD",JP3845000003,,
1934,YURTEC CORP,,TOKYO STOCK EXCHANGE,JPY
1934,YURTEC CORPORATION,JP3946200007,,
1938,NIPPON RIETEC LTD,,TOKYO STOCK EXCHANGE,JPY
1938,"NIPPON RIETEC CO.,LTD.",JP3510600004,,
1939,YONDENKO CORP,,TOKYO STOCK EXCHANGE,JPY
1939,YONDENKO CORPORATION,JP3962600007,,
1941,CHUDENKO CORP,,TOKYO STOCK EXCHANGE,JPY
1941,CHUDENKO CORPORATION,JP3524000001,,
1942,KANDENKO LTD,,TOKYO STOCK EXCHANGE,JPY
1942,"KANDENKO CO.,LTD.",JP3230600003,,
1944,KINDEN,,TOKYO STOCK EXCHANGE,JPY
1944,KINDEN CORPORATION,JP3263000006,,
1945,TOKYO ENERGY & SYSTEMS INC,,TOKYO STOCK EXCHANGE,JPY
1945,TOKYO ENERGY & SYSTEMS INC.,JP3585400009,,
1946,TOENEC CORP,,TOKYO STOCK EXCHANGE,JPY
1946,TOENEC CORPORATION,JP3552230009,,
1950,NIPPON DENSETSU KOGYO LTD,,TOKYO STOCK EXCHANGE,JPY
1950,"NIPPON DENSETSU KOGYO CO.,LTD.",JP3736200001,,
1951,EXEO GROUP INC,,TOKYO STOCK EXCHANGE,JPY
1951,"EXEO GROUP,INC.",JP3254200003,,
1952,SHIN NIPPON AIR TECHNOLOGIES LTD,,TOKYO STOCK EXCHANGE,JPY
1952,"SHIN NIPPON AIR TECHNOLOGIES CO.,LTD.",JP3380250005,,
1959,KRAFTIA CORP,,TOKYO STOCK EXCHANGE,JPY
1959,KRAFTIA CORPORATION,JP3247050002,,
195940,HK INNO.N CORP,,KOREA EXCHANGE (KOSDAQ),JPY
1961,SANKI ENGINEERING,,TOKYO STOCK EXCHANGE,JPY
1961,"SANKI ENGINEERING CO.,LTD.",JP3325600009,,
196170,ALTEOGEN INC,,KOREA EXCHANGE (KOSDAQ),JPY
196170,196170,KR7196170005,,KRW
1963,JGC HOLDINGS CORP,,TOKYO STOCK EXCHANGE,JPY
1963,JGC HOLDINGS CORPORATION,JP3667600005,,
1964,CHUGAI RO LTD,,TOKYO STOCK EXCHANGE,JPY
1964,"CHUGAI RO CO.,LTD.",JP3519800001,,
1965,TECHNO RYOWA LTD,,,
1968,TAIHEI DENGYO LTD,,TOKYO STOCK EXCHANGE,JPY
1968,"TAIHEI DENGYO KAISHA,LTD.",JP3447200001,,
1969,TAKASAGO THERMAL ENGINEERING,,TOKYO STOCK EXCHANGE,JPY
1969,"TAKASAGO THERMAL ENGINEERING CO.,LTD.",JP3455200000,,
1975,ASAHI KOGYOSHA LTD,,TOKYO STOCK EXCHANGE,JPY
1975,"ASAHI KOGYOSHA CO.,LTD.",JP3112800002,,
1976,MEISEI INDUSTRIAL LTD,,TOKYO STOCK EXCHANGE,JPY
1976,"MEISEI INDUSTRIAL CO.,LTD.",JP3918200001,,
1979,TAIKISHA LTD,,TOKYO STOCK EXCHANGE,JPY
1979,TAIKISHA LTD.,JP3441200007,,
198,SMI HOLDINGS GROUP LTD,,HONG KONG EXCHANGES AND CLEARING LTD,JPY
1980,DAI DAN LTD,,TOKYO STOCK EXCHANGE,JPY
1980,"DAI-DAN CO.,LTD.",JP3486000007,,
1982,HIBIYA ENGINEERING LTD,,TOKYO STOCK EXCHANGE,JPY
1982,"HIBIYA ENGINEERING,LTD.",JP3793400007,,
1988,CHINA MINSHENG BANKING CORP LTD H,,HONG KONG EXCHANGES AND CLEARING LTD,JPY
1988,1988,CNE100000HF9,,HKD
1997,WHARF REAL ESTATE INVESTMENT COMPA,,HONG KONG EXCHANGES AND CLEARING LTD,JPY
1997,1997,KYG9593A1040,,HKD
2,CLP HOLDINGS,,HONG KONG EXCHANGES AND CLEARING LTD,JPY
2,2,HK0002007356,,HKD
20,SENSETIME GROUP CLASS B INC,,HONG KONG EXCHANGES AND CLEARING LTD,JPY
20,20,KYG8062L1041,,HKD
200012,CSG HOLDING LTD B,,SHENZHEN STOCK EXCHANGE,JPY
2001,NIPPN CORP,,TOKYO STOCK EXCHANGE,JPY
2001,NIPPN CORPORATION,JP3723000000,,
2002,NISSHIN SEIFUN GROUP,,TOKYO STOCK EXCHANGE,JPY
2002,NISSHIN SEIFUN GROUP INC.,JP3676800000,,
2002,2002,TW0002002003,,TWD
2003,NITTO FUJI FLOUR MILLING LTD,,TOKYO STOCK EXCHANGE,JPY
2003,"NITTO FUJI FLOUR MILLING CO.,LTD.",JP3683200004,,
2004,SHOWA SANGYO LTD,,TOKYO STOCK EXCHANGE,JPY
2004,"SHOWA SANGYO CO.,LTD.",JP3366400004,,
2005,SSY GROUP LTD,,HONG KONG EXCHANGES AND CLEARING LTD,JPY
2006,TUNG HO STEEL ENTERPRISE,,TAIWAN STOCK EXCHANGE,JPY
2007,COUNTRY GARDEN HOLDINGS LTD,,HONG KONG EXCHANGES AND CLEARING LTD,JPY
2010,SAUDI BASIC INDUSTRIES,,SAUDI STOCK EXCHANGE,JPY
2013,WEIMOB INC,,HONG KONG EXCHANGES AND CLEARING LTD,JPY
2014,CHUNG HUNG STEEL CORP,,TAIWAN STOCK EXCHANGE,JPY
2015,LI AUTO CLASS A,,HONG KONG EXCHANGES AND CLEARING LTD,JPY
2015,2015,KYG5479M1050,,HKD
2018,AAC TECHNOLOGIES HOLDINGS,,HONG KONG EXCHANGES AND CLEARING LTD,JPY
2018,2018,KYG2953R1149,,HKD
2019,Global X U.S. Preferred Security ETF (Bi-monthly dividend type),,,
2020,ANTA SPORTS PRODUCTS LTD,,HONG KONG EXCHANGES AND CLEARING LTD,JPY
2020,2020,KYG040111059,,HKD
2023,YIEH PHUI ENTERPRISE,,TAIWAN STOCK EXCHANGE,JPY
2026,PONY AI INC,,HONG KONG EXCHANGES AND CLEARING LTD,JPY
2026,2026,KYG7171B1068,,HKD
2027,TA CHEN STAINLESS PIPE LTD,,TAIWAN STOCK EXCHANGE,JPY
2038,FIH MOBILE LTD,,HONG KONG EXCHANGES AND CLEARING LTD,JPY
2040,SAUDI CERAMIC,,SAUDI STOCK EXCHANGE,JPY
204270,JNTC LTD,,KOREA EXCHANGE (KOSDAQ),JPY
204320,HL MANDO CORP,,KOREA EXCHANGE (STOCK MARKET),JPY
2049,HIWIN TECHNOLOGIES CORP,,TAIWAN STOCK EXCHANGE,JPY
2050,SAVOLA GROUP,,SAUDI STOCK EXCHANGE,JPY
2053,CHUBU SHIRYO LTD,,TOKYO STOCK EXCHANGE,JPY
2053,"CHUBU SHIRYO CO.,LTD.",JP3525400002,,
2057,ZTO EXPRESS (CAYMAN) INC,,HONG KONG EXCHANGES AND CLEARING LTD,JPY
2057,2057,KYG9897K1058,,HKD
2059,KING SLIDE WORKS,,TAIWAN STOCK EXCHANGE,JPY
2059,2059,TW0002059003,,TWD
2060,FEED ONE LTD,,TOKYO STOCK EXCHANGE,JPY
2060,"FEED ONE CO.,LTD.",JP3802960009,,
2070,SAUDI PHARMACEUTICAL INDUST AND ME,,SAUDI STOCK EXCHANGE,JPY
207940,SAMSUNG BIOLOGICS,,KOREA EXCHANGE (STOCK MARKET),JPY
207940,207940,KR7207940008,,KRW
2080,NATIONAL GAS AND INDUSTRIALIZATION,,SAUDI STOCK EXCHANGE,JPY
2081,ALKHORAYEF WATER & POWER TECHNOLOG,,SAUDI STOCK EXCHANGE,JPY
2082,ACWA POWER CO,,SAUDI STOCK EXCHANGE,JPY
2083,POWER AND WATER UTILITY COMPANY FO,,SAUDI STOCK EXCHANGE,JPY
2095,Global X S&P 500 Dividend Aristocrats ETF (JPY Hedged),,,
2096,SIMCERE PHARMACEUTICAL GROUP LTD,,HONG KONG EXCHANGES AND CLEARING LTD,JPY
2097,Global X Residential J-REIT ETF,,,
2098,Global X Hotel & Retail J-REIT ETF,,,
2099,CHINA GOLD INTERNATIONAL RESOURCES,,HONG KONG EXCHANGES AND CLEARING LTD,JPY
2099,2099,CA16890P1036,,HKD
2101,NAN KANG RUBBER TIRE CORP LTD,,TAIWAN STOCK EXCHANGE,JPY
2105,CHENG SHIN RUBBER INDUSTRY LTD,,TAIWAN STOCK EXCHANGE,JPY
2106,KENDA RUBBER INDUSTRIAL LTD,,TAIWAN STOCK EXCHANGE,JPY
2108,NIPPON BEET SUGAR MANUFACTURING LT,,TOKYO STOCK EXCHANGE,JPY
2108,"NIPPON BEET SUGAR MANUFACTURING CO.,LTD.",JP3732600006,,
2109,MITSUI DM SUGAR,,TOKYO STOCK EXCHANGE,JPY
2109,"MITSUI DM SUGAR CO.,LTD.",JP3890400009,,
2117,WELLNEO SUGAR LTD,,TOKYO STOCK EXCHANGE,JPY
2117,"WELLNEO SUGAR CO.,LTD.",JP3676600004,,
2120,LIFULL LTD,,TOKYO STOCK EXCHANGE,JPY
2120,"LIFULL CO.,LTD.",JP3758140002,,
2121,MIXI,,TOKYO STOCK EXCHANGE,JPY
2121,"MIXI,INC.",JP3882750007,,
2124,JAC RECRUITMENT LTD,,TOKYO STOCK EXCHANGE,JPY
2124,"JAC RECRUITMENT CO.,LTD.",JP3386130003,,
2127,NIHON M&A CENTER HOLDINGS INC,,TOKYO STOCK EXCHANGE,JPY
2127,NIHON M&A CENTER HOLDINGS INC.,JP3689050007,,
2128,CHINA LESSO GROUP HOLDINGS LTD,,HONG KONG EXCHANGES AND CLEARING LTD,JPY
212A,FIT EASY INC,,TOKYO STOCK EXCHANGE,JPY
212A,FIT EASY INC.,JP3803140007,,
2130,MEMBERS LTD,,TOKYO STOCK EXCHANGE,JPY
2130,"MEMBERS CO.,LTD.",JP3921700005,,
213420,DUK SAN NEOLUX LTD,,KOREA EXCHANGE (KOSDAQ),JPY
214150,CLASSYS INC,,KOREA EXCHANGE (KOSDAQ),JPY
214370,CAREGEN LTD,,KOREA EXCHANGE (KOSDAQ),JPY
214450,PHARMARESEARCH LTD,,KOREA EXCHANGE (KOSDAQ),JPY
2145,SHANGHAI CHICMAX COSMETIC CLS H H,,HONG KONG EXCHANGES AND CLEARING LTD,JPY
2146,UT GROUP LTD,,TOKYO STOCK EXCHANGE,JPY
2146,"UT GROUP CO.,LTD.",JP3949500007,,
2148,ITMEDIA INC,,TOKYO STOCK EXCHANGE,JPY
2148,ITMEDIA INC.,JP3104880004,,
2153,E J HOLDINGS INC,,TOKYO STOCK EXCHANGE,JPY
2153,E.J HOLDINGS INC.,JP3130480001,,
2154,OPEN UP GROUP INC,,TOKYO STOCK EXCHANGE,JPY
2154,OPEN UP GROUP INC.,JP3635580008,,
2157,KOSHIDAKA HOLDINGS LTD,,TOKYO STOCK EXCHANGE,JPY
2157,"KOSHIDAKA HOLDINGS CO.,LTD.",JP3297360004,,
2158,YIDU TECH INC,,HONG KONG EXCHANGES AND CLEARING LTD,JPY
2160,GNI GROUP LTD,,,
2162,KEYMED BIOSCIENCES,,HONG KONG EXCHANGES AND CLEARING LTD,JPY
2168,PASONA GROUP INC,,TOKYO STOCK EXCHANGE,JPY
2168,PASONA GROUP INC.,JP3781490002,,
2170,LINK AND MOTIVATION INC,,TOKYO STOCK EXCHANGE,JPY
2170,LINK AND MOTIVATION INC.,JP3977020001,,
2171,CARSGEN THERAPEUTICS LTD,,HONG KONG EXCHANGES AND CLEARING LTD,JPY
2172,MICROPORT NEUROTECH CORP,,HONG KONG EXCHANGES AND CLEARING LTD,JPY
2175,SMS LTD,,TOKYO STOCK EXCHANGE,JPY
2175,"SMS CO.,LTD.",JP3162350007,,
2181,PERSOL HOLDINGS LTD,,TOKYO STOCK EXCHANGE,JPY
2181,"PERSOL HOLDINGS CO.,LTD.",JP3547670004,,
218410,RFHIC CORP,,KOREA EXCHANGE (KOSDAQ),JPY
2186,LUYE PHARMA GROUP LTD,,HONG KONG EXCHANGES AND CLEARING LTD,JPY
2190,SUSTAINED INFRASTRUCTURE HOLDING C,,SAUDI STOCK EXCHANGE,JPY
2192,MEDLIVE TECHNOLOGY LTD,,HONG KONG EXCHANGES AND CLEARING LTD,JPY
2193,COOKPAD,,TOKYO STOCK EXCHANGE,JPY
2193,COOKPAD INC.,JP3266170004,,
2201,MORINAGA LTD,,TOKYO STOCK EXCHANGE,JPY
2201,"MORINAGA & CO.,LTD.",JP3926400007,,
2204,NAKAMURAYA LTD,,TOKYO STOCK EXCHANGE,JPY
2204,"NAKAMURAYA CO.,LTD.",JP3646000004,,
2206,EZAKI GLICO,,TOKYO STOCK EXCHANGE,JPY
2206,"EZAKI GLICO CO.,LTD.",JP3161200005,,
2207,MEITO LTD,,TOKYO STOCK EXCHANGE,JPY
2207,"MEITO CO.,LTD.",JP3920200007,,
2207,2207,TW0002207008,,TWD
2208,CSBC,,TAIWAN STOCK EXCHANGE,JPY
2209,IMURAYA GROUP LTD,,TOKYO STOCK EXCHANGE,JPY
2209,"IMURAYA GROUP CO.,LTD.",JP3149200002,,
2211,FUJIYA LTD,,TOKYO STOCK EXCHANGE,JPY
2211,"FUJIYA CO.,LTD.",JP3821200007,,
2212,YAMAZAKI BAKING LTD,,TOKYO STOCK EXCHANGE,JPY
2212,"YAMAZAKI BAKING CO.,LTD.",JP3935600001,,
2217,MOROZOFF LTD,,TOKYO STOCK EXCHANGE,JPY
2217,MOROZOFF LIMITED,JP3927600001,,
2220,KAMEDA SEIKA LTD,,TOKYO STOCK EXCHANGE,JPY
2220,"KAMEDA SEIKA CO.,LTD.",JP3219800004,,
2222,KOTOBUKI SPIRITS LTD,,TOKYO STOCK EXCHANGE,JPY
2222,"KOTOBUKI SPIRITS CO.,LTD.",JP3299600001,,
2228,XTALPI HOLDINGS LTD,,HONG KONG EXCHANGES AND CLEARING LTD,JPY
2228,2228,KYG7S12M1051,,HKD
222800,SIMMTECH,,KOREA EXCHANGE (KOSDAQ),JPY
2229,CALBEE INC,,TOKYO STOCK EXCHANGE,JPY
2229,"CALBEE,INC.",JP3220580009,,
2230,SAUDI CHEMICAL,,SAUDI STOCK EXCHANGE,JPY
2233,WEST CHINA CEMENT LTD,,HONG KONG EXCHANGES AND CLEARING LTD,JPY
2236,Global X S&P 500 Dividend Aristocrats ETF,,,
223A,Global X Artificial Intelligence & Technology ETF,,,
2243,Global X Semiconductor ETF,,,
2244,Global X US Tech Top 20 ETF,,,
2245,LYGEND RESOURCES & TECHNOLOGY CLS,,HONG KONG EXCHANGES AND CLEARING LTD,JPY
224A,Global X Uranium ETF,,,
2250,SAUDI INDUSTRIAL INVESTMENT GROUP,,SAUDI STOCK EXCHANGE,JPY
2252,SHANGHAI MICROPORT MEDBOT CLASS H,,HONG KONG EXCHANGES AND CLEARING LTD,JPY
2253,Global X SuperDividend U.S. ETF,,,
2254,Global X China Electric Vehicle and Battery ETF,,,
2255,HAICHANG OCEAN PARK HOLDINGS LTD,,HONG KONG EXCHANGES AND CLEARING LTD,JPY
225570,NEXON GAMES LTD,,KOREA EXCHANGE (KOSDAQ),JPY
2256,ABBISKO CAYMAN,,HONG KONG EXCHANGES AND CLEARING LTD,JPY
2259,ZIJIN GOLD INTERNATIONAL LTD,,HONG KONG EXCHANGES AND CLEARING LTD,JPY
2259,2259,HK0001200002,,HKD
2264,MORINAGA MILK INDUSTRY,,TOKYO STOCK EXCHANGE,JPY
2264,"MORINAGA MILK INDUSTRY CO.,LTD.",JP3926800008,,
2266,ROKKO BUTTER LTD,,TOKYO STOCK EXCHANGE,JPY
2266,"ROKKO BUTTER CO.,LTD.",JP3984800007,,
2267,YAKULT HONSHA LTD,,TOKYO STOCK EXCHANGE,JPY
2267,"YAKULT HONSHA CO.,LTD.",JP3931600005,,
2268,WUXI XDC CAYMAN INC,,HONG KONG EXCHANGES AND CLEARING LTD,JPY
2268,2268,KYG9808A1058,,HKD
2269,MEIJI HOLDINGS LTD,,TOKYO STOCK EXCHANGE,JPY
2269,"MEIJI HOLDINGS CO.,LTD.",JP3918000005,,
2269,2269,KYG970081173,,HKD
226950,OLIX PHARMACEUTICALS INC,,KOREA EXCHANGE (KOSDAQ),JPY
2270,MEGMILK SNOW BRAND LTD,,TOKYO STOCK EXCHANGE,JPY
2270,"MEGMILK SNOW BRAND CO.,LTD.",JP3947800003,,
2273,GUSHENGTANG HOLDINGS,,HONG KONG EXCHANGES AND CLEARING LTD,JPY
2276,SHANGHAI CONANT OPTICAL CO LTD H,,HONG KONG EXCHANGES AND CLEARING LTD,JPY
2280,ALMARAI,,SAUDI STOCK EXCHANGE,JPY
2281,PRIMA MEAT PACKERS LTD,,TOKYO STOCK EXCHANGE,JPY
2281,"PRIMA MEAT PACKERS,LTD.",JP3833200003,,
2282,NH FOODS,,TOKYO STOCK EXCHANGE,JPY
2282,NH FOODS LTD.,JP3743000006,,
2283,FIRST MILLING CO,,SAUDI STOCK EXCHANGE,JPY
2285,CHERVON HOLDINGS LTD,,HONG KONG EXCHANGES AND CLEARING LTD,JPY
2288,MARUDAI FOOD LTD,,TOKYO STOCK EXCHANGE,JPY
2288,"MARUDAI FOOD CO.,LTD.",JP3876400007,,
2290,YANBU NATIONAL PETROCHEMICALS,,SAUDI STOCK EXCHANGE,JPY
2292,S FOODS INC,,TOKYO STOCK EXCHANGE,JPY
2292,S FOODS INC.,JP3399300007,,
2294,KAKIYASU HONTEN LTD,,TOKYO STOCK EXCHANGE,JPY
2294,"KAKIYASU HONTEN CO.,LTD.",JP3206500005,,
2296,ITOHAM YONEKYU HOLDINGS,,TOKYO STOCK EXCHANGE,JPY
2296,ITOHAM YONEKYU HOLDINGS INC.,JP3144500000,,
229640,LS ECO ENERGY LTD,,KOREA EXCHANGE (STOCK MARKET),JPY
2299955D,CONSTELLATION SOFTWARE INC,,TORONTO STOCK EXCHANGE,JPY
2300,SAUDI PAPER MANUFACTURING,,SAUDI STOCK EXCHANGE,JPY
2301,GAKUJO LTD,,TOKYO STOCK EXCHANGE,JPY
2301,"GAKUJO CO.,LTD.",JP3234400004,,
2301,2301,TW0002301009,,TWD
2303,UNITED MICRO ELECTRONICS CORP,,TAIWAN STOCK EXCHANGE,JPY
2303,2303,TW0002303005,,TWD
2305,STUDIO ALICE LTD,,TOKYO STOCK EXCHANGE,JPY
2305,"STUDIO ALICE CO.,LTD.",JP3399240005,,
2307,CROSS CAT LTD,,TOKYO STOCK EXCHANGE,JPY
2307,"CROSS CAT CO.,LTD.",JP3272600002,,
2308,DELTA ELECTRONICS,,TAIWAN STOCK EXCHANGE,JPY
2308,2308,TW0002308004,,TWD
2310,SAHARA INTERNATIONAL PETROCHEMICAL,,SAUDI STOCK EXCHANGE,JPY
2312,KINPO ELECTRONICS INC,,TAIWAN STOCK EXCHANGE,JPY
2313,COMPEQ MANUFACTURING LTD,,TAIWAN STOCK EXCHANGE,JPY
2313,2313,KYG8087W1015,,HKD
2314,LEE & MAN PAPER MANUFACTURING LTD,,HONG KONG EXCHANGES AND CLEARING LTD,JPY
2315,BIOCYTOGEN PHARMACEUTICALS BEIJING,,HONG KONG EXCHANGES AND CLEARING LTD,JPY
2317,SYSTENA CORP,,TOKYO STOCK EXCHANGE,JPY
2317,SYSTENA CORPORATION,JP3351050004,,
2317,2317,TW0002317005,,TWD
2318,PING AN INSURANCE (GROUP) CO OF CH,,HONG KONG EXCHANGES AND CLEARING LTD,JPY
2318,2318,CNE1000003X6,,HKD
2319,CHINA MENGNIU DAIRY LTD,,HONG KONG EXCHANGES AND CLEARING LTD,JPY
2319,2319,KYG210961051,,HKD
2320,AL BABTAIN POWER AND TELECOMMUNICA,,SAUDI STOCK EXCHANGE,JPY
232140,YC CORP,,KOREA EXCHANGE (KOSDAQ),JPY
2324,COMPAL ELECTRONICS,,TAIWAN STOCK EXCHANGE,JPY
2325,NJS LTD,,TOKYO STOCK EXCHANGE,JPY
2325,"NJS CO.,LTD.",JP3718600004,,
2326,DIGITAL ARTS INC,,TOKYO STOCK EXCHANGE,JPY
2326,DIGITAL ARTS INC.,JP3549020000,,
2327,NS SOLUTIONS CORP,,TOKYO STOCK EXCHANGE,JPY
2327,NS SOLUTIONS CORPORATION,JP3379900008,,
2327,2327,TW0002327004,,TWD
2328,PICC PROPERTY AND CASUALTY LTD H,,HONG KONG EXCHANGES AND CLEARING LTD,JPY
2328,2328,CNE100000593,,HKD
2329,ORIENT SEMICONDUCTOR ELECTRONICS,,TAIWAN STOCK EXCHANGE,JPY
2330,TAIWAN SEMICONDUCTOR MANUFACTURING,,TAIWAN STOCK EXCHANGE,JPY
2330,2330,TW0002330008,,TWD
2331,ALSOK LTD,,TOKYO STOCK EXCHANGE,JPY
2331,"ALSOK CO.,LTD.",JP3431900004,,
2331,2331,KYG5496K1242,,HKD
2333,GREAT WALL MOTOR COMPANY LTD H,,HONG KONG EXCHANGES AND CLEARING LTD,JPY
2333,2333,CNE100000338,,HKD
2335,CUBE SYSTEM INC,,TOKYO STOCK EXCHANGE,JPY
2335,CUBE SYSTEM INC.,JP3244950006,,
2337,ICHIGO INC,,TOKYO STOCK EXCHANGE,JPY
2337,ICHIGO INC.,JP3120010008,,
2338,WEICHAI POWER LTD H,,HONG KONG EXCHANGES AND CLEARING LTD,JPY
2338,2338,CNE1000004L9,,HKD
2344,WINBOND ELECTRONICS,,TAIWAN STOCK EXCHANGE,JPY
2345,ACCTON TECHNOLOGY,,TAIWAN STOCK EXCHANGE,JPY
2345,2345,TW0002345006,,TWD
2347,SYNNEX TECHNOLOGY INTERNATIONAL CO,,TAIWAN STOCK EXCHANGE,JPY
2349,RITEK CORP,,TAIWAN STOCK EXCHANGE,JPY
234A,Global X MSCI Japan Cash Flow Kings ETF,,,
2350,SAUDI KAYAN PETROCHEMICAL,,SAUDI STOCK EXCHANGE,JPY
2351,SDI,,TAIWAN STOCK EXCHANGE,JPY
2352,QISDA CORP,,TAIWAN STOCK EXCHANGE,JPY
2353,NIPPON PARKING DEVELOPMENT LTD,,TOKYO STOCK EXCHANGE,JPY
2353,"NIPPON PARKING DEVELOPMENT CO.,LTD.",JP3728000005,,
2354,FOXCONN TECHNOLOGY LTD,,TAIWAN STOCK EXCHANGE,JPY
2356,INVENTEC,,TAIWAN STOCK EXCHANGE,JPY
2356,2356,TW0002356003,,TWD
2357,ASUSTEK COMPUTER INC,,TAIWAN STOCK EXCHANGE,JPY
2357,2357,TW0002357001,,TWD
2359,CORE CORP,,TOKYO STOCK EXCHANGE,JPY
2359,2359,CNE100003F19,,HKD
2359,CORE CORPORATION,JP3284000001,,
235A,Global X Japan High Dividend 30 ETF,,,
2360,CHROMA ATE INC,,TAIWAN STOCK EXCHANGE,JPY
2360,2360,TW0002360005,,TWD
2362,CLEVO,,TAIWAN STOCK EXCHANGE,JPY
2363,SILICON INTEGRATED SYSTEM,,TAIWAN STOCK EXCHANGE,JPY
2367,GIANT BIOGENE HOLDING LTD,,HONG KONG EXCHANGES AND CLEARING LTD,JPY
2367,2367,KYG3887G1091,,HKD
2368,GOLD CIRCUIT ELECTRONICS,,TAIWAN STOCK EXCHANGE,JPY
2368,2368,TW0002368008,,TWD
2371,KAKAKU.COM,,TOKYO STOCK EXCHANGE,JPY
2371,"KAKAKU.COM,INC.",JP3206000006,,
2374,ABILITY ENTERPRISE,,TAIWAN STOCK EXCHANGE,JPY
2376,GIGABYTE TECHNOLOGY LTD,,TAIWAN STOCK EXCHANGE,JPY
2376,2376,TW0002376001,,TWD
237690,ST PHARM LTD,,KOREA EXCHANGE (KOSDAQ),JPY
2377,MICRO-STAR INTERNATIONAL,,TAIWAN STOCK EXCHANGE,JPY
2378,RENAISSANCE INC,,TOKYO STOCK EXCHANGE,JPY
2378,"RENAISSANCE,INCORPORATED",JP3978800005,,
2379,DIP CORP,,TOKYO STOCK EXCHANGE,JPY
2379,DIP CORPORATION,JP3548640006,,
2379,2379,TW0002379005,,TWD
2380,RABIGH REFINING AND PETROCHEMICAL,,SAUDI STOCK EXCHANGE,JPY
2380,2380,HK2380027329,,HKD
2381,ARABIAN DRILLING CO,,SAUDI STOCK EXCHANGE,JPY
2382,QUANTA COMPUTER,,TAIWAN STOCK EXCHANGE,JPY
2382,2382,KYG8586D1097,,HKD
2382,2382,TW0002382009,,TWD
2383,ELITE MATERIAL,,TAIWAN STOCK EXCHANGE,JPY
2383,2383,TW0002383007,,TWD
2384,SBS HOLDINGS,,TOKYO STOCK EXCHANGE,JPY
2384,"SBS HOLDINGS,INC.",JP3163500006,,
2385,CHICONY ELECTRONICS LTD,,TAIWAN STOCK EXCHANGE,JPY
2386,SINOPEC ENGINEERING GROUP LTD H H,,HONG KONG EXCHANGES AND CLEARING LTD,JPY
2388,BOC HONG KONG HOLDINGS LTD,,HONG KONG EXCHANGES AND CLEARING LTD,JPY
2388,2388,HK2388011192,,HKD
2392,CHENG UEI PRECISION INDUSTRY,,TAIWAN STOCK EXCHANGE,JPY
2393,EVERLIGHT ELECTRONICS,,TAIWAN STOCK EXCHANGE,JPY
2395,SHIN NIPPON BIOMEDICAL LABORATORIE,,TOKYO STOCK EXCHANGE,JPY
2395,"SHIN NIPPON BIOMEDICAL LABORATORIES,LTD.",JP3379950003,,
2395,2395,TW0002395001,,TWD
2400,XD,,HONG KONG EXCHANGES AND CLEARING LTD,JPY
2404,UNITED INTEGRATED SERVICES,,TAIWAN STOCK EXCHANGE,JPY
2408,NANYA TECHNOLOGY CORP,,TAIWAN STOCK EXCHANGE,JPY
240810,WONIK IPS LTD,,KOREA EXCHANGE (KOSDAQ),JPY
2409,AUO,,TAIWAN STOCK EXCHANGE,JPY
241,ALIBABA HEALTH INFORMATION TECH,,HONG KONG EXCHANGES AND CLEARING LTD,JPY
241,241,BMG0171K1018,,HKD
2412,CHUNGHWA TELECOM LTD,,TAIWAN STOCK EXCHANGE,JPY
2412,2412,TW0002412004,,TWD
2413,M3 INC,,TOKYO STOCK EXCHANGE,JPY
2413,"M3,INC.",JP3435750009,,
241560,DOOSAN BOBCAT INC,,KOREA EXCHANGE (STOCK MARKET),JPY
2421,SUNONWEALTH ELECTRIC MACHINE INDUS,,TAIWAN STOCK EXCHANGE,JPY
2423,KE HOLDINGS,,HONG KONG EXCHANGES AND CLEARING LTD,JPY
2423,2423,KYG5223Y1089,,HKD
2428,THINKING ELECTRONIC INDUSTRIAL LTD,,TAIWAN STOCK EXCHANGE,JPY
2429,WORLD HOLDINGS LTD,,TOKYO STOCK EXCHANGE,JPY
2429,"WORLD HOLDINGS CO.,LTD.",JP3990220000,,
2432,DENA,,TOKYO STOCK EXCHANGE,JPY
2432,"DENA CO.,LTD.",JP3548610009,,
2433,HAKUHODO DY HOLDINGS INC,,TOKYO STOCK EXCHANGE,JPY
2433,HAKUHODO DY HOLDINGS INCORPORATED,JP3766550002,,
2439,MERRY ELECTRONICS,,TAIWAN STOCK EXCHANGE,JPY
2440,GURUNAVI INC,,TOKYO STOCK EXCHANGE,JPY
2440,"GURUNAVI,INC.",JP3274180003,,
2441,GREATEK ELECTRONICS INC,,TAIWAN STOCK EXCHANGE,JPY
2445,TAKAMIYA LTD,,TOKYO STOCK EXCHANGE,JPY
2445,"TAKAMIYA CO.,LTD.",JP3161560002,,
2449,KING YUAN ELECTRONICS,,TAIWAN STOCK EXCHANGE,JPY
2449,2449,TW0002449006,,TWD
2451,TRANSCEND INFORMATION INC,,TAIWAN STOCK EXCHANGE,JPY
2454,MEDIATEK,,TAIWAN STOCK EXCHANGE,JPY
2454,2454,TW0002454006,,TWD
2455,VISUAL PHOTONICS EPITAXY LTD,,TAIWAN STOCK EXCHANGE,JPY
2458,ELAN MICROELECTRONICS,,TAIWAN STOCK EXCHANGE,JPY
2460,CHINA RESOURCES BEVERAGE HOLDINGS,,HONG KONG EXCHANGES AND CLEARING LTD,JPY
2461,F@N COMMUNICATIONS INC,,TOKYO STOCK EXCHANGE,JPY
2461,"FAN COMMUNICATIONS,INC.",JP3802840003,,
2462,LIKE INC,,TOKYO STOCK EXCHANGE,JPY
2462,"LIKE,INC.",JP3386120004,,
2467,C SUN MFG LTD,,TAIWAN STOCK EXCHANGE,JPY
2471,S-POOL INC,,TOKYO STOCK EXCHANGE,JPY
2471,"S-POOL,INC.",JP3163900008,,
2472,LELON ELECTRONICS CORP,,TAIWAN STOCK EXCHANGE,JPY
2474,CATCHER TECHNOLOGY,,TAIWAN STOCK EXCHANGE,JPY
2475,WDB HOLDINGS LTD,,TOKYO STOCK EXCHANGE,JPY
2475,"WDB HOLDINGS CO.,LTD.",JP3505940001,,
247540,ECOPRO BM LTD,,KOREA EXCHANGE (KOSDAQ),JPY
247540,247540,KR7247540008,,KRW
2476,G SHANK ENTERPRISE LTD,,TAIWAN STOCK EXCHANGE,JPY
2477,TEMAIRAZU INC,,TOKYO STOCK EXCHANGE,JPY
2477,"TEMAIRAZU,INC.",JP3783300001,,
247A,AI ROBOTICS ORD,,,
2481,PAN JIT INTERNATIONAL INC,,TAIWAN STOCK EXCHANGE,JPY
2486,I-CHIUN PRECISION INDUSTRY LTD,,TAIWAN STOCK EXCHANGE,JPY
2489,ADWAYS INC,,TOKYO STOCK EXCHANGE,JPY
2489,ADWAYS INC.,JP3121970002,,
2491,VALUECOMMERCE LTD,,TOKYO STOCK EXCHANGE,JPY
2491,"VALUECOMMERCE CO.,LTD.",JP3778390009,,
2492,INFOMART CORP,,TOKYO STOCK EXCHANGE,JPY
2492,INFOMART CORPORATION,JP3153480003,,
249420,IL DONG PHARM LTD,,KOREA EXCHANGE (STOCK MARKET),JPY
2498,HTC,,TAIWAN STOCK EXCHANGE,JPY
2501,SAPPORO BREWERIES LIMITED,,TOKYO STOCK EXCHANGE,JPY
2501,SAPPORO BREWERIES LIMITED,JP3320800000,,
2502,ASAHI GROUP HOLDINGS,,TOKYO STOCK EXCHANGE,JPY
2502,"ASAHI GROUP HOLDINGS,LTD.",JP3116000005,,
2503,KIRIN HOLDINGS,,TOKYO STOCK EXCHANGE,JPY
2503,"KIRIN HOLDINGS COMPANY,LIMITED",JP3258000003,,
2504,GOLDSUN BUILDING MATERIALS LTD,,TAIWAN STOCK EXCHANGE,JPY
2507,CIRRUS AIRCRAFT LTD,,HONG KONG EXCHANGES AND CLEARING LTD,JPY
250A,SHIMADAYA CORP,,TOKYO STOCK EXCHANGE,JPY
250A,SHIMADAYA CORPORATION,JP3356550008,,
251270,NETMARBLE,,KOREA EXCHANGE (STOCK MARKET),JPY
2515,BES ENGINEERING,,TAIWAN STOCK EXCHANGE,JPY
2517,GUOQUAN FOOD (SHANGHAI) CLASS H LT,,HONG KONG EXCHANGES AND CLEARING LTD,JPY
2520,KINDOM CONSTRUCTION LTD,,TAIWAN STOCK EXCHANGE,JPY
2525,HESAI GROUP CLASS B,,HONG KONG EXCHANGES AND CLEARING LTD,JPY
2525,2525,KYG4417G1148,,HKD
2531,TAKARA HOLDINGS,,TOKYO STOCK EXCHANGE,JPY
2531,TAKARA HOLDINGS INC.,JP3459600007,,
2533,OENON HOLDINGS INC,,TOKYO STOCK EXCHANGE,JPY
2533,"OENON HOLDINGS,INC.",JP3307400006,,
253450,STUDIO DRAGON CORP,,KOREA EXCHANGE (KOSDAQ),JPY
2540,JSL CONSTRUCTION & DEVELOPMENT CO,,TAIWAN STOCK EXCHANGE,JPY
2542,HIGHWEALTH CONSTRUCTION CORP,,TAIWAN STOCK EXCHANGE,JPY
2543,HWANG CHANG GENERAL CONTRACTOR LTD,,TAIWAN STOCK EXCHANGE,JPY
2548,HUAKU DEVELOPMENT LTD,,TAIWAN STOCK EXCHANGE,JPY
2556,MARKETINGFORCE MANAGEMENT LTD,,HONG KONG EXCHANGES AND CLEARING LTD,JPY
2564,Global X MSCI SuperDividend Japan ETF,,,
2565,Global X Logistics J-REIT ETF,,,
256A,TOBISHIMA HOLDINGS INC,,TOKYO STOCK EXCHANGE,JPY
256A,TOBISHIMA HOLDINGS INC.,JP3629810007,,
257,CHINA EVERBRIGHT ENVIRONMENT GROUP,,HONG KONG EXCHANGES AND CLEARING LTD,JPY
257720,SILICON2 LTD,,KOREA EXCHANGE (KOSDAQ),JPY
2579,COCA-COLA BOTTLERS JAPAN HOLDINGS,,TOKYO STOCK EXCHANGE,JPY
2579,COCA-COLA BOTTLERS JAPAN HOLDINGS INC.,JP3293200006,,
2585,LIFEDRINK COMPANY,,TOKYO STOCK EXCHANGE,JPY
2585,"LIFEDRINK COMPANY,INC.",JP3966680005,,
2586,DMALL INC,,HONG KONG EXCHANGES AND CLEARING LTD,JPY
2587,SUNTORY BEVERAGE & FOOD LTD,,TOKYO STOCK EXCHANGE,JPY
2587,SUNTORY BEVERAGE & FOOD LIMITED,JP3336560002,,
2588,BOC AVIATION LTD,,HONG KONG EXCHANGES AND CLEARING LTD,JPY
2588,2588,SG9999015267,,HKD
2590,DYDO GROUP HOLDINGS INC,,TOKYO STOCK EXCHANGE,JPY
2590,"DYDO GROUP HOLDINGS,INC.",JP3488400007,,
2593,ITO EN LTD,,TOKYO STOCK EXCHANGE,JPY
2593,"ITO EN,LTD.",JP3143000002,,
2594,KEY COFFEE INC,,TOKYO STOCK EXCHANGE,JPY
2594,KEY COFFEE INC,JP3236300004,,
2595,GENFLEET THERAPEUTICS (SHANGHAI) I,,HONG KONG EXCHANGES AND CLEARING LTD,JPY
2597,RUENTEX ENGINEERING & CONSTRUCTION,,TAIWAN STOCK EXCHANGE,JPY
259960,KRAFTON,,KOREA EXCHANGE (STOCK MARKET),JPY
259960,259960,KR7259960003,,KRW
2600,ALUMINUM CORPORATION OF CHINA LTD,,HONG KONG EXCHANGES AND CLEARING LTD,JPY
2600,2600,CNE1000001T8,,HKD
2601,CHINA PACIFIC INSURANCE (GROUP) H,,HONG KONG EXCHANGES AND CLEARING LTD,JPY
2601,2601,CNE1000009Q7,,HKD
2602,NISSHIN OILLIO GROUP LTD,,TOKYO STOCK EXCHANGE,JPY
2602,"THE NISSHIN OILLIO GROUP,LTD.",JP3677200002,,
2603,EVERGREEN MARINE CORP (TAIWAN) LTD,,TAIWAN STOCK EXCHANGE,JPY
2603,2603,TW0002603008,,TWD
2606,U-MING MARINE TRANSPORT CORP,,TAIWAN STOCK EXCHANGE,JPY
2607,FUJI OIL LTD,,TOKYO STOCK EXCHANGE,JPY
2607,"FUJI OIL CO.,LTD.",JP3816400000,,
2609,YANG MING MARINE TRANSPORT,,TAIWAN STOCK EXCHANGE,JPY
2609,2609,TW0002609005,,TWD
2610,CHINA AIRLINES LTD,,TAIWAN STOCK EXCHANGE,JPY
2611,GUOTAI HAITONG SECURITIES CO LTD H,,HONG KONG EXCHANGES AND CLEARING LTD,JPY
2611,2611,CNE100002FK9,,HKD
2613,J OIL MILLS INC,,TOKYO STOCK EXCHANGE,JPY
2613,"J-OIL MILLS, INC.",JP3840000008,,
2615,WAN HAI LINES,,TAIWAN STOCK EXCHANGE,JPY
2615,2615,TW0002615002,,TWD
2616,CSTONE PHARMACEUTICALS,,HONG KONG EXCHANGES AND CLEARING LTD,JPY
2618,EVA AIRWAYS,,TAIWAN STOCK EXCHANGE,JPY
2618,2618,KYG5074S1012,,HKD
2618,2618,TW0002618006,,TWD
2626,Global X Digital Innovation Japan ETF,,,
2627,Global X E-Commerce Japan ETF,,,
2628,CHINA LIFE INSURANCE LTD H,,HONG KONG EXCHANGES AND CLEARING LTD,JPY
2628,2628,CNE1000002L3,,HKD
262A,INTERMESTIC INC,,TOKYO STOCK EXCHANGE,JPY
262A,INTERMESTIC INC.,JP3152840009,,
2633,TAIWAN HIGH SPEED RAIL,,TAIWAN STOCK EXCHANGE,JPY
2636,Global X MSCI Governance-Quality Japan ETF,,,
2637,WISDOM MARINE LINES LTD,,TAIWAN STOCK EXCHANGE,JPY
263750,PEARLABYSS,,KOREA EXCHANGE (KOSDAQ),JPY
2638,Global X Japan Robotics & AI ETF,,,
2639,Global X Japan Bio & Med Tech ETF,,,
2640,Global X Japan Games & Animation ETF,,,
2641,Global X Japan Global Leaders ETF,,,
2644,Global X Japan Semiconductor ETF,,,
2645,EVERGREEN AVIATION TECHNOLOGIES CO,,TAIWAN STOCK EXCHANGE,JPY
2646,STARLUX AIRLINES LTD,,TAIWAN STOCK EXCHANGE,JPY
2648,ANJOY FOODS GROUP LTD CLASS H,,HONG KONG EXCHANGES AND CLEARING LTD,JPY
2659,SAN-A LTD,,TOKYO STOCK EXCHANGE,JPY
2659,"SAN-A CO.,LTD.",JP3324500002,,
2662,MH DEVELOPMENT LTD,,HONG KONG EXCHANGES AND CLEARING LTD,JPY
2664,CAWACHI LTD,,TOKYO STOCK EXCHANGE,JPY
2664,CAWACHI LIMITED,JP3226450009,,
2666,GENERTEC UNIVERSAL MEDICAL GROUP L,,HONG KONG EXCHANGES AND CLEARING LTD,JPY
2669,CHINA OVERSEAS PROPERTY HOLDINGS L,,HONG KONG EXCHANGES AND CLEARING LTD,JPY
267,CITIC LTD,,HONG KONG EXCHANGES AND CLEARING LTD,JPY
267,267,HK0267001375,,HKD
2670,ABC MART INC,,TOKYO STOCK EXCHANGE,JPY
2670,"ABC-MART,INC.",JP3152740001,,
267250,HD HYUNDAI LTD,,KOREA EXCHANGE (STOCK MARKET),JPY
267250,267250,KR7267250009,,KRW
267260,HD HYUNDAI ELECTRIC,,KOREA EXCHANGE (STOCK MARKET),JPY
267260,267260,KR7267260008,,KRW
267270,HD CONSTRUCTION EQUIPMENT LTD,,KOREA EXCHANGE (STOCK MARKET),JPY
2674,HARD OFF LTD,,TOKYO STOCK EXCHANGE,JPY
2674,"HARD OFF CORPORATION CO.,LTD.",JP3765120005,,
2676,TAKACHIHO KOHEKI LTD,,TOKYO STOCK EXCHANGE,JPY
2676,"TAKACHIHO KOHEKI CO.,LTD.",JP3457710006,,
2678,ASKUL CORP,,TOKYO STOCK EXCHANGE,JPY
2678,ASKUL CORPORATION,JP3119920001,,
268,KINGDEE INT L SOFTWARE GROUP LTD,,HONG KONG EXCHANGES AND CLEARING LTD,JPY
268,268,KYG525681477,,HKD
2681,GEO HOLDINGS CORP,,TOKYO STOCK EXCHANGE,JPY
2681,GEO HOLDINGS CORPORATION,JP3282400005,,
2685,AND ST HD LTD,,TOKYO STOCK EXCHANGE,JPY
2685,"AND ST HD CO.,LTD.",JP3856000009,,
2688,ENN ENERGY HOLDINGS LTD,,HONG KONG EXCHANGES AND CLEARING LTD,JPY
2688,2688,KYG3066L1014,,HKD
2689,NINE DRAGONS PAPER HOLDINGS LTD,,HONG KONG EXCHANGES AND CLEARING LTD,JPY
268A,RIGAKU HOLDINGS,,TOKYO STOCK EXCHANGE,JPY
268A,RIGAKU HOLDINGS CORPORATION,JP3969750003,,
2695,KURA SUSHI INC,,TOKYO STOCK EXCHANGE,JPY
2695,"KURA SUSHI,INC.",JP3268200007,,
2698,CAN DO LTD,,TOKYO STOCK EXCHANGE,JPY
2698,"CAN DO CO.,LTD.",JP3244550004,,
27,GALAXY ENTERTAINMENT GROUP,,HONG KONG EXCHANGES AND CLEARING LTD,JPY
27,27,HK0027032686,,HKD
270,GUANGDONG INVESTMENT LTD,,HONG KONG EXCHANGES AND CLEARING LTD,JPY
270,270,HK0270001396,,HKD
2702,MCDONALDS HOLDINGS (JAPAN) LTD,,TOKYO STOCK EXCHANGE,JPY
2702,"MCDONALD'S HOLDINGS COMPANY(JAPAN),LTD.",JP3750500005,,
2704,THE AMBASSADOR HOTEL LTD,,TAIWAN STOCK EXCHANGE,JPY
2707,FORMOSA INTERNATIONAL HOTELS CORP,,TAIWAN STOCK EXCHANGE,JPY
271560,ORION CORP,,KOREA EXCHANGE (STOCK MARKET),JPY
272,SHUI ON LAND,,HONG KONG EXCHANGES AND CLEARING LTD,JPY
2722,CHONGQING MACHINERY & ELECTRIC LTD,,HONG KONG EXCHANGES AND CLEARING LTD,JPY
272210,HANWHA SYSTEMS LTD,,KOREA EXCHANGE (STOCK MARKET),JPY
272210,272210,KR7272210006,,KRW
2726,PAL GROUP HOLDINGS LTD,,TOKYO STOCK EXCHANGE,JPY
2726,"PAL GROUP HOLDINGS CO.,LTD",JP3781650001,,
2727,WOWPRIME,,TAIWAN STOCK EXCHANGE,JPY
2730,EDION,,TOKYO STOCK EXCHANGE,JPY
2730,EDION CORPORATION,JP3164470001,,
2733,ARATA CORP,,TOKYO STOCK EXCHANGE,JPY
2733,ARATA CORPORATION,JP3125100002,,
2734,SALA CORP,,TOKYO STOCK EXCHANGE,JPY
2734,SALA CORPORATION,JP3310350008,,
2737,TOMEN DEVICES CORP,,TOKYO STOCK EXCHANGE,JPY
2737,TOMEN DEVICES CORPORATION,JP3553900006,,
2742,HALOWS LTD,,TOKYO STOCK EXCHANGE,JPY
2742,"HALOWS CO.,LTD.",JP3773750009,,
2749,JP-HOLDINGS INC,,TOKYO STOCK EXCHANGE,JPY
2749,"JP-HOLDINGS,INC.",JP3386190007,,
2752,FUJIO FOOD GROUP,,TOKYO STOCK EXCHANGE,JPY
2752,FUJIO FOOD GROUP INC.,JP3807770007,,
2753,AMIYAKI TEI LTD,,TOKYO STOCK EXCHANGE,JPY
2753,"AMIYAKI TEI CO.,LTD.",JP3124450002,,
2760,TOKYO ELECTRON DEVICE LTD,,TOKYO STOCK EXCHANGE,JPY
2760,TOKYO ELECTRON DEVICE LIMITED,JP3571600000,,
2767,TSUBURAYA FIELDS HOLDINGS INC,,TOKYO STOCK EXCHANGE,JPY
2767,TSUBURAYA FIELDS HOLDINGS INC.,JP3802680003,,
2768,SOJITZ CORP,,TOKYO STOCK EXCHANGE,JPY
2768,SOJITZ CORPORATION,JP3663900003,,
2778,2778,HK2778034606,,HKD
277810,RAINBOW ROBOTICS,,KOREA EXCHANGE (KOSDAQ),JPY
277A,GLOBE-ING,,TOKYO STOCK EXCHANGE,JPY
277A,GLOBE-ING INC.,JP3274430002,,
2782,"SERIA CO.,LTD.",JP3423520000,,
2784,ALFRESA HOLDINGS CORP,,TOKYO STOCK EXCHANGE,JPY
2784,ALFRESA HOLDINGS CORPORATION,JP3126340003,,
278470,APR LTD,,KOREA EXCHANGE (STOCK MARKET),JPY
278470,278470,KR7278470000,,KRW
2791,DAIKOKUTEN BUSSAN LTD,,TOKYO STOCK EXCHANGE,JPY
2791,"DAIKOKUTENBUSSAN CO.,LTD.",JP3483050005,,
2792,HONEYS HOLDINGS LTD,,TOKYO STOCK EXCHANGE,JPY
2792,"HONEYS HOLDINGS CO.,LTD.",JP3770080004,,
2801,KIKKOMAN CORP,,TOKYO STOCK EXCHANGE,JPY
2801,KIKKOMAN CORPORATION,JP3240400006,,
2801,2801,TW0002801008,,TWD
2802,AJINOMOTO,,TOKYO STOCK EXCHANGE,JPY
2802,"AJINOMOTO CO.,INC.",JP3119600009,,
280360,LOTTE CONF LTD,,KOREA EXCHANGE (STOCK MARKET),JPY
2804,BULL DOG SAUCE LTD,,TOKYO STOCK EXCHANGE,JPY
2804,"BULL-DOG SAUCE CO.,LTD.",JP3831200005,,
2809,KEWPIE CORP,,TOKYO STOCK EXCHANGE,JPY
2809,KEWPIE CORPORATION,JP3244800003,,
2810,HOUSE FOODS GROUP,,TOKYO STOCK EXCHANGE,JPY
2810,HOUSE FOODS GROUP INC.,JP3765400001,,
2811,KAGOME LTD,,TOKYO STOCK EXCHANGE,JPY
2811,"KAGOME CO.,LTD.",JP3208200000,,
2812,TAICHUNG COMMERCIAL BANK,,TAIWAN STOCK EXCHANGE,JPY
2815,ARIAKE JAPAN LTD,,TOKYO STOCK EXCHANGE,JPY
2815,"ARIAKE JAPAN CO.,LTD.",JP3125800007,,
281740,LAKE MATERIALS LTD,,KOREA EXCHANGE (KOSDAQ),JPY
2819,EBARA FOODS INDUSTRY INC,,TOKYO STOCK EXCHANGE,JPY
2819,"EBARA FOODS INDUSTRY,INC.",JP3165930003,,
2820,CHINA BILLS FINANCE CORP,,TAIWAN STOCK EXCHANGE,JPY
282330,BGF RETAIL,,KOREA EXCHANGE (STOCK MARKET),JPY
282A,Global X Japan Semiconductor Top 10 ETF,,,
2834,TAIWAN BUSINESS BANK LTD,,TAIWAN STOCK EXCHANGE,JPY
2834,2834,TW0002834009,,TWD
2836,BANK OF KAOHSIUNG LTD,,TAIWAN STOCK EXCHANGE,JPY
2837,Global X Japan Mid & Small Cap Leaders ETF,,,
2838,UNION BANK OF TAIWAN,,TAIWAN STOCK EXCHANGE,JPY
283A,Global X US Tech Dividend Aristocrats ETF,,,
2845,FAR EASTERN INTERNATIONAL BANK LTD,,TAIWAN STOCK EXCHANGE,JPY
2847,Global X Japan New Growth Infrastructure ETF,,,
2848,Global X MSCI Japan Climate Change ETF,,,
2849,Global X Morningstar Japan High Dividend ESG ETF,,,
285,BYD ELECTRONIC (INTERNATIONAL) LTD,,HONG KONG EXCHANGES AND CLEARING LTD,JPY
285,285,HK0285041858,,HKD
2850,SHINKONG INSURANCE LTD,,TAIWAN STOCK EXCHANGE,JPY
285130,SK CHEMICALS LTD,,KOREA EXCHANGE (STOCK MARKET),JPY
2854,Global X Japan Tech Top 20 ETF,,,
2855,PRESIDENT SECURITIES CORP,,TAIWAN STOCK EXCHANGE,JPY
2858,YIXIN GROUP LTD,,HONG KONG EXCHANGES AND CLEARING LTD,JPY
285A,KIOXIA HOLDINGS,,TOKYO STOCK EXCHANGE,JPY
285A,KIOXIA HOLDINGS CORPORATION,JP3236330001,,
2864,Global X Logistics REIT ETF,,,
2865,HAINAN DRINDA NEW ENERGY TECHNOLOG,,HONG KONG EXCHANGES AND CLEARING LTD,JPY
2866,Global X U.S. Preferred Security ETF,,,
2867,MASSMUTUAL MERCURIES LIFE INSURANC,,TAIWAN STOCK EXCHANGE,JPY
2868,Global X S&P 500 Covered Call ETF,,,
2869,GREENTOWN SERVICE GROUP LTD,,HONG KONG EXCHANGES AND CLEARING LTD,JPY
2871,NICHIREI,,TOKYO STOCK EXCHANGE,JPY
2871,NICHIREI CORPORATION,JP3665200006,,
2874,YOKOREI LTD,,TOKYO STOCK EXCHANGE,JPY
2874,"YOKOREI CO.,LTD.",JP3957000007,,
2875,TOYO SUISAN LTD,,TOKYO STOCK EXCHANGE,JPY
2875,"TOYO SUISAN KAISHA,LTD.",JP3613000003,,
2877,CHINA SHINEWAY PHARMACEUTICAL LTD,,HONG KONG EXCHANGES AND CLEARING LTD,JPY
288,WH GROUP,,HONG KONG EXCHANGES AND CLEARING LTD,JPY
288,288,KYG960071028,,HKD
2880,HUA NAN FINANCIAL HOLDINGS,,TAIWAN STOCK EXCHANGE,JPY
2880,2880,TW0002880002,,TWD
2881,FUBON FINANCIAL HOLDING,,TAIWAN STOCK EXCHANGE,JPY
2881,2881,TW0002881000,,TWD
2882,EAT&HOLDINGS LTD,,TOKYO STOCK EXCHANGE,JPY
2882,"EAT&HOLDINGS CO.,LTD",JP3130740008,,
2882,2882,TW0002882008,,TWD
2883,KGI FINANCIAL HOLDING,,TAIWAN STOCK EXCHANGE,JPY
2883,2883,CNE1000002P4,,HKD
2883,2883,TW0002883006,,TWD
2884,YOSHIMURA FOOD HOLDINGS,,TOKYO STOCK EXCHANGE,JPY
2884,YOSHIMURA FOOD HOLDINGS K.K.,JP3958400008,,
2884,2884,TW0002884004,,TWD
2885,YUANTA FINANCIAL HOLDING,,TAIWAN STOCK EXCHANGE,JPY
2885,2885,TW0002885001,,TWD
2886,MEGA FINANCIAL HOLDING LTD,,TAIWAN STOCK EXCHANGE,JPY
2886,2886,TW0002886009,,TWD
2887,TS FINANCIAL HOLDING,,TAIWAN STOCK EXCHANGE,JPY
2887,2887,TW0002887007,,TWD
2889,IBF FINANCIAL HOLDINGS LTD SHA,,TAIWAN STOCK EXCHANGE,JPY
2890,SINOPAC FINANCIAL HOLDINGS,,TAIWAN STOCK EXCHANGE,JPY
2890,2890,TW0002890001,,TWD
2891,CTBC FINANCIAL HOLDING,,TAIWAN STOCK EXCHANGE,JPY
2891,2891,TW0002891009,,TWD
2892,FIRST FINANCIAL HOLDING LTD,,TAIWAN STOCK EXCHANGE,JPY
2892,2892,TW0002892007,,TWD
2897,NISSIN FOODS HOLDINGS LTD,,TOKYO STOCK EXCHANGE,JPY
2897,"NISSIN FOODS HOLDINGS CO.,LTD.",JP3675600005,,
2899,ZIJIN MINING GROUP LTD H,,HONG KONG EXCHANGES AND CLEARING LTD,JPY
2899,2899,CNE100000502,,HKD
2903,FAR EASTERN DEPARTMENT STORES LTD,,TAIWAN STOCK EXCHANGE,JPY
290650,L&C BIO LTD,,KOREA EXCHANGE (KOSDAQ),JPY
2908,FUJICCO LTD,,TOKYO STOCK EXCHANGE,JPY
2908,"FUJICCO CO.,LTD.",JP3818700001,,
290A,SYNSPECTIVE ORD,,,
291,CHINA RESOURCES BEER HOLDINGS LTD,,HONG KONG EXCHANGES AND CLEARING LTD,JPY
291,291,HK0291001490,,HKD
2910,ROCK FIELD LTD,,TOKYO STOCK EXCHANGE,JPY
2910,"ROCK FIELD CO.,LTD.",JP3984200000,,
2912,PRESIDENT CHAIN STORE CORP,,TAIWAN STOCK EXCHANGE,JPY
2912,2912,TW0002912003,,TWD
2914,JAPAN TOBACCO,,TOKYO STOCK EXCHANGE,JPY
2914,JAPAN TOBACCO INC.,JP3726800000,,
2915,KENKO MAYONNAISE LTD,,TOKYO STOCK EXCHANGE,JPY
2915,"KENKO MAYONNAISE CO.,LTD.",JP3281850002,,
2918,WARABEYA NICHIYO HOLDINGS LTD,,TOKYO STOCK EXCHANGE,JPY
2918,"WARABEYA NICHIYO HOLDINGS CO.,LTD.",JP3994400004,,
2922,NATORI LTD,,TOKYO STOCK EXCHANGE,JPY
2922,"NATORI CO.,LTD.",JP3651060000,,
2929,PHARMA FOODS INTERNATIONAL LTD,,TOKYO STOCK EXCHANGE,JPY
2929,"PHARMA FOODS INTERNATIONAL CO.,LTD.",JP3802310007,,
2930,KITANOTATSUJIN CORP,,TOKYO STOCK EXCHANGE,JPY
2930,KITANOTATSUJIN CORPORATION,JP3240100002,,
2931,EUGLENA LTD,,TOKYO STOCK EXCHANGE,JPY
2931,"EUGLENA CO.,LTD.",JP3944370000,,
2933,KIBUN FOODS INC,,TOKYO STOCK EXCHANGE,JPY
2933,KIBUN FOODS INC.,JP3241500002,,
293490,KAKAO GAMES,,KOREA EXCHANGE (KOSDAQ),JPY
2935,PICKLES HOLDINGS LTD,,TOKYO STOCK EXCHANGE,JPY
2935,"PICKLES HOLDINGS CO.,LTD.",JP3801810007,,
293940,293940,KR7293940003,,KRW
294870,IPARK HYUNDAI DEVELOPMENT,,KOREA EXCHANGE (STOCK MARKET),JPY
297,SINOFERT HOLDINGS LTD,,HONG KONG EXCHANGES AND CLEARING LTD,JPY
2971,ESCON JAPAN REIT INVESTMENT REIT C,,TOKYO STOCK EXCHANGE,JPY
2972,SANKEI REAL ESTATE REIT INC,,TOKYO STOCK EXCHANGE,JPY
2975,STAR MICA HOLDINGS,,TOKYO STOCK EXCHANGE,JPY
2975,"STAR MICA HOLDINGS CO.,LTD.",JP3399340003,,
2979,SOSILA LOGISTICS REIT INC,,TOKYO STOCK EXCHANGE,JPY
2980,SRE HOLDINGS,,TOKYO STOCK EXCHANGE,JPY
2980,SRE HOLDINGS CORPORATION,JP3161320001,,
298020,HYOSUNG TNC CORP,,KOREA EXCHANGE (STOCK MARKET),JPY
298040,HYOSUNG HEAVY INDUSTRIES CORP,,KOREA EXCHANGE (STOCK MARKET),JPY
298040,298040,KR7298040007,,KRW
298050,HS HYOSUNG ADVANCED MATERIALS CORP,,KOREA EXCHANGE (STOCK MARKET),JPY
298380,ABL BIO INC,,KOREA EXCHANGE (KOSDAQ),JPY
2989,TOKAIDO REIT INC,,TOKYO STOCK EXCHANGE,JPY
3,HONG KONG AND CHINA GAS LTD,,HONG KONG EXCHANGES AND CLEARING LTD,JPY
3,3,HK0003000038,,HKD
300,MIDEA GROUP CLASS H,,HONG KONG EXCHANGES AND CLEARING LTD,JPY
300,300,CNE100006M58,,HKD
300014,EVE ENERGY A,,SHENZHEN STOCK EXCHANGE,JPY
300015,AIER EYE HOSPITAL GROUP LTD A,,SHENZHEN STOCK EXCHANGE,JPY
300033,HITHINK ROYALFLUSH INFORMATION NET,,SHENZHEN STOCK EXCHANGE,JPY
300058,BLUEFOCUS INTELLIGENT COMMUNICATIO,,SHENZHEN STOCK EXCHANGE,JPY
300059,EAST MONEY INFORMATION LTD A,,SHENZHEN STOCK EXCHANGE,JPY
3001,KATAKURA INDUSTRIES LTD,,TOKYO STOCK EXCHANGE,JPY
3001,"KATAKURA INDUSTRIES CO.,LTD.",JP3211400001,,
300115,SHENZHEN EVERWIN PRECISION TECHNOL,,SHENZHEN STOCK EXCHANGE,JPY
300122,CHONGQING ZHIFEI BIOLOGICAL PRODUC,,SHENZHEN STOCK EXCHANGE,JPY
300124,SHENZHEN INOVANCE TECHNOLOGY LTD A,,SHENZHEN STOCK EXCHANGE,JPY
300136,SHENZHEN SUNWAY COMMUNICATION LTD,,SHENZHEN STOCK EXCHANGE,JPY
3002,GUNZE LTD,,TOKYO STOCK EXCHANGE,JPY
3002,GUNZE LIMITED,JP3275200008,,
300207,SUNWODA ELECTRONIC LTD A,,SHENZHEN STOCK EXCHANGE,JPY
300223,INGENIC SEMICONDUCTOR A,,SHENZHEN STOCK EXCHANGE,JPY
300251,BEIJING ENLIGHT MEDIA LTD A,,SHENZHEN STOCK EXCHANGE,JPY
300255,HEBEI CHANGSHAN BIOCHEMICAL PHARMA,,SHENZHEN STOCK EXCHANGE,JPY
300274,SUNGROW POWER SUPPLY LTD A,,SHENZHEN STOCK EXCHANGE,JPY
3003,HULIC,,TOKYO STOCK EXCHANGE,JPY
3003,"HULIC CO.,LTD.",JP3360800001,,
300308,ZHONGJI INNOLIGHT A,,SHENZHEN STOCK EXCHANGE,JPY
300316,ZHEJIANG JINGSHENG MECHANICAL & EL,,SHENZHEN STOCK EXCHANGE,JPY
300347,HANGZHOU TIGERMED CONSULTING LTD A,,SHENZHEN STOCK EXCHANGE,JPY
300390,CANMAX TECHNOLOGIES LTD A,,SHENZHEN STOCK EXCHANGE,JPY
300394,SUZHOU TFC OPTICAL COMMUNICATIONIN,,SHENZHEN STOCK EXCHANGE,JPY
300395,HUBEI FEILIHUA QUARTZ GLASS LTD A,,SHENZHEN STOCK EXCHANGE,JPY
300408,CHAOZHOU THREE-CIRCLE (GROUP) LTD,,SHENZHEN STOCK EXCHANGE,JPY
300413,MANGO EXCELLENT MEDIA A,,SHENZHEN STOCK EXCHANGE,JPY
300418,KUNLUN TECH A,,SHENZHEN STOCK EXCHANGE,JPY
300433,LENS TECHNOLOGY A,,SHENZHEN STOCK EXCHANGE,JPY
300442,RANGE INTELLIGENT COMPUTING TECHNO,,SHENZHEN STOCK EXCHANGE,JPY
300454,SANGFOR TECHNOLOGIES INC A,,SHENZHEN STOCK EXCHANGE,JPY
300475,SHANNON SEMICONDUCTOR TECHNOLOGY L,,SHENZHEN STOCK EXCHANGE,JPY
300476,VICTORY GIANT TECHNOLOGY HUIZHOU L,,SHENZHEN STOCK EXCHANGE,JPY
300498,WENS FOODSTUFF GROUP,,SHENZHEN STOCK EXCHANGE,JPY
3005,GETAC HOLDINGS CORP,,TAIWAN STOCK EXCHANGE,JPY
300502,EOPTOLINK TECHNOLOGY INC A,,SHENZHEN STOCK EXCHANGE,JPY
300548,EVERPROX TECHNOLOGIES LTD A,,SHENZHEN STOCK EXCHANGE,JPY
3006,ELITE SEMICONDUCTOR MICROELECTRONI,,TAIWAN STOCK EXCHANGE,JPY
300604,HANGZHOU CHANG CHUAN TECHNOLOGY LT,,SHENZHEN STOCK EXCHANGE,JPY
300620,ADVANCED FIBER RESOURCES (ZHUHAI),,SHENZHEN STOCK EXCHANGE,JPY
300628,YEALINK NETWORK TECHNOLOGY LTD A,,SHENZHEN STOCK EXCHANGE,JPY
300661,SG MICRO CORP A,,SHENZHEN STOCK EXCHANGE,JPY
300720,HANILCMT LTD,,KOREA EXCHANGE (STOCK MARKET),JPY
300748,JL MAG RARE-EARTH LTD A,,SHENZHEN STOCK EXCHANGE,JPY
300750,CONTEMPORARY AMPEREX TECHNOLOGY A,,SHENZHEN STOCK EXCHANGE,JPY
300751,SUZHOU MAXWELL TECHNOLOGIES LTD A,,SHENZHEN STOCK EXCHANGE,JPY
300757,ROBOTECHNIK INTELLIGENT TECHNOLOGY,,SHENZHEN STOCK EXCHANGE,JPY
300759,PHARMARON BEIJING LTD A,,SHENZHEN STOCK EXCHANGE,JPY
300760,SHENZHEN MINDRAY BIO-MEDICAL ELECT,,SHENZHEN STOCK EXCHANGE,JPY
300765,CSPC INNOVATION PHARMACEUTICAL A,,SHENZHEN STOCK EXCHANGE,JPY
300782,MAXSCEND MICROELECTRONICS LTD A,,SHENZHEN STOCK EXCHANGE,JPY
3008,LARGAN PRECISION LTD,,TAIWAN STOCK EXCHANGE,JPY
3008,3008,TW0003008009,,TWD
300803,BEIJING COMPASS TECHNOLOGY DEVELOP,,SHENZHEN STOCK EXCHANGE,JPY
300832,SHENZHEN NEW INDUSTRIES BIOMEDICAL,,SHENZHEN STOCK EXCHANGE,JPY
300857,SHARETRONIC DATA TECHNOLOGY LTD A,,SHENZHEN STOCK EXCHANGE,JPY
300866,ANKER INNOVATIONS TECHNOLOGY LTD A,,SHENZHEN STOCK EXCHANGE,JPY
300896,IMEIK TECHNOLOGY DEVELOPMENT LTD A,,SHENZHEN STOCK EXCHANGE,JPY
300919,CNGR ADVANCED MATERIAL A,,SHENZHEN STOCK EXCHANGE,JPY
3010,WAH LEE INDUSTRIAL,,TAIWAN STOCK EXCHANGE,JPY
301236,ISOFTSTONE INFORMATION TECHNOLOGY,,SHENZHEN STOCK EXCHANGE,JPY
301269,EMPYREAN TECHNOLOGY LTD A,,SHENZHEN STOCK EXCHANGE,JPY
3013,CHENMING ELECTRONIC TECHNOLOGY COR,,TAIWAN STOCK EXCHANGE,JPY
301308,SHENZHEN LONGSYS ELECTRONICS LTD A,,SHENZHEN STOCK EXCHANGE,JPY
301358,HUNAN YUNENG NEW ENERGY BATTERY MA,,SHENZHEN STOCK EXCHANGE,JPY
3014,INTEGRATED TECHNOLOGY EXPRESS INC,,TAIWAN STOCK EXCHANGE,JPY
3017,ASIA VITAL COMPONENTS,,TAIWAN STOCK EXCHANGE,JPY
3017,3017,TW0003017000,,TWD
3019,ASIA OPTICAL,,TAIWAN STOCK EXCHANGE,JPY
3020,YAMAMA SAUDI CEMENT,,SAUDI STOCK EXCHANGE,JPY
3023,RASA CORP,,TOKYO STOCK EXCHANGE,JPY
3023,RASA CORPORATION,JP3967450002,,
302440,SK BIOSCIENCE,,KOREA EXCHANGE (STOCK MARKET),JPY
3028,ALPEN LTD,,TOKYO STOCK EXCHANGE,JPY
3028,"ALPEN CO.,LTD.",JP3126470008,,
3030,TEST RESEARCH INC,,TAIWAN STOCK EXCHANGE,JPY
3031,RACCOON HOLDINGS INC,,TOKYO STOCK EXCHANGE,JPY
3031,"RACCOON HOLDINGS,INC.",JP3967050000,,
3034,QOL HOLDINGS LTD,,TOKYO STOCK EXCHANGE,JPY
3034,"QOL HOLDINGS CO.,LTD.",JP3266160005,,
3034,3034,TW0003034005,,TWD
3035,FARADAY TECHNOLOGY,,TAIWAN STOCK EXCHANGE,JPY
3036,ALCONIX CORP,,TOKYO STOCK EXCHANGE,JPY
3036,ALCONIX CORPORATION,JP3126210008,,
3037,UNIMICRON TECHNOLOGY,,TAIWAN STOCK EXCHANGE,JPY
3037,3037,TW0003037008,,TWD
3038,KOBE BUSSAN,,TOKYO STOCK EXCHANGE,JPY
3038,"KOBE BUSSAN CO.,LTD.",JP3291200008,,
3040,SOLITON SYSTEMS,,TOKYO STOCK EXCHANGE,JPY
3040,SOLITON SYSTEMS K.K.,JP3436300002,,
3042,TXC,,TAIWAN STOCK EXCHANGE,JPY
3044,TRIPOD TECHNOLOGY,,TAIWAN STOCK EXCHANGE,JPY
3045,TAIWAN MOBILE,,TAIWAN STOCK EXCHANGE,JPY
3045,3045,TW0003045001,,TWD
3046,JINS HOLDINGS INC,,TOKYO STOCK EXCHANGE,JPY
3046,JINS HOLDINGS INC.,JP3386110005,,
3048,BIC CAMERA,,TOKYO STOCK EXCHANGE,JPY
3048,BIC CAMERA INC.,JP3800390001,,
3050,DCM HOLDINGS LTD,,TOKYO STOCK EXCHANGE,JPY
3050,"DCM HOLDINGS CO.,LTD.",JP3548660004,,
3053,PEPPER FOOD SERVICE LTD,,TOKYO STOCK EXCHANGE,JPY
3053,"PEPPER FOOD SERVICE CO.,LTD.",JP3836400006,,
3060,YANBU CEMENT,,SAUDI STOCK EXCHANGE,JPY
3064,MONOTARO LTD,,TOKYO STOCK EXCHANGE,JPY
3064,"MONOTARO CO.,LTD.",JP3922950005,,
3076,AI HOLDINGS CORP,,TOKYO STOCK EXCHANGE,JPY
3076,AI HOLDINGS CORPORATION,JP3105090009,,
308,CHINA TRAVEL INTERNATIONAL INVESTM,,HONG KONG EXCHANGES AND CLEARING LTD,JPY
3081,LAND MARK CORP,,GRETAI SECURITIES MARKET,JPY
3086,J.FRONT RETAILING,,TOKYO STOCK EXCHANGE,JPY
3086,"J.FRONT RETAILING CO.,LTD.",JP3386380004,,
3087,DOUTOR NICHIRES HOLDINGS LTD,,TOKYO STOCK EXCHANGE,JPY
3087,"DOUTOR.NICHIRES HOLDINGS CO.,LTD.",JP3639100001,,
3088,MATSUKIYOKARA,,TOKYO STOCK EXCHANGE,JPY
3088,MATSUKIYOCOCOKARA & CO.,JP3869010003,,
3091,BRONCO BILLY LTD,,TOKYO STOCK EXCHANGE,JPY
3091,"BRONCO BILLY CO.,LTD.",JP3831550003,,
3092,ZOZO INC,,TOKYO STOCK EXCHANGE,JPY
3092,"ZOZO,INC.",JP3399310006,,
3093,TREASURE FACTORY LTD,,TOKYO STOCK EXCHANGE,JPY
3093,"TREASURE FACTORY CO.,LTD.",JP3637270004,,
3097,MONOGATARI,,TOKYO STOCK EXCHANGE,JPY
3097,THE MONOGATARI CORPORATION,JP3922930007,,
3099,ISETAN MITSUKOSHI HOLDINGS,,TOKYO STOCK EXCHANGE,JPY
3099,ISETAN MITSUKOSHI HOLDINGS LTD.,JP3894900004,,
3101,TOYOBO LTD,,TOKYO STOCK EXCHANGE,JPY
3101,"TOYOBO CO.,LTD.",JP3619800000,,
310210,VORONOI INC,,KOREA EXCHANGE (KOSDAQ),JPY
3103,UNITIKA LTD,,TOKYO STOCK EXCHANGE,JPY
3103,UNITIKA LTD.,JP3951200009,,
3104,FUJIBO HOLDINGS,,TOKYO STOCK EXCHANGE,JPY
3104,"FUJIBO HOLDINGS,INC.",JP3820800005,,
3105,NISSHINBO HOLDINGS INC,,TOKYO STOCK EXCHANGE,JPY
3105,NISSHINBO HOLDINGS INC.,JP3678000005,,
3106,KURABO INDUSTRIES,,TOKYO STOCK EXCHANGE,JPY
3106,KURABO INDUSTRIES LTD.,JP3268800004,,
3107,DAIWABO HOLDINGS LTD,,TOKYO STOCK EXCHANGE,JPY
3107,"DAIWABO HOLDINGS CO.,LTD.",JP3505400006,,
3109,SHIKIBO LTD,,TOKYO STOCK EXCHANGE,JPY
3109,SHIKIBO LTD.,JP3348400007,,
3110,NITTO BOSEKI LTD,,TOKYO STOCK EXCHANGE,JPY
3110,"NITTO BOSEKI CO.,LTD.",JP3684400009,,
3116,TOYOTA BOSHOKU CORP,,TOKYO STOCK EXCHANGE,JPY
3116,TOYOTA BOSHOKU CORPORATION,JP3635400009,,
3131,GRAND PLASTIC TECHNOLOGY CORP,,GRETAI SECURITIES MARKET,JPY
3132,MACNICA HOLDINGS INC,,TOKYO STOCK EXCHANGE,JPY
3132,"MACNICA HOLDINGS,INC.",JP3862960006,,
3134,HAMEE CORP,,TOKYO STOCK EXCHANGE,JPY
3134,HAMEE CORP.,JP3772000000,,
3139,LACTO JAPAN LTD,,TOKYO STOCK EXCHANGE,JPY
3139,"LACTO JAPAN CO.,LTD.",JP3967250006,,
3148,CREATE SD HOLDINGS LTD,,TOKYO STOCK EXCHANGE,JPY
3148,"CREATE SD HOLDINGS CO.,LTD.",JP3269940007,,
3150,GREMZ INC,,TOKYO STOCK EXCHANGE,JPY
3150,"GREMS,INC.",JP3952860009,,
3151,VITAL KSK HOLDINGS INC,,TOKYO STOCK EXCHANGE,JPY
3151,"VITAL KSK HOLDINGS,INC.",JP3778280002,,
3153,YASHIMA DENKI LTD,,TOKYO STOCK EXCHANGE,JPY
3153,"YASHIMA DENKI CO.,LTD.",JP3931700003,,
3154,MEDIUS HOLDINGS LTD,,TOKYO STOCK EXCHANGE,JPY
3154,"MEDIUS HOLDINGS CO.,LTD.",JP3254190006,,
3156,RESTAR CORP,,TOKYO STOCK EXCHANGE,JPY
3156,RESTAR CORPORATION,JP3944360001,,
315A,Global X Japan Bank High Dividend ETF,,,
316,ORIENT OVERSEAS (INTERNATIONAL) LT,,HONG KONG EXCHANGES AND CLEARING LTD,JPY
316,316,BMG677491539,,HKD
316140,WOORI FINANCIAL GROUP INC,,KOREA EXCHANGE (STOCK MARKET),JPY
316140,316140,KR7316140003,,KRW
3167,TOKAI HOLDINGS CORP,,TOKYO STOCK EXCHANGE,JPY
3167,TOKAI HOLDINGS CORPORATION,JP3552260006,,
3176,SANYO TRADING LTD,,TOKYO STOCK EXCHANGE,JPY
3176,"SANYO TRADING CO.,LTD.",JP3342500000,,
3179,SYUPPIN LTD,,TOKYO STOCK EXCHANGE,JPY
3179,"SYUPPIN CO.,LTD.",JP3359940008,,
3180,BEAUTY GARAGE INC,,TOKYO STOCK EXCHANGE,JPY
3180,BEAUTY GARAGE INC.,JP3800480000,,
3182,OISIX INC,,TOKYO STOCK EXCHANGE,JPY
3182,OISIX INC.,JP3174190003,,
3183,WIN PARTNERS LTD,,TOKYO STOCK EXCHANGE,JPY
3183,"WIN-PARTNERS CO.,LTD.",JP3154390003,,
3186,NEXTAGE LTD,,TOKYO STOCK EXCHANGE,JPY
3186,"NEXTAGE CO.,LTD.",JP3758210003,,
3189,KINSUS INTERCONNECT TECHNOLOGY COR,,TAIWAN STOCK EXCHANGE,JPY
3191,JOYFUL HONDA,,TOKYO STOCK EXCHANGE,JPY
3191,"JOYFUL HONDA CO.,LTD.",JP3392920009,,
3193,ETERNAL HOSPITALITY LTD,,TOKYO STOCK EXCHANGE,JPY
3193,"ETERNAL HOSPITALITY GROUP CO.,LTD.",JP3635900008,,
3196,HOTLAND HOLDINGS LTD,,TOKYO STOCK EXCHANGE,JPY
3196,"HOTLAND HOLDINGS CO.,LTD.",JP3851950000,,
319660,PSK INC,,KOREA EXCHANGE (KOSDAQ),JPY
3197,SKYLARK HOLDINGS,,TOKYO STOCK EXCHANGE,JPY
3197,"SKYLARK HOLDINGS CO.,LTD.",JP3396210001,,
3199,WATAHAN LTD,,TOKYO STOCK EXCHANGE,JPY
3199,"WATAHAN & CO.,LTD.",JP3993830003,,
319A,NEXT GENERATION ORD,,,
3201,JAPAN WOOL TEXTILE LTD,,TOKYO STOCK EXCHANGE,JPY
3201,"THE JAPAN WOOL TEXTILE CO.,LTD.",JP3700800000,,
3211,DYNAPACK INTERNATIONAL TECHNOLOGY,,GRETAI SECURITIES MARKET,JPY
322,TINGYI (CAYMAN ISLANDS) HOLDINGS,,HONG KONG EXCHANGES AND CLEARING LTD,JPY
322,322,KYG8878S1030,,HKD
322000,HD HYUNDAI ENERGY SOLUTIONS LTD,,KOREA EXCHANGE (STOCK MARKET),JPY
3221,YOSSIX HOLDINGS LTD,,TOKYO STOCK EXCHANGE,JPY
3221,"YOSSIX HOLDINGS CO.,LTD.",JP3957600004,,
3222,UNITED SUPER MARKETS HOLDINGS INC,,TOKYO STOCK EXCHANGE,JPY
3222,UNITED SUPER MARKETS HOLDINGS INC.,JP3949450005,,
3226,MITSUI FUDOSAN ACCOMMODATIONS FUND,,TOKYO STOCK EXCHANGE,JPY
3227,PIXART IMAGING,,GRETAI SECURITIES MARKET,JPY
323,MAANSHAN IRON AND STEEL LTD H,,HONG KONG EXCHANGES AND CLEARING LTD,JPY
3231,NOMURA REAL ESTATE HOLDINGS INC,,TOKYO STOCK EXCHANGE,JPY
3231,"NOMURA REAL ESTATE HOLDINGS,INC.",JP3762900003,,
3231,3231,TW0003231007,,TWD
3232,MIE KOTSU GROUP HOLDINGS INC,,TOKYO STOCK EXCHANGE,JPY
3232,"MIE KOTSU GROUP HOLDINGS,INC.",JP3332510001,,
323280,TAESUNG COLTD LTD,,KOREA EXCHANGE (KOSDAQ),JPY
3234,MORI HILLS INVESTMENT REIT,,TOKYO STOCK EXCHANGE,JPY
323410,KAKAOBANK,,KOREA EXCHANGE (STOCK MARKET),JPY
323410,323410,KR7323410001,,KRW
3245,DEAR LIFE LTD,,TOKYO STOCK EXCHANGE,JPY
3245,"DEAR LIFE CO., LTD.",JP3548720006,,
3249,INDUSTRIAL & INFRASTRUCTURE FUND I,,TOKYO STOCK EXCHANGE,JPY
325,BLOKS GROUP LTD,,HONG KONG EXCHANGES AND CLEARING LTD,JPY
3252,JINUSHI LTD,,TOKYO STOCK EXCHANGE,JPY
3252,"JINUSHI CO.,LTD.",JP3714200007,,
3260,ADATA TECHNOLOGY LTD,,GRETAI SECURITIES MARKET,JPY
326030,SK BIOPHARMACEUTICALS LTD,,KOREA EXCHANGE (STOCK MARKET),JPY
3264,ARDENTEC CORP,,GRETAI SECURITIES MARKET,JPY
3267,PHIL INC,,TOKYO STOCK EXCHANGE,JPY
3267,"PHIL COMPANY,INC.",JP3802930002,,
3269,ADVANCE RESIDENCE INVESTMENT REIT,,TOKYO STOCK EXCHANGE,JPY
3276,JAPAN PROPERTY MANAGEMENT CENTER L,,TOKYO STOCK EXCHANGE,JPY
3276,"JAPAN PROPERTY MANAGEMENT CENTER CO.,LTD",JP3695050009,,
3279,ACTIVIA PROPERTIES REIT,,TOKYO STOCK EXCHANGE,JPY
3281,GLP J-REIT REIT,,TOKYO STOCK EXCHANGE,JPY
328130,LUNIT,,KOREA EXCHANGE (KOSDAQ),JPY
3282,COMFORIA RESIDENTIAL REIT INC,,TOKYO STOCK EXCHANGE,JPY
3283,NIPPON PROLOGIS REIT,,TOKYO STOCK EXCHANGE,JPY
3284,HOOSIERS LTD,,TOKYO STOCK EXCHANGE,JPY
3284,"HOOSIERS HOLDINGS CO.,LTD.",JP3802060008,,
3287,HOSHINO RESORTS REIT INC,,TOKYO STOCK EXCHANGE,JPY
3288,OPEN HOUSE GROUP LTD,,TOKYO STOCK EXCHANGE,JPY
3288,"OPEN HOUSE GROUP CO.,LTD.",JP3173540000,,
3289,TOKYU FUDOSAN HOLDINGS,,TOKYO STOCK EXCHANGE,JPY
3289,TOKYU FUDOSAN HOLDINGS CORPORATION,JP3569200003,,
328A,Global X Japan Pricing Power Leaders ETF,,,
3290,ONE REIT INC,,TOKYO STOCK EXCHANGE,JPY
3291,IIDA GROUP HOLDINGS,,TOKYO STOCK EXCHANGE,JPY
3291,"IIDA GROUP HOLDINGS CO.,LTD.",JP3131090007,,
329180,HD HYUNDAI HEAVY INDUSTRIES LTD,,KOREA EXCHANGE (STOCK MARKET),JPY
329180,329180,KR7329180004,,KRW
3292,AEON REIT INVESTMENT REIT CORP,,TOKYO STOCK EXCHANGE,JPY
3293,INTERNATIONAL GAMES SYSTEM LTD,,GRETAI SECURITIES MARKET,JPY
3293,3293,TW0003293007,,TWD
3295,HULIC REIT INC,,TOKYO STOCK EXCHANGE,JPY
3296,NIPPON REIT INVESTMENT REIT,,TOKYO STOCK EXCHANGE,JPY
3302,TEIKOKU SEN-I LTD,,TOKYO STOCK EXCHANGE,JPY
3302,"TEIKOKU SEN-I CO.,LTD.",JP3540800004,,
330590,LOTTE REIT LTD,,KOREA EXCHANGE (STOCK MARKET),JPY
330590,330590,KR7330590001,,KRW
3306,JNBY DESIGN LTD,,HONG KONG EXCHANGES AND CLEARING LTD,JPY
3309,SEKISUI HOUSE REIT,,TOKYO STOCK EXCHANGE,JPY
3315,NIPPON COKE & ENGINEERING LTD,,TOKYO STOCK EXCHANGE,JPY
3315,"NIPPON COKE & ENGINEERING COMPANY,LIMITE",JP3889610006,,
3320,CHINA RESOURCES PHARMACEUTICAL GRO,,HONG KONG EXCHANGES AND CLEARING LTD,JPY
3323,CHINA NATIONAL BUILDING MATERIAL L,,HONG KONG EXCHANGES AND CLEARING LTD,JPY
3323,3323,CNE1000002N9,,HKD
3324,AURAS TECHNOLOGY LTD,,GRETAI SECURITIES MARKET,JPY
3328,BANK OF COMMUNICATIONS LTD H,,HONG KONG EXCHANGES AND CLEARING LTD,JPY
3328,3328,CNE100000205,,HKD
3330,LINGBAO GOLD GROUP LTD H,,HONG KONG EXCHANGES AND CLEARING LTD,JPY
3333,ASAHI LTD,,TOKYO STOCK EXCHANGE,JPY
3333,"ASAHI CO.,LTD.",JP3110500000,,
3339,LONKING HOLDINGS LTD,,HONG KONG EXCHANGES AND CLEARING LTD,JPY
334890,334890,KR7334890001,,KRW
3349,COSMOS PHARMACEUTICAL CORP,,TOKYO STOCK EXCHANGE,JPY
3349,COSMOS PHARMACEUTICAL CORPORATION,JP3298400007,,
336,HUABAO INTERNATIONAL HOLDINGS,,HONG KONG EXCHANGES AND CLEARING LTD,JPY
3360,SHIP HEALTHCARE HOLDINGS INC,,TOKYO STOCK EXCHANGE,JPY
3360,3360,HK0000077468,,HKD
3360,"SHIP HEALTHCARE HOLDINGS,INC.",JP3274150006,,
3362,ABILITY OPTO-ELECTRONICS TECHNOLOG,,GRETAI SECURITIES MARKET,JPY
336260,DOOSAN FUEL CELL LTD,,KOREA EXCHANGE (STOCK MARKET),JPY
3371,SOFTCREATE HLDG CORP,,TOKYO STOCK EXCHANGE,JPY
3371,SOFTCREATE HOLDINGS CORP.,JP3436040004,,
3374,XINTEC INC,,GRETAI SECURITIES MARKET,JPY
3376,SHIN ZU SHING,,TAIWAN STOCK EXCHANGE,JPY
3380,ALPHA NETWORKS,,TAIWAN STOCK EXCHANGE,JPY
3382,SEVEN & I HOLDINGS,,TOKYO STOCK EXCHANGE,JPY
3382,"SEVEN & I HOLDINGS CO.,LTD.",JP3422950000,,
3387,CREATE RESTAURANTS HOLDINGS INC,,TOKYO STOCK EXCHANGE,JPY
3387,CREATE RESTAURANTS HOLDINGS INC.,JP3269930008,,
3388,MEIJI ELECTRIC INDUSTRIES LTD,,TOKYO STOCK EXCHANGE,JPY
3388,"MEIJI ELECTRIC INDUSTRIES CO.,LTD.",JP3917600003,,
3391,TSURUHA HOLDINGS,,TOKYO STOCK EXCHANGE,JPY
3391,TSURUHA HOLDINGS INC.,JP3536150000,,
3393,WASION HOLDINGS LTD,,HONG KONG EXCHANGES AND CLEARING LTD,JPY
3395,SAINT MARC HOLDINGS LTD,,TOKYO STOCK EXCHANGE,JPY
3395,"SAINT MARC HOLDINGS CO.,LTD.",JP3337070001,,
3396,LEGEND HOLDINGS CORP H,,HONG KONG EXCHANGES AND CLEARING LTD,JPY
3397,TORIDOLL HOLDINGS,,TOKYO STOCK EXCHANGE,JPY
3397,TORIDOLL HOLDINGS CORPORATION,JP3636650008,,
340,TONGGUAN GOLD GROUP LTD,,HONG KONG EXCHANGES AND CLEARING LTD,JPY
3401,TEIJIN,,TOKYO STOCK EXCHANGE,JPY
3401,TEIJIN LIMITED,JP3544000007,,
3402,TORAY INDUSTRIES,,TOKYO STOCK EXCHANGE,JPY
3402,"TORAY INDUSTRIES,INC.",JP3621000003,,
3405,KURARAY,,TOKYO STOCK EXCHANGE,JPY
3405,"KURARAY CO.,LTD.",JP3269600007,,
3406,GENIUS ELECTRONIC OPTICAL LTD,,TAIWAN STOCK EXCHANGE,JPY
3407,ASAHI KASEI,,TOKYO STOCK EXCHANGE,JPY
3407,ASAHI KASEI CORPORATION,JP3111200006,,
3413,FOXSEMICON INTEGRATED TECHNOLOGY,,TAIWAN STOCK EXCHANGE,JPY
3415,TOKYO BASE LTD,,TOKYO STOCK EXCHANGE,JPY
3415,"TOKYO BASE CO.,LTD.",JP3399710007,,
3421,INABA SEISAKUSHO LTD,,TOKYO STOCK EXCHANGE,JPY
3421,"INABA SEISAKUSHO CO.,LTD.",JP3145800003,,
3431,MIYAJI ENGINEERING INC,,TOKYO STOCK EXCHANGE,JPY
3431,"MIYAJI ENGINEERING GROUP,INC.",JP3908700002,,
3433,TOCALO LTD,,TOKYO STOCK EXCHANGE,JPY
3433,"TOCALO CO.,LTD.",JP3552290003,,
3436,SUMCO,,TOKYO STOCK EXCHANGE,JPY
3436,SUMCO CORPORATION,JP3322930003,,
3443,KAWADA TECH INC,,TOKYO STOCK EXCHANGE,JPY
3443,"KAWADA TECHNOLOGIES,INC.",JP3226300006,,
3443,3443,TW0003443008,,TWD
3445,RS TECHNOLOGIES,,TOKYO STOCK EXCHANGE,JPY
3445,"RS TECHNOLOGIES CO.,LTD.",JP3100350002,,
3450,ELITE ADVANCED LASER CORP,,TAIWAN STOCK EXCHANGE,JPY
3451,TOSEI REIT INVESTMENT REIT CORP,,TOKYO STOCK EXCHANGE,JPY
3455,HEALTHCARE & MEDICAL INVESTMENT RE,,TOKYO STOCK EXCHANGE,JPY
3457,&DO HOLDINGS LTD,,TOKYO STOCK EXCHANGE,JPY
3457,"&DO HOLDINGS CO.,LTD.",JP3765420009,,
3459,SAMTY RESIDENTIAL INVESTMENT REIT,,TOKYO STOCK EXCHANGE,JPY
3462,NOMURA REAL ESTATE MASTER FUND REI,,TOKYO STOCK EXCHANGE,JPY
3463,ICHIGO HOTEL REIT CORP,,TOKYO STOCK EXCHANGE,JPY
3465,KI-STAR REAL ESTATE LTD,,TOKYO STOCK EXCHANGE,JPY
3465,"KI-STAR REAL ESTATE CO.,LTD",JP3277620005,,
3466,LASALLE LOGIPORT REIT,,TOKYO STOCK EXCHANGE,JPY
3468,STAR ASIA INVESTMENT REIT,,TOKYO STOCK EXCHANGE,JPY
3470,MARIMO REGIONAL REVITALIZATION REI,,TOKYO STOCK EXCHANGE,JPY
3471,MITSUI FUDOSAN LOGISTICS PARK REIT,,TOKYO STOCK EXCHANGE,JPY
3472,NIPPON HOTEL & RESIDENTIAL INVESTM,,TOKYO STOCK EXCHANGE,JPY
3475,GOOD COM ASSET LTD,,TOKYO STOCK EXCHANGE,JPY
3475,"GOOD COM ASSET CO.,LTD.",JP3273750004,,
3476,MIRAI REIT,,TOKYO STOCK EXCHANGE,JPY
347850,D&D PHARMATECH INC,,KOREA EXCHANGE (KOSDAQ),JPY
3480,"J.S.B.CO.,LTD.",JP3386630002,,
3481,MITSUBISHI ESTATE LOGISTICS REIT C,,TOKYO STOCK EXCHANGE,JPY
3481,3481,TW0003481008,,TWD
3482,LOADSTAR CAPITAL,,TOKYO STOCK EXCHANGE,JPY
3482,LOADSTAR CAPITAL K.K.,JP3982600003,,
348210,NEXTIN INC,,KOREA EXCHANGE (KOSDAQ),JPY
348370,ENCHEM LTD,,KOREA EXCHANGE (KOSDAQ),JPY
3487,CRE LOGISTICS REIT INC,,TOKYO STOCK EXCHANGE,JPY
3488,CENTRAL REIT INVESTMENT REIT CORP,,TOKYO STOCK EXCHANGE,JPY
348950,348950,KR7348950007,,KRW
3491,UNIVERSAL MICROWAVE TECHNOLOGY INC,,GRETAI SECURITIES MARKET,JPY
3492,MIRARTH REAL EST REIT CORP,,TOKYO STOCK EXCHANGE,JPY
3496,AZOOM LTD,,TOKYO STOCK EXCHANGE,JPY
3496,"AZOOM CO.,LTD",JP3119880007,,
3498,KASUMIGASEKI CAPITAL LTD,,TOKYO STOCK EXCHANGE,JPY
3498,"KASUMIGASEKI CAPITAL CO.,LTD.",JP3211050004,,
3515,ASROCK INC,,TAIWAN STOCK EXCHANGE,JPY
352820,HYBE,,KOREA EXCHANGE (STOCK MARKET),JPY
352820,352820,KR7352820005,,KRW
3529,EMEMORY TECHNOLOGY INC,,GRETAI SECURITIES MARKET,JPY
3529,3529,TW0003529004,,TWD
3532,FORMOSA SUMCO TECHNOLOGY CORP,,TAIWAN STOCK EXCHANGE,JPY
353200,DAEDUCKELECTRONICS LTD,,KOREA EXCHANGE (STOCK MARKET),JPY
3533,LOTES,,TAIWAN STOCK EXCHANGE,JPY
3533,3533,TW0003533006,,TWD
3539,JM HOLDINGS LTD,,TOKYO STOCK EXCHANGE,JPY
3539,"JM HOLDINGS CO.,LTD.",JP3389690003,,
354,CHINASOFT INTERNATIONAL,,HONG KONG EXCHANGES AND CLEARING LTD,JPY
3543,KOMEDA HOLDINGS,,TOKYO STOCK EXCHANGE,JPY
3543,"KOMEDA HOLDINGS CO.,LTD.",JP3305580007,,
3547,UNISIA HOLDINGS,,TOKYO STOCK EXCHANGE,JPY
3547,UNISIA HOLDINGS CO.,JP3266180003,,
3548,BAROQUE JAPAN LTD,,TOKYO STOCK EXCHANGE,JPY
3548,BAROQUE JAPAN LIMITED,JP3778450001,,
3549,KUSURI NO AOKI HOLDINGS LTD,,TOKYO STOCK EXCHANGE,JPY
3549,"KUSURI NO AOKI HOLDINGS CO.,LTD.",JP3266190002,,
3561,CHIKARANOMOTO HOLDINGS LTD,,TOKYO STOCK EXCHANGE,JPY
3561,"CHIKARANOMOTO HOLDINGS CO.,LTD.",JP3507780009,,
3563,FOOD & LIFE COMPANIES,,TOKYO STOCK EXCHANGE,JPY
3563,FOOD & LIFE COMPANIES LTD.,JP3397150008,,
3565,ASCENTECH,,TOKYO STOCK EXCHANGE,JPY
3565,ASCENTECH K.K.,JP3120110006,,
3569,SEIREN LTD,,TOKYO STOCK EXCHANGE,JPY
3569,"SEIREN CO.,LTD.",JP3413800008,,
356A,Global X S&P 500 Cash Flow Top 100 ETF,,,
357120,357120,KR7357120005,,KRW
357780,SOULBRAIN,,KOREA EXCHANGE (KOSDAQ),JPY
358,JIANGXI COPPER LTD H,,HONG KONG EXCHANGES AND CLEARING LTD,JPY
358,358,CNE1000003K3,,HKD
3580,KOMATSU MATERE LTD,,TOKYO STOCK EXCHANGE,JPY
3580,"KOMATSU MATERE CO.,LTD.",JP3304600004,,
3583,SCIENTECH CORPORATION CORP,,TAIWAN STOCK EXCHANGE,JPY
358570,GI INNOVATION INC,,KOREA EXCHANGE (KOSDAQ),JPY
3591,WACOAL HOLDINGS,,TOKYO STOCK EXCHANGE,JPY
3591,WACOAL HOLDINGS CORP.,JP3992400006,,
3592,RAYDIUM SEMI-CONDUCTOR CORP,,TAIWAN STOCK EXCHANGE,JPY
3596,ARCADYAN TECHNOLOGY CORP,,TAIWAN STOCK EXCHANGE,JPY
3606,FUYAO GLASS INDUSTRY GROUP LTD H,,HONG KONG EXCHANGES AND CLEARING LTD,JPY
3606,3606,CNE100001TR7,,HKD
3608,TSI HOLDINGS LTD,,TOKYO STOCK EXCHANGE,JPY
3608,"TSI HOLDINGS CO.,LTD.",JP3538690003,,
360ONE,360 ONE WAM LTD,,NATIONAL STOCK EXCHANGE OF INDIA,JPY
3612,WORLD LTD,,TOKYO STOCK EXCHANGE,JPY
3612,"WORLD CO.,LTD.",JP3990210001,,
3613,BEIJING TONG REN TANG CHINESE MEDI,,HONG KONG EXCHANGES AND CLEARING LTD,JPY
361610,SK IE TECHNOLOGY LTD,,KOREA EXCHANGE (STOCK MARKET),JPY
3617,CYBERPOWER SYSTEMS INC,,TAIWAN STOCK EXCHANGE,JPY
3618,CHONGQING RURAL COMMERCIAL BANK LT,,HONG KONG EXCHANGES AND CLEARING LTD,JPY
3618,3618,CNE100000X44,,HKD
3626,TISI,,TOKYO STOCK EXCHANGE,JPY
3626,TIS INC.,JP3104890003,,
363,SHANGHAI INDUSTRIAL HOLDINGS LTD,,HONG KONG EXCHANGES AND CLEARING LTD,JPY
3632,GREE HOLDINGS INC,,TOKYO STOCK EXCHANGE,JPY
3632,"GREE HOLDINGS,INC.",JP3274070006,,
3633,GMO PEPABO INC,,TOKYO STOCK EXCHANGE,JPY
3633,"GMO PEPABO,INC.",JP3836100002,,
3635,KOEI TECMO HOLDINGS,,TOKYO STOCK EXCHANGE,JPY
3635,"KOEI TECMO HOLDINGS CO.,LTD.",JP3283460008,,
3636,MITSUBISHI RESEARCH INSTITUTE,,TOKYO STOCK EXCHANGE,JPY
3636,"MITSUBISHI RESEARCH INSTITUTE,INC.",JP3902200009,,
3649,FINDEX INC,,TOKYO STOCK EXCHANGE,JPY
3649,FINDEX INC.,JP3801450002,,
3653,JENTECH PRECISION INDUSTRIAL LTD,,TAIWAN STOCK EXCHANGE,JPY
3653,3653,TW0003653002,,TWD
365550,ESR KENDALL SQUARE REIT LTD,,KOREA EXCHANGE (STOCK MARKET),JPY
365550,365550,KR7365550003,,KRW
3656,KLAB,,TOKYO STOCK EXCHANGE,JPY
3656,KLAB INC.,JP3268870007,,
3657,POLE TO WIN HOLDINGS INC,,TOKYO STOCK EXCHANGE,JPY
3657,"POLE TO WIN HOLDINGS,INC.",JP3855950006,,
3659,NEXON,,TOKYO STOCK EXCHANGE,JPY
3659,"NEXON CO.,LTD.",JP3758190007,,
3660,ISTYLE,,TOKYO STOCK EXCHANGE,JPY
3660,ISTYLE INC.,JP3102320003,,
3661,M-UP HOLDINGS INC,,TOKYO STOCK EXCHANGE,JPY
3661,"M-UP HOLDINGS,INC.",JP3167310006,,
3661,3661,KYG022421088,,TWD
3662,ATEAM HOLDINGS LTD,,TOKYO STOCK EXCHANGE,JPY
3662,"ATEAM HOLDINGS CO.,LTD.",JP3160890004,,
3663,CELSYS INC,,TOKYO STOCK EXCHANGE,JPY
3663,"CELSYS,INC.",JP3100260003,,
3665,ENIGMO INC,,TOKYO STOCK EXCHANGE,JPY
3665,ENIGMO INC.,JP3164590006,,
3665,3665,KYG114741062,,TWD
3668,COLOPL INC,,TOKYO STOCK EXCHANGE,JPY
3668,"COLOPL,INC.",JP3305960001,,
3673,BROADLEAF LTD,,TOKYO STOCK EXCHANGE,JPY
3673,"BROADLEAF CO.,LTD.",JP3831490002,,
3676,DIGITAL HEARTS HOLDINGS LTD,,TOKYO STOCK EXCHANGE,JPY
3676,"DIGITAL HEARTS HOLDINGS CO.,LTD.",JP3765110006,,
3678,MEDIA DO LTD,,TOKYO STOCK EXCHANGE,JPY
3678,"MEDIA DO CO.,LTD.",JP3921230003,,
3679,ZIGEXN LTD,,TOKYO STOCK EXCHANGE,JPY
3679,"ZIGEXN CO.,LTD.",JP3386490001,,
3680,GUDENG PRECISION INDUSTRIAL,,GRETAI SECURITIES MARKET,JPY
3687,FIXSTARS CORP,,TOKYO STOCK EXCHANGE,JPY
3687,FIXSTARS CORPORATION,JP3802950000,,
368A,KITAZATO,,TOKYO STOCK EXCHANGE,JPY
368A,KITAZATO CORPORATION,JP3237550003,,
3690,MEITUAN,,HONG KONG EXCHANGES AND CLEARING LTD,JPY
3690,3690,KYG596691041,,HKD
3692,HANSOH PHARMACEUTICAL GROUP,,HONG KONG EXCHANGES AND CLEARING LTD,JPY
3692,3692,KYG549581067,,HKD
3694,OPTIM CORP,,TOKYO STOCK EXCHANGE,JPY
3694,OPTIM CORPORATION,JP3197690005,,
3696,CERES INC,,TOKYO STOCK EXCHANGE,JPY
3696,CERES INC.,JP3423570005,,
3697,SHIFT INC,,TOKYO STOCK EXCHANGE,JPY
3697,SHIFT INC.,JP3355400007,,
3702,WPG HOLDINGS,,TAIWAN STOCK EXCHANGE,JPY
3703,CONTINENTAL HOLDINGS CORP,,TAIWAN STOCK EXCHANGE,JPY
3706,MITAC HOLDINGS CORP,,TAIWAN STOCK EXCHANGE,JPY
3708,TOKUSHU TOKAI PAPER LTD,,TOKYO STOCK EXCHANGE,JPY
3708,"TOKUSHU TOKAI PAPER CO.,LTD.",JP3624900001,,
371,BEIJING ENTERPRISES WATER GROUP LT,,HONG KONG EXCHANGES AND CLEARING LTD,JPY
3711,ASE TECHNOLOGY HOLDING,,TAIWAN STOCK EXCHANGE,JPY
3711,3711,TW0003711008,,TWD
3714,ENNOSTAR,,TAIWAN STOCK EXCHANGE,JPY
3715,DYNAMIC HOLDING LTD,,TAIWAN STOCK EXCHANGE,JPY
373220,LG ENERGY SOLUTION LTD,,KOREA EXCHANGE (STOCK MARKET),JPY
373220,373220,KR7373220003,,KRW
3741,SYSTEMS ENGINEERING CONSULTANTS LT,,TOKYO STOCK EXCHANGE,JPY
3741,"SYSTEMS ENGINEERING CONSULTANTS CO.,LTD.",JP3422190003,,
3750,CONTEMPORARY AMPEREX TECHNOLOGY CL,,HONG KONG EXCHANGES AND CLEARING LTD,JPY
3750,3750,CNE100006WS8,,HKD
375500,DL E&C LTD,,KOREA EXCHANGE (STOCK MARKET),JPY
3762,TECHMATRIX CORP,,TOKYO STOCK EXCHANGE,JPY
3762,TECHMATRIX CORPORATION,JP3545130001,,
3763,PRO-SHIP INC,,TOKYO STOCK EXCHANGE,JPY
3763,PRO-SHIP INCORPORATED,JP3833730009,,
376300,DEAR U LTD,,KOREA EXCHANGE (KOSDAQ),JPY
3765,GUNGHO ONLINE ENTERTAINMENT,,TOKYO STOCK EXCHANGE,JPY
3765,"GUNGHO ONLINE ENTERTAINMENT,INC.",JP3235900002,,
3769,GMO PAYMENT GATEWAY INC,,TOKYO STOCK EXCHANGE,JPY
3769,"GMO PAYMENT GATEWAY,INC.",JP3385890003,,
3771,SYSTEM RESEARCH LTD,,TOKYO STOCK EXCHANGE,JPY
3771,"SYSTEM RESEARCH CO.,LTD.",JP3351070002,,
3774,INTERNET INITIATIVE JAPAN INC,,TOKYO STOCK EXCHANGE,JPY
3774,INTERNET INITIATIVE JAPAN INC.,JP3152820001,,
3777,CHINA FIBER OPTIC NETWORK SYSTEM G,,HONG KONG EXCHANGES AND CLEARING LTD,JPY
3778,SAKURA INTERNET,,TOKYO STOCK EXCHANGE,JPY
3778,SAKURA INTERNET INC.,JP3317300006,,
3788,GMO GLOBALSIGN HOLDINGS KK,,TOKYO STOCK EXCHANGE,JPY
3788,GMO GLOBALSIGN HOLDINGS K.K.,JP3386040004,,
379A,Global X S&P 500 ETF (Dynamic Protection),,,
38,FIRST TRACTOR LTD H,,HONG KONG EXCHANGES AND CLEARING LTD,JPY
3800,GCL TECHNOLOGY HOLDINGS,,HONG KONG EXCHANGES AND CLEARING LTD,JPY
3800,3800,KYG3774X1088,,HKD
3808,SINOTRUK (HONG KONG) LTD,,HONG KONG EXCHANGES AND CLEARING LTD,JPY
3808,3808,HK3808041546,,HKD
380A,Global X China Tech ETF,,,
3817,SRA HOLDINGS INC,,TOKYO STOCK EXCHANGE,JPY
3817,"SRA HOLDINGS,INC.",JP3161450006,,
383220,F&F LTD,,KOREA EXCHANGE (STOCK MARKET),JPY
3834,ASAHI NET INC,,TOKYO STOCK EXCHANGE,JPY
3834,"ASAHI NET,INC.",JP3115800009,,
3835,EBASE LTD,,TOKYO STOCK EXCHANGE,JPY
3835,"EBASE CO.,LTD.",JP3130790003,,
3836,AVANT GROUP CORP,,TOKYO STOCK EXCHANGE,JPY
3836,AVANT GROUP CORPORATION,JP3548680002,,
3837,AD-SOL NISSIN CORP,,TOKYO STOCK EXCHANGE,JPY
3837,AD-SOL NISSIN CORPORATION,JP3122030004,,
384,CHINA GAS HOLDINGS LTD,,HONG KONG EXCHANGES AND CLEARING LTD,JPY
384,384,BMG2109G1033,,HKD
3843,FREEBIT LTD,,TOKYO STOCK EXCHANGE,JPY
3843,"FREEBIT CO.,LTD.",JP3826720009,,
3844,COMTURE CORP,,TOKYO STOCK EXCHANGE,JPY
3844,COMTURE CORPORATION,JP3305560009,,
3853,ASTERIA,,TOKYO STOCK EXCHANGE,JPY
3853,ASTERIA CORPORATION,JP3153470004,,
3854,ILL INC,,TOKYO STOCK EXCHANGE,JPY
3854,I'LL INC,JP3105180008,,
386,CHINA PETROLEUM AND CHEMICAL H,,HONG KONG EXCHANGES AND CLEARING LTD,JPY
386,386,CNE1000002Q2,,HKD
3861,OJI HOLDINGS,,TOKYO STOCK EXCHANGE,JPY
3861,OJI HOLDINGS CORPORATION,JP3174410005,,
3863,NIPPON PAPER INDUSTRIES,,TOKYO STOCK EXCHANGE,JPY
3863,"NIPPON PAPER INDUSTRIES CO.,LTD.",JP3721600009,,
3865,HOKUETSU CORP,,TOKYO STOCK EXCHANGE,JPY
3865,HOKUETSU CORPORATION,JP3841800000,,
388,HONG KONG EXCHANGES AND CLEARING,,HONG KONG EXCHANGES AND CLEARING LTD,JPY
388,388,HK0388045442,,HKD
3880,DAIO PAPER,,TOKYO STOCK EXCHANGE,JPY
3880,DAIO PAPER CORPORATION,JP3440400004,,
388720,YUILRBOTICS LTD,,KOREA EXCHANGE (KOSDAQ),JPY
3888,KINGSOFT,,HONG KONG EXCHANGES AND CLEARING LTD,JPY
3888,3888,KYG5264Y1089,,HKD
3891,NIPPON KODOSHI CORPORATION,JP3707000000,,
3896,KINGSOFT CLOUD HOLDINGS LTD,,HONG KONG EXCHANGES AND CLEARING LTD,JPY
3898,ZHUZHOU CRRC TIMES ELECTRIC LTD H,,HONG KONG EXCHANGES AND CLEARING LTD,JPY
3898,3898,CNE1000004X4,,HKD
3899,CIMC ENRIC HOLDINGS,,HONG KONG EXCHANGES AND CLEARING LTD,JPY
390,CHINA RAILWAY GROUP LTD H,,HONG KONG EXCHANGES AND CLEARING LTD,JPY
390,390,CNE1000007Z2,,HKD
3900,GREENTOWN CHINA,,HONG KONG EXCHANGES AND CLEARING LTD,JPY
3901,MARKLINES,,TOKYO STOCK EXCHANGE,JPY
3901,"MARKLINES CO.,LTD.",JP3860210008,,
3903,GUMI INC,,TOKYO STOCK EXCHANGE,JPY
3903,GUMI INC.,JP3273810006,,
3905,DATASECTION INC,,,
3908,CHINA INTERNATIONAL CAPITAL H,,HONG KONG EXCHANGES AND CLEARING LTD,JPY
3908,3908,CNE100002359,,HKD
3915,TERRASKY LTD,,TOKYO STOCK EXCHANGE,JPY
3915,"TERRASKY CO.,LTD",JP3546300009,,
3916,DIGITAL INFORMATION TECHNOLOGIES C,,TOKYO STOCK EXCHANGE,JPY
3916,DIGITAL INFORMATION TECHNOLOGIES CORPORA,JP3549060006,,
392,BEIJING ENTERPRISES HOLDINGS LTD,,HONG KONG EXCHANGES AND CLEARING LTD,JPY
392,392,HK0392044647,,HKD
3921,NEOJAPAN INC,,TOKYO STOCK EXCHANGE,JPY
3921,NEOJAPAN INC.,JP3758230001,,
3922,PR TIMES CORP,,TOKYO STOCK EXCHANGE,JPY
3922,PR TIMES CORPORATION,JP3801050000,,
3923,RAKUS,,TOKYO STOCK EXCHANGE,JPY
3923,"RAKUS CO.,LTD.",JP3967170006,,
3925,DOUBLE STANDARD INC,,TOKYO STOCK EXCHANGE,JPY
3925,DOUBLE STANDARD INC.,JP3505980007,,
3926,OPEN DOOR INC,,TOKYO STOCK EXCHANGE,JPY
3926,OPEN DOOR INC.,JP3173560008,,
3932,AKATSUKI INC,,TOKYO STOCK EXCHANGE,JPY
3932,AKATSUKI INC.,JP3107000006,,
3937,UBICOM HOLDINGS INC,,TOKYO STOCK EXCHANGE,JPY
3937,"UBICOM HOLDINGS,INC.",JP3160910000,,
3939,KANAMIC NETWORK LTD,,TOKYO STOCK EXCHANGE,JPY
3939,"KANAMIC NETWORK CO.,LTD",JP3215100003,,
3941,RENGO LTD,,TOKYO STOCK EXCHANGE,JPY
3941,"RENGO CO.,LTD.",JP3981400009,,
3946,TOMOKU LTD,,TOKYO STOCK EXCHANGE,JPY
3946,"TOMOKU CO.,LTD.",JP3554000004,,
3950,PACK,,TOKYO STOCK EXCHANGE,JPY
3950,THE PACK CORPORATION,JP3345900009,,
395400,SK REITS LTD,,KOREA EXCHANGE (STOCK MARKET),JPY
395400,395400,KR7395400005,,KRW
3962,CHANGE HOLDINGS INC,,TOKYO STOCK EXCHANGE,JPY
3962,"CHANGE HOLDINGS,INC.",JP3507750002,,
3964,AUCNET INC,,TOKYO STOCK EXCHANGE,JPY
3964,AUCNET INC.,JP3172060000,,
3968,CHINA MERCHANTS BANK LTD H,,HONG KONG EXCHANGES AND CLEARING LTD,JPY
3968,3968,CNE1000002M1,,HKD
397030,APRILBIO LTD,,KOREA EXCHANGE (KOSDAQ),JPY
3983,ORO LTD,,TOKYO STOCK EXCHANGE,JPY
3983,"ORO CO.,LTD.",JP3201900002,,
3984,USER LOCAL INC,,TOKYO STOCK EXCHANGE,JPY
3984,"USER LOCAL,INC.",JP3944410004,,
3988,BANK OF CHINA LTD H,,HONG KONG EXCHANGES AND CLEARING LTD,JPY
3988,3988,CNE1000001Z5,,HKD
3993,PKSHA TECHNOLOGY,,TOKYO STOCK EXCHANGE,JPY
3993,3993,CNE100000114,,HKD
3993,PKSHA TECHNOLOGY INC.,JP3780050005,,
3994,MONEY FORWARD,,TOKYO STOCK EXCHANGE,JPY
3994,"MONEY FORWARD,INC.",JP3869960009,,
3998,BOSIDENG INTERNATIONAL LTD,,HONG KONG EXCHANGES AND CLEARING LTD,JPY
3998,3998,KYG126521064,,HKD
3MINDIA,3M INDIA LTD,,NATIONAL STOCK EXCHANGE OF INDIA,JPY
4001,ABDULLAH AL OTHAIM MARKETS,,SAUDI STOCK EXCHANGE,JPY
4002,AL MOUWASAT MEDICAL SERVICES,,SAUDI STOCK EXCHANGE,JPY
4003,UNITED ELECTRONICS,,SAUDI STOCK EXCHANGE,JPY
4004,RESONAC HOLDINGS,,TOKYO STOCK EXCHANGE,JPY
4004,RESONAC HOLDINGS CORPORATION,JP3368000000,,
4005,SUMITOMO CHEMICAL,,TOKYO STOCK EXCHANGE,JPY
4005,"SUMITOMO CHEMICAL COMPANY,LIMITED",JP3401400001,,
4007,AL HAMMADI HOLDING,,SAUDI STOCK EXCHANGE,JPY
4008,SUMITOMO SEIKA CHEMICALS LTD,,TOKYO STOCK EXCHANGE,JPY
4008,"SUMITOMO SEIKA CHEMICALS COMPANY,LIMITED",JP3405600002,,
4009,MIDDLE EAST HEALTHCARE,,SAUDI STOCK EXCHANGE,JPY
4013,DR SULAIMAN AL HABIB MEDICAL GRP,,SAUDI STOCK EXCHANGE,JPY
4015,JAMJOOM PHARMA,,SAUDI STOCK EXCHANGE,JPY
401A,KASUMIGASEKI HOTEL REIT INVESTMENT,,TOKYO STOCK EXCHANGE,JPY
4020,SAUDI REAL ESTATE,,SAUDI STOCK EXCHANGE,JPY
4021,NISSAN CHEMICAL,,TOKYO STOCK EXCHANGE,JPY
4021,NISSAN CHEMICAL CORPORATION,JP3670800006,,
4022,RASA INDUSTRIES LTD,,TOKYO STOCK EXCHANGE,JPY
4022,"RASA INDUSTRIES,LTD.",JP3967400007,,
4023,KUREHA CORP,,TOKYO STOCK EXCHANGE,JPY
4023,KUREHA CORPORATION,JP3271600003,,
402340,SK SQUARE,,KOREA EXCHANGE (STOCK MARKET),JPY
402340,402340,KR7402340004,,KRW
4025,TAKI CHEMICAL LTD,,TOKYO STOCK EXCHANGE,JPY
4025,"TAKI CHEMICAL CO.,LTD.",JP3461000006,,
4027,TAYCA CORP,,TOKYO STOCK EXCHANGE,JPY
4027,TAYCA CORPORATION,JP3539300008,,
4028,ISHIHARA SANGYO LTD,,TOKYO STOCK EXCHANGE,JPY
4028,"ISHIHARA SANGYO KAISHA,LTD.",JP3136800004,,
4031,SAUDI GROUND SERVICES,,SAUDI STOCK EXCHANGE,JPY
403870,HPSP LTD,,KOREA EXCHANGE (KOSDAQ),JPY
4041,NIPPON SODA LTD,,TOKYO STOCK EXCHANGE,JPY
4041,"NIPPON SODA CO.,LTD.",JP3726200003,,
4042,TOSOH CORP,,TOKYO STOCK EXCHANGE,JPY
4042,TOSOH CORPORATION,JP3595200001,,
4043,TOKUYAMA,,TOKYO STOCK EXCHANGE,JPY
4043,TOKUYAMA CORPORATION,JP3625000009,,
4044,CENTRAL GLASS LTD,,TOKYO STOCK EXCHANGE,JPY
4044,"CENTRAL GLASS CO.,LTD.",JP3425000001,,
4045,TOAGOSEI LTD,,TOKYO STOCK EXCHANGE,JPY
4045,"TOAGOSEI CO.,LTD.",JP3556400004,,
4046,OSAKA SODA,,TOKYO STOCK EXCHANGE,JPY
4046,"OSAKA SODA CO.,LTD.",JP3485900009,,
4047,KANTO DENKA KOGYO LTD,,TOKYO STOCK EXCHANGE,JPY
4047,"KANTO DENKA KOGYO CO.,LTD.",JP3232600001,,
405,405,HK0405033157,,HKD
4050,SAUDI AUTOMOTIVE SERVICES,,SAUDI STOCK EXCHANGE,JPY
4051,GMO FINANCIAL GATE INC,,TOKYO STOCK EXCHANGE,JPY
4051,"GMO FINANCIAL GATE,INC.",JP3386710002,,
4053,SUN* INC,,TOKYO STOCK EXCHANGE,JPY
4053,SUN* INC.,JP3323800007,,
4061,DENKA CO LTD,,TOKYO STOCK EXCHANGE,JPY
4061,DENKA COMPANY LIMITED,JP3549600009,,
4062,IBIDEN LTD,,TOKYO STOCK EXCHANGE,JPY
4062,"IBIDEN CO.,LTD.",JP3148800000,,
4063,SHIN ETSU CHEMICAL,,TOKYO STOCK EXCHANGE,JPY
4063,"SHIN-ETSU CHEMICAL CO.,LTD.",JP3371200001,,
4064,NIPPON CARBIDE INDUSTRIES INC,,TOKYO STOCK EXCHANGE,JPY
4064,"NIPPON CARBIDE INDUSTRIES COMPANY,INCORP",JP3690000009,,
4071,PLUS ALPHA CONSULTING LTD,,TOKYO STOCK EXCHANGE,JPY
4071,"PLUS ALPHA CONSULTING CO.,LTD.",JP3832700003,,
4072,DENSAN SYSTEM HOLDINGS LTD,,TOKYO STOCK EXCHANGE,JPY
4072,"DENSAN SYSTEM HOLDINGS CO.,LTD.",JP3551440005,,
4078,SAKAI CHEMICAL INDUSTRY LTD,,TOKYO STOCK EXCHANGE,JPY
4078,"SAKAI CHEMICAL INDUSTRY CO.,LTD.",JP3312800000,,
4082,DAIICHI KIGENSO KAGAKU KOGYO LTD,,TOKYO STOCK EXCHANGE,JPY
4082,"DAIICHI KIGENSO KAGAKU-KOGYO CO.,LTD",JP3474350000,,
4083,UNITED INTERNATIONAL HOLDING,,SAUDI STOCK EXCHANGE,JPY
4088,AIR WATER INC.,JP3160670000,,
4090,TAIBA INVESTMENTS,,SAUDI STOCK EXCHANGE,JPY
4091,NIPPON SANSO HOLDINGS,,TOKYO STOCK EXCHANGE,JPY
4091,NIPPON SANSO HOLDINGS CORPORATION,JP3711600001,,
4092,NIPPON CHEMICAL INDUSTRIAL LTD,,TOKYO STOCK EXCHANGE,JPY
4092,"NIPPON CHEMICAL INDUSTRIAL CO.,LTD.",JP3691600005,,
4095,NIHON PARKERIZING LTD,,TOKYO STOCK EXCHANGE,JPY
4095,"NIHON PARKERIZING CO.,LTD.",JP3744600002,,
4097,KOATSU GAS KOGYO LTD,,TOKYO STOCK EXCHANGE,JPY
4097,"KOATSU GAS KOGYO CO.,LTD.",JP3285800003,,
4099,SHIKOKU KASEI HOLDINGS CORP,,TOKYO STOCK EXCHANGE,JPY
4099,SHIKOKU KASEI HOLDINGS CORPORATION,JP3349600001,,
409A,ORION BREWERIES LTD,,TOKYO STOCK EXCHANGE,JPY
409A,"ORION BREWERIES,LTD.",JP3200010001,,
4100,TODA KOGYO CORP,,TOKYO STOCK EXCHANGE,JPY
4100,TODA KOGYO CORP.,JP3627400009,,
4105,TTY BIOPHARM LTD,,GRETAI SECURITIES MARKET,JPY
4109,STELLA CHEMIFA,,TOKYO STOCK EXCHANGE,JPY
4109,STELLA CHEMIFA CORPORATION,JP3399720006,,
4112,HODOGAYA CHEMICAL LTD,,TOKYO STOCK EXCHANGE,JPY
4112,"HODOGAYA CHEMICAL CO.,LTD.",JP3852600000,,
4114,NIPPON SHOKUBAI LTD,,TOKYO STOCK EXCHANGE,JPY
4114,"NIPPON SHOKUBAI CO.,LTD.",JP3715200006,,
4116,DAINICHISEIKA COLOR & CHEMICALS MF,,TOKYO STOCK EXCHANGE,JPY
4116,"DAINICHISEIKA COLOR & CHEMICALS MFG.CO.,",JP3492200005,,
4118,KANEKA CORP,,TOKYO STOCK EXCHANGE,JPY
4118,KANEKA CORPORATION,JP3215800008,,
4123,CENTER LABORATORIES INC,,GRETAI SECURITIES MARKET,JPY
4150,ARRIYADH DEVELOPMENT,,SAUDI STOCK EXCHANGE,JPY
4151,KYOWA KIRIN LTD,,TOKYO STOCK EXCHANGE,JPY
4151,"KYOWA KIRIN CO.,LTD.",JP3256000005,,
4161,BINDAWOOD HOLDING,,SAUDI STOCK EXCHANGE,JPY
4162,ALMUNAJEM FOODS,,SAUDI STOCK EXCHANGE,JPY
4163,AL DAWAA MEDICAL SERVICES,,SAUDI STOCK EXCHANGE,JPY
4164,AL NAHDI MEDICAL,,SAUDI STOCK EXCHANGE,JPY
4165,AL MAJED OUD CO,,SAUDI STOCK EXCHANGE,JPY
417200,LS MATERIALS LTD,,KOREA EXCHANGE (KOSDAQ),JPY
417A,BLUE ZONES HOLDINGS LTD,,TOKYO STOCK EXCHANGE,JPY
417A,"BLUE ZONES HOLDINGS CO.,LTD.",JP3831110006,,
4180,APPIER GROUP INC,,TOKYO STOCK EXCHANGE,JPY
4180,"APPIER GROUP,INC.",JP3160960005,,
4182,MITSUBISHI GAS CHEMICAL INC,,TOKYO STOCK EXCHANGE,JPY
4182,"MITSUBISHI GAS CHEMICAL COMPANY,INC.",JP3896800004,,
4183,MITSUI CHEMICALS,,TOKYO STOCK EXCHANGE,JPY
4183,"MITSUI CHEMICALS,INC.",JP3888300005,,
4186,TOKYO OHKA KOGYO,,TOKYO STOCK EXCHANGE,JPY
4186,"TOKYO OHKA KOGYO CO.,LTD.",JP3571800006,,
4187,OSAKA ORGANIC CHEMICAL INDUSTRY LT,,TOKYO STOCK EXCHANGE,JPY
4187,OSAKA ORGANIC CHEMICAL INDUSTRY LTD.,JP3187000009,,
4188,MITSUBISHI CHEMICAL GROUP,,TOKYO STOCK EXCHANGE,JPY
4188,MITSUBISHI CHEMICAL GROUP CORPORATION,JP3897700005,,
4189,KH NEOCHEM LTD,,TOKYO STOCK EXCHANGE,JPY
4189,"KH NEOCHEM CO.,LTD.",JP3277040006,,
4190,JARIR MARKETING,,SAUDI STOCK EXCHANGE,JPY
4194,VISIONAL,,TOKYO STOCK EXCHANGE,JPY
4194,"VISIONAL,INC.",JP3800270005,,
4200,ALDREES PETROLEUM AND TRANSPORT SE,,SAUDI STOCK EXCHANGE,JPY
4202,DAICEL,,TOKYO STOCK EXCHANGE,JPY
4202,DAICEL CORPORATION,JP3485800001,,
4203,SUMITOMO BAKELITE LTD,,TOKYO STOCK EXCHANGE,JPY
4203,"SUMITOMO BAKELITE COMPANY,LIMITED",JP3409400003,,
4204,SEKISUI CHEMICAL,,TOKYO STOCK EXCHANGE,JPY
4204,"SEKISUI CHEMICAL CO.,LTD.",JP3419400001,,
4205,ZEON JAPAN CORP,,TOKYO STOCK EXCHANGE,JPY
4205,ZEON CORPORATION,JP3725400000,,
4206,AICA KOGYO LTD,,TOKYO STOCK EXCHANGE,JPY
4206,"AICA KOGYO COMPANY,LIMITED",JP3100800006,,
4208,UBE,,TOKYO STOCK EXCHANGE,JPY
4208,UBE CORPORATION,JP3158800007,,
4210,SAUDI RESEARCH AND MEDIA GROUP,,SAUDI STOCK EXCHANGE,JPY
4212,SEKISUI JUSHI,,TOKYO STOCK EXCHANGE,JPY
4212,SEKISUI JUSHI CORPORATION,JP3420200002,,
4216,ASAHI YUKIZAI,,TOKYO STOCK EXCHANGE,JPY
4216,ASAHI YUKIZAI CORPORATION,JP3117200000,,
4218,NICHIBAN LTD,,TOKYO STOCK EXCHANGE,JPY
4218,"NICHIBAN CO.,LTD.",JP3662400005,,
4220,RIKEN TECHNOS CORP,,TOKYO STOCK EXCHANGE,JPY
4220,RIKEN TECHNOS CORPORATION,JP3973000007,,
4221,OKURA INDUSTRIAL LTD,,TOKYO STOCK EXCHANGE,JPY
4221,"OKURA INDUSTRIAL CO.,LTD.",JP3178400002,,
4228,SEKISUI PLASTICS LTD,,TOKYO STOCK EXCHANGE,JPY
4228,"SEKISUI KASEI CO.,LTD.",JP3419800002,,
4229,GUN EI CHEMICAL INDUSTRY LTD,,TOKYO STOCK EXCHANGE,JPY
4229,"GUN EI CHEMICAL INDUSTRY CO.,LTD.",JP3274800006,,
4246,DAIKYONISHIKAWA CORP,,TOKYO STOCK EXCHANGE,JPY
4246,DAIKYONISHIKAWA CORPORATION,JP3481300006,,
4249,MORIROKU LTD,,TOKYO STOCK EXCHANGE,JPY
4249,"MORIROKU COMPANY,LTD.",JP3927450001,,
424A,Global X Gold ETF (JPY Hedged),,,
425,MINTH GROUP,,HONG KONG EXCHANGES AND CLEARING LTD,JPY
4250,JABAL OMAR DEVELOPMENT,,SAUDI STOCK EXCHANGE,JPY
4251,KEIWA INCORPORATED,,TOKYO STOCK EXCHANGE,JPY
4251,KEIWA INCORPORATED,JP3281610000,,
4259,EXAWIZARDS INC,,,
425A,Global X Gold ETF,,,
4260,UNITED INTERNATIONAL TRANSPORTATIO,,SAUDI STOCK EXCHANGE,JPY
4263,SAL SAUDI LOGISTICS SERVICE CO,,SAUDI STOCK EXCHANGE,JPY
4264,FLYNAS,,SAUDI STOCK EXCHANGE,JPY
4272,NIPPON KAYAKU LTD,,TOKYO STOCK EXCHANGE,JPY
4272,"NIPPON KAYAKU CO.,LTD.",JP3694400007,,
4275,CARLIT LTD,,TOKYO STOCK EXCHANGE,JPY
4275,"CARLIT CO.,LTD.",JP3205320009,,
4286,CL HOLDINGS INC,,TOKYO STOCK EXCHANGE,JPY
4286,CL HOLDINGS INC.,JP3980300002,,
4290,PRESTIGE INTERNATIONAL INC,,TOKYO STOCK EXCHANGE,JPY
4290,PRESTIGE INTERNATIONAL INC.,JP3833620002,,
4291,NATIONAL FOR LEARNING AND EDUCATIO,,SAUDI STOCK EXCHANGE,JPY
4293,SEPTENI HOLDINGS CO LTD,,,
4299,HIMACS LTD,,TOKYO STOCK EXCHANGE,JPY
4299,"HIMACS,LTD.",JP3765250000,,
429A,TEKSCEND PHOTOMASK CORP,,TOKYO STOCK EXCHANGE,JPY
429A,TEKSCEND PHOTOMASK CORP.,JP3545320008,,
4300,DAR AL ARKAN REAL ESTATE DEVELOPME,,SAUDI STOCK EXCHANGE,JPY
4301,AMUSE INC,,TOKYO STOCK EXCHANGE,JPY
4301,AMUSE INC.,JP3124500004,,
4307,NOMURA RESEARCH INSTITUTE,,TOKYO STOCK EXCHANGE,JPY
4307,"NOMURA RESEARCH INSTITUTE,LTD.",JP3762800005,,
4310,DREAM INCUBATOR INC,,TOKYO STOCK EXCHANGE,JPY
4310,DREAM INCUBATOR INC.,JP3639420003,,
4318,QUICK LTD,,TOKYO STOCK EXCHANGE,JPY
4318,"QUICK CO.,LTD.",JP3266000003,,
4321,ARABIAN CENTRES COMPANY,,SAUDI STOCK EXCHANGE,JPY
4322,RETAL URBAN DEVELOPMENT,,SAUDI STOCK EXCHANGE,JPY
4323,JAPAN SYSTEM TECHNIQUES LTD,,TOKYO STOCK EXCHANGE,JPY
4323,"JAPAN SYSTEM TECHNIQUES CO.,LTD.",JP3712550007,,
4324,DENTSU GROUP,,TOKYO STOCK EXCHANGE,JPY
4324,DENTSU GROUP INC.,JP3551520004,,
4326,INTAGE HOLDINGS INC,,TOKYO STOCK EXCHANGE,JPY
4326,INTAGE HOLDINGS INC.,JP3152790006,,
4331,TAKE AND GIVE NEEDS LTD,,TOKYO STOCK EXCHANGE,JPY
4331,"TAKE AND GIVE. NEEDS CO.,LTD.",JP3539350003,,
4337,PIA CORP,,TOKYO STOCK EXCHANGE,JPY
4337,PIA CORPORATION,JP3801570007,,
4343,AEON FANTASY LTD,,TOKYO STOCK EXCHANGE,JPY
4343,"AEON FANTASY CO.,LTD.",JP3131420006,,
4344,SOURCENEXT CORP,,TOKYO STOCK EXCHANGE,JPY
4344,SOURCENEXT CORPORATION,JP3431200009,,
4345,CTS LTD,,TOKYO STOCK EXCHANGE,JPY
4345,"CTS CO.,LTD.",JP3346970001,,
435,435,HK0435036626,,HKD
4350,MEDICAL SYSTEM NETWORK LTD,,TOKYO STOCK EXCHANGE,JPY
4350,"MEDICAL SYSTEM NETWORK CO.,LTD.",JP3920940008,,
4362,NIPPON FINE CHEMICAL LTD,,TOKYO STOCK EXCHANGE,JPY
4362,"NIPPON FINE CHEMICAL CO.,LTD.",JP3720000003,,
4368,FUSO CHEMICAL LTD,,TOKYO STOCK EXCHANGE,JPY
4368,"FUSO CHEMICAL CO.,LTD.",JP3822600007,,
4369,TRI CHEMICAL LABORATORIES INC,,TOKYO STOCK EXCHANGE,JPY
4369,TRI CHEMICAL LABORATORIES INC.,JP3636000006,,
4373,SIMPLEX HOLDINGS INC,,TOKYO STOCK EXCHANGE,JPY
4373,"SIMPLEX HOLDINGS,INC.",JP3383270000,,
437730,SAMHYUN LTD,,KOREA EXCHANGE (KOSDAQ),JPY
4382,HEROZ INC,,TOKYO STOCK EXCHANGE,JPY
4382,"HEROZ,INC.",JP3783070000,,
4385,MERCARI,,TOKYO STOCK EXCHANGE,JPY
4385,"MERCARI,INC.",JP3921290007,,
4390,IPS INC,,TOKYO STOCK EXCHANGE,JPY
4390,"IPS,INC.",JP3104910009,,
439260,DAEHAN SHIPBUILDING LTD,,KOREA EXCHANGE (STOCK MARKET),JPY
4396,SYSTEM SUPPORT HOLDINGS INC,,TOKYO STOCK EXCHANGE,JPY
4396,SYSTEM SUPPORT HOLDINGS INC.,JP3350960005,,
4401,ADEKA,,TOKYO STOCK EXCHANGE,JPY
4401,ADEKA CORPORATION,JP3114800000,,
440110,FADU,,KOREA EXCHANGE (KOSDAQ),JPY
4403,NOF CORP,,TOKYO STOCK EXCHANGE,JPY
4403,NOF CORPORATION,JP3753400005,,
4410,HARIMA CHEM GRP INC,,TOKYO STOCK EXCHANGE,JPY
4410,"HARIMA CHEMICALS GROUP,INC.",JP3772600007,,
4413,BAUDROIE INC,,TOKYO STOCK EXCHANGE,JPY
4413,"BAUDROIE,INC.",JP3855450007,,
4419,FINATEXT HOLDINGS LTD,,,
441A,NE INC,,TOKYO STOCK EXCHANGE,JPY
441A,NE INC.,JP3164790002,,
4420,ESOL LTD,,TOKYO STOCK EXCHANGE,JPY
4420,"ESOL CO.,LTD.",JP3130650009,,
443060,HD HYUNDAI MARINE SOLUTION LTD,,KOREA EXCHANGE (STOCK MARKET),JPY
4431,SMAREGI INC,,,
4432,WINGARC1ST,,TOKYO STOCK EXCHANGE,JPY
4432,WINGARC1ST INC.,JP3154360006,,
4433,HITO-COMMUNICATIONS HOLDINGS INC,,TOKYO STOCK EXCHANGE,JPY
4433,"HITO-COMMUNICATIONS HOLDINGS,INC.",JP3791990009,,
4434,SERVERWORKS LTD,,TOKYO STOCK EXCHANGE,JPY
4434,"SERVERWORKS CO.,LTD.",JP3310250000,,
4443,SANSAN INC,,TOKYO STOCK EXCHANGE,JPY
4443,"SANSAN,INC.",JP3332540008,,
4452,KAO,,TOKYO STOCK EXCHANGE,JPY
4452,KAO CORPORATION,JP3205800000,,
445680,CURIOX BIOSYS LTD,,KOREA EXCHANGE (KOSDAQ),JPY
4461,DKS LTD,,TOKYO STOCK EXCHANGE,JPY
4461,DKS CO.LTD.,JP3475000000,,
4462,ISHIHARA CHEMICAL LTD,,TOKYO STOCK EXCHANGE,JPY
4462,"ISHIHARA CHEMICAL CO.,LTD.",JP3136900002,,
4471,SANYO CHEMICAL INDUSTRIES LTD,,TOKYO STOCK EXCHANGE,JPY
4471,"SANYO CHEMICAL INDUSTRIES,LTD.",JP3337600005,,
4477,BASE INC,,,
4478,FREEE KK,,,
4478,FREEE K.K.,JP3826520003,,
4480,MEDLEY INC,,TOKYO STOCK EXCHANGE,JPY
4480,"MEDLEY,INC.",JP3921310003,,
4481,BASE LTD,,TOKYO STOCK EXCHANGE,JPY
4481,"BASE CO.,LTD.",JP3835210000,,
4483,JMDC,,TOKYO STOCK EXCHANGE,JPY
4483,JMDC INC.,JP3386690006,,
450080,ECOPRO MATERIALS LTD,,KOREA EXCHANGE (STOCK MARKET),JPY
4502,TAKEDA PHARMACEUTICAL,,TOKYO STOCK EXCHANGE,JPY
4502,TAKEDA PHARMACEUTICAL COMPANY LIMITED,JP3463000004,,
4503,ASTELLAS PHARMA,,TOKYO STOCK EXCHANGE,JPY
4503,ASTELLAS PHARMA INC.,JP3942400007,,
4506,SUMITOMO PHARMA LTD,,TOKYO STOCK EXCHANGE,JPY
4506,"SUMITOMO PHARMA CO.,LTD.",JP3495000006,,
4507,SHIONOGI,,TOKYO STOCK EXCHANGE,JPY
4507,"SHIONOGI & CO.,LTD.",JP3347200002,,
4516,NIPPON SHINYAKU,,TOKYO STOCK EXCHANGE,JPY
4516,"NIPPON SHINYAKU CO.,LTD.",JP3717600005,,
451800,451800,KR7451800007,,KRW
4519,CHUGAI PHARMACEUTICAL LTD,,TOKYO STOCK EXCHANGE,JPY
4519,"CHUGAI PHARMACEUTICAL CO.,LTD.",JP3519400000,,
4521,KAKEN PHARMACEUTICAL,,TOKYO STOCK EXCHANGE,JPY
4521,"KAKEN PHARMACEUTICAL CO.,LTD.",JP3207000005,,
4523,EISAI,,TOKYO STOCK EXCHANGE,JPY
4523,"EISAI CO.,LTD.",JP3160400002,,
4526,RIKEN VITAMIN LTD,,TOKYO STOCK EXCHANGE,JPY
4526,"RIKEN VITAMIN CO.,LTD.",JP3972600005,,
4527,ROHTO PHARMACEUTICAL LTD,,TOKYO STOCK EXCHANGE,JPY
4527,"ROHTO PHARMACEUTICAL CO.,LTD.",JP3982400008,,
4528,ONO PHARMACEUTICAL,,TOKYO STOCK EXCHANGE,JPY
4528,"ONO PHARMACEUTICAL CO.,LTD.",JP3197600004,,
4534,MOCHIDA PHARMACEUTICAL,,TOKYO STOCK EXCHANGE,JPY
4534,"MOCHIDA PHARMACEUTICAL CO.,LTD.",JP3922800002,,
4536,SANTEN PHARMACEUTICAL,,TOKYO STOCK EXCHANGE,JPY
4536,"SANTEN PHARMACEUTICAL CO.,LTD.",JP3336000009,,
4538,FUSO PHARMACEUTICAL INDUSTRIES LTD,,TOKYO STOCK EXCHANGE,JPY
4538,"FUSO PHARMACEUTICAL INDUSTRIES,LTD.",JP3823600006,,
4540,TSUMURA,,TOKYO STOCK EXCHANGE,JPY
4540,TSUMURA & CO.,JP3535800001,,
4543,TERUMO,,TOKYO STOCK EXCHANGE,JPY
4543,TERUMO CORPORATION,JP3546800008,,
4544,HU GROUP HOLDINGS INC,,TOKYO STOCK EXCHANGE,JPY
4544,"H.U. GROUP HOLDINGS,INC.",JP3822000000,,
4547,KISSEI PHARMACEUTICAL LTD,,TOKYO STOCK EXCHANGE,JPY
4547,"KISSEI PHARMACEUTICAL CO.,LTD.",JP3240600001,,
4548,SEIKAGAKU CORP,,TOKYO STOCK EXCHANGE,JPY
4548,SEIKAGAKU CORPORATION,JP3414000004,,
4549,EIKEN CHEMICAL,,TOKYO STOCK EXCHANGE,JPY
4549,"EIKEN CHEMICAL CO.,LTD.",JP3160700005,,
454910,DOOSAN ROBOTICS INC,,KOREA EXCHANGE (STOCK MARKET),JPY
4552,JCR PHARMACEUTICALS,,TOKYO STOCK EXCHANGE,JPY
4552,"JCR PHARMACEUTICALS CO.,LTD.",JP3701000006,,
4553,TOWA PHARMACEUTICAL,,TOKYO STOCK EXCHANGE,JPY
4553,"TOWA PHARMACEUTICAL CO.,LTD.",JP3623150004,,
4554,FUJI PHARMA LTD,,TOKYO STOCK EXCHANGE,JPY
4554,"FUJI PHARMA CO.,LTD.",JP3816200004,,
4559,ZERIA PHARMACEUTICAL LTD,,TOKYO STOCK EXCHANGE,JPY
4559,"ZERIA PHARMACEUTICAL CO.,LTD.",JP3428850006,,
4565,NXERA PHARMA,,TOKYO STOCK EXCHANGE,JPY
4565,"NXERA PHARMA CO.,LTD.",JP3431300007,,
4568,DAIICHI SANKYO LTD,,TOKYO STOCK EXCHANGE,JPY
4568,"DAIICHI SANKYO COMPANY,LIMITED",JP3475350009,,
4569,KYORIN PHARMACEUTICAL LTD,,TOKYO STOCK EXCHANGE,JPY
4569,"KYORIN PHARMACEUTICAL CO.,LTD.",JP3247090008,,
457190,ISU SPECIALTY CHEMICAL LTD,,KOREA EXCHANGE (STOCK MARKET),JPY
4574,TAIKO PHARMACEUTICAL LTD,,TOKYO STOCK EXCHANGE,JPY
4574,"TAIKO PHARMACEUTICAL CO.,LTD.",JP3442200006,,
4577,DAITO PHARMACEUTICAL LTD,,TOKYO STOCK EXCHANGE,JPY
4577,"DAITO PHARMACEUTICAL CO.,LTD.",JP3486150000,,
4578,OTSUKA HOLDINGS,,TOKYO STOCK EXCHANGE,JPY
4578,"OTSUKA HOLDINGS CO.,LTD.",JP3188220002,,
4587,PEPTIDREAM,,TOKYO STOCK EXCHANGE,JPY
4587,PEPTIDREAM INC.,JP3836750004,,
4588,ONCOLYS BIOPHARMA INC,,,
4592,SANBIO CO LTD,,,
460,SIHUAN PHARMACEUTICAL HOLDINGS GRO,,HONG KONG EXCHANGES AND CLEARING LTD,JPY
4611,DAI NIPPON TORYO LTD,,TOKYO STOCK EXCHANGE,JPY
4611,"DAI NIPPON TORYO COMPANY,LIMITED",JP3495400008,,
4612,NIPPON PAINT HOLDINGS,,TOKYO STOCK EXCHANGE,JPY
4612,"NIPPON PAINT HOLDINGS CO.,LTD.",JP3749400002,,
4613,KANSAI PAINT,,TOKYO STOCK EXCHANGE,JPY
4613,"KANSAI PAINT CO.,LTD.",JP3229400001,,
4617,CHUGOKU MARINE PAINTS LTD,,TOKYO STOCK EXCHANGE,JPY
4617,"CHUGOKU MARINE PAINTS,LTD.",JP3522600000,,
4620,FUJIKURA KASEI LTD,,TOKYO STOCK EXCHANGE,JPY
4620,"FUJIKURA KASEI CO.,LTD.",JP3811200009,,
4626,TAIYO HOLDINGS LTD,,TOKYO STOCK EXCHANGE,JPY
4626,"TAIYO HOLDINGS CO.,LTD.",JP3449100001,,
4631,DIC,,TOKYO STOCK EXCHANGE,JPY
4631,DIC CORPORATION,JP3493400000,,
4633,SAKATA INX,,TOKYO STOCK EXCHANGE,JPY
4633,SAKATA INX CORPORATION,JP3314800008,,
4634,ARTIENCE LTD,,TOKYO STOCK EXCHANGE,JPY
4634,"ARTIENCE CO.,LTD.",JP3606600009,,
4641,ALTECH CORP,,TOKYO STOCK EXCHANGE,JPY
4641,ALTECH CORPORATION,JP3126350002,,
464A,QPS HOLDINGS INC,,,
4651,SANIX HOLDINGS INORATED INC,,TOKYO STOCK EXCHANGE,JPY
4651,SANIX HOLDINGS INCORPORATED,JP3322600002,,
4658,NIPPON AIR CONDITIONING SERVICES L,,TOKYO STOCK EXCHANGE,JPY
4658,"NIPPON AIR CONDITIONING SERVICES CO.,LTD",JP3699500009,,
465A,Global X Japan Nikkei225 Shareholder Return 40 ETF,,,
4661,ORIENTAL LAND,,TOKYO STOCK EXCHANGE,JPY
4661,"ORIENTAL LAND CO.,LTD.",JP3198900007,,
466100,CLOBOT LTD,,KOREA EXCHANGE (KOSDAQ),JPY
4662,FOCUS SYSTEMS CORP,,TOKYO STOCK EXCHANGE,JPY
4662,FOCUS SYSTEMS CORPORATION,JP3802740005,,
4665,DUSKIN LTD,,TOKYO STOCK EXCHANGE,JPY
4665,"DUSKIN CO.,LTD.",JP3505900005,,
4666,PARK24,,TOKYO STOCK EXCHANGE,JPY
4666,"PARK24 CO.,LTD.",JP3780100008,,
4668,MEIKO NETWORK JAPAN LTD,,TOKYO STOCK EXCHANGE,JPY
4668,"MEIKO NETWORK JAPAN CO.,LTD.",JP3916100005,,
466A,Global X Defense Tech ETF,,,
4671,FALCO HOLDINGS LTD,,TOKYO STOCK EXCHANGE,JPY
4671,"FALCO HOLDINGS CO.,LTD.",JP3802650006,,
4674,CRESCO,,TOKYO STOCK EXCHANGE,JPY
4674,CRESCO LTD.,JP3271100004,,
4676,FUJI MEDIA HOLDINGS INC,,TOKYO STOCK EXCHANGE,JPY
4676,"FUJI MEDIA HOLDINGS,INC.",JP3819400007,,
4680,ROUND ONE CORP,,TOKYO STOCK EXCHANGE,JPY
4680,ROUND ONE CORPORATION,JP3966800009,,
4681,RESORT TRUST,,TOKYO STOCK EXCHANGE,JPY
4681,"RESORTTRUST,INC.",JP3974450003,,
4684,OBIC LTD,,TOKYO STOCK EXCHANGE,JPY
4684,"OBIC CO.,LTD.",JP3173400007,,
4686,JUSTSYSTEMS CORP,,TOKYO STOCK EXCHANGE,JPY
4686,JUSTSYSTEMS CORPORATION,JP3388450003,,
4687,TDC SOFT INC,,TOKYO STOCK EXCHANGE,JPY
4687,TDC SOFT INC.,JP3539000004,,
4689,LY CORP,,TOKYO STOCK EXCHANGE,JPY
4689,LY CORPORATION,JP3933800009,,
4694,BML INC,,TOKYO STOCK EXCHANGE,JPY
4694,"BML,INC.",JP3799700004,,
4704,TREND MICRO,,TOKYO STOCK EXCHANGE,JPY
4704,TREND MICRO INCORPORATED,JP3637300009,,
4709,ID HOLDINGS CORP,,TOKYO STOCK EXCHANGE,JPY
4709,ID HOLDINGS CORPORATION,JP3153600006,,
4714,RISO KYOIKU GROUP CORP,,TOKYO STOCK EXCHANGE,JPY
4714,RISO KYOIKU GROUP CORPORATION,JP3974300000,,
4716,ORACLE JAPAN CORP,,TOKYO STOCK EXCHANGE,JPY
4716,ORACLE CORPORATION JAPAN,JP3689500001,,
4718,WASEDA ACADEMY LTD,,TOKYO STOCK EXCHANGE,JPY
4718,"WASEDA ACADEMY CO.,LTD.",JP3993750003,,
4719,ALPHA SYSTEMS INC,,TOKYO STOCK EXCHANGE,JPY
4719,ALPHA SYSTEMS INC.,JP3126330004,,
471A,NS GROUP INC,,TOKYO STOCK EXCHANGE,JPY
471A,"NS GROUP,INC.",JP3164810008,,
4722,FUTURE CORP,,TOKYO STOCK EXCHANGE,JPY
4722,FUTURE CORPORATION,JP3826200002,,
4725,CAC HOLDINGS CORP,,TOKYO STOCK EXCHANGE,JPY
4725,CAC HOLDINGS CORPORATION,JP3346300001,,
4732,USS,,TOKYO STOCK EXCHANGE,JPY
4732,"USS CO.,LTD.",JP3944130008,,
4733,OBIC BUSINESS CONSULTANTS LTD,,TOKYO STOCK EXCHANGE,JPY
4733,"OBIC BUSINESS CONSULTANTS CO.,LTD.",JP3173500004,,
4743,ITFOR INC,,TOKYO STOCK EXCHANGE,JPY
4743,ITFOR INC.,JP3530000003,,
4746,TOUKEI COMPUTER LTD,,TOKYO STOCK EXCHANGE,JPY
4746,"TOUKEI COMPUTER CO.,LTD.",JP3590850008,,
4749,ADVANCED ECHEM MATERIALS LTD,,GRETAI SECURITIES MARKET,JPY
4751,CYBER AGENT,,TOKYO STOCK EXCHANGE,JPY
4751,"CYBERAGENT,INC.",JP3311400000,,
475150,SK ETERNIX LTD,,KOREA EXCHANGE (STOCK MARKET),JPY
4755,RAKUTEN GROUP,,TOKYO STOCK EXCHANGE,JPY
4755,"RAKUTEN GROUP,INC.",JP3967200001,,
475830,ORUM THERAPEUTIC,,KOREA EXCHANGE (KOSDAQ),JPY
4763,CREEK & RIVER LTD,,TOKYO STOCK EXCHANGE,JPY
4763,"CREEK & RIVER CO.,LTD.",JP3269700005,,
4765,SBI GLOBAL ASSET MANAGEMENT LTD,,TOKYO STOCK EXCHANGE,JPY
4765,"SBI GLOBAL ASSET MANAGEMENT CO.,LTD.",JP3922100007,,
4766,NAN PAO RESINS CHEMICAL CO LTD,,TAIWAN STOCK EXCHANGE,JPY
4767,TOW LTD,,TOKYO STOCK EXCHANGE,JPY
4767,"TOW CO.,LTD.",JP3538450002,,
4768,OTSUKA CORP,,TOKYO STOCK EXCHANGE,JPY
4768,OTSUKA CORPORATION,JP3188200004,,
476830,RZNOMICS INC,,KOREA EXCHANGE (KOSDAQ),JPY
4770,ALLIED SUPREME CORP,,TAIWAN STOCK EXCHANGE,JPY
4772,TAIWAN SPECIALITY CHEMICALS CORP,,GRETAI SECURITIES MARKET,JPY
4776,CYBOZU INC,,TOKYO STOCK EXCHANGE,JPY
4776,"CYBOZU,INC.",JP3312100005,,
4784,GMO INTERNET INC,,TOKYO STOCK EXCHANGE,JPY
4784,"GMO INTERNET,INC.",JP3863050005,,
4792,YAMADA CONSULTING GROUP LTD,,TOKYO STOCK EXCHANGE,JPY
4792,"YAMADA CONSULTING GROUP CO.,LTD.",JP3588100002,,
4801,CENTRAL SPORTS LTD,,TOKYO STOCK EXCHANGE,JPY
4801,"CENTRAL SPORTS CO.,LTD.",JP3425600008,,
4809,PARACA INC,,TOKYO STOCK EXCHANGE,JPY
4809,PARACA INC.,JP3781700004,,
4812,DENTSU SOKEN INC,,TOKYO STOCK EXCHANGE,JPY
4812,DENTSU SOKEN INC.,JP3551530003,,
4816,TOEI ANIMATION LTD,,TOKYO STOCK EXCHANGE,JPY
4816,"TOEI ANIMATION CO.,LTD.",JP3560200002,,
4819,DIGITAL GARAGE,,TOKYO STOCK EXCHANGE,JPY
4819,"DIGITAL GARAGE,INC.",JP3549070005,,
4820,EM SYSTEMS LTD,,TOKYO STOCK EXCHANGE,JPY
4820,"EM SYSTEMS CO.,LTD.",JP3130200003,,
4825,WEATHERNEWS INC,,TOKYO STOCK EXCHANGE,JPY
4825,WEATHERNEWS INC.,JP3154500007,,
4826,COMPUTER INSTITUTE OF JAPAN LTD,,TOKYO STOCK EXCHANGE,JPY
4826,"COMPUTER INSTITUTE OF JAPAN,LTD.",JP3346170008,,
4828,BUSINESS ENGINEERING CORP,,TOKYO STOCK EXCHANGE,JPY
4828,BUSINESS ENGINEERING CORPORATION,JP3618800001,,
483650,DALBA GLOBAL LTD,,KOREA EXCHANGE (STOCK MARKET),JPY
4839,WOWOW INC,,TOKYO STOCK EXCHANGE,JPY
4839,WOWOW INC.,JP3990770004,,
4845,SCALA INC,,TOKYO STOCK EXCHANGE,JPY
4845,"SCALA,INC.",JP3548520000,,
4848,FULLCAST HOLDINGS LTD,,TOKYO STOCK EXCHANGE,JPY
4848,"FULLCAST HOLDINGS CO.,LTD.",JP3827800008,,
4849,EN INC,,TOKYO STOCK EXCHANGE,JPY
4849,EN INC.,JP3168700007,,
4880,CELLSOURCE LTD,,TOKYO STOCK EXCHANGE,JPY
4880,"CELLSOURCE CO.,LTD.",JP3423580004,,
4886,ASKA PHARMACEUTICAL HOLDINGS LTD,,TOKYO STOCK EXCHANGE,JPY
4886,"ASKA PHARMACEUTICAL HOLDINGS CO.,LTD.",JP3119660003,,
4887,SAWAI GROUP HOLDINGS,,TOKYO STOCK EXCHANGE,JPY
4887,"SAWAI GROUP HOLDINGS CO.,LTD.",JP3323040000,,
489790,HANWHA VISION,,KOREA EXCHANGE (STOCK MARKET),JPY
4901,FUJIFILM HOLDINGS,,TOKYO STOCK EXCHANGE,JPY
4901,FUJIFILM HOLDINGS CORPORATION,JP3814000000,,
4902,KONICA MINOLTA,,TOKYO STOCK EXCHANGE,JPY
4902,"KONICA MINOLTA,INC.",JP3300600008,,
4904,FAR EASTONE TELECOMMUNICATIONS LTD,,TAIWAN STOCK EXCHANGE,JPY
4904,4904,TW0004904008,,TWD
4911,SHISEIDO,,TOKYO STOCK EXCHANGE,JPY
4911,"SHISEIDO COMPANY,LIMITED",JP3351600006,,
4912,LION,,TOKYO STOCK EXCHANGE,JPY
4912,LION CORPORATION,JP3965400009,,
4914,TAKASAGO INTERNATIONAL CORP,,TOKYO STOCK EXCHANGE,JPY
4914,TAKASAGO INTERNATIONAL CORPORATION,JP3454400007,,
4915,PRIMAX ELECTRONICS,,TAIWAN STOCK EXCHANGE,JPY
4919,MILBON LTD,,TOKYO STOCK EXCHANGE,JPY
4919,"MILBON CO.,LTD.",JP3910650005,,
4922,KOSE HOLDINGS,,TOKYO STOCK EXCHANGE,JPY
4922,KOSE HOLDINGS CORPORATION,JP3283650004,,
4923,COTA LTD,,TOKYO STOCK EXCHANGE,JPY
4923,"COTA CO.,LTD.",JP3298900006,,
4927,POLA ORBIS HOLDINGS,,TOKYO STOCK EXCHANGE,JPY
4927,POLA ORBIS HOLDINGS INC.,JP3855900001,,
4928,NOEVIR HOLDINGS LTD,,TOKYO STOCK EXCHANGE,JPY
4928,"NOEVIR HOLDINGS CO.,LTD.",JP3760450001,,
4931,SHINNIHONSEIYAKU LTD,,TOKYO STOCK EXCHANGE,JPY
4931,"SHINNIHONSEIYAKU CO.,LTD.",JP3381200009,,
4933,I-NE LTD,,TOKYO STOCK EXCHANGE,JPY
4933,"I-NE CO.,LTD.",JP3100680002,,
4936,AXXZIA INC,,TOKYO STOCK EXCHANGE,JPY
4936,AXXZIA INC.,JP3108220009,,
4938,PEGATRON,,TAIWAN STOCK EXCHANGE,JPY
4938,4938,TW0004938006,,TWD
4951,ST CORP,,TOKYO STOCK EXCHANGE,JPY
4951,S.T.CORPORATION,JP3162800001,,
4956,KONISHI LTD,,TOKYO STOCK EXCHANGE,JPY
4956,"KONISHI CO.,LTD.",JP3300800004,,
4958,T HASEGAWA LTD,,TOKYO STOCK EXCHANGE,JPY
4958,"T.HASEGAWA CO.,LTD.",JP3768500005,,
4958,4958,KYG989221000,,TWD
4961,FITIPOWER INTEGRATED TECHNOLOGY IN,,TAIWAN STOCK EXCHANGE,JPY
4966,PARADE TECHNOLOGIES,,GRETAI SECURITIES MARKET,JPY
4967,KOBAYASHI PHARMACEUTICAL LTD,,TOKYO STOCK EXCHANGE,JPY
4967,"KOBAYASHI PHARMACEUTICAL CO.,LTD.",JP3301100008,,
4968,ARAKAWA CHEMICAL INDUSTRIES LTD,,TOKYO STOCK EXCHANGE,JPY
4968,"ARAKAWA CHEMICAL INDUSTRIES,LTD.",JP3125000004,,
4971,MEC LTD,,TOKYO STOCK EXCHANGE,JPY
4971,MEC COMPANY LTD.,JP3920890005,,
4973,JAPAN PURE CHEMICAL LTD,,TOKYO STOCK EXCHANGE,JPY
4973,"JAPAN PURE CHEMICAL CO.,LTD.",JP3706600008,,
4975,JCU CORP,,TOKYO STOCK EXCHANGE,JPY
4975,JCU CORPORATION,JP3166200000,,
4979,OAT AGRIO LTD,,TOKYO STOCK EXCHANGE,JPY
4979,"OAT AGRIO CO.,LTD.",JP3174220008,,
4980,DEXERIALS CORP,,TOKYO STOCK EXCHANGE,JPY
4980,DEXERIALS CORPORATION,JP3548770001,,
4985,EARTH CORP,,TOKYO STOCK EXCHANGE,JPY
4985,EARTH CORPORATION,JP3100190002,,
4992,HOKKO CHEMICAL INDUSTRY LTD,,TOKYO STOCK EXCHANGE,JPY
4992,"HOKKO CHEMICAL INDUSTRY CO.,LTD.",JP3851000004,,
4994,TAISEI LAMICK GROUP HEAD QUARTER &,,TOKYO STOCK EXCHANGE,JPY
4994,TAISEI LAMICK GROUP HEAD QUARTER & INNOV,JP3444900009,,
4996,KUMIAI CHEMICAL INDUSTRY LTD,,TOKYO STOCK EXCHANGE,JPY
4996,"KUMIAI CHEMICAL INDUSTRY CO.,LTD.",JP3267600009,,
4997,NIHON NOHYAKU LTD,,TOKYO STOCK EXCHANGE,JPY
4997,"NIHON NOHYAKU CO.,LTD.",JP3741800001,,
500048,BEML LTD,,BSE LTD,JPY
5009,GLORIA MATERIAL TECHNOLOGY CORP,,GRETAI SECURITIES MARKET,JPY
5011,NICHIREKI GROUP LTD,,TOKYO STOCK EXCHANGE,JPY
5011,"NICHIREKI GROUP CO.,LTD.",JP3665600007,,
5013,YUSHIRO INC,,TOKYO STOCK EXCHANGE,JPY
5013,YUSHIRO INC.,JP3948400001,,
5016,JX ADVANCED METALS CORP,,TOKYO STOCK EXCHANGE,JPY
5016,JX ADVANCED METALS CORPORATION,JP3379550001,,
5019,IDEMITSU KOSAN LTD,,TOKYO STOCK EXCHANGE,JPY
5019,"IDEMITSU KOSAN CO.,LTD.",JP3142500002,,
5020,ENEOS HOLDINGS,,TOKYO STOCK EXCHANGE,JPY
5020,"ENEOS HOLDINGS,INC.",JP3386450005,,
5021,COSMO ENERGY HOLDINGS,,TOKYO STOCK EXCHANGE,JPY
5021,"COSMO ENERGY HOLDINGS COMPANY,LIMITED",JP3298000005,,
5032,ANYCOLOR,,TOKYO STOCK EXCHANGE,JPY
5032,ANYCOLOR INC.,JP3164780003,,
5036,JAPAN BUSINESS SYSTEMS INC,,TOKYO STOCK EXCHANGE,JPY
5036,"JAPAN BUSINESS SYSTEMS,INC.",JP3746810005,,
506,CHINA FOODS LTD,,HONG KONG EXCHANGES AND CLEARING LTD,JPY
5074,TESS HOLDINGS LTD,,TOKYO STOCK EXCHANGE,JPY
5074,"TESS HOLDINGS CO.,LTD.",JP3545270005,,
5076,INFRONEER HOLDINGS,,TOKYO STOCK EXCHANGE,JPY
5076,INFRONEER HOLDINGS INC.,JP3153850007,,
5101,YOKOHAMA RUBBER,,TOKYO STOCK EXCHANGE,JPY
5101,"THE YOKOHAMA RUBBER COMPANY,LIMITED",JP3955800002,,
5105,TOYO TIRE,,TOKYO STOCK EXCHANGE,JPY
5105,TOYO TIRE CORPORATION,JP3610600003,,
5108,BRIDGESTONE,,TOKYO STOCK EXCHANGE,JPY
5108,BRIDGESTONE CORPORATION,JP3830800003,,
5110,SUMITOMO RUBBER INDUSTRIES,,TOKYO STOCK EXCHANGE,JPY
5110,"SUMITOMO RUBBER INDUSTRIES,LTD.",JP3404200002,,
512,GRAND PHARMACEUTICAL GROUP LTD,,HONG KONG EXCHANGES AND CLEARING LTD,JPY
5121,FUJIKURA COMPOSITES INC,,TOKYO STOCK EXCHANGE,JPY
5121,FUJIKURA COMPOSITES INC.,JP3811600000,,
5122,OKAMOTO INDUSTRIES INC,,TOKYO STOCK EXCHANGE,JPY
5122,"OKAMOTO INDUSTRIES,INC.",JP3192800005,,
512A,Global X Stablecoins & Tokenization ETF (ex-Japan),,,
513A,Global X Japan Defense Tech ETF,,,
5142,ACHILLES CORP,,TOKYO STOCK EXCHANGE,JPY
5142,ACHILLES CORPORATION,JP3108000005,,
517,COSCO SHIPPING INTERNATIONAL (HONG,,HONG KONG EXCHANGES AND CLEARING LTD,JPY
5185,FUKOKU LTD,,TOKYO STOCK EXCHANGE,JPY
5185,"FUKOKU CO.,LTD.",JP3807000009,,
5186,NITTA CORP,,TOKYO STOCK EXCHANGE,JPY
5186,NITTA CORPORATION,JP3679850002,,
5192,MITSUBOSHI BELTING LTD,,TOKYO STOCK EXCHANGE,JPY
5192,MITSUBOSHI BELTING LTD.,JP3904000001,,
5195,BANDO CHEMICAL INDUSTRIES LTD,,TOKYO STOCK EXCHANGE,JPY
5195,"BANDO CHEMICAL INDUSTRIES,LTD.",JP3779000003,,
5201,AGC,,TOKYO STOCK EXCHANGE,JPY
5201,AGC INC.,JP3112000009,,
5202,NIPPON SHEET GLASS LTD,,TOKYO STOCK EXCHANGE,JPY
5202,"NIPPON SHEET GLASS COMPANY,LIMITED",JP3686800008,,
5208,ARISAWA MFG LTD,,TOKYO STOCK EXCHANGE,JPY
5208,"ARISAWA MFG.CO.,LTD.",JP3126000003,,
5214,NIPPON ELECTRIC GLASS,,TOKYO STOCK EXCHANGE,JPY
5214,"NIPPON ELECTRIC GLASS CO.,LTD.",JP3733400000,,
5218,OHARA INC,,TOKYO STOCK EXCHANGE,JPY
5218,OHARA INC.,JP3197630001,,
5232,SUMITOMO OSAKA CEMENT LTD,,TOKYO STOCK EXCHANGE,JPY
5232,"SUMITOMO OSAKA CEMENT CO.,LTD.",JP3400900001,,
5233,TAIHEIYO CEMENT,,TOKYO STOCK EXCHANGE,JPY
5233,TAIHEIYO CEMENT CORPORATION,JP3449020001,,
5234,DAXIN MATERIALS CORP,,TAIWAN STOCK EXCHANGE,JPY
5253,COVER CORP,,,
5262,NIPPON HUME CORP,,TOKYO STOCK EXCHANGE,JPY
5262,NIPPON HUME CORPORATION,JP3745800007,,
5269,NIPPON CONCRETE INDUSTRIES LTD,,TOKYO STOCK EXCHANGE,JPY
5269,"NIPPON CONCRETE INDUSTRIES CO.,LTD.",JP3708400001,,
5273,MITANI SEKISAN LTD,,TOKYO STOCK EXCHANGE,JPY
5273,"MITANI SEKISAN CO.,LTD.",JP3887600009,,
5274,ASPEED TECHNOLOGY,,GRETAI SECURITIES MARKET,JPY
5274,5274,TW0005274005,,TWD
5288,ASIA PILE HOLDINGS CORP,,TOKYO STOCK EXCHANGE,JPY
5288,ASIA PILE HOLDINGS CORPORATION,JP3389640008,,
5289,INNODISK CORP,,GRETAI SECURITIES MARKET,JPY
5301,TOKAI CARBON LTD,,TOKYO STOCK EXCHANGE,JPY
5301,"TOKAI CARBON CO.,LTD.",JP3560800009,,
5302,NIPPON CARBON LTD,,TOKYO STOCK EXCHANGE,JPY
5302,"NIPPON CARBON CO.,LTD.",JP3690400001,,
5310,TOYO TANSO LTD,,TOKYO STOCK EXCHANGE,JPY
5310,"TOYO TANSO CO.,LTD.",JP3616000000,,
5314,MYSON CENTURY INC,,GRETAI SECURITIES MARKET,JPY
532425,GENUS PRIME INFRA LTD,,BSE LTD,JPY
532483,CANARA BANK LTD,,BSE LTD,JPY
532527,RAMKRISHNA FORGINGS LTD,,BSE LTD,JPY
532808,PEARL GLOBAL INDUSTRIES LTD,,BSE LTD,JPY
5331,NORITAKE LTD,,TOKYO STOCK EXCHANGE,JPY
5331,"NORITAKE CO.,LIMITED",JP3763000001,,
5332,TOTO LTD,,TOKYO STOCK EXCHANGE,JPY
5332,TOTO LTD.,JP3596200000,,
5333,NGK,,TOKYO STOCK EXCHANGE,JPY
5333,"NGK INSULATORS,LTD.",JP3695200000,,
5334,NITERRA,,TOKYO STOCK EXCHANGE,JPY
5334,"NITERRA CO.,LTD.",JP3738600000,,
533581,PG ELECTROPLAST LTD,,BSE LTD,JPY
534091,MULTI COMMODITY EXCHANGE OF INDIA,,BSE LTD,JPY
5344,MARUWA (OWARIASAHI) LTD,,TOKYO STOCK EXCHANGE,JPY
5344,"MARUWA CO.,LTD.",JP3879250003,,
5347,VANGUARD INTERNATIONAL SEMICONDUCT,,GRETAI SECURITIES MARKET,JPY
5347,5347,TW0005347009,,TWD
5351,SHINAGAWA REFRA LTD,,TOKYO STOCK EXCHANGE,JPY
5351,"SHINAGAWA REFRA CO.,LTD.",JP3353200003,,
5357,YOTAI REFRACTORIES LTD,,TOKYO STOCK EXCHANGE,JPY
5357,"YOTAI REFRACTORIES CO.,LTD.",JP3953600008,,
5371,CORETRONIC,,GRETAI SECURITIES MARKET,JPY
5384,FUJIMI,,TOKYO STOCK EXCHANGE,JPY
5384,FUJIMI INCORPORATED,JP3820900003,,
5388,SERCOMM CORP,,TAIWAN STOCK EXCHANGE,JPY
5393,NICHIAS CORP,,TOKYO STOCK EXCHANGE,JPY
5393,NICHIAS CORPORATION,JP3660400007,,
5401,NIPPON STEEL,,TOKYO STOCK EXCHANGE,JPY
5401,NIPPON STEEL CORPORATION,JP3381000003,,
5406,KOBE STEEL,,TOKYO STOCK EXCHANGE,JPY
5406,"KOBE STEEL,LTD.",JP3289800009,,
5408,NAKAYAMA STEEL WORKS LTD,,TOKYO STOCK EXCHANGE,JPY
5408,"NAKAYAMA STEEL WORKS,LTD.",JP3646400006,,
5410,GODO STEEL LTD,,TOKYO STOCK EXCHANGE,JPY
5410,"GODO STEEL,LTD.",JP3307800007,,
5411,JFE HOLDINGS,,TOKYO STOCK EXCHANGE,JPY
5411,"JFE HOLDINGS,INC.",JP3386030005,,
5423,TOKYO STEEL MANUFACTURING LTD,,TOKYO STOCK EXCHANGE,JPY
5423,"TOKYO STEEL MANUFACTURING CO.,LTD.",JP3579800008,,
542323,KPI GREEN ENERGY LTD,,BSE LTD,JPY
5434,TOPCO SCIENTIFIC LTD,,TAIWAN STOCK EXCHANGE,JPY
5439,FIRST HI-TEC ENTERPRISE LTD,,GRETAI SECURITIES MARKET,JPY
543A,ARCHION CORP,,TOKYO STOCK EXCHANGE,JPY
543A,ARCHION CORPORATION,JP3100020001,,
5440,KYOEI STEEL LTD,,TOKYO STOCK EXCHANGE,JPY
5440,KYOEI STEEL LTD.,JP3247400009,,
5444,YAMATO KOGYO,,TOKYO STOCK EXCHANGE,JPY
5444,"YAMATO KOGYO CO.,LTD.",JP3940400009,,
544467,NATIONAL SECURITIES DEPOSITORY LTD,,BSE LTD,JPY
5445,TOKYO TEKKO LTD,,TOKYO STOCK EXCHANGE,JPY
5445,"TOKYO TEKKO CO.,LTD.",JP3584600005,,
5449,OSAKA STEEL LTD,,TOKYO STOCK EXCHANGE,JPY
5449,"OSAKA STEEL CO.,LTD.",JP3184600009,,
544A,GMS GROUP LTD,,TOKYO STOCK EXCHANGE,JPY
544A,"GMS GROUP CO.,LTD.",JP3387040003,,
5451,YODOKO LTD,,TOKYO STOCK EXCHANGE,JPY
5451,"YODOKO,LTD.",JP3959400007,,
545A,TORANVIA LTD,,TOKYO STOCK EXCHANGE,JPY
545A,"TORANVIA CO.,LTD.",JP3635630001,,
546,FUFENG GROUP LTD,,HONG KONG EXCHANGES AND CLEARING LTD,JPY
5461,CHUBU STEEL PLATE,,TOKYO STOCK EXCHANGE,JPY
5461,"CHUBU STEEL PLATE CO.,LTD.",JP3524600008,,
5463,MARUICHI STEEL TUBE LTD,,TOKYO STOCK EXCHANGE,JPY
5463,MARUICHI STEEL TUBE LTD.,JP3871200006,,
5464,MORY INDUSTRIES INC,,TOKYO STOCK EXCHANGE,JPY
5464,MORY INDUSTRIES INC.,JP3924000007,,
5469,HANNSTAR BOARD CORP,,TAIWAN STOCK EXCHANGE,JPY
546A,MIRAINI HOLDINGS LTD,,TOKYO STOCK EXCHANGE,JPY
546A,"MIRAINI HOLDINGS CO.,LTD.",JP3910590003,,
5471,DAIDO STEEL,,TOKYO STOCK EXCHANGE,JPY
5471,"DAIDO STEEL CO.,LTD.",JP3491000000,,
547A,MUNINOVA HOLDINGS INC,,TOKYO STOCK EXCHANGE,JPY
547A,MUNINOVA HOLDINGS INC.,JP3914100007,,
5480,NIPPON YAKIN KOGYO LTD,,TOKYO STOCK EXCHANGE,JPY
5480,"NIPPON YAKIN KOGYO CO.,LTD.",JP3752600001,,
5482,AICHI STEEL CORP,,TOKYO STOCK EXCHANGE,JPY
5482,AICHI STEEL CORPORATION,JP3103600007,,
5483,SINO-AMERICAN SILICON PRODUCTS,,GRETAI SECURITIES MARKET,JPY
552,CHINA COMMUNICATIONS SERVICES CORP,,HONG KONG EXCHANGES AND CLEARING LTD,JPY
5522,FARGLORY LAND DEVELOPMENT LTD,,TAIWAN STOCK EXCHANGE,JPY
5534,CHONG HONG CONSTRUCTION LTD,,TAIWAN STOCK EXCHANGE,JPY
5536,ACTER CORP LTD,,GRETAI SECURITIES MARKET,JPY
5541,PACIFIC METALS LTD,,TOKYO STOCK EXCHANGE,JPY
5541,"PACIFIC METALS CO.,LTD.",JP3448000004,,
5563,NIPPON DENKO LTD,,TOKYO STOCK EXCHANGE,JPY
5563,"NIPPON DENKO CO.,LTD.",JP3734600004,,
5602,KURIMOTO LTD,,TOKYO STOCK EXCHANGE,JPY
5602,"KURIMOTO,LTD.",JP3270800000,,
5631,JAPAN STEEL WORKS LTD,,TOKYO STOCK EXCHANGE,JPY
5631,"THE JAPAN STEEL WORKS,LTD.",JP3721400004,,
5632,MITSUBISHI STEEL MFG,,TOKYO STOCK EXCHANGE,JPY
5632,"MITSUBISHI STEEL MFG.CO.,LTD.",JP3900800008,,
564A,Global X S&P Developed Cash Flow Top 100 ETF,,,
5659,NIPPON SEISEN LTD,,TOKYO STOCK EXCHANGE,JPY
5659,"NIPPON SEISEN CO.,LTD.",JP3721800005,,
5698,ENVIPRO HOLDINGS INC,,TOKYO STOCK EXCHANGE,JPY
5698,ENVIPRO HOLDINGS INC.,JP3169750001,,
570,CHINA TRADITIONAL CHI MEDICINE CO,,HONG KONG EXCHANGES AND CLEARING LTD,JPY
5702,DAIKI ALUMINIUM INDUSTRY LTD,,TOKYO STOCK EXCHANGE,JPY
5702,"DAIKI ALUMINIUM INDUSTRY CO.,LTD.",JP3480600000,,
5703,NIPPON LIGHT METAL HOLDINGS LTD,,TOKYO STOCK EXCHANGE,JPY
5703,"NIPPON LIGHT METAL HOLDINGS COMPANY,LTD.",JP3700200003,,
5706,MITSUI KINZOKU LIMITED LTD,,TOKYO STOCK EXCHANGE,JPY
5706,"MITSUI KINZOKU COMPANY,LIMITED",JP3888400003,,
5707,TOHO ZINC,,TOKYO STOCK EXCHANGE,JPY
5707,"TOHO ZINC CO.,LTD.",JP3599000001,,
5711,MITSUBISHI MATERIALS,,TOKYO STOCK EXCHANGE,JPY
5711,MITSUBISHI MATERIALS CORPORATION,JP3903000002,,
5713,SUMITOMO METAL MINING,,TOKYO STOCK EXCHANGE,JPY
5713,"SUMITOMO METAL MINING CO.,LTD.",JP3402600005,,
5714,DOWA HOLDINGS LTD,,TOKYO STOCK EXCHANGE,JPY
5714,"DOWA HOLDINGS CO.,LTD.",JP3638600001,,
5715,FURUKAWA LTD,,TOKYO STOCK EXCHANGE,JPY
5715,"FURUKAWA CO.,LTD.",JP3826800009,,
5726,OSAKA TITANIUM TECHNOLOGIES LTD,,TOKYO STOCK EXCHANGE,JPY
5726,"OSAKA TITANIUM TECHNOLOGIES CO.,LTD.",JP3407200009,,
5741,UACJ,,TOKYO STOCK EXCHANGE,JPY
5741,UACJ CORPORATION,JP3826900007,,
5757,CK SAN-ETSU LTD,,TOKYO STOCK EXCHANGE,JPY
5757,"CK SAN-ETSU CO.,LTD.",JP3325100000,,
575A,MAEZAWA HOLDINGS LTD,,TOKYO STOCK EXCHANGE,JPY
575A,"MAEZAWA HOLDINGS CO.,LTD.",JP3860410004,,
579A,Global X Silver Miners ETF,,,
5801,FURUKAWA ELECTRIC LTD,,TOKYO STOCK EXCHANGE,JPY
5801,"FURUKAWA ELECTRIC CO.,LTD.",JP3827200001,,
5802,SUMITOMO ELECTRIC INDUSTRIES,,TOKYO STOCK EXCHANGE,JPY
5802,"SUMITOMO ELECTRIC INDUSTRIES,LTD.",JP3407400005,,
5803,FUJIKURA,,TOKYO STOCK EXCHANGE,JPY
5803,FUJIKURA LTD.,JP3811000003,,
5805,SWCC CORP,,TOKYO STOCK EXCHANGE,JPY
5805,SWCC CORPORATION,JP3368400002,,
580A,Global X Copper Miners ETF,,,
5821,HIRAKAWA HEWTECH CORP,,TOKYO STOCK EXCHANGE,JPY
5821,HIRAKAWA HEWTECH CORP.,JP3795080005,,
5830,IYOGIN HOLDINGS INC,,TOKYO STOCK EXCHANGE,JPY
5830,"IYOGIN HOLDINGS,INC.",JP3149700001,,
5831,SHIZUOKA FINANCIAL GROUP INC,,TOKYO STOCK EXCHANGE,JPY
5831,"SHIZUOKA FINANCIAL GROUP,INC.",JP3351500008,,
5832,CHUGIN FINANCIAL GROUP INC,,TOKYO STOCK EXCHANGE,JPY
5832,"CHUGIN FINANCIAL GROUP,INC.",JP3520700000,,
5838,RAKUTEN BANK LTD,,TOKYO STOCK EXCHANGE,JPY
5838,"RAKUTEN BANK,LTD.",JP3967220009,,
5844,KYOTO FINANCIAL GROUP,,TOKYO STOCK EXCHANGE,JPY
5844,"KYOTO FINANCIAL GROUP,INC.",JP3252200005,,
5851,RYOBI LTD,,TOKYO STOCK EXCHANGE,JPY
5851,RYOBI LIMITED,JP3975800008,,
5857,ARE HOLDINGS,,TOKYO STOCK EXCHANGE,JPY
5857,"ARE HOLDINGS,INC.",JP3116700000,,
586,CHINA CONCH VENTURE HOLDINGS LTD,,HONG KONG EXCHANGES AND CLEARING LTD,JPY
587,HUA HAN HEALTH INDUSTRY HOLDINGS L,,HONG KONG EXCHANGES AND CLEARING LTD,JPY
5871,CHAILEASE HOLDING LTD,,TAIWAN STOCK EXCHANGE,JPY
5871,5871,KYG202881093,,TWD
5876,SHANGHAI COMMERCIAL,,TAIWAN STOCK EXCHANGE,JPY
5876,5876,TW0005876007,,TWD
5880,TAIWAN COOPERATIVE FINANCIAL HOLDI,,TAIWAN STOCK EXCHANGE,JPY
5880,5880,TW0005880009,,TWD
5889,JAPAN EYEWEAR HOLDINGS LTD,,TOKYO STOCK EXCHANGE,JPY
5889,"JAPAN EYEWEAR HOLDINGS CO.,LTD.",JP3389460001,,
5901,TOYO SEIKAN GROUP HOLDINGS,,TOKYO STOCK EXCHANGE,JPY
5901,"TOYO SEIKAN GROUP HOLDINGS,LTD.",JP3613400005,,
5902,HOKKAN HOLDINGS LTD,,TOKYO STOCK EXCHANGE,JPY
5902,HOKKAN HOLDINGS LIMITED,JP3846600009,,
5904,POYA LTD,,GRETAI SECURITIES MARKET,JPY
5909,CORONA CORP,,TOKYO STOCK EXCHANGE,JPY
5909,CORONA CORPORATION,JP3305950002,,
590A,GIFTEE GROUP INC,,TOKYO STOCK EXCHANGE,JPY
590A,"GIFTEE GROUP,INC.",JP3264880000,,
5911,YOKOGAWA BRIDGE HOLDINGS CORP,,TOKYO STOCK EXCHANGE,JPY
5911,YOKOGAWA BRIDGE HOLDINGS CORP.,JP3955200005,,
5929,SANWA HOLDINGS,,TOKYO STOCK EXCHANGE,JPY
5929,SANWA HOLDINGS CORPORATION,JP3344400001,,
5930,BUNKA SHUTTER LTD,,TOKYO STOCK EXCHANGE,JPY
5930,"BUNKA SHUTTER CO.,LTD.",JP3831600006,,
5932,SANKYO TATEYAMA INC,,TOKYO STOCK EXCHANGE,JPY
5932,"SANKYO TATEYAMA,INC.",JP3326800004,,
5933,ALINCO INC,,TOKYO STOCK EXCHANGE,JPY
5933,ALINCO INCORPORATED,JP3126100001,,
5938,LIXIL,,TOKYO STOCK EXCHANGE,JPY
5938,LIXIL CORPORATION,JP3626800001,,
5943,NORITZ CORP,,TOKYO STOCK EXCHANGE,JPY
5943,NORITZ CORPORATION,JP3759400009,,
5946,CHOFU SEISAKUSHO LTD,,TOKYO STOCK EXCHANGE,JPY
5946,"CHOFU SEISAKUSHO CO.,LTD.",JP3527800001,,
5947,RINNAI CORP,,TOKYO STOCK EXCHANGE,JPY
5947,RINNAI CORPORATION,JP3977400005,,
5949,UNIPRES CORP,,TOKYO STOCK EXCHANGE,JPY
5949,UNIPRES CORPORATION,JP3952550006,,
5957,NITTO SEIKO LTD,,TOKYO STOCK EXCHANGE,JPY
5957,"NITTOSEIKO CO.,LTD.",JP3682800002,,
5959,OKABE LTD,,TOKYO STOCK EXCHANGE,JPY
5959,"OKABE CO.,LTD.",JP3192000002,,
5970,G-TEKT CORP,,TOKYO STOCK EXCHANGE,JPY
5970,G-TEKT CORPORATION,JP3236750000,,
5975,TOPRE CORP,,TOKYO STOCK EXCHANGE,JPY
5975,TOPRE CORPORATION,JP3598200008,,
5976,NETUREN LTD,,TOKYO STOCK EXCHANGE,JPY
5976,"NETUREN CO.,LTD.",JP3288200003,,
5981,TOKYO ROPE MFG LTD,,TOKYO STOCK EXCHANGE,JPY
5981,"TOKYO ROPE MFG.CO.,LTD",JP3579400007,,
5985,SUNCALL CORP,,TOKYO STOCK EXCHANGE,JPY
5985,SUNCALL CORPORATION,JP3330600002,,
5988,PIOLAX INC,,TOKYO STOCK EXCHANGE,JPY
5988,"PIOLAX,INC.",JP3780400002,,
5989,H-ONE LTD,,TOKYO STOCK EXCHANGE,JPY
5989,"H-ONE CO.,LTD.",JP3795200009,,
5991,NHK SPRING,,TOKYO STOCK EXCHANGE,JPY
5991,"NHK SPRING CO.,LTD.",JP3742600004,,
5992,CHUO SPRING LTD,,TOKYO STOCK EXCHANGE,JPY
5992,"CHUO SPRING CO.,LTD.",JP3517800003,,
6,POWER ASSETS HOLDINGS,,HONG KONG EXCHANGES AND CLEARING LTD,JPY
6,6,HK0006000050,,HKD
600000,SHANGHAI PUDONG DEVELOPMENT BANK A,,SHANGHAI STOCK EXCHANGE,JPY
600009,SHANGHAI INTERNATIONAL AIRPORT LTD,,SHANGHAI STOCK EXCHANGE,JPY
600010,INNER MONGOLIA BAOTOU STEEL UNION,,SHANGHAI STOCK EXCHANGE,JPY
600011,HUANENG POWER INTERNATIONAL INC A,,SHANGHAI STOCK EXCHANGE,JPY
600015,HUA XIA BANK LTD A,,SHANGHAI STOCK EXCHANGE,JPY
600016,CHINA MINSHENG BANKING CORP LTD A,,SHANGHAI STOCK EXCHANGE,JPY
600019,BAOSHAN IRON & STEEL LTD A,,SHANGHAI STOCK EXCHANGE,JPY
600021,SHANGHAI ELECTRIC POWER LTD A,,SHANGHAI STOCK EXCHANGE,JPY
600023,ZHEJIANG ZHENENG ELECTRIC POWER LT,,SHANGHAI STOCK EXCHANGE,JPY
600026,COSCO SHIPPING ENERGY TRANSPORTATI,,SHANGHAI STOCK EXCHANGE,JPY
600027,HUADIAN POWER INTERNATIONAL CORP L,,SHANGHAI STOCK EXCHANGE,JPY
600028,CHINA PETROLEUM & CHEMICAL A,,SHANGHAI STOCK EXCHANGE,JPY
600029,CHINA SOUTHERN AIRLINES LTD A,,SHANGHAI STOCK EXCHANGE,JPY
600030,CITIC SECURITIES A,,SHANGHAI STOCK EXCHANGE,JPY
600031,SANY HEAVY INDUSTRY LTD A,,SHANGHAI STOCK EXCHANGE,JPY
600036,CHINA MERCHANTS BANK LTD A,,SHANGHAI STOCK EXCHANGE,JPY
600039,SICHUAN ROAD & BRIDGE LTD A,,SHANGHAI STOCK EXCHANGE,JPY
600048,POLY DEVELOPMENTS AND HOLDINGS GRO,,SHANGHAI STOCK EXCHANGE,JPY
600050,CHINA UNITED NETWORK COMMUNICATION,,SHANGHAI STOCK EXCHANGE,JPY
600061,SDIC CAPITAL LTD A,,SHANGHAI STOCK EXCHANGE,JPY
600066,YUTONG BUS LTD A,,SHANGHAI STOCK EXCHANGE,JPY
600085,BEIJING TONGRENTANG LTD A,,SHANGHAI STOCK EXCHANGE,JPY
600089,TBEA LTD A,,SHANGHAI STOCK EXCHANGE,JPY
600096,YUNNAN YUNTIANHUA LTD A,,SHANGHAI STOCK EXCHANGE,JPY
600104,SAIC MOTOR CORP LTD A,,SHANGHAI STOCK EXCHANGE,JPY
600105,JIANG SU ETERN LTD A,,SHANGHAI STOCK EXCHANGE,JPY
600111,CHINA NORTHERN RARE EARTH (GROUP),,SHANGHAI STOCK EXCHANGE,JPY
600115,CHINA EASTERN AIRLINES CORP LTD A,,SHANGHAI STOCK EXCHANGE,JPY
600143,KINGFA SCI&TECH LTD A,,SHANGHAI STOCK EXCHANGE,JPY
600150,CHINA CSSC HOLDINGS LTD A,,SHANGHAI STOCK EXCHANGE,JPY
600157,WINTIME ENERGY GROUP LTD A,,SHANGHAI STOCK EXCHANGE,JPY
600160,ZHEJIANG JU HUA LTD A,,SHANGHAI STOCK EXCHANGE,JPY
600176,CHINA JUSHI LTD A,,SHANGHAI STOCK EXCHANGE,JPY
600183,SHENGYI TECHNOLOGY LTD A,,SHANGHAI STOCK EXCHANGE,JPY
600188,YANKUANG ENERGY GROUP A,,SHANGHAI STOCK EXCHANGE,JPY
600196,SHANGHAI FOSUN PHARMACEUTICAL (GRO,,SHANGHAI STOCK EXCHANGE,JPY
600219,SHANDONG NANSHAN ALUMINIUM LTD A,,SHANGHAI STOCK EXCHANGE,JPY
600221,HAINAN AIRLINES HOLDING LTD A,,SHANGHAI STOCK EXCHANGE,JPY
600233,YTO EXPRESS GROUP LTD A,,SHANGHAI STOCK EXCHANGE,JPY
600276,JIANGSU HENGRUI MEDICINE LTD A,,SHANGHAI STOCK EXCHANGE,JPY
600298,ANGEL YEAST LTD A,,SHANGHAI STOCK EXCHANGE,JPY
600309,WANHUA CHEMICAL GROUP LTD A,,SHANGHAI STOCK EXCHANGE,JPY
600346,HENGLI PETROCHEMICAL LTD A,,SHANGHAI STOCK EXCHANGE,JPY
600352,ZHEJIANG LONGSHENG GROUP LTD A,,SHANGHAI STOCK EXCHANGE,JPY
600362,JIANGXI COPPER LTD A,,SHANGHAI STOCK EXCHANGE,JPY
6004,CATRION CATERING HOLDING CO,,SAUDI STOCK EXCHANGE,JPY
600406,NARI TECHNOLOGY LTD A,,SHANGHAI STOCK EXCHANGE,JPY
600415,ZHEJIANG CHINA COMMODITIES CITY GR,,SHANGHAI STOCK EXCHANGE,JPY
600418,ANHUI JIANGHUAI AUTOMOBILE CORP LT,,SHANGHAI STOCK EXCHANGE,JPY
600426,SHANDONG HUALU-HENGSHENG CHEMICAL,,SHANGHAI STOCK EXCHANGE,JPY
600436,ZHANGZHOU PIENTZEHUANG PHARMACEUTI,,SHANGHAI STOCK EXCHANGE,JPY
600438,TONGWEI LTD A,,SHANGHAI STOCK EXCHANGE,JPY
600460,HANGZHOU SILAN MICROELECTRONICS LT,,SHANGHAI STOCK EXCHANGE,JPY
600487,HENGTONG OPTIC ELECTRIC LTD A,,SHANGHAI STOCK EXCHANGE,JPY
600489,ZHONGJIN GOLD CORP LTD A,,SHANGHAI STOCK EXCHANGE,JPY
600498,FIBERHOME TELECOMMUNICATION TECHNO,,SHANGHAI STOCK EXCHANGE,JPY
6005,MIURA,,TOKYO STOCK EXCHANGE,JPY
6005,"MIURA CO.,LTD.",JP3880800002,,
600515,HAINAN AIRPORT INFRASTRUCTURE LTD,,SHANGHAI STOCK EXCHANGE,JPY
600519,KWEICHOW MOUTAI A,,SHANGHAI STOCK EXCHANGE,JPY
600522,JIANGSU ZHONGTIAN TECHNOLOGY LTD A,,SHANGHAI STOCK EXCHANGE,JPY
600536,CHINA NATIONAL SOFTWARE & SERVICE,,SHANGHAI STOCK EXCHANGE,JPY
600547,SHANDONG GOLD-MINING LTD A,,SHANGHAI STOCK EXCHANGE,JPY
600549,XIAMEN TUNGSTEN LTD A,,SHANGHAI STOCK EXCHANGE,JPY
600570,HUNDSUN TECHNOLOGIES A,,SHANGHAI STOCK EXCHANGE,JPY
600580,WOLONG ELECTRIC DRIVE GROUP LTD A,,SHANGHAI STOCK EXCHANGE,JPY
600584,JCET GROUP LTD A,,SHANGHAI STOCK EXCHANGE,JPY
600585,ANHUI CONCH CEMENT A,,SHANGHAI STOCK EXCHANGE,JPY
600588,YONYOU NETWORK TECHNOLOGY LTD A,,SHANGHAI STOCK EXCHANGE,JPY
600600,TSINGTAO BREWERY LTD A,,SHANGHAI STOCK EXCHANGE,JPY
600601,FOUNDER TECHNOLOGY GROUP LTD A,,SHANGHAI STOCK EXCHANGE,JPY
600642,SHENERGY LTD A,,SHANGHAI STOCK EXCHANGE,JPY
600660,FUYAO GLASS INDUSTRY GROUP LTD A,,SHANGHAI STOCK EXCHANGE,JPY
600673,GUANGDONG HEC TECHNOLOGY HOLDING L,,SHANGHAI STOCK EXCHANGE,JPY
600674,SICHUAN CHUANTOU ENERGY LTD A,,SHANGHAI STOCK EXCHANGE,JPY
600690,HAIER SMART HOME LTD A,,SHANGHAI STOCK EXCHANGE,JPY
600703,SANAN OPTOELECTRONICS LTD A,,SHANGHAI STOCK EXCHANGE,JPY
600711,CHENGTUN MINING GROUP LTD A,,SHANGHAI STOCK EXCHANGE,JPY
600733,BAIC BLUEPARK NEW ENERGY TECHNOLOG,,SHANGHAI STOCK EXCHANGE,JPY
600741,HUAYU AUTOMOTIVE SYSTEMS LTD A,,SHANGHAI STOCK EXCHANGE,JPY
600795,GD POWER DEVELOPMENT LTD A,,SHANGHAI STOCK EXCHANGE,JPY
600803,ENN NATURAL GAS LTD A,,SHANGHAI STOCK EXCHANGE,JPY
600809,SHANXI XINGHUACUN FEN WINE FACTORY,,SHANGHAI STOCK EXCHANGE,JPY
600839,SICHUAN CHANGHONG ELECTRIC LTD A,,SHANGHAI STOCK EXCHANGE,JPY
600845,SHANGHAI BAOSIGHT SOFTWARE LTD A,,SHANGHAI STOCK EXCHANGE,JPY
600875,DONGFANG ELECTRIC CORP LTD A,,SHANGHAI STOCK EXCHANGE,JPY
600886,SDIC POWER HOLDINGS LTD A,,SHANGHAI STOCK EXCHANGE,JPY
600887,INNER MONGOLIA YILI INDUSTRIAL GRO,,SHANGHAI STOCK EXCHANGE,JPY
600893,AECC AVIATION POWER LTD A,,SHANGHAI STOCK EXCHANGE,JPY
600895,SHANGHAI ZHANGJIANG HI-TECH PARK D,,SHANGHAI STOCK EXCHANGE,JPY
600900,CHINA YANGTZE POWER LTD A,,SHANGHAI STOCK EXCHANGE,JPY
600905,CHINA THREE GORGES RENEWABLES(GROU,,SHANGHAI STOCK EXCHANGE,JPY
600918,ZHONGTAI SECURITIES LTD A,,SHANGHAI STOCK EXCHANGE,JPY
600919,BANK OF JIANGSU CORPORATION A,,SHANGHAI STOCK EXCHANGE,JPY
600926,BANK OF HANGZHOU A,,SHANGHAI STOCK EXCHANGE,JPY
600958,ORIENT SECURITIES A,,SHANGHAI STOCK EXCHANGE,JPY
600988,CHIFENG JILONG GOLD MINING GROUP L,,SHANGHAI STOCK EXCHANGE,JPY
600989,NINGXIA BAOFENG ENERGY GROUP LTD A,,SHANGHAI STOCK EXCHANGE,JPY
600999,CHINA MERCHANTS SECURITIES LTD A,,SHANGHAI STOCK EXCHANGE,JPY
6010,NATIONAL AGRICULTURE DEVELOPMENT,,SAUDI STOCK EXCHANGE,JPY
601006,DAQIN RAILWAY LTD A,,SHANGHAI STOCK EXCHANGE,JPY
601009,BANK OF NANJING LTD A,,SHANGHAI STOCK EXCHANGE,JPY
601012,LONGI GREEN ENERGY TECHNOLOGY A,,SHANGHAI STOCK EXCHANGE,JPY
601021,SPRING AIRLINES A,,SHANGHAI STOCK EXCHANGE,JPY
601058,SAILUN GROUP A,,SHANGHAI STOCK EXCHANGE,JPY
601066,CHINA SECURITIES LTD A,,SHANGHAI STOCK EXCHANGE,JPY
601077,CHONGQING RURAL COMMERCIAL BANK LT,,SHANGHAI STOCK EXCHANGE,JPY
601088,CHINA SHENHUA ENERGY LTD A,,SHANGHAI STOCK EXCHANGE,JPY
601100,JIANGSU HENGLI HYDRAULIC A,,SHANGHAI STOCK EXCHANGE,JPY
601108,CAITONG SECURITIES LTD A,,SHANGHAI STOCK EXCHANGE,JPY
601111,AIR CHINA A,,SHANGHAI STOCK EXCHANGE,JPY
601117,CHINA NATIONAL CHEMICAL ENGINEERIN,,SHANGHAI STOCK EXCHANGE,JPY
601127,SERES GROUP A,,SHANGHAI STOCK EXCHANGE,JPY
601138,FOXCONN INDUSTRIAL INTERNET LTD A,,SHANGHAI STOCK EXCHANGE,JPY
601162,TIANFENG SECURITIES LTD A,,SHANGHAI STOCK EXCHANGE,JPY
601166,INDUSTRIAL BANK LTD A,,SHANGHAI STOCK EXCHANGE,JPY
601168,WESTERN MINING LTD A,,SHANGHAI STOCK EXCHANGE,JPY
601169,BANK OF BEIJING LTD A,,SHANGHAI STOCK EXCHANGE,JPY
601179,CHINA XD ELECTRIC LTD A,,SHANGHAI STOCK EXCHANGE,JPY
601198,DONGXING SECURITIES CORP LTD A,,SHANGHAI STOCK EXCHANGE,JPY
601211,GUOTAI HAITONG SECURITIES LTD A,,SHANGHAI STOCK EXCHANGE,JPY
601212,BAIYIN NONFERROUS GROUP LTD A,,SHANGHAI STOCK EXCHANGE,JPY
601216,INNER MONGOLIA JUNZHENG ENERGY & C,,SHANGHAI STOCK EXCHANGE,JPY
601225,SHAANXI COAL INDUSTRY LTD A,,SHANGHAI STOCK EXCHANGE,JPY
601229,BANK OF SHANGHAI LTD A,,SHANGHAI STOCK EXCHANGE,JPY
601231,UNIVERSAL SCIENTIFIC INDUSTRIAL (S,,SHANGHAI STOCK EXCHANGE,JPY
601238,GUANGZHOU AUTOMOBILE GROUP LTD A,,SHANGHAI STOCK EXCHANGE,JPY
601288,AGRICULTURAL BANK OF CHINA LTD A,,SHANGHAI STOCK EXCHANGE,JPY
6013,TAKUMA LTD,,TOKYO STOCK EXCHANGE,JPY
6013,"TAKUMA CO.,LTD.",JP3462600002,,
601318,PING AN INSURANCE (GROUP) OF CHINA,,SHANGHAI STOCK EXCHANGE,JPY
601319,THE PEOPLES INSURANCE COMPANY (GRO,,SHANGHAI STOCK EXCHANGE,JPY
601328,BANK OF COMMUNICATIONS LTD A,,SHANGHAI STOCK EXCHANGE,JPY
601336,NEW CHINA LIFE INSURANCE LTD A,,SHANGHAI STOCK EXCHANGE,JPY
601360,360 SECURITY TECHNOLOGY INC A,,SHANGHAI STOCK EXCHANGE,JPY
601377,INDUSTRIAL SECURITIES LTD A,,SHANGHAI STOCK EXCHANGE,JPY
601390,CHINA RAILWAY GROUP LTD A,,SHANGHAI STOCK EXCHANGE,JPY
601398,INDUSTRIAL AND COMMERCIAL BANK OF,,SHANGHAI STOCK EXCHANGE,JPY
601456,GUOLIAN MINSHENG SECURITIES LTD A,,SHANGHAI STOCK EXCHANGE,JPY
601555,SOOCHOW SECURITIES CO LTD A,,SHANGHAI STOCK EXCHANGE,JPY
601567,NINGBO SANXING MEDICAL ELECTRIC A,,SHANGHAI STOCK EXCHANGE,JPY
601577,BANK OF CHANGSHA LTD A,,SHANGHAI STOCK EXCHANGE,JPY
6016,JAPAN ENGINE CORP,,,
601600,ALUMINUM CORPORATION OF CHINA LTD,,SHANGHAI STOCK EXCHANGE,JPY
601601,CHINA PACIFIC INSURANCE (GROUP) A,,SHANGHAI STOCK EXCHANGE,JPY
601607,SHANGHAI PHARMACEUTICALS HOLDING L,,SHANGHAI STOCK EXCHANGE,JPY
601618,METALLURGICAL CORP OF CHINA LTD A,,SHANGHAI STOCK EXCHANGE,JPY
601628,CHINA LIFE INSURANCE LTD A,,SHANGHAI STOCK EXCHANGE,JPY
601658,POSTAL SAVINGS BANK OF CHINA LTD A,,SHANGHAI STOCK EXCHANGE,JPY
601668,CHINA STATE CONSTRUCTION ENGINEERI,,SHANGHAI STOCK EXCHANGE,JPY
601669,POWER CONSTRUCTION CORPORATION OF,,SHANGHAI STOCK EXCHANGE,JPY
601688,HUATAI SECURITIES A,,SHANGHAI STOCK EXCHANGE,JPY
601689,NINGBO TUOPU GROUP CLS LTD A,,SHANGHAI STOCK EXCHANGE,JPY
601696,BOC INTERNATIONAL (CHINA) LTD A,,SHANGHAI STOCK EXCHANGE,JPY
601699,SHANXI LUAN ENVIRONMENTAL ENERGY D,,SHANGHAI STOCK EXCHANGE,JPY
6017,JAHEZ INTERNATIONAL,,SAUDI STOCK EXCHANGE,JPY
601727,SHANGHAI ELECTRIC GROUP LTD A,,SHANGHAI STOCK EXCHANGE,JPY
601766,CRRC CORP LTD A,,SHANGHAI STOCK EXCHANGE,JPY
601777,CHONGQING QIANLI TECHNOLOGY A,,SHANGHAI STOCK EXCHANGE,JPY
601788,EVERBRIGHT SECURITIES LTD A,,SHANGHAI STOCK EXCHANGE,JPY
601799,CHANGZHOU XINGYU AUTOMOTIVE LIGHTI,,SHANGHAI STOCK EXCHANGE,JPY
601816,BEIJING-SHANGHAI HIGH SPEED RAILWA,,SHANGHAI STOCK EXCHANGE,JPY
601818,CHINA EVERBRIGHT BANK LTD A,,SHANGHAI STOCK EXCHANGE,JPY
601825,SHANGHAI RURAL COMMERCIAL BANK LTD,,SHANGHAI STOCK EXCHANGE,JPY
601838,BANK OF CHENGDU LTD A,,SHANGHAI STOCK EXCHANGE,JPY
601857,PETROCHINA LTD A,,SHANGHAI STOCK EXCHANGE,JPY
601868,CHINA ENERGY ENGINEERING CORP LTD,,SHANGHAI STOCK EXCHANGE,JPY
601869,YANGTZE OPTICAL FIBRE AND CABLE JO,,SHANGHAI STOCK EXCHANGE,JPY
601872,CHINA MERCHANTS ENERGY SHIPPING LT,,SHANGHAI STOCK EXCHANGE,JPY
601877,ZHEJIANG CHINT ELECTRICS LTD A,,SHANGHAI STOCK EXCHANGE,JPY
601878,ZHESHANG SECURITIES LTD A,,SHANGHAI STOCK EXCHANGE,JPY
601881,CHINA GALAXY SECURITIES LTD A,,SHANGHAI STOCK EXCHANGE,JPY
601888,CHINA TOURISM GROUP DUTY FREE CORP,,SHANGHAI STOCK EXCHANGE,JPY
601899,ZIJIN MINING GROUP LTD A,,SHANGHAI STOCK EXCHANGE,JPY
601901,FOUNDER SECURITIES LTD A,,SHANGHAI STOCK EXCHANGE,JPY
601916,CHINA ZHESHANG BANK LTD A,,SHANGHAI STOCK EXCHANGE,JPY
601919,COSCO SHIPPING HOLDINGS LTD A,,SHANGHAI STOCK EXCHANGE,JPY
601933,YONGHUI SUPERSTORES LTD A,,SHANGHAI STOCK EXCHANGE,JPY
601939,CHINA CONSTRUCTION BANK CORP A,,SHANGHAI STOCK EXCHANGE,JPY
601958,JINDUICHENG MOLYBDENUM LTD A,,SHANGHAI STOCK EXCHANGE,JPY
601985,CHINA NATIONAL NUCLEAR POWER LTD A,,SHANGHAI STOCK EXCHANGE,JPY
601988,BANK OF CHINA LTD A,,SHANGHAI STOCK EXCHANGE,JPY
601991,DATANG INTERNATIONAL POWER GENERAT,,SHANGHAI STOCK EXCHANGE,JPY
601995,CHINA INTERNATIONAL CAPITAL A,,SHANGHAI STOCK EXCHANGE,JPY
601998,CHINA CITIC BANK CORP LTD A,,SHANGHAI STOCK EXCHANGE,JPY
6027,BENGO4.COM INC,,TOKYO STOCK EXCHANGE,JPY
6027,"BENGO4.COM,INC.",JP3835870001,,
6030,CITIC SECURITIES COMPANY H,,HONG KONG EXCHANGES AND CLEARING LTD,JPY
6030,6030,CNE1000016V2,,HKD
603228,SHENZHEN KINWONG ELECTRONIC LTD A,,SHANGHAI STOCK EXCHANGE,JPY
603259,WUXI APPTEC A,,SHANGHAI STOCK EXCHANGE,JPY
603260,HOSHINE SILICON INDUSTRY LTD A,,SHANGHAI STOCK EXCHANGE,JPY
603288,FOSHAN HAI TIAN FLAVOURING & FOOD,,SHANGHAI STOCK EXCHANGE,JPY
603296,HUAQIN TECHNOLOGY A,,SHANGHAI STOCK EXCHANGE,JPY
603392,BEIJING WANTAI BIOLOGICAL PHARMACY,,SHANGHAI STOCK EXCHANGE,JPY
603486,ECOVACS ROBOTICS LTD A,,SHANGHAI STOCK EXCHANGE,JPY
6035,IR JAPAN HOLDINGS LTD,,TOKYO STOCK EXCHANGE,JPY
6035,"IR JAPAN HOLDINGS,LTD.",JP3100640006,,
603501,OMNIVISION INTEGRATED CIRCUITS GRO,,SHANGHAI STOCK EXCHANGE,JPY
603568,ZHEJIANG WEIMING ENVIRONMENT PROTE,,SHANGHAI STOCK EXCHANGE,JPY
6036,KEEPER TECHNICAL LABORATORY LTD,,TOKYO STOCK EXCHANGE,JPY
6036,"KEEPER TECHNICAL LABORATORY CO.,LTD.",JP3236320002,,
603606,NINGBO ORIENT WIRES & CABLES LTD A,,SHANGHAI STOCK EXCHANGE,JPY
603659,SHANGHAI PUTAILAI NEW ENERGY TECHN,,SHANGHAI STOCK EXCHANGE,JPY
603799,ZHEJIANG HUAYOU COBALT LTD A,,SHANGHAI STOCK EXCHANGE,JPY
603806,HANGZHOU FIRST APPLIED MATERIAL LT,,SHANGHAI STOCK EXCHANGE,JPY
603893,ROCKCHIP ELECTRONICS LTD A,,SHANGHAI STOCK EXCHANGE,JPY
603986,GIGADEVICE SEMICONDUCTOR INC A,,SHANGHAI STOCK EXCHANGE,JPY
603993,CHINA MOLYBDENUM A,,SHANGHAI STOCK EXCHANGE,JPY
604,SHENZHEN INVESTMENT LTD,,HONG KONG EXCHANGES AND CLEARING LTD,JPY
6047,GUNOSY INC,,TOKYO STOCK EXCHANGE,JPY
6047,GUNOSY INC.,JP3273820005,,
6049,POLY PROPERTY SERVICES LTD H,,HONG KONG EXCHANGES AND CLEARING LTD,JPY
6050,E-GUARDIAN INC,,TOKYO STOCK EXCHANGE,JPY
6050,E-GUARDIAN INC.,JP3130230000,,
6051,YOUZAN TECHNOLOGY LTD,,HONG KONG EXCHANGES AND CLEARING LTD,JPY
605117,NINGBO DEYE TECHNOLOGY CORP A,,SHANGHAI STOCK EXCHANGE,JPY
605499,EASTROC BEVERAGE (GROUP) LTD A,,SHANGHAI STOCK EXCHANGE,JPY
6055,JAPAN MATERIAL LTD,,TOKYO STOCK EXCHANGE,JPY
6055,"JAPAN MATERIAL CO.,LTD.",JP3389680004,,
6058,VECTOR INC,,TOKYO STOCK EXCHANGE,JPY
6058,VECTOR INC.,JP3835500004,,
6060,ZHONGAN ONLINE P & C INSURANCE COR,,HONG KONG EXCHANGES AND CLEARING LTD,JPY
6062,CHARM CARE CORP,,TOKYO STOCK EXCHANGE,JPY
6062,CHARM CARE CORPORATION,JP3512740006,,
6069,SY HOLDINGS GROUP LTD,,HONG KONG EXCHANGES AND CLEARING LTD,JPY
6070,CAREERLINK LTD,,TOKYO STOCK EXCHANGE,JPY
6070,"CAREERLINK CO.,LTD.",JP3244520007,,
6071,IBJ INC,,TOKYO STOCK EXCHANGE,JPY
6071,"IBJ,INC.",JP3104960004,,
6073,ASANTE INC,,TOKYO STOCK EXCHANGE,JPY
6073,ASANTE INCORPORATED,JP3117350003,,
6078,VALUE HR LTD,,TOKYO STOCK EXCHANGE,JPY
6078,"VALUE HR CO.,LTD.",JP3778410005,,
6080,M&A CAPITAL PARTNERS LTD,,TOKYO STOCK EXCHANGE,JPY
6080,"M&A CAPITAL PARTNERS CO.,LTD.",JP3167320005,,
6082,RIDE ON EXPRESS HOLDINGS LTD,,TOKYO STOCK EXCHANGE,JPY
6082,"RIDE ON EXPRESS HOLDINGS CO.,LTD.",JP3966000006,,
6088,SIGMAXYZ HOLDINGS INC,,TOKYO STOCK EXCHANGE,JPY
6088,SIGMAXYZ HOLDINGS INC.,JP3348950001,,
6089,WILL GROUP INC,,TOKYO STOCK EXCHANGE,JPY
6089,"WILL GROUP,INC.",JP3154160000,,
6098,RECRUIT HOLDINGS LTD,,TOKYO STOCK EXCHANGE,JPY
6098,"RECRUIT HOLDINGS CO.,LTD.",JP3970300004,,
6099,ELAN CORP,,TOKYO STOCK EXCHANGE,JPY
6099,ELAN CORPORATION,JP3167680002,,
609A,Global X Japan Wholesale Trade & Resource Business ETF,,,
6101,TSUGAMI CORP,,TOKYO STOCK EXCHANGE,JPY
6101,TSUGAMI CORPORATION,JP3531800005,,
6103,OKUMA CORP,,TOKYO STOCK EXCHANGE,JPY
6103,OKUMA CORPORATION,JP3172100004,,
6104,SHIBAURA MACHINE LTD,,TOKYO STOCK EXCHANGE,JPY
6104,"SHIBAURA MACHINE CO.,LTD.",JP3592600005,,
610A,Global X Space Tech Top 10 ETF (ex-Japan),,,
6110,TOPSPORTS INTERNATIONAL HOLDINGS,,HONG KONG EXCHANGES AND CLEARING LTD,JPY
6113,AMADA LTD,,TOKYO STOCK EXCHANGE,JPY
6113,"AMADA CO.,LTD.",JP3122800000,,
6116,HANNSTAR DISPLAY CORP,,TAIWAN STOCK EXCHANGE,JPY
6118,AIDA ENGINEERING LTD,,TOKYO STOCK EXCHANGE,JPY
6118,"AIDA ENGINEERING,LTD.",JP3102400003,,
6121,SIMPLO TECHNOLOGY,,GRETAI SECURITIES MARKET,JPY
6127,JOINN LABORATORIES (CHINA) CLASS H,,HONG KONG EXCHANGES AND CLEARING LTD,JPY
6134,FUJI CORP,,TOKYO STOCK EXCHANGE,JPY
6134,FUJI CORPORATION,JP3809200003,,
6135,MAKINO MILLING MACHINE LTD,,TOKYO STOCK EXCHANGE,JPY
6135,"MAKINO MILLING MACHINE CO.,LTD.",JP3862800004,,
6136,OSG CORP,,TOKYO STOCK EXCHANGE,JPY
6136,OSG CORPORATION,JP3170800001,,
6139,L & K ENGINEERING LTD,,TAIWAN STOCK EXCHANGE,JPY
6140,ASAHI DIAMOND INDUSTRIAL LTD,,TOKYO STOCK EXCHANGE,JPY
6140,"ASAHI DIAMOND INDUSTRIAL CO.,LTD.",JP3114400009,,
6141,DMG MORI,,TOKYO STOCK EXCHANGE,JPY
6141,"DMG MORI CO.,LTD.",JP3924800000,,
6143,SODICK LTD,,TOKYO STOCK EXCHANGE,JPY
6143,"SODICK CO.,LTD.",JP3434200006,,
6146,DISCO CORP,,TOKYO STOCK EXCHANGE,JPY
6146,DISCO CORPORATION,JP3548600000,,
6147,CHIPBOND TECHNOLOGY CORP,,GRETAI SECURITIES MARKET,JPY
6151,NITTO KOHKI LTD,,TOKYO STOCK EXCHANGE,JPY
6151,"NITTO KOHKI CO.,LTD.",JP3682300003,,
6157,NS TOOL LTD,,TOKYO STOCK EXCHANGE,JPY
6157,"NS TOOL CO.,LTD.",JP3675320000,,
6160,BEONE MEDICINES AG,,HONG KONG EXCHANGES AND CLEARING LTD,JPY
6160,6160,CH1391448177,,HKD
6167,FUJI DIE LTD,,TOKYO STOCK EXCHANGE,JPY
6167,"FUJI DIE CO.,LTD.",JP3817400009,,
6176,RADIANT OPTO-ELECTRONICS,,TAIWAN STOCK EXCHANGE,JPY
6177,DA-LI CONSTRUCTION LTD,,TAIWAN STOCK EXCHANGE,JPY
6178,JAPAN POST HOLDINGS LTD,,TOKYO STOCK EXCHANGE,JPY
6178,"JAPAN POST HOLDINGS CO.,LTD.",JP3752900005,,
6181,LAOPU GOLD H,,HONG KONG EXCHANGES AND CLEARING LTD,JPY
6181,6181,CNE100006JG0,,HKD
6183,BELLSYSTEM24 HOLDINGS,,TOKYO STOCK EXCHANGE,JPY
6183,"BELLSYSTEM24 HOLDINGS,INC.",JP3835760004,,
6184,KAMAKURA SHINSHO LTD,,TOKYO STOCK EXCHANGE,JPY
6184,"KAMAKURA SHINSHO,LTD.",JP3218950008,,
6185,CANSINO BIOLOGICS H,,HONG KONG EXCHANGES AND CLEARING LTD,JPY
6186,CHINA FEIHE LTD,,HONG KONG EXCHANGES AND CLEARING LTD,JPY
6186,6186,KYG2121Q1055,,HKD
6187,ALL RING TECH,,GRETAI SECURITIES MARKET,JPY
6188,QUANTA STORAGE INC,,GRETAI SECURITIES MARKET,JPY
6191,AIRTRIP CORP,,TOKYO STOCK EXCHANGE,JPY
6191,AIRTRIP CORP.,JP3167240005,,
6194,ATRAE INC,,TOKYO STOCK EXCHANGE,JPY
6194,"ATRAE,INC.",JP3121890002,,
6196,STRIKE GROUP LTD,,TOKYO STOCK EXCHANGE,JPY
6196,"STRIKE GROUP CO.,LTD.",JP3399780000,,
6197,JESS-LINK PRODUCTS INC,,TAIWAN STOCK EXCHANGE,JPY
6199,SERAKU LTD,,TOKYO STOCK EXCHANGE,JPY
6199,"SERAKU CO.,LTD.",JP3423510001,,
6200,INSOURCE LTD,,TOKYO STOCK EXCHANGE,JPY
6200,"INSOURCE CO.,LTD.",JP3152670000,,
6202,HOLTEK SEMICONDUCTOR INC,,TAIWAN STOCK EXCHANGE,JPY
6209,NPR-RIKEN CORP,,TOKYO STOCK EXCHANGE,JPY
6209,NPR-RIKEN CORPORATION,JP3970700005,,
6213,ITEQ CORP,,TAIWAN STOCK EXCHANGE,JPY
6214,SYSTEX CORP,,TAIWAN STOCK EXCHANGE,JPY
6218089,LENOVO GROUP LTD,,,
6222,SHIMA SEIKI MFG LTD,,TOKYO STOCK EXCHANGE,JPY
6222,"SHIMA SEIKI MFG.,LTD.",JP3356500003,,
6223,MPI CORP,,GRETAI SECURITIES MARKET,JPY
6223,6223,TW0006223001,,TWD
6227,AIMECHATEC LTD,,,
6235,OPTORUN LTD,,TOKYO STOCK EXCHANGE,JPY
6235,"OPTORUN CO.,LTD.",JP3197760006,,
6237,IWAKI LTD,,TOKYO STOCK EXCHANGE,JPY
6237,"IWAKI CO.,LTD.",JP3150100000,,
6238,FURYU CORP,,TOKYO STOCK EXCHANGE,JPY
6238,FURYU CORPORATION,JP3826770004,,
6239,POWERTECH TECHNOLOGY,,TAIWAN STOCK EXCHANGE,JPY
6240,YAMASHIN-FILTER CORP,,TOKYO STOCK EXCHANGE,JPY
6240,YAMASHIN-FILTER CORP.,JP3936600000,,
6247,HISAKA WORKS LTD,,TOKYO STOCK EXCHANGE,JPY
6247,"HISAKA WORKS,LTD.",JP3784200002,,
6250,YAMABIKO CORP,,TOKYO STOCK EXCHANGE,JPY
6250,YAMABIKO CORPORATION,JP3943000004,,
6254,NOMURA MICRO SCIENCE LTD,,TOKYO STOCK EXCHANGE,JPY
6254,"NOMURA MICRO SCIENCE CO.,LTD.",JP3762950008,,
6257,SIGURD MICROELECTRONICS CORP,,TAIWAN STOCK EXCHANGE,JPY
6258,HIRATA CORP,,TOKYO STOCK EXCHANGE,JPY
6258,HIRATA CORPORATION,JP3795300007,,
6262,PEGASUS LTD,,TOKYO STOCK EXCHANGE,JPY
6262,"PEGASUS CO.,LTD.",JP3836300008,,
6264,MARUMAE LTD,,TOKYO STOCK EXCHANGE,JPY
6264,"MARUMAE CO.,LTD.",JP3878150006,,
6266,TAZMO LTD,,TOKYO STOCK EXCHANGE,JPY
6266,"TAZMO CO.,LTD.",JP3468000009,,
6268,NABTESCO,,TOKYO STOCK EXCHANGE,JPY
6268,NABTESCO CORPORATION,JP3651210001,,
6269,MODEC INC,,TOKYO STOCK EXCHANGE,JPY
6269,"MODEC,INC.",JP3888250002,,
6271,TONG HSING ELECTRONIC INDUSTRIES,,TAIWAN STOCK EXCHANGE,JPY
6272,RHEON AUTOMATIC MACHINERY LTD,,TOKYO STOCK EXCHANGE,JPY
6272,"RHEON AUTOMATIC MACHINERY CO.,LTD.",JP3979400003,,
6273,SMC (JAPAN) CORP,,TOKYO STOCK EXCHANGE,JPY
6273,SMC CORPORATION,JP3162600005,,
6274,TAIWAN UNION TECHNOLOGY CORP,,GRETAI SECURITIES MARKET,JPY
6277,HOSOKAWA MICRON CORP,,TOKYO STOCK EXCHANGE,JPY
6277,HOSOKAWA MICRON CORPORATION,JP3846000002,,
6278,UNION TOOL,,TOKYO STOCK EXCHANGE,JPY
6278,UNION TOOL CO.,JP3950600001,,
6279,ZUIKO,,TOKYO STOCK EXCHANGE,JPY
6279,ZUIKO CORPORATION,JP3411900008,,
6282,OILES CORP,,TOKYO STOCK EXCHANGE,JPY
6282,OILES CORPORATION,JP3174200000,,
6284,NISSEI ASB MACHINE LTD,,TOKYO STOCK EXCHANGE,JPY
6284,"NISSEI ASB MACHINE CO.,LTD.",JP3678200001,,
6285,WISTRON NEWEB,,TAIWAN STOCK EXCHANGE,JPY
6287,SATO,,TOKYO STOCK EXCHANGE,JPY
6287,SATO CORPORATION,JP3321400008,,
6289,GIKEN SEISAKUSHO LTD,,TOKYO STOCK EXCHANGE,JPY
6289,GIKEN LTD.,JP3264200001,,
6290,LONGWELL,,GRETAI SECURITIES MARKET,JPY
6291,AIRTECH JAPAN LTD,,TOKYO STOCK EXCHANGE,JPY
6291,"AIRTECH JAPAN,LTD.",JP3688100001,,
6298,YACHOLDINGS LTD,,TOKYO STOCK EXCHANGE,JPY
6298,"Y.A.C.HOLDINGS CO.,LTD.",JP3990600003,,
6301,KOMATSU,,TOKYO STOCK EXCHANGE,JPY
6301,KOMATSU LTD.,JP3304200003,,
6302,SUMITOMO HEAVY INDUSTRIES LTD,,TOKYO STOCK EXCHANGE,JPY
6302,"SUMITOMO HEAVY INDUSTRIES,LTD.",JP3405400007,,
6305,HITACHI CONSTRUCTION MACHINERY LTD,,TOKYO STOCK EXCHANGE,JPY
6305,"HITACHI CONSTRUCTION MACHINERY CO.,LTD.",JP3787000003,,
6306,NIKKO LTD,,TOKYO STOCK EXCHANGE,JPY
6306,"NIKKO CO.,LTD.",JP3669200002,,
6309,TOMOE ENGINEERING LTD,,TOKYO STOCK EXCHANGE,JPY
6309,"TOMOE ENGINEERING CO.,LTD. (TOMOE KOGYO",JP3631600008,,
631,SANY HEAVY EQUIPMENT INTERNATIONAL,,HONG KONG EXCHANGES AND CLEARING LTD,JPY
6310,ISEKI LTD,,TOKYO STOCK EXCHANGE,JPY
6310,"ISEKI & CO.,LTD.",JP3139600005,,
6315,TOWA,,TOKYO STOCK EXCHANGE,JPY
6315,TOWA CORPORATION,JP3555700008,,
6317,KITAGAWA IRON WORKS CORP,,TOKYO STOCK EXCHANGE,JPY
6317,KITAGAWA CORPORATION,JP3237200005,,
6323,RORZE,,TOKYO STOCK EXCHANGE,JPY
6323,RORZE CORPORATION,JP3982200002,,
6324,HARMONIC DRIVE SYSTEMS,,TOKYO STOCK EXCHANGE,JPY
6324,HARMONIC DRIVE SYSTEMS INC.,JP3765150002,,
6326,KUBOTA,,TOKYO STOCK EXCHANGE,JPY
6326,KUBOTA CORPORATION,JP3266400005,,
6328,EBARA JITSUGYO LTD,,TOKYO STOCK EXCHANGE,JPY
6328,"EBARA JITSUGYO CO.,LTD.",JP3165950001,,
6330,TOYO ENGINEERING,,TOKYO STOCK EXCHANGE,JPY
6330,TOYO ENGINEERING CORPORATION,JP3607800004,,
6331,MITSUBISHI KAKOK,,TOKYO STOCK EXCHANGE,JPY
6331,"MITSUBISHI KAKOKI KAISHA,LTD.",JP3896000001,,
6332,TSUKISHIMA HOLDINGS LTD,,TOKYO STOCK EXCHANGE,JPY
6332,"TSUKISHIMA HOLDINGS CO.,LTD.",JP3532200007,,
6333,TEIKOKU CORP,,TOKYO STOCK EXCHANGE,JPY
6333,TEIKOKU CORPORATION,JP3541800003,,
6339,SINTOKOGIO LTD,,TOKYO STOCK EXCHANGE,JPY
6339,"SINTOKOGIO,LTD.",JP3378200004,,
6340,SHIBUYA KOGYO CORP,,TOKYO STOCK EXCHANGE,JPY
6340,SHIBUYA CORPORATION,JP3356000004,,
6345,AICHI,,TOKYO STOCK EXCHANGE,JPY
6345,AICHI CORPORATION,JP3103200006,,
6349,KOMORI CORP,,TOKYO STOCK EXCHANGE,JPY
6349,KOMORI CORPORATION,JP3305800009,,
6351,TSURUMI MANUFACTURING LTD,,TOKYO STOCK EXCHANGE,JPY
6351,"TSURUMI MANUFACTURING CO.,LTD.",JP3536200003,,
6358,SAKAI HEAVY INDUSTRIES LTD,,TOKYO STOCK EXCHANGE,JPY
6358,"SAKAI HEAVY INDUSTRIES,LTD.",JP3313200002,,
6361,EBARA,,TOKYO STOCK EXCHANGE,JPY
6361,EBARA CORPORATION,JP3166000004,,
6363,TORISHIMA PUMP MFG LTD,,TOKYO STOCK EXCHANGE,JPY
6363,"TORISHIMA PUMP MFG.CO.,LTD.",JP3636600003,,
6364,AIRMAN CORP,,TOKYO STOCK EXCHANGE,JPY
6364,AIRMAN CORPORATION,JP3841400009,,
6366,CHIYODA CORP ORD,,,
6367,DAIKIN INDUSTRIES LTD,,TOKYO STOCK EXCHANGE,JPY
6367,"DAIKIN INDUSTRIES,LTD.",JP3481800005,,
6368,ORGANO CORP,,TOKYO STOCK EXCHANGE,JPY
6368,ORGANO CORPORATION,JP3201600008,,
6369,TOYO KANETSU,,TOKYO STOCK EXCHANGE,JPY
6369,TOYO KANETSU K.K.,JP3554400006,,
6370,KURITA WATER INDUSTRIES,,TOKYO STOCK EXCHANGE,JPY
6370,KURITA WATER INDUSTRIES LTD.,JP3270000007,,
6371,TSUBAKIMOTO CHAIN,,TOKYO STOCK EXCHANGE,JPY
6371,TSUBAKIMOTO CHAIN CO.,JP3535400000,,
6376,NIKKISO LTD,,TOKYO STOCK EXCHANGE,JPY
6376,"NIKKISO CO.,LTD.",JP3668000007,,
6378,KIMURA CHEMICAL PLANTS LTD,,TOKYO STOCK EXCHANGE,JPY
6378,"KIMURA CHEMICAL PLANTS CO.,LTD.",JP3242000002,,
6379,RAIZNEXT CORP,,TOKYO STOCK EXCHANGE,JPY
6379,RAIZNEXT CORPORATION,JP3331600001,,
6381,ANEST IWATA CORP,,TOKYO STOCK EXCHANGE,JPY
6381,ANEST IWATA CORPORATION,JP3122450004,,
6383,DAIFUKU,,TOKYO STOCK EXCHANGE,JPY
6383,"DAIFUKU CO.,LTD.",JP3497400006,,
6387,SAMCO INC,,TOKYO STOCK EXCHANGE,JPY
6387,SAMCO INC.,JP3322950001,,
639,SHOUGANG FUSHAN RESOURCES GROUP LT,,HONG KONG EXCHANGES AND CLEARING LTD,JPY
6395,TADANO,,TOKYO STOCK EXCHANGE,JPY
6395,TADANO LTD.,JP3465000002,,
6407,CKD CORP,,TOKYO STOCK EXCHANGE,JPY
6407,CKD CORPORATION,JP3346800000,,
6409,VOLTRONIC POWER TECHNOLOGY CORP,,TAIWAN STOCK EXCHANGE,JPY
6412,HEIWA CORP,,TOKYO STOCK EXCHANGE,JPY
6412,HEIWA CORPORATION,JP3834200002,,
6413,RISO KAGAKU CORP,,TOKYO STOCK EXCHANGE,JPY
6413,RISO KAGAKU CORPORATION,JP3974400008,,
6414,ENNOCONN,,TAIWAN STOCK EXCHANGE,JPY
6415,SILERGY,,TAIWAN STOCK EXCHANGE,JPY
6417,SANKYO LTD,,TOKYO STOCK EXCHANGE,JPY
6417,"SANKYO CO.,LTD.",JP3326410002,,
6418,JAPAN CASH MACHINE LTD,,TOKYO STOCK EXCHANGE,JPY
6418,"JAPAN CASH MACHINE CO.,LTD.",JP3697800005,,
6419,MARS GROUP HOLDINGS CORP,,TOKYO STOCK EXCHANGE,JPY
6419,MARS GROUP HOLDINGS CORPORATION,JP3860220007,,
6420,GALILEI HOLDINGS,,TOKYO STOCK EXCHANGE,JPY
6420,GALILEI HOLDINGS CO.LTD.,JP3805150004,,
6430,DAIKOKU DENKI LTD,,TOKYO STOCK EXCHANGE,JPY
6430,"DAIKOKU DENKI CO.,LTD.",JP3483100008,,
6432,TAKEUCHI MFG,,TOKYO STOCK EXCHANGE,JPY
6432,"TAKEUCHI MFG.CO.,LTD.",JP3462660006,,
6436,AMANO CORP,,TOKYO STOCK EXCHANGE,JPY
6436,AMANO CORPORATION,JP3124400007,,
6440,JUKI CORP,,TOKYO STOCK EXCHANGE,JPY
6440,JUKI CORPORATION,JP3390400004,,
6445,JANOME CORP,,TOKYO STOCK EXCHANGE,JPY
6445,JANOME CORPORATION,JP3389400007,,
6446,PHARMAESSENTIA,,TAIWAN STOCK EXCHANGE,JPY
6446,6446,TW0006446008,,TWD
6448,BROTHER INDUSTRIES,,TOKYO STOCK EXCHANGE,JPY
6448,"BROTHER INDUSTRIES,LTD.",JP3830000000,,
6451,SHUNSIN TECHNOLOGY HOLDINGS LTD,,TAIWAN STOCK EXCHANGE,JPY
6452,PHARMALLY LTD,,TAIWAN STOCK EXCHANGE,JPY
6454,MAX LTD,,TOKYO STOCK EXCHANGE,JPY
6454,"MAX CO.,LTD.",JP3864800002,,
6455,MORITA HOLDINGS CORP,,TOKYO STOCK EXCHANGE,JPY
6455,MORITA HOLDINGS CORPORATION,JP3925600003,,
6457,GLORY LTD,,TOKYO STOCK EXCHANGE,JPY
6457,GLORY LTD.,JP3274400005,,
6458,SINKO KOGYO,,TOKYO STOCK EXCHANGE,JPY
6458,SINKO INDUSTRIES LTD.,JP3372800007,,
6459,DAIWA,,TOKYO STOCK EXCHANGE,JPY
6459,DAIWA LTD.,JP3505800007,,
6460,SEGA SAMMY HOLDINGS,,TOKYO STOCK EXCHANGE,JPY
6460,SEGA SAMMY HOLDINGS INC.,JP3419050004,,
6463,TPR LTD,,TOKYO STOCK EXCHANGE,JPY
6463,"TPR CO.,LTD.",JP3542400001,,
6464,TSUBAKI NAKASHIMA LTD,,TOKYO STOCK EXCHANGE,JPY
6464,"TSUBAKI NAKASHIMA CO.,LTD.",JP3534410000,,
6465,HOSHIZAKI,,TOKYO STOCK EXCHANGE,JPY
6465,HOSHIZAKI CORPORATION,JP3845770001,,
6470,TAIHO KOGYO LTD,,TOKYO STOCK EXCHANGE,JPY
6470,"TAIHO KOGYO CO.,LTD.",JP3449080005,,
6471,NSK,,TOKYO STOCK EXCHANGE,JPY
6471,NSK LTD.,JP3720800006,,
6472,NTN,,TOKYO STOCK EXCHANGE,JPY
6472,NTN CORPORATION,JP3165600002,,
6473,JTEKT,,TOKYO STOCK EXCHANGE,JPY
6473,JTEKT CORPORATION,JP3292200007,,
6474,NACHI-FUJIKOSHI CORP,,TOKYO STOCK EXCHANGE,JPY
6474,NACHI-FUJIKOSHI CORP.,JP3813200007,,
6479,MINEBEA MITSUMI INC,,TOKYO STOCK EXCHANGE,JPY
6479,MINEBEA MITSUMI INC.,JP3906000009,,
6480,NIPPON THOMPSON LTD,,TOKYO STOCK EXCHANGE,JPY
6480,"NIPPON THOMPSON CO.,LTD.",JP3739400004,,
6481,THK LTD,,TOKYO STOCK EXCHANGE,JPY
6481,"THK CO.,LTD.",JP3539250005,,
6482,YUSHIN,,TOKYO STOCK EXCHANGE,JPY
6482,YUSHIN COMPANY,JP3944500002,,
6485,MAEZAWA KYUSO INDUSTRIES LTD,,TOKYO STOCK EXCHANGE,JPY
6485,"MAEZAWA KYUSO INDUSTRIES CO.,LTD.",JP3860300007,,
6486,EAGLE INDUSTRY LTD,,TOKYO STOCK EXCHANGE,JPY
6486,"EAGLE INDUSTRY CO.,LTD.",JP3130400009,,
6488,GLOBALWAFERS LTD,,GRETAI SECURITIES MARKET,JPY
6488,6488,TW0006488000,,TWD
6490,PILLAR CORP,,TOKYO STOCK EXCHANGE,JPY
6490,PILLAR CORPORATION,JP3747800005,,
6491,PEGAVISION CORPORATION,,TAIWAN STOCK EXCHANGE,JPY
6498,KITZ CORP,,TOKYO STOCK EXCHANGE,JPY
6498,KITZ CORPORATION,JP3240700009,,
6501,HITACHI,,TOKYO STOCK EXCHANGE,JPY
6501,"HITACHI,LTD.",JP3788600009,,
6503,MITSUBISHI ELECTRIC,,TOKYO STOCK EXCHANGE,JPY
6503,MITSUBISHI ELECTRIC CORPORATION,JP3902400005,,
6504,FUJI ELECTRIC,,TOKYO STOCK EXCHANGE,JPY
6504,"FUJI ELECTRIC CO.,LTD.",JP3820000002,,
6506,YASKAWA ELECTRIC,,TOKYO STOCK EXCHANGE,JPY
6506,YASKAWA ELECTRIC CORPORATION,JP3932000007,,
6507,SINFONIA TECHNOLOGY LTD,,TOKYO STOCK EXCHANGE,JPY
6507,"SINFONIA TECHNOLOGY CO.,LTD.",JP3375400003,,
6508,MEIDENSHA CORP,,TOKYO STOCK EXCHANGE,JPY
6508,MEIDENSHA CORPORATION,JP3919800007,,
6510,CHUNGHWA PRECISION TEST TECH LTD,,GRETAI SECURITIES MARKET,JPY
6515,WINWAY TECHNOLOGY,,TAIWAN STOCK EXCHANGE,JPY
6516,SANYO DENKI LTD,,TOKYO STOCK EXCHANGE,JPY
6516,"SANYO DENKI CO.,LTD.",JP3340800006,,
6517,DENYO LTD,,TOKYO STOCK EXCHANGE,JPY
6517,"DENYO CO.,LTD.",JP3551600004,,
6523,PHC HOLDINGS,,TOKYO STOCK EXCHANGE,JPY
6523,PHC HOLDINGS CORPORATION,JP3801300009,,
6525,KOKUSAI ELECTRIC,,TOKYO STOCK EXCHANGE,JPY
6525,KOKUSAI ELECTRIC CORPORATION,JP3293330001,,
6526,SOCIONEXT,,TOKYO STOCK EXCHANGE,JPY
6526,SOCIONEXT INC.,JP3433500000,,
6531,AP MEMORY TECHNOLOGY,,TAIWAN STOCK EXCHANGE,JPY
6532,BAYCURRENT INC,,TOKYO STOCK EXCHANGE,JPY
6532,"BAYCURRENT,INC.",JP3835250006,,
6533,ORCHESTRA HOLDINGS INC,,TOKYO STOCK EXCHANGE,JPY
6533,ORCHESTRA HOLDINGS INC.,JP3549040008,,
6535,I-MOBILE LTD,,TOKYO STOCK EXCHANGE,JPY
6535,"I-MOBILE CO.,LTD.",JP3105210003,,
6536651,BYD COMPANY LTD,,,
6539,MATCHING SERVICE JAPAN LTD,,TOKYO STOCK EXCHANGE,JPY
6539,"MATCHING SERVICE JAPAN CO.,LTD.",JP3167330004,,
6544,JAPAN ELEVATOR SERVICE HOLDINGS LT,,TOKYO STOCK EXCHANGE,JPY
6544,"JAPAN ELEVATOR SERVICE HOLDINGS CO.,LTD.",JP3389510003,,
6548,CHANG WAH TECHNOLOGY LTD,,GRETAI SECURITIES MARKET,JPY
6560,LTS INC,,TOKYO STOCK EXCHANGE,JPY
6560,"LTS,INC.",JP3167710007,,
6561,CHIEF TELECOM INC,,GRETAI SECURITIES MARKET,JPY
6564,MIDAC HOLDINGS LTD,,TOKYO STOCK EXCHANGE,JPY
6564,"MIDAC HOLDINGS CO.,LTD.",JP3887800005,,
6571,QB NET HOLDINGS LTD,,TOKYO STOCK EXCHANGE,JPY
6571,"QB NET HOLDINGS CO.,LTD.",JP3244750000,,
6572,OPEN GROUP,,TOKYO STOCK EXCHANGE,JPY
6572,"OPEN GROUP,INC.",JP3100550007,,
6584,SANOH INDUSTRIAL,,TOKYO STOCK EXCHANGE,JPY
6584,"SANOH INDUSTRIAL CO.,LTD.",JP3325200008,,
6586,MAKITA,,TOKYO STOCK EXCHANGE,JPY
6586,MAKITA CORPORATION,JP3862400003,,
6588,TOSHIBA TEC CORP,,TOKYO STOCK EXCHANGE,JPY
6588,TOSHIBA TEC CORPORATION,JP3594000006,,
6590,SHIBAURA MECHATRONICS CORP,,TOKYO STOCK EXCHANGE,JPY
6590,SHIBAURA MECHATRONICS CORPORATION,JP3355000005,,
6592,MABUCHI MOTOR,,TOKYO STOCK EXCHANGE,JPY
6592,"MABUCHI MOTOR CO.,LTD.",JP3870000001,,
6594,NIDEC,,TOKYO STOCK EXCHANGE,JPY
6594,NIDEC CORPORATION,JP3734800000,,
66,MTR CORPORATION,,HONG KONG EXCHANGES AND CLEARING LTD,JPY
66,66,HK0066009694,,HKD
6605,DEPO AUTO PARTS INDUSTRIAL,,TAIWAN STOCK EXCHANGE,JPY
6606,NEW HORIZON HEALTH LTD,,HONG KONG EXCHANGES AND CLEARING LTD,JPY
6615,UMC ELECTRONICS LTD,,TOKYO STOCK EXCHANGE,JPY
6615,"UMC ELECTRONICS CO.,LTD.",JP3944330004,,
6616,TOREX SEMICONDUCTOR LTD,,TOKYO STOCK EXCHANGE,JPY
6616,TOREX SEMICONDUCTOR LTD.,JP3637280003,,
6617,TAKAOKA TOKO LTD,,TOKYO STOCK EXCHANGE,JPY
6617,"TAKAOKA TOKO CO.,LTD.",JP3591600006,,
6618,JD HEALTH INTERNATIONAL INC,,HONG KONG EXCHANGES AND CLEARING LTD,JPY
6618,6618,KYG5074A1004,,HKD
6619,W-SCOPE CORP,,TOKYO STOCK EXCHANGE,JPY
6619,W-SCOPE CORPORATION,JP3505970008,,
6620,MIYAKOSHI HOLDINGS INC,,TOKYO STOCK EXCHANGE,JPY
6620,"MIYAKOSHI HOLDINGS,INC.",JP3907850006,,
6622,DAIHEN,,TOKYO STOCK EXCHANGE,JPY
6622,DAIHEN CORPORATION,JP3497800007,,
6627,TERA PROBE INC,,,
6630,YA-MAN LTD,,TOKYO STOCK EXCHANGE,JPY
6630,YA-MAN LTD.,JP3930050004,,
6632,JVCKENWOOD CORP,,TOKYO STOCK EXCHANGE,JPY
6632,JVCKENWOOD CORPORATION,JP3386410009,,
6638,MIMAKI ENGINEERING LTD,,TOKYO STOCK EXCHANGE,JPY
6638,"MIMAKI ENGINEERING CO.,LTD.",JP3907150001,,
6640,GALLANT MICRO MACHINING CO LTD,,GRETAI SECURITIES MARKET,JPY
6643,M31 TECHNOLOGY CORPORATION,,GRETAI SECURITIES MARKET,JPY
6644,OSAKI ELECTRIC LTD,,TOKYO STOCK EXCHANGE,JPY
6644,"OSAKI ELECTRIC CO.,LTD.",JP3187600006,,
6645,OMRON,,TOKYO STOCK EXCHANGE,JPY
6645,OMRON CORPORATION,JP3197800000,,
6651,NITTO KOGYO CORP,,TOKYO STOCK EXCHANGE,JPY
6651,NITTO KOGYO CORPORATION,JP3682400001,,
6652,IDEC CORP,,TOKYO STOCK EXCHANGE,JPY
6652,IDEC CORPORATION,JP3138800002,,
666,REPT BATTERO ENERGY H,,HONG KONG EXCHANGES AND CLEARING LTD,JPY
6664,GROUP UP INDUSTRIAL,,GRETAI SECURITIES MARKET,JPY
6666,EVERGRANDE PROPERTY SERVICES GROUP,,HONG KONG EXCHANGES AND CLEARING LTD,JPY
6669,WIWYNN CORPORATION,,TAIWAN STOCK EXCHANGE,JPY
6669,6669,TW0006669005,,TWD
667,CHINA EAST EDUCATION HOLDINGS LTD,,HONG KONG EXCHANGES AND CLEARING LTD,JPY
6670,FUSHENG PRECISION,,TAIWAN STOCK EXCHANGE,JPY
6674,GS YUASA,,TOKYO STOCK EXCHANGE,JPY
6674,GS YUASA CORPORATION,JP3385820000,,
6676,BUFFALO INC,,TOKYO STOCK EXCHANGE,JPY
6676,BUFFALO INC.,JP3921080002,,
6678,TECHNO MEDICA LTD,,TOKYO STOCK EXCHANGE,JPY
6678,"TECHNO MEDICA CO.,LTD.",JP3545110003,,
6682,PHANCY GROUP LTD H,,HONG KONG EXCHANGES AND CLEARING LTD,JPY
6683,STAR PLUS LEGEND HOLDINGS LTD,,HONG KONG EXCHANGES AND CLEARING LTD,JPY
6689,CHONGQING HONGJIU FRUIT CLASS H LT,,HONG KONG EXCHANGES AND CLEARING LTD,JPY
669,TECHTRONIC INDUSTRIES,,HONG KONG EXCHANGES AND CLEARING LTD,JPY
669,669,HK0669013440,,HKD
6690,HAIER SMART HOME CLASS H LTD H,,HONG KONG EXCHANGES AND CLEARING LTD,JPY
6690,6690,CNE1000048K8,,HKD
6691,YANKEY ENGINEERING LTD,,TAIWAN STOCK EXCHANGE,JPY
6699,DIAMOND ELECTRIC HOLDINGS,,TOKYO STOCK EXCHANGE,JPY
6699,"DIAMOND ELECTRIC HOLDINGS CO.,LTD.",JP3499480006,,
67,CHINA LUMENA NEW MATERIALS CORP,,HONG KONG EXCHANGES AND CLEARING LTD,JPY
6701,NEC,,TOKYO STOCK EXCHANGE,JPY
6701,NEC CORPORATION,JP3733000008,,
6702,FUJITSU,,TOKYO STOCK EXCHANGE,JPY
6702,FUJITSU LIMITED,JP3818000006,,
6703,OKI ELECTRIC INDUSTRY LTD,,TOKYO STOCK EXCHANGE,JPY
6703,"OKI ELECTRIC INDUSTRY COMPANY,LIMITED",JP3194000000,,
6706,DKK LTD,,TOKYO STOCK EXCHANGE,JPY
6706,"DKK CO.,LTD.",JP3550000008,,
6707,SANKEN ELECTRIC,,TOKYO STOCK EXCHANGE,JPY
6707,"SANKEN ELECTRIC CO.,LTD.",JP3329600005,,
6718,AIPHONE LTD,,TOKYO STOCK EXCHANGE,JPY
6718,"AIPHONE CO.,LTD.",JP3105050003,,
6719,UPI SEMICONDUCTOR,,TAIWAN STOCK EXCHANGE,JPY
6723,RENESAS ELECTRONICS CORP,,TOKYO STOCK EXCHANGE,JPY
6723,RENESAS ELECTRONICS CORPORATION,JP3164720009,,
6724,SEIKO EPSON,,TOKYO STOCK EXCHANGE,JPY
6724,SEIKO EPSON CORPORATION,JP3414750004,,
6727,WACOM LTD,,TOKYO STOCK EXCHANGE,JPY
6727,"WACOM CO.,LTD.",JP3993400005,,
6728,ULVAC,,TOKYO STOCK EXCHANGE,JPY
6728,"ULVAC, INC.",JP3126190002,,
6730,AXELL CORP,,TOKYO STOCK EXCHANGE,JPY
6730,AXELL CORPORATION,JP3108080007,,
6736,SUN CORP,,,
6737,EIZO CORP,,TOKYO STOCK EXCHANGE,JPY
6737,EIZO CORPORATION,JP3651080008,,
6740,JAPAN DISPLAY,,TOKYO STOCK EXCHANGE,JPY
6740,JAPAN DISPLAY INC.,JP3389660006,,
6741,NIPPON SIGNAL LTD,,TOKYO STOCK EXCHANGE,JPY
6741,"NIPPON SIGNAL COMPANY,LIMITED",JP3716000009,,
6742,KYOSAN ELECTRIC MANUFACTURING LTD,,TOKYO STOCK EXCHANGE,JPY
6742,"KYOSAN ELECTRIC MANUFACTURING CO.,LTD.",JP3248800009,,
6744,NOHMI BOSAI LTD,,TOKYO STOCK EXCHANGE,JPY
6744,NOHMI BOSAI LTD.,JP3759800000,,
6745,HOCHIKI,,TOKYO STOCK EXCHANGE,JPY
6745,HOCHIKI CORPORATION,JP3837400005,,
6750,ELECOM,,TOKYO STOCK EXCHANGE,JPY
6750,"ELECOM CO.,LTD.",JP3168200008,,
6752,PANASONIC HOLDINGS,,TOKYO STOCK EXCHANGE,JPY
6752,PANASONIC HOLDINGS CORPORATION,JP3866800000,,
6753,SHARP CORP,,TOKYO STOCK EXCHANGE,JPY
6753,SHARP CORPORATION,JP3359600008,,
6754,ANRITSU CORP,,TOKYO STOCK EXCHANGE,JPY
6754,ANRITSU CORPORATION,JP3128800004,,
6757,TIGERAIR TAIWAN LTD,,TAIWAN STOCK EXCHANGE,JPY
6758,SONY GROUP,,TOKYO STOCK EXCHANGE,JPY
6758,SONY GROUP CORPORATION,JP3435000009,,
6762,TDK,,TOKYO STOCK EXCHANGE,JPY
6762,TDK CORPORATION,JP3538800008,,
6763,TEIKOKU TSUSHIN KOGYO LTD,,TOKYO STOCK EXCHANGE,JPY
6763,"TEIKOKU TSUSHIN KOGYO CO.,LTD.",JP3541600007,,
6768,TAMURA CORP,,TOKYO STOCK EXCHANGE,JPY
6768,TAMURA CORPORATION,JP3471000004,,
6770,ALPS ALPINE,,TOKYO STOCK EXCHANGE,JPY
6770,"ALPS ALPINE CO.,LTD.",JP3126400005,,
6777,SANTEC HOLDINGS,,TOKYO STOCK EXCHANGE,JPY
6779,NIHON DEMPA KOGYO LTD,,TOKYO STOCK EXCHANGE,JPY
6779,"NIHON DEMPA KOGYO CO.,LTD.",JP3737800007,,
6781,ADVANCED ENERGY SOLUTION HOLDING L,,TAIWAN STOCK EXCHANGE,JPY
6785,SUZUKI LTD,,TOKYO STOCK EXCHANGE,JPY
6785,"SUZUKI CO.,LTD.",JP3397210000,,
6787,MEIKO ELECTRONICS,,TOKYO STOCK EXCHANGE,JPY
6787,"MEIKO ELECTRONICS CO.,LTD.",JP3915350007,,
6788,NIHON TRIM LTD,,TOKYO STOCK EXCHANGE,JPY
6788,"NIHON TRIM CO.,LTD.",JP3739700007,,
6789,VISERA TECHNOLOGIES,,TAIWAN STOCK EXCHANGE,JPY
6794,FOSTER ELECTRIC LTD,,TOKYO STOCK EXCHANGE,JPY
6794,"FOSTER ELECTRIC COMPANY,LIMITED",JP3802800007,,
6798,SMK CORP,,TOKYO STOCK EXCHANGE,JPY
6798,SMK CORPORATION,JP3162400000,,
6800,YOKOWO LTD,,TOKYO STOCK EXCHANGE,JPY
6800,"YOKOWO CO.,LTD.",JP3954200006,,
6804,HOSIDEN CORP,,TOKYO STOCK EXCHANGE,JPY
6804,HOSIDEN CORPORATION,JP3845800006,,
6805,FOSITEK,,TAIWAN STOCK EXCHANGE,JPY
6806,HIROSE ELECTRIC LTD,,TOKYO STOCK EXCHANGE,JPY
6806,"HIROSE ELECTRIC CO.,LTD.",JP3799000009,,
6807,JAPAN AVIATION ELECTRONICS INDUSTR,,TOKYO STOCK EXCHANGE,JPY
6807,"JAPAN AVIATION ELECTRONICS INDUSTRY,LIMI",JP3705600009,,
6808,SUN ART RETAIL GROUP LTD,,HONG KONG EXCHANGES AND CLEARING LTD,JPY
6809,TOA (OSAKA) CORP,,TOKYO STOCK EXCHANGE,JPY
6809,TOA CORPORATION,JP3538600002,,
6810,MAXELL LTD,,TOKYO STOCK EXCHANGE,JPY
6810,"MAXELL,LTD.",JP3791800000,,
6814,FURUNO ELECTRIC LTD,,TOKYO STOCK EXCHANGE,JPY
6814,"FURUNO ELECTRIC CO.,LTD.",JP3828400006,,
6817,SUMIDA CORP,,TOKYO STOCK EXCHANGE,JPY
6817,SUMIDA CORPORATION,JP3400800003,,
6820,ICOM INC,,TOKYO STOCK EXCHANGE,JPY
6820,ICOM INCORPORATED,JP3101400004,,
6823,RION LTD,,TOKYO STOCK EXCHANGE,JPY
6823,6823,HK0000093390,,HKD
6823,"RION CO.,LTD.",JP3969700008,,
6834,SEIKOH GIKEN CO LTD,,,
6841,YOKOGAWA ELECTRIC,,TOKYO STOCK EXCHANGE,JPY
6841,YOKOGAWA ELECTRIC CORPORATION,JP3955000009,,
6844,SHINDENGEN ELECTRIC MANUFACTURING,,TOKYO STOCK EXCHANGE,JPY
6844,"SHINDENGEN ELECTRIC MANUFACTURING CO.,LT",JP3377800002,,
6845,AZBIL CORP,,TOKYO STOCK EXCHANGE,JPY
6845,AZBIL CORPORATION,JP3937200008,,
6849,NIHON KOHDEN,,TOKYO STOCK EXCHANGE,JPY
6849,NIHON KOHDEN CORPORATION,JP3706800004,,
6850,CHINO,,TOKYO STOCK EXCHANGE,JPY
6850,CHINO CORPORATION,JP3511000006,,
6855,JAPAN ELECTRONIC MATERIALS CORP,,TOKYO STOCK EXCHANGE,JPY
6855,JAPAN ELECTRONIC MATERIALS CORPORATION,JP3735300000,,
6856,HORIBA,,TOKYO STOCK EXCHANGE,JPY
6856,"HORIBA,LTD.",JP3853000002,,
6857,ADVANTEST,,TOKYO STOCK EXCHANGE,JPY
6857,ADVANTEST CORPORATION,JP3122400009,,
6859,ESPEC CORP,,TOKYO STOCK EXCHANGE,JPY
6859,ESPEC CORP.,JP3469800001,,
6861,KEYENCE,,TOKYO STOCK EXCHANGE,JPY
6861,KEYENCE CORPORATION,JP3236200006,,
6862,HAIDILAO INTERNATIONAL HOLDING LTD,,HONG KONG EXCHANGES AND CLEARING LTD,JPY
6862,6862,KYG4290A1013,,HKD
6863,6863,KYG2117A1067,,HKD
6866,HIOKI EE CORP,,TOKYO STOCK EXCHANGE,JPY
6866,HIOKI E.E. CORPORATION,JP3783200003,,
6869,SYSMEX,,TOKYO STOCK EXCHANGE,JPY
6869,6869,CNE100001T72,,HKD
6869,SYSMEX CORPORATION,JP3351100007,,
6871,MICRONICS JAPAN,,TOKYO STOCK EXCHANGE,JPY
6871,"MICRONICS JAPAN CO.,LTD.",JP3750400008,,
6875,MEGACHIPS,,TOKYO STOCK EXCHANGE,JPY
6875,MEGACHIPS CORPORATION,JP3920860008,,
6877,OBARA GROUP INC,,TOKYO STOCK EXCHANGE,JPY
6877,OBARA GROUP INCORPORATED,JP3197650009,,
688,CHINA OVERSEAS LAND INVESTMENT LTD,,HONG KONG EXCHANGES AND CLEARING LTD,JPY
688,688,HK0688002218,,HKD
688002,RAYTRON TECHNOLOGY LTD A,,SHANGHAI STOCK EXCHANGE,JPY
688008,MONTAGE TECHNOLOGY A,,SHANGHAI STOCK EXCHANGE,JPY
688012,ADVANCED MICRO-FABRICATION EQUIPME,,SHANGHAI STOCK EXCHANGE,JPY
688019,ANJI MICROELECTRONICS TECHNOLOGY (,,SHANGHAI STOCK EXCHANGE,JPY
688027,QUANTUMCTEK LTD A,,SHANGHAI STOCK EXCHANGE,JPY
688036,SHENZHEN TRANSSION HOLDINGS A,,SHANGHAI STOCK EXCHANGE,JPY
688041,HYGON INFORMATION TECHNOLOGY LTD A,,SHANGHAI STOCK EXCHANGE,JPY
688047,LOONGSON TECHNOLOGY CORP LTD A,,SHANGHAI STOCK EXCHANGE,JPY
688048,SUZHOU EVERBRIGHT PHOTONICS LTD A,,SHANGHAI STOCK EXCHANGE,JPY
688072,PIOTECH INC A,,SHANGHAI STOCK EXCHANGE,JPY
688082,ACM RESEARCH (SHANGHAI) INC A,,SHANGHAI STOCK EXCHANGE,JPY
688099,AMLOGIC (SHANGHAI) LTD A,,SHANGHAI STOCK EXCHANGE,JPY
6881,CHINA GALAXY SECURITIES LTD H,,HONG KONG EXCHANGES AND CLEARING LTD,JPY
6881,6881,CNE100001NT6,,HKD
688110,DOSILICON LTD A,,SHANGHAI STOCK EXCHANGE,JPY
688111,BEIJING KINGSOFT OFFICE SOFTWARE A,,SHANGHAI STOCK EXCHANGE,JPY
688120,HWATSING TECHNOLOGY LTD A,,SHANGHAI STOCK EXCHANGE,JPY
688122,WESTERN SUPERCONDUCTING TECHNOLOGI,,SHANGHAI STOCK EXCHANGE,JPY
688126,NATIONAL SILICON INDUSTRY GROUP LT,,SHANGHAI STOCK EXCHANGE,JPY
688183,SHENGYI ELECTRONICS LTD A,,SHANGHAI STOCK EXCHANGE,JPY
688187,ZHUZHOU CRRC TIMES ELECTRIC LTD A,,SHANGHAI STOCK EXCHANGE,JPY
688188,SHANGHAI FRIENDESS ELECTRONICS TEC,,SHANGHAI STOCK EXCHANGE,JPY
688223,JINKO SOLAR LTD A,,SHANGHAI STOCK EXCHANGE,JPY
688249,NEXCHIP SEMICONDUCTOR CORP A,,SHANGHAI STOCK EXCHANGE,JPY
688256,CAMBRICON TECHNOLOGIES CORPORATION,,SHANGHAI STOCK EXCHANGE,JPY
688271,SHANGHAI UNITED IMAGING HEALTHCARE,,SHANGHAI STOCK EXCHANGE,JPY
688303,XINJIANG DAQO NEW ENERGY LTD A,,SHANGHAI STOCK EXCHANGE,JPY
688313,HENAN SHIJIA PHOTONS TECHNOLOGY LT,,SHANGHAI STOCK EXCHANGE,JPY
688331,REMEGEN A,,SHANGHAI STOCK EXCHANGE,JPY
688347,HUA HONG GRACE SEMICONDUCTOR LTD A,,SHANGHAI STOCK EXCHANGE,JPY
688361,SKYVERSE TECHNOLOGY LTD A,,SHANGHAI STOCK EXCHANGE,JPY
688375,GUOBO ELECTRONICS LTD A,,SHANGHAI STOCK EXCHANGE,JPY
688387,CICT MOBILE COMMUNICATION TECHNOLO,,SHANGHAI STOCK EXCHANGE,JPY
688396,CHINA RESOURCES MICROELECTRONICS L,,SHANGHAI STOCK EXCHANGE,JPY
688469,UNITED NOVA TECHNOLOGY LTD A,,SHANGHAI STOCK EXCHANGE,JPY
688472,CSI SOLAR LTD A,,SHANGHAI STOCK EXCHANGE,JPY
688498,YUANJIE SEMICONDUCTOR TECHNOLOGY L,,SHANGHAI STOCK EXCHANGE,JPY
688506,SICHUAN BIOKIN PHARMACEUTICAL A,,SHANGHAI STOCK EXCHANGE,JPY
688521,VERISILICON MICROELECTRONICS (SHAN,,SHANGHAI STOCK EXCHANGE,JPY
688525,BIWIN STORAGE TECHNOLOGY LTD A,,SHANGHAI STOCK EXCHANGE,JPY
688568,GEOVIS TECHNOLOGY LTD A,,SHANGHAI STOCK EXCHANGE,JPY
688578,SHANGHAI ALLIST PHARMACEUTICALS LT,,SHANGHAI STOCK EXCHANGE,JPY
688599,TRINA SOLAR A,,SHANGHAI STOCK EXCHANGE,JPY
6886,HUATAI SECURITIES H,,HONG KONG EXCHANGES AND CLEARING LTD,JPY
6886,6886,CNE100001YQ9,,HKD
688617,APT MEDICAL INC A,,SHANGHAI STOCK EXCHANGE,JPY
688629,SICHUAN HUAFENG TECHNOLOGY LTD A,,SHANGHAI STOCK EXCHANGE,JPY
6887,SUNSHINE LAKE PHARMA LTD CLASS H,,HONG KONG EXCHANGES AND CLEARING LTD,JPY
688702,SUZHOU CENTEC COMMUNICATIONS LTD A,,SHANGHAI STOCK EXCHANGE,JPY
688777,SUPCON TECHNOLOGY A,,SHANGHAI STOCK EXCHANGE,JPY
6890,LAI YIH FOOTWEAR LTD,,TAIWAN STOCK EXCHANGE,JPY
6890,FERROTEC CORPORATION,JP3802720007,,
6902,DENSO,,TOKYO STOCK EXCHANGE,JPY
6902,DENSO CORPORATION,JP3551500006,,
6905,COSEL LTD,,TOKYO STOCK EXCHANGE,JPY
6905,"COSEL CO.,LTD.",JP3283700007,,
6908,IRISO ELECTRONICS,,TOKYO STOCK EXCHANGE,JPY
6908,"IRISO ELECTRONICS CO.,LTD.",JP3149800009,,
6914,OPTEX GROUP LTD,,TOKYO STOCK EXCHANGE,JPY
6914,"OPTEX GROUP COMPANY,LIMITED",JP3197700002,,
6915,CHIYODA INTEGRE LTD,,TOKYO STOCK EXCHANGE,JPY
6915,"CHIYODA INTEGRE CO.,LTD.",JP3528450004,,
6919,CALIWAY BIOPHARMACEUTICALS,,TAIWAN STOCK EXCHANGE,JPY
6919,6919,TW0006919004,,TWD
6920,LASERTEC,,TOKYO STOCK EXCHANGE,JPY
6920,LASERTEC CORPORATION,JP3979200007,,
6923,STANLEY ELECTRIC,,TOKYO STOCK EXCHANGE,JPY
6923,"STANLEY ELECTRIC CO.,LTD.",JP3399400005,,
6925,USHIO INC,,TOKYO STOCK EXCHANGE,JPY
6925,USHIO INC.,JP3156400008,,
6929,NIPPON CERAMIC LTD,,TOKYO STOCK EXCHANGE,JPY
6929,"NIPPON CERAMIC CO.,LTD.",JP3725200004,,
694,BEIJING CAPITAL INTERNATIONAL AIRP,,HONG KONG EXCHANGES AND CLEARING LTD,JPY
6941,YAMAICHI ELECTRONICS LTD,,TOKYO STOCK EXCHANGE,JPY
6941,"YAMAICHI ELECTRONICS CO.,LTD.",JP3934200001,,
6944,MEGA UNION TECHNOLOGY INC,,TAIWAN STOCK EXCHANGE,JPY
6946,NIPPON AVIONICS CO LTD,,,
6947,ZUKEN INC,,TOKYO STOCK EXCHANGE,JPY
6947,ZUKEN INC.,JP3412000006,,
6951,JEOL,,TOKYO STOCK EXCHANGE,JPY
6951,JEOL LTD.,JP3735000006,,
6952,CASIO COMPUTER LTD,,TOKYO STOCK EXCHANGE,JPY
6952,"CASIO COMPUTER CO.,LTD.",JP3209000003,,
6954,FANUC CORP,,TOKYO STOCK EXCHANGE,JPY
6954,FANUC CORPORATION,JP3802400006,,
6955,SHANDONG BOAN BIOTECHNOLOGY LTD H,,HONG KONG EXCHANGES AND CLEARING LTD,JPY
6958,CMK CORP,,TOKYO STOCK EXCHANGE,JPY
6958,CMK CORPORATION,JP3712000003,,
696,TRAVELSKY TECHNOLOGY LTD H,,HONG KONG EXCHANGES AND CLEARING LTD,JPY
6960,FUKUDA DENSHI CO LTD,,,
6961,ENPLAS CORP,,TOKYO STOCK EXCHANGE,JPY
6961,ENPLAS CORPORATION,JP3169800004,,
6962,DAISHINKU CORP,,TOKYO STOCK EXCHANGE,JPY
6962,DAISHINKU CORP.,JP3484400001,,
6963,ROHM,,TOKYO STOCK EXCHANGE,JPY
6963,ROHM COMPANY LIMITED,JP3982800009,,
6965,HAMAMATSU PHOTONICS,,TOKYO STOCK EXCHANGE,JPY
6965,HAMAMATSU PHOTONICS K.K.,JP3771800004,,
6966,MITSUI HIGH TEC INC,,TOKYO STOCK EXCHANGE,JPY
6966,"MITSUI HIGH-TEC,INC.",JP3892400007,,
6969,SMOORE INTERNATIONAL HOLDINGS,,HONG KONG EXCHANGES AND CLEARING LTD,JPY
6969,6969,KYG8245V1023,,HKD
697,SHOUCHENG HOLDINGS,,HONG KONG EXCHANGES AND CLEARING LTD,JPY
6971,KYOCERA,,TOKYO STOCK EXCHANGE,JPY
6971,KYOCERA CORPORATION,JP3249600002,,
6976,TAIYO YUDEN LTD,,TOKYO STOCK EXCHANGE,JPY
6976,"TAIYO YUDEN CO.,LTD.",JP3452000007,,
6981,MURATA MANUFACTURING,,TOKYO STOCK EXCHANGE,JPY
6981,"MURATA MANUFACTURING CO.,LTD.",JP3914400001,,
6986,FUTABA CORP,,TOKYO STOCK EXCHANGE,JPY
6986,FUTABA CORPORATION,JP3824400000,,
6988,NITTO DENKO,,TOKYO STOCK EXCHANGE,JPY
6988,NITTO DENKO CORPORATION,JP3684000007,,
6990,SICHUAN KELUN-BIOTECH BIOPHARM LTD,,HONG KONG EXCHANGES AND CLEARING LTD,JPY
6990,6990,CNE1000062J1,,HKD
6995,TOKAI RIKA,,TOKYO STOCK EXCHANGE,JPY
6995,"TOKAI RIKA CO.,LTD.",JP3566600007,,
6996,NICHICON CORP,,TOKYO STOCK EXCHANGE,JPY
6996,NICHICON CORPORATION,JP3661800007,,
6997,NIPPON CHEMI CON CORP,,TOKYO STOCK EXCHANGE,JPY
6997,NIPPON CHEMI-CON CORPORATION,JP3701200002,,
6999,KOA CORP,,TOKYO STOCK EXCHANGE,JPY
6999,KOA CORPORATION,JP3283400004,,
700,TENCENT HOLDINGS,,HONG KONG EXCHANGES AND CLEARING LTD,JPY
700,700,KYG875721634,,HKD
7003,MITSUI E&S LTD,,TOKYO STOCK EXCHANGE,JPY
7003,"MITSUI E&S CO.,LTD.",JP3891600003,,
7004,KANADEVIA,,TOKYO STOCK EXCHANGE,JPY
7004,KANADEVIA CORPORATION,JP3789000001,,
7010,SAUDI TELECOM,,SAUDI STOCK EXCHANGE,JPY
7011,MITSUBISHI HEAVY INDUSTRIES,,TOKYO STOCK EXCHANGE,JPY
7011,"MITSUBISHI HEAVY INDUSTRIES,LTD.",JP3900000005,,
7012,KAWASAKI HEAVY INDUSTRIES,,TOKYO STOCK EXCHANGE,JPY
7012,"KAWASAKI HEAVY INDUSTRIES,LTD.",JP3224200000,,
7013,IHI,,TOKYO STOCK EXCHANGE,JPY
7013,IHI CORPORATION,JP3134800006,,
7014,NAMURA SHIPBUILDING,,TOKYO STOCK EXCHANGE,JPY
7014,"NAMURA SHIPBUILDING CO.,LTD.",JP3651400008,,
7020,ETIHAD ETISALAT,,SAUDI STOCK EXCHANGE,JPY
7030,MOBILE TELECOMMUNICATIONS,,SAUDI STOCK EXCHANGE,JPY
7033,MANAGEMENT SOLUTIONS LTD,,TOKYO STOCK EXCHANGE,JPY
7033,"MANAGEMENT SOLUTIONS CO.,LTD.",JP3869980007,,
7034,PRORED PARTNERS LTD,,TOKYO STOCK EXCHANGE,JPY
7034,"PRORED PARTNERS CO.,LTD.",JP3833830007,,
7038,FRONTIER MANAGEMENT INC,,TOKYO STOCK EXCHANGE,JPY
7038,FRONTIER MANAGEMENT INC.,JP3829550007,,
7040,ETIHAD ATHEEB TELECOMMUNICATION,,SAUDI STOCK EXCHANGE,JPY
7071,AMVIS HOLDINGS INC,,TOKYO STOCK EXCHANGE,JPY
7071,"AMVIS HOLDINGS,INC.",JP3128660002,,
7085,CURVES HOLDINGS LTD,,TOKYO STOCK EXCHANGE,JPY
7085,"CURVES HOLDINGS CO.,LTD.",JP3205100005,,
7095,MACBEE PLANET INC,,TOKYO STOCK EXCHANGE,JPY
7095,"MACBEE PLANET,INC.",JP3862970005,,
7102,NIPPON SHARYO LTD,,TOKYO STOCK EXCHANGE,JPY
7102,"NIPPON SHARYO,LTD.",JP3713600009,,
7128,UNISOL HOLDINGS CORP,,TOKYO STOCK EXCHANGE,JPY
7128,UNISOL HOLDINGS CORPORATION,JP3828100002,,
7130,YAMAE GROUP HOLDINGS LTD,,TOKYO STOCK EXCHANGE,JPY
7130,"YAMAE GROUP HOLDINGS CO.,LTD.",JP3934350004,,
7148,FINANCIAL PRODUCTS GROUP LTD,,TOKYO STOCK EXCHANGE,JPY
7148,"FINANCIAL PARTNERS GROUP CO.,LTD.",JP3166990006,,
7157,LIFENET INSURANCE,,TOKYO STOCK EXCHANGE,JPY
7157,LIFENET INSURANCE COMPANY,JP3966660007,,
7164,ZENKOKU HOSHO LTD,,TOKYO STOCK EXCHANGE,JPY
7164,"ZENKOKU HOSHO CO.,LTD.",JP3429250008,,
7167,MEBUKI FINANCIAL GROUP INC,,TOKYO STOCK EXCHANGE,JPY
7167,"MEBUKI FINANCIAL GROUP,INC.",JP3117700009,,
7172,JAPAN INVESTMENT ADVISER LTD,,TOKYO STOCK EXCHANGE,JPY
7172,"JAPAN INVESTMENT ADVISER CO.,LTD.",JP3389470000,,
7173,TOKYO KIRABOSHI FINANCIAL GROUP IN,,TOKYO STOCK EXCHANGE,JPY
7173,"TOKYO KIRABOSHI FINANCIAL GROUP,INC.",JP3584400000,,
7177,GMO FINANCIAL HOLDINGS INC,,,
7180,KYUSHU FINANCIAL GROUP INC,,TOKYO STOCK EXCHANGE,JPY
7180,"KYUSHU FINANCIAL GROUP,INC.",JP3246500007,,
7181,JAPAN POST INSURANCE LTD,,TOKYO STOCK EXCHANGE,JPY
7181,"JAPAN POST INSURANCE CO.,LTD.",JP3233250004,,
7182,JAPAN POST BANK LTD,,TOKYO STOCK EXCHANGE,JPY
7182,"JAPAN POST BANK CO.,LTD.",JP3946750001,,
7184,THE FIRST BANK OF TOYAMA LTD,,TOKYO STOCK EXCHANGE,JPY
7184,"THE FIRST BANK OF TOYAMA,LTD.",JP3632150003,,
7186,YOKOHAMA FINANCIAL GROUP,,TOKYO STOCK EXCHANGE,JPY
7186,"YOKOHAMA FINANCIAL GROUP,INC.",JP3305990008,,
7187,J-LEASE LTD,,TOKYO STOCK EXCHANGE,JPY
7187,"J-LEASE CO.,LTD.",JP3386590008,,
7189,NISHI-NIPPON FINANCIAL HOLDINGS IN,,TOKYO STOCK EXCHANGE,JPY
7189,"NISHI-NIPPON FINANCIAL HOLDINGS,INC.",JP3658850007,,
7198,SBI ARUHI CORP,,TOKYO STOCK EXCHANGE,JPY
7198,SBI ARUHI CORPORATION,JP3126290000,,
7199,PREMIUM GROUP LTD,,TOKYO STOCK EXCHANGE,JPY
7199,"PREMIUM GROUP CO.,LTD.",JP3833710001,,
7200,AL MOAMMAR INFORMATION SYSTEMS,,SAUDI STOCK EXCHANGE,JPY
7201,NISSAN MOTOR,,TOKYO STOCK EXCHANGE,JPY
7201,"NISSAN MOTOR CO.,LTD.",JP3672400003,,
7202,ISUZU MOTORS,,TOKYO STOCK EXCHANGE,JPY
7202,ISUZU MOTORS LIMITED,JP3137200006,,
7203,TOYOTA MOTOR,,TOKYO STOCK EXCHANGE,JPY
7203,TOYOTA MOTOR CORPORATION,JP3633400001,,
7211,MITSUBISHI MOTORS,,TOKYO STOCK EXCHANGE,JPY
7211,MITSUBISHI MOTORS CORPORATION,JP3899800001,,
7220,MUSASHI SEIMITSU INDUSTRY LTD,,TOKYO STOCK EXCHANGE,JPY
7220,"MUSASHI SEIMITSU INDUSTRY CO.,LTD.",JP3912700006,,
7222,NISSAN SHATAI LTD,,TOKYO STOCK EXCHANGE,JPY
7222,"NISSAN SHATAI CO.,LTD.",JP3672000001,,
7224,SHINMAYWA INDUSTRIES LTD,,TOKYO STOCK EXCHANGE,JPY
7224,"SHINMAYWA INDUSTRIES,LTD.",JP3384600007,,
7226,KYOKUTO KAIHATSU KOGYO LTD,,TOKYO STOCK EXCHANGE,JPY
7226,"KYOKUTO KAIHATSU KOGYO CO.,LTD.",JP3256900006,,
7231,TOPY INDUSTRIES LTD,,TOKYO STOCK EXCHANGE,JPY
7231,"TOPY INDUSTRIES,LIMITED",JP3630200008,,
7236,T RAD LTD,,TOKYO STOCK EXCHANGE,JPY
7236,"T.RAD CO.,LTD.",JP3620200000,,
7238,AKEBONO BRAKE INDUSTRY LTD,,TOKYO STOCK EXCHANGE,JPY
7238,"AKEBONO BRAKE INDUSTRY CO.,LTD.",JP3108400007,,
7239,TACHI-S LTD,,TOKYO STOCK EXCHANGE,JPY
7239,"TACHI-S CO.,LTD.",JP3465400004,,
7240,NOK CORP,,TOKYO STOCK EXCHANGE,JPY
7240,NOK CORPORATION,JP3164800009,,
7241,FUTABA INDUSTRIAL LTD,,TOKYO STOCK EXCHANGE,JPY
7241,"FUTABA INDUSTRIAL CO.,LTD.",JP3824000008,,
7242,KYB,,TOKYO STOCK EXCHANGE,JPY
7242,KYB CORPORATION,JP3220200004,,
7244,ICHIKOH INDUSTRIES LTD,,TOKYO STOCK EXCHANGE,JPY
7244,"ICHIKOH INDUSTRIES,LTD.",JP3141600001,,
7245,DAIDO METAL,,TOKYO STOCK EXCHANGE,JPY
7245,"DAIDO METAL CO.,LTD.",JP3491800003,,
7246,PRESS KOGYO CO LTD,,TOKYO STOCK EXCHANGE,JPY
7246,"PRESS KOGYO CO.,LTD.",JP3833600004,,
7259,AISIN,,TOKYO STOCK EXCHANGE,JPY
7259,AISIN CORPORATION,JP3102000001,,
7261,MAZDA MOTOR,,TOKYO STOCK EXCHANGE,JPY
7261,MAZDA MOTOR CORPORATION,JP3868400007,,
7267,HONDA MOTOR,,TOKYO STOCK EXCHANGE,JPY
7267,"HONDA MOTOR CO.,LTD.",JP3854600008,,
7269,SUZUKI MOTOR,,TOKYO STOCK EXCHANGE,JPY
7269,SUZUKI MOTOR CORPORATION,JP3397200001,,
7270,SUBARU,,TOKYO STOCK EXCHANGE,JPY
7270,SUBARU CORPORATION,JP3814800003,,
7272,YAMAHA MOTOR,,TOKYO STOCK EXCHANGE,JPY
7272,"YAMAHA MOTOR CO.,LTD.",JP3942800008,,
7276,KOITO MANUFACTURING,,TOKYO STOCK EXCHANGE,JPY
7276,"KOITO MANUFACTURING CO.,LTD.",JP3284600008,,
7278,EXEDY CORP,,TOKYO STOCK EXCHANGE,JPY
7278,EXEDY CORPORATION,JP3161160001,,
7280,MITSUBA CORP,,TOKYO STOCK EXCHANGE,JPY
7280,MITSUBA CORPORATION,JP3895200008,,
7282,TOYODA GOSEI,,TOKYO STOCK EXCHANGE,JPY
7282,"TOYODA GOSEI CO.,LTD.",JP3634200004,,
7283,AISAN INDUSTRY,,TOKYO STOCK EXCHANGE,JPY
7283,"AISAN INDUSTRY CO.,LTD.",JP3101600009,,
7294,YOROZU CORP,,TOKYO STOCK EXCHANGE,JPY
7294,YOROZU CORPORATION,JP3961400003,,
7296,FCC LTD,,TOKYO STOCK EXCHANGE,JPY
7296,"F.C.C.CO.,LTD.",JP3166900005,,
7309,SHIMANO INC,,TOKYO STOCK EXCHANGE,JPY
7309,SHIMANO INC.,JP3358000002,,
7313,TS TECH LTD,,TOKYO STOCK EXCHANGE,JPY
7313,"TS TECH CO.,LTD.",JP3539230007,,
7322,SAN JU SAN FINANCIAL GROUP INC,,TOKYO STOCK EXCHANGE,JPY
7322,"SAN JU SAN FINANCIAL GROUP,INC.",JP3333500001,,
7327,DAISHI HOKUETSU FINANCIAL GROUP,,TOKYO STOCK EXCHANGE,JPY
7327,"DAISHI HOKUETSU FINANCIAL GROUP,INC.",JP3483850008,,
7337,HIROGIN HOLDINGS INC,,TOKYO STOCK EXCHANGE,JPY
7337,"HIROGIN HOLDINGS,INC.",JP3796150005,,
7350,OKINAWA FINANCIAL GROUP INC,,TOKYO STOCK EXCHANGE,JPY
7350,"OKINAWA FINANCIAL GROUP,INC.",JP3194750000,,
7354,DIRECT MARKETING MIX INC,,TOKYO STOCK EXCHANGE,JPY
7354,DIRECT MARKETING MIX INC.,JP3500170000,,
7358,POPPINS CORP,,TOKYO STOCK EXCHANGE,JPY
7358,POPPINS CORPORATION,JP3856500008,,
7366,LITALICO INC,,TOKYO STOCK EXCHANGE,JPY
7366,LITALICO INC.,JP3974470001,,
7380,JUROKU FINANCIAL GROUP INC,,TOKYO STOCK EXCHANGE,JPY
7380,"JUROKU FINANCIAL GROUP,INC.",JP3392650002,,
7381,CCI GROUP INC,,TOKYO STOCK EXCHANGE,JPY
7381,"CCI GROUP,INC.",JP3851600001,,
7383,NET PROTECTIONS HOLDINGS INC,,TOKYO STOCK EXCHANGE,JPY
7383,"NET PROTECTIONS HOLDINGS,INC.",JP3758270007,,
7384,PROCREA HOLDINGS INC,,TOKYO STOCK EXCHANGE,JPY
7384,"PROCREA HOLDINGS,INC.",JP3833850005,,
7388,FP PARTNER,,TOKYO STOCK EXCHANGE,JPY
7388,FP PARTNER INC.,JP3167010002,,
7389,AICHI FINANCIAL GROUP INC,,TOKYO STOCK EXCHANGE,JPY
7389,"AICHI FINANCIAL GROUP,INC.",JP3104790005,,
7414,ONOKEN LTD,,TOKYO STOCK EXCHANGE,JPY
7414,"ONOKEN CO.,LTD.",JP3196700003,,
7419,NOJIMA,,TOKYO STOCK EXCHANGE,JPY
7419,"NOJIMA CO.,LTD.",JP3761600000,,
7421,KAPPA CREATE LTD,,TOKYO STOCK EXCHANGE,JPY
7421,"KAPPA.CREATE CO.,LTD.",JP3212400000,,
7433,HAKUTO LTD,,TOKYO STOCK EXCHANGE,JPY
7433,"HAKUTO CO.,LTD.",JP3766400000,,
7438,KONDOTEC INC,,TOKYO STOCK EXCHANGE,JPY
7438,KONDOTEC INC.,JP3306050000,,
7447,NAGAILEBEN LTD,,TOKYO STOCK EXCHANGE,JPY
7447,"NAGAILEBEN CO.,LTD.",JP3647000003,,
7453,RYOHIN KEIKAKU,,TOKYO STOCK EXCHANGE,JPY
7453,"RYOHIN KEIKAKU CO.,LTD.",JP3976300008,,
7456,MATSUDA SANGYO LTD,,TOKYO STOCK EXCHANGE,JPY
7456,"MATSUDA SANGYO CO.,LTD.",JP3868500004,,
7458,DAIICHIKOSHO LTD,,TOKYO STOCK EXCHANGE,JPY
7458,"DAIICHIKOSHO CO.,LTD.",JP3475200006,,
7459,MEDIPAL HOLDINGS CORP,,TOKYO STOCK EXCHANGE,JPY
7459,MEDIPAL HOLDINGS CORPORATION,JP3268950007,,
7463,ADVAN GROUP LTD,,TOKYO STOCK EXCHANGE,JPY
7463,"ADVAN GROUP CO.,LTD.",JP3121950004,,
7466,SPK CORP,,TOKYO STOCK EXCHANGE,JPY
7466,SPK CORPORATION,JP3163800000,,
7475,ALBIS LTD,,TOKYO STOCK EXCHANGE,JPY
7475,"ALBIS CO.,LTD.",JP3126300007,,
7476,AS ONE CORP,,TOKYO STOCK EXCHANGE,JPY
7476,AS ONE CORPORATION,JP3131300000,,
7480,SUZUDEN CORP,,TOKYO STOCK EXCHANGE,JPY
7480,SUZUDEN CORPORATION,JP3398400006,,
7482,SHIMOJIMA LTD,,TOKYO STOCK EXCHANGE,JPY
7482,"SHIMOJIMA CO.,LTD.",JP3359500000,,
7483,DOSHISHA LTD,,TOKYO STOCK EXCHANGE,JPY
7483,"DOSHISHA CO.,LTD.",JP3638000004,,
7489,VOYAH AUTOMOTIVE TECHNOLOGY LTD CL,,HONG KONG EXCHANGES AND CLEARING LTD,JPY
7504,KOHSOKU CORP,,TOKYO STOCK EXCHANGE,JPY
7504,KOHSOKU CORPORATION,JP3288900008,,
7508,G-7 HOLDINGS INC,,TOKYO STOCK EXCHANGE,JPY
7508,G-7 HOLDINGS INC.,JP3172450003,,
751,SKYWORTH GROUP LTD,,HONG KONG EXCHANGES AND CLEARING LTD,JPY
7510,TAKEBISHI CORP,,TOKYO STOCK EXCHANGE,JPY
7510,TAKEBISHI CORPORATION,JP3463100002,,
7512,AEON HOKKAIDO CORP,,TOKYO STOCK EXCHANGE,JPY
7512,AEON HOKKAIDO CORPORATION,JP3860270002,,
7513,KOJIMA LTD,,TOKYO STOCK EXCHANGE,JPY
7513,"KOJIMA CO.,LTD.",JP3297380002,,
7516,KOHNAN SHOJI LTD,,TOKYO STOCK EXCHANGE,JPY
7516,"KOHNAN SHOJI CO.,LTD.",JP3283750002,,
7520,ECOS LTD,,TOKYO STOCK EXCHANGE,JPY
7520,"ECO'S CO.,LTD.",JP3161180009,,
7522,WATAMI LTD,,TOKYO STOCK EXCHANGE,JPY
7522,"WATAMI CO.,LTD.",JP3993900004,,
7525,RIX CORP,,TOKYO STOCK EXCHANGE,JPY
7525,RIX CORPORATION,JP3974500005,,
7527,SYSTEMSOFT CORP,,TOKYO STOCK EXCHANGE,JPY
7527,SYSTEMSOFT CORPORATION,JP3351000009,,
7532,PAN PACIFIC INTERNATIONAL HOLDINGS,,TOKYO STOCK EXCHANGE,JPY
7532,PAN PACIFIC INTERNATIONAL HOLDINGS CORPO,JP3639650005,,
7537,MARUBUN CORP,,TOKYO STOCK EXCHANGE,JPY
7537,MARUBUN CORPORATION,JP3877500003,,
754,HOPSON DEVELOPMENT HOLDINGS,,HONG KONG EXCHANGES AND CLEARING LTD,JPY
7545,NISHIMATSUYA CHAIN LTD,,TOKYO STOCK EXCHANGE,JPY
7545,"NISHIMATSUYA CHAIN CO.,LTD.",JP3659300002,,
7550,ZENSHO HOLDINGS,,TOKYO STOCK EXCHANGE,JPY
7550,"ZENSHO HOLDINGS CO.,LTD.",JP3429300001,,
7552,HAPPINET CORP,,TOKYO STOCK EXCHANGE,JPY
7552,HAPPINET CORPORATION,JP3770300006,,
7554,KOURAKUEN CORP,,TOKYO STOCK EXCHANGE,JPY
7554,KOURAKUEN CORPORATION,JP3292400003,,
7564,WORKMAN LTD,,TOKYO STOCK EXCHANGE,JPY
7564,"WORKMAN CO.,LTD.",JP3990100004,,
7570,HASHIMOTO SOGYO HOLDINGS LTD,,TOKYO STOCK EXCHANGE,JPY
7570,"HASHIMOTO SOGYO HOLDINGS CO.,LTD.",JP3768000006,,
7575,JAPAN LIFELINE,,TOKYO STOCK EXCHANGE,JPY
7575,"JAPAN LIFELINE CO.,LTD.",JP3754500001,,
7581,SAIZERIYA LTD,,TOKYO STOCK EXCHANGE,JPY
7581,"SAIZERIYA CO.,LTD.",JP3310500008,,
7590,TAKASHO,,TOKYO STOCK EXCHANGE,JPY
7590,"TAKASHO CO.,LTD.",JP3456500002,,
7593,VT HOLDINGS,,TOKYO STOCK EXCHANGE,JPY
7593,"VT HOLDINGS CO.,LTD.",JP3854700006,,
7595,ARGO GRAPHICS INC,,TOKYO STOCK EXCHANGE,JPY
7595,ARGO GRAPHICS INC.,JP3126110000,,
7596,UORIKI LTD,,TOKYO STOCK EXCHANGE,JPY
7596,"UORIKI CO.,LTD.",JP3155800000,,
7599,IDOM INC,,TOKYO STOCK EXCHANGE,JPY
7599,IDOM INC.,JP3235700006,,
7600,JAPAN MEDICAL DYNAMIC MARKETING IN,,TOKYO STOCK EXCHANGE,JPY
7600,"JAPAN MEDICAL DYNAMIC MARKETING,INC.",JP3689100000,,
7606,UNITED ARROWS LTD,,TOKYO STOCK EXCHANGE,JPY
7606,UNITED ARROWS LTD.,JP3949400000,,
7607,SHINWA LTD,,TOKYO STOCK EXCHANGE,JPY
7607,"SHINWA CO.,LTD.",JP3384710004,,
7609,DAITRON LTD,,TOKYO STOCK EXCHANGE,JPY
7609,"DAITRON CO.,LTD.",JP3487600003,,
7611,HIDAY HIDAKA CORP,,TOKYO STOCK EXCHANGE,JPY
7611,HIDAY HIDAKA CORP.,JP3765180009,,
7613,SIIX CORP,,TOKYO STOCK EXCHANGE,JPY
7613,SIIX CORPORATION,JP3346700002,,
7616,COLOWIDE LTD,,TOKYO STOCK EXCHANGE,JPY
7616,"COLOWIDE CO.,LTD.",JP3305970000,,
7628,OHASHI TECHNICA INC,,TOKYO STOCK EXCHANGE,JPY
7628,OHASHI TECHNICA INC.,JP3173100003,,
763,ZTE CORP H,,HONG KONG EXCHANGES AND CLEARING LTD,JPY
763,763,CNE1000004Y2,,HKD
7630,ICHIBANYA,,TOKYO STOCK EXCHANGE,JPY
7630,"ICHIBANYA CO.,LTD.",JP3142150006,,
7637,HAKUDO LTD,,TOKYO STOCK EXCHANGE,JPY
7637,"HAKUDO CO.,LTD.",JP3766500007,,
7649,SUGI HOLDINGS LTD,,TOKYO STOCK EXCHANGE,JPY
7649,"SUGI HOLDINGS CO.,LTD.",JP3397060009,,
7679,YAKUODO HOLDINGS LTD,,TOKYO STOCK EXCHANGE,JPY
7679,"YAKUODO HOLDINGS CO.,LTD.",JP3931410009,,
7683,WA INC,,TOKYO STOCK EXCHANGE,JPY
7683,"WA,INC.",JP3505990006,,
7685,BUYSELL TECHNOLOGIES CO LTD,,,
7701,SHIMADZU,,TOKYO STOCK EXCHANGE,JPY
7701,SHIMADZU CORPORATION,JP3357200009,,
7702,JMS LTD,,TOKYO STOCK EXCHANGE,JPY
7702,"JMS CO.,LTD.",JP3386050003,,
7715,NAGANO KEIKI LTD,,TOKYO STOCK EXCHANGE,JPY
7715,"NAGANO KEIKI CO.,LTD.",JP3648350001,,
7716,NAKANISHI INC,,TOKYO STOCK EXCHANGE,JPY
7716,NAKANISHI INC.,JP3642500007,,
7717,V TECHNOLOGY LTD,,TOKYO STOCK EXCHANGE,JPY
7717,"V TECHNOLOGY CO.,LTD.",JP3829900004,,
772,CHINA LITERATURE LTD,,HONG KONG EXCHANGES AND CLEARING LTD,JPY
7721,TOKYO KEIKI INC,,TOKYO STOCK EXCHANGE,JPY
7721,TOKYO KEIKI INC.,JP3624000000,,
7723,AICHI TOKEI DENKI LTD,,TOKYO STOCK EXCHANGE,JPY
7723,"AICHI TOKEI DENKI CO.,LTD.",JP3104400001,,
7725,INTER ACTION CORP,,TOKYO STOCK EXCHANGE,JPY
7725,INTER ACTION CORPORATION,JP3152720003,,
7729,TOKYO SEIMITSU LTD,,TOKYO STOCK EXCHANGE,JPY
7729,"TOKYO SEIMITSU CO.,LTD.",JP3580200008,,
773,CHINA METAL RECYCLING (HOLDINGS) L,,HONG KONG EXCHANGES AND CLEARING LTD,JPY
7730,MANI,,TOKYO STOCK EXCHANGE,JPY
7730,"MANI,INC.",JP3869920003,,
7731,NIKON,,TOKYO STOCK EXCHANGE,JPY
7731,NIKON CORPORATION,JP3657400002,,
7733,OLYMPUS,,TOKYO STOCK EXCHANGE,JPY
7733,OLYMPUS CORPORATION,JP3201200007,,
7734,RIKEN KEIKI LTD,,TOKYO STOCK EXCHANGE,JPY
7734,"RIKEN KEIKI CO.,LTD.",JP3971000009,,
7735,SCREEN HOLDINGS LTD,,TOKYO STOCK EXCHANGE,JPY
7735,"SCREEN HOLDINGS CO.,LTD.",JP3494600004,,
7740,TAMRON LTD,,TOKYO STOCK EXCHANGE,JPY
7740,"TAMRON CO.,LTD.",JP3471800007,,
7741,HOYA,,TOKYO STOCK EXCHANGE,JPY
7741,HOYA CORPORATION,JP3837800006,,
7744,NORITSU KOKI LTD,,TOKYO STOCK EXCHANGE,JPY
7744,"NORITSU KOKI CO.,LTD.",JP3759500006,,
7745,A&D HOLON HOLDINGS LIMITED LTD,,TOKYO STOCK EXCHANGE,JPY
7745,"A&D HOLON HOLDINGS COMPANY,LIMITED",JP3160130005,,
7747,ASAHI INTECC,,TOKYO STOCK EXCHANGE,JPY
7747,"ASAHI INTECC CO.,LTD.",JP3110650003,,
7749,INTELLIGO TECHNOLOGY INC,,TAIWAN STOCK EXCHANGE,JPY
7750,SYNTEC TECHNOLOGY LTD,,TAIWAN STOCK EXCHANGE,JPY
7751,CANON,,TOKYO STOCK EXCHANGE,JPY
7751,CANON INC.,JP3242800005,,
7752,RICOH,,TOKYO STOCK EXCHANGE,JPY
7752,"RICOH COMPANY,LTD.",JP3973400009,,
7762,CITIZEN WATCH LTD,,TOKYO STOCK EXCHANGE,JPY
7762,"CITIZEN WATCH CO.,LTD.",JP3352400000,,
7769,HONPRECISION INC,,TAIWAN STOCK EXCHANGE,JPY
7769,7769,TW0007769002,,TWD
777,NETDRAGON WEBSOFT LTD,,HONG KONG EXCHANGES AND CLEARING LTD,JPY
7779,CYBERDYNE INC,,,
778,778,SG1O33912138,,HKD
7780,MENICON LTD,,TOKYO STOCK EXCHANGE,JPY
7780,"MENICON CO.,LTD.",JP3921270009,,
7799,HERON NEUTRON MEDICAL CORP,,TAIWAN STOCK EXCHANGE,JPY
780,TONGCHENG TRAVEL HOLDINGS,,HONG KONG EXCHANGES AND CLEARING LTD,JPY
780,780,KYG8918W1069,,HKD
7803,BUSHIROAD INC,,,
7818,TRANSACTION LTD,,TOKYO STOCK EXCHANGE,JPY
7818,"TRANSACTION CO.,LTD.",JP3635670007,,
7820,NIHON FLUSH LTD,,TOKYO STOCK EXCHANGE,JPY
7820,"NIHON FLUSH CO.,LTD.",JP3756230003,,
7821,MAEDA KOSEN LTD,,TOKYO STOCK EXCHANGE,JPY
7821,"MAEDA KOSEN CO.,LTD.",JP3861250003,,
7823,ARTNATURE INC,,TOKYO STOCK EXCHANGE,JPY
7823,ARTNATURE INC.,JP3100210008,,
7826,FURUYA METAL LTD,,TOKYO STOCK EXCHANGE,JPY
7826,"FURUYA METAL CO.,LTD.",JP3828850002,,
7832,BANDAI NAMCO HOLDINGS INC,,TOKYO STOCK EXCHANGE,JPY
7832,BANDAI NAMCO HOLDINGS INC.,JP3778630008,,
7839,SHOEI LTD,,TOKYO STOCK EXCHANGE,JPY
7839,"SHOEI CO.,LTD.",JP3360900009,,
7840,FRANCE BED HOLDINGS LTD,,TOKYO STOCK EXCHANGE,JPY
7840,"FRANCE BED HOLDINGS CO.,LTD.",JP3826500005,,
7844,MARVELOUS INC,,TOKYO STOCK EXCHANGE,JPY
7844,MARVELOUS INC.,JP3860230006,,
7846,PILOT,,TOKYO STOCK EXCHANGE,JPY
7846,PILOT CORPORATION,JP3780610006,,
7856,HAGIHARA INDUSTRIES INC,,TOKYO STOCK EXCHANGE,JPY
7856,HAGIHARA INDUSTRIES INC.,JP3765500008,,
7860,AVEX INC,,TOKYO STOCK EXCHANGE,JPY
7860,AVEX INC.,JP3160950006,,
7864,FUJI SEAL INTERNATIONAL INC,,TOKYO STOCK EXCHANGE,JPY
7864,"FUJI SEAL INTERNATIONAL,INC.",JP3813800004,,
7867,TOMY LTD,,TOKYO STOCK EXCHANGE,JPY
7867,"TOMY COMPANY,LTD.",JP3630550006,,
7868,KOSAIDO HOLDINGS LTD,,TOKYO STOCK EXCHANGE,JPY
7868,"KOSAIDO HOLDINGS CO.,LTD.",JP3287700003,,
7874,LEC INC,,TOKYO STOCK EXCHANGE,JPY
7874,"LEC,INC.",JP3410800001,,
788,CHINA TOWER CORP LTD H,,HONG KONG EXCHANGES AND CLEARING LTD,JPY
788,788,CNE100006V65,,HKD
7888,SANKO GOSEI LTD,,TOKYO STOCK EXCHANGE,JPY
7888,SANKO GOSEI LTD.,JP3330900006,,
7893,PRONEXUS INC,,TOKYO STOCK EXCHANGE,JPY
7893,PRONEXUS INC.,JP3119000002,,
7906,YONEX LTD,,TOKYO STOCK EXCHANGE,JPY
7906,"YONEX CO.,LTD.",JP3960000002,,
7911,TOPPAN HOLDINGS,,TOKYO STOCK EXCHANGE,JPY
7911,TOPPAN HOLDINGS INC.,JP3629000005,,
7912,DAI NIPPON PRINTING,,TOKYO STOCK EXCHANGE,JPY
7912,"DAI NIPPON PRINTING CO.,LTD.",JP3493800001,,
7914,KYODO PRINTING LTD,,TOKYO STOCK EXCHANGE,JPY
7914,"KYODO PRINTING CO.,LTD.",JP3252800002,,
7915,NISSHA,,TOKYO STOCK EXCHANGE,JPY
7915,"NISSHA CO.,LTD.",JP3713200008,,
7917,ZACROS CORP,,TOKYO STOCK EXCHANGE,JPY
7917,ZACROS CORPORATION,JP3821000001,,
7921,TAKARA & LTD,,TOKYO STOCK EXCHANGE,JPY
7921,TAKARA & COMPANY LTD.,JP3459000000,,
7931,MIRAI INDUSTRY LTD,,TOKYO STOCK EXCHANGE,JPY
7931,"MIRAI INDUSTRY CO.,LTD.",JP3910600000,,
7936,ASICS,,TOKYO STOCK EXCHANGE,JPY
7936,ASICS CORPORATION,JP3118000003,,
7937,TSUTSUMI JEWELRY LTD,,TOKYO STOCK EXCHANGE,JPY
7937,"TSUTSUMI JEWELRY CO.,LTD.",JP3533500009,,
7942,JSP CORP,,TOKYO STOCK EXCHANGE,JPY
7942,JSP CORPORATION,JP3386000008,,
7943,NICHIHA CORP,,TOKYO STOCK EXCHANGE,JPY
7943,NICHIHA CORPORATION,JP3662200009,,
7944,ROLAND CORP,,TOKYO STOCK EXCHANGE,JPY
7944,ROLAND CORPORATION,JP3983400007,,
7947,FP CORP,,TOKYO STOCK EXCHANGE,JPY
7947,FP CORPORATION,JP3167000003,,
7949,KOMATSU WALL INDUSTRY LTD,,TOKYO STOCK EXCHANGE,JPY
7949,"KOMATSU WALL INDUSTRY CO.,LTD.",JP3303200004,,
7951,YAMAHA,,TOKYO STOCK EXCHANGE,JPY
7951,YAMAHA CORPORATION,JP3942600002,,
7952,KAWAI MUSICAL INSTRUMENTS MANUFACT,,TOKYO STOCK EXCHANGE,JPY
7952,KAWAI MUSICAL INSTRUMENTS MANUFACTURING,JP3221400009,,
7955,CLEANUP CORP,,TOKYO STOCK EXCHANGE,JPY
7955,CLEANUP CORPORATION,JP3270200003,,
7956,PIGEON,,TOKYO STOCK EXCHANGE,JPY
7956,PIGEON CORPORATION,JP3801600002,,
7962,KING JIM LTD,,TOKYO STOCK EXCHANGE,JPY
7962,"KING JIM CO.,LTD.",JP3262000007,,
7965,ZOJIRUSHI,,TOKYO STOCK EXCHANGE,JPY
7965,ZOJIRUSHI CORPORATION,JP3437400009,,
7966,LINTEC,,TOKYO STOCK EXCHANGE,JPY
7966,LINTEC CORPORATION,JP3977200009,,
7970,SHIN ETSU POLYMER LTD,,TOKYO STOCK EXCHANGE,JPY
7970,"SHIN-ETSU POLYMER CO.,LTD.",JP3371600002,,
7972,ITOKI,,TOKYO STOCK EXCHANGE,JPY
7972,ITOKI CORPORATION,JP3142700008,,
7974,NINTENDO,,TOKYO STOCK EXCHANGE,JPY
7974,"NINTENDO CO.,LTD.",JP3756600007,,
7976,MITSUBISHI PENCIL LTD,,TOKYO STOCK EXCHANGE,JPY
7976,"MITSUBISHI PENCIL COMPANY,LIMITED",JP3895600009,,
7979,SHOFU INC,,TOKYO STOCK EXCHANGE,JPY
7979,SHOFU INC.,JP3363600002,,
7981,TAKARA STANDARD LTD,,TOKYO STOCK EXCHANGE,JPY
7981,"TAKARA STANDARD CO.,LTD.",JP3460000007,,
7984,KOKUYO LTD,,TOKYO STOCK EXCHANGE,JPY
7984,"KOKUYO CO.,LTD.",JP3297000006,,
7987,NAKABAYASHI LTD,,TOKYO STOCK EXCHANGE,JPY
7987,"NAKABAYASHI CO.,LTD.",JP3644400008,,
7988,NIFCO INC,,TOKYO STOCK EXCHANGE,JPY
7988,NIFCO INC.,JP3756200006,,
7989,TACHIKAWA CORP,,TOKYO STOCK EXCHANGE,JPY
7989,TACHIKAWA CORPORATION,JP3466200007,,
7990,GLOBERIDE INC,,TOKYO STOCK EXCHANGE,JPY
7990,"GLOBERIDE,INC.",JP3503800009,,
7994,OKAMURA CORP,,TOKYO STOCK EXCHANGE,JPY
7994,OKAMURA CORPORATION,JP3192400004,,
7995,VALQUA LTD,,TOKYO STOCK EXCHANGE,JPY
7995,"VALQUA,LTD.",JP3744200001,,
800,WERIDE INC,,HONG KONG EXCHANGES AND CLEARING LTD,JPY
8001,ITOCHU,,TOKYO STOCK EXCHANGE,JPY
8001,ITOCHU CORPORATION,JP3143600009,,
8002,MARUBENI,,TOKYO STOCK EXCHANGE,JPY
8002,MARUBENI CORPORATION,JP3877600001,,
8005,SCROLL,,TOKYO STOCK EXCHANGE,JPY
8005,SCROLL CORPORATION,JP3913600007,,
8008,YONDOSHI HOLDINGS INC,,TOKYO STOCK EXCHANGE,JPY
8008,YONDOSHI HOLDINGS INC.,JP3119950008,,
8010,THE COOPERATIVE INSURANCE,,SAUDI STOCK EXCHANGE,JPY
8011,SANYO SHOKAI LTD,,TOKYO STOCK EXCHANGE,JPY
8011,SANYO SHOKAI LTD.,JP3339400008,,
8012,NAGASE LTD,,TOKYO STOCK EXCHANGE,JPY
8012,"NAGASE & CO.,LTD.",JP3647800006,,
8014,CHORI LTD,,TOKYO STOCK EXCHANGE,JPY
8014,"CHORI CO.,LTD.",JP3528200003,,
8015,TOYOTA TSUSHO,,TOKYO STOCK EXCHANGE,JPY
8015,TOYOTA TSUSHO CORPORATION,JP3635000007,,
8016,ONWARD HOLDINGS LTD,,TOKYO STOCK EXCHANGE,JPY
8016,"ONWARD HOLDINGS CO.,LTD.",JP3203500008,,
8018,SANKYO SEIKO LTD,,TOKYO STOCK EXCHANGE,JPY
8018,"SANKYO SEIKO CO.,LTD.",JP3328000009,,
8020,KANEMATSU,,TOKYO STOCK EXCHANGE,JPY
8020,KANEMATSU CORPORATION,JP3217100001,,
8022,MIZUNO CORP,,TOKYO STOCK EXCHANGE,JPY
8022,MIZUNO CORPORATION,JP3905200006,,
8028,PHOENIX SILICON INTERNATIONAL CORP,,TAIWAN STOCK EXCHANGE,JPY
8029,LOOK HOLDINGS INC,,TOKYO STOCK EXCHANGE,JPY
8029,LOOK HOLDINGS INCORPORATED,JP3981000007,,
8031,MITSUI,,TOKYO STOCK EXCHANGE,JPY
8031,"MITSUI & CO.,LTD.",JP3893600001,,
8032,JAPAN PULP AND PAPER LTD,,TOKYO STOCK EXCHANGE,JPY
8032,JAPAN PULP AND PAPER COMPANY LIMITED,JP3694000005,,
8035,TOKYO ELECTRON,,TOKYO STOCK EXCHANGE,JPY
8035,TOKYO ELECTRON LIMITED,JP3571400005,,
8037,KAMEI CORP,,TOKYO STOCK EXCHANGE,JPY
8037,KAMEI CORPORATION,JP3219400003,,
8039,TAIFLEX SCIENTIFIC LTD,,TAIWAN STOCK EXCHANGE,JPY
8043,STARZEN LTD,,TOKYO STOCK EXCHANGE,JPY
8043,STARZEN COMPANY LIMITED,JP3399100001,,
8046,NAN YA PRINTED CIRCUIT BOARD CORP,,TAIWAN STOCK EXCHANGE,JPY
8050,SEIKO GROUP CORP,,TOKYO STOCK EXCHANGE,JPY
8050,SEIKO GROUP CORPORATION,JP3414700009,,
8051,YAMAZEN CORP,,TOKYO STOCK EXCHANGE,JPY
8051,YAMAZEN CORPORATION,JP3936800006,,
8052,TSUBAKIMOTO KOGYO LTD,,TOKYO STOCK EXCHANGE,JPY
8052,"TSUBAKIMOTO KOGYO CO.,LTD.",JP3534600006,,
8053,SUMITOMO,,TOKYO STOCK EXCHANGE,JPY
8053,SUMITOMO CORPORATION (SUMITOMO SHOJI KAI,JP3404600003,,
8056,BIPROGY,,TOKYO STOCK EXCHANGE,JPY
8056,BIPROGY INC.,JP3754200008,,
8057,UCHIDA YOKO LTD,,TOKYO STOCK EXCHANGE,JPY
8057,"UCHIDA YOKO CO.,LTD.",JP3157200001,,
8058,MITSUBISHI,,TOKYO STOCK EXCHANGE,JPY
8058,MITSUBISHI CORPORATION,JP3898400001,,
8059,DAIICHI JITSUGYO LTD,,TOKYO STOCK EXCHANGE,JPY
8059,"DAIICHI JITSUGYO CO.,LTD.",JP3475800003,,
8060,CANON MARKETING JAPAN INC,,TOKYO STOCK EXCHANGE,JPY
8060,CANON MARKETING JAPAN INC.,JP3243600008,,
8061,SEIKA,,TOKYO STOCK EXCHANGE,JPY
8061,SEIKA CORPORATION,JP3414200000,,
8065,SATO SHOJI CORP,,TOKYO STOCK EXCHANGE,JPY
8065,SATO SHO-JI CORPORATION,JP3322000005,,
8069,E INK HOLDINGS,,GRETAI SECURITIES MARKET,JPY
8069,8069,TW0008069006,,TWD
8070,TOKYO SANGYO LTD,,TOKYO STOCK EXCHANGE,JPY
8070,"TOKYO SANGYO CO.,LTD.",JP3576600005,,
8074,YUASA LTD,,TOKYO STOCK EXCHANGE,JPY
8074,"YUASA CO.,LTD.",JP3945200008,,
8075,SHINSHO,,TOKYO STOCK EXCHANGE,JPY
8075,SHINSHO CORPORATION,JP3374000002,,
8078,HANWA LTD,,TOKYO STOCK EXCHANGE,JPY
8078,"HANWA CO.,LTD.",JP3777800008,,
8079,SHOEI FOODS CORP,,TOKYO STOCK EXCHANGE,JPY
8079,SHOEI FOODS CORPORATION,JP3361200003,,
808,808,HK0808032913,,HKD
8081,KANADEN CORP,,TOKYO STOCK EXCHANGE,JPY
8081,KANADEN CORPORATION,JP3215000005,,
8084,RYODEN CORP,,TOKYO STOCK EXCHANGE,JPY
8084,RYODEN CORPORATION,JP3976200000,,
8086,NIPRO,,TOKYO STOCK EXCHANGE,JPY
8086,NIPRO CORPORATION,JP3673600007,,
8088,IWATANI,,TOKYO STOCK EXCHANGE,JPY
8088,IWATANI CORPORATION,JP3151600008,,
8093,KYOKUTO BOEKI LTD,,TOKYO STOCK EXCHANGE,JPY
8093,"KYOKUTO BOEKI KAISHA,LIMITED",JP3257000004,,
8095,ASTENA HOLDINGS LTD,,TOKYO STOCK EXCHANGE,JPY
8095,"ASTENA HOLDINGS CO.,LTD.",JP3150000002,,
8097,SAN-AI OBBLI LTD,,TOKYO STOCK EXCHANGE,JPY
8097,"SAN-AI OBBLI CO.,LTD.",JP3323600001,,
8098,INABATA LTD,,TOKYO STOCK EXCHANGE,JPY
8098,"INABATA & CO.,LTD.",JP3146000009,,
81,CHINA OVERSEAS GRAND OCEANS GROUP,,HONG KONG EXCHANGES AND CLEARING LTD,JPY
8101,GSI CREOS CORP,,TOKYO STOCK EXCHANGE,JPY
8101,GSI CREOS CORPORATION,JP3276000001,,
8103,MEIWA,,TOKYO STOCK EXCHANGE,JPY
8103,MEIWA CORPORATION,JP3920600008,,
8111,GOLDWIN INC,,TOKYO STOCK EXCHANGE,JPY
8111,GOLDWIN INC.,JP3306600002,,
8112,SUPREME ELECTRONICS,,TAIWAN STOCK EXCHANGE,JPY
8113,UNICHARM,,TOKYO STOCK EXCHANGE,JPY
8113,UNICHARM CORPORATION,JP3951600000,,
8125,WAKITA & COMPANY LTD,,TOKYO STOCK EXCHANGE,JPY
8125,"WAKITA & CO.,LTD.",JP3992000004,,
8129,TOHO HOLDINGS,,TOKYO STOCK EXCHANGE,JPY
8129,"TOHO HOLDINGS CO.,LTD.",JP3602600003,,
8130,SANGETSU CORP,,TOKYO STOCK EXCHANGE,JPY
8130,SANGETSU CORPORATION,JP3330000005,,
8131,MITSUUROKO GROUP HOLDINGS LTD,,TOKYO STOCK EXCHANGE,JPY
8131,"MITSUUROKO GROUP HOLDINGS CO.,LTD.",JP3894400005,,
8132,SHINANEN HOLDINGS,,TOKYO STOCK EXCHANGE,JPY
8132,"SHINANEN HOLDINGS CO.,LTD.",JP3354000006,,
8133,ITOCHU ENEX LTD,,TOKYO STOCK EXCHANGE,JPY
8133,"ITOCHU ENEX CO.,LTD.",JP3144000001,,
8136,SANRIO,,TOKYO STOCK EXCHANGE,JPY
8136,"SANRIO COMPANY,LTD.",JP3343200006,,
8137,SUN-WA TECHNOS CORP,,TOKYO STOCK EXCHANGE,JPY
8137,SUN-WA TECHNOS CORPORATION,JP3345400000,,
8141,SHINKO SHOJI,,TOKYO STOCK EXCHANGE,JPY
8141,"SHINKO SHOJI CO.,LTD.",JP3374200008,,
8142,TOHO (OSAKA) LTD,,TOKYO STOCK EXCHANGE,JPY
8142,"TOHO CO.,LTD.",JP3553200001,,
8150,SANSHIN ELECTRONICS LTD,,TOKYO STOCK EXCHANGE,JPY
8150,"SANSHIN ELECTRONICS CO.,LTD.",JP3333200008,,
8151,TOYO CORP,,TOKYO STOCK EXCHANGE,JPY
8151,TOYO CORPORATION,JP3616600007,,
8153,MOS FOOD SERVICES INC,,TOKYO STOCK EXCHANGE,JPY
8153,"MOS FOOD SERVICES,INC.",JP3922400001,,
8154,KAGA ELECTRONICS LTD,,TOKYO STOCK EXCHANGE,JPY
8154,"KAGA ELECTRONICS CO.,LTD.",JP3206200002,,
8157,TSUZUKI DENKI LTD,,TOKYO STOCK EXCHANGE,JPY
8157,"TSUZUKI DENKI CO.,LTD.",JP3533800003,,
8158,SODA NIKKA LTD,,TOKYO STOCK EXCHANGE,JPY
8158,"SODA NIKKA CO.,LTD.",JP3431400005,,
8159,TACHIBANA ELETECH LTD,,TOKYO STOCK EXCHANGE,JPY
8159,"TACHIBANA ELETECH CO.,LTD.",JP3466600008,,
8160,KISOJI LTD,,TOKYO STOCK EXCHANGE,JPY
8160,"KISOJI CO.,LTD.",JP3237000009,,
8163,SRS HOLDINGS,,TOKYO STOCK EXCHANGE,JPY
8163,"SRS HOLDINGS CO.,LTD.",JP3322350004,,
8165,SENSHUKAI LTD,,TOKYO STOCK EXCHANGE,JPY
8165,"SENSHUKAI CO.,LTD.",JP3424600009,,
8167,RETAIL PARTNERS LTD,,TOKYO STOCK EXCHANGE,JPY
8167,"RETAIL PARTNERS CO.,LTD.",JP3873200004,,
817,CHINA JINMAO HOLDINGS GROUP LTD,,HONG KONG EXCHANGES AND CLEARING LTD,JPY
8173,JOSHIN,,TOKYO STOCK EXCHANGE,JPY
8173,JOSHIN CORPORATION,JP3393000009,,
8174,NIPPON GAS LTD,,TOKYO STOCK EXCHANGE,JPY
8174,"NIPPON GAS CO.,LTD.",JP3695600001,,
8179,ROYAL HOLDINGS LTD,,TOKYO STOCK EXCHANGE,JPY
8179,"ROYAL HOLDINGS CO., LTD.",JP3983600002,,
8185,CHIYODA LTD,,TOKYO STOCK EXCHANGE,JPY
8185,"CHIYODA CO.,LTD.",JP3528400009,,
819,TIANNENG POWER INTERNATIONAL,,HONG KONG EXCHANGES AND CLEARING LTD,JPY
8194,LIFE,,TOKYO STOCK EXCHANGE,JPY
8194,LIFE CORPORATION,JP3966600003,,
8200,RINGER HUT LTD,,TOKYO STOCK EXCHANGE,JPY
8200,"RINGER HUT CO.,LTD.",JP3977000003,,
8203,MRMAX HOLDINGS LTD,,TOKYO STOCK EXCHANGE,JPY
8203,MRMAX HOLDINGS LTD.,JP3885200000,,
8210,BUPA ARABIA,,SAUDI STOCK EXCHANGE,JPY
8214,AOKI HOLDINGS INC,,TOKYO STOCK EXCHANGE,JPY
8214,AOKI HOLDINGS INC.,JP3105400000,,
8217,OKUWA,,TOKYO STOCK EXCHANGE,JPY
8217,"OKUWA CO.,LTD.",JP3172150009,,
8218,KOMERI LTD,,TOKYO STOCK EXCHANGE,JPY
8218,"KOMERI CO.,LTD.",JP3305600003,,
8219,AOYAMA TRADING LTD,,TOKYO STOCK EXCHANGE,JPY
8219,"AOYAMA TRADING CO.,LTD.",JP3106200003,,
8227,SHIMAMURA LTD,,TOKYO STOCK EXCHANGE,JPY
8227,"SHIMAMURA CO.,LTD.",JP3358200008,,
823,LINK REAL ESTATE INVESTMENT TRUST,,HONG KONG EXCHANGES AND CLEARING LTD,JPY
823,823,HK0823032773,,HKD
8230,AL RAJHI COMPANY FOR COOPERATIVE I,,SAUDI STOCK EXCHANGE,JPY
8233,TAKASHIMAYA,,TOKYO STOCK EXCHANGE,JPY
8233,"TAKASHIMAYA COMPANY,LIMITED",JP3456000003,,
8237,MATSUYA LTD,,TOKYO STOCK EXCHANGE,JPY
8237,"MATSUYA CO.,LTD.",JP3869200000,,
8242,H2O RETAILING CORP,,TOKYO STOCK EXCHANGE,JPY
8242,H2O RETAILING CORPORATION,JP3774600005,,
8244,KINTETSU DEPARTMENT STORE LTD,,TOKYO STOCK EXCHANGE,JPY
8244,"KINTETSU DEPARTMENT STORE CO.,LTD.",JP3250800004,,
8252,MARUI GROUP,,TOKYO STOCK EXCHANGE,JPY
8252,"MARUI GROUP CO.,LTD.",JP3870400003,,
8253,CREDIT SAISON,,TOKYO STOCK EXCHANGE,JPY
8253,"CREDIT SAISON CO.,LTD.",JP3271400008,,
8255,AXIAL RETAILING INC,,TOKYO STOCK EXCHANGE,JPY
8255,AXIAL RETAILING INC.,JP3772400002,,
826,TIANGONG INTERNATIONAL LTD,,HONG KONG EXCHANGES AND CLEARING LTD,JPY
8267,AEON,,TOKYO STOCK EXCHANGE,JPY
8267,"AEON CO.,LTD.",JP3388200002,,
8273,IZUMI LTD,,TOKYO STOCK EXCHANGE,JPY
8273,"IZUMI CO.,LTD.",JP3138400001,,
8275,FORVAL CORP,,TOKYO STOCK EXCHANGE,JPY
8275,FORVAL CORPORATION,JP3802750004,,
8276,HEIWADO LTD,,TOKYO STOCK EXCHANGE,JPY
8276,"HEIWADO CO.,LTD.",JP3834400008,,
8278,FUJI (EHIME) LTD,,TOKYO STOCK EXCHANGE,JPY
8278,"FUJI CO.,LTD.",JP3807400001,,
8281,XEBIO HOLDINGS LTD,,TOKYO STOCK EXCHANGE,JPY
8281,"XEBIO HOLDINGS CO.,LTD.",JP3428800001,,
8282,KS HOLDINGS CORP,,TOKYO STOCK EXCHANGE,JPY
8282,K'S HOLDINGS CORPORATION,JP3277150003,,
8283,PALTAC CORPORATION,JP3782200004,,
8285,MITANI SANGYO LTD,,TOKYO STOCK EXCHANGE,JPY
8285,"MITANI SANGYO CO.,LTD.",JP3886600000,,
8299,PHISON ELECTRONICS CORP,,GRETAI SECURITIES MARKET,JPY
83,SINO LAND LTD,,HONG KONG EXCHANGES AND CLEARING LTD,JPY
83,83,HK0083000502,,HKD
8303,SBI SHINSEI BANK,,TOKYO STOCK EXCHANGE,JPY
8303,"SBI SHINSEI BANK,LIMITED",JP3729000004,,
8304,AOZORA BANK,,TOKYO STOCK EXCHANGE,JPY
8304,"AOZORA BANK,LTD.",JP3711200000,,
8306,MITSUBISHI UFJ FINANCIAL GROUP,,TOKYO STOCK EXCHANGE,JPY
8306,"MITSUBISHI UFJ FINANCIAL GROUP,INC.",JP3902900004,,
8308,RESONA HOLDINGS,,TOKYO STOCK EXCHANGE,JPY
8308,"RESONA HOLDINGS, INC.",JP3500610005,,
8309,SUMITOMO MITSUI TRUST GROUP,,TOKYO STOCK EXCHANGE,JPY
8309,"SUMITOMO MITSUI TRUST GROUP,INC.",JP3892100003,,
8313,RASAN INFORMATION TECHNOLOGY,,SAUDI STOCK EXCHANGE,JPY
8316,SUMITOMO MITSUI FINANCIAL GROUP,,TOKYO STOCK EXCHANGE,JPY
8316,"SUMITOMO MITSUI FINANCIAL GROUP,INC.",JP3890350006,,
8331,CHIBA BANK,,TOKYO STOCK EXCHANGE,JPY
8331,"THE CHIBA BANK,LTD.",JP3511800009,,
8334,GUNMA BANK,,TOKYO STOCK EXCHANGE,JPY
8334,"THE GUNMA BANK,LTD.",JP3276400003,,
8336,MUSASHINO BANK LTD,,TOKYO STOCK EXCHANGE,JPY
8336,"THE MUSASHINO BANK,LTD.",JP3912800004,,
8337,CHIBA KOGYO BANK LTD,,TOKYO STOCK EXCHANGE,JPY
8337,"THE CHIBA KOGYO BANK,LTD.",JP3512200001,,
8338,TSUKUBA BANK LTD,,TOKYO STOCK EXCHANGE,JPY
8338,"TSUKUBA BANK,LTD.",JP3231000005,,
8341,77 BANK,,TOKYO STOCK EXCHANGE,JPY
8341,"THE 77 BANK,LTD.",JP3352000008,,
8343,AKITA BANK LTD,,TOKYO STOCK EXCHANGE,JPY
8343,"THE AKITA BANK,LTD.",JP3107600003,,
8344,YAMAGATA BANK LTD,,TOKYO STOCK EXCHANGE,JPY
8344,"THE YAMAGATA BANK,LTD.",JP3934800008,,
8345,BANK OF IWATE LTD,,TOKYO STOCK EXCHANGE,JPY
8345,"THE BANK OF IWATE,LTD.",JP3152400002,,
8346,TOHO BANK,,TOKYO STOCK EXCHANGE,JPY
8346,"THE TOHO BANK,LTD.",JP3601000007,,
8354,FUKUOKA FINANCIAL GROUP,,TOKYO STOCK EXCHANGE,JPY
8354,"FUKUOKA FINANCIAL GROUP,INC.",JP3805010000,,
8358,SURUGA BANK LTD,,TOKYO STOCK EXCHANGE,JPY
8358,SURUGA BANK LTD.,JP3411000007,,
8359,HACHIJUNI NAGANO BANK,,TOKYO STOCK EXCHANGE,JPY
8359,"HACHIJUNI NAGANO BANK,LTD.",JP3769000005,,
836,CHINA RESOURCES POWER LTD,,HONG KONG EXCHANGES AND CLEARING LTD,JPY
836,836,HK0836012952,,HKD
8360,YAMANASHI CHUO BANK LTD,,TOKYO STOCK EXCHANGE,JPY
8360,"THE YAMANASHI CHUO BANK,LTD.",JP3942000005,,
8361,OGAKI KYORITSU BANK LTD,,TOKYO STOCK EXCHANGE,JPY
8361,"THE OGAKI KYORITSU BANK,LTD.",JP3176000002,,
8362,FUKUI BANK LTD,,TOKYO STOCK EXCHANGE,JPY
8362,"THE FUKUI BANK,LTD.",JP3803600000,,
8364,SHIMIZU BANK LTD,,TOKYO STOCK EXCHANGE,JPY
8364,"THE SHIMIZU BANK,LTD.",JP3358400004,,
8366,SHIGA BANK,,TOKYO STOCK EXCHANGE,JPY
8366,"THE SHIGA BANK,LTD.",JP3347600003,,
8367,NANTO BANK,,TOKYO STOCK EXCHANGE,JPY
8367,"THE NANTO BANK,LTD.",JP3653400006,,
8368,HYAKUGO BANK,,TOKYO STOCK EXCHANGE,JPY
8368,"THE HYAKUGO BANK,LTD.",JP3793800008,,
8370,THE KIYO BANK,,TOKYO STOCK EXCHANGE,JPY
8370,"THE KIYO BANK,LTD.",JP3248000006,,
8377,HOKUHOKU FINANCIAL GROUP INC,,TOKYO STOCK EXCHANGE,JPY
8377,"HOKUHOKU FINANCIAL GROUP,INC.",JP3842400008,,
8381,SAN IN GODO BANK LTD,,TOKYO STOCK EXCHANGE,JPY
8381,"THE SAN-IN GODO BANK,LTD.",JP3324000003,,
8386,HYAKUJUSHI BANK,,TOKYO STOCK EXCHANGE,JPY
8386,"THE HYAKUJUSHI BANK,LTD.",JP3794200000,,
8387,SHIKOKU BANK LTD,,TOKYO STOCK EXCHANGE,JPY
8387,"THE SHIKOKU BANK, LTD.",JP3350000000,,
8388,AWA BANK LTD,,TOKYO STOCK EXCHANGE,JPY
8388,"THE AWA BANK,LTD.",JP3126800006,,
839,CHINA EDUCATION GROUP HOLDINGS,,HONG KONG EXCHANGES AND CLEARING LTD,JPY
8392,OITA BANK LTD,,TOKYO STOCK EXCHANGE,JPY
8392,"THE OITA BANK,LTD.",JP3175200009,,
8393,MIYAZAKI BANK,,TOKYO STOCK EXCHANGE,JPY
8393,"THE MIYAZAKI BANK,LTD.",JP3908000007,,
8395,BANK OF SAGA LTD,,TOKYO STOCK EXCHANGE,JPY
8395,THE BANK OF SAGA LTD.,JP3315200000,,
8399,BANK OF RYUKYUS LTD,,TOKYO STOCK EXCHANGE,JPY
8399,"BANK OF THE RYUKYUS,LIMITED",JP3975000005,,
8410,SEVEN BANK LTD,,TOKYO STOCK EXCHANGE,JPY
8410,"SEVEN BANK,LTD.",JP3105220002,,
8411,MIZUHO FINANCIAL GROUP,,TOKYO STOCK EXCHANGE,JPY
8411,"MIZUHO FINANCIAL GROUP,INC.",JP3885780001,,
8415,BRIGHTON-BEST INTERNATION (TAIWAN),,GRETAI SECURITIES MARKET,JPY
8418,YAMAGUCHI FINANCIAL GROUP,,TOKYO STOCK EXCHANGE,JPY
8418,"YAMAGUCHI FINANCIAL GROUP,INC.",JP3935300008,,
8422,CLEANAWAY,,TAIWAN STOCK EXCHANGE,JPY
8424,FUYO GENERAL LEASE,,TOKYO STOCK EXCHANGE,JPY
8424,"FUYO GENERAL LEASE CO.,LTD.",JP3826270005,,
8425,MIZUHO LEASING LIMITED LTD,,TOKYO STOCK EXCHANGE,JPY
8425,"MIZUHO LEASING COMPANY,LIMITED",JP3286500008,,
8439,TOKYO CENTURY,,TOKYO STOCK EXCHANGE,JPY
8439,TOKYO CENTURY CORPORATION,JP3424950008,,
8454,MOMO COM,,TAIWAN STOCK EXCHANGE,JPY
8464,NIEN MADE ENTERPRISE,,TAIWAN STOCK EXCHANGE,JPY
8473,SBI HOLDINGS INC,,TOKYO STOCK EXCHANGE,JPY
8473,"SBI HOLDINGS,INC.",JP3436120004,,
8511,JAPAN SECURITIES FINANCE,,TOKYO STOCK EXCHANGE,JPY
8511,"JAPAN SECURITIES FINANCE CO.,LTD.",JP3714400003,,
8522,BANK OF NAGOYA LTD,,TOKYO STOCK EXCHANGE,JPY
8522,"THE BANK OF NAGOYA,LTD.",JP3648800005,,
8524,NORTH PACIFIC BANK LTD,,TOKYO STOCK EXCHANGE,JPY
8524,"NORTH PACIFIC BANK,LTD.",JP3843400007,,
853,MICROPORT SCIENTIFIC CORP,,HONG KONG EXCHANGES AND CLEARING LTD,JPY
8541,EHIME BANK,,TOKYO STOCK EXCHANGE,JPY
8541,"THE EHIME BANK,LTD.",JP3166400006,,
8544,KEIYO BANK LTD,,TOKYO STOCK EXCHANGE,JPY
8544,"THE KEIYO BANK,LTD.",JP3281600001,,
855,CHINA WATER AFFAIRS GROUP LTD,,HONG KONG EXCHANGES AND CLEARING LTD,JPY
8550,TOCHIGI BANK LTD,,TOKYO STOCK EXCHANGE,JPY
8550,"THE TOCHIGI BANK,LTD.",JP3627800000,,
8551,KITA NIPPON BANK LTD,,TOKYO STOCK EXCHANGE,JPY
8551,"THE KITA-NIPPON BANK,LTD.",JP3238200004,,
8558,TOWA BANK LTD,,TOKYO STOCK EXCHANGE,JPY
8558,"THE TOWA BANK,LTD.",JP3622400004,,
8566,RICOH LEASING LTD,,TOKYO STOCK EXCHANGE,JPY
8566,"RICOH LEASING COMPANY,LTD.",JP3974100004,,
857,PETROCHINA LTD H,,HONG KONG EXCHANGES AND CLEARING LTD,JPY
857,857,CNE1000003W8,,HKD
8570,AEON FINANCIAL SERVICES LTD,,TOKYO STOCK EXCHANGE,JPY
8570,"AEON FINANCIAL SERVICE CO.,LTD.",JP3131400008,,
8572,ACOM LTD,,TOKYO STOCK EXCHANGE,JPY
8572,"ACOM CO.,LTD.",JP3108600002,,
8584,JACCS,,TOKYO STOCK EXCHANGE,JPY
8584,"JACCS CO.,LTD.",JP3388600003,,
8585,ORIENT,,TOKYO STOCK EXCHANGE,JPY
8585,ORIENT CORPORATION,JP3199000005,,
8591,ORIX,,TOKYO STOCK EXCHANGE,JPY
8591,ORIX CORPORATION,JP3200450009,,
8593,MITSUBISHI HC CAPITAL INC,,TOKYO STOCK EXCHANGE,JPY
8593,MITSUBISHI HC CAPITAL INC.,JP3499800005,,
8595,JAFCO GROUP,,TOKYO STOCK EXCHANGE,JPY
8595,"JAFCO GROUP CO.,LTD.",JP3389900006,,
8600,TOMONY HOLDINGS INC,,TOKYO STOCK EXCHANGE,JPY
8600,"TOMONY HOLDINGS,INC.",JP3631700006,,
8601,DAIWA SECURITIES GROUP INC,,TOKYO STOCK EXCHANGE,JPY
8601,DAIWA SECURITIES GROUP INC.,JP3502200003,,
8604,NOMURA HOLDINGS,,TOKYO STOCK EXCHANGE,JPY
8604,"NOMURA HOLDINGS,INC.",JP3762600009,,
8609,OKASAN SECURITIES GROUP,,TOKYO STOCK EXCHANGE,JPY
8609,OKASAN SECURITIES GROUP INC.,JP3190800007,,
8613,MARUSAN SECURITIES LTD,,TOKYO STOCK EXCHANGE,JPY
8613,"MARUSAN SECURITIES CO.,LTD.",JP3874800000,,
8614,TOYO SECURITIES LTD,,TOKYO STOCK EXCHANGE,JPY
8614,"TOYO SECURITIES CO.,LTD.",JP3611800008,,
8616,TOKAI TOKYO FINANCIAL HOLDINGS,,TOKYO STOCK EXCHANGE,JPY
8616,"TOKAI TOKYO FINANCIAL HOLDINGS,INC.",JP3577600004,,
8622,MITO SECURITIES LTD,,TOKYO STOCK EXCHANGE,JPY
8622,"MITO SECURITIES CO.,LTD.",JP3905400002,,
8624,ICHIYOSHI SECURITIES LTD,,TOKYO STOCK EXCHANGE,JPY
8624,"ICHIYOSHI SECURITIES CO.,LTD.",JP3142300007,,
8628,MATSUI SECURITIES,,TOKYO STOCK EXCHANGE,JPY
8628,"MATSUI SECURITIES CO.,LTD.",JP3863800003,,
8630,SOMPO HOLDINGS,,TOKYO STOCK EXCHANGE,JPY
8630,"SOMPO HOLDINGS,INC.",JP3165000005,,
866,CHINA QINFA GROUP LTD,,HONG KONG EXCHANGES AND CLEARING LTD,JPY
867,CHINA MEDICAL SYSTEM HOLDINGS,,HONG KONG EXCHANGES AND CLEARING LTD,JPY
8697,JAPAN EXCHANGE GROUP,,TOKYO STOCK EXCHANGE,JPY
8697,"JAPAN EXCHANGE GROUP,INC.",JP3183200009,,
8698,MONEX GROUP,,TOKYO STOCK EXCHANGE,JPY
8698,"MONEX GROUP,INC.",JP3869970008,,
8706,KYOKUTO SECURITIES,,TOKYO STOCK EXCHANGE,JPY
8706,"KYOKUTO SECURITIES CO.,LTD.",JP3256970009,,
8707,IWAI COSMO HOLDINGS INC,,TOKYO STOCK EXCHANGE,JPY
8707,"IWAICOSMO HOLDINGS,INC.",JP3149950002,,
8708,AIZAWA SECURITIES GROUP LTD,,TOKYO STOCK EXCHANGE,JPY
8708,"AIZAWA SECURITIES GROUP CO.,LTD.",JP3101850000,,
8713,FIDEA HOLDING LTD,,TOKYO STOCK EXCHANGE,JPY
8713,FIDEA HOLDINGS CO.LTD.,JP3802940001,,
8714,SENSHU IKEDA HOLDINGS INC,,TOKYO STOCK EXCHANGE,JPY
8714,"SENSHU IKEDA HOLDINGS,INC.",JP3132600002,,
8715,ANICOM HOLDINGS INC,,TOKYO STOCK EXCHANGE,JPY
8715,"ANICOM HOLDINGS,INC.",JP3122440005,,
8725,MS&AD INSURANCE GROUP HOLDINGS,,TOKYO STOCK EXCHANGE,JPY
8725,"MS&AD INSURANCE GROUP HOLDINGS,INC.",JP3890310000,,
8729,SONY FINANCIAL GROUP INC,,TOKYO STOCK EXCHANGE,JPY
8729,SONY FINANCIAL GROUP INC.,JP3435350008,,
8739,SPARX GROUP,,TOKYO STOCK EXCHANGE,JPY
8739,"SPARX GROUP CO.,LTD.",JP3399900004,,
8750,DAIICHI LIFE GROUP,,TOKYO STOCK EXCHANGE,JPY
8750,"DAIICHI LIFE GROUP,INC.",JP3476480003,,
8766,TOKIO MARINE HOLDINGS,,TOKYO STOCK EXCHANGE,JPY
8766,"TOKIO MARINE HOLDINGS,INC.",JP3910660004,,
8771,EGUARANTEE INC,,TOKYO STOCK EXCHANGE,JPY
8771,"EGUARANTEE,INC.",JP3130300001,,
8793,NEC CAPITAL SOLUTIONS LTD,,TOKYO STOCK EXCHANGE,JPY
8793,NEC CAPITAL SOLUTIONS LIMITED,JP3164740007,,
8795,T&D HOLDINGS,,TOKYO STOCK EXCHANGE,JPY
8795,"T&D HOLDINGS, INC.",JP3539220008,,
8798,ADVANCE CREATE LTD,,TOKYO STOCK EXCHANGE,JPY
8798,"ADVANCE CREATE CO.,LTD.",JP3122100005,,
8801,MITSUI FUDOSAN,,TOKYO STOCK EXCHANGE,JPY
8801,"MITSUI FUDOSAN CO.,LTD.",JP3893200000,,
8802,MITSUBISHI ESTATE CO LTD,,TOKYO STOCK EXCHANGE,JPY
8802,"MITSUBISHI ESTATE COMPANY,LIMITED",JP3899600005,,
8803,HEIWA REAL ESTATE LTD,,TOKYO STOCK EXCHANGE,JPY
8803,"HEIWA REAL ESTATE CO.,LTD.",JP3834800009,,
8804,TOKYO TATEMONO,,TOKYO STOCK EXCHANGE,JPY
8804,"TOKYO TATEMONO CO.,LTD.",JP3582600007,,
881,ZHONGSHENG GROUP HOLDINGS,,HONG KONG EXCHANGES AND CLEARING LTD,JPY
8818,KEIHANSHIN BUILDING LTD,,TOKYO STOCK EXCHANGE,JPY
8818,"KEIHANSHIN BUILDING CO.,LTD.",JP3279000008,,
8830,SUMITOMO REALTY & DEVELOPMENT,,TOKYO STOCK EXCHANGE,JPY
8830,"SUMITOMO REALTY & DEVELOPMENT CO.,LTD.",JP3409000001,,
8841,TOC,,TOKYO STOCK EXCHANGE,JPY
8841,"TOC CO.,LTD.",JP3538400007,,
8848,LEOPALACE21,,TOKYO STOCK EXCHANGE,JPY
8848,LEOPALACE21 CORPORATION,JP3167500002,,
8850,STARTS CORP INC,,TOKYO STOCK EXCHANGE,JPY
8850,STARTS CORPORATION INC.,JP3399200009,,
8860,FUJI CORPORATION LIMITED CORP LTD,,TOKYO STOCK EXCHANGE,JPY
8860,FUJI CORPORATION LIMITED,JP3815000009,,
8864,AIRPORT FACILITIES,,TOKYO STOCK EXCHANGE,JPY
8864,"AIRPORT FACILITIES CO.,LTD.",JP3266050008,,
8869,MEIWA ESTATE LTD,,TOKYO STOCK EXCHANGE,JPY
8869,MEIWA ESTATE COMPANY LIMITED,JP3920850009,,
8871,GOLDCREST LTD,,TOKYO STOCK EXCHANGE,JPY
8871,"GOLDCREST CO.,LTD.",JP3306800008,,
8876,RELO GROUP INC,,TOKYO STOCK EXCHANGE,JPY
8876,"RELO GROUP,INC.",JP3755200007,,
8877,ESLEAD CORP,,TOKYO STOCK EXCHANGE,JPY
8877,ESLEAD CORPORATION,JP3688350002,,
8881,NISSHIN GROUP HOLDINGS LIMITED LTD,,TOKYO STOCK EXCHANGE,JPY
8881,"NISSHIN GROUP HOLDINGS COMPANY,LIMITED",JP3677900007,,
8892,ES-CON JAPAN,,TOKYO STOCK EXCHANGE,JPY
8892,ES-CON JAPAN LTD.,JP3688330004,,
8897,MIRARTH HOLDINGS INC,,TOKYO STOCK EXCHANGE,JPY
8897,"MIRARTH HOLDINGS,INC.",JP3460800000,,
8918,LAND LTD,,TOKYO STOCK EXCHANGE,JPY
8918,"LAND CO.,LTD.",JP3968800007,,
8919,KATITAS,,TOKYO STOCK EXCHANGE,JPY
8919,"KATITAS CO.,LTD",JP3932950003,,
8920,TOSHO LTD,,TOKYO STOCK EXCHANGE,JPY
8920,"TOSHO CO.,LTD.",JP3594400008,,
8923,TOSEI CORPORATION,,TOKYO STOCK EXCHANGE,JPY
8923,TOSEI CORPORATION,JP3595070008,,
8926,TAIWAN COGENERATION CORP,,TAIWAN STOCK EXCHANGE,JPY
8932,WISELINK LTD,,GRETAI SECURITIES MARKET,JPY
8934,SUN FRONTIER FUDOUSAN,,TOKYO STOCK EXCHANGE,JPY
8934,"SUN FRONTIER FUDOUSAN CO.,LTD.",JP3336950005,,
8935,FJ NEXT HOLDINGS LTD,,TOKYO STOCK EXCHANGE,JPY
8935,"FJ NEXT HOLDINGS CO.,LTD.",JP3166930002,,
8951,NIPPON BUILDING FUND REIT,,TOKYO STOCK EXCHANGE,JPY
8952,JAPAN REAL ESTATE INVESTMENT TRUST,,TOKYO STOCK EXCHANGE,JPY
8953,JAPAN METROPOLITAN FUND INVESTMENT,,TOKYO STOCK EXCHANGE,JPY
8954,ORIX JREIT REIT INC,,TOKYO STOCK EXCHANGE,JPY
8955,JAPAN PRIME REALTY INVESTMENT REIT,,TOKYO STOCK EXCHANGE,JPY
8956,NTT UD REIT INVESTMENT REIT CORP,,TOKYO STOCK EXCHANGE,JPY
8957,TOKYU REIT,,TOKYO STOCK EXCHANGE,JPY
8958,GLOBAL ONE REAL ESTATE INVESTMENT,,TOKYO STOCK EXCHANGE,JPY
8960,UNITED URBAN INVESTMENT REIT,,TOKYO STOCK EXCHANGE,JPY
8961,MORI TRUST REIT INC,,TOKYO STOCK EXCHANGE,JPY
8963,INVINCIBLE INVESTMENT REIT,,TOKYO STOCK EXCHANGE,JPY
8964,MITSUI FUDOSAN RETAIL FUND INVESTM,,TOKYO STOCK EXCHANGE,JPY
8966,HEIWA REAL ESTATE REIT,,TOKYO STOCK EXCHANGE,JPY
8967,JAPAN LOGISTICS FUND REIT INC,,TOKYO STOCK EXCHANGE,JPY
8968,FUKUOKA REIT CORP,,TOKYO STOCK EXCHANGE,JPY
8972,KDX REALTY INVESTMENT REIT CORP,,TOKYO STOCK EXCHANGE,JPY
8975,ICHIGO OFFICE REIT INVESTMENT REIT,,TOKYO STOCK EXCHANGE,JPY
8976,DAIWA OFFICE INVESTMENT REIT CORP,,TOKYO STOCK EXCHANGE,JPY
8977,HANKYU HANSHIN REIT INC,,TOKYO STOCK EXCHANGE,JPY
8979,STARTS PROCEED INVESTMENT REIT COR,,TOKYO STOCK EXCHANGE,JPY
8984,DAIWA HOUSE REIT CORP,,TOKYO STOCK EXCHANGE,JPY
8985,JAPAN HOTEL INVESTMENT REIT,,TOKYO STOCK EXCHANGE,JPY
8986,DAIWA SECURITIES LIVING INVESTMENT,,TOKYO STOCK EXCHANGE,JPY
8987,JAPAN EXCELLENT REIT INC,,TOKYO STOCK EXCHANGE,JPY
8996,KAORI HEAT TREATMENT LTD,,TAIWAN STOCK EXCHANGE,JPY
8999,GRANDY HOUSE CORP,,TOKYO STOCK EXCHANGE,JPY
8999,GRANDY HOUSE CORPORATION,JP3274030000,,
9001,TOBU RAILWAY LTD,,TOKYO STOCK EXCHANGE,JPY
9001,"TOBU RAILWAY CO.,LTD.",JP3597800006,,
9003,SOTETSU HOLDINGS,,TOKYO STOCK EXCHANGE,JPY
9003,"SOTETSU HOLDINGS,INC.",JP3316400005,,
9005,TOKYU,,TOKYO STOCK EXCHANGE,JPY
9005,TOKYU CORPORATION,JP3574200006,,
9006,KEIKYU,,TOKYO STOCK EXCHANGE,JPY
9006,KEIKYU CORPORATION,JP3280200001,,
9007,ODAKYU ELECTRIC RAILWAY,,TOKYO STOCK EXCHANGE,JPY
9007,"ODAKYU ELECTRIC RAILWAY CO.,LTD.",JP3196000008,,
9008,KEIO,,TOKYO STOCK EXCHANGE,JPY
9008,KEIO CORPORATION,JP3277800003,,
9009,KEISEI ELECTRIC RAILWAY,,TOKYO STOCK EXCHANGE,JPY
9009,"KEISEI ELECTRIC RAILWAY CO.,LTD.",JP3278600006,,
900901,INESA INTELLIGENT TECH INC B,,SHANGHAI STOCK EXCHANGE,JPY
900908,SHANGHAI CHLOR ALKALI CHEMICAL CLA,,SHANGHAI STOCK EXCHANGE,JPY
900926,SHANGHAI BAOSIGHT SOFTWARE LTD B,,SHANGHAI STOCK EXCHANGE,JPY
900948,INNER MONGOLIA YITAI COAL LTD B,,SHANGHAI STOCK EXCHANGE,JPY
900948,900948,CNE000000SK7,,USD
9010,FUJI KYUKO,,TOKYO STOCK EXCHANGE,JPY
9010,"FUJI KYUKO CO.,LTD.",JP3810400006,,
902,HUANENG POWER INTERNATIONAL INC H,,HONG KONG EXCHANGES AND CLEARING LTD,JPY
902,902,CNE1000006Z4,,HKD
9020,EAST JAPAN RAILWAY,,TOKYO STOCK EXCHANGE,JPY
9020,EAST JAPAN RAILWAY COMPANY,JP3783600004,,
9021,WEST JAPAN RAILWAY,,TOKYO STOCK EXCHANGE,JPY
9021,WEST JAPAN RAILWAY COMPANY,JP3659000008,,
9022,CENTRAL JAPAN RAILWAY,,TOKYO STOCK EXCHANGE,JPY
9022,CENTRAL JAPAN RAILWAY COMPANY,JP3566800003,,
9023,TOKYO METRO LTD,,TOKYO STOCK EXCHANGE,JPY
9023,"TOKYO METRO CO.,LTD.",JP3583900000,,
9024,SEIBU HOLDINGS,,TOKYO STOCK EXCHANGE,JPY
9024,SEIBU HOLDINGS INC.,JP3417200007,,
9025,KONOIKE TRANSPORT LTD,,TOKYO STOCK EXCHANGE,JPY
9025,"KONOIKE TRANSPORT CO.,LTD.",JP3288970001,,
9031,NISHI NIPPON RAILROAD LTD,,TOKYO STOCK EXCHANGE,JPY
9031,"NISHI-NIPPON RAILROAD CO.,LTD.",JP3658800002,,
9037,HAMAKYOREX,,TOKYO STOCK EXCHANGE,JPY
9037,"HAMAKYOREX CO.,LTD.",JP3771150004,,
9039,SAKAI MOVING SERVICE LTD,,TOKYO STOCK EXCHANGE,JPY
9039,"SAKAI MOVING SERVICE CO.,LTD.",JP3314200001,,
9041,KINTETSU GROUP HOLDINGS LTD,,TOKYO STOCK EXCHANGE,JPY
9041,"KINTETSU GROUP HOLDINGS CO.,LTD.",JP3260800002,,
9042,HANKYU HANSHIN HOLDINGS,,TOKYO STOCK EXCHANGE,JPY
9042,"HANKYU HANSHIN HOLDINGS,INC.",JP3774200004,,
9044,NANKAI,,TOKYO STOCK EXCHANGE,JPY
9044,"NANKAI CO.,LTD.",JP3653000004,,
9045,KEIHAN HOLDINGS LTD,,TOKYO STOCK EXCHANGE,JPY
9045,"KEIHAN HOLDINGS CO.,LTD.",JP3279400000,,
9046,KOBE ELECTRIC RAILWAY LTD,,TOKYO STOCK EXCHANGE,JPY
9046,"KOBE ELECTRIC RAILWAY CO.,LTD.",JP3290600000,,
9048,NAGOYA RAILROAD,,TOKYO STOCK EXCHANGE,JPY
9048,"NAGOYA RAILROAD CO., LTD.",JP3649800004,,
9052,SANYO ELECTRIC RAILWAY LTD,,TOKYO STOCK EXCHANGE,JPY
9052,"SANYO ELECTRIC RAILWAY CO.,LTD.",JP3341600009,,
9064,YAMATO HOLDINGS,,TOKYO STOCK EXCHANGE,JPY
9064,"YAMATO HOLDINGS CO.,LTD.",JP3940000007,,
9065,SANKYU,,TOKYO STOCK EXCHANGE,JPY
9065,SANKYU INC.,JP3326000001,,
9068,MARUZEN SHOWA UNYU LTD,,TOKYO STOCK EXCHANGE,JPY
9068,"MARUZEN SHOWA UNYU CO.,LTD.",JP3876000005,,
9069,SENKO GROUP HOLDINGS LTD,,TOKYO STOCK EXCHANGE,JPY
9069,"SENKO GROUP HOLDINGS CO.,LTD.",JP3423800006,,
9072,NIKKON HOLDINGS LTD,,TOKYO STOCK EXCHANGE,JPY
9072,"NIKKON HOLDINGS CO.,LTD.",JP3709600005,,
9075,FUKUYAMA TRANSPORTING,,TOKYO STOCK EXCHANGE,JPY
9075,"FUKUYAMA TRANSPORTING CO.,LTD.",JP3806800003,,
9076,SEINO HOLDINGS LTD,,TOKYO STOCK EXCHANGE,JPY
9076,"SEINO HOLDINGS CO.,LTD.",JP3415400005,,
9081,KANAGAWA CHUO KOTSU,,TOKYO STOCK EXCHANGE,JPY
9081,"KANAGAWA CHUO KOTSU CO.,LTD.",JP3214600003,,
909,MING YUAN CLOUD GROUP HOLDINGS LTD,,HONG KONG EXCHANGES AND CLEARING LTD,JPY
9090,AZ-COM MARUWA HOLDINGS,,TOKYO STOCK EXCHANGE,JPY
9090,AZ-COM MARUWA HOLDINGS INC.,JP3879170003,,
9101,NIPPON YUSEN,,TOKYO STOCK EXCHANGE,JPY
9101,NIPPON YUSEN KABUSHIKI KAISHA,JP3753000003,,
9104,MITSUI OSK LINES,,TOKYO STOCK EXCHANGE,JPY
9104,"MITSUI O.S.K.LINES,LTD.",JP3362700001,,
9107,KAWASAKI KISEN LTD,,TOKYO STOCK EXCHANGE,JPY
9107,"KAWASAKI KISEN KAISHA,LTD.",JP3223800008,,
9110,NS UNITED KAIUN KAISHA LTD,,TOKYO STOCK EXCHANGE,JPY
9110,"NS UNITED KAIUN KAISHA,LTD.",JP3385000009,,
9119,IINO KAIUN LTD,,TOKYO STOCK EXCHANGE,JPY
9119,"IINO KAIUN KAISHA,LTD.",JP3131200002,,
914,ANHUI CONCH CEMENT H,,HONG KONG EXCHANGES AND CLEARING LTD,JPY
914,914,CNE1000001W2,,HKD
9142,KYUSHU RAILWAY,,TOKYO STOCK EXCHANGE,JPY
9142,KYUSHU RAILWAY COMPANY,JP3247010006,,
9143,SG HOLDINGS LTD,,TOKYO STOCK EXCHANGE,JPY
9143,"SG HOLDINGS CO.,LTD.",JP3162770006,,
9147,NIPPON EXPRESS HOLDINGS,,TOKYO STOCK EXCHANGE,JPY
9147,"NIPPON EXPRESS HOLDINGS,INC.",JP3688370000,,
916,CHINA LONGYUAN POWER GROUP H,,HONG KONG EXCHANGES AND CLEARING LTD,JPY
916,916,CNE100000HD4,,HKD
917,QUNABOX GROUP LTD,,HONG KONG EXCHANGES AND CLEARING LTD,JPY
9201,JAPAN AIRLINES,,TOKYO STOCK EXCHANGE,JPY
9201,"JAPAN AIRLINES CO.,LTD.",JP3705200008,,
9202,ANA HOLDINGS,,TOKYO STOCK EXCHANGE,JPY
9202,ANA HOLDINGS INC.,JP3429800000,,
9216,BEWITH INC,,TOKYO STOCK EXCHANGE,JPY
9216,"BEWITH,INC.",JP3799670009,,
9229,SUNWELS LTD,,TOKYO STOCK EXCHANGE,JPY
9229,"SUNWELS CO.,LTD.",JP3324410004,,
9247,TRE HOLDINGS CORP,,TOKYO STOCK EXCHANGE,JPY
9247,TRE HOLDINGS CORPORATION,JP3538540000,,
9248,PEOPLE DREAMS & TECHNOLOGIES GROUP,,TOKYO STOCK EXCHANGE,JPY
9248,"PEOPLE, DREAMS & TECHNOLOGIES GROUP CO.,",JP3792010005,,
9262,SILVER LIFE LTD,,TOKYO STOCK EXCHANGE,JPY
9262,"SILVER LIFE CO.,LTD.",JP3369800002,,
9267,GENKY DRUGSTORES LTD,,TOKYO STOCK EXCHANGE,JPY
9267,"GENKY DRUGSTORES CO.,LTD.",JP3282750003,,
9273,KOA SHOJI HOLDINGS LTD,,TOKYO STOCK EXCHANGE,JPY
9273,"KOA SHOJI HOLDINGS CO.,LTD.",JP3283420002,,
9274,KPP GROUP HOLDINGS,,TOKYO STOCK EXCHANGE,JPY
9274,"KPP GROUP HOLDINGS CO.,LTD.",JP3293350009,,
9278,BOOKOFF GROUP HOLDINGS LTD,,TOKYO STOCK EXCHANGE,JPY
9278,BOOKOFF GROUP HOLDINGS LIMITED,JP3829940000,,
9279,GIFT HOLDINGS,,TOKYO STOCK EXCHANGE,JPY
9279,GIFT HOLDINGS INC.,JP3264860002,,
9301,MITSUBISHI LOGISTICS,,TOKYO STOCK EXCHANGE,JPY
9301,MITSUBISHI LOGISTICS CORPORATION,JP3902000003,,
9302,MITSUI-SOKO HOLDINGS LTD,,TOKYO STOCK EXCHANGE,JPY
9302,"MITSUI-SOKO HOLDINGS CO.,LTD.",JP3891200002,,
9303,SUMITOMO WAREHOUSE LTD,,TOKYO STOCK EXCHANGE,JPY
9303,"THE SUMITOMO WAREHOUSE CO.,LTD.",JP3407000003,,
9304,SHIBUSAWA WAREHOUSE CORP,,TOKYO STOCK EXCHANGE,JPY
9304,SHIBUSAWA LOGISTICS CORPORATION,JP3355600002,,
9305,YAMATANE CORP,,TOKYO STOCK EXCHANGE,JPY
9305,YAMATANE CORPORATION,JP3937600009,,
9308,INUI GLOBAL LOGISTICS LTD,,TOKYO STOCK EXCHANGE,JPY
9308,"INUI GLOBAL LOGISTICS CO.,LTD.",JP3146800002,,
9310,JAPAN TRANSCITY CORP,,TOKYO STOCK EXCHANGE,JPY
9310,JAPAN TRANSCITY CORPORATION,JP3739600009,,
9319,CHUO WAREHOUSE LTD,,TOKYO STOCK EXCHANGE,JPY
9319,"CHUO WAREHOUSE CO.,LTD.",JP3516600008,,
9324,YASUDA LOGISTICS CORP,,TOKYO STOCK EXCHANGE,JPY
9324,YASUDA LOGISTICS CORPORATION,JP3932820008,,
9332,NISSO HOLDINGS LTD,,TOKYO STOCK EXCHANGE,JPY
9332,"NISSO HOLDINGS CO.,LTD.",JP3679880009,,
9336,DAIEI KANKYO LTD,,TOKYO STOCK EXCHANGE,JPY
9336,"DAIEI KANKYO CO.,LTD.",JP3480470008,,
934,SINOPEC KANTONS HOLDINGS LTD,,HONG KONG EXCHANGES AND CLEARING LTD,JPY
9341,GENOVA INC,,TOKYO STOCK EXCHANGE,JPY
9341,"GENOVA,INC.",JP3386840007,,
9347,NIPPON KANZAI HOLDINGS LTD,,TOKYO STOCK EXCHANGE,JPY
9347,"NIPPON KANZAI HOLDINGS CO.,LTD.",JP3695010003,,
9364,KAMIGUMI,,TOKYO STOCK EXCHANGE,JPY
9364,"KAMIGUMI CO.,LTD.",JP3219000001,,
9369,KRS CORP,,TOKYO STOCK EXCHANGE,JPY
9369,K. R. S. CORPORATION,JP3244700005,,
9381,AIT CORP,,TOKYO STOCK EXCHANGE,JPY
9381,AIT CORPORATION,JP3160050005,,
939,CHINA CONSTRUCTION BANK CORP H,,HONG KONG EXCHANGES AND CLEARING LTD,JPY
939,939,CNE1000002H1,,HKD
940,CHINA ANIMAL HEALTHCARE LTD,,HONG KONG EXCHANGES AND CLEARING LTD,JPY
9401,TBS HOLDINGS INC,,TOKYO STOCK EXCHANGE,JPY
9401,"TBS HOLDINGS,INC.",JP3588600001,,
9404,NIPPON TELEVISION HOLDINGS INC,,TOKYO STOCK EXCHANGE,JPY
9404,"NIPPON TELEVISION HOLDINGS,INC.",JP3732200005,,
9405,ASAHI BROADCASTING GROUP HOLDINGS,,TOKYO STOCK EXCHANGE,JPY
9405,ASAHI BROADCASTING GROUP HOLDINGS CORPOR,JP3116800008,,
9409,TV ASAHI HOLDINGS CORP,,TOKYO STOCK EXCHANGE,JPY
9409,TV ASAHI HOLDINGS CORPORATION,JP3429000007,,
9412,SKY PERFECT JSAT,,TOKYO STOCK EXCHANGE,JPY
9412,SKY PERFECT JSAT CORPORATION,JP3396350005,,
9413,TV TOKYO HOLDINGS CORP,,TOKYO STOCK EXCHANGE,JPY
9413,TV TOKYO HOLDINGS CORPORATION,JP3547060008,,
9416,VISION INC,,TOKYO STOCK EXCHANGE,JPY
9416,VISION INC.,JP3800330007,,
9418,U-NEXT HOLDINGS LTD,,TOKYO STOCK EXCHANGE,JPY
9418,"U-NEXT HOLDINGS CO.,LTD.",JP3944640006,,
9424,JAPAN COMMUNICATIONS,,TOKYO STOCK EXCHANGE,JPY
9424,JAPAN COMMUNICATIONS INC.,JP3729600001,,
9432,NTT,,TOKYO STOCK EXCHANGE,JPY
9432,"NTT,INC.",JP3735400008,,
9433,KDDI,,TOKYO STOCK EXCHANGE,JPY
9433,KDDI CORPORATION,JP3496400007,,
9434,SOFTBANK,,TOKYO STOCK EXCHANGE,JPY
9434,SOFTBANK CORP.,JP3732000009,,
9435,HIKARI TSUSHIN INC,,TOKYO STOCK EXCHANGE,JPY
9435,"HIKARI TSUSHIN,INC.",JP3783420007,,
9438,MTI LTD,,TOKYO STOCK EXCHANGE,JPY
9438,MTI LTD.,JP3167480007,,
9449,GMO INTERNET GROUP,,TOKYO STOCK EXCHANGE,JPY
9449,"GMO INTERNET GROUP,INC.",JP3152750000,,
9450,FIBERGATE INC,,TOKYO STOCK EXCHANGE,JPY
9450,FIBERGATE INC.,JP3802380000,,
9468,KADOKAWA,,TOKYO STOCK EXCHANGE,JPY
9468,KADOKAWA CORPORATION,JP3214350005,,
9470,GAKKEN HOLDINGS LTD,,TOKYO STOCK EXCHANGE,JPY
9470,"GAKKEN HOLDINGS CO.,LTD.",JP3234200008,,
9474,ZENRIN LTD,,TOKYO STOCK EXCHANGE,JPY
9474,"ZENRIN CO.,LTD.",JP3430400006,,
9501,TOKYO ELECTRIC POWER HOLDINGS INC,,TOKYO STOCK EXCHANGE,JPY
9501,"TOKYO ELECTRIC POWER COMPANY HOLDINGS,IN",JP3585800000,,
9502,CHUBU ELECTRIC POWER INC,,TOKYO STOCK EXCHANGE,JPY
9502,"CHUBU ELECTRIC POWER COMPANY,INCORPORATE",JP3526600006,,
9503,KANSAI ELECTRIC POWER,,TOKYO STOCK EXCHANGE,JPY
9503,"THE KANSAI ELECTRIC POWER COMPANY,INCORP",JP3228600007,,
9504,CHUGOKU ELECTRIC POWER,,TOKYO STOCK EXCHANGE,JPY
9504,"THE CHUGOKU ELECTRIC POWER COMPANY,INCOR",JP3522200009,,
9505,HOKURIKU ELECTRIC POWER,,TOKYO STOCK EXCHANGE,JPY
9505,HOKURIKU ELECTRIC POWER COMPANY,JP3845400005,,
9506,TOHOKU ELECTRIC POWER,,TOKYO STOCK EXCHANGE,JPY
9506,"TOHOKU ELECTRIC POWER COMPANY,INCORPORAT",JP3605400005,,
9507,SHIKOKU ELECTRIC POWER INC,,TOKYO STOCK EXCHANGE,JPY
9507,"SHIKOKU ELECTRIC POWER COMPANY,INCORPORA",JP3350800003,,
9508,KYUSHU ELECTRIC POWER,,TOKYO STOCK EXCHANGE,JPY
9508,"KYUSHU ELECTRIC POWER COMPANY,INCORPORAT",JP3246400000,,
9509,HOKKAIDO ELECTRIC POWER INC,,TOKYO STOCK EXCHANGE,JPY
9509,"HOKKAIDO ELECTRIC POWER COMPANY,INCORPOR",JP3850200001,,
9511,OKINAWA ELECTRIC POWER INC,,TOKYO STOCK EXCHANGE,JPY
9511,"THE OKINAWA ELECTRIC POWER COMPANY,INCOR",JP3194700005,,
9513,ELECTRIC POWER DEVELOPMENT LTD,,TOKYO STOCK EXCHANGE,JPY
9513,"ELECTRIC POWER DEVELOPMENT CO.,LTD.",JP3551200003,,
9514,EF-ON INC,,TOKYO STOCK EXCHANGE,JPY
9514,EF-ON INC.,JP3802140008,,
9517,EREX LTD,,TOKYO STOCK EXCHANGE,JPY
9517,"EREX CO.,LTD.",JP3130830007,,
9519,RENOVA,,TOKYO STOCK EXCHANGE,JPY
9519,"RENOVA,INC.",JP3981200003,,
9531,TOKYO GAS LTD,,TOKYO STOCK EXCHANGE,JPY
9531,"TOKYO GAS CO.,LTD.",JP3573000001,,
9532,OSAKA GAS,,TOKYO STOCK EXCHANGE,JPY
9532,"OSAKA GAS CO.,LTD.",JP3180400008,,
9533,TOHO GAS,,TOKYO STOCK EXCHANGE,JPY
9533,"TOHO GAS CO.,LTD.",JP3600200004,,
9534,HOKKAIDO GAS LTD,,TOKYO STOCK EXCHANGE,JPY
9534,"HOKKAIDO GAS CO.,LTD.",JP3847000001,,
9535,HIROSHIMA GAS LTD,,TOKYO STOCK EXCHANGE,JPY
9535,"HIROSHIMA GAS CO.,LTD.",JP3796200008,,
9536,SAIBU GAS HOLDINGS LTD,,TOKYO STOCK EXCHANGE,JPY
9536,"SAIBU GAS HOLDINGS CO.,LTD.",JP3311600005,,
9543,SHIZUOKA GAS LTD,,TOKYO STOCK EXCHANGE,JPY
9543,"SHIZUOKA GAS CO.,LTD.",JP3351150002,,
9551,METAWATER LTD,,TOKYO STOCK EXCHANGE,JPY
9551,"METAWATER CO.,LTD.",JP3921260000,,
9552,QUANTS RESEARCH INSTITUTE HOLDINGS,,TOKYO STOCK EXCHANGE,JPY
9552,"QUANTS RESEARCH INSTITUTE HOLDINGS,INC.",JP3167370000,,
960,LONGFOR GROUP HOLDINGS,,HONG KONG EXCHANGES AND CLEARING LTD,JPY
960,960,KYG5635P1090,,HKD
9601,SHOCHIKU,,TOKYO STOCK EXCHANGE,JPY
9601,"SHOCHIKU CO.,LTD.",JP3362800009,,
9602,TOHO (TOKYO),,TOKYO STOCK EXCHANGE,JPY
9602,"TOHO CO.,LTD",JP3598600009,,
9603,HIS LTD,,TOKYO STOCK EXCHANGE,JPY
9603,"H.I.S.CO.,LTD.",JP3160740001,,
9605,TOEI,,TOKYO STOCK EXCHANGE,JPY
9605,"TOEI COMPANY,LTD.",JP3560000006,,
9606,DUALITY BIOTHERAPEUTICS INC,,HONG KONG EXCHANGES AND CLEARING LTD,JPY
9612,LUCKLAND LTD,,TOKYO STOCK EXCHANGE,JPY
9612,"LUCKLAND CO.,LTD.",JP3968000004,,
9616,KYORITSU MAINTENANCE,,TOKYO STOCK EXCHANGE,JPY
9616,"KYORITSU MAINTENANCE CO.,LTD.",JP3253900009,,
9618,JD.COM CLASS A,,HONG KONG EXCHANGES AND CLEARING LTD,JPY
9618,9618,KYG8208B1014,,HKD
9619,ICHINEN HOLDINGS LTD,,TOKYO STOCK EXCHANGE,JPY
9619,"ICHINEN HOLDINGS CO.,LTD.",JP3142100001,,
9621,CTI ENGINEERING,,TOKYO STOCK EXCHANGE,JPY
9621,"CTI ENGINEERING CO.,LTD.",JP3281900005,,
9622,SPACE LTD,,TOKYO STOCK EXCHANGE,JPY
9622,"SPACE CO.,LTD.",JP3400050005,,
9626,BILIBILI INC,,HONG KONG EXCHANGES AND CLEARING LTD,JPY
9626,9626,KYG1098A1013,,HKD
9627,AIN HOLDINGS INC,,TOKYO STOCK EXCHANGE,JPY
9627,AIN HOLDINGS INC.,JP3105250009,,
9628,SAN HOLDINGS (JAPAN),,TOKYO STOCK EXCHANGE,JPY
9628,"SAN HOLDINGS,INC.",JP3286300003,,
9629,PCA CORP,,TOKYO STOCK EXCHANGE,JPY
9629,PCA CORPORATION,JP3801500004,,
9632,SUBARU ENTERPRISE LTD,,TOKYO STOCK EXCHANGE,JPY
9632,"SUBARU ENTERPRISE CO.,LTD.",JP3399800006,,
9633,NONGFU SPRING LTD H,,HONG KONG EXCHANGES AND CLEARING LTD,JPY
9633,9633,CNE100004272,,HKD
9636,JF SMARTINVEST HOLDINGS LTD,,HONG KONG EXCHANGES AND CLEARING LTD,JPY
9644,TANABE CONSULTING GROUP LTD,,TOKYO STOCK EXCHANGE,JPY
9644,"TANABE CONSULTING GROUP CO.,LTD.",JP3468850007,,
9658,BUSINESS BRAIN SHOWA OTA,,TOKYO STOCK EXCHANGE,JPY
9658,BUSINESS BRAIN SHOWA.OTA INC.,JP3800300000,,
966,CHINA TAIPING INSURANCE HLDGS LTD,,HONG KONG EXCHANGES AND CLEARING LTD,JPY
966,966,HK0000055878,,HKD
9660,HORIZON ROBOTICS,,HONG KONG EXCHANGES AND CLEARING LTD,JPY
9660,9660,KYG4602S1057,,HKD
9663,NAGAWA LTD,,TOKYO STOCK EXCHANGE,JPY
9663,"NAGAWA CO.,LTD",JP3648700007,,
9672,TOKYOTOKEIBA LTD,,TOKYO STOCK EXCHANGE,JPY
9672,"TOKYOTOKEIBA CO.,LTD.",JP3586600003,,
9678,KANAMOTO LTD,,TOKYO STOCK EXCHANGE,JPY
9678,"KANAMOTO CO.,LTD.",JP3215200001,,
968,XINYI SOLAR HOLDINGS LTD,,HONG KONG EXCHANGES AND CLEARING LTD,JPY
968,968,KYG9829N1025,,HKD
9682,DTS,,TOKYO STOCK EXCHANGE,JPY
9682,DTS CORPORATION,JP3548500002,,
9684,SQUARE ENIX HLDG,,TOKYO STOCK EXCHANGE,JPY
9684,"SQUARE ENIX HOLDINGS CO.,LTD.",JP3164630000,,
9688,ZAI LAB LTD,,HONG KONG EXCHANGES AND CLEARING LTD,JPY
9692,COMPUTER ENGINEERING & CONSULTING,,TOKYO STOCK EXCHANGE,JPY
9692,COMPUTER ENGINEERING & CONSULTING LTD.,JP3346200003,,
9697,CAPCOM LTD,,TOKYO STOCK EXCHANGE,JPY
9697,"CAPCOM CO.,LTD.",JP3218900003,,
9698,GDS HOLDINGS CLASS A,,HONG KONG EXCHANGES AND CLEARING LTD,JPY
9698,9698,KYG3902L1095,,HKD
9699,NISHIO HOLDINGS LTD,,TOKYO STOCK EXCHANGE,JPY
9699,"NISHIO HOLDINGS CO.,LTD.",JP3657500009,,
9702,ISB CORP,,TOKYO STOCK EXCHANGE,JPY
9702,ISB CORPORATION,JP3100700008,,
9706,JAPAN AIRPORT TERMINAL,,TOKYO STOCK EXCHANGE,JPY
9706,"JAPAN AIRPORT TERMINAL CO.,LTD.",JP3699400002,,
9715,TRANSCOSMOS INC,,TOKYO STOCK EXCHANGE,JPY
9715,TRANSCOSMOS INC.,JP3635700002,,
9716,NOMURA LTD,,TOKYO STOCK EXCHANGE,JPY
9716,"NOMURA CO.,LTD.",JP3762400004,,
9722,FUJITA KANKO,,TOKYO STOCK EXCHANGE,JPY
9722,FUJITA KANKO INC.,JP3816800001,,
9726,KNT-CT HOLDINGS LTD,,TOKYO STOCK EXCHANGE,JPY
9726,"KNT-CT HOLDINGS CO.,LTD.",JP3260400001,,
9729,TOKAI (GIFU) CORP,,TOKYO STOCK EXCHANGE,JPY
9729,TOKAI CORP.,JP3552250007,,
9735,SECOM,,TOKYO STOCK EXCHANGE,JPY
9735,"SECOM CO.,LTD.",JP3421800008,,
9739,NSW INC,,TOKYO STOCK EXCHANGE,JPY
9739,NSW INC.,JP3712500002,,
9740,CENTRAL SECURITY PATROLS LTD,,TOKYO STOCK EXCHANGE,JPY
9740,"CENTRAL SECURITY PATROLS CO.,LTD.",JP3425400003,,
9742,INES CORP,,TOKYO STOCK EXCHANGE,JPY
9742,INES CORPORATION,JP3105000008,,
9743,TANSEISHA,,TOKYO STOCK EXCHANGE,JPY
9743,"TANSEISHA CO.,LTD.",JP3472200009,,
9744,MEITEC GROUP HOLDINGS INC,,TOKYO STOCK EXCHANGE,JPY
9744,MEITEC GROUP HOLDINGS INC.,JP3919200000,,
9746,TKC CORP,,TOKYO STOCK EXCHANGE,JPY
9746,TKC CORPORATION,JP3539400006,,
9755,OYO CORP,,TOKYO STOCK EXCHANGE,JPY
9755,OYO CORPORATION,JP3174600001,,
9757,FUNAI SOKEN HOLDINGS INC,,TOKYO STOCK EXCHANGE,JPY
9757,FUNAI SOKEN HOLDINGS INCORPORATED,JP3825800000,,
9759,NSD LTD,,TOKYO STOCK EXCHANGE,JPY
9759,"NSD CO., LTD.",JP3712600000,,
9766,KONAMI GROUP,,TOKYO STOCK EXCHANGE,JPY
9766,KONAMI GROUP CORPORATION,JP3300200007,,
9769,GAKKYUSHA LTD,,TOKYO STOCK EXCHANGE,JPY
9769,"GAKKYUSHA CO.,LTD.",JP3235400003,,
9788,NAC LTD,,TOKYO STOCK EXCHANGE,JPY
9788,"NAC CO.,LTD.",JP3651020004,,
9790,FUKUI COMPUTER HOLDING INC,,TOKYO STOCK EXCHANGE,JPY
9790,"FUKUI COMPUTER HOLDINGS,INC.",JP3803800006,,
9793,DAISEKI LTD,,TOKYO STOCK EXCHANGE,JPY
9793,"DAISEKI CO.,LTD.",JP3485600005,,
9795,STEP LTD,,TOKYO STOCK EXCHANGE,JPY
9795,"STEP CO.,LTD.",JP3399700008,,
9824,SENSHU ELECTRIC LTD,,TOKYO STOCK EXCHANGE,JPY
9824,"SENSHU ELECTRIC CO.,LTD.",JP3424400004,,
9828,GENKI GLOBAL DINING CONCEPTS CORP,,TOKYO STOCK EXCHANGE,JPY
9828,GENKI GLOBAL DINING CONCEPTS CORPORATION,JP3282800006,,
9830,TRUSCO NAKAYAMA CORP,,TOKYO STOCK EXCHANGE,JPY
9830,TRUSCO NAKAYAMA CORPORATION,JP3635500006,,
9831,YAMADA HOLDINGS,,TOKYO STOCK EXCHANGE,JPY
9831,"YAMADA HOLDINGS CO.,LTD.",JP3939000000,,
9832,AUTOBACS SEVEN LTD,,TOKYO STOCK EXCHANGE,JPY
9832,"AUTOBACS SEVEN CO.,LTD.",JP3172500005,,
9837,MORITO LTD,,TOKYO STOCK EXCHANGE,JPY
9837,"MORITO CO.,LTD.",JP3926200001,,
9842,ARCLANDS CORP,,TOKYO STOCK EXCHANGE,JPY
9842,ARCLANDS CORPORATION,JP3100100001,,
9843,NITORI HOLDINGS,,TOKYO STOCK EXCHANGE,JPY
9843,"NITORI HOLDINGS CO.,LTD.",JP3756100008,,
9850,GOURMET KINEYA LTD,,TOKYO STOCK EXCHANGE,JPY
9850,"GOURMET KINEYA CO.,LTD.",JP3274200009,,
9856,KU HOLDINGS LTD,,TOKYO STOCK EXCHANGE,JPY
9856,"KU HOLDINGS CO.,LTD.",JP3277300004,,
9858,CHINA YOURAN DAIRY GROUP LTD,,HONG KONG EXCHANGES AND CLEARING LTD,JPY
9861,YOSHINOYA HOLDINGS LTD,,TOKYO STOCK EXCHANGE,JPY
9861,"YOSHINOYA HOLDINGS CO.,LTD.",JP3958000006,,
9863,ZHEJIANG LEAPMOTOR TECHNOLOGY LTD,,HONG KONG EXCHANGES AND CLEARING LTD,JPY
9863,9863,CNE100005K77,,HKD
9866,NIO CLASS A,,HONG KONG EXCHANGES AND CLEARING LTD,JPY
9866,9866,KYG6525F1028,,HKD
9868,XPENG CLASS A INC,,HONG KONG EXCHANGES AND CLEARING LTD,JPY
9868,9868,KYG982AW1003,,HKD
9869,KATO SANGYO LTD,,TOKYO STOCK EXCHANGE,JPY
9869,"KATO SANGYO CO.,LTD.",JP3213300001,,
9880,INNOTECH CORP,,TOKYO STOCK EXCHANGE,JPY
9880,9880,CNE100006CQ4,,HKD
9880,INNOTECH CORPORATION,JP3147800001,,
9882,YELLOW HAT LTD,,TOKYO STOCK EXCHANGE,JPY
9882,YELLOW HAT LTD.,JP3131350005,,
9887,MATSUYA FOODS HOLDINGS LTD,,TOKYO STOCK EXCHANGE,JPY
9887,"MATSUYA FOODS HOLDINGS CO.,LTD.",JP3869800007,,
9888,BAIDU CLASS A,,HONG KONG EXCHANGES AND CLEARING LTD,JPY
9888,9888,KYG070341048,,HKD
9889,JBCC HOLDINGS INC,,TOKYO STOCK EXCHANGE,JPY
9889,JBCC HOLDINGS INC.,JP3746800006,,
9890,TANWAN INC,,HONG KONG EXCHANGES AND CLEARING LTD,JPY
9896,JK HOLDINGS LTD,,TOKYO STOCK EXCHANGE,JPY
9896,"JK HOLDINGS CO.,LTD.",JP3389570007,,
9896,9896,KYG6180F1081,,HKD
9898,WEIBO CLASS A CORP,,HONG KONG EXCHANGES AND CLEARING LTD,JPY
9899,NETEASE CLOUD MUSIC INC,,HONG KONG EXCHANGES AND CLEARING LTD,JPY
9900,SAGAMI HOLDINGS CORP,,TOKYO STOCK EXCHANGE,JPY
9900,SAGAMI HOLDINGS CORPORATION,JP3316200009,,
9901,NEW ORIENTAL EDUCATION & TECHNOLOG,,HONG KONG EXCHANGES AND CLEARING LTD,JPY
9901,9901,KYG6470A1168,,HKD
9902,NICHIDEN CORP,,TOKYO STOCK EXCHANGE,JPY
9902,NICHIDEN CORPORATION,JP3661950000,,
9904,POU CHEN,,TAIWAN STOCK EXCHANGE,JPY
9907,TON YI INDUSTRIAL CORP,,TAIWAN STOCK EXCHANGE,JPY
9910,FENG TAY ENTERPRISES,,TAIWAN STOCK EXCHANGE,JPY
9911,NEWBORN TOWN INC,,HONG KONG EXCHANGES AND CLEARING LTD,JPY
9914,MERIDA INDUSTRY,,TAIWAN STOCK EXCHANGE,JPY
9917,TAIWAN SECOM LTD,,TAIWAN STOCK EXCHANGE,JPY
992,LENOVO GROUP,,HONG KONG EXCHANGES AND CLEARING LTD,JPY
992,992,HK0992009065,,HKD
9921,GIANT MANUFACTURING,,TAIWAN STOCK EXCHANGE,JPY
9925,TAIWAN SHIN KONG SECURITY LTD,,TAIWAN STOCK EXCHANGE,JPY
9926,AKESO INC,,HONG KONG EXCHANGES AND CLEARING LTD,JPY
9926,9926,KYG0146B1032,,HKD
9928,MIROKU JYOHO SERVICE LTD,,TOKYO STOCK EXCHANGE,JPY
9928,"MIROKU JYOHO SERVICE CO.,LTD.",JP3910700008,,
9932,SUGIMOTO LTD,,TOKYO STOCK EXCHANGE,JPY
9932,"SUGIMOTO & CO.,LTD.",JP3397050000,,
9933,CTCI,,TAIWAN STOCK EXCHANGE,JPY
9934,INABA DENKISANGYO LTD,,TOKYO STOCK EXCHANGE,JPY
9934,"INABA DENKISANGYO CO.,LTD.",JP3146200005,,
9936,OHSHO FOOD SERVICE CORP,,TOKYO STOCK EXCHANGE,JPY
9936,OHSHO FOOD SERVICE CORP.,JP3174300008,,
9939,TAIWAN HON CHUAN ENTERPRISE,,TAIWAN STOCK EXCHANGE,JPY
9941,YULON FINANCE CORP,,TAIWAN STOCK EXCHANGE,JPY
9945,RUENTEX DEVELOPMENT LTD,,TAIWAN STOCK EXCHANGE,JPY
9946,MINISTOP LTD,,TOKYO STOCK EXCHANGE,JPY
9946,"MINISTOP CO.,LTD.",JP3905950006,,
9948,ARCS LTD,,TOKYO STOCK EXCHANGE,JPY
9948,"ARCS COMPANY,LIMITED",JP3968600001,,
995,ANHUI EXPRESSWAY LTD H,,HONG KONG EXCHANGES AND CLEARING LTD,JPY
9956,VALOR HOLDINGS,,TOKYO STOCK EXCHANGE,JPY
9956,"VALOR HOLDINGS CO.,LTD.",JP3778400006,,
9958,CENTURY IRON AND STEEL INDUSTRIAL,,TAIWAN STOCK EXCHANGE,JPY
9960,TOTECH CORP,,TOKYO STOCK EXCHANGE,JPY
9960,TOTECH CORPORATION,JP3595300009,,
9961,TRIP.COM GROUP,,HONG KONG EXCHANGES AND CLEARING LTD,JPY
9961,9961,KYG9066F1019,,HKD
9962,MISUMI GROUP,,TOKYO STOCK EXCHANGE,JPY
9962,MISUMI GROUP INC.,JP3885400006,,
9966,ALPHAMAB ONCOLOGY,,HONG KONG EXCHANGES AND CLEARING LTD,JPY
9969,INNOCARE PHARMA,,HONG KONG EXCHANGES AND CLEARING LTD,JPY
9974,BELC LTD,,TOKYO STOCK EXCHANGE,JPY
9974,"BELC CO.,LTD.",JP3835700000,,
9979,DAISYO CORP,,TOKYO STOCK EXCHANGE,JPY
9979,DAISYO CORPORATION,JP3484000009,,
998,CHINA CITIC BANK CORP LTD H,,HONG KONG EXCHANGES AND CLEARING LTD,JPY
998,998,CNE1000001Q4,,HKD
9983,FAST RETAILING,,TOKYO STOCK EXCHANGE,JPY
9983,"FAST RETAILING CO.,LTD.",JP3802300008,,
9984,SOFTBANK GROUP,,TOKYO STOCK EXCHANGE,JPY
9984,SOFTBANK GROUP CORP.,JP3436100006,,
9985,WEILONG DELICIOUS GLOBAL HOLDINGS,,HONG KONG EXCHANGES AND CLEARING LTD,JPY
9987,SUZUKEN LTD,,TOKYO STOCK EXCHANGE,JPY
9987,"SUZUKEN CO.,LTD.",JP3398000004,,
9987,9987,US98850P1093,,HKD
9988,ALIBABA GROUP HOLDING,,HONG KONG EXCHANGES AND CLEARING LTD,JPY
9988,9988,KYG017191142,,HKD
9989,SUNDRUG LTD,,TOKYO STOCK EXCHANGE,JPY
9989,"SUNDRUG CO.,LTD.",JP3336600006,,
9990,SACS BAR HOLDINGS INC,,TOKYO STOCK EXCHANGE,JPY
9990,SAC'S BAR HOLDINGS INC.,JP3584700003,,
9991,GECOSS CORP,,TOKYO STOCK EXCHANGE,JPY
9991,GECOSS CORPORATION,JP3225500002,,
9992,POP MART INTERNATIONAL GROUP,,HONG KONG EXCHANGES AND CLEARING LTD,JPY
9992,9992,KYG7170M1033,,HKD
9995,REMEGEN H,,HONG KONG EXCHANGES AND CLEARING LTD,JPY
9995,9995,CNE1000048G6,,HKD
9997,BELLUNA,,TOKYO STOCK EXCHANGE,JPY
9997,"BELLUNA CO.,LTD.",JP3835650007,,
9999,NETEASE,,HONG KONG EXCHANGES AND CLEARING LTD,JPY
9999,9999,KYG6427A1022,,HKD
99SMART,99SMART,MYL5326OO003,,
9CI,CAPITALAND INVESTMENT LTD,,SINGAPORE EXCHANGE,JPY
A,AGILENT TECHNOLOGIES INC,,NEW YORK STOCK EXCHANGE INC.,JPY
A,A,US00846U1016,,USD
A5G,AIB GROUP PLC,,IRISH STOCK EXCHANGE - ALL MARKET,JPY
AADHARHFC,AADHAR HOUSING FINANCE LTD,,NATIONAL STOCK EXCHANGE OF INDIA,JPY
AADI,ADARO ANDALAN INDONESIA,,INDONESIA STOCK EXCHANGE,JPY
AAF,AIRTEL AFRICA PLC,,LONDON STOCK EXCHANGE,JPY
AAF,AAF,GB00BKDRYJ47,,GBP
AAGB,AIRASIA GROUP,,BURSA MALAYSIA,JPY
AAL,ANGLO AMERICAN PLC,,LONDON STOCK EXCHANGE,JPY
AAL,AAL,GB00BTK05J60,,GBP
AAOI,APPLIED OPTOELECTRONICS,,NASDAQ,JPY
AAON,AAON,,NASDAQ,JPY
AAPL,APPLE,,NASDAQ,JPY
AAPL,AAPL,US0378331005,,
AAREIT,AAREIT,SG2D63974620,,SGD
AARTIIND,AARTI INDUSTRIES LTD,,NATIONAL STOCK EXCHANGE OF INDIA,JPY
AARTIPHARM,AARTI PHARMALABS LTD,,NATIONAL STOCK EXCHANGE OF INDIA,JPY
AAT,AMERICAN ASSETS TRUST REIT,,NEW YORK STOCK EXCHANGE INC.,JPY
AAT,AAT,US0240131047,,USD
AAUC,ALLIED GOLD,,TORONTO STOCK EXCHANGE,JPY
AAV,ADVANTAGE ENERGY,,TORONTO STOCK EXCHANGE,JPY
AAVAS,AAVAS FINANCIERS LTD,,NATIONAL STOCK EXCHANGE OF INDIA,JPY
ABB,ABB INDIA LTD,,NATIONAL STOCK EXCHANGE OF INDIA,JPY
ABB,ABB,INE117A01022,,INR
ABBN,ABB LTD,,SIX SWISS EXCHANGE,JPY
ABBN,ABBN,CH0012221716,,CHF
ABBV,ABBVIE,,NEW YORK STOCK EXCHANGE INC.,JPY
ABBV,ABBV,US00287Y1091,,USD
ABCAP,ABCAP,INE674K01013,,INR
ABCAPITAL,ADITYA BIRLA CAPITAL LTD,,NATIONAL STOCK EXCHANGE OF INDIA,JPY
ABCB10,BANCO ABC BRASIL RIGHTS SA,,XBSP,JPY
ABCB4,BANCO ABC BRASIL PREF SA,,XBSP,JPY
ABDL,ALLIED BLENDERS AND DISTILLERS LTD,,NATIONAL STOCK EXCHANGE OF INDIA,JPY
ABEV3,AMBEV SA,,XBSP,JPY
ABEV3,ABEV3,BRABEVACNOR1,,
ABF,ASSOCIATED BRITISH FOODS PLC,,LONDON STOCK EXCHANGE,JPY
ABF,ABF,GB0006731235,,GBP
ABFRL,ADITYA BIRLA FASHION AND RETAIL,,NATIONAL STOCK EXCHANGE OF INDIA,JPY
ABG,ABSA GROUP,,JOHANNESBURG STOCK EXCHANGE,JPY
ABG,ABG,AU0000291882,,AUD
ABG,ABG,ZAE000255915,,ZAR
ABI,ANHEUSER-BUSCH INBEV SA,,NYSE EURONEXT - EURONEXT BRUSSELS,JPY
ABI,ABI,BE0974293251,,EUR
ABK,AL AHLI BANK,,KUWAIT STOCK EXCHANGE,JPY
ABLBL,ADITYA BIRLA LIFESTYLE BRANDS LTD,,NATIONAL STOCK EXCHANGE OF INDIA,JPY
ABMB,ALLIANCE BANK MALAYSIA BHD,,BURSA MALAYSIA,JPY
ABN,ABN AMRO BANK NV,,EURONEXT AMSTERDAM,JPY
ABN,ABN,NL0011540547,,EUR
ABNB,AIRBNB CLASS A,,NASDAQ,JPY
ABNB,ABNB,US0090661010,,
ABRA,ABRASILVER RESOURCE CORP,,TORONTO STOCK EXCHANGE,JPY
ABREL,ADITYA BIRLA REAL ESTATE LTD,,NATIONAL STOCK EXCHANGE OF INDIA,JPY
ABSLAMC,ADITYA BIRLA SUN LIFE AMC LTD,,NATIONAL STOCK EXCHANGE OF INDIA,JPY
ABT,ABBOTT LABORATORIES,,NEW YORK STOCK EXCHANGE INC.,JPY
ABT,ABT,US0028241000,,USD
ABUK,ABU QIR FERTILIZERS AND CHEMICAL I,,EGYPTIAN EXCHANGE,JPY
ABVX,ABIVAX SA,,NYSE EURONEXT - EURONEXT PARIS,JPY
ABVX,ABVX,FR0012333284,,EUR
ABX,BARRICK MINING,,TORONTO STOCK EXCHANGE,JPY
ABX,ABX,CA06849F1080,,CAD
AC,ACCOR SA,,NYSE EURONEXT - EURONEXT PARIS,JPY
AC,AC,FR0000120404,,EUR
AC,AC,PHY0486V1154,,PHP
AC*,ARCA CONTINENTAL,,BOLSA MEXICANA DE VALORES,JPY
AC*,AC*,MX01AC100006,,MXN
ACA,CREDIT AGRICOLE SA,,NYSE EURONEXT - EURONEXT PARIS,JPY
ACA,ACA,FR0000045072,,EUR
ACC,ACC LTD,,NATIONAL STOCK EXCHANGE OF INDIA,JPY
ACE,ACTION CONSTRUCTION EQUIPMENT LTD,,NATIONAL STOCK EXCHANGE OF INDIA,JPY
ACEM,ACEM,INE079A01024,,INR
ACEN,ACEN CORPORATION,,PHILIPPINE STOCK EXCHANGE INC.,JPY
ACGL,ARCH CAPITAL GROUP,,NASDAQ,JPY
ACGL,ACGL,BMG0450A1053,,USD
ACI,ARCHEAN CHEMICAL INDUSTRIES LTD,,NATIONAL STOCK EXCHANGE OF INDIA,JPY
ACMESOLAR,ACME SOLAR HOLDINGS LTD,,NATIONAL STOCK EXCHANGE OF INDIA,JPY
ACN,ACCENTURE PLC CLASS A,,NEW YORK STOCK EXCHANGE INC.,JPY
ACN,ACN,IE00B4BNMY34,,USD
ACO.X,ATCO CLASS I,,TORONTO STOCK EXCHANGE,JPY
ACP,ASSECO POLAND SA,,WARSAW STOCK EXCHANGE/EQUITIES/MAIN MARKET,JPY
ACP,ACP,PLSOFTB00016,,PLN
ACS,ACS ACTIVIDADES DE CONSTRUCCION Y,,BOLSA DE MADRID,JPY
ACS,ACS,ES0167050915,,EUR
ACUTAAS,ACUTAAS CHEMICALS LTD,,NATIONAL STOCK EXCHANGE OF INDIA,JPY
ACWA,ACWA,SA15CGS10H12,,SAR
AD,KONINKLIJKE AHOLD DELHAIZE,,EURONEXT AMSTERDAM,JPY
AD,AD,NL0011794037,,EUR
ADANI,ADANI,INE814H01029,,INR
ADANIENT,ADANI ENTERPRISES,,NATIONAL STOCK EXCHANGE OF INDIA,JPY
ADANIPORTS,ADANI PORTS AND SPECIAL ECONOMIC Z,,NATIONAL STOCK EXCHANGE OF INDIA,JPY
ADANIPOWER,ADANI POWER LTD,,NATIONAL STOCK EXCHANGE OF INDIA,JPY
ADBE,ADOBE INC,,NASDAQ,JPY
ADBE,ADBE,US00724F1012,,
ADC,AGREE REALTY REIT,,NEW YORK STOCK EXCHANGE INC.,JPY
ADC,ADC,US0084921008,,USD
ADCB,ABU DHABI COMMERCIAL BANK,,ABU DHABI SECURITIES EXCHANGE,JPY
ADCB,ADCB,AEA000201011,,AED
ADDT B,ADDTECH CLASS B,,NASDAQ OMX NORDIC,JPY
ADDTB,ADDTB,SE0014781795,,SEK
ADE,ADE,INE423A01024,,INR
ADES,ADES,SA55SG6H5716,,SAR
ADI,ANALOG DEVICES,,NASDAQ,JPY
ADI,ADI,US0326541051,,
ADIB,ABU DHABI ISLAMIC BANK,,ABU DHABI SECURITIES EXCHANGE,JPY
ADIB,ADIB,AEA000801018,,AED
ADM,ARCHER DANIELS MIDLAND,,NEW YORK STOCK EXCHANGE INC.,JPY
ADM,ADM,GB00B02J6398,,GBP
ADM,ADM,US0394831020,,USD
ADMIE,ADMIE HOLDING COMPANY SA SHRS,,ATHENS EXCHANGE S.A. CASH MARKET,JPY
ADNOCDIS,ADNOCDIS,AEA006101017,,AED
ADNOCDIST,ABU DHABI NATIONAL OIL COMPANY FOR,,ABU DHABI SECURITIES EXCHANGE,JPY
ADNOCDRI,ADNOCDRI,AEA007301012,,AED
ADNOCDRILL,ADNOC DRILLING COMPANY,,ABU DHABI SECURITIES EXCHANGE,JPY
ADNOCGAS,ADNOC GAS PLC,,ABU DHABI SECURITIES EXCHANGE,JPY
ADNOCGAS,ADNOCGAS,AEE01195A234,,AED
ADNOCLS,ADNOC LOGISTICS & SERVICES PLC,,ABU DHABI SECURITIES EXCHANGE,JPY
ADNOCLS,ADNOCLS,AEE01268A239,,AED
ADP,AUTOMATIC DATA PROCESSING INC,,NASDAQ,JPY
ADP,ADP,FR0010340141,,EUR
ADP,ADP,US0530151036,,
ADRO,ALAMTRI RESOURCES INDONESIA,,INDONESIA STOCK EXCHANGE,JPY
ADS,ADIDAS N AG,,XETRA,JPY
ADS,ADS,DE000A1EWWW0,,EUR
ADSEZ,ADSEZ,INE742F01042,,INR
ADSK,AUTODESK,,NASDAQ,JPY
ADSK,ADSK,US0527691069,,
ADVANC-R,ADVANC-R,TH0268010R11,,THB
ADVANC.R,ADVANCED INFO SERVICE NON-VOTING D,,STOCK EXCHANGE OF THAILAND,JPY
ADVANC/F,ADVANC/F,TH0268010Z11,,
ADYEN,ADYEN,,EURONEXT AMSTERDAM,JPY
ADYEN,ADYEN,NL0012969182,,EUR
AED,AED CASH,,-,JPY
AED,AED,BE0003851681,,EUR
AEE,AMEREN,,NEW YORK STOCK EXCHANGE INC.,JPY
AEE,AEE,US0236081024,,USD
AEFES.E,ANADOLU EFES BIRACILIK VE MALT SAN,,ISTANBUL STOCK EXCHANGE,JPY
AEGISLOG,AEGIS LOGISTICS LTD,,NATIONAL STOCK EXCHANGE OF INDIA,JPY
AEGN,AEGEAN AIRLINES,,ATHENS EXCHANGE S.A. CASH MARKET,JPY
AEHR,AEHR TEST SYSTEMS,,NASDAQ,JPY
AEM,AGNICO EAGLE MINES,,TORONTO STOCK EXCHANGE,JPY
AEM,AEM,CA0084741085,,CAD
AENA,AENA SME SA,,BOLSA DE MADRID,JPY
AENA,AENA,ES0105046017,,EUR
AEP,AMERICAN ELECTRIC POWER INC,,NASDAQ,JPY
AEP,AEP,US0255371017,,
AER,AERCAP HOLDINGS,,NEW YORK STOCK EXCHANGE INC.,JPY
AER,AER,NL0000687663,,USD
AES,AES,,NEW YORK STOCK EXCHANGE INC.,JPY
AES,AES,US00130H1059,,
AETHER,AETHER INDUSTRIES,,NATIONAL STOCK EXCHANGE OF INDIA,JPY
AEWU,AEWU,GB00BWD24154,,GBP
AFCONS,AFCONS INFRASTRUCTURE,,NATIONAL STOCK EXCHANGE OF INDIA,JPY
AFE,AECI,,JOHANNESBURG STOCK EXCHANGE,JPY
AFFIN,AFFIN BANK,,BURSA MALAYSIA,JPY
AFFLE,AFFLE I LTD,,NATIONAL STOCK EXCHANGE OF INDIA,JPY
AFG,AMERICAN FINANCIAL GROUP,,NEW YORK STOCK EXCHANGE INC.,JPY
AFKS,AFK SISTEMA,,STANDARD-CLASSICA-FORTS,JPY
AFL,AFLAC,,NEW YORK STOCK EXCHANGE INC.,JPY
AFL,AFL,US0010551028,,USD
AFLT,AEROFLOT ROSSIYSKIYE AVIALINII,,STANDARD-CLASSICA-FORTS,JPY
AFRM,AFRM,US00827B1061,,USD
AG,FIRST MAJESTIC SILVER,,TORONTO STOCK EXCHANGE,JPY
AGCO,AGCO,,NEW YORK STOCK EXCHANGE INC.,JPY
AGI,ALAMOS GOLD INC CLASS A,,TORONTO STOCK EXCHANGE,JPY
AGI,AGI,CA0115321089,,CAD
AGILITY,AGILITY GLOBAL PLC,,ABU DHABI SECURITIES EXCHANGE,JPY
AGN,AEGON,,EURONEXT AMSTERDAM,JPY
AGN,AGN,BMG0112X1056,,EUR
AGO,ASSURED GUARANTY LTD,,NEW YORK STOCK EXCHANGE INC.,JPY
AGRO,ROS AGRO GDR PLC,,STANDARD-CLASSICA-FORTS,JPY
AGS,AGEAS,,NYSE EURONEXT - EURONEXT BRUSSELS,JPY
AGS,AGS,BE0974264930,,EUR
AGTHIA,AGTHIA GROUP,,ABU DHABI SECURITIES EXCHANGE,JPY
AGUAS.A,AGUAS ANDINAS SA,,SANTIAGO STOCK EXCHANGE,JPY
AHGAZ.E,AHLATCI DOGAL GAZ DAGITIM ENERJI V,,ISTANBUL STOCK EXCHANGE,JPY
AHR,AMERICAN HEALTHCARE REIT,,NEW YORK STOCK EXCHANGE INC.,JPY
AHR,AHR,US3981823038,,USD
AHRT,AH REALTY INC,,NEW YORK STOCK EXCHANGE INC.,JPY
AHRT,AHRT,US04208T1088,,USD
AI,LAIR LIQUIDE SOCIETE ANONYME POUR,,NYSE EURONEXT - EURONEXT PARIS,JPY
AI,AI,FR0000120073,,EUR
AIA,AUCKLAND INTERNATIONAL AIRPORT,,NEW ZEALAND EXCHANGE LTD,JPY
AIA,AIA,NZAIAE0002S6,,NZD
AIAENG,AIA ENGINEERING LTD,,NATIONAL STOCK EXCHANGE OF INDIA,JPY
AIBG,AIBG,IE00BF0L3536,,EUR
AIF,ALTUS GROUP,,TORONTO STOCK EXCHANGE,JPY
AIG,AMERICAN INTERNATIONAL GROUP,,NEW YORK STOCK EXCHANGE INC.,JPY
AIG,AIG,US0268747849,,USD
AIIL,AUTHUM INVESTMENT AND INFRASTRUCTU,,NATIONAL STOCK EXCHANGE OF INDIA,JPY
AIR,AIRBUS GROUP,,NYSE EURONEXT - EURONEXT PARIS,JPY
AIR,AIR,NL0000235190,,EUR
AIRARABI,AIRARABI,AEA003001012,,AED
AIRARABIA,AIR ARABIA,,DUBAI FINANCIAL MARKET,JPY
AIT,APPLIED INDUSTRIAL TECHNOLOGIES IN,,NEW YORK STOCK EXCHANGE INC.,JPY
AIZ,ASSURANT INC,,NEW YORK STOCK EXCHANGE INC.,JPY
AIZ,AIZ,US04621X1081,,
AJANTPHARM,AJANTA PHARMA,,NATIONAL STOCK EXCHANGE OF INDIA,JPY
AJG,ARTHUR J GALLAGHER,,NEW YORK STOCK EXCHANGE INC.,JPY
AJG,AJG,US3635761097,,USD
AJMANBANK,AJMAN BANK,,DUBAI FINANCIAL MARKET,JPY
AKAM,AKAMAI TECHNOLOGIES INC,,NASDAQ,JPY
AKAM,AKAM,US00971T1016,,
AKBNK,AKBNK,TRAAKBNK91N6,,TRY
AKBNK.E,AKBANK A,,ISTANBUL STOCK EXCHANGE,JPY
AKR,ACADIA REALTY TRUST REIT,,NEW YORK STOCK EXCHANGE INC.,JPY
AKR,AKR,US0042391096,,USD
AKRA,AKR CORPORINDO,,INDONESIA STOCK EXCHANGE,JPY
AKRBP,AKER BP,,OSLO BORS ASA,JPY
AKRBP,AKRBP,NO0010345853,,NOK
AKSA.E,AKSA AKRILIK KIMYA SANAYI A,,ISTANBUL STOCK EXCHANGE,JPY
AKSEN.E,AKSA ENERJI URETIM A,,ISTANBUL STOCK EXCHANGE,JPY
AKTR,AKTOR SA HOLDING COMPANY TECHNICAL,,ATHENS EXCHANGE S.A. CASH MARKET,JPY
AKZA,AKZO NOBEL,,EURONEXT AMSTERDAM,JPY
AKZA,AKZA,NL0013267909,,EUR
AL,AL,INE208A01029,,INR
ALA,ALTAGAS LTD,,TORONTO STOCK EXCHANGE,JPY
ALA,ALA,CA0213611001,,CAD
ALAB,ASTERA LABS INC,,,
ALAB,ALAB,US04626A1034,,
ALARK.E,ALARKO HOLDING A INC,,ISTANBUL STOCK EXCHANGE,JPY
ALARKAN,ALARKAN,SA11U0S23612,,SAR
ALB,ALBEMARLE CORP,,NEW YORK STOCK EXCHANGE INC.,JPY
ALB,ALB,US0126531013,,
ALBI,ALBI,SA000A0D9HK3,,SAR
ALC,ALCON AG,,SIX SWISS EXCHANGE,JPY
ALC,ALC,CH0432492467,,CHF
ALDAR,ALDAR PROPERTIES,,ABU DHABI SECURITIES EXCHANGE,JPY
ALDAR,ALDAR,AEA002001013,,AED
ALE,ALLEGRO SA,,WARSAW STOCK EXCHANGE/EQUITIES/MAIN MARKET,JPY
ALE,ALE,LU2237380790,,PLN
ALFA,ALFA LAVAL,,NASDAQ OMX NORDIC,JPY
ALFA,ALFA,SE0000695876,,SEK
ALG,ALI ALGHANIM SONS AUTOMOTIVE,,KUWAIT STOCK EXCHANGE,JPY
ALGM,ALLEGRO MICROSYSTEMS INC,,NASDAQ,JPY
ALGN,ALIGN TECHNOLOGY,,NASDAQ,JPY
ALGN,ALGN,US0162551016,,
ALI,AYALA LAND,,PHILIPPINE STOCK EXCHANGE INC.,JPY
ALI,ALI,PHY0488F1004,,PHP
ALINMA,ALINMA,SA122050HV19,,SAR
ALKEM,ALKEM LABORATORIES LTD,,NATIONAL STOCK EXCHANGE OF INDIA,JPY
ALKEM,ALKEM,INE540L01014,,INR
ALKYLAMINE,ALKYL AMINES CHEMICALS LTD,,NATIONAL STOCK EXCHANGE OF INDIA,JPY
ALL,ALLSTATE CORP,,NEW YORK STOCK EXCHANGE INC.,JPY
ALL,ALL,AU000000ALL7,,AUD
ALL,ALL,US0200021014,,USD
ALLE,ALLEGION PLC,,NEW YORK STOCK EXCHANGE INC.,JPY
ALLE,ALLE,IE00BFRT3W74,,USD
ALMARAI,ALMARAI,SA000A0ETHT1,,SAR
ALNY,ALNY,US02043Q1076,,
ALO,ALSTOM SA,,NYSE EURONEXT - EURONEXT PARIS,JPY
ALO,ALO,FR0010220475,,EUR
ALOS3,ALLOS SA,,XBSP,JPY
ALOS3,ALOS3,BRALOSACNOR5,,
ALPA4,SAO PAULO ALPARGATAS PREF,,XBSP,JPY
ALPEKA,ALPEK SA DE CV,,BOLSA MEXICANA DE VALORES,JPY
ALPHA,ALPHA BANK SA,,ATHENS EXCHANGE S.A. CASH MARKET,JPY
ALPHA,ALPHA,GRS830003000,,EUR
ALR,ALIOR BANK SA,,WARSAW STOCK EXCHANGE/EQUITIES/MAIN MARKET,JPY
ALRS,AK ALROSA,,STANDARD-CLASSICA-FORTS,JPY
ALRS,ALRS,RU0007252813,,USD
ALS,ALTIUS MINERALS CORP,,TORONTO STOCK EXCHANGE,JPY
ALSEA*,ALSEA DE CV,,BOLSA MEXICANA DE VALORES,JPY
ALSN,ALLISON TRANSMISSION HOLDINGS,,NEW YORK STOCK EXCHANGE INC.,JPY
ALTA,ALTA,FR0000033219,,EUR
ALTIJARIA,COMMERCIAL REAL ESTATE,,KUWAIT STOCK EXCHANGE,JPY
ALUP11,ALUPAR INVESTIMENTO UNITS,,XBSP,JPY
ALV,ALLIANZ,,XETRA,JPY
ALV,ALV,DE0008404005,,EUR
ALWN,ALLWYN AG,,ATHENS EXCHANGE S.A. CASH MARKET,JPY
ALWN,ALWN,GRS419003009,,EUR
ALX,ALEXANDERS REIT INC,,NEW YORK STOCK EXCHANGE INC.,JPY
ALX,ALX,US0147521092,,USD
AM,DASSAULT AVIATION SA,,NYSE EURONEXT - EURONEXT PARIS,JPY
AM,AM,FR0014004L86,,EUR
AMANAT,AMANAT HOLDING,,DUBAI FINANCIAL MARKET,JPY
AMAT,APPLIED MATERIAL INC,,NASDAQ,JPY
AMAT,AMAT,US0382221051,,
AMATA.R,AMATA CORPORATION NON-VOTING DR PC,,STOCK EXCHANGE OF THAILAND,JPY
AMBA,AMBARELLA,,NASDAQ,JPY
AMBANK,AMMB HOLDINGS,,BURSA MALAYSIA,JPY
AMBER,AMBER ENTERPRISES INDIA LTD,,NATIONAL STOCK EXCHANGE OF INDIA,JPY
AMBUJACEM,AMBUJA CEMENTS LTD,,NATIONAL STOCK EXCHANGE OF INDIA,JPY
AMCR,AMCOR PLC,,NEW YORK STOCK EXCHANGE INC.,JPY
AMCR,AMCR,JE00BV7DQ550,,USD
AMD,ADVANCED MICRO DEVICES,,NASDAQ,JPY
AMD,AMD,US0079031078,,
AME,AMETEK INC,,NEW YORK STOCK EXCHANGE INC.,JPY
AME,AME,US0311001004,,USD
AMGN,AMGEN INC,,NASDAQ,JPY
AMGN,AMGN,US0311621009,,
AMH,AMERICAN HOMES RENT REIT CLASS A,,NEW YORK STOCK EXCHANGE INC.,JPY
AMH,AMH,US02665T3068,,USD
AMKR,AMKOR TECHNOLOGY,,NASDAQ,JPY
AMM,AMM,MYL1015OO006,,
AMP,AMERIPRISE FINANCE INC,,NEW YORK STOCK EXCHANGE INC.,JPY
AMP,AMP,US03076C1062,,USD
AMR,AMERICANA RESTAURANTS INTERNATIONA,,ABU DHABI SECURITIES EXCHANGE,JPY
AMRT,PT SUMBER ALFARIA TRIJAYA,,INDONESIA STOCK EXCHANGE,JPY
AMRZ,AMRZ,CH1430134226,,USD
AMS,AMADEUS IT GROUP,,BOLSA DE MADRID,JPY
AMS,AMS,ES0109067019,,EUR
AMT,AMERICAN TOWER REIT,,NEW YORK STOCK EXCHANGE INC.,JPY
AMT,AMT,US03027X1000,,USD
AMUN,AMUNDI SA,,NYSE EURONEXT - EURONEXT PARIS,JPY
AMUN,AMUN,FR0004125920,,EUR
AMXB,AMERICA MOVIL B,,BOLSA MEXICANA DE VALORES,JPY
AMXB,AMXB,MX01AM050019,,MXN
AMZN,AMAZON.COM INC,,NASDAQ,JPY
AMZN,AMZN,US0231351067,,
ANA,ACCIONA,,BOLSA DE MADRID,JPY
ANA,ANA,ES0125220311,,EUR
ANANDRATHI,ANAND RATHI WEALTH LTD,,NATIONAL STOCK EXCHANGE OF INDIA,JPY
ANANTRAJ,ANANT RAJ LTD,,NATIONAL STOCK EXCHANGE OF INDIA,JPY
ANDINA.B,EMBOTELLADORA ANDINA SERIES B,,SANTIAGO STOCK EXCHANGE,JPY
ANET,ARISTA NETWORKS INC,,NEW YORK STOCK EXCHANGE INC.,JPY
ANET,ANET,US0404132054,,USD
ANG,ANGLOGOLD ASHANTI PLC,,JOHANNESBURG STOCK EXCHANGE,JPY
ANG,ANG,GB00BRXH2664,,ZAR
ANGELONE,ANGEL ONE LTD,,NATIONAL STOCK EXCHANGE OF INDIA,JPY
ANOD B,ADDNODE GROUP CLASS B,,NASDAQ OMX NORDIC,JPY
ANSGR.E,ANADOLU ANONIM TURK SIGORTA SIRKET,,ISTANBUL STOCK EXCHANGE,JPY
ANTHC,ANTHROPIC SERIES G PREF EQ Prvt,,NO MARKET (E.G. UNLISTED),JPY
ANTHEM,ANTHEM BIOSCIENCES,,NATIONAL STOCK EXCHANGE OF INDIA,JPY
ANTO,ANTOFAGASTA PLC,,LONDON STOCK EXCHANGE,JPY
ANTO,ANTO,GB0000456144,,GBP
ANURAS,ANUPAM RASAYAN INDIA LTD,,NATIONAL STOCK EXCHANGE OF INDIA,JPY
ANZ,ANZ GROUP HOLDINGS LTD,,ASX - ALL MARKETS,JPY
ANZ,ANZ,AU000000ANZ3,,AUD
AON,AON PLC CLASS A,,NEW YORK STOCK EXCHANGE INC.,JPY
AON,AON,IE00BLP1HW54,,USD
AOS,A O SMITH,,NEW YORK STOCK EXCHANGE INC.,JPY
AOS,AOS,US8318652091,,
AOT-R,AOT-R,TH0765010R16,,THB
AOT.R,AIRPORTS OF THAILAND NON-VOTING DR,,STOCK EXCHANGE OF THAILAND,JPY
AOT/F,AOT/F,TH0765010Z16,,
AP-U,AP-U,CA0194561027,,CAD
AP.R,AP THAILAND NON-VOTING DR PCL,,STOCK EXCHANGE OF THAILAND,JPY
AP.UN,ALLIED PROPERTIES REAL ESTATE INVT,,TORONTO STOCK EXCHANGE,JPY
APA,APA,,NASDAQ,JPY
APA,APA,AU000000APA1,,AUD
APA,APA,US03743Q1085,,
APARINDS,APAR INDUSTRIES LTD,,NATIONAL STOCK EXCHANGE OF INDIA,JPY
APAT,APAT,INE702C01027,,INR
APD,AIR PRODUCTS AND CHEMICALS,,NEW YORK STOCK EXCHANGE INC.,JPY
APD,APD,US0091581068,,USD
APEX,APEX INVESTMENT,,ABU DHABI SECURITIES EXCHANGE,JPY
APH,AMPHENOL CORP CLASS A,,NEW YORK STOCK EXCHANGE INC.,JPY
APH,APH,US0320951017,,USD
APHS,APHS,INE437A01024,,INR
APLAPOLLO,APL APOLLO TUBES LTD,,NATIONAL STOCK EXCHANGE OF INDIA,JPY
APLE,APPLE HOSPITALITY REIT INC,,NEW YORK STOCK EXCHANGE INC.,JPY
APLE,APLE,US03784Y2000,,USD
APLLTD,ALEMBIC PHARMACEUTICALS LTD,,NATIONAL STOCK EXCHANGE OF INDIA,JPY
APN,ASPEN PHARMACARE LTD,,JOHANNESBURG STOCK EXCHANGE,JPY
APNT,APNT,INE021A01026,,INR
APO,APOLLO GLOBAL MANAGEMENT,,NEW YORK STOCK EXCHANGE INC.,JPY
APO,APO,US03769M1062,,USD
APOLLOHOSP,APOLLO HOSPITALS ENTERPRISE,,NATIONAL STOCK EXCHANGE OF INDIA,JPY
APOLLOTYRE,APOLLO TYRES LTD,,NATIONAL STOCK EXCHANGE OF INDIA,JPY
APP,APPLOVIN CLASS A,,NASDAQ,JPY
APP,APP,US03831W1080,,
APTUS,APTUS VALUE HOUSING FINANCE INDIA,,NATIONAL STOCK EXCHANGE OF INDIA,JPY
APTV,APTIV PLC,,NEW YORK STOCK EXCHANGE INC.,JPY
APTV,APTV,JE00BTDN8H13,,USD
AQN,ALGONQUIN POWER UTILITIES CORP,,TORONTO STOCK EXCHANGE,JPY
ARAMCO,ARAMCO,SA14TG012N13,,SAR
ARBP,ARBP,INE406A01037,,INR
ARCLK.E,ARCELIK A,,ISTANBUL STOCK EXCHANGE,JPY
ARE,ALEXANDRIA REAL ESTATE EQUITIES RE,,NEW YORK STOCK EXCHANGE INC.,JPY
ARE,ARE,US0152711091,,USD
ARE&M,AMARA RAJA ENERGY & MOBILITY LTD,,NATIONAL STOCK EXCHANGE OF INDIA,JPY
AREIT,AREIT INC,,PHILIPPINE STOCK EXCHANGE INC.,JPY
ARES,ARES MANAGEMENT CLASS A,,NEW YORK STOCK EXCHANGE INC.,JPY
ARES,ARES,US03990B1017,,USD
ARF,ARF,AU000000ARF6,,AUD
ARGX,ARGENX,,NYSE EURONEXT - EURONEXT BRUSSELS,JPY
ARGX,ARGX,NL0010832176,,EUR
ARI,AFRICAN RAINBOW MINERAL,,JOHANNESBURG STOCK EXCHANGE,JPY
ARIS,ARIS MINING CORP,,TORONTO STOCK EXCHANGE,JPY
ARM,ARM HOLDINGS ADR,,,
ARM,ARM,US0420682058,,
ARNB,ARNB,SA0007879105,,SAR
AROC,ARCHROCK,,NEW YORK STOCK EXCHANGE INC.,JPY
ARTO,BANK JAGO INDONESIA,,INDONESIA STOCK EXCHANGE,JPY
ARVIND,ARVIND LTD,,NATIONAL STOCK EXCHANGE OF INDIA,JPY
ARVINDFASN,ARVIND FASHIONS LTD,,NATIONAL STOCK EXCHANGE OF INDIA,JPY
ARX,ARC RESOURCES,,TORONTO STOCK EXCHANGE,JPY
ARX,ARX,CA00208D4084,,CAD
ARZAN,ARZAN INVESTMENT AND FINANCIAL,,KUWAIT STOCK EXCHANGE,JPY
ASAHIINDIA,ASAHI INDIA GLASS LTD,,NATIONAL STOCK EXCHANGE OF INDIA,JPY
ASAI3,SENDAS DISTRIBUIDORA,,XBSP,JPY
ASAI3,ASAI3,BRASAIACNOR0,,
ASAN,ASANA CLASS A,,NEW YORK STOCK EXCHANGE INC.,JPY
ASCE,ASCE,BE0003856730,,EUR
ASELS,ASELS,TRAASELS91H2,,TRY
ASELS.E,ASELSAN ELEKTRONIK SANAYI VE TICAR,,ISTANBUL STOCK EXCHANGE,JPY
ASHAPURMIN,ASHAPURA MINECHEM LTD,,NATIONAL STOCK EXCHANGE OF INDIA,JPY
ASHOKLEY,ASHOK LEYLAND,,NATIONAL STOCK EXCHANGE OF INDIA,JPY
ASIANPAINT,ASIAN PAINTS,,NATIONAL STOCK EXCHANGE OF INDIA,JPY
ASII,ASTRA INTERNATIONAL,,INDONESIA STOCK EXCHANGE,JPY
ASII,ASII,ID1000122807,,IDR
ASM,ASM INTERNATIONAL NV,,EURONEXT AMSTERDAM,JPY
ASM,ASM,NL0000334118,,EUR
ASML,ASML HOLDING,,EURONEXT AMSTERDAM,JPY
ASML,ASML,NL0010273215,,EUR
ASML,ASML,USN070592100,,
ASRNL,ASR NEDERLAND,,EURONEXT AMSTERDAM,JPY
ASRNL,ASRNL,NL0011872643,,EUR
ASSA B,ASSA ABLOY B,,NASDAQ OMX NORDIC,JPY
ASSAB,ASSAB,SE0007100581,,SEK
ASTERDM,ASTER DM QUALITY CARE LTD,,NATIONAL STOCK EXCHANGE OF INDIA,JPY
ASTRA,ASTRA,INE006I01046,,INR
ASTRAL,ASTRAL,,NATIONAL STOCK EXCHANGE OF INDIA,JPY
ASTRAMICRO,ASTRA MICROWAVE PRODUCTS LTD,,NATIONAL STOCK EXCHANGE OF INDIA,JPY
ASTRAZEN,ASTRAZENECA PHARMA INDIA LTD,,NATIONAL STOCK EXCHANGE OF INDIA,JPY
ASTS,ASTS,US00217D1000,,USD
ASURB,GRUPO AEROPORTUARIO DEL SURESTE B,,BOLSA MEXICANA DE VALORES,JPY
ASURB,ASURB,MXP001661018,,MXN
ASX,ASX LTD,,ASX - ALL MARKETS,JPY
ASX,ASX,AU000000ASX7,,AUD
ATAD,ATAD,US8766292051,,USD
ATAT,ATOUR LIFESTYLE HOLDINGS AMERICAN,,NASDAQ,JPY
ATCO A,ATLAS COPCO CLASS A,,NASDAQ OMX NORDIC,JPY
ATCO B,ATLAS COPCO CLASS B,,NASDAQ OMX NORDIC,JPY
ATCOA,ATCOA,SE0017486889,,SEK
ATCOB,ATCOB,SE0017486897,,SEK
ATD,ALIMENTATION COUCHE TARD INC,,TORONTO STOCK EXCHANGE,JPY
ATD,ATD,CA01626P1484,,CAD
ATH,ATHABASCA OIL,,TORONTO STOCK EXCHANGE,JPY
ATHM,AUTOHOME ADS REPRESENTING INC CLA,,NEW YORK STOCK EXCHANGE INC.,JPY
ATO,ATMOS ENERGY,,NEW YORK STOCK EXCHANGE INC.,JPY
ATO,ATO,US0495601058,,USD
ATR,APTARGROUP,,NEW YORK STOCK EXCHANGE INC.,JPY
ATRL,ATKINSREALIS GROUP INC,,TORONTO STOCK EXCHANGE,JPY
ATRL,ATRL,CA04764T1049,,CAD
ATS,ATS,,TORONTO STOCK EXCHANGE,JPY
ATT,GRUPA AZOTY SA,,WARSAW STOCK EXCHANGE/EQUITIES/MAIN MARKET,JPY
ATUL,ATUL LTD,,NATIONAL STOCK EXCHANGE OF INDIA,JPY
ATZ,ARITZIA SUBORDINATE VOTING,,TORONTO STOCK EXCHANGE,JPY
AUBANK,AU SMALL FINANCE BANK,,NATIONAL STOCK EXCHANGE OF INDIA,JPY
AUBANK,AUBANK,INE949L01017,,INR
AUD,AUD CASH,,-,JPY
AUGO,AURA MINERALS INC,,NASDAQ,JPY
AUGO,AUGO,VGG069731120,,USD
AUR,AURORA INNOVATION CLASS A,,NASDAQ,JPY
AURE3,AUREN ENERGIA SA,,XBSP,JPY
AURE3,AURE3,BRAUREACNOR9,,
AUROPHARMA,AUROBINDO PHARMA LTD,,NATIONAL STOCK EXCHANGE OF INDIA,JPY
AUTO,AUTOSTORE HOLDINGS LTD,,OSLO BORS ASA,JPY
AV.,AVIVA PLC,,LONDON STOCK EXCHANGE,JPY
AV/,AV/,GB00BPQY8M80,,GBP
AVALON,AVALON TECHNOLOGIES LTD,,NATIONAL STOCK EXCHANGE OF INDIA,JPY
AVANTIFEED,AVANTI FEEDS LTD,,NATIONAL STOCK EXCHANGE OF INDIA,JPY
AVB,AVB,US0534841012,,USD
AVGO,BROADCOM INC,,NASDAQ,JPY
AVGO,AVGO,US11135F1012,,
AVI,AVI LTD,,JOHANNESBURG STOCK EXCHANGE,JPY
AVOL,AVOLTA AG,,SIX SWISS EXCHANGE,JPY
AVOL,AVOL,CH0023405456,,CHF
AVT,AVNET INC,,NASDAQ,JPY
AVY,AVERY DENNISON CORP,,NEW YORK STOCK EXCHANGE INC.,JPY
AVY,AVY,US0536111091,,USD
AWC-R,AWC-R,TH9436010R15,,
AWI,ARMSTRONG WORLD INDUSTRIES,,NEW YORK STOCK EXCHANGE INC.,JPY
AWK,AMERICAN WATER WORKS,,NEW YORK STOCK EXCHANGE INC.,JPY
AWK,AWK,US0304201033,,USD
AWL,AWL AGRI BUSINESS LTD,,NATIONAL STOCK EXCHANGE OF INDIA,JPY
AXIA3,AXIA ENERGIA SA,,XBSP,JPY
AXIA3,AXIA3,BRAXIAACNOR0,,
AXIA7,AXIA ENERGIA PRF SA,,XBSP,JPY
AXIA7,AXIA7,BRAXIAACNPC9,,BRL
AXIATA,AXIATA,MYL6888OO001,,
AXISBANK,AXIS BANK,,NATIONAL STOCK EXCHANGE OF INDIA,JPY
AXON,AXON ENTERPRISE,,NASDAQ,JPY
AXON,AXON,US05464C1018,,
AXP,AMERICAN EXPRESS,,NEW YORK STOCK EXCHANGE INC.,JPY
AXP,AXP,US0258161092,,
AXREIT,AXIS REITS UNITS TRUST,,BURSA MALAYSIA,JPY
AXS,AXIS CAPITAL HOLDINGS,,NEW YORK STOCK EXCHANGE INC.,JPY
AXSB,AXSB,INE238A01034,,INR
AYA,AYA GOLD & SILVER INC,,TORONTO STOCK EXCHANGE,JPY
AYGAZ.E,AYGAZ A,,ISTANBUL STOCK EXCHANGE,JPY
AYV,AYVENS SA,,NYSE EURONEXT - EURONEXT PARIS,JPY
AYV,AYV,FR0013258662,,EUR
AZAD,AZAD ENGINEERING LTD,,NATIONAL STOCK EXCHANGE OF INDIA,JPY
AZN,ASTRAZENECA PLC,,LONDON STOCK EXCHANGE,JPY
AZN,AZN,GB0009895292,,GBP
AZO,AUTOZONE,,NEW YORK STOCK EXCHANGE INC.,JPY
AZO,AZO,US0533321024,,USD
AZRG,AZRG,IL0011194789,,ILS
AZZA3,AZZAS,,XBSP,JPY
AZZA3,AZZA3,BRAZZAACNOR9,,
B.0042.476,JAPAN (2 YEAR ISSUE),JP1024761R95,,
B.0042.477,JAPAN (2 YEAR ISSUE),JP1024771RA8,,
B.0042.478,JAPAN (2 YEAR ISSUE),JP1024781RB5,,
B.0042.480,JAPAN (2 YEAR ISSUE),JP1024801S13,,
B.0042.481,JAPAN (2 YEAR ISSUE),JP1024811S29,,
B.0042.483,JAPAN (2 YEAR ISSUE),JP1024831S41,,
B.0042.484,JAPAN (2 YEAR ISSUE),JP1024841S56,,
B.0045.154,JAPAN (5 YEAR ISSUE),JP1051541NA0,,
B.0045.155,JAPAN (5 YEAR ISSUE),JP1051551P11,,
B.0045.156,JAPAN (5 YEAR ISSUE),JP1051561P27,,
B.0045.157,JAPAN (5 YEAR ISSUE),JP1051571P41,,
B.0045.158,JAPAN (5 YEAR ISSUE),JP1051581P56,,
B.0045.160,JAPAN (5 YEAR ISSUE),JP1051601P86,,
B.0045.161,JAPAN (5 YEAR ISSUE),JP1051611P92,,
B.0045.162,JAPAN (5 YEAR ISSUE),JP1051621PA5,,
B.0045.163,JAPAN (5 YEAR ISSUE),JP1051631PB2,,
B.0045.164,JAPAN (5 YEAR ISSUE),JP1051641Q12,,
B.0045.165,JAPAN (5 YEAR ISSUE),JP1051651Q27,,
B.0045.166,JAPAN (5 YEAR ISSUE),JP1051661Q33,,
B.0045.167,JAPAN (5 YEAR ISSUE),JP1051671Q49,,
B.0045.168,JAPAN (5 YEAR ISSUE),JP1051681Q54,,
B.0045.169,JAPAN (5 YEAR ISSUE),JP1051691Q60,,
B.0045.170,JAPAN (5 YEAR ISSUE),JP1051701Q76,,
B.0045.171,JAPAN (5 YEAR ISSUE),JP1051711Q82,,
B.0045.172,JAPAN (5 YEAR ISSUE),JP1051721Q98,,
B.0045.173,JAPAN (5 YEAR ISSUE),JP1051731QA0,,
B.0045.174,JAPAN (5 YEAR ISSUE),JP1051741QB7,,
B.0045.175,JAPAN (5 YEAR ISSUE),JP1051751R17,,
B.0045.176,JAPAN (5 YEAR ISSUE),JP1051761R23,,
B.0045.177,JAPAN (5 YEAR ISSUE),JP1051771R39,,
B.0045.178,JAPAN (5 YEAR ISSUE),JP1051781R45,,
B.0045.179,JAPAN (5 YEAR ISSUE),JP1051791R76,,
B.0045.180,JAPAN (5 YEAR ISSUE),JP1051801R90,,
B.0045.181,JAPAN (5 YEAR ISSUE),JP1051811RA8,,
B.0045.182,JAPAN (5 YEAR ISSUE),JP1051821RC3,,
B.0045.183,JAPAN (5 YEAR ISSUE),JP1051831S10,,
B.0045.184,JAPAN (5 YEAR ISSUE),JP1051841S42,,
B.0045.185,JAPAN (5 YEAR ISSUE),JP1051851S56,,
B.0054.1,JAPAN (40 YEAR ISSUE),JP14000117B7,,
B.0054.10,JAPAN (40 YEAR ISSUE),JP1400101H56,,
B.0054.11,JAPAN (40 YEAR ISSUE),JP1400111J52,,
B.0054.12,JAPAN (40 YEAR ISSUE),JP1400121K57,,
B.0054.13,JAPAN (40 YEAR ISSUE),JP1400131L54,,
B.0054.14,JAPAN (40 YEAR ISSUE),JP1400141M51,,
B.0054.15,JAPAN (40 YEAR ISSUE),JP1400151N57,,
B.0054.16,JAPAN (40 YEAR ISSUE),JP1400161P53,,
B.0054.17,JAPAN (40 YEAR ISSUE),JP1400171Q50,,
B.0054.18,JAPAN (40 YEAR ISSUE),JP1400181R57,,
B.0054.19,JAPAN (40 YEAR ISSUE),JP1400191S54,,
B.0054.2,JAPAN (40 YEAR ISSUE),JP1400021950,,
B.0054.3,JAPAN (40 YEAR ISSUE),JP1400031A58,,
B.0054.4,JAPAN (40 YEAR ISSUE),JP1400041B55,,
B.0054.5,JAPAN (40 YEAR ISSUE),JP1400051C51,,
B.0054.6,JAPAN (40 YEAR ISSUE),JP1400061D58,,
B.0054.7,JAPAN (40 YEAR ISSUE),JP1400071E55,,
B.0054.8,JAPAN (40 YEAR ISSUE),JP1400081F45,,
B.0054.9,JAPAN (40 YEAR ISSUE),JP1400091G59,,
B.0057.1,JAPAN (5 YEAR ISSUE),JP1470011Q24,,
B.0057.2,JAPAN (5 YEAR ISSUE),JP1470021Q71,,
B.0057.3,JAPAN (5 YEAR ISSUE),JP1470031R78,,
B.0058.1,JAPAN (10 YEAR ISSUE),JP1480011Q23,,
B.0058.2,JAPAN (10 YEAR ISSUE),JP1480021Q54,,
B.0067.348,JAPAN (10 YEAR ISSUE),JP1103481H98,,
B.0067.349,JAPAN (10 YEAR ISSUE),JP1103491HC4,,
B.0067.350,JAPAN (10 YEAR ISSUE),JP1103501J35,,
B.0067.351,JAPAN (10 YEAR ISSUE),JP1103511J74,,
B.0067.353,JAPAN (10 YEAR ISSUE),JP1103531K10,,
B.0067.354,JAPAN (10 YEAR ISSUE),JP1103541K42,,
B.0067.355,JAPAN (10 YEAR ISSUE),JP1103551K72,,
B.0067.356,JAPAN (10 YEAR ISSUE),JP1103561KA2,,
B.0067.357,JAPAN (10 YEAR ISSUE),JP1103571L10,,
B.0067.358,JAPAN (10 YEAR ISSUE),JP1103581L42,,
B.0067.359,JAPAN (10 YEAR ISSUE),JP1103591L73,,
B.0067.360,JAPAN (10 YEAR ISSUE),JP1103601LA4,,
B.0067.361,JAPAN (10 YEAR ISSUE),JP1103611M11,,
B.0067.362,JAPAN (10 YEAR ISSUE),JP1103621M43,,
B.0067.363,JAPAN (10 YEAR ISSUE),JP1103631M74,,
B.0067.364,JAPAN (10 YEAR ISSUE),JP1103641MA8,,
B.0067.365,JAPAN (10 YEAR ISSUE),JP1103651N11,,
B.0067.366,JAPAN (10 YEAR ISSUE),JP1103661N43,,
B.0067.367,JAPAN (10 YEAR ISSUE),JP1103671N74,,
B.0067.368,JAPAN (10 YEAR ISSUE),JP1103681NA2,,
B.0067.369,JAPAN (10 YEAR ISSUE),JP1103691P11,,
B.0067.370,JAPAN (10 YEAR ISSUE),JP1103701P43,,
B.0067.371,JAPAN (10 YEAR ISSUE),JP1103711P74,,
B.0067.372,JAPAN (10 YEAR ISSUE),JP1103721PA1,,
B.0067.373,JAPAN (10 YEAR ISSUE),JP1103731Q12,,
B.0067.374,JAPAN (10 YEAR ISSUE),JP1103741Q44,,
B.0067.375,JAPAN (10 YEAR ISSUE),JP1103751Q74,,
B.0067.376,JAPAN (10 YEAR ISSUE),JP1103761QA5,,
B.0067.377,JAPAN (10 YEAR ISSUE),JP1103771R12,,
B.0067.378,JAPAN (10 YEAR ISSUE),JP1103781R44,,
B.0067.379,JAPAN (10 YEAR ISSUE),JP1103791R75,,
B.0067.380,JAPAN (10 YEAR ISSUE),JP1103801RA7,,
B.0067.381,JAPAN (10 YEAR ISSUE),JP1103811S13,,
B.0067.382,JAPAN (10 YEAR ISSUE),JP1103821S45,,
B.0068.1,JAPAN (30 YEAR ISSUE),JP1300011W09,,
B.0068.10,JAPAN (30 YEAR ISSUE),JP1300101357,,
B.0068.11,JAPAN (30 YEAR ISSUE),JP1300111372,,
B.0068.12,JAPAN (30 YEAR ISSUE),JP13001213B5,,
B.0068.13,JAPAN (30 YEAR ISSUE),JP1300131420,,
B.0068.14,JAPAN (30 YEAR ISSUE),JP1300141445,,
B.0068.15,JAPAN (30 YEAR ISSUE),JP1300151485,,
B.0068.16,JAPAN (30 YEAR ISSUE),JP13001614A6,,
B.0068.17,JAPAN (30 YEAR ISSUE),JP1300171525,,
B.0068.18,JAPAN (30 YEAR ISSUE),JP1300181540,,
B.0068.19,JAPAN (30 YEAR ISSUE),JP1300191572,,
B.0068.2,JAPAN (30 YEAR ISSUE),JP1300021001,,
B.0068.20,JAPAN (30 YEAR ISSUE),JP13002015A5,,
B.0068.21,JAPAN (30 YEAR ISSUE),JP1300211610,,
B.0068.22,JAPAN (30 YEAR ISSUE),JP1300221643,,
B.0068.23,JAPAN (30 YEAR ISSUE),JP1300231675,,
B.0068.24,JAPAN (30 YEAR ISSUE),JP13002416A5,,
B.0068.25,JAPAN (30 YEAR ISSUE),JP1300251715,,
B.0068.26,JAPAN (30 YEAR ISSUE),JP1300261748,,
B.0068.27,JAPAN (30 YEAR ISSUE),JP13002717A6,,
B.0068.28,JAPAN (30 YEAR ISSUE),JP1300281845,,
B.0068.29,JAPAN (30 YEAR ISSUE),JP13002918A0,,
B.0068.3,JAPAN (30 YEAR ISSUE),JP1300031000,,
B.0068.30,JAPAN (30 YEAR ISSUE),JP1300301940,,
B.0068.31,JAPAN (30 YEAR ISSUE),JP13003119A4,,
B.0068.32,JAPAN (30 YEAR ISSUE),JP1300321A34,,
B.0068.33,JAPAN (30 YEAR ISSUE),JP1300331A99,,
B.0068.34,JAPAN (30 YEAR ISSUE),JP1300341B39,,
B.0068.35,JAPAN (30 YEAR ISSUE),JP1300351B93,,
B.0068.36,JAPAN (30 YEAR ISSUE),JP1300361C33,,
B.0068.37,JAPAN (30 YEAR ISSUE),JP1300371C98,,
B.0068.38,JAPAN (30 YEAR ISSUE),JP1300381D38,,
B.0068.39,JAPAN (30 YEAR ISSUE),JP1300391D69,,
B.0068.4,JAPAN (30 YEAR ISSUE),JP1300041009,,
B.0068.40,JAPAN (30 YEAR ISSUE),JP1300401D91,,
B.0068.41,JAPAN (30 YEAR ISSUE),JP1300411DC2,,
B.0068.42,JAPAN (30 YEAR ISSUE),JP1300421E39,,
B.0068.43,JAPAN (30 YEAR ISSUE),JP1300431E60,,
B.0068.44,JAPAN (30 YEAR ISSUE),JP1300441E92,,
B.0068.45,JAPAN (30 YEAR ISSUE),JP1300451EC6,,
B.0068.46,JAPAN (30 YEAR ISSUE),JP1300461F39,,
B.0068.47,JAPAN (30 YEAR ISSUE),JP1300471F60,,
B.0068.48,JAPAN (30 YEAR ISSUE),JP1300481F92,,
B.0068.49,JAPAN (30 YEAR ISSUE),JP1300491FC9,,
B.0068.5,JAPAN (30 YEAR ISSUE),JP1300051156,,
B.0068.50,JAPAN (30 YEAR ISSUE),JP1300501G30,,
B.0068.51,JAPAN (30 YEAR ISSUE),JP1300511G61,,
B.0068.52,JAPAN (30 YEAR ISSUE),JP1300521G93,,
B.0068.53,JAPAN (30 YEAR ISSUE),JP1300531GC0,,
B.0068.54,JAPAN (30 YEAR ISSUE),JP1300541H31,,
B.0068.55,JAPAN (30 YEAR ISSUE),JP1300551H61,,
B.0068.56,JAPAN (30 YEAR ISSUE),JP1300561H93,,
B.0068.57,JAPAN (30 YEAR ISSUE),JP1300571HC4,,
B.0068.58,JAPAN (30 YEAR ISSUE),JP1300581J30,,
B.0068.59,JAPAN (30 YEAR ISSUE),JP1300591J79,,
B.0068.6,JAPAN (30 YEAR ISSUE),JP13000611B1,,
B.0068.60,JAPAN (30 YEAR ISSUE),JP1300601JA9,,
B.0068.61,JAPAN (30 YEAR ISSUE),JP1300611K15,,
B.0068.62,JAPAN (30 YEAR ISSUE),JP1300621K47,,
B.0068.63,JAPAN (30 YEAR ISSUE),JP1300631K78,,
B.0068.64,JAPAN (30 YEAR ISSUE),JP1300641KA3,,
B.0068.65,JAPAN (30 YEAR ISSUE),JP1300651L15,,
B.0068.66,JAPAN (30 YEAR ISSUE),JP1300661L47,,
B.0068.67,JAPAN (30 YEAR ISSUE),JP1300671L78,,
B.0068.68,JAPAN (30 YEAR ISSUE),JP1300681LA7,,
B.0068.69,JAPAN (30 YEAR ISSUE),JP1300691M16,,
B.0068.7,JAPAN (30 YEAR ISSUE),JP1300071253,,
B.0068.70,JAPAN (30 YEAR ISSUE),JP1300701M48,,
B.0068.71,JAPAN (30 YEAR ISSUE),JP1300711M79,,
B.0068.72,JAPAN (30 YEAR ISSUE),JP1300721MA9,,
B.0068.73,JAPAN (30 YEAR ISSUE),JP1300731N17,,
B.0068.74,JAPAN (30 YEAR ISSUE),JP1300741N49,,
B.0068.75,JAPAN (30 YEAR ISSUE),JP1300751N79,,
B.0068.76,JAPAN (30 YEAR ISSUE),JP1300761NA3,,
B.0068.77,JAPAN (30 YEAR ISSUE),JP1300771P16,,
B.0068.78,JAPAN (30 YEAR ISSUE),JP1300781P48,,
B.0068.79,JAPAN (30 YEAR ISSUE),JP1300791P79,,
B.0068.8,JAPAN (30 YEAR ISSUE),JP13000812B5,,
B.0068.80,JAPAN (30 YEAR ISSUE),JP1300801PA2,,
B.0068.81,JAPAN (30 YEAR ISSUE),JP1300811Q17,,
B.0068.82,JAPAN (30 YEAR ISSUE),JP1300821Q49,,
B.0068.83,JAPAN (30 YEAR ISSUE),JP1300831Q70,,
B.0068.84,JAPAN (30 YEAR ISSUE),JP1300841QA6,,
B.0068.85,JAPAN (30 YEAR ISSUE),JP1300851R17,,
B.0068.86,JAPAN (30 YEAR ISSUE),JP1300861R49,,
B.0068.87,JAPAN (30 YEAR ISSUE),JP1300871R70,,
B.0068.88,JAPAN (30 YEAR ISSUE),JP1300881RA0,,
B.0068.89,JAPAN (30 YEAR ISSUE),JP1300891S18,,
B.0068.9,JAPAN (30 YEAR ISSUE),JP1300091319,,
B.0068.90,JAPAN (30 YEAR ISSUE),JP1300901S40,,
B.0068.91,JAPAN (30 YEAR ISSUE),JP1300911S71,,
B.0069.100,JAPAN (20 YEAR ISSUE),JP1201001839,,
B.0069.101,JAPAN (20 YEAR ISSUE),JP1201011853,,
B.0069.102,JAPAN (20 YEAR ISSUE),JP1201021860,,
B.0069.103,JAPAN (20 YEAR ISSUE),JP1201031877,,
B.0069.104,JAPAN (20 YEAR ISSUE),JP1201041884,,
B.0069.105,JAPAN (20 YEAR ISSUE),JP1201051891,,
B.0069.106,JAPAN (20 YEAR ISSUE),JP12010618A8,,
B.0069.107,JAPAN (20 YEAR ISSUE),JP12010718C2,,
B.0069.108,JAPAN (20 YEAR ISSUE),JP1201081914,,
B.0069.109,JAPAN (20 YEAR ISSUE),JP1201091939,,
B.0069.110,JAPAN (20 YEAR ISSUE),JP1201101944,,
B.0069.111,JAPAN (20 YEAR ISSUE),JP1201111968,,
B.0069.112,JAPAN (20 YEAR ISSUE),JP1201121975,,
B.0069.113,JAPAN (20 YEAR ISSUE),JP1201131990,,
B.0069.115,JAPAN (20 YEAR ISSUE),JP1201151A21,,
B.0069.116,JAPAN (20 YEAR ISSUE),JP1201161A37,,
B.0069.117,JAPAN (20 YEAR ISSUE),JP1201171A43,,
B.0069.118,JAPAN (20 YEAR ISSUE),JP1201181A66,,
B.0069.119,JAPAN (20 YEAR ISSUE),JP1201191A72,,
B.0069.120,JAPAN (20 YEAR ISSUE),JP1201201A88,,
B.0069.121,JAPAN (20 YEAR ISSUE),JP1201211A94,,
B.0069.122,JAPAN (20 YEAR ISSUE),JP1201221AA5,,
B.0069.123,JAPAN (20 YEAR ISSUE),JP1201231AC0,,
B.0069.124,JAPAN (20 YEAR ISSUE),JP1201241B22,,
B.0069.125,JAPAN (20 YEAR ISSUE),JP1201251B37,,
B.0069.126,JAPAN (20 YEAR ISSUE),JP1201261B43,,
B.0069.127,JAPAN (20 YEAR ISSUE),JP1201271B58,,
B.0069.128,JAPAN (20 YEAR ISSUE),JP1201281B64,,
B.0069.129,JAPAN (20 YEAR ISSUE),JP1201291B88,,
B.0069.130,JAPAN (20 YEAR ISSUE),JP1201301B94,,
B.0069.131,JAPAN (20 YEAR ISSUE),JP1201311BB0,,
B.0069.132,JAPAN (20 YEAR ISSUE),JP1201321BC7,,
B.0069.133,JAPAN (20 YEAR ISSUE),JP1201331C14,,
B.0069.134,JAPAN (20 YEAR ISSUE),JP1201341C38,,
B.0069.135,JAPAN (20 YEAR ISSUE),JP1201351C43,,
B.0069.136,JAPAN (20 YEAR ISSUE),JP1201361C58,,
B.0069.137,JAPAN (20 YEAR ISSUE),JP1201371C64,,
B.0069.138,JAPAN (20 YEAR ISSUE),JP1201381C70,,
B.0069.139,JAPAN (20 YEAR ISSUE),JP1201391C86,,
B.0069.140,JAPAN (20 YEAR ISSUE),JP1201401C92,,
B.0069.141,JAPAN (20 YEAR ISSUE),JP1201411CC4,,
B.0069.142,JAPAN (20 YEAR ISSUE),JP1201421D22,,
B.0069.143,JAPAN (20 YEAR ISSUE),JP1201431D38,,
B.0069.144,JAPAN (20 YEAR ISSUE),JP1201441D44,,
B.0069.145,JAPAN (20 YEAR ISSUE),JP1201451D66,,
B.0069.146,JAPAN (20 YEAR ISSUE),JP1201461D98,,
B.0069.147,JAPAN (20 YEAR ISSUE),JP1201471DC6,,
B.0069.148,JAPAN (20 YEAR ISSUE),JP1201481E36,,
B.0069.149,JAPAN (20 YEAR ISSUE),JP1201491E67,,
B.0069.150,JAPAN (20 YEAR ISSUE),JP1201501E99,,
B.0069.151,JAPAN (20 YEAR ISSUE),JP1201511EC7,,
B.0069.152,JAPAN (20 YEAR ISSUE),JP1201521F37,,
B.0069.153,JAPAN (20 YEAR ISSUE),JP1201531F68,,
B.0069.154,JAPAN (20 YEAR ISSUE),JP1201541F90,,
B.0069.155,JAPAN (20 YEAR ISSUE),JP1201551FC0,,
B.0069.156,JAPAN (20 YEAR ISSUE),JP1201561G37,,
B.0069.157,JAPAN (20 YEAR ISSUE),JP1201571G68,,
B.0069.158,JAPAN (20 YEAR ISSUE),JP1201581G90,,
B.0069.159,JAPAN (20 YEAR ISSUE),JP1201591GC4,,
B.0069.160,JAPAN (20 YEAR ISSUE),JP1201601H38,,
B.0069.161,JAPAN (20 YEAR ISSUE),JP1201611H69,,
B.0069.162,JAPAN (20 YEAR ISSUE),JP1201621H91,,
B.0069.163,JAPAN (20 YEAR ISSUE),JP1201631HC6,,
B.0069.164,JAPAN (20 YEAR ISSUE),JP1201641J38,,
B.0069.165,JAPAN (20 YEAR ISSUE),JP1201651J76,,
B.0069.166,JAPAN (20 YEAR ISSUE),JP1201661JA3,,
B.0069.167,JAPAN (20 YEAR ISSUE),JP1201671K12,,
B.0069.168,JAPAN (20 YEAR ISSUE),JP1201681K44,,
B.0069.169,JAPAN (20 YEAR ISSUE),JP1201691K75,,
B.0069.170,JAPAN (20 YEAR ISSUE),JP1201701KA5,,
B.0069.171,JAPAN (20 YEAR ISSUE),JP1201711L13,,
B.0069.172,JAPAN (20 YEAR ISSUE),JP1201721L45,,
B.0069.173,JAPAN (20 YEAR ISSUE),JP1201731L76,,
B.0069.174,JAPAN (20 YEAR ISSUE),JP1201741LA9,,
B.0069.175,JAPAN (20 YEAR ISSUE),JP1201751M13,,
B.0069.176,JAPAN (20 YEAR ISSUE),JP1201761M45,,
B.0069.177,JAPAN (20 YEAR ISSUE),JP1201771M76,,
B.0069.178,JAPAN (20 YEAR ISSUE),JP1201781MA3,,
B.0069.179,JAPAN (20 YEAR ISSUE),JP1201791N14,,
B.0069.180,JAPAN (20 YEAR ISSUE),JP1201801N46,,
B.0069.181,JAPAN (20 YEAR ISSUE),JP1201811N77,,
B.0069.182,JAPAN (20 YEAR ISSUE),JP1201821NA5,,
B.0069.183,JAPAN (20 YEAR ISSUE),JP1201831P14,,
B.0069.184,JAPAN (20 YEAR ISSUE),JP1201841P46,,
B.0069.185,JAPAN (20 YEAR ISSUE),JP1201851P76,,
B.0069.186,JAPAN (20 YEAR ISSUE),JP1201861PA6,,
B.0069.187,JAPAN (20 YEAR ISSUE),JP1201871Q14,,
B.0069.188,JAPAN (20 YEAR ISSUE),JP1201881Q46,,
B.0069.189,JAPAN (20 YEAR ISSUE),JP1201891Q77,,
B.0069.190,JAPAN (20 YEAR ISSUE),JP1201901QA8,,
B.0069.191,JAPAN (20 YEAR ISSUE),JP1201911R15,,
B.0069.192,JAPAN (20 YEAR ISSUE),JP1201921R47,,
B.0069.193,JAPAN (20 YEAR ISSUE),JP1201931R78,,
B.0069.194,JAPAN (20 YEAR ISSUE),JP1201941RA2,,
B.0069.195,JAPAN (20 YEAR ISSUE),JP1201951S15,,
B.0069.196,JAPAN (20 YEAR ISSUE),JP1201961S47,,
B.0069.197,JAPAN (20 YEAR ISSUE),JP1201971S78,,
B.0069.97,JAPAN (20 YEAR ISSUE),JP1200971792,,
B.0069.98,JAPAN (20 YEAR ISSUE),JP12009817B7,,
B.0069.99,JAPAN (20 YEAR ISSUE),JP12009917C3,,
B.0100.4120,TOKYO METROPOLITAN GOVT,JP2130001S64,,
B.0100.6007,TOKYO METROPOLITAN GOVT,JP21300028B8,,
B.0100.6013,TOKYO METROPOLITAN GOVT,JP21300029C4,,
B.0100.6023,TOKYO METROPOLITAN GOVT,JP2130003C78,,
B.0100.6039,TOKYO METROPOLITAN GOVT,JP2130003KA0,,
B.0100.6041,TOKYO METROPOLITAN GOVT,JP2130003LA8,,
B.0100.6042,TOKYO METROPOLITAN GOVT,JP2130002LC6,,
B.0100.6045,TOKYO METROPOLITAN GOVT,JP2130003MA6,,
B.0100.6046,TOKYO METROPOLITAN GOVT,JP2130001MC6,,
B.0100.7013,TOKYO METROPOLITAN GOVT,JP2130002815,,
B.0100.7015,TOKYO METROPOLITAN GOVT,JP21300018B9,,
B.0100.7016,TOKYO METROPOLITAN GOVT,JP2130003912,,
B.0100.7017,TOKYO METROPOLITAN GOVT,JP2130002930,,
B.0100.7019,TOKYO METROPOLITAN GOVT,JP2130001973,,
B.0100.7020,TOKYO METROPOLITAN GOVT,JP21300019A9,,
B.0100.7023,TOKYO METROPOLITAN GOVT,JP2130001B30,,
B.0100.7026,TOKYO METROPOLITAN GOVT,JP2130002C61,,
B.0100.7028,TOKYO METROPOLITAN GOVT,JP2130001D53,,
B.0100.7029,TOKYO METROPOLITAN GOVT,JP2130003DC1,,
B.0100.7030,TOKYO METROPOLITAN GOVT,JP2130002E69,,
B.0100.7032,TOKYO METROPOLITAN GOVT,JP2130002F68,,
B.0100.7037,TOKYO METROPOLITAN GOVT,JP2130001L87,,
B.0100.778,TOKYO METROPOLITAN GOVT,JP2130001J40,,
B.0100.781,TOKYO METROPOLITAN GOVT,JP2130001J73,,
B.0100.782,TOKYO METROPOLITAN GOVT,JP2130001J81,,
B.0100.783,TOKYO METROPOLITAN GOVT,JP2130001J99,,
B.0100.784,TOKYO METROPOLITAN GOVT,JP2130001JA6,,
B.0100.785,TOKYO METROPOLITAN GOVT,JP2130001JB4,,
B.0100.794,TOKYO METROPOLITAN GOVT,JP2130001K88,,
B.0100.800,TOKYO METROPOLITAN GOVT,JP2130001L20,,
B.0100.813,TOKYO METROPOLITAN GOVT,JP2130001M37,,
B.0100.817,TOKYO METROPOLITAN GOVT,JP2130003M76,,
B.0100.822,TOKYO METROPOLITAN GOVT,JP2130002MC4,,
B.0100.824,TOKYO METROPOLITAN GOVT,JP2130001N28,,
B.0100.830,TOKYO METROPOLITAN GOVT,JP2130001N85,,
B.0100.843,TOKYO METROPOLITAN GOVT,JP2130001P91,,
B.0100.850,TOKYO METROPOLITAN GOVT,JP2130001Q41,,
B.0101.2512,HOKKAIDO PREFECTURE,JP2010002DC8,,
B.0101.2803,HOKKAIDO PREFECTURE,JP2010001G62,,
B.0101.2907,HOKKAIDO PREFECTURE,JP2010001H87,,
B.0101.2909,HOKKAIDO PREFECTURE,JP2010001HA5,,
B.0101.2911,HOKKAIDO PREFECTURE,JP2010001HC1,,
B.0101.2915,HOKKAIDO PREFECTURE,JP2010001J28,,
B.0101.3015,HOKKAIDO PREFECTURE,JP2010002JC5,,
B.0101.3018,HOKKAIDO PREFECTURE,JP2010001K25,,
B.0101.3204,HOKKAIDO PREFECTURE,JP2010001L65,,
B.0101.3405,HOKKAIDO PREFECTURE,JP2010001N89,,
B.0101.3502,HOKKAIDO PREFECTURE,JP2010001P53,,
B.0101.3508,HOKKAIDO PREFECTURE,JP2010001PA8,,
B.0101.3510,HOKKAIDO PREFECTURE,JP2010001PC4,,
B.0101.4109,HOKKAIDO PREFECTURE,JP2010001RC0,,
B.0101.4111,HOKKAIDO PREFECTURE,JP2010001S27,,
B.0102.3901,MIYAGI PREFECTURE,JP2040001P76,,
B.0103.230,KANAGAWA PREFECTURE,JP2140001HC4,,
B.0103.231,KANAGAWA PREFECTURE,JP2140001J23,,
B.0103.243,KANAGAWA PREFECTURE,JP2140001L29,,
B.0103.247,KANAGAWA PREFECTURE,JP2140001L86,,
B.0103.254,KANAGAWA PREFECTURE,JP2140001MA8,,
B.0103.258,KANAGAWA PREFECTURE,JP2140001N84,,
B.0103.6001,KANAGAWA PREFECTURE,JP2140001583,,
B.0103.6003,KANAGAWA PREFECTURE,JP2140001799,,
B.0103.7011,KANAGAWA PREFECTURE,JP2140003977,,
B.0103.7013,KANAGAWA PREFECTURE,JP2140001A22,,
B.0103.7014,KANAGAWA PREFECTURE,JP2140001A71,,
B.0103.7017,KANAGAWA PREFECTURE,JP2140001B70,,
B.0103.7020,KANAGAWA PREFECTURE,JP2140001C79,,
B.0103.7021,KANAGAWA PREFECTURE,JP2140002CB5,,
B.0103.7026,KANAGAWA PREFECTURE,JP2140001E77,,
B.0103.7027,KANAGAWA PREFECTURE,JP2140001EA5,,
B.0103.7029,KANAGAWA PREFECTURE,JP2140001F76,,
B.0103.7031,KANAGAWA PREFECTURE,JP2140002G17,,
B.0103.7032,KANAGAWA PREFECTURE,JP2140001G75,,
B.0103.7043,KANAGAWA PREFECTURE,JP2140002L85,,
B.0103.7046,KANAGAWA PREFECTURE,JP2140002M84,,
B.0103.7048,KANAGAWA PREFECTURE,JP2140001N19,,
B.0104.4125,OSAKA PREFECTURE,JP2270001S43,,
B.0104.429,OSAKA PREFECTURE,JP2270001J28,,
B.0104.430,OSAKA PREFECTURE,JP2270001J36,,
B.0104.440,OSAKA PREFECTURE,JP2270001K17,,
B.0104.451,OSAKA PREFECTURE,JP2270001KC0,,
B.0104.452,OSAKA PREFECTURE,JP2270001L16,,
B.0104.458,OSAKA PREFECTURE,JP2270001L73,,
B.0104.464,OSAKA PREFECTURE,JP2270001M15,,
B.0104.465,OSAKA PREFECTURE,JP2270001M23,,
B.0104.466,OSAKA PREFECTURE,JP2270001M31,,
B.0104.467,OSAKA PREFECTURE,JP2270001M49,,
B.0104.468,OSAKA PREFECTURE,JP2270001M56,,
B.0104.469,OSAKA PREFECTURE,JP2270001M64,,
B.0104.479,OSAKA PREFECTURE,JP2270001N55,,
B.0104.481,OSAKA PREFECTURE,JP2270002N96,,
B.0104.486,OSAKA PREFECTURE,JP2270001P53,,
B.0104.489,OSAKA PREFECTURE,JP2270001P87,,
B.0104.492,OSAKA PREFECTURE,JP2270001PB1,,
B.0104.497,OSAKA PREFECTURE,JP2270001Q45,,
B.0104.7001,OSAKA PREFECTURE,JP2270003995,,
B.0104.7002,OSAKA PREFECTURE,JP22700019B1,,
B.0104.7005,OSAKA PREFECTURE,JP2270003A58,,
B.0104.7006,OSAKA PREFECTURE,JP2270003A90,,
B.0104.7007,OSAKA PREFECTURE,JP2270004B98,,
B.0104.7008,OSAKA PREFECTURE,JP2270004BC3,,
B.0104.7012,OSAKA PREFECTURE,JP2270003E96,,
B.0104.7019,OSAKA PREFECTURE,JP2270002L98,,
B.0104.7020,OSAKA PREFECTURE,JP2270004LC2,,
B.0105.2002,KYOTO PREFECTURE,JP22600038C0,,
B.0105.2605,KYOTO PREFECTURE,JP2260001E81,,
B.0105.2705,KYOTO PREFECTURE,JP2260001F80,,
B.0105.2708,KYOTO PREFECTURE,JP2260001FA6,,
B.0105.2802,KYOTO PREFECTURE,JP2260002G47,,
B.0105.2805,KYOTO PREFECTURE,JP2260001G89,,
B.0105.3105,KYOTO PREFECTURE,JP2260001K83,,
B.0105.3108,KYOTO PREFECTURE,JP2260003K99,,
B.0105.3205,KYOTO PREFECTURE,JP2260001L82,,
B.0105.3305,KYOTO PREFECTURE,JP2260001M81,,
B.0105.3509,KYOTO PREFECTURE,JP2260001PC1,,
B.0105.3605,KYOTO PREFECTURE,JP2260001Q95,,
B.0106.2922,HYOGO PREFECTURE,JP2280001J19,,
B.0106.3305,HYOGO PREFECTURE,JP2280001M71,,
B.0106.3502,HYOGO PREFECTURE,JP2280001P52,,
B.0106.4110,HYOGO PREFECTURE,JP2280001S59,,
B.0106.7002,HYOGO PREFECTURE,JP2280003A57,,
B.0106.7015,HYOGO PREFECTURE,JP2280001E48,,
B.0106.7021,HYOGO PREFECTURE,JP2280001F54,,
B.0106.8002,HYOGO PREFECTURE,JP2280002797,,
B.0106.8008,HYOGO PREFECTURE,JP22800019B0,,
B.0106.8009,HYOGO PREFECTURE,JP2280003A24,,
B.0106.8010,HYOGO PREFECTURE,JP2280002A82,,
B.0106.8013,HYOGO PREFECTURE,JP2280003C55,,
B.0106.8018,HYOGO PREFECTURE,JP2280001DC3,,
B.0106.8020,HYOGO PREFECTURE,JP2280002E54,,
B.0106.8021,HYOGO PREFECTURE,JP2280001E97,,
B.0106.8040,HYOGO PREFECTURE,JP2280002LA8,,
B.0106.8041,HYOGO PREFECTURE,JP2280002M62,,
B.0106.8042,HYOGO PREFECTURE,JP2280002N61,,
B.0107.3005,SHIZUOKA PREFECTURE,JP2220001J64,,
B.0107.3016,SHIZUOKA PREFECTURE,JP2220001K46,,
B.0107.4107,SHIZUOKA PREFECTURE,JP2220001S48,,
B.0107.4110,SHIZUOKA PREFECTURE,JP2220002S54,,
B.0107.7003,SHIZUOKA PREFECTURE,JP2220003CA8,,
B.0107.7005,SHIZUOKA PREFECTURE,JP2220002DB6,,
B.0107.7012,SHIZUOKA PREFECTURE,JP2220001FB3,,
B.0107.8014,SHIZUOKA PREFECTURE,JP2220003L92,,
B.0107.8015,SHIZUOKA PREFECTURE,JP2220003MB5,,
B.0107.9011,SHIZUOKA PREFECTURE,JP2220003AA2,,
B.0107.9014,SHIZUOKA PREFECTURE,JP2220002C60,,
B.0107.9018,SHIZUOKA PREFECTURE,JP2220002E76,,
B.0107.9023,SHIZUOKA PREFECTURE,JP2220003H64,,
B.0107.9029,SHIZUOKA PREFECTURE,JP2220001L86,,
B.0107.9030,SHIZUOKA PREFECTURE,JP2220001LB1,,
B.0107.9035,SHIZUOKA PREFECTURE,JP2220002P73,,
B.0108.2002,AICHI PREFECTURE,JP2230001865,,
B.0108.2008,AICHI PREFECTURE,JP2230002913,,
B.0108.2204,AICHI PREFECTURE,JP2230001A62,,
B.0108.2208,AICHI PREFECTURE,JP2230001A96,,
B.0108.2404,AICHI PREFECTURE,JP2230001C60,,
B.0108.2414,AICHI PREFECTURE,JP2230001CC6,,
B.0108.2417,AICHI PREFECTURE,JP2230002D27,,
B.0108.2508,AICHI PREFECTURE,JP2230003D75,,
B.0108.2517,AICHI PREFECTURE,JP2230002DC2,,
B.0108.2604,AICHI PREFECTURE,JP2230001E50,,
B.0108.2608,AICHI PREFECTURE,JP2230002E75,,
B.0108.2613,AICHI PREFECTURE,JP2230001EB4,,
B.0108.2702,AICHI PREFECTURE,JP2230002F41,,
B.0108.2708,AICHI PREFECTURE,JP2230001F83,,
B.0108.2908,AICHI PREFECTURE,JP2230002H80,,
B.0108.2909,AICHI PREFECTURE,JP2230001H99,,
B.0108.3007,AICHI PREFECTURE,JP2230002J70,,
B.0108.3111,AICHI PREFECTURE,JP2230002KA1,,
B.0108.3209,AICHI PREFECTURE,JP2230002L84,,
B.0108.3213,AICHI PREFECTURE,JP2230001LB9,,
B.0108.3304,AICHI PREFECTURE,JP2230001M68,,
B.0108.3306,AICHI PREFECTURE,JP2230001M76,,
B.0108.3407,AICHI PREFECTURE,JP2230001N83,,
B.0108.4111,AICHI PREFECTURE,JP2230002RB4,,
B.0109.2903,HIROSHIMA PREFECTURE,JP2340002H95,,
B.0109.2904,HIROSHIMA PREFECTURE,JP2340001HB4,,
B.0109.3202,HIROSHIMA PREFECTURE,JP2340001L74,,
B.0109.3207,HIROSHIMA PREFECTURE,JP2340001M32,,
B.0109.3504,HIROSHIMA PREFECTURE,JP2340001PB7,,
B.0109.4103,HIROSHIMA PREFECTURE,JP2340001R78,,
B.0109.9002,HIROSHIMA PREFECTURE,JP23400028B3,,
B.0109.9018,HIROSHIMA PREFECTURE,JP2340001L41,,
B.0109.9019,HIROSHIMA PREFECTURE,JP2340002L99,,
B.0109.9021,HIROSHIMA PREFECTURE,JP2340002M98,,
B.0110.3004,SAITAMA PREFECTURE,JP2110002J66,,
B.0110.3009,SAITAMA PREFECTURE,JP2110001K31,,
B.0110.3104,SAITAMA PREFECTURE,JP2110001K64,,
B.0110.3204,SAITAMA PREFECTURE,JP2110001L63,,
B.0110.3206,SAITAMA PREFECTURE,JP2110001L97,,
B.0110.3303,SAITAMA PREFECTURE,JP2110001M54,,
B.0110.3307,SAITAMA PREFECTURE,JP2110001M96,,
B.0110.3504,SAITAMA PREFECTURE,JP2110001P93,,
B.0110.3506,SAITAMA PREFECTURE,JP2110001PC3,,
B.0110.4109,SAITAMA PREFECTURE,JP2110001S25,,
B.0110.7005,SAITAMA PREFECTURE,JP2110002EA9,,
B.0110.7006,SAITAMA PREFECTURE,JP2110002F52,,
B.0110.7009,SAITAMA PREFECTURE,JP2110003G27,,
B.0110.7014,SAITAMA PREFECTURE,JP2110002H19,,
B.0110.7019,SAITAMA PREFECTURE,JP2110002H92,,
B.0110.7024,SAITAMA PREFECTURE,JP2110002J58,,
B.0110.7031,SAITAMA PREFECTURE,JP2110002K71,,
B.0110.7040,SAITAMA PREFECTURE,JP2110002L88,,
B.0110.7043,SAITAMA PREFECTURE,JP2110003M45,,
B.0110.8006,SAITAMA PREFECTURE,JP21100028C8,,
B.0110.8011,SAITAMA PREFECTURE,JP2110003B63,,
B.0110.8013,SAITAMA PREFECTURE,JP2110002D54,,
B.0110.8016,SAITAMA PREFECTURE,JP2110002F86,,
B.0110.8019,SAITAMA PREFECTURE,JP2110001GC2,,
B.0110.8020,SAITAMA PREFECTURE,JP2110001H51,,
B.0110.8026,SAITAMA PREFECTURE,JP2110002L54,,
B.0110.8027,SAITAMA PREFECTURE,JP2110002LC0,,
B.0111.3008,FUKUOKA PREFECTURE,JP2400001K28,,
B.0111.3701,FUKUOKA PREFECTURE,JP2400001R47,,
B.0111.4103,FUKUOKA PREFECTURE,JP2400001R70,,
B.0111.7007,FUKUOKA PREFECTURE,JP2400001FB5,,
B.0111.7008,FUKUOKA PREFECTURE,JP2400001HB1,,
B.0111.7011,FUKUOKA PREFECTURE,JP2400001K69,,
B.0111.7012,FUKUOKA PREFECTURE,JP2400001KC3,,
B.0111.8001,FUKUOKA PREFECTURE,JP2400001828,,
B.0111.8008,FUKUOKA PREFECTURE,JP2400001E83,,
B.0111.8013,FUKUOKA PREFECTURE,JP2400002J12,,
B.0111.8018,FUKUOKA PREFECTURE,JP2400001KA7,,
B.0111.9003,FUKUOKA PREFECTURE,JP2400002883,,
B.0111.9004,FUKUOKA PREFECTURE,JP2400003923,,
B.0111.9007,FUKUOKA PREFECTURE,JP2400002A86,,
B.0111.9008,FUKUOKA PREFECTURE,JP2400002B28,,
B.0111.9012,FUKUOKA PREFECTURE,JP2400002C84,,
B.0111.9016,FUKUOKA PREFECTURE,JP2400001E59,,
B.0111.9028,FUKUOKA PREFECTURE,JP2400002H55,,
B.0111.9039,FUKUOKA PREFECTURE,JP2400001M91,,
B.0120.2904,CHIBA PREFECTURE,JP2120001H92,,
B.0120.2908,CHIBA PREFECTURE,JP2120001J33,,
B.0120.3004,CHIBA PREFECTURE,JP2120001J90,,
B.0120.3106,CHIBA PREFECTURE,JP2120001L13,,
B.0120.3207,CHIBA PREFECTURE,JP2120001L96,,
B.0120.3404,CHIBA PREFECTURE,JP2120001N94,,
B.0120.3407,CHIBA PREFECTURE,JP2120001P27,,
B.0120.3509,CHIBA PREFECTURE,JP2120001PC1,,
B.0120.3604,CHIBA PREFECTURE,JP2120001Q75,,
B.0120.4107,CHIBA PREFECTURE,JP2120001RC7,,
B.0120.4109,CHIBA PREFECTURE,JP2120001S32,,
B.0120.4112,CHIBA PREFECTURE,JP2120001S57,,
B.0120.9008,CHIBA PREFECTURE,JP2120002A49,,
B.0120.9009,CHIBA PREFECTURE,JP2120001AA7,,
B.0120.9013,CHIBA PREFECTURE,JP2120001CA3,,
B.0120.9016,CHIBA PREFECTURE,JP2120002E45,,
B.0120.9017,CHIBA PREFECTURE,JP2120001EA9,,
B.0120.9020,CHIBA PREFECTURE,JP2120001G44,,
B.0120.9025,CHIBA PREFECTURE,JP2120001JA8,,
B.0120.9028,CHIBA PREFECTURE,JP2120001L47,,
B.0121.3002,NIIGATA PREFECTURE,JP2150001JB9,,
B.0121.3201,NIIGATA PREFECTURE,JP2150001L85,,
B.0121.3202,NIIGATA PREFECTURE,JP2150001LB5,,
B.0121.3301,NIIGATA PREFECTURE,JP2150001M84,,
B.0121.3603,NIIGATA PREFECTURE,JP2150001R30,,
B.0121.4104,NIIGATA PREFECTURE,JP2150001RB2,,
B.0121.4105,NIIGATA PREFECTURE,JP2150001S39,,
B.0122.3301,NAGANO PREFECTURE,JP2200001M46,,
B.0123.3501,IBARAKI PREFECTURE,JP2080001P64,,
B.0123.3502,IBARAKI PREFECTURE,JP2080001P80,,
B.0124.22,GUNMA PREFECTURE,JP2100002L89,,
B.0124.4105,GUNMA PREFECTURE,JP2100001RB3,,
B.0124.6001,GUNMA PREFECTURE,JP2100001P78,,
B.0124.9003,GUNMA PREFECTURE,JP2100001C65,,
B.0124.9011,GUNMA PREFECTURE,JP2100001L64,,
B.0124.9012,GUNMA PREFECTURE,JP2100001M63,,
B.0127.3202,OITA PREFECTURE,JP2440001LA7,,
B.0127.3501,OITA PREFECTURE,JP2440001PA8,,
B.0128.179,MAJOR JOINT LOCAL BOND,JP2990001J21,,
B.0128.184,MAJOR JOINT LOCAL BOND,JP2990001J70,,
B.0128.185,MAJOR JOINT LOCAL BOND,JP2990001J88,,
B.0128.186,MAJOR JOINT LOCAL BOND,JP2990001J96,,
B.0128.188,MAJOR JOINT LOCAL BOND,JP2990001JB3,,
B.0128.190,MAJOR JOINT LOCAL BOND,JP2990001K10,,
B.0128.191,MAJOR JOINT LOCAL BOND,JP2990001K28,,
B.0128.192,MAJOR JOINT LOCAL BOND,JP2990001K36,,
B.0128.194,MAJOR JOINT LOCAL BOND,JP2990001K51,,
B.0128.196,MAJOR JOINT LOCAL BOND,JP2990001K77,,
B.0128.197,MAJOR JOINT LOCAL BOND,JP2990001K85,,
B.0128.198,MAJOR JOINT LOCAL BOND,JP2990001K93,,
B.0128.199,MAJOR JOINT LOCAL BOND,JP2990001KA3,,
B.0128.200,MAJOR JOINT LOCAL BOND,JP2990001KB1,,
B.0128.201,MAJOR JOINT LOCAL BOND,JP2990001KC9,,
B.0128.203,MAJOR JOINT LOCAL BOND,JP2990001L27,,
B.0128.204,MAJOR JOINT LOCAL BOND,JP2990001L35,,
B.0128.205,MAJOR JOINT LOCAL BOND,JP2990001L43,,
B.0128.206,MAJOR JOINT LOCAL BOND,JP2990001L50,,
B.0128.207,MAJOR JOINT LOCAL BOND,JP2990001L68,,
B.0128.213,MAJOR JOINT LOCAL BOND,JP2990001LC7,,
B.0128.215,MAJOR JOINT LOCAL BOND,JP2990001M26,,
B.0128.217,MAJOR JOINT LOCAL BOND,JP2990002M41,,
B.0128.222,MAJOR JOINT LOCAL BOND,JP2990001M91,,
B.0128.224,MAJOR JOINT LOCAL BOND,JP2990001MB7,,
B.0128.226,MAJOR JOINT LOCAL BOND,JP2990001N17,,
B.0128.227,MAJOR JOINT LOCAL BOND,JP2990001N25,,
B.0128.228,MAJOR JOINT LOCAL BOND,JP2990001N33,,
B.0128.229,MAJOR JOINT LOCAL BOND,JP2990001N41,,
B.0128.231,MAJOR JOINT LOCAL BOND,JP2990001N66,,
B.0128.233,MAJOR JOINT LOCAL BOND,JP2990001N82,,
B.0128.234,MAJOR JOINT LOCAL BOND,JP2990001N90,,
B.0128.239,MAJOR JOINT LOCAL BOND,JP2990001P23,,
B.0128.243,MAJOR JOINT LOCAL BOND,JP2990001P64,,
B.0128.245,MAJOR JOINT LOCAL BOND,JP2990001P80,,
B.0128.248,MAJOR JOINT LOCAL BOND,JP2990001PB0,,
B.0128.256,MAJOR JOINT LOCAL BOND,JP2990001Q71,,
B.0128.257,MAJOR JOINT LOCAL BOND,JP2990001Q89,,
B.0128.258,MAJOR JOINT LOCAL BOND,JP2990001Q97,,
B.0128.259,MAJOR JOINT LOCAL BOND,JP2990001QA0,,
B.0128.263,MAJOR JOINT LOCAL BOND,JP2990001R21,,
B.0128.265,MAJOR JOINT LOCAL BOND,JP2990001R47,,
B.0128.4105,MAJOR JOINT LOCAL BOND,JP2990001R96,,
B.0128.4107,MAJOR JOINT LOCAL BOND,JP2990001RA8,,
B.0128.4108,MAJOR JOINT LOCAL BOND,JP2990001RB6,,
B.0128.4109,MAJOR JOINT LOCAL BOND,JP2990001RC4,,
B.0128.4111,MAJOR JOINT LOCAL BOND,JP2990001S12,,
B.0128.4112,MAJOR JOINT LOCAL BOND,JP2990001S20,,
B.0128.4115,MAJOR JOINT LOCAL BOND,JP2990001S46,,
B.0128.4116,MAJOR JOINT LOCAL BOND,JP2990001S53,,
B.0134.16,SAKAI CITY,JP2271401AB4,,
B.0134.28,SAKAI CITY,JP2271401EB6,,
B.0134.49,SAKAI CITY,JP2271401MC7,,
B.0134.54,SAKAI CITY,JP2271401PC0,,
B.0137.47,NAGASAKI PREFECTURE,JP2420001K91,,
B.0137.50,NAGASAKI PREFECTURE,JP2420001L90,,
B.0137.58,NAGASAKI PREFECTURE,JP2420001N98,,
B.0139.45,SHIMANE PREFECTURE,JP2320001H98,,
B.0140.4103,SAGA PREFECTURE,JP2410001RB8,,
B.0142.4103,SHIGA PREFECTURE,JP2250001RB1,,
B.0145.50,KUMAMOTO CITY,JP2431001HB4,,
B.0145.53,KUMAMOTO CITY,JP2431001JB0,,
B.0145.60,KUMAMOTO CITY,JP2431001LB6,,
B.0146.43,NIIGATA CITY,JP2151001HC0,,
B.0146.50,NIIGATA CITY,JP2151001PC3,,
B.0147.31,NARA PREFECTURE,JP2290002M46,,
B.0149.30,HAMAMATSU CITY,JP2221301J10,,
B.0149.35,SHIZUOKA CITY,JP2221001LB0,,
B.0149.41,SHIZUOKA CITY,JP2221001PB1,,
B.0149.4103,SHIZUOKA CITY,JP2221001RB7,,
B.0150.3202,OSAKA CITY,JP2271002L54,,
B.0150.3302,OSAKA CITY,JP2271002M53,,
B.0150.7014,OSAKA CITY,JP2271001K64,,
B.0150.8001,OSAKA CITY,JP22710017B3,,
B.0150.8005,OSAKA CITY,JP22710048C6,,
B.0150.8006,OSAKA CITY,JP2271001923,,
B.0150.8017,OSAKA CITY,JP2271002CC4,,
B.0150.8019,OSAKA CITY,JP2271003F44,,
B.0150.8026,OSAKA CITY,JP2271002HA7,,
B.0151.501,NAGOYA CITY,JP2231001H97,,
B.0151.503,NAGOYA CITY,JP2231001J38,,
B.0151.504,NAGOYA CITY,JP2231001J61,,
B.0151.507,NAGOYA CITY,JP2231001K35,,
B.0151.511,NAGOYA CITY,JP2231001L34,,
B.0151.512,NAGOYA CITY,JP2231001L67,,
B.0151.517,NAGOYA CITY,JP2231001M90,,
B.0151.6028,NAGOYA CITY,JP2231001EB3,,
B.0151.7013,NAGOYA CITY,JP2231001HB6,,
B.0151.8009,NAGOYA CITY,JP2231001922,,
B.0151.8010,NAGOYA CITY,JP2231001989,,
B.0151.8015,NAGOYA CITY,JP2231001D91,,
B.0151.8017,NAGOYA CITY,JP2231001F57,,
B.0151.8018,NAGOYA CITY,JP2231002FB8,,
B.0151.8019,NAGOYA CITY,JP2231001G49,,
B.0151.8021,NAGOYA CITY,JP2231001J53,,
B.0152.2904,KYOTO CITY,JP2261001J19,,
B.0152.3001,KYOTO CITY,JP2261001J84,,
B.0152.3003,KYOTO CITY,JP2261001JA7,,
B.0152.3204,KYOTO CITY,JP2261001LA3,,
B.0152.8006,KYOTO CITY,JP22610017A6,,
B.0152.8013,KYOTO CITY,JP2261001EB6,,
B.0152.8015,KYOTO CITY,JP2261002GB9,,
B.0152.8019,KYOTO CITY,JP2261001LB1,,
B.0153.2024,KOBE CITY,JP2281001921,,
B.0153.2503,KOBE CITY,JP2281001D70,,
B.0153.2512,KOBE CITY,JP2281002E29,,
B.0153.2603,KOBE CITY,JP2281001E79,,
B.0153.3002,KOBE CITY,JP2281001J58,,
B.0153.3106,KOBE CITY,JP2281002K96,,
B.0153.3306,KOBE CITY,JP2281001M95,,
B.0154.3103,YOKOHAMA CITY,JP2141001KA1,,
B.0154.3303,YOKOHAMA CITY,JP2141002MA5,,
B.0154.7007,YOKOHAMA CITY,JP2141003562,,
B.0154.8014,YOKOHAMA CITY,JP2141001855,,
B.0154.8018,YOKOHAMA CITY,JP2141002952,,
B.0154.8026,YOKOHAMA CITY,JP2141001D19,,
B.0154.8030,YOKOHAMA CITY,JP2141002EA2,,
B.0154.8032,YOKOHAMA CITY,JP2141001FA1,,
B.0154.8035,YOKOHAMA CITY,JP2141002GA7,,
B.0154.8040,YOKOHAMA CITY,JP2141002J46,,
B.0154.9064,YOKOHAMA CITY,JP2141001Q48,,
B.0155.2303,SAPPORO CITY,JP2011002B72,,
B.0155.2401,SAPPORO CITY,JP2011001C49,,
B.0155.2411,SAPPORO CITY,JP2011003D20,,
B.0155.2505,SAPPORO CITY,JP2011002D88,,
B.0155.2804,SAPPORO CITY,JP2011001G94,,
B.0155.3109,SAPPORO CITY,JP2011002L21,,
B.0155.3205,SAPPORO CITY,JP2011002LA4,,
B.0155.3308,SAPPORO CITY,JP2011001N12,,
B.0155.3404,SAPPORO CITY,JP2011001NA2,,
B.0155.4108,SAPPORO CITY,JP2011001S17,,
B.0155.9006,SAPPORO CITY,JP2011002967,,
B.0156.6019,KAWASAKI CITY,JP2141301C41,,
B.0156.6024,KAWASAKI CITY,JP2141301D57,,
B.0156.6026,KAWASAKI CITY,JP2141302E48,,
B.0156.6029,KAWASAKI CITY,JP2141301EB6,,
B.0156.6030,KAWASAKI CITY,JP2141302F47,,
B.0156.6034,KAWASAKI CITY,JP2141302G46,,
B.0156.6037,KAWASAKI CITY,JP2141301H46,,
B.0156.6042,KAWASAKI CITY,JP2141301J77,,
B.0156.9066,KAWASAKI CITY,JP2141301NA9,,
B.0156.9067,KAWASAKI CITY,JP2141301P46,,
B.0156.95,KAWASAKI CITY,JP2141301NC5,,
B.0157.3202,KITAKYUSHU CITY,JP2401001LC0,,
B.0157.3502,KITAKYUSHU CITY,JP2401001PC1,,
B.0157.4108,KITAKYUSHU CITY,JP2401001RC7,,
B.0157.9003,KITAKYUSHU CITY,JP24010017B6,,
B.0157.9014,KITAKYUSHU CITY,JP2401001CB1,,
B.0157.9017,KITAKYUSHU CITY,JP2401001E65,,
B.0158.2103,FUKUOKA CITY,JP2401301995,,
B.0158.2304,FUKUOKA CITY,JP2401302B80,,
B.0158.2602,FUKUOKA CITY,JP2401301E70,,
B.0158.3111,FUKUOKA CITY,JP2401302L39,,
B.0158.3207,FUKUOKA CITY,JP2401302LA6,,
B.0158.3208,FUKUOKA CITY,JP2401301LB6,,
B.0158.3304,FUKUOKA CITY,JP2401301M70,,
B.0158.3306,FUKUOKA CITY,JP2401302MA4,,
B.0158.4110,FUKUOKA CITY,JP2401302S32,,
B.0159.3006,HIROSHIMA CITY,JP2341001K24,,
B.0159.3306,HIROSHIMA CITY,JP2341001N21,,
B.0159.3505,HIROSHIMA CITY,JP2341001PC4,,
B.0159.4105,HIROSHIMA CITY,JP2341001RC0,,
B.0161.2903,CHIBA CITY,JP2121001HC7,,
B.0161.3407,CHIBA CITY,JP2121001NB7,,
B.0161.3408,CHIBA CITY,JP2121001P33,,
B.0161.3601,CHIBA CITY,JP2121001Q40,,
B.0161.3602,CHIBA CITY,JP2121001Q57,,
B.0161.4109,CHIBA CITY,JP2121001S48,,
B.0166.21,SAITAMA CITY,JP2111001PC2,,
B.0166.4104,SAITAMA CITY,JP2111001RC8,,
B.0173.4105,KOCHI PREFECTURE,JP2390001RB2,,
B.0174.4103,MIYAZAKI PREFECTURE,JP2450001RB9,,
B.0175.53,SAGAMIHARA CITY,JP2141501LA8,,
B.0175.57,SAGAMIHARA CITY,JP2141501PA9,,
B.0177.4103,WAKAYAMA PREFECTURE,JP2300001RB1,,
B.0181.32,MIE PREFECTURE,JP2240001PC6,,
B.0185.39,FUKUI PREFECTURE,JP2180001HA9,,
B.0185.52,FUKUI PREFECTURE,JP2180001KA3,,
B.0185.63,FUKUI PREFECTURE,JP2180001M99,,
B.0185.69,FUKUI PREFECTURE,JP2180001N98,,
B.0186.12,TOKUSHIMA PREFECTURE,JP2360001HB9,,
B.0186.14,TOKUSHIMA PREFECTURE,JP2360001JB5,,
B.0187.19,YAMANASHI PREFECTURE,JP2190001KA1,,
B.0189.4105,OKAYAMA PREFECTURE,JP2330001S37,,
B.0189.70,OKAYAMA PREFECTURE,JP2330001M33,,
B.0189.73,OKAYAMA CITY,JP2331001N14,,
B.0191.9,AKITA PREFECTURE,JP2050001N36,,
B.0500.1030,BANQUE FED CRED MUTUEL,JP525020CKA3,,
B.0500.1041,BANQUE FED CRED MUTUEL,JP525020BPA4,,
B.0500.1045,BANQUE FED CRED MUTUEL,JP525020CQA0,,
B.0505.4104,SHINHAN BANK,JP541034BRB9,,
B.0506.1059,BPCE SA,JP525021BPC8,,
B.0506.1062,BPCE SA,JP525021CQC4,,
B.0506.4103,BPCE SA,JP525021ARC6,,
B.0506.4104,BPCE SA,JP525021BRC4,,
B.0509.1022,CREDIT AGRICOLE SA,JP525022DJ61,,
B.0509.1027,CREDIT AGRICOLE SA,JP525022BNC1,,
B.0509.1035,CREDIT AGRICOLE SA,JP525022BQ64,,
B.0509.1036,CREDIT AGRICOLE SA,JP525022AR15,,
B.0509.4110,CREDIT AGRICOLE SA,JP525022AS63,,
B.0509.4111,CREDIT AGRICOLE SA,JP525022BS62,,
B.0519.1006,LLOYDS BANKING GROUP PLC,JP582667BJ56,,
B.0523.1004,KOREAN AIR LINES CO LTD,JP541037AR15,,
B.0526.1002,REPUBLIC OF KOREA,JP541000BP92,,
B.0526.1003,REPUBLIC OF KOREA,JP541000CP91,,
B.0529.1005,REPUBLIC OF SLOVENIA,JP570500EQ92,,
B.0600.9006,NEW KANSAI INTERNATIONAL,JP337175CD97,,
B.0600.9009,NEW KANSAI INTERNATIONAL,JP337175CDC4,,
B.0600.9012,NEW KANSAI INTERNATIONAL,JP337175CE96,,
B.0600.9014,NEW KANSAI INTERNATIONAL,JP337175BEC4,,
B.0600.9021,NEW KANSAI INTERNATIONAL,JP337175BJ92,,
B.0600.9028,NEW KANSAI INTERNATIONAL,JP337175BM55,,
B.0602.4,KANAGAWA HOUSING SUPPLY,JP321450AJ44,,
B.0607.2,UNIV OF TOKYO NU CORP,JP358240AMC5,,
B.0616.4106,JAPAN INVESTMENT CORP,JP332833AS55,,
B.0805.1039,UNITED MEXICAN STATES,JP548400BQ84,,
B.0837.1013,ELECTRICITE DE FRANCE SA,JP525003BQA8,,
B.0837.4104,ELECTRICITE DE FRANCE SA,JP525003BR74,,
B.0837.4105,ELECTRICITE DE FRANCE SA,JP525003CR73,,
B.0903.4108,DEVELOPMENT BK OF JAPAN,JP372155AR94,,
B.0903.4117,DEVELOPMENT BK OF JAPAN,JP372155BS35,,
B.0903.7047,DEVELOPMENT BK OF JAPAN,JP372155AE81,,
B.0903.7086,DEVELOPMENT BK OF JAPAN,JP372155CHA7,,
B.0903.7096,DEVELOPMENT BK OF JAPAN,JP372155CJ76,,
B.0903.7101,DEVELOPMENT BK OF JAPAN,JP372155CJA3,,
B.0903.7109,DEVELOPMENT BK OF JAPAN,JP372155EK48,,
B.0903.7124,DEVELOPMENT BK OF JAPAN,JP372155CL49,,
B.0903.7138,DEVELOPMENT BK OF JAPAN,JP372155CM14,,
B.0903.7147,DEVELOPMENT BK OF JAPAN,JP372155DM70,,
B.0903.7157,DEVELOPMENT BK OF JAPAN,JP372155DN46,,
B.0903.8042,DEVELOPMENT BK OF JAPAN,JP372155AHC7,,
B.0903.8055,DEVELOPMENT BK OF JAPAN,JP372155BK33,,
B.0903.8064,DEVELOPMENT BK OF JAPAN,JP372155BL65,,
B.0903.8067,DEVELOPMENT BK OF JAPAN,JP372155AL90,,
B.0903.8078,DEVELOPMENT BK OF JAPAN,JP372155APC0,,
B.0905.4125,JAPAN EXP HLD/DEBT REPAY,JP370620BRC9,,
B.0905.4133,JAPAN EXP HLD/DEBT REPAY,JP370620AS37,,
B.0905.7001,JAPAN EXP HLD/DEBT REPAY,JP370620B5C8,,
B.0905.7004,JAPAN EXP HLD/DEBT REPAY,JP370620C629,,
B.0905.7026,JAPAN EXP HLD/DEBT REPAY,JP370620C7A7,,
B.0905.7027,JAPAN EXP HLD/DEBT REPAY,JP370620D7A6,,
B.0905.7033,JAPAN EXP HLD/DEBT REPAY,JP370620C843,,
B.0905.7037,JAPAN EXP HLD/DEBT REPAY,JP370620C876,,
B.0905.7039,JAPAN EXP HLD/DEBT REPAY,JP370620A896,,
B.0905.7043,JAPAN EXP HLD/DEBT REPAY,JP370620C926,,
B.0905.7046,JAPAN EXP HLD/DEBT REPAY,JP370620C942,,
B.0905.7047,JAPAN EXP HLD/DEBT REPAY,JP370620D940,,
B.0905.7055,JAPAN EXP HLD/DEBT REPAY,JP370620AA29,,
B.0905.7069,JAPAN EXP HLD/DEBT REPAY,JP370620EB40,,
B.0905.7075,JAPAN EXP HLD/DEBT REPAY,JP370620CBA5,,
B.0905.7083,JAPAN EXP HLD/DEBT REPAY,JP370620CC41,,
B.0905.7089,JAPAN EXP HLD/DEBT REPAY,JP370620CC74,,
B.0905.7095,JAPAN EXP HLD/DEBT REPAY,JP370620CCA3,,
B.0905.7105,JAPAN EXP HLD/DEBT REPAY,JP370620DD56,,
B.0905.7126,JAPAN EXP HLD/DEBT REPAY,JP370620EE54,,
B.0905.7142,JAPAN EXP HLD/DEBT REPAY,JP370620EEB3,,
B.0905.7145,JAPAN EXP HLD/DEBT REPAY,JP370620EEC1,,
B.0905.7149,JAPAN EXP HLD/DEBT REPAY,JP370620CF30,,
B.0905.7151,JAPAN EXP HLD/DEBT REPAY,JP370620CF55,,
B.0905.7152,JAPAN EXP HLD/DEBT REPAY,JP370620DF54,,
B.0905.7154,JAPAN EXP HLD/DEBT REPAY,JP370620DF62,,
B.0905.7155,JAPAN EXP HLD/DEBT REPAY,JP370620EF61,,
B.0905.7157,JAPAN EXP HLD/DEBT REPAY,JP370620CF89,,
B.0905.7160,JAPAN EXP HLD/DEBT REPAY,JP370620CF97,,
B.0905.7163,JAPAN EXP HLD/DEBT REPAY,JP370620EFA2,,
B.0905.7164,JAPAN EXP HLD/DEBT REPAY,JP370620CFB4,,
B.0905.7173,JAPAN EXP HLD/DEBT REPAY,JP370620DG61,,
B.0905.7180,JAPAN EXP HLD/DEBT REPAY,JP370620BH54,,
B.0905.7181,JAPAN EXP HLD/DEBT REPAY,JP370620DH60,,
B.0905.7188,JAPAN EXP HLD/DEBT REPAY,JP370620DHB8,,
B.0905.7198,JAPAN EXP HLD/DEBT REPAY,JP370620EJ42,,
B.0905.7202,JAPAN EXP HLD/DEBT REPAY,JP370620CJ69,,
B.0905.7204,JAPAN EXP HLD/DEBT REPAY,JP370620EJ75,,
B.0905.7218,JAPAN EXP HLD/DEBT REPAY,JP370620FK22,,
B.0905.7219,JAPAN EXP HLD/DEBT REPAY,JP370620GK21,,
B.0905.7223,JAPAN EXP HLD/DEBT REPAY,JP370620CK58,,
B.0905.7230,JAPAN EXP HLD/DEBT REPAY,JP370620DK73,,
B.0905.7233,JAPAN EXP HLD/DEBT REPAY,JP370620EK80,,
B.0905.7234,JAPAN EXP HLD/DEBT REPAY,JP370620FK89,,
B.0905.7250,JAPAN EXP HLD/DEBT REPAY,JP370620DL64,,
B.0905.7260,JAPAN EXP HLD/DEBT REPAY,JP370620BLC2,,
B.0905.7277,JAPAN EXP HLD/DEBT REPAY,JP370620BN15,,
B.0905.8079,JAPAN EXP HLD/DEBT REPAY,JP370620B944,,
B.0905.8090,JAPAN EXP HLD/DEBT REPAY,JP370620B993,,
B.0905.8092,JAPAN EXP HLD/DEBT REPAY,JP370620D9A2,,
B.0905.8097,JAPAN EXP HLD/DEBT REPAY,JP370620E9C7,,
B.0905.8106,JAPAN EXP HLD/DEBT REPAY,JP370620CA43,,
B.0905.8111,JAPAN EXP HLD/DEBT REPAY,JP370620BA69,,
B.0905.8114,JAPAN EXP HLD/DEBT REPAY,JP370620CA76,,
B.0905.8123,JAPAN EXP HLD/DEBT REPAY,JP370620BAB7,,
B.0905.8125,JAPAN EXP HLD/DEBT REPAY,JP370620BAC5,,
B.0905.8127,JAPAN EXP HLD/DEBT REPAY,JP370620BB19,,
B.0905.8138,JAPAN EXP HLD/DEBT REPAY,JP370620BB68,,
B.0905.8143,JAPAN EXP HLD/DEBT REPAY,JP370620BB84,,
B.0905.8146,JAPAN EXP HLD/DEBT REPAY,JP370620BB92,,
B.0905.8158,JAPAN EXP HLD/DEBT REPAY,JP370620BC26,,
B.0905.8164,JAPAN EXP HLD/DEBT REPAY,JP370620BC59,,
B.0905.8165,JAPAN EXP HLD/DEBT REPAY,JP370620CC58,,
B.0905.8167,JAPAN EXP HLD/DEBT REPAY,JP370620BC67,,
B.0905.8169,JAPAN EXP HLD/DEBT REPAY,JP370620BC75,,
B.0905.8172,JAPAN EXP HLD/DEBT REPAY,JP370620CC82,,
B.0905.8176,JAPAN EXP HLD/DEBT REPAY,JP370620BCA5,,
B.0905.8181,JAPAN EXP HLD/DEBT REPAY,JP370620BCC1,,
B.0905.8183,JAPAN EXP HLD/DEBT REPAY,JP370620BD17,,
B.0905.8196,JAPAN EXP HLD/DEBT REPAY,JP370620BD74,,
B.0905.8214,JAPAN EXP HLD/DEBT REPAY,JP370620BE32,,
B.0905.8216,JAPAN EXP HLD/DEBT REPAY,JP370620BE40,,
B.0905.8217,JAPAN EXP HLD/DEBT REPAY,JP370620AE58,,
B.0905.8224,JAPAN EXP HLD/DEBT REPAY,JP370620AE82,,
B.0905.8226,JAPAN EXP HLD/DEBT REPAY,JP370620CE80,,
B.0905.8228,JAPAN EXP HLD/DEBT REPAY,JP370620BE99,,
B.0905.8233,JAPAN EXP HLD/DEBT REPAY,JP370620CEB7,,
B.0905.8237,JAPAN EXP HLD/DEBT REPAY,JP370620BF15,,
B.0905.8239,JAPAN EXP HLD/DEBT REPAY,JP370620BF23,,
B.0905.8245,JAPAN EXP HLD/DEBT REPAY,JP370620DF47,,
B.0905.8246,JAPAN EXP HLD/DEBT REPAY,JP370620AF57,,
B.0905.8255,JAPAN EXP HLD/DEBT REPAY,JP370620BF80,,
B.0905.8259,JAPAN EXP HLD/DEBT REPAY,JP370620BFA8,,
B.0905.8264,JAPAN EXP HLD/DEBT REPAY,JP370620CFC2,,
B.0905.8278,JAPAN EXP HLD/DEBT REPAY,JP370620CG54,,
B.0905.8296,JAPAN EXP HLD/DEBT REPAY,JP370620CGB2,,
B.0905.8301,JAPAN EXP HLD/DEBT REPAY,JP370620BH13,,
B.0905.8314,JAPAN EXP HLD/DEBT REPAY,JP370620DH52,,
B.0905.8317,JAPAN EXP HLD/DEBT REPAY,JP370620CH61,,
B.0905.8319,JAPAN EXP HLD/DEBT REPAY,JP370620BH70,,
B.0905.8321,JAPAN EXP HLD/DEBT REPAY,JP370620AH89,,
B.0905.8324,JAPAN EXP HLD/DEBT REPAY,JP370620AH97,,
B.0905.8333,JAPAN EXP HLD/DEBT REPAY,JP370620AHC2,,
B.0905.8335,JAPAN EXP HLD/DEBT REPAY,JP370620EHC4,,
B.0905.8339,JAPAN EXP HLD/DEBT REPAY,JP370620AJ20,,
B.0905.8342,JAPAN EXP HLD/DEBT REPAY,JP370620AJ38,,
B.0905.8343,JAPAN EXP HLD/DEBT REPAY,JP370620CJ36,,
B.0905.8348,JAPAN EXP HLD/DEBT REPAY,JP370620AJ53,,
B.0905.8350,JAPAN EXP HLD/DEBT REPAY,JP370620CJ51,,
B.0905.8351,JAPAN EXP HLD/DEBT REPAY,JP370620AJ61,,
B.0905.8353,JAPAN EXP HLD/DEBT REPAY,JP370620EJ67,,
B.0905.8354,JAPAN EXP HLD/DEBT REPAY,JP370620AJ79,,
B.0905.8357,JAPAN EXP HLD/DEBT REPAY,JP370620AJ87,,
B.0905.8358,JAPAN EXP HLD/DEBT REPAY,JP370620BJ86,,
B.0905.8363,JAPAN EXP HLD/DEBT REPAY,JP370620AJA2,,
B.0905.8375,JAPAN EXP HLD/DEBT REPAY,JP370620CK25,,
B.0905.8377,JAPAN EXP HLD/DEBT REPAY,JP370620EK23,,
B.0905.8378,JAPAN EXP HLD/DEBT REPAY,JP370620AK35,,
B.0905.8386,JAPAN EXP HLD/DEBT REPAY,JP370620DK65,,
B.0905.8388,JAPAN EXP HLD/DEBT REPAY,JP370620BK75,,
B.0905.8389,JAPAN EXP HLD/DEBT REPAY,JP370620AK84,,
B.0905.8391,JAPAN EXP HLD/DEBT REPAY,JP370620AK92,,
B.0905.8398,JAPAN EXP HLD/DEBT REPAY,JP370620DKC0,,
B.0905.8400,JAPAN EXP HLD/DEBT REPAY,JP370620BL17,,
B.0905.8402,JAPAN EXP HLD/DEBT REPAY,JP370620BL25,,
B.0905.8404,JAPAN EXP HLD/DEBT REPAY,JP370620BL33,,
B.0905.8415,JAPAN EXP HLD/DEBT REPAY,JP370620AM58,,
B.0905.8418,JAPAN EXP HLD/DEBT REPAY,JP370620BM81,,
B.0905.8420,JAPAN EXP HLD/DEBT REPAY,JP370620AMA6,,
B.0905.8423,JAPAN EXP HLD/DEBT REPAY,JP370620AN24,,
B.0905.8435,JAPAN EXP HLD/DEBT REPAY,JP370620AP22,,
B.0905.8436,JAPAN EXP HLD/DEBT REPAY,JP370620AP30,,
B.0905.8449,JAPAN EXP HLD/DEBT REPAY,JP370620AP89,,
B.0905.8453,JAPAN EXP HLD/DEBT REPAY,JP370620BP96,,
B.0905.8463,JAPAN EXP HLD/DEBT REPAY,JP370620CPC1,,
B.0905.8473,JAPAN EXP HLD/DEBT REPAY,JP370620BQ46,,
B.0905.8475,JAPAN EXP HLD/DEBT REPAY,JP370620AQ54,,
B.0905.8481,JAPAN EXP HLD/DEBT REPAY,JP370620AQ70,,
B.0905.8492,JAPAN EXP HLD/DEBT REPAY,JP370620CQA3,,
B.0905.8496,JAPAN EXP HLD/DEBT REPAY,JP370620AQC3,,
B.0905.8499,JAPAN EXP HLD/DEBT REPAY,JP370620AR12,,
B.0905.9009,JAPAN EXPRESSWAY HOLDING,JP374060A2A9,,
B.0905.9033,JAPAN EXPRESSWAY HOLDING,JP374060D4A2,,
B.0905.9043,JAPAN EXPRESSWAY HOLDING,JP374060F544,,
B.0906.4144,JAPAN FIN ORG MUNICIPAL,JP351265AS29,,
B.0906.6007,JAPAN FIN ORG MUNICIPAL,JP328620B475,,
B.0906.6013,JAPAN FIN ORG MUNICIPAL,JP328620C5A9,,
B.0906.6028,JAPAN FIN ORG MUNICIPAL,JP351265B917,,
B.0906.6041,JAPAN FIN ORG MUNICIPAL,JP351265C964,,
B.0906.6069,JAPAN FIN ORG MUNICIPAL,JP351265B9C0,,
B.0906.6082,JAPAN FIN ORG MUNICIPAL,JP351265CA35,,
B.0906.6087,JAPAN FIN ORG MUNICIPAL,JP351265CA43,,
B.0906.6119,JAPAN FIN ORG MUNICIPAL,JP351265FA81,,
B.0906.6136,JAPAN FIN ORG MUNICIPAL,JP351265AAC4,,
B.0906.6141,JAPAN FIN ORG MUNICIPAL,JP351265CB18,,
B.0906.6211,JAPAN FIN ORG MUNICIPAL,JP351265CBC8,,
B.0906.6216,JAPAN FIN ORG MUNICIPAL,JP351265CC17,,
B.0906.6250,JAPAN FIN ORG MUNICIPAL,JP351265CC41,,
B.0906.6279,JAPAN FIN ORG MUNICIPAL,JP351265CC74,,
B.0906.6300,JAPAN FIN ORG MUNICIPAL,JP351265BC91,,
B.0906.6348,JAPAN FIN ORG MUNICIPAL,JP351265MD48,,
B.0906.6367,JAPAN FIN ORG MUNICIPAL,JP351265CD65,,
B.0906.6392,JAPAN FIN ORG MUNICIPAL,JP351265CD99,,
B.0906.6397,JAPAN FIN ORG MUNICIPAL,JP351265DDA6,,
B.0906.6413,JAPAN FIN ORG MUNICIPAL,JP351265ADC8,,
B.0906.6467,JAPAN FIN ORG MUNICIPAL,JP3512651E46,,
B.0906.6476,JAPAN FIN ORG MUNICIPAL,JP351265DE63,,
B.0906.6480,JAPAN FIN ORG MUNICIPAL,JP351265CE72,,
B.0906.6486,JAPAN FIN ORG MUNICIPAL,JP351265JE75,,
B.0906.6487,JAPAN FIN ORG MUNICIPAL,JP351265KE72,,
B.0906.6493,JAPAN FIN ORG MUNICIPAL,JP351265RE75,,
B.0906.6501,JAPAN FIN ORG MUNICIPAL,JP351265CE98,,
B.0906.6505,JAPAN FIN ORG MUNICIPAL,JP351265DEA4,,
B.0906.6526,JAPAN FIN ORG MUNICIPAL,JP351265CF14,,
B.0906.6536,JAPAN FIN ORG MUNICIPAL,JP351265CF48,,
B.0906.6563,JAPAN FIN ORG MUNICIPAL,JP351265CF63,,
B.0906.6603,JAPAN FIN ORG MUNICIPAL,JP351265CFB1,,
B.0906.6644,JAPAN FIN ORG MUNICIPAL,JP351265CG62,,
B.0906.6648,JAPAN FIN ORG MUNICIPAL,JP351265CG70,,
B.0906.6674,JAPAN FIN ORG MUNICIPAL,JP351265CGA1,,
B.0906.6695,JAPAN FIN ORG MUNICIPAL,JP351265CH12,,
B.0906.6704,JAPAN FIN ORG MUNICIPAL,JP351265CH38,,
B.0906.6756,JAPAN FIN ORG MUNICIPAL,JP351265AH97,,
B.0906.6763,JAPAN FIN ORG MUNICIPAL,JP351265DHA7,,
B.0906.6774,JAPAN FIN ORG MUNICIPAL,JP351265AHB1,,
B.0906.6778,JAPAN FIN ORG MUNICIPAL,JP351265CHC5,,
B.0906.6794,JAPAN FIN ORG MUNICIPAL,JP351265EJ42,,
B.0906.6812,JAPAN FIN ORG MUNICIPAL,JP351265AJ53,,
B.0906.6816,JAPAN FIN ORG MUNICIPAL,JP351265CJ69,,
B.0906.6819,JAPAN FIN ORG MUNICIPAL,JP351265AJ79,,
B.0906.6835,JAPAN FIN ORG MUNICIPAL,JP351265AJ95,,
B.0906.6839,JAPAN FIN ORG MUNICIPAL,JP351265AJA9,,
B.0906.6841,JAPAN FIN ORG MUNICIPAL,JP351265CJA5,,
B.0906.6847,JAPAN FIN ORG MUNICIPAL,JP351265JJA0,,
B.0906.6876,JAPAN FIN ORG MUNICIPAL,JP351265DK24,,
B.0906.6878,JAPAN FIN ORG MUNICIPAL,JP351265AK35,,
B.0906.6882,JAPAN FIN ORG MUNICIPAL,JP351265AK43,,
B.0906.6901,JAPAN FIN ORG MUNICIPAL,JP351265AK76,,
B.0906.6928,JAPAN FIN ORG MUNICIPAL,JP351265AKA7,,
B.0906.6931,JAPAN FIN ORG MUNICIPAL,JP351265DKA1,,
B.0906.6951,JAPAN FIN ORG MUNICIPAL,JP351265AKC3,,
B.0906.6958,JAPAN FIN ORG MUNICIPAL,JP351265DL15,,
B.0906.7068,JAPAN FIN ORG MUNICIPAL,JP351265CLB9,,
B.0906.7073,JAPAN FIN ORG MUNICIPAL,JP351265ALC1,,
B.0906.7089,JAPAN FIN ORG MUNICIPAL,JP351265BM32,,
B.0906.7092,JAPAN FIN ORG MUNICIPAL,JP351265BM40,,
B.0906.7093,JAPAN FIN ORG MUNICIPAL,JP351265CM49,,
B.0906.7123,JAPAN FIN ORG MU,JP351265CM72,,
B.0906.7144,JAPAN FIN ORG MUNICIPAL,JP351265AMB1,,
B.0906.7146,JAPAN FIN ORG MUNICIPAL,JP351265CMB7,,
B.0906.7151,JAPAN FIN ORG MUNICIPAL,JP351265AN16,,
B.0906.7218,JAPAN FIN ORG MUNICIPAL,JP351265CNA7,,
B.0906.7260,JAPAN FIN ORG MUNICIPAL,JP351265AP30,,
B.0906.7309,JAPAN FIN ORG MUNICIPAL,JP351265AP89,,
B.0906.7349,JAPAN FIN ORG MUNICIPAL,JP351265AQ54,,
B.0906.7375,JAPAN FIN ORG MUNICIPAL,JP351265CQ94,,
B.0906.8023,JAPAN FIN ORG MUNICIPAL,JP328620B7B4,,
B.0906.8024,JAPAN FIN ORG MUNICIPAL,JP328620B848,,
B.0906.8025,JAPAN FIN ORG MUNICIPAL,JP328620C861,,
B.0907.7033,METROPOLITAN EXPRESSWAY,JP335995AQ21,,
B.0908.7031,HANSHIN EXPRESSWAY CO,JP377530AQA1,,
B.0910.8047,JAPAN FINANCE CORP,JP372145AH99,,
B.0910.8053,JAPAN FINANCE CORP,JP372145AJ97,,
B.0910.8055,JAPAN FINANCE CORP,JP372145AK29,,
B.0910.8063,JAPAN FINANCE CORP,JP372145AM27,,
B.0917.8093,URBAN RENAISSANCE AGENCY,JP362610DE62,,
B.0917.8097,URBAN RENAISSANCE AGENCY,JP362610DE96,,
B.0917.8101,URBAN RENAISSANCE AGENCY,JP362610DEB6,,
B.0917.8109,URBAN RENAISSANCE AGENCY,JP362610DF61,,
B.0917.8113,URBAN RENAISSANCE AGENCY,JP362610DF95,,
B.0917.8121,URBAN RENAISSANCE AGENCY,JP362610DG29,,
B.0917.8141,URBAN RENAISSANCE AGENCY,JP362610AJ29,,
B.0917.8147,URBAN RENAISSANCE AGENCY,JP362610AJ86,,
B.0917.8155,URBAN RENAISSANCE AGENCY,JP362610AK59,,
B.0917.8166,URBAN RENAISSANCE AGENCY,JP362610CL98,,
B.0917.8169,URBAN RENAISSANCE AGENCY,JP362610AM24,,
B.0917.8170,URBAN RENAISSANCE AGENCY,JP362610AM65,,
B.0917.8189,URBAN RENAISSANCE AGENCY,JP362610AP96,,
B.0917.8191,URBAN RENAISSANCE AGENCY,JP362610CP94,,
B.0928.20,ORG PROMOTING URBAN DEV,JP391160AJ30,,
B.0928.22,ORG PROMOTING URBAN DEV,JP391160AL28,,
B.0941.29.1,CENTRAL JPN INTL AIRPORT,JP352480AL64,,
B.0941.32.1,CENTRAL JPN INTL AIRPORT,JP352480AP37,,
B.0943.4112,JPN HOUSING FIN AGENCY,JP339170BRC5,,
B.0943.6108,JPN HOUSING FIN AGENCY,JP339170CA67,,
B.0943.6122,JPN HOUSING FIN AGENCY,JP339170CAA3,,
B.0943.6146,JPN HOUSING FIN AGENCY,JP339170DB65,,
B.0943.6150,JPN HOUSING FIN AGENCY,JP339170DB73,,
B.0943.6155,JPN HOUSING FIN AGENCY,JP339170DB99,,
B.0943.6160,JPN HOUSING FIN AGENCY,JP339170CBA1,,
B.0943.6173,JPN HOUSING FIN AGENCY,JP339170DC23,,
B.0943.6193,JPN HOUSING FIN AGENCY,JP339170DC72,,
B.0943.6194,JPN HOUSING FIN AGENCY,JP339170EC71,,
B.0943.6197,JPN HOUSING FIN AGENCY,JP339170CC81,,
B.0943.6201,JPN HOUSING FIN AGENCY,JP339170CC99,,
B.0943.6207,JPN HOUSING FIN AGENCY,JP339170BCB9,,
B.0943.6208,JPN HOUSING FIN AGENCY,JP339170CCB7,,
B.0943.6215,JPN HOUSING FIN AGENCY,JP339170BD16,,
B.0943.6219,JPN HOUSING FIN AGENCY,JP339170DD22,,
B.0943.6225,JPN HOUSING FIN AGENCY,JP339170BD40,,
B.0943.6228,JPN HOUSING FIN AGENCY,JP339170CD56,,
B.0943.6232,JPN HOUSING FIN AGENCY,JP339170CD64,,
B.0943.6242,JPN HOUSING FIN AGENCY,JP339170BDA9,,
B.0943.6281,JPN HOUSING FIN AGENCY,JP339170CF62,,
B.0943.6330,JPN HOUSING FIN AGENCY,JP339170BGA2,,
B.0943.6370,JPN HOUSING FIN AGENCY,JP339170BHB8,,
B.0943.6371,JPN HOUSING FIN AGENCY,JP339170AHB0,,
B.0943.6377,JPN HOUSING FIN AGENCY,JP339170AJ11,,
B.0943.6402,JPN HOUSING FIN AGENCY,JP339170BJ85,,
B.0943.6452,JPN HOUSING FIN AGENCY,JP339170BKB2,,
B.0943.6478,JPN HOUSING FIN AGENCY,JP339170CL64,,
B.0943.6498,JPN HOUSING FIN AGENCY,JP339170CLB8,,
B.0943.6519,JPN HOUSING FIN AGENCY,JP339170DM54,,
B.0943.6542,JPN HOUSING FIN AGENCY,JP339170DMB4,,
B.0943.6572,JPN HOUSING FIN AGENCY,JP339170AN80,,
B.0943.6620,JPN HOUSING FIN AGENCY,JP339170BQ52,,
B.0943.6623,JPN HOUSING FIN AGENCY,JP339170BQ60,,
B.0946.7033,NARITA INTL AIRPORT CORP,JP365190CK17,,
B.0946.7038,NARITA INTL AIRPORT CORP,JP365190ALA9,,
B.0946.7039,NARITA INTL AIRPORT CORP,JP365190BLA7,,
B.0946.7041,NARITA INTL AIRPORT CORP,JP365190DLA3,,
B.0949.30,OKINAWA DEV FINANCE,JP319463AMC1,,
B.0952.1868,SHOKO CHUKIN BANK,JP336220AN94,,
B.0952.1871,SHOKO CHUKIN BANK,JP336220ANC2,,
B.0952.1872,SHOKO CHUKIN BANK,JP336220AP19,,
B.0952.1876,SHOKO CHUKIN BANK,JP336220AP50,,
B.0952.1878,SHOKO CHUKIN BANK,JP336220AP76,,
B.0952.1879,SHOKO CHUKIN BANK,JP336220AP84,,
B.0952.1883,SHOKO CHUKIN BANK,JP336220APC7,,
B.0952.1885,SHOKO CHUKIN BANK,JP336220AQ26,,
B.0952.1890,SHOKO CHUKIN BANK,JP336220AQ75,,
B.0952.1895,SHOKO CHUKIN BANK,JP336220AQC5,,
B.0952.4104,SHOKO CHUKIN BANK,JP336220AR82,,
B.0952.4106,SHOKO CHUKIN BANK,JP336220ARA7,,
B.0952.4107,SHOKO CHUKIN BANK,JP336220ARB5,,
B.0952.4110,SHOKO CHUKIN BANK,JP336220AS24,,
B.0958.395,SHINKIN CENTRAL BANK,JP342920ANA3,,
B.0958.400,SHINKIN CENTRAL BANK,JP342920AP36,,
B.0958.401,SHINKIN CENTRAL BANK,JP342920AP44,,
B.0958.402,SHINKIN CENTRAL BANK,JP342920AP51,,
B.0958.403,SHINKIN CENTRAL BANK,JP342920AP69,,
B.0958.407,SHINKIN CENTRAL BANK,JP342920APA8,,
B.0958.409,SHINKIN CENTRAL BANK,JP342920APC4,,
B.0958.4104,SHINKIN CENTRAL BANK,JP342920AR83,,
B.0958.4106,SHINKIN CENTRAL BANK,JP342920ARA4,,
B.0958.411,SHINKIN CENTRAL BANK,JP342920AQ27,,
B.0958.4110,SHINKIN CENTRAL BANK,JP342920AS25,,
B.0958.412,SHINKIN CENTRAL BANK,JP342920AQ35,,
B.0958.421,SHINKIN CENTRAL BANK,JP342920AQC2,,
B.0958.427,SHINKIN CENTRAL BANK,JP342920AR67,,
B.0972.4103,SHOKO CHUKIN BANK,JP336220BR73,,
B.0972.9036,SHOKO CHUKIN BANK,JP336220CLC2,,
B.0972.9041,SHOKO CHUKIN BANK,JP336220CN35,,
B.0972.9043,SHOKO CHUKIN BANK,JP336220CN92,,
B.0972.9046,SHOKO CHUKIN BANK,JP336220CP66,,
B.1071.1021,CORP ANDINA DE FOMENTO,JP500113BPC2,,
B.1243.1017,REPUBLIC OF POLAND,JP561600BPB6,,
B.1243.1019,REPUBLIC OF POLAND,JP561600AQB6,,
B.1243.1021,REPUBLIC OF POLAND,JP561600CQB2,,
B.1244.1009,HUNGARY,JP534800CL92,,
B.1256.1013,BNP PARIBAS,JP525017AP97,,
B.1263.19,HIROSHIMA EXPRESSWAY COR,JP379760BL26,,
B.1263.22,HIROSHIMA EXPRESSWAY COR,JP379760CM24,,
B.1263.27,HIROSHIMA EXPRESSWAY COR,JP379760BNC3,,
B.1265.1014,AUST & NZ BANKING GROUP,JP503622AQ90,,
B.1265.1015,AUST & NZ BANKING GROUP,JP503622BQ99,,
B.1273.15,JAPAN INT'L COOP AGENCY,JP329350BC93,,
B.1273.25,JAPAN INT'L COOP AGENCY,JP329350BE67,,
B.1273.3,JAPAN INT'L COOP AGENCY,JP329350A9C3,,
B.1273.32,JAPAN INT'L COOP AGENCY,JP329350BF90,,
B.1273.51,JAPAN INT'L COOP AGENCY,JP329350AKC2,,
B.1273.52,JAPAN INT'L COOP AGENCY,JP329350AL36,,
B.1273.54,JAPAN INT'L COOP AGENCY,JP329350BL68,,
B.1273.6,JAPAN INT'L COOP AGENCY,JP329350AAC3,,
B.1273.60,JAPAN INT'L COOP AGENCY,JP329350BM67,,
B.1273.61,JAPAN INT'L COOP AGENCY,JP329350AM92,,
B.1273.68,JAPAN INT'L COOP AGENCY,JP329350AN91,,
B.1280.1012,KT CORP,JP541017BR34,,
B.1284.13,OSAKA PREFECTURAL HOUSIN,JP318690BJ64,,
B.1288.4104,EAST NIPPON EXPRESSWAY,JP379990BR71,,
B.1288.4111,EAST NIPPON EXPRESSWAY,JP379990BS47,,
B.1288.9061,EAST NIPPON EXPRESSWAY,JP379990CK77,,
B.1288.9064,EAST NIPPON EXPRESSWAY,JP379990CKB2,,
B.1288.9067,EAST NIPPON EXPRESSWAY,JP379990CL19,,
B.1288.9069,EAST NIPPON EXPRESSWAY,JP379990BL44,,
B.1288.9076,EAST NIPPON EXPRESSWAY,JP379990CLB0,,
B.1288.9081,EAST NIPPON EXPRESSWAY,JP379990CM42,,
B.1288.9088,EAST NIPPON EXPRESSWAY,JP379990CMB8,,
B.1289.4103,CENTRAL NIPPON EXPRESSWY,JP364300AR79,,
B.1289.4108,CENTRAL NIPPON EXPRESSWY,JP364300AS52,,
B.1289.9096,CENTRAL NIPPON EXPRESSWY,JP364300ANC7,,
B.1289.9097,CENTRAL NIPPON EXPRESSWY,JP364300AP14,,
B.1289.9098,CENTRAL NIPPON EXPRESSWY,JP364300AP22,,
B.1289.9100,CENTRAL NIPPON EXPRESSWY,JP364300AP55,,
B.1289.9101,CENTRAL NIPPON EXPRESSWY,JP364300AP89,,
B.1289.9105,CENTRAL NIPPON EXPRESSWY,JP364300AQ39,,
B.1289.9112,CENTRAL NIPPON EXPRESSWY,JP364300AR53,,
B.1290.4106,WEST NIPPON EXPRESSWAY,JP365820AR85,,
B.1290.9077,WEST NIPPON EXPRESSWAY,JP365820CP51,,
B.1290.9084,WEST NIPPON EXPRESSWAY,JP365820BPC6,,
B.1290.9088,WEST NIPPON EXPRESSWAY,JP365820CQ50,,
B.1290.9094,WEST NIPPON EXPRESSWAY,JP365820CQ84,,
B.1290.9097,WEST NIPPON EXPRESSWAY,JP365820BQA8,,
B.1290.9099,WEST NIPPON EXPRESSWAY,JP365820AQC6,,
B.1290.9100,WEST NIPPON EXPRESSWAY,JP365820AR51,,
B.1290.9101,WEST NIPPON EXPRESSWAY,JP365820BR50,,
B.1292.102,NAGOYA EXPRESSWAY CORP,JP364890CA23,,
B.1292.128,NAGOYA EXPRESSWAY CORP,JP364890CG27,,
B.1292.148,NAGOYA EXPRESSWAY CORP,JP364890CK96,,
B.1292.96,NAGOYA EXPRESSWAY CORP,JP364890B925,,
B.1293.117,FUKUOKA-KITAKYUSHU EXPRS,JP380390B918,,
B.1293.136,FUKUOKA-KITAKYUSHU EXPRS,JP380390BF38,,
B.1293.145,FUKUOKA-KITAKYUSHU EXPRS,JP380390AGC2,,
B.1295.127,JAPAN RAILWAY CONST TRAN,JP354565CK59,,
B.1295.135,JAPAN RAILWAY CONST TRAN,JP354565BL26,,
B.1295.150,JAPAN RAILWAY CONST TRAN,JP354565AMB1,,
B.1295.168,JAPAN RAILWAY CONST TRAN,JP354565AQ55,,
B.1295.69,JAPAN RAILWAY CONST TRAN,JP354565CE81,,
B.1295.90,JAPAN RAILWAY CONST TRAN,JP354565CG55,,
B.1295.96,JAPAN RAILWAY CONST TRAN,JP354565CGB9,,
B.1296.9019,TOKYO HOUSING SUPPLY COR,JP358680AD93,,
B.1296.9023,TOKYO HOUSING SUPPLY COR,JP358680AF91,,
B.1296.9043,TOKYO HOUSING SUPPLY COR,JP358680CM90,,
B.1332.4103,NISSUI CORP,JP371880AS30,,
B.1333.3,UMIOS CORP,JP387660AQ42,,
B.1605.3,INPEX CORP,JP329446AMA8,,
B.1803.34,SHIMIZU CORP,JP335880APB1,,
B.1803.4103,SHIMIZU CORP,JP335880AR85,,
B.1803.4104,SHIMIZU CORP,JP335880AS19,,
B.1808.14,HASEKO CORP,JP376860BL70,,
B.1812.4107,KAJIMA CORP,JP321020BS76,,
B.1812.48,KAJIMA CORP,JP321020AP39,,
B.1860.5,TODA CORP,JP362700AKC6,,
B.1911.10,SUMITOMO FORESTRY CO LTD,JP340980BKC9,,
B.1925.14,DAIWA HOUSE IND CO LTD,JP350500CH68,,
B.1925.25,DAIWA HOUSE IND CO LTD,JP350500BM62,,
B.1925.26,DAIWA HOUSE IND CO LTD,JP350500CM61,,
B.1925.9,DAIWA HOUSE IND CO LTD,JP350500AGB4,,
B.1928.23,SEKISUI HOUSE CO,JP342060CR24,,
B.1928.24,SEKISUI HOUSE CO,JP342060DR23,,
B.1928.26,SEKISUI HOUSE CO,JP342060BR25,,
B.19780215.SB00,B.19780215.SB00,US29379VBR33,,USD
B.19790501.SB00,B.19790501.SB00,US65339KBK51,,USD
B.2001.4103,NIPPN CORP,JP372300AS30,,
B.20270606.GB00,B.20270606.GB00,US71567RAU05,,USD
B.20270722.SB00,B.20270722.SB00,US94974BGL80,,USD
B.20270811.SB00,B.20270811.SB00,US742718EV74,,USD
B.20270815.SB23,B.20270815.SB23,US37940XAP78,,USD
B.20270908.SB00,B.20270908.SB00,US24422ETW92,,USD
B.20270915.GB00,B.20270915.GB00,US922646AS37,,USD
B.20270915.SB16,B.20270915.SB16,US45866FAU84,,USD
B.20270915.SB22,B.20270915.SB22,US92826CAH51,,USD
B.20270915.SB24,B.20270915.SB24,US89115A2H42,,USD
B.20271001.SB13,B.20271001.SB13,US375558BX02,,USD
B.20271015.SB28,B.20271015.SB28,US88579YAY77,,USD
B.20271116.GB01,B.20271116.GB01,US857524AD47,,USD
B.20271118.SB02,B.20271118.SB02,US961214FK48,,USD
B.20271201.SB15,B.20271201.SB15,US142339AH37,,USD
B.20271215.SB19,B.20271215.SB19,US294429AV70,,USD
B.20271215.SB23,B.20271215.SB23,US695156AT63,,USD
B.20280105.SB00,B.20280105.SB00,US37045XCG97,,USD
B.20280112.SB06,B.20280112.SB06,US02665WED92,,USD
B.20280113.GB01,B.20280113.GB01,XS2974923497,,USD
B.20280113.SB04,B.20280113.SB04,US89115KAK60,,USD
B.20280115.GB02,B.20280115.GB02,US900123DF45,,USD
B.20280115.SB05,B.20280115.SB05,US022249AU09,,USD
B.20280115.SB11,B.20280115.SB11,US666807BN13,,USD
B.20280115.SB17,B.20280115.SB17,US212015AS02,,USD
B.20280115.SB53,B.20280115.SB53,US756109BH64,,USD
B.20280118.GB00,B.20280118.GB00,XS2577134401,,USD
B.20280130.SB02,B.20280130.SB02,US98419MAM29,,USD
B.20280201.SB32,B.20280201.SB32,US24703DBJ90,,USD
B.20280208.SB01,B.20280208.SB01,US037833EC07,,USD
B.20280215.SB34,B.20280215.SB34,US11135FCP45,,USD
B.20280215.SB36,B.20280215.SB36,US87264ACA16,,USD
B.20280215.SB48,B.20280215.SB48,US29273VAP58,,USD
B.20280217.GB01,B.20280217.GB01,XS2571922884,,USD
B.20280228.SB02,B.20280228.SB02,US65339KCM09,,USD
B.20280301.SB31,B.20280301.SB31,US30040WAT53,,USD
B.20280301.SB32,B.20280301.SB32,US210385AB64,,USD
B.20280301.SB35,B.20280301.SB35,US097023BX25,,USD
B.20280302.SB03,B.20280302.SB03,US031162DP23,,USD
B.20280303.SB02,B.20280303.SB02,US04636NAF06,,USD
B.20280303.SB03,B.20280303.SB03,US24422EWV72,,USD
B.20280315.SB07,B.20280315.SB07,US893574AK91,,USD
B.20280315.SB08,B.20280315.SB08,US91914JAB89,,USD
B.20280315.SB24,B.20280315.SB24,US361448BA03,,USD
B.20280315.SB25,B.20280315.SB25,US30161NBJ90,,USD
B.20280315.SB38,B.20280315.SB38,US03027XBY58,,USD
B.20280315.SB40,B.20280315.SB40,US095924AB26,,USD
B.20280315.SB41,B.20280315.SB41,US00287YDY23,,USD
B.20280325.SB00,B.20280325.SB00,US126650CX62,,USD
B.20280325.SB01,B.20280325.SB01,US68389XCD57,,USD
B.20280325.SB02,B.20280325.SB02,US05526DBR52,,USD
B.20280330.SB02,B.20280330.SB02,US58507LBB45,,USD
B.20280401.SB16,B.20280401.SB16,US879360AD71,,USD
B.20280410.SB01,B.20280410.SB01,US37045XDH61,,USD
B.20280420.SB00,B.20280420.SB00,US054561AJ49,,USD
B.20280501.SB17,B.20280501.SB17,US256677AF29,,USD
B.20280501.SB24,B.20280501.SB24,US17252MAR16,,USD
B.20280507.GB00,B.20280507.GB00,USP17625AB33,,USD
B.20280515.SB07,B.20280515.SB07,US256746AH16,,USD
B.20280515.SB26,B.20280515.SB26,US30303M8L96,,USD
B.20280519.SB00,B.20280519.SB00,US716973AC67,,USD
B.20280522.GB00,B.20280522.GB00,XS2574267188,,USD
B.20280601.SB23,B.20280601.SB23,US404119CP27,,USD
B.20280601.SB24,B.20280601.SB24,US784710AC97,,USD
B.20280601.SB26,B.20280601.SB26,US233331BJ54,,USD
B.20280601.SB29,B.20280601.SB29,US891906AF67,,USD
B.20280603.SB00,B.20280603.SB00,US440452AH36,,USD
B.20280615.SB34,B.20280615.SB34,US756109BJ21,,USD
B.20280615.SB36,B.20280615.SB36,US694308JW85,,USD
B.20280620.SB01,B.20280620.SB01,US29379VCJ08,,USD
B.20280623.SB01,B.20280623.SB01,US37045XEH52,,USD
B.20280710.SB00,B.20280710.SB00,US247361A246,,USD
B.20280714.SB01,B.20280714.SB01,US65535HAY53,,USD
B.20280715.SB00,B.20280715.SB00,US136375BD37,,USD
B.20280715.SB11,B.20280715.SB11,US25389JAT34,,USD
B.20280715.SB26,B.20280715.SB26,US79466LAH78,,USD
B.20280721.SB00,B.20280721.SB00,US06051GGR48,,USD
B.20280721.SB04,B.20280721.SB04,US06406RBX44,,USD
B.20280724.SB00,B.20280724.SB00,US172967LP48,,USD
B.20280801.SB13,B.20280801.SB13,US78016HZS20,,USD
B.20280802.SB00,B.20280802.SB00,US20602DAB73,,USD
B.20280810.SB00,B.20280810.SB00,US69371RS645,,USD
B.20280818.SB00,B.20280818.SB00,US469814AB34,,USD
B.20280901.SB18,B.20280901.SB18,US00914AAQ58,,USD
B.20280908.SB00,B.20280908.SB00,US904764BS55,,USD
B.20280908.SB01,B.20280908.SB01,US06418GAL14,,USD
B.20280915.SB03,B.20280915.SB03,US960386AM29,,USD
B.20280915.SB20,B.20280915.SB20,US548661ED58,,USD
B.20280915.SB24,B.20280915.SB24,US437076CH36,,USD
B.20280915.SB32,B.20280915.SB32,US63743HFJ68,,USD
B.20280918.SB01,B.20280918.SB01,US92338CAD56,,USD
B.20280921.SB00,B.20280921.SB00,US92343VER15,,USD
B.20280922.SB02,B.20280922.SB02,US404280CL16,,USD
B.20280922.SB03,B.20280922.SB03,US06368MXU34,,USD
B.20280922.SB22,B.20280922.SB22,US931142ES82,,USD
B.20280926.SB01,B.20280926.SB01,US461070AP91,,USD
B.20280930.SB02,B.20280930.SB02,US09261XAG79,,USD
B.20281003.SB00,B.20281003.SB00,US13607LWV16,,USD
B.20281015.SB03,B.20281015.SB03,US125523AH38,,USD
B.20281018.SB01,B.20281018.SB01,US78017FZS54,,USD
B.20281025.GB00,B.20281025.GB00,XS2548889406,,USD
B.20281029.SB01,B.20281029.SB01,US00774MAW55,,USD
B.20281107.SB02,B.20281107.SB02,US539439AQ24,,USD
B.20281113.GB01,B.20281113.GB01,USY5325QAH57,,USD
B.20281114.SB02,B.20281114.SB02,US67403AAB52,,USD
B.20281115.SB00,B.20281115.SB00,US852060AD48,,USD
B.20281115.SB18,B.20281115.SB18,US832696AW80,,USD
B.20281115.SB20,B.20281115.SB20,US61945CAH60,,USD
B.20281115.SB24,B.20281115.SB24,US26614NAC65,,USD
B.20281117.SB01,B.20281117.SB01,US50212YAH71,,USD
B.20281117.SB02,B.20281117.SB02,US61776NZU08,,USD
B.20281128.SB01,B.20281128.SB01,US05565QDH83,,USD
B.20281201.SB07,B.20281201.SB07,US071813CP23,,USD
B.20281201.SB10,B.20281201.SB10,US62947QBC15,,USD
B.20281201.SB13,B.20281201.SB13,US29273VAS97,,USD
B.20281202.SB00,B.20281202.SB00,US693475BK03,,USD
B.20281205.SB01,B.20281205.SB01,US38173MAD48,,USD
B.20281215.SB03,B.20281215.SB03,US91324PDP45,,USD
B.20281215.SB13,B.20281215.SB13,US92939UAG13,,USD
B.20290105.SB02,B.20290105.SB02,US89236TLL79,,USD
B.20290112.SB03,B.20290112.SB03,US12592BAR50,,USD
B.20290114.GB01,B.20290114.GB01,XS2689091846,,USD
B.20290114.SB01,B.20290114.SB01,US86562MCN83,,USD
B.20290115.SB36,B.20290115.SB36,US161175CD44,,USD
B.20290115.SB54,B.20290115.SB54,US69120VAW19,,USD
B.20290115.SB57,B.20290115.SB57,US694308KL02,,USD
B.20290115.SB59,B.20290115.SB59,US958667AF48,,USD
B.20290116.SB02,B.20290116.SB02,US24422EXH79,,USD
B.20290118.SB01,B.20290118.SB01,US251526CS67,,USD
B.20290121.GB00,B.20290121.GB00,US195325ET82,,USD
B.20290122.GB00,B.20290122.GB00,US168863EB04,,USD
B.20290125.SB04,B.20290125.SB04,US35137LAH87,,USD
B.20290130.GB00,B.20290130.GB00,XS2756521212,,USD
B.20290130.SB02,B.20290130.SB02,US40440VAF22,,USD
B.20290201.SB27,B.20290201.SB27,US46266TAF57,,USD
B.20290201.SB31,B.20290201.SB31,US494553AD27,,USD
B.20290201.SB34,B.20290201.SB34,US91159HJK77,,USD
B.20290208.SB02,B.20290208.SB02,US075887CR80,,USD
B.20290209.SB01,B.20290209.SB01,US532457CK20,,USD
B.20290213.SB00,B.20290213.SB00,US718172DG16,,USD
B.20290215.SB27,B.20290215.SB27,US22966RAE62,,USD
B.20290215.SB37,B.20290215.SB37,US94106LBV09,,USD
B.20290215.SB50,B.20290215.SB50,US14149YBN76,,USD
B.20290215.SB52,B.20290215.SB52,US775109DE81,,USD
B.20290216.SB02,B.20290216.SB02,US713466AB69,,USD
B.20290220.SB03,B.20290220.SB03,US857477CN16,,USD
B.20290222.GB00,B.20290222.GB00,USP3579ECP09,,USD
B.20290222.SB02,B.20290222.SB02,US606822CS14,,USD
B.20290301.SB02,B.20290301.SB02,US907818FB91,,USD
B.20290301.SB07,B.20290301.SB07,US842400GQ05,,USD
B.20290301.SB26,B.20290301.SB26,US04010LBF94,,USD
B.20290301.SB33,B.20290301.SB33,US03740MAB63,,USD
B.20290301.SB37,B.20290301.SB37,US87612GAE17,,USD
B.20290301.SB38,B.20290301.SB38,US78409VBJ26,,USD
B.20290305.SB01,B.20290305.SB01,US06051GHG73,,USD
B.20290307.SB01,B.20290307.SB01,US58933YAX31,,USD
B.20290311.SB01,B.20290311.SB01,US829932AB85,,USD
B.20290313.SB01,B.20290313.SB01,US02665WFE66,,USD
B.20290313.SB02,B.20290313.SB02,US023135DC78,,USD
B.20290314.GB04,B.20290314.GB04,US900123DH01,,USD
B.20290314.SB01,B.20290314.SB01,US254687GC45,,USD
B.20290315.SB28,B.20290315.SB28,US87264ACS24,,USD
B.20290315.SB29,B.20290315.SB29,US404119CJ66,,USD
B.20290315.SB30,B.20290315.SB30,US637432NS00,,USD
B.20290315.SB39,B.20290315.SB39,US00287YDS54,,USD
B.20290315.SB44,B.20290315.SB44,US49271VAT70,,USD
B.20290315.SB48,B.20290315.SB48,US88339WAB28,,USD
B.20290315.SB49,B.20290315.SB49,US69121KAH77,,USD
B.20290315.SB50,B.20290315.SB50,US95040QAH74,,USD
B.20290315.SB54,B.20290315.SB54,US59523UAQ04,,USD
B.20290315.SB56,B.20290315.SB56,US314352AA31,,USD
B.20290315.SB57,B.20290315.SB57,US79466LAR50,,USD
B.20290318.GB00,B.20290318.GB00,US731011AX08,,USD
B.20290318.SB00,B.20290318.SB00,US74949LAC63,,USD
B.20290330.SB04,B.20290330.SB04,US13607PH984,,USD
B.20290401.SB17,B.20290401.SB17,US30225VAH06,,USD
B.20290401.SB18,B.20290401.SB18,US98138HAH49,,USD
B.20290401.SB21,B.20290401.SB21,US760759BB57,,USD
B.20290404.SB01,B.20290404.SB01,US00724PAF62,,USD
B.20290405.SB02,B.20290405.SB02,US032095AP67,,USD
B.20290405.SB03,B.20290405.SB03,US29250NCB91,,USD
B.20290406.SB00,B.20290406.SB00,US37045XDV55,,USD
B.20290413.SB01,B.20290413.SB01,US03770DAB91,,USD
B.20290413.SB02,B.20290413.SB02,US023135CG91,,USD
B.20290415.SB34,B.20290415.SB34,US431282AR39,,USD
B.20290415.SB43,B.20290415.SB43,US571903BL69,,USD
B.20290415.SB44,B.20290415.SB44,US75968NAD30,,USD
B.20290415.SB60,B.20290415.SB60,US11135FBS92,,USD
B.20290415.SB61,B.20290415.SB61,US620076BY45,,USD
B.20290418.SB00,B.20290418.SB00,US053332AW26,,USD
B.20290420.SB00,B.20290420.SB00,US61747YFD22,,USD
B.20290420.SB01,B.20290420.SB01,US12592BAS34,,USD
B.20290423.SB00,B.20290423.SB00,US38141GWV21,,USD
B.20290425.SB02,B.20290425.SB02,US025816ED77,,USD
B.20290501.SB01,B.20290501.SB01,US38141GWZ35,,USD
B.20290501.SB02,B.20290501.SB02,US126117AV22,,USD
B.20290501.SB21,B.20290501.SB21,US74460DAD12,,USD
B.20290506.SB00,B.20290506.SB00,US36262GAF81,,USD
B.20290515.SB01,B.20290515.SB01,US64110LAX47,,USD
B.20290515.SB03,B.20290515.SB03,US23311VAH06,,USD
B.20290515.SB22,B.20290515.SB22,US459200KA85,,USD
B.20290516.SB00,B.20290516.SB00,US89236TMF92,,USD
B.20290517.SB02,B.20290517.SB02,US58013MFX74,,USD
B.20290517.SB03,B.20290517.SB03,US61774AAF03,,USD
B.20290519.SB00,B.20290519.SB00,US808513CD58,,USD
B.20290521.SB00,B.20290521.SB00,US31620MBJ45,,USD
B.20290522.GB01,B.20290522.GB01,XS2626270040,,USD
B.20290601.SB25,B.20290601.SB25,US46647PCJ30,,USD
B.20290601.SB26,B.20290601.SB26,US94106LBQ14,,USD
B.20290601.SB32,B.20290601.SB32,US78355HLB32,,USD
B.20290601.SB41,B.20290601.SB41,US22822VBD29,,USD
B.20290604.SB00,B.20290604.SB00,US30190AAF12,,USD
B.20290608.SB00,B.20290608.SB00,US14040HCZ64,,USD
B.20290608.SB01,B.20290608.SB01,US57636QBK94,,USD
B.20290610.SB00,B.20290610.SB00,US05555LAB71,,USD
B.20290612.SB03,B.20290612.SB03,US91159HJM34,,USD
B.20290612.SB04,B.20290612.SB04,US80282KBG04,,USD
B.20290612.SB05,B.20290612.SB05,US874054AM15,,USD
B.20290613.SB01,B.20290613.SB01,US02005NBT63,,USD
B.20290614.SB02,B.20290614.SB02,US06051GJZ37,,USD
B.20290615.SB30,B.20290615.SB30,US63743HFS67,,USD
B.20290615.SB39,B.20290615.SB39,US036752AY95,,USD
B.20290615.SB45,B.20290615.SB45,US67066GAQ73,,USD
B.20290616.GB00,B.20290616.GB00,XS2010026305,,USD
B.20290630.SB07,B.20290630.SB07,US448579AR35,,USD
B.20290701.SB01,B.20290701.SB01,US337738AU25,,USD
B.20290701.SB02,B.20290701.SB02,US26884ABL61,,USD
B.20290701.SB14,B.20290701.SB14,US133131AX02,,USD
B.20290715.SB38,B.20290715.SB38,US04010LBG77,,USD
B.20290720.SB00,B.20290720.SB00,US61747YFF79,,USD
B.20290723.SB00,B.20290723.SB00,US46647PAV85,,USD
B.20290725.SB02,B.20290725.SB02,US95000U3E14,,USD
B.20290726.SB00,B.20290726.SB00,US110122CP17,,USD
B.20290727.SB01,B.20290727.SB01,US025816DH90,,USD
B.20290729.SB00,B.20290729.SB00,US713448EL82,,USD
B.20290806.SB00,B.20290806.SB00,US17325FBK30,,USD
B.20290808.SB01,B.20290808.SB01,US517834AF40,,USD
B.20290814.SB01,B.20290814.SB01,US532457CQ99,,USD
B.20290814.SB02,B.20290814.SB02,US36266GAA58,,USD
B.20290815.SB01,B.20290815.SB01,US37940XAB82,,USD
B.20290815.SB05,B.20290815.SB05,US824348BJ44,,USD
B.20290815.SB07,B.20290815.SB07,US718172CJ63,,USD
B.20290815.SB15,B.20290815.SB15,US26884UAF66,,USD
B.20290815.SB23,B.20290815.SB23,US693506BR74,,USD
B.20290815.SB25,B.20290815.SB25,US438516BU93,,USD
B.20290815.SB27,B.20290815.SB27,US099724AP16,,USD
B.20290815.SB30,B.20290815.SB30,US372460AF25,,USD
B.20290815.SB31,B.20290815.SB31,US517834AK35,,USD
B.20290815.SB32,B.20290815.SB32,US04020EAB39,,USD
B.20290816.SB02,B.20290816.SB02,US14913UAQ31,,USD
B.20290817.SB00,B.20290817.SB00,US404280CV97,,USD
B.20290818.SB00,B.20290818.SB00,US031162DH07,,USD
B.20290821.SB01,B.20290821.SB01,US04273WAF86,,USD
B.20290901.SB03,B.20290901.SB03,US254687FL52,,USD
B.20290901.SB09,B.20290901.SB09,US911312BU95,,USD
B.20290901.SB13,B.20290901.SB13,US22822VBF76,,USD
B.20290901.SB18,B.20290901.SB18,US65473PAH82,,USD
B.20290901.SB19,B.20290901.SB19,US78355HLC15,,USD
B.20290904.SB01,B.20290904.SB01,US882508BG82,,USD
B.20290906.SB01,B.20290906.SB01,US05526DBH70,,USD
B.20290913.SB00,B.20290913.SB00,US828807DF17,,USD
B.20290913.SB02,B.20290913.SB02,US06738ECK91,,USD
B.20290915.SB04,B.20290915.SB04,US970648AJ01,,USD
B.20290915.SB05,B.20290915.SB05,US373334KL43,,USD
B.20290915.SB11,B.20290915.SB11,US34964CAE66,,USD
B.20290915.SB12,B.20290915.SB12,US701094AS32,,USD
B.20290915.SB24,B.20290915.SB24,US95000U4A82,,USD
B.20290918.SB01,B.20290918.SB01,US115236AK73,,USD
B.20290918.SB02,B.20290918.SB02,US66989HAT59,,USD
B.20290924.SB00,B.20290924.SB00,US931142EQ27,,USD
B.20290927.SB00,B.20290927.SB00,US86562MBU36,,USD
B.20291001.SB26,B.20291001.SB26,US681936BL34,,USD
B.20291001.SB30,B.20291001.SB30,US83007CAD48,,USD
B.20291001.SB34,B.20291001.SB34,US025676AN78,,USD
B.20291015.SB27,B.20291015.SB27,US237194AQ87,,USD
B.20291015.SB29,B.20291015.SB29,US42824CBT53,,USD
B.20291021.SB00,B.20291021.SB00,US38141GD272,,USD
B.20291023.SB01,B.20291023.SB01,US95000U3G61,,USD
B.20291023.SB02,B.20291023.SB02,US46647PDX15,,USD
B.20291024.SB00,B.20291024.SB00,US38141GA468,,USD
B.20291025.SB01,B.20291025.SB01,US06406RBT32,,USD
B.20291030.SB00,B.20291030.SB00,US49338LAF04,,USD
B.20291030.SB03,B.20291030.SB03,US55261FAS39,,USD
B.20291101.SB07,B.20291101.SB07,US88947EAU47,,USD
B.20291101.SB10,B.20291101.SB10,US61747YFH36,,USD
B.20291115.SB10,B.20291115.SB10,US458140BH27,,USD
B.20291115.SB22,B.20291115.SB22,US04352EAA38,,USD
B.20291115.SB24,B.20291115.SB24,US281020AW79,,USD
B.20291115.SB27,B.20291115.SB27,US427866BD93,,USD
B.20291115.SB29,B.20291115.SB29,US13648TAC18,,USD
B.20291115.SB40,B.20291115.SB40,US14913UAU43,,USD
B.20291215.SB02,B.20291215.SB02,US72650RBM34,,USD
B.20291215.SB07,B.20291215.SB07,US015271AT64,,USD
B.20291215.SB16,B.20291215.SB16,US655663AC62,,USD
B.20291215.SB25,B.20291215.SB25,US03073EAW57,,USD
B.20300107.SB00,B.20300107.SB00,US37045XFB73,,USD
B.20300109.SB02,B.20300109.SB02,US89236TNA96,,USD
B.20300114.SB00,B.20300114.SB00,US63253QAL86,,USD
B.20300115.SB10,B.20300115.SB10,US361841AP42,,USD
B.20300115.SB15,B.20300115.SB15,US29717PAU12,,USD
B.20300115.SB28,B.20300115.SB28,US42250PAA12,,USD
B.20300115.SB29,B.20300115.SB29,US74456QCB05,,USD
B.20300115.SB30,B.20300115.SB30,US03027XBA72,,USD
B.20300115.SB40,B.20300115.SB40,US534187BJ76,,USD
B.20300116.GB00,B.20300116.GB00,XS2747598444,,USD
B.20300116.SB02,B.20300116.SB02,US961214EL30,,USD
B.20300116.SB04,B.20300116.SB04,US61747YFK64,,USD
B.20300117.SB01,B.20300117.SB01,US05964HBJ32,,USD
B.20300123.SB03,B.20300123.SB03,US47233JBH05,,USD
B.20300123.SB06,B.20300123.SB06,US46647PEB85,,USD
B.20300130.SB02,B.20300130.SB02,US316773DQ02,,USD
B.20300130.SB05,B.20300130.SB05,US370334DA90,,USD
B.20300201.SB02,B.20300201.SB02,US20030NDA63,,USD
B.20300201.SB03,B.20300201.SB03,US00724PAD15,,USD
B.20300201.SB05,B.20300201.SB05,US26884LAG41,,USD
B.20300201.SB08,B.20300201.SB08,US94106BAA98,,USD
B.20300201.SB16,B.20300201.SB16,US097023CN34,,USD
B.20300201.SB21,B.20300201.SB21,US00914AAG76,,USD
B.20300201.SB22,B.20300201.SB22,US26442CBA18,,USD
B.20300202.SB00,B.20300202.SB00,US06418GAY35,,USD
B.20300204.SB02,B.20300204.SB02,US446150AS35,,USD
B.20300207.SB00,B.20300207.SB00,US06051GHQ55,,USD
B.20300210.SB00,B.20300210.SB00,US863667BL41,,USD
B.20300210.SB01,B.20300210.SB01,US459200LG47,,USD
B.20300210.SB02,B.20300210.SB02,US844741BF49,,USD
B.20300212.GB00,B.20300212.GB00,US857524AF94,,USD
B.20300213.SB02,B.20300213.SB02,US172967PF20,,USD
B.20300215.SB03,B.20300215.SB03,US00206RGQ92,,USD
B.20300215.SB05,B.20300215.SB05,US30212PAR64,,USD
B.20300215.SB13,B.20300215.SB13,US14448CAQ78,,USD
B.20300215.SB15,B.20300215.SB15,US68902VAK35,,USD
B.20300215.SB16,B.20300215.SB16,US87612EBJ47,,USD
B.20300215.SB17,B.20300215.SB17,US42225UAG94,,USD
B.20300215.SB28,B.20300215.SB28,US758750AN32,,USD
B.20300215.SB31,B.20300215.SB31,US126408HQ95,,USD
B.20300215.SB34,B.20300215.SB34,US49427RAP73,,USD
B.20300215.SB35,B.20300215.SB35,US925650AC72,,USD
B.20300215.SB43,B.20300215.SB43,US595017BL79,,USD
B.20300221.SB01,B.20300221.SB01,US126650DT42,,USD
B.20300222.SB00,B.20300222.SB00,US04621XAM02,,USD
B.20300301.SB01,B.20300301.SB01,US15189TAX54,,USD
B.20300301.SB14,B.20300301.SB14,US337932AL12,,USD
B.20300301.SB17,B.20300301.SB17,US58013MFM10,,USD
B.20300301.SB21,B.20300301.SB21,US406216BL45,,USD
B.20300301.SB25,B.20300301.SB25,US025537AN10,,USD
B.20300301.SB26,B.20300301.SB26,US233331BF33,,USD
B.20300301.SB28,B.20300301.SB28,US67021CAX56,,USD
B.20300301.SB29,B.20300301.SB29,US56585ABK79,,USD
B.20300301.SB30,B.20300301.SB30,US478160DJ00,,USD
B.20300301.SB31,B.20300301.SB31,US12513GBK40,,USD
B.20300301.SB33,B.20300301.SB33,US202795JR27,,USD
B.20300306.SB01,B.20300306.SB01,US345397C684,,USD
B.20300311.SB03,B.20300311.SB03,US278642AW32,,USD
B.20300311.SB04,B.20300311.SB04,US89788KAA43,,USD
B.20300314.SB02,B.20300314.SB02,US12532HAM60,,USD
B.20300315.SB00,B.20300315.SB00,US678858BU41,,USD
B.20300315.SB04,B.20300315.SB04,US573284AV89,,USD
B.20300315.SB07,B.20300315.SB07,US832696AS78,,USD
B.20300315.SB15,B.20300315.SB15,US906548CR12,,USD
B.20300315.SB17,B.20300315.SB17,US571748CA86,,USD
B.20300315.SB18,B.20300315.SB18,US36267VAH69,,USD
B.20300315.SB25,B.20300315.SB25,US854502AL57,,USD
B.20300315.SB27,B.20300315.SB27,US842400JJ35,,USD
B.20300315.SB29,B.20300315.SB29,US09581CAD39,,USD
B.20300317.SB00,B.20300317.SB00,US02344AAG31,,USD
B.20300319.SB00,B.20300319.SB00,US30231GBK76,,USD
B.20300319.SB01,B.20300319.SB01,US713448ES36,,USD
B.20300320.SB01,B.20300320.SB01,US172967ME81,,USD
B.20300322.SB02,B.20300322.SB02,US49177JAH59,,USD
B.20300324.SB00,B.20300324.SB00,US278865BE90,,USD
B.20300325.SB03,B.20300325.SB03,US458140BR09,,USD
B.20300325.SB04,B.20300325.SB04,US742718FH71,,USD
B.20300326.SB02,B.20300326.SB02,US494368CB71,,USD
B.20300326.SB03,B.20300326.SB03,US743315AW31,,USD
B.20300327.SB00,B.20300327.SB00,US654106AK94,,USD
B.20300327.SB01,B.20300327.SB01,US039482AB02,,USD
B.20300401.SB04,B.20300401.SB04,US67066GAF19,,USD
B.20300401.SB07,B.20300401.SB07,US25746UDG13,,USD
B.20300401.SB09,B.20300401.SB09,US20030NDG34,,USD
B.20300401.SB10,B.20300401.SB10,US68389XBV64,,USD
B.20300401.SB14,B.20300401.SB14,US369550BM97,,USD
B.20300401.SB26,B.20300401.SB26,US50540RAZ55,,USD
B.20300401.SB29,B.20300401.SB29,US871607AC15,,USD
B.20300401.SB30,B.20300401.SB30,US209111FX66,,USD
B.20300403.SB01,B.20300403.SB01,US04686JAB70,,USD
B.20300406.SB01,B.20300406.SB01,US822905AB18,,USD
B.20300407.SB02,B.20300407.SB02,US43475RAR75,,USD
B.20300409.SB02,B.20300409.SB02,US149123CH22,,USD
B.20300413.SB02,B.20300413.SB02,US609207AT22,,USD
B.20300414.SB00,B.20300414.SB00,US744330AA93,,USD
B.20300415.SB02,B.20300415.SB02,US87264ABF12,,USD
B.20300415.SB03,B.20300415.SB03,US437076CB65,,USD
B.20300415.SB04,B.20300415.SB04,US858119BK53,,USD
B.20300415.SB08,B.20300415.SB08,US26875PAU57,,USD
B.20300415.SB09,B.20300415.SB09,US92826CAM47,,USD
B.20300415.SB26,B.20300415.SB26,US637417AN66,,USD
B.20300415.SB31,B.20300415.SB31,US579780AQ09,,USD
B.20300415.SB34,B.20300415.SB34,US11135FCF62,,USD
B.20300415.SB42,B.20300415.SB42,US166756BD74,,USD
B.20300417.SB02,B.20300417.SB02,US606822DE19,,USD
B.20300418.SB02,B.20300418.SB02,US61747YFQ35,,USD
B.20300420.SB00,B.20300420.SB00,US22160KAP03,,USD
B.20300422.SB00,B.20300422.SB00,US345370CX67,,USD
B.20300422.SB01,B.20300422.SB01,US46647PEG72,,USD
B.20300424.SB01,B.20300424.SB01,US134429BJ73,,USD
B.20300425.GB00,B.20300425.GB00,US195325ER27,,USD
B.20300425.SB00,B.20300425.SB00,US38141GA872,,USD
B.20300425.SB01,B.20300425.SB01,US025816DU02,,USD
B.20300425.SB02,B.20300425.SB02,US40434LAR69,,USD
B.20300426.GB00,B.20300426.GB00,XS2900389870,,USD
B.20300428.SB01,B.20300428.SB01,US931142FN86,,USD
B.20300430.SB00,B.20300430.SB00,US053611AK55,,USD
B.20300430.SB01,B.20300430.SB01,US09247XAQ43,,USD
B.20300430.SB09,B.20300430.SB09,US681919BB11,,USD
B.20300430.SB11,B.20300430.SB11,US842587DE49,,USD
B.20300501.SB01,B.20300501.SB01,US446413AT37,,USD
B.20300501.SB05,B.20300501.SB05,US65473PAJ49,,USD
B.20300501.SB06,B.20300501.SB06,US665859AV62,,USD
B.20300501.SB16,B.20300501.SB16,US09062XAH61,,USD
B.20300501.SB18,B.20300501.SB18,US462613AP51,,USD
B.20300501.SB20,B.20300501.SB20,US21036PBF45,,USD
B.20300501.SB21,B.20300501.SB21,US501044DP37,,USD
B.20300501.SB22,B.20300501.SB22,US38179RAD70,,USD
B.20300504.SB00,B.20300504.SB00,US882508BJ22,,USD
B.20300506.SB00,B.20300506.SB00,US46647PBD78,,USD
B.20300506.SB01,B.20300506.SB01,US02209SBJ15,,USD
B.20300506.SB03,B.20300506.SB03,US38152BAD38,,USD
B.20300511.SB00,B.20300511.SB00,US037833DU14,,USD
B.20300511.SB01,B.20300511.SB01,US166764BY53,,USD
B.20300512.SB01,B.20300512.SB01,US33938XAB10,,USD
B.20300513.GB00,B.20300513.GB00,US91087BBB53,,USD
B.20300513.SB02,B.20300513.SB02,US67077MAW82,,USD
B.20300514.SB01,B.20300514.SB01,US693475BX24,,USD
B.20300515.SB01,B.20300515.SB01,US785592AX43,,USD
B.20300515.SB02,B.20300515.SB02,US52532XAF24,,USD
B.20300515.SB08,B.20300515.SB08,US68389XBD66,,USD
B.20300515.SB09,B.20300515.SB09,US928563AF20,,USD
B.20300515.SB10,B.20300515.SB10,US009158BC97,,USD
B.20300515.SB11,B.20300515.SB11,US294429AS42,,USD
B.20300515.SB13,B.20300515.SB13,US68233JBU79,,USD
B.20300515.SB15,B.20300515.SB15,US459200KJ94,,USD
B.20300515.SB16,B.20300515.SB16,US37940XAD49,,USD
B.20300515.SB21,B.20300515.SB21,US608190AL88,,USD
B.20300515.SB23,B.20300515.SB23,US540424AT59,,USD
B.20300515.SB25,B.20300515.SB25,US341081GP62,,USD
B.20300515.SB28,B.20300515.SB28,US98978VAS25,,USD
B.20300515.SB32,B.20300515.SB32,US02079KAK34,,USD
B.20300515.SB40,B.20300515.SB40,US189054AX72,,USD
B.20300519.SB01,B.20300519.SB01,US716973AD41,,USD
B.20300519.SB02,B.20300519.SB02,US980236AT06,,USD
B.20300520.SB02,B.20300520.SB02,US075887CJ64,,USD
B.20300522.SB01,B.20300522.SB01,US60687YBX67,,USD
B.20300530.SB00,B.20300530.SB00,US521865BB05,,USD
B.20300531.SB01,B.20300531.SB01,US55354LAB53,,USD
B.20300601.SB01,B.20300601.SB01,US035240AV25,,USD
B.20300601.SB03,B.20300601.SB03,US191216CV08,,USD
B.20300601.SB06,B.20300601.SB06,US65339KBR05,,USD
B.20300601.SB09,B.20300601.SB09,US26441CBH79,,USD
B.20300601.SB10,B.20300601.SB10,US101137BA41,,USD
B.20300601.SB11,B.20300601.SB11,US670346AS43,,USD
B.20300601.SB12,B.20300601.SB12,US313747BA44,,USD
B.20300601.SB13,B.20300601.SB13,US487836BX58,,USD
B.20300601.SB16,B.20300601.SB16,US929160AZ21,,USD
B.20300601.SB17,B.20300601.SB17,US690742AK72,,USD
B.20300601.SB19,B.20300601.SB19,US038222AN54,,USD
B.20300601.SB24,B.20300601.SB24,US26442EAH36,,USD
B.20300601.SB29,B.20300601.SB29,US670346AZ85,,USD
B.20300603.SB02,B.20300603.SB02,US023135BS49,,USD
B.20300603.SB06,B.20300603.SB06,US89115KAB61,,USD
B.20300604.GB00,B.20300604.GB00,XS2829208599,,USD
B.20300604.SB02,B.20300604.SB02,US00846UAM36,,USD
B.20300605.SB02,B.20300605.SB02,US24422EYE30,,USD
B.20300605.SB03,B.20300605.SB03,US40440VAZ85,,USD
B.20300610.SB01,B.20300610.SB01,US345397D427,,USD
B.20300614.SB00,B.20300614.SB00,US46647PDF09,,USD
B.20300615.SB00,B.20300615.SB00,US25156PAC77,,USD
B.20300615.SB03,B.20300615.SB03,US512807AV02,,USD
B.20300615.SB05,B.20300615.SB05,US863667AY70,,USD
B.20300615.SB06,B.20300615.SB06,US45866FAK03,,USD
B.20300615.SB07,B.20300615.SB07,US31620RAJ41,,USD
B.20300615.SB08,B.20300615.SB08,US759351AP49,,USD
B.20300615.SB19,B.20300615.SB19,US559222AV67,,USD
B.20300615.SB23,B.20300615.SB23,US539830BP37,,USD
B.20300615.SB24,B.20300615.SB24,US74251VAS16,,USD
B.20300615.SB29,B.20300615.SB29,US032654BE47,,USD
B.20300615.SB31,B.20300615.SB31,US03027XBC39,,USD
B.20300615.SB32,B.20300615.SB32,US26444HAJ05,,USD
B.20300620.SB00,B.20300620.SB00,US06738EBK01,,USD
B.20300622.SB00,B.20300622.SB00,US92556VAD82,,USD
B.20300630.SB04,B.20300630.SB04,US74834LBB53,,USD
B.20300630.SB06,B.20300630.SB06,US002824BQ25,,USD
B.20300630.SB07,B.20300630.SB07,US776743AJ55,,USD
B.20300701.SB10,B.20300701.SB10,US11120VAJ26,,USD
B.20300701.SB11,B.20300701.SB11,US74340XBZ33,,USD
B.20300701.SB17,B.20300701.SB17,US961214GC13,,USD
B.20300710.SB02,B.20300710.SB02,US247361A329,,USD
B.20300713.GB01,B.20300713.GB01,US900123DJ66,,USD
B.20300715.SB08,B.20300715.SB08,US674599EA94,,USD
B.20300715.SB15,B.20300715.SB15,US46124HAD89,,USD
B.20300715.SB32,B.20300715.SB32,US573874AR57,,USD
B.20300715.SB33,B.20300715.SB33,US666807CN04,,USD
B.20300723.SB00,B.20300723.SB00,US06051GHV41,,USD
B.20300723.SB01,B.20300723.SB01,US38141GB292,,USD
B.20300728.SB01,B.20300728.SB01,US316773DG20,,USD
B.20300801.SB02,B.20300801.SB02,US35671DCH61,,USD
B.20300801.SB16,B.20300801.SB16,US205887CK64,,USD
B.20300802.SB00,B.20300802.SB00,US78016HZZ62,,USD
B.20300802.SB01,B.20300802.SB01,US87165BAV53,,USD
B.20300806.SB00,B.20300806.SB00,US046353AW81,,USD
B.20300815.SB06,B.20300815.SB06,US02079KAD90,,USD
B.20300815.SB10,B.20300815.SB10,US723787AQ06,,USD
B.20300815.SB11,B.20300815.SB11,US86944BAG86,,USD
B.20300815.SB16,B.20300815.SB16,US744573AQ91,,USD
B.20300815.SB18,B.20300815.SB18,US126117AW05,,USD
B.20300815.SB20,B.20300815.SB20,US25245BAC19,,USD
B.20300815.SB21,B.20300815.SB21,US00206RMX79,,USD
B.20300815.SB25,B.20300815.SB25,US720198AE09,,USD
B.20300817.MO00,B.20300817.MO00,USL2660VAA37,,USD
B.20300821.SB00,B.20300821.SB00,US126650DN71,,USD
B.20300901.GB04,B.20300901.GB04,XS3072231809,,USD
B.20300901.SB05,B.20300901.SB05,US81762PAE25,,USD
B.20300901.SB10,B.20300901.SB10,US053015AF05,,USD
B.20300901.SB14,B.20300901.SB14,US20268JAY91,,USD
B.20300907.SB00,B.20300907.SB00,US718172DD84,,USD
B.20300909.SB01,B.20300909.SB01,US38147UAF49,,USD
B.20300911.SB00,B.20300911.SB00,US13607PHS65,,USD
B.20300915.SB06,B.20300915.SB06,US695114CW67,,USD
B.20300915.SB10,B.20300915.SB10,US010392FU79,,USD
B.20300915.SB11,B.20300915.SB11,US44107TAZ93,,USD
B.20300916.GB00,B.20300916.GB00,XS3114901336,,USD
B.20300918.SB00,B.20300918.SB00,US92343VFL36,,USD
B.20300923.SB02,B.20300923.SB02,US871829BU06,,USD
B.20300926.GB00,B.20300926.GB00,XS3101499187,,USD
B.20301001.SB09,B.20301001.SB09,US74762EAF97,,USD
B.20301001.SB11,B.20301001.SB11,US403949AC48,,USD
B.20301001.SB14,B.20301001.SB14,US008513AA19,,USD
B.20301001.SB15,B.20301001.SB15,US15189YAF34,,USD
B.20301001.SB20,B.20301001.SB20,US574599BP01,,USD
B.20301014.SB00,B.20301014.SB00,US83192PAA66,,USD
B.20301015.SB04,B.20301015.SB04,US913903AW04,,USD
B.20301015.SB10,B.20301015.SB10,US30225VAP22,,USD
B.20301015.SB19,B.20301015.SB19,US291011BN38,,USD
B.20301015.SB20,B.20301015.SB20,US23331ABT51,,USD
B.20301022.SB00,B.20301022.SB00,US06051GHX07,,USD
B.20301101.SB03,B.20301101.SB03,US892356AA40,,USD
B.20301101.SB06,B.20301101.SB06,US87161CAP05,,USD
B.20301106.GB00,B.20301106.GB00,US105756CM05,,USD
B.20301113.GB02,B.20301113.GB02,USY5325QAJ14,,USD
B.20301115.SB07,B.20301115.SB07,US571748BN17,,USD
B.20301115.SB17,B.20301115.SB17,US92277GAV95,,USD
B.20301115.SB19,B.20301115.SB19,US30303MAB81,,USD
B.20301115.SB25,B.20301115.SB25,US04351LAD29,,USD
B.20301120.SB01,B.20301120.SB01,US023135CT13,,USD
B.20301212.SB00,B.20301212.SB00,US452327AR08,,USD
B.20301215.SB01,B.20301215.SB01,US111021AE12,,USD
B.20301215.SB04,B.20301215.SB04,US29364WBE75,,USD
B.20301215.SB07,B.20301215.SB07,US020002BJ95,,USD
B.20301215.SB12,B.20301215.SB12,US718546AW42,,USD
B.20310108.SB00,B.20310108.SB00,US37045XDE31,,USD
B.20310112.GB00,B.20310112.GB00,XS3267899840,,USD
B.20310113.GB00,B.20310113.GB00,XS2974968161,,USD
B.20310113.SB04,B.20310113.SB04,US89158TAA79,,USD
B.20310113.SB05,B.20310113.SB05,US13607PVQ44,,USD
B.20310115.GB01,B.20310115.GB01,XS3204248440,,USD
B.20310115.SB11,B.20310115.SB11,US20030NDM02,,USD
B.20310115.SB13,B.20310115.SB13,US86964WAJ18,,USD
B.20310115.SB14,B.20310115.SB14,US04686JAC53,,USD
B.20310115.SB16,B.20310115.SB16,US501044DQ10,,USD
B.20310115.SB18,B.20310115.SB18,US466313AK92,,USD
B.20310115.SB19,B.20310115.SB19,US169905AG19,,USD
B.20310115.SB23,B.20310115.SB23,US682680BE21,,USD
B.20310115.SB31,B.20310115.SB31,US361841AQ25,,USD
B.20310115.SB32,B.20310115.SB32,US534187BK40,,USD
B.20310115.SB42,B.20310115.SB42,US40408AAA97,,USD
B.20310115.SB45,B.20310115.SB45,US476556DL69,,USD
B.20310115.SB51,B.20310115.SB51,US50249AAQ67,,USD
B.20310115.SB52,B.20310115.SB52,US29379VCK70,,USD
B.20310115.SB54,B.20310115.SB54,US756109AX24,,USD
B.20310115.SB55,B.20310115.SB55,US828807EB93,,USD
B.20310115.SB58,B.20310115.SB58,US023608AJ15,,USD
B.20310118.SB00,B.20310118.SB00,US233835AQ08,,USD
B.20310122.SB00,B.20310122.SB00,US6174468L62,,USD
B.20310124.SB03,B.20310124.SB03,US95000U3P60,,USD
B.20310130.SB03,B.20310130.SB03,US10112RBD52,,USD
B.20310201.SB11,B.20310201.SB11,US097023DC69,,USD
B.20310201.SB12,B.20310201.SB12,US92936UAG40,,USD
B.20310201.SB14,B.20310201.SB14,US110122DY15,,USD
B.20310201.SB17,B.20310201.SB17,US02401LAA26,,USD
B.20310208.SB00,B.20310208.SB00,US037833ED89,,USD
B.20310208.SB02,B.20310208.SB02,US009158BJ41,,USD
B.20310209.SB00,B.20310209.SB00,US01609WAX02,,USD
B.20310211.SB03,B.20310211.SB03,US06406RCB15,,USD
B.20310212.SB03,B.20310212.SB03,US91159HJT86,,USD
B.20310213.SB00,B.20310213.SB00,US06051GHZ54,,USD
B.20310213.SB01,B.20310213.SB01,US718172DH98,,USD
B.20310214.SB00,B.20310214.SB00,US06418GAQ01,,USD
B.20310215.SB24,B.20310215.SB24,US776743AL02,,USD
B.20310215.SB42,B.20310215.SB42,US87264ACB98,,USD
B.20310215.SB44,B.20310215.SB44,US760759AX86,,USD
B.20310215.SB45,B.20310215.SB45,US096630AH15,,USD
B.20310215.SB48,B.20310215.SB48,US231021AZ96,,USD
B.20310215.SB55,B.20310215.SB55,US29250NCN30,,USD
B.20310220.SB01,B.20310220.SB01,US277432BB57,,USD
B.20310301.SB01,B.20310301.SB01,US35177PAL13,,USD
B.20310301.SB09,B.20310301.SB09,US31620MBT27,,USD
B.20310301.SB10,B.20310301.SB10,US636180BR19,,USD
B.20310301.SB14,B.20310301.SB14,US23338VAM81,,USD
B.20310301.SB19,B.20310301.SB19,US958667AH04,,USD
B.20310301.SB22,B.20310301.SB22,US883556DC34,,USD
B.20310303.SB02,B.20310303.SB02,US303901BJ06,,USD
B.20310303.SB03,B.20310303.SB03,US404280ER67,,USD
B.20310305.SB00,B.20310305.SB00,US174610BJ37,,USD
B.20310305.SB14,B.20310305.SB14,US191216DK34,,USD
B.20310309.SB00,B.20310309.SB00,US686330AN18,,USD
B.20310310.SB01,B.20310310.SB01,US31620MCE49,,USD
B.20310312.SB00,B.20310312.SB00,US00846UAN19,,USD
B.20310312.SB04,B.20310312.SB04,US09261HBZ91,,USD
B.20310312.SB05,B.20310312.SB05,US418056BB29,,USD
B.20310313.SB02,B.20310313.SB02,US83444MAQ42,,USD
B.20310313.SB03,B.20310313.SB03,US023135DD51,,USD
B.20310315.SB07,B.20310315.SB07,US720186AN51,,USD
B.20310315.SB08,B.20310315.SB08,US03073EAT29,,USD
B.20310315.SB10,B.20310315.SB10,US94106LBP31,,USD
B.20310315.SB12,B.20310315.SB12,US437076CF79,,USD
B.20310315.SB13,B.20310315.SB13,US67103HAK32,,USD
B.20310315.SB15,B.20310315.SB15,US036752AP88,,USD
B.20310315.SB17,B.20310315.SB17,US125523CM05,,USD
B.20310315.SB21,B.20310315.SB21,US30040WAL28,,USD
B.20310315.SB24,B.20310315.SB24,US75513ECV11,,USD
B.20310315.SB25,B.20310315.SB25,US49271VAU44,,USD
B.20310315.SB27,B.20310315.SB27,US048303CJ83,,USD
B.20310315.SB28,B.20310315.SB28,US29365TAK07,,USD
B.20310315.SB29,B.20310315.SB29,US875127BH45,,USD
B.20310315.SB37,B.20310315.SB37,US58933YBX22,,USD
B.20310315.SB38,B.20310315.SB38,US373334LA78,,USD
B.20310315.SB39,B.20310315.SB39,US52107QAL95,,USD
B.20310315.SB41,B.20310315.SB41,US002824BS80,,USD
B.20310316.SB00,B.20310316.SB00,US43849RAE53,,USD
B.20310316.SB01,B.20310316.SB01,US009066AD31,,USD
B.20310318.GB01,B.20310318.GB01,US105756CG37,,USD
B.20310321.SB01,B.20310321.SB01,US89236TLZ65,,USD
B.20310322.GB01,B.20310322.GB01,US91087BBJ89,,USD
B.20310324.SB03,B.20310324.SB03,US873923AE65,,USD
B.20310325.SB01,B.20310325.SB01,US68389XCE31,,USD
B.20310331.SB00,B.20310331.SB00,US172967MP39,,USD
B.20310401.SB06,B.20310401.SB06,US548661EA10,,USD
B.20310401.SB07,B.20310401.SB07,US071813CB37,,USD
B.20310401.SB08,B.20310401.SB08,US161175BU77,,USD
B.20310401.SB10,B.20310401.SB10,US928881AF82,,USD
B.20310401.SB12,B.20310401.SB12,US12505BAE02,,USD
B.20310401.SB14,B.20310401.SB14,US037735CZ84,,USD
B.20310401.SB15,B.20310401.SB15,US15189XAV01,,USD
B.20310401.SB16,B.20310401.SB16,US404119CT49,,USD
B.20310415.SB03,B.20310415.SB03,US571903BG74,,USD
B.20310415.SB06,B.20310415.SB06,US22003BAM81,,USD
B.20310415.SB07,B.20310415.SB07,US11271LAH50,,USD
B.20310415.SB16,B.20310415.SB16,US80281LAV71,,USD
B.20310415.SB22,B.20310415.SB22,US444859CA81,,USD
B.20310421.SB01,B.20310421.SB01,US120568BN93,,USD
B.20310501.SB04,B.20310501.SB04,US29670GAF90,,USD
B.20310502.SB00,B.20310502.SB00,US78017DAH17,,USD
B.20310512.SB00,B.20310512.SB00,US023135BZ81,,USD
B.20310513.SB01,B.20310513.SB01,US46647PBP09,,USD
B.20310515.SB06,B.20310515.SB06,US91324PED06,,USD
B.20310515.SB25,B.20310515.SB25,US084659BD28,,USD
B.20310515.SB32,B.20310515.SB32,US30303MAF95,,USD
B.20310517.GB00,B.20310517.GB00,XS2408477797,,USD
B.20310522.GB00,B.20310522.GB00,US900123DV94,,USD
B.20310523.SB01,B.20310523.SB01,US639057AV00,,USD
B.20310524.SB00,B.20310524.SB00,US620076BU23,,USD
B.20310525.SB01,B.20310525.SB01,US11133TAE38,,USD
B.20310527.SB00,B.20310527.SB00,US60687YCR80,,USD
B.20310601.SB07,B.20310601.SB07,US00206RJY99,,USD
B.20310601.SB09,B.20310601.SB09,US50540RAY80,,USD
B.20310601.SB21,B.20310601.SB21,US03040WAY12,,USD
B.20310601.SB29,B.20310601.SB29,US70450YAV56,,USD
B.20310603.SB00,B.20310603.SB00,US172967MS77,,USD
B.20310604.SB00,B.20310604.SB00,US404280CH04,,USD
B.20310615.SB11,B.20310615.SB11,US29364GAP81,,USD
B.20310615.SB13,B.20310615.SB13,US45167RAH75,,USD
B.20310615.SB14,B.20310615.SB14,US29103DAT37,,USD
B.20310615.SB15,B.20310615.SB15,US637432NX94,,USD
B.20310615.SB16,B.20310615.SB16,US92343EAM49,,USD
B.20310615.SB19,B.20310615.SB19,US45687VAE65,,USD
B.20310615.SB22,B.20310615.SB22,US744448CV12,,USD
B.20310615.SB24,B.20310615.SB24,US718547AU68,,USD
B.20310615.SB25,B.20310615.SB25,US08576BAB80,,USD
B.20310615.SB27,B.20310615.SB27,US744538AE99,,USD
B.20310615.SB29,B.20310615.SB29,US05724BAM19,,USD
B.20310615.SB30,B.20310615.SB30,US60744MAB28,,USD
B.20310617.SB02,B.20310617.SB02,US24422EVS52,,USD
B.20310617.SB03,B.20310617.SB03,US40434LAJ44,,USD
B.20310701.SB04,B.20310701.SB04,US207597EN17,,USD
B.20310710.SB00,B.20310710.SB00,US02665WFL00,,USD
B.20310715.SB06,B.20310715.SB06,US22822VAY74,,USD
B.20310715.SB13,B.20310715.SB13,US05964HBG92,,USD
B.20310715.SB14,B.20310715.SB14,US02666TAC18,,USD
B.20310715.SB20,B.20310715.SB20,US84615QAA13,,USD
B.20310718.SB01,B.20310718.SB01,US61776NVG59,,USD
B.20310723.SB00,B.20310723.SB00,US06051GJF72,,USD
B.20310801.SB04,B.20310801.SB04,US21036PBH01,,USD
B.20310801.SB06,B.20310801.SB06,US681919BD76,,USD
B.20310805.MO00,B.20310805.MO00,USP17625AD98,,USD
B.20310806.SB00,B.20310806.SB00,US78017DAM02,,USD
B.20310809.SB01,B.20310809.SB01,US87162WAK62,,USD
B.20310812.SB01,B.20310812.SB01,US458140BU38,,USD
B.20310815.SB06,B.20310815.SB06,US90265EAR18,,USD
B.20310815.SB07,B.20310815.SB07,US31847RAH57,,USD
B.20310815.SB12,B.20310815.SB12,US46188BAA08,,USD
B.20310901.SB04,B.20310901.SB04,US29359UAC36,,USD
B.20310901.SB05,B.20310901.SB05,US75513ECM12,,USD
B.20310902.SB00,B.20310902.SB00,US78081BAN38,,USD
B.20310912.GB00,B.20310912.GB00,US105756CE88,,USD
B.20310915.SB00,B.20310915.SB00,US674599DE26,,USD
B.20310915.SB06,B.20310915.SB06,US714046AN96,,USD
B.20310915.SB14,B.20310915.SB14,US79466LAS34,,USD
B.20310916.SB00,B.20310916.SB00,US47837RAD26,,USD
B.20310922.GB00,B.20310922.GB00,XS2388586401,,USD
B.20310929.SB00,B.20310929.SB00,US423452AG66,,USD
B.20310930.SB00,B.20310930.SB00,US25179SAD27,,USD
B.20311001.SB05,B.20311001.SB05,US032654AV70,,USD
B.20311004.SB00,B.20311004.SB00,US00440KAC71,,USD
B.20311015.SB04,B.20311015.SB04,US50155QAL41,,USD
B.20311015.SB09,B.20311015.SB09,US47233JGT97,,USD
B.20311015.SB11,B.20311015.SB11,US42824CBU27,,USD
B.20311030.SB01,B.20311030.SB01,US14040HDC60,,USD
B.20311115.SB13,B.20311115.SB13,US927804GE83,,USD
B.20311115.SB14,B.20311115.SB14,US98388MAC10,,USD
B.20311115.SB22,B.20311115.SB22,US67078AAE38,,USD
B.20311124.SB00,B.20311124.SB00,US98956PAV40,,USD
B.20311201.SB07,B.20311201.SB07,US91913YBC30,,USD
B.20311201.SB10,B.20311201.SB10,US862121AD28,,USD
B.20311201.SB16,B.20311201.SB16,US03831WAC29,,USD
B.20311214.SB00,B.20311214.SB00,US871829BQ93,,USD
B.20311215.SB01,B.20311215.SB01,US052769AH94,,USD
B.20311215.SB09,B.20311215.SB09,US17136MAA09,,USD
B.20320105.SB00,B.20320105.SB00,US191216DP21,,USD
B.20320112.SB00,B.20320112.SB00,US10373QBT67,,USD
B.20320114.SB00,B.20320114.SB00,US251526CF47,,USD
B.20320115.SB02,B.20320115.SB02,US87612BBU52,,USD
B.20320115.SB09,B.20320115.SB09,US95040QAP90,,USD
B.20320115.SB12,B.20320115.SB12,US34355JAB44,,USD
B.20320115.SB15,B.20320115.SB15,US65339KBZ21,,USD
B.20320115.SB16,B.20320115.SB16,US00914AAS15,,USD
B.20320115.SB17,B.20320115.SB17,US46590XAU00,,USD
B.20320115.SB26,B.20320115.SB26,US74762EAH53,,USD
B.20320115.SB27,B.20320115.SB27,US031162CZ14,,USD
B.20320115.SB28,B.20320115.SB28,US57636QBB95,,USD
B.20320115.SB29,B.20320115.SB29,US20826FBK12,,USD
B.20320115.SB30,B.20320115.SB30,US86562MDT45,,USD
B.20320115.SB33,B.20320115.SB33,US91324PFH01,,USD
B.20320115.SB34,B.20320115.SB34,US136385AC52,,USD
B.20320122.GB00,B.20320122.GB00,US105756CK49,,USD
B.20320122.SB00,B.20320122.SB00,US65535HBA68,,USD
B.20320129.SB00,B.20320129.SB00,US316773DL15,,USD
B.20320130.SB00,B.20320130.SB00,US00774MAX39,,USD
B.20320130.SB02,B.20320130.SB02,US89115A3G59,,USD
B.20320131.SB00,B.20320131.SB00,US16411QAN16,,USD
B.20320201.MO07,B.20320201.MO07,XS3261834314,,USD
B.20320201.SB00,B.20320201.SB00,US00206RKH48,,USD
B.20320201.SB03,B.20320201.SB03,US845467AT68,,USD
B.20320201.SB06,B.20320201.SB06,US835495AP77,,USD
B.20320201.SB08,B.20320201.SB08,US828807DT11,,USD
B.20320201.SB09,B.20320201.SB09,US837004BV11,,USD
B.20320201.SB20,B.20320201.SB20,US071813CS61,,USD
B.20320203.SB03,B.20320203.SB03,US68389XCZ69,,USD
B.20320204.SB02,B.20320204.SB02,US902133AY31,,USD
B.20320212.GB00,B.20320212.GB00,US900123DP27,,USD
B.20320214.SB00,B.20320214.SB00,US855244BC24,,USD
B.20320214.SB01,B.20320214.SB01,US907818FX12,,USD
B.20320215.SB15,B.20320215.SB15,US59523UAW71,,USD
B.20320215.SB17,B.20320215.SB17,US09581JAS50,,USD
B.20320215.SB18,B.20320215.SB18,US756109CE25,,USD
B.20320215.SB24,B.20320215.SB24,US04316JAM18,,USD
B.20320215.SB25,B.20320215.SB25,US222793AB73,,USD
B.20320215.SB26,B.20320215.SB26,US62954HAJ77,,USD
B.20320216.SB01,B.20320216.SB01,US90261AAH59,,USD
B.20320221.SB00,B.20320221.SB00,US055451BK37,,USD
B.20320224.SB01,B.20320224.SB01,US427866BM92,,USD
B.20320224.SB02,B.20320224.SB02,US17275RBY71,,USD
B.20320225.SB00,B.20320225.SB00,US09247XAS09,,USD
B.20320301.SB03,B.20320301.SB03,US05329RAA14,,USD
B.20320301.SB04,B.20320301.SB04,US30040WAP32,,USD
B.20320301.SB05,B.20320301.SB05,US72147KAH14,,USD
B.20320301.SB12,B.20320301.SB12,US478160DK72,,USD
B.20320303.SB00,B.20320303.SB00,US808513CA10,,USD
B.20320312.SB00,B.20320312.SB00,US67077MBF41,,USD
B.20320312.SB01,B.20320312.SB01,US61747YGB56,,USD
B.20320314.SB00,B.20320314.SB00,US76720AAT34,,USD
B.20320315.SB00,B.20320315.SB00,US852060AT99,,USD
B.20320315.SB01,B.20320315.SB01,US36962GXZ26,,USD
B.20320315.SB03,B.20320315.SB03,US962166BR41,,USD
B.20320315.SB07,B.20320315.SB07,US876030AA54,,USD
B.20320315.SB09,B.20320315.SB09,US655844CM86,,USD
B.20320315.SB11,B.20320315.SB11,US404119CK30,,USD
B.20320315.SB14,B.20320315.SB14,US038336AA11,,USD
B.20320315.SB15,B.20320315.SB15,US92343VGN82,,USD
B.20320315.SB17,B.20320315.SB17,US775109CH22,,USD
B.20320315.SB20,B.20320315.SB20,US797440CB87,,USD
B.20320315.SB21,B.20320315.SB21,US010392FX19,,USD
B.20320315.SB22,B.20320315.SB22,US845011AE58,,USD
B.20320315.SB24,B.20320315.SB24,US084664DA63,,USD
B.20320315.SB31,B.20320315.SB31,US12572QAK13,,USD
B.20320315.SB35,B.20320315.SB35,US743315AZ61,,USD
B.20320315.SB39,B.20320315.SB39,US00130HCM51,,USD
B.20320315.SB40,B.20320315.SB40,US745310AN24,,USD
B.20320315.SB41,B.20320315.SB41,US03770DAF06,,USD
B.20320315.SB44,B.20320315.SB44,US42307TAG31,,USD
B.20320316.SB01,B.20320316.SB01,US56501RAN61,,USD
B.20320317.SB00,B.20320317.SB00,US609207BB05,,USD
B.20320317.SB02,B.20320317.SB02,US64110DAM65,,USD
B.20320401.SB03,B.20320401.SB03,US10112RBE36,,USD
B.20320401.SB06,B.20320401.SB06,US548661EH62,,USD
B.20320401.SB13,B.20320401.SB13,US49446RAZ29,,USD
B.20320401.SB15,B.20320401.SB15,US871607AD97,,USD
B.20320401.SB17,B.20320401.SB17,US24703TAN63,,USD
B.20320401.SB18,B.20320401.SB18,US11120VAN38,,USD
B.20320404.SB01,B.20320404.SB01,US37045XFG60,,USD
B.20320413.SB02,B.20320413.SB02,US686330AP65,,USD
B.20320414.GB00,B.20320414.GB00,XS2446175577,,USD
B.20320415.SB03,B.20320415.SB03,US11135FBU49,,USD
B.20320415.SB08,B.20320415.SB08,US29444UBU97,,USD
B.20320415.SB17,B.20320415.SB17,US02666TAE73,,USD
B.20320415.SB18,B.20320415.SB18,US866677AH07,,USD
B.20320415.SB23,B.20320415.SB23,US704326AB35,,USD
B.20320415.SB25,B.20320415.SB25,US637432NY77,,USD
B.20320422.SB01,B.20320422.SB01,US06051GJT76,,USD
B.20320422.SB04,B.20320422.SB04,US46647PCC86,,USD
B.20320423.SB03,B.20320423.SB03,US857477DF72,,USD
B.20320512.SB01,B.20320512.SB01,US037833FA32,,USD
B.20320513.SB00,B.20320513.SB00,US87971MBW29,,USD
B.20320513.SB01,B.20320513.SB01,US03076CAL00,,USD
B.20320515.SB01,B.20320515.SB01,US036752AT01,,USD
B.20320515.SB02,B.20320515.SB02,US925650AD55,,USD
B.20320515.SB12,B.20320515.SB12,US898813AU40,,USD
B.20320518.SB01,B.20320518.SB01,US015271AW93,,USD
B.20320520.SB01,B.20320520.SB01,US74949LAE20,,USD
B.20320520.SB03,B.20320520.SB03,US747525BP77,,USD
B.20320520.SB04,B.20320520.SB04,US747525BV46,,USD
B.20320529.GB01,B.20320529.GB01,US900123DQ00,,USD
B.20320530.SB00,B.20320530.SB00,US581557BX22,,USD
B.20320601.SB03,B.20320601.SB03,US98388MAD92,,USD
B.20320601.SB04,B.20320601.SB04,US92940PAF18,,USD
B.20320601.SB05,B.20320601.SB05,US053807AV56,,USD
B.20320606.GB00,B.20320606.GB00,US71567RAV87,,USD
B.20320608.SB01,B.20320608.SB01,US46817MAS61,,USD
B.20320615.SB05,B.20320615.SB05,US745867AM30,,USD
B.20320615.SB09,B.20320615.SB09,US37959EAB83,,USD
B.20320615.SB10,B.20320615.SB10,US694308KG17,,USD
B.20320615.SB16,B.20320615.SB16,US26884ABQ58,,USD
B.20320615.SB19,B.20320615.SB19,US751212AD31,,USD
B.20320701.SB02,B.20320701.SB02,US01748TAC53,,USD
B.20320702.GB00,B.20320702.GB00,US91087BBE92,,USD
B.20320709.SB00,B.20320709.SB00,US02665WGF23,,USD
B.20320715.SB11,B.20320715.SB11,US482480AL46,,USD
B.20320715.SB26,B.20320715.SB26,US75884RBD44,,USD
B.20320717.GB00,B.20320717.GB00,US900123DL13,,USD
B.20320723.SB01,B.20320723.SB01,US174610BH70,,USD
B.20320808.SB01,B.20320808.SB01,US615369AZ82,,USD
B.20320815.SB01,B.20320815.SB01,US30303M8H84,,USD
B.20320815.SB02,B.20320815.SB02,US26441CBT18,,USD
B.20320815.SB03,B.20320815.SB03,US969457BZ28,,USD
B.20320815.SB12,B.20320815.SB12,US194162AP89,,USD
B.20320815.SB13,B.20320815.SB13,US210518DP81,,USD
B.20320816.SB00,B.20320816.SB00,US303901BL51,,USD
B.20320901.SB03,B.20320901.SB03,US02361DAY67,,USD
B.20320915.SB01,B.20320915.SB01,US117043AU39,,USD
B.20320915.SB10,B.20320915.SB10,US125523CY43,,USD
B.20320922.GB00,B.20320922.GB00,XS2574267261,,USD
B.20320930.SB00,B.20320930.SB00,US976656CN66,,USD
B.20321001.SB04,B.20321001.SB04,US15189XAZ15,,USD
B.20321001.SB07,B.20321001.SB07,US743820AG70,,USD
B.20321015.SB02,B.20321015.SB02,US036752AW30,,USD
B.20321015.SB04,B.20321015.SB04,US842587DL81,,USD
B.20321015.SB05,B.20321015.SB05,US571903BF91,,USD
B.20321015.SB17,B.20321015.SB17,US682680DB63,,USD
B.20321019.SB00,B.20321019.SB00,US05526DBX21,,USD
B.20321020.SB00,B.20321020.SB00,US61747YEH45,,USD
B.20321021.SB00,B.20321021.SB00,US38141GYN86,,USD
B.20321025.GB00,B.20321025.GB00,XS2548892020,,USD
B.20321101.SB00,B.20321101.SB00,US842400HT35,,USD
B.20321101.SB05,B.20321101.SB05,US00206RNB41,,USD
B.20321105.SB00,B.20321105.SB00,US66989HAZ10,,USD
B.20321109.SB02,B.20321109.SB02,US68389XCJ28,,USD
B.20321115.SB12,B.20321115.SB12,US02079KAX54,,USD
B.20321115.SB15,B.20321115.SB15,US717081FE83,,USD
B.20321115.SB16,B.20321115.SB16,US37940XAX03,,USD
B.20321116.GB00,B.20321116.GB00,US857524AE20,,USD
B.20321117.SB00,B.20321117.SB00,US718172CX57,,USD
B.20321122.SB00,B.20321122.SB00,US404280CY37,,USD
B.20321215.SB02,B.20321215.SB02,US06368BGS16,,USD
B.20321215.SB04,B.20321215.SB04,US040555DE14,,USD
B.20330109.SB00,B.20330109.SB00,US37045XED49,,USD
B.20330113.SB03,B.20330113.SB03,US89158TAB52,,USD
B.20330115.SB03,B.20330115.SB03,US87264ACV52,,USD
B.20330115.SB04,B.20330115.SB04,US694308KJ55,,USD
B.20330115.SB06,B.20330115.SB06,US62954HBB33,,USD
B.20330115.SB10,B.20330115.SB10,US94106BAF85,,USD
B.20330115.SB16,B.20330115.SB16,US55336VCB45,,USD
B.20330115.SB22,B.20330115.SB22,US92343VHF40,,USD
B.20330117.GB00,B.20330117.GB00,XS2571923007,,USD
B.20330119.GB00,B.20330119.GB00,US900123DG28,,USD
B.20330121.SB00,B.20330121.SB00,US61747YEL56,,USD
B.20330125.SB00,B.20330125.SB00,US17327CAQ69,,USD
B.20330201.SB00,B.20330201.SB00,US015271AV11,,USD
B.20330204.GB00,B.20330204.GB00,US105756CP36,,USD
B.20330206.SB00,B.20330206.SB00,US68389XCP87,,USD
B.20330210.SB00,B.20330210.SB00,US458140CG35,,USD
B.20330213.SB00,B.20330213.SB00,US10373QBU31,,USD
B.20330215.SB03,B.20330215.SB03,US91324PER91,,USD
B.20330215.SB14,B.20330215.SB14,US89681LAC63,,USD
B.20330215.SB16,B.20330215.SB16,US02079KBL08,,USD
B.20330222.GB00,B.20330222.GB00,USP3579ECN50,,USD
B.20330227.SB00,B.20330227.SB00,US532457CF35,,USD
B.20330228.SB01,B.20330228.SB01,US65339KCP30,,USD
B.20330301.SB03,B.20330301.SB03,US444859BV38,,USD
B.20330301.SB04,B.20330301.SB04,US209111GE76,,USD
B.20330302.SB00,B.20330302.SB00,US95000U2U64,,USD
B.20330302.SB01,B.20330302.SB01,US337738BE73,,USD
B.20330302.SB02,B.20330302.SB02,US031162DR88,,USD
B.20330303.SB00,B.20330303.SB00,US911312BZ82,,USD
B.20330303.SB01,B.20330303.SB01,US04636NAH61,,USD
B.20330303.SB02,B.20330303.SB02,US892938AA96,,USD
B.20330306.SB01,B.20330306.SB01,US278058DY59,,USD
B.20330308.SB01,B.20330308.SB01,US29250NBR52,,USD
B.20330309.SB02,B.20330309.SB02,US76720AAN63,,USD
B.20330313.SB00,B.20330313.SB00,US023135DE35,,USD
B.20330315.SB08,B.20330315.SB08,US896239AE08,,USD
B.20330315.SB09,B.20330315.SB09,US25278XAV10,,USD
B.20330315.SB11,B.20330315.SB11,US30161NBK63,,USD
B.20330315.SB13,B.20330315.SB13,US87612GAC50,,USD
B.20330315.SB30,B.20330315.SB30,US260543DG52,,USD
B.20330315.SB33,B.20330315.SB33,US969457CJ76,,USD
B.20330315.SB36,B.20330315.SB36,US002824BT63,,USD
B.20330315.SB37,B.20330315.SB37,US79466LAT17,,USD
B.20330316.SB01,B.20330316.SB01,US43849RAF29,,USD
B.20330317.SB00,B.20330317.SB00,US172967NN71,,USD
B.20330318.SB01,B.20330318.SB01,US66989HBH03,,USD
B.20330322.GB00,B.20330322.GB00,US91087BBK52,,USD
B.20330323.SB00,B.20330323.SB00,US051473AE62,,USD
B.20330327.SB00,B.20330327.SB00,US026874DS37,,USD
B.20330329.SB00,B.20330329.SB00,US370334CT90,,USD
B.20330330.SB00,B.20330330.SB00,US58507LBC28,,USD
B.20330331.GB01,B.20330331.GB01,XS3328007797,,USD
B.20330401.SB00,B.20330401.SB00,US92345YAH99,,USD
B.20330401.SB03,B.20330401.SB03,US958667AE72,,USD
B.20330401.SB04,B.20330401.SB04,US46590XAY22,,USD
B.20330401.SB06,B.20330401.SB06,US341081GL58,,USD
B.20330401.SB13,B.20330401.SB13,US42824CCE75,,USD
B.20330419.SB00,B.20330419.SB00,US606822CG75,,USD
B.20330420.GB00,B.20330420.GB00,US195325EF88,,USD
B.20330430.SB01,B.20330430.SB01,US92840VBB71,,USD
B.20330507.SB00,B.20330507.SB00,US806854AP08,,USD
B.20330511.SB00,B.20330511.SB00,US0778FPAL33,,USD
B.20330515.SB06,B.20330515.SB06,US29736RAT77,,USD
B.20330515.SB10,B.20330515.SB10,US30303M8N52,,USD
B.20330515.SB12,B.20330515.SB12,US20030NEE76,,USD
B.20330515.SB13,B.20330515.SB13,US50249AAL70,,USD
B.20330515.SB18,B.20330515.SB18,US263534CR89,,USD
B.20330515.SB19,B.20330515.SB19,US30303MAG78,,USD
B.20330517.SB00,B.20330517.SB00,US58933YBK01,,USD
B.20330517.SB01,B.20330517.SB01,US373334KT78,,USD
B.20330519.GB00,B.20330519.GB00,US91087BAT70,,USD
B.20330519.SB01,B.20330519.SB01,US716973AE24,,USD
B.20330522.GB00,B.20330522.GB00,XS2626274463,,USD
B.20330601.SB01,B.20330601.SB01,US49326EEN94,,USD
B.20330601.SB02,B.20330601.SB02,US49456BAX91,,USD
B.20330601.SB05,B.20330601.SB05,US00108WAR16,,USD
B.20330601.SB06,B.20330601.SB06,US126650DY37,,USD
B.20330601.SB07,B.20330601.SB07,US842434CZ32,,USD
B.20330606.SB00,B.20330606.SB00,US693475BE43,,USD
B.20330612.SB01,B.20330612.SB01,US91911TAR41,,USD
B.20330612.SB02,B.20330612.SB02,US636274AE20,,USD
B.20330613.SB01,B.20330613.SB01,US06406RBH93,,USD
B.20330614.SB01,B.20330614.SB01,US11259NAA28,,USD
B.20330615.SB04,B.20330615.SB04,US92940PAG90,,USD
B.20330615.SB11,B.20330615.SB11,US501889AF63,,USD
B.20330615.SB18,B.20330615.SB18,US67066GAS30,,USD
B.20330630.SB01,B.20330630.SB01,US718547AR30,,USD
B.20330705.SB01,B.20330705.SB01,US256677AP01,,USD
B.20330707.GB00,B.20330707.GB00,XS3068594129,,USD
B.20330708.SB00,B.20330708.SB00,US86562MDZ05,,USD
B.20330715.SB03,B.20330715.SB03,US87264ACY91,,USD
B.20330715.SB05,B.20330715.SB05,US69047QAC69,,USD
B.20330715.SB08,B.20330715.SB08,US756109BT03,,USD
B.20330715.SB11,B.20330715.SB11,US59156RCE62,,USD
B.20330715.SB12,B.20330715.SB12,US03027XCD03,,USD
B.20330715.SB19,B.20330715.SB19,US84615QAC78,,USD
B.20330718.GB00,B.20330718.GB00,XS2577135127,,USD
B.20330720.SB00,B.20330720.SB00,US61747YEU55,,USD
B.20330727.GB00,B.20330727.GB00,US168863DT21,,USD
B.20330728.SB00,B.20330728.SB00,US89788NAA81,,USD
B.20330731.SB00,B.20330731.SB00,US502431AQ20,,USD
B.20330801.SB02,B.20330801.SB02,US816851BR98,,USD
B.20330801.SB11,B.20330801.SB11,US422806AB58,,USD
B.20330804.SB00,B.20330804.SB00,US857477BV41,,USD
B.20330804.SB01,B.20330804.SB01,US09951LAC72,,USD
B.20330808.SB00,B.20330808.SB00,US05964HAV78,,USD
B.20330810.SB00,B.20330810.SB00,US92343VEA89,,USD
B.20330810.SB02,B.20330810.SB02,US883556CX89,,USD
B.20330814.SB00,B.20330814.SB00,US58013MFV19,,USD
B.20330815.SB01,B.20330815.SB01,US927804GM00,,USD
B.20330901.SB01,B.20330901.SB01,US682680BL63,,USD
B.20330901.SB03,B.20330901.SB03,US29366WAD83,,USD
B.20330908.SB02,B.20330908.SB02,US055451BE76,,USD
B.20330911.SB00,B.20330911.SB00,US10373QBV14,,USD
B.20330915.SB03,B.20330915.SB03,US26441CBZ77,,USD
B.20330915.SB14,B.20330915.SB14,US21871XAR08,,USD
B.20330915.SB16,B.20330915.SB16,US8426EPAG30,,USD
B.20330920.GB00,B.20330920.GB00,US900123DD96,,USD
B.20330928.GB00,B.20330928.GB00,XS2384701020,,USD
B.20331004.GB00,B.20331004.GB00,US731011AV42,,USD
B.20331013.SB00,B.20331013.SB00,US35137LAN55,,USD
B.20331015.SB01,B.20331015.SB01,US375558BZ59,,USD
B.20331015.SB02,B.20331015.SB02,US744573AX43,,USD
B.20331015.SB03,B.20331015.SB03,US461070AU86,,USD
B.20331018.SB00,B.20331018.SB00,US61747YEY77,,USD
B.20331020.GB00,B.20331020.GB00,US105756CF53,,USD
B.20331028.SB00,B.20331028.SB00,US89788MAK80,,USD
B.20331101.SB01,B.20331101.SB01,US02209SBR31,,USD
B.20331101.SB04,B.20331101.SB04,US053332BH40,,USD
B.20331102.SB00,B.20331102.SB00,US06738ECE32,,USD
B.20331115.SB04,B.20331115.SB04,US110122DZ89,,USD
B.20331115.SB05,B.20331115.SB05,US049560AZ81,,USD
B.20331115.SB07,B.20331115.SB07,US68233JCS15,,USD
B.20331115.SB08,B.20331115.SB08,US883203CD15,,USD
B.20331115.SB12,B.20331115.SB12,US30036FAC59,,USD
B.20331117.SB00,B.20331117.SB00,US172967PA33,,USD
B.20331130.SB00,B.20331130.SB00,US74834LBD10,,USD
B.20331201.SB02,B.20331201.SB02,US29273VAU44,,USD
B.20331207.SB00,B.20331207.SB00,US053484AE16,,USD
B.20331215.SB02,B.20331215.SB02,US760759BH28,,USD
B.20331215.SB04,B.20331215.SB04,US87264ADV44,,USD
B.20340105.SB00,B.20340105.SB00,US89236TLM52,,USD
B.20340113.GB00,B.20340113.GB00,US922646BL74,,USD
B.20340115.GB00,B.20340115.GB00,US715638DU38,,USD
B.20340115.SB09,B.20340115.SB09,US08576PAQ46,,USD
B.20340115.SB11,B.20340115.SB11,US74340XCH26,,USD
B.20340115.SB24,B.20340115.SB24,US595620AX34,,USD
B.20340115.SB25,B.20340115.SB25,US210385AD21,,USD
B.20340116.GB00,B.20340116.GB00,XS2747599095,,USD
B.20340126.SB00,B.20340126.SB00,US857477CA94,,USD
B.20340129.MO00,B.20340129.MO00,XS3285368620,,USD
B.20340129.SB00,B.20340129.SB00,US742718GG89,,USD
B.20340130.GB00,B.20340130.GB00,XS2756521303,,USD
B.20340131.GB00,B.20340131.GB00,US168863DV76,,USD
B.20340131.SB00,B.20340131.SB00,US883556DB50,,USD
B.20340201.GB00,B.20340201.GB00,XS2895056013,,USD
B.20340201.GB01,B.20340201.GB01,XS2895056955,,USD
B.20340201.SB01,B.20340201.SB01,US14040HCY99,,USD
B.20340201.SB02,B.20340201.SB02,US161175CP73,,USD
B.20340201.SB05,B.20340201.SB05,US494553AE00,,USD
B.20340201.SB12,B.20340201.SB12,US30225VAS60,,USD
B.20340202.GB00,B.20340202.GB00,US195325EG61,,USD
B.20340202.SB02,B.20340202.SB02,US06418GAZ00,,USD
B.20340205.SB00,B.20340205.SB00,US449276AE42,,USD
B.20340206.GB00,B.20340206.GB00,XS3197741732,,USD
B.20340209.GB00,B.20340209.GB00,US91087BBQ23,,USD
B.20340209.SB00,B.20340209.SB00,US532457CL03,,USD
B.20340212.GB00,B.20340212.GB00,US91087BAR15,,USD
B.20340213.SB01,B.20340213.SB01,US718172DJ54,,USD
B.20340215.SB01,B.20340215.SB01,US00206RMT67,,USD
B.20340215.SB02,B.20340215.SB02,US63111XAJ00,,USD
B.20340215.SB05,B.20340215.SB05,US125523CV04,,USD
B.20340215.SB06,B.20340215.SB06,US03027XCH17,,USD
B.20340215.SB08,B.20340215.SB08,US04316JAF66,,USD
B.20340215.SB09,B.20340215.SB09,US14149YBP25,,USD
B.20340215.SB10,B.20340215.SB10,US260543DJ91,,USD
B.20340215.SB11,B.20340215.SB11,US539830CA58,,USD
B.20340215.SB20,B.20340215.SB20,US695114DD77,,USD
B.20340216.SB00,B.20340216.SB00,US713466AD26,,USD
B.20340226.SB00,B.20340226.SB00,US17275RBT86,,USD
B.20340301.SB00,B.20340301.SB00,US89352HAM16,,USD
B.20340301.SB05,B.20340301.SB05,US03740MAD20,,USD
B.20340301.SB08,B.20340301.SB08,US23338VAV80,,USD
B.20340301.SB13,B.20340301.SB13,US74456QCQ73,,USD
B.20340305.SB02,B.20340305.SB02,US872652AA01,,USD
B.20340308.SB02,B.20340308.SB02,US345397E664,,USD
B.20340309.SB00,B.20340309.SB00,US404280DV88,,USD
B.20340311.SB00,B.20340311.SB00,US960386AR16,,USD
B.20340315.GB02,B.20340315.GB02,US105756CH10,,USD
B.20340315.SB03,B.20340315.SB03,US842587DT18,,USD
B.20340315.SB04,B.20340315.SB04,US75513ECW93,,USD
B.20340315.SB05,B.20340315.SB05,US694308KP16,,USD
B.20340315.SB07,B.20340315.SB07,US00287YDU01,,USD
B.20340315.SB09,B.20340315.SB09,US65163LAR06,,USD
B.20340315.SB12,B.20340315.SB12,US171239AK24,,USD
B.20340315.SB13,B.20340315.SB13,US902494BM45,,USD
B.20340315.SB14,B.20340315.SB14,US337738BL17,,USD
B.20340315.SB17,B.20340315.SB17,US25179MBL63,,USD
B.20340321.SB02,B.20340321.SB02,US134429BP34,,USD
B.20340401.SB00,B.20340401.SB00,US00115AAR05,,USD
B.20340401.SB01,B.20340401.SB01,US037735DB08,,USD
B.20340401.SB02,B.20340401.SB02,US785931AA40,,USD
B.20340401.SB03,B.20340401.SB03,US404119CU12,,USD
B.20340401.SB04,B.20340401.SB04,US29717PBA49,,USD
B.20340405.SB02,B.20340405.SB02,US032095AQ41,,USD
B.20340411.SB00,B.20340411.SB00,US24422EXP95,,USD
B.20340414.SB00,B.20340414.SB00,US47233WEJ45,,USD
B.20340415.SB00,B.20340415.SB00,US11135FCT66,,USD
B.20340415.SB02,B.20340415.SB02,US16411RAN98,,USD
B.20340415.SB05,B.20340415.SB05,US91324PFB31,,USD
B.20340415.SB06,B.20340415.SB06,US620076BZ10,,USD
B.20340421.SB00,B.20340421.SB00,US61747YFE05,,USD
B.20340424.SB00,B.20340424.SB00,US95000U3D31,,USD
B.20340425.SB00,B.20340425.SB00,US06051GLH01,,USD
B.20340501.SB02,B.20340501.SB02,US097023DS12,,USD
B.20340515.GB01,B.20340515.GB01,US900123DK30,,USD
B.20340515.SB06,B.20340515.SB06,US092113AW94,,USD
B.20340515.SB07,B.20340515.SB07,US744448CZ26,,USD
B.20340519.SB00,B.20340519.SB00,US808513CE32,,USD
B.20340520.SB00,B.20340520.SB00,US50212YAK01,,USD
B.20340521.SB00,B.20340521.SB00,US12636YAE23,,USD
B.20340525.SB00,B.20340525.SB00,US17327CAR43,,USD
B.20340527.SB00,B.20340527.SB00,US60687YCT47,,USD
B.20340601.SB01,B.20340601.SB01,US46647PDR47,,USD
B.20340601.SB02,B.20340601.SB02,US666807CL48,,USD
B.20340601.SB03,B.20340601.SB03,US55336VBX73,,USD
B.20340601.SB04,B.20340601.SB04,US126650ED80,,USD
B.20340601.SB08,B.20340601.SB08,US059165ER77,,USD
B.20340604.GB00,B.20340604.GB00,XS2829208169,,USD
B.20340608.SB00,B.20340608.SB00,US89788MAP77,,USD
B.20340611.SB00,B.20340611.SB00,US115236AG61,,USD
B.20340612.SB00,B.20340612.SB00,US91159HJN17,,USD
B.20340612.SB01,B.20340612.SB01,US24422EXU80,,USD
B.20340615.SB04,B.20340615.SB04,US036752AZ60,,USD
B.20340615.SB05,B.20340615.SB05,US12621EAM57,,USD
B.20340615.SB07,B.20340615.SB07,US219207AC11,,USD
B.20340615.SB08,B.20340615.SB08,US29390XAA28,,USD
B.20340615.SB09,B.20340615.SB09,US59156RAJ77,,USD
B.20340617.SB01,B.20340617.SB01,US03938LBG86,,USD
B.20340625.SB00,B.20340625.SB00,US437076DE95,,USD
B.20340627.SB00,B.20340627.SB00,US06738ECH62,,USD
B.20340701.SB01,B.20340701.SB01,US92277GAX51,,USD
B.20340701.SB02,B.20340701.SB02,US44107TBB17,,USD
B.20340705.SB01,B.20340705.SB01,US874060BK18,,USD
B.20340715.SB02,B.20340715.SB02,US71845JAB44,,USD
B.20340721.SB00,B.20340721.SB00,US61747YFG52,,USD
B.20340724.SB00,B.20340724.SB00,US961214EF61,,USD
B.20340725.SB00,B.20340725.SB00,US95000U3F88,,USD
B.20340812.SB00,B.20340812.SB00,US904764BV84,,USD
B.20340814.SB00,B.20340814.SB00,US191216DY38,,USD
B.20340815.SB06,B.20340815.SB06,US30303M8U95,,USD
B.20340815.SB07,B.20340815.SB07,US12505BAG59,,USD
B.20340819.SB00,B.20340819.SB00,US67103HAN70,,USD
B.20340901.SB01,B.20340901.SB01,US22822VBG59,,USD
B.20340902.SB00,B.20340902.SB00,US78081BAR42,,USD
B.20340909.SB00,B.20340909.SB00,US053015AH60,,USD
B.20340910.SB01,B.20340910.SB01,US00774MBM64,,USD
B.20340910.SB02,B.20340910.SB02,US127387AP39,,USD
B.20340911.SB00,B.20340911.SB00,US456837BH52,,USD
B.20340912.SB02,B.20340912.SB02,US980236AR40,,USD
B.20340915.SB00,B.20340915.SB00,US06051GLU12,,USD
B.20340915.SB02,B.20340915.SB02,US90353TAP57,,USD
B.20340918.GB00,B.20340918.GB00,US731011AY80,,USD
B.20340918.SB00,B.20340918.SB00,US136375DR05,,USD
B.20340927.SB00,B.20340927.SB00,US68389XCT00,,USD
B.20341015.SB04,B.20341015.SB04,US293791AP47,,USD
B.20341023.SB00,B.20341023.SB00,US95000U3H45,,USD
B.20341023.SB01,B.20341023.SB01,US46647PDY97,,USD
B.20341024.SB00,B.20341024.SB00,US38141GA534,,USD
B.20341025.SB00,B.20341025.SB00,US06406RBU05,,USD
B.20341028.MO00,B.20341028.MO00,US760942BE11,,USD
B.20341101.SB01,B.20341101.SB01,US857477BF90,,USD
B.20341101.SB03,B.20341101.SB03,US61747YFJ91,,USD
B.20341102.SB00,B.20341102.SB00,US254709AT53,,USD
B.20341113.SB00,B.20341113.SB00,US404280EC98,,USD
B.20341119.SB01,B.20341119.SB01,US172967PN53,,USD
B.20341122.SB00,B.20341122.SB00,US09261HBW60,,USD
B.20341201.SB07,B.20341201.SB07,US20268JAS24,,USD
B.20341206.SB00,B.20341206.SB00,US092914AA83,,USD
B.20341209.GB00,B.20341209.GB00,XS2948512913,,USD
B.20350103.GB00,B.20350103.GB00,US900123DN78,,USD
B.20350105.SB00,B.20350105.SB00,US53944YAX13,,USD
B.20350107.SB00,B.20350107.SB00,US37045XFC56,,USD
B.20350113.GB00,B.20350113.GB00,XS2974969482,,USD
B.20350115.SB00,B.20350115.SB00,US33767BAH24,,USD
B.20350115.SB06,B.20350115.SB06,US57636QBC78,,USD
B.20350115.SB07,B.20350115.SB07,US744533BR07,,USD
B.20350117.SB00,B.20350117.SB00,US05964HBK05,,USD
B.20350118.SB00,B.20350118.SB00,US61747YFL48,,USD
B.20350123.SB00,B.20350123.SB00,US46647PEC68,,USD
B.20350123.SB01,B.20350123.SB01,US95000U3K73,,USD
B.20350123.SB03,B.20350123.SB03,US06051GMA49,,USD
B.20350123.SB04,B.20350123.SB04,US91159HJR21,,USD
B.20350201.GB01,B.20350201.GB01,XS2895056369,,USD
B.20350201.GB02,B.20350201.GB02,XS2895057177,,USD
B.20350209.GB00,B.20350209.GB00,US91087BAV27,,USD
B.20350212.GB00,B.20350212.GB00,US857524AH50,,USD
B.20350213.SB00,B.20350213.SB00,US172967PG03,,USD
B.20350214.GB00,B.20350214.GB00,US698299BT07,,USD
B.20350215.SB04,B.20350215.SB04,US740816AR46,,USD
B.20350301.SB00,B.20350301.SB00,US02364WAJ45,,USD
B.20350301.SB07,B.20350301.SB07,US438516CS39,,USD
B.20350304.SB00,B.20350304.SB00,US404280EE54,,USD
B.20350314.SB00,B.20350314.SB00,US74432QCK94,,USD
B.20350315.GB00,B.20350315.GB00,US105756CL22,,USD
B.20350315.SB09,B.20350315.SB09,US00287YEA38,,USD
B.20350315.SB11,B.20350315.SB11,US25746UDX46,,USD
B.20350315.SB12,B.20350315.SB12,US88579YBR18,,USD
B.20350315.SB13,B.20350315.SB13,US52532XAL91,,USD
B.20350315.SB14,B.20350315.SB14,US571748CC43,,USD
B.20350315.SB17,B.20350315.SB17,US927804GT52,,USD
B.20350324.GB00,B.20350324.GB00,XS2908633683,,USD
B.20350330.SB00,B.20350330.SB00,US13645RBK95,,USD
B.20350401.SB06,B.20350401.SB06,US24703TAP12,,USD
B.20350402.SB00,B.20350402.SB00,US92343VGZ13,,USD
B.20350415.SB03,B.20350415.SB03,US377372AQ02,,USD
B.20350415.SB06,B.20350415.SB06,US87612EBT29,,USD
B.20350415.SB07,B.20350415.SB07,US797440CG74,,USD
B.20350419.SB00,B.20350419.SB00,US61747YFR18,,USD
B.20350422.SB00,B.20350422.SB00,US46647PEH55,,USD
B.20350424.SB00,B.20350424.SB00,US113004AA39,,USD
B.20350425.SB00,B.20350425.SB00,US38141GA955,,USD
B.20350425.SB01,B.20350425.SB01,US025816DR72,,USD
B.20350428.SB00,B.20350428.SB00,US931142FP35,,USD
B.20350515.SB01,B.20350515.SB01,US00206RCP55,,USD
B.20350515.SB06,B.20350515.SB06,US20030NEP24,,USD
B.20350615.SB12,B.20350615.SB12,US36266GAC15,,USD
B.20350615.SB14,B.20350615.SB14,US30161NAQ43,,USD
B.20350615.SB15,B.20350615.SB15,US375558CC55,,USD
B.20350615.SB16,B.20350615.SB16,US72650RBQ48,,USD
B.20350615.SB17,B.20350615.SB17,US26442EAM21,,USD
B.20350701.SB02,B.20350701.SB02,US74464AAD37,,USD
B.20350715.SB04,B.20350715.SB04,US11135FCM14,,USD
B.20350722.SB00,B.20350722.SB00,US46647PEK84,,USD
B.20350723.SB00,B.20350723.SB00,US38141GB375,,USD
B.20350726.SB00,B.20350726.SB00,US02005NBV10,,USD
B.20350726.SB01,B.20350726.SB01,US025816DW67,,USD
B.20350730.SB01,B.20350730.SB01,US55261FAZ71,,USD
B.20350801.SB01,B.20350801.SB01,US92764MAB00,,USD
B.20350803.SB00,B.20350803.SB00,US68389XDA00,,USD
B.20350807.SB00,B.20350807.SB00,US48251WAB00,,USD
B.20350812.SB00,B.20350812.SB00,US03769MAE66,,USD
B.20350815.SB03,B.20350815.SB03,US824348BW54,,USD
B.20350901.SB00,B.20350901.SB00,US55354GAR11,,USD
B.20350905.SB00,B.20350905.SB00,US319626AA55,,USD
B.20350906.SB00,B.20350906.SB00,US7591EPAV24,,USD
B.20350909.GB00,B.20350909.GB00,XS3174822646,,USD
B.20350911.SB01,B.20350911.SB01,US251526CY36,,USD
B.20350911.SB02,B.20350911.SB02,US754730AJ81,,USD
B.20350915.SB06,B.20350915.SB06,US58933YBS37,,USD
B.20350916.GB00,B.20350916.GB00,US900123DR82,,USD
B.20350922.GB00,B.20350922.GB00,US91087BBL36,,USD
B.20350926.GB01,B.20350926.GB01,XS3101499260,,USD
B.20351015.SB08,B.20351015.SB08,US548661EX13,,USD
B.20351015.SB10,B.20351015.SB10,US89115KAJ97,,USD
B.20351028.GB00,B.20351028.GB00,USP3579ECZ80,,USD
B.20351115.SB04,B.20351115.SB04,US30303MAD48,,USD
B.20351115.SB06,B.20351115.SB06,US02079KAY38,,USD
B.20351115.SB08,B.20351115.SB08,US37940XAY85,,USD
B.20351120.SB01,B.20351120.SB01,US023135CV68,,USD
B.20351126.SB00,B.20351126.SB00,US12527GAL77,,USD
B.20351204.SB01,B.20351204.SB01,US58933YBZ79,,USD
B.20351214.SB00,B.20351214.SB00,US92826CAE21,,USD
B.20351215.SB01,B.20351215.SB01,US254687EB89,,USD
B.20360105.GB00,B.20360105.GB00,US168863DZ80,,USD
B.20360106.SB00,B.20360106.SB00,US822905AQ86,,USD
B.20360115.SB07,B.20360115.SB07,US92343VHG23,,USD
B.20360115.SB08,B.20360115.SB08,US78017TAB98,,USD
B.20360115.SB09,B.20360115.SB09,US26875PAZ45,,USD
B.20360124.SB00,B.20360124.SB00,US06051GMM86,,USD
B.20360127.GB00,B.20360127.GB00,US718286DK05,,USD
B.20360128.SB00,B.20360128.SB00,US38141GC449,,USD
B.20360130.SB00,B.20360130.SB00,US14040HDJ14,,USD
B.20360130.SB01,B.20360130.SB01,US025816DZ98,,USD
B.20360201.GB00,B.20360201.GB00,XS2895056526,,USD
B.20360201.SB00,B.20360201.SB00,US035242AM81,,USD
B.20360313.SB00,B.20360313.SB00,US023135DF00,,USD
B.20360315.SB07,B.20360315.SB07,US79466LAU89,,USD
B.20360318.SB00,B.20360318.SB00,US66989HBJ68,,USD
B.20360326.GB00,B.20360326.GB00,XS2744128369,,USD
B.20360327.SB00,B.20360327.SB00,US17327CBA09,,USD
B.20360330.GB00,B.20360330.GB00,US715638FC12,,USD
B.20360414.GB01,B.20360414.GB01,US857524AK89,,USD
B.20360415.SB02,B.20360415.SB02,US30212PBM68,,USD
B.20360417.SB00,B.20360417.SB00,US61747YGA73,,USD
B.20360422.SB00,B.20360422.SB00,US46647PEX06,,USD
B.20360424.SB00,B.20360424.SB00,US606822DL51,,USD
B.20360507.GB00,B.20360507.GB00,US91087BAZ31,,USD
B.20360516.GB00,B.20360516.GB00,XS3114897633,,USD
B.20360522.GB00,B.20360522.GB00,US105756CQ19,,USD
B.20360605.SB00,B.20360605.SB00,US151290CD37,,USD
B.20360615.SB02,B.20360615.SB02,US67066GAT13,,USD
B.20360624.GB00,B.20360624.GB00,US718286DN44,,USD
B.20360624.SB00,B.20360624.SB00,US84265VAK17,,USD
B.20360704.GB01,B.20360704.GB01,XS3307981491,,USD
B.20360723.SB00,B.20360723.SB00,US46647PFC59,,USD
B.20360815.SB01,B.20360815.SB01,US446150AX20,,USD
B.20360921.SB00,B.20360921.SB00,US06051GKC23,,USD
B.20361103.SB00,B.20361103.SB00,US91159HJB78,,USD
B.20361104.GB00,B.20361104.GB00,US900123DS65,,USD
B.20361107.GB00,B.20361107.GB00,US195325EP60,,USD
B.20361118.SB00,B.20361118.SB00,US961214EX77,,USD
B.20361119.GB00,B.20361119.GB00,XS2908172260,,USD
B.20370110.SB00,B.20370110.SB00,US06368DH723,,USD
B.20370113.GB01,B.20370113.GB01,US168863EE43,,USD
B.20370121.SB01,B.20370121.SB01,US38145GAS93,,USD
B.20370214.MO00,B.20370214.MO00,US760942BH42,,USD
B.20370308.SB00,B.20370308.SB00,US06051GKL22,,USD
B.20370315.GB01,B.20370315.GB01,USP3579ECW59,,USD
B.20370331.GB00,B.20370331.GB00,XS3328007870,,USD
B.20370420.SB00,B.20370420.SB00,US61747YES00,,USD
B.20370504.SB00,B.20370504.SB00,US06417XAG60,,USD
B.20370513.GB00,B.20370513.GB00,US91087BBC37,,USD
B.20370521.SB00,B.20370521.SB00,US174610BE40,,USD
B.20370602.SB00,B.20370602.SB00,US06368MS705,,USD
B.20370827.GB00,B.20370827.GB00,US91087BBT61,,USD
B.20371211.GB00,B.20371211.GB00,XS3250317354,,USD
B.20380114.GB00,B.20380114.GB00,US900123DU12,,USD
B.20380129.GB01,B.20380129.GB01,US91087BBF67,,USD
B.20380209.GB00,B.20380209.GB00,US91087BBR06,,USD
B.20380331.GB00,B.20380331.GB00,USP97475AJ95,,USD
B.20380517.GB00,B.20380517.GB00,USP3579EDB04,,USD
B.20390129.MO00,B.20390129.MO00,XS3283442112,,USD
B.20390721.SB00,B.20390721.SB00,US06406YAB83,,USD
B.20410202.SB00,B.20410202.SB00,US38145GAU40,,USD
B.20410303.SB00,B.20410303.SB00,US86562MEK27,,USD
B.20420307.GB00,B.20420307.GB00,US168863DY16,,USD
B.20460706.GB00,B.20460706.GB00,US718286CP01,,USD
B.20480915.SB00,B.20480915.SB00,US744320BF81,,USD
B.20501001.SB00,B.20501001.SB00,US744320BH48,,USD
B.20501201.SB00,B.20501201.SB00,US125896BV12,,USD
B.20510921.GB01,B.20510921.GB01,XS2388586583,,USD
B.20520212.GB00,B.20520212.GB00,US91087BAS97,,USD
B.20520420.GB00,B.20520420.GB00,US836205BE37,,USD
B.20521215.SB00,B.20521215.SB00,US21871XAP42,,USD
B.20530118.GB00,B.20530118.GB00,XS2577136109,,USD
B.20530404.GB00,B.20530404.GB00,US731011AW25,,USD
B.20530504.GB00,B.20530504.GB00,US91087BAX82,,USD
B.20540116.GB00,B.20540116.GB00,XS2747599509,,USD
B.20540318.GB00,B.20540318.GB00,US731011AZ55,,USD
B.20540507.GB00,B.20540507.GB00,US91087BBA70,,USD
B.20540513.GB00,B.20540513.GB00,US105756CJ75,,USD
B.20540808.GB00,B.20540808.GB00,US715638EC21,,USD
B.20540901.SB00,B.20540901.SB00,US65339KCW80,,USD
B.20540901.SB01,B.20540901.SB01,US26441CCG87,,USD
B.20541001.SB04,B.20541001.SB04,US816851BS71,,USD
B.20541119.GB00,B.20541119.GB00,XS2917537875,,USD
B.20541130.SB00,B.20541130.SB00,US65473PAR64,,USD
B.20541201.SB00,B.20541201.SB00,US29364GAQ64,,USD
B.20541215.SB00,B.20541215.SB00,US025537AZ40,,USD
B.20550201.SB02,B.20550201.SB02,US25746UDT34,,USD
B.20550315.SB01,B.20550315.SB01,US29250NCG88,,USD
B.20550315.SB06,B.20550315.SB06,US59156RCQ92,,USD
B.20550315.SB09,B.20550315.SB09,US842587EB90,,USD
B.20550401.SB02,B.20550401.SB02,US816851BU28,,USD
B.20550513.GB00,B.20550513.GB00,US91087BBD10,,USD
B.20550515.SB03,B.20550515.SB03,US25746UDV89,,USD
B.20550628.SB00,B.20550628.SB00,US04686JAM36,,USD
B.20550815.SB01,B.20550815.SB01,US65339KDE73,,USD
B.20550923.GB00,B.20550923.GB00,XS3101499773,,USD
B.20551211.GB00,B.20551211.GB00,XS3250317867,,USD
B.20551215.SB01,B.20551215.SB01,US826418BR51,,USD
B.20560112.GB00,B.20560112.GB00,US105756CN87,,USD
B.20560112.GB01,B.20560112.GB01,XS3267899923,,USD
B.20560209.GB00,B.20560209.GB00,US91087BBS88,,USD
B.20560315.SB00,B.20560315.SB00,US02557TAE91,,USD
B.20560315.SB02,B.20560315.SB02,US718547AZ55,,USD
B.20560414.GB00,B.20560414.GB00,US857524AL62,,USD
B.20561203.SB00,B.20561203.SB00,US98389BBF67,,USD
B.20580401.SB00,B.20580401.SB00,US842587EJ27,,USD
B.20630119.MO00,B.20630119.MO00,US698299BS24,,USD
B.2264.16,MORINAGA MILK,JP392680AJ96,,
B.2264.20,MORINAGA MILK,JP392680AQ63,,
B.2282.17,NH FOODS LTD,JP374300BR10,,
B.2433.2,HAKUHODO DY,JP376655BQA5,,
B.2502.2001,ASAHI GROUP HOLDINGS LTD,JP311600BP37,,
B.2502.2301,ASAHI GROUP HOLDINGS LTD,JP311600BP94,,
B.2502.2501,ASAHI GROUP HOLDINGS LTD,JP311600BQA9,,
B.2503.13,KIRIN HOLDINGS CO,JP325800BK97,,
B.2503.25,KIRIN HOLDINGS CO,JP325800AR59,,
B.2503.28,KIRIN HOLDINGS CO,JP325800DR56,,
B.2544.4103,SUNTORY HOLDINGS LTD,JP333657AR73,,
B.2579.301,COCA-COLA BOTTLERS JAPAN,JP329320CK99,,
B.2593.3,ITO EN LTD,JP314300AQ26,,
B.2602.4104,NISSHIN OILLIO GROUP,JP367720BRA6,,
B.2802.30,AJINOMOTO CO,JP311960AQ98,,
B.2802.32,AJINOMOTO CO,JP311960CQ96,,
B.2802.33,AJINOMOTO CO,JP311960DQ95,,
B.2871.4103,NICHIREI CORPORATION,JP366520ARA3,,
B.2897.4103,NISSIN FOOD PRODUCTS,JP367560AS43,,
B.2897.4104,NISSIN FOOD PRODUCTS,JP367560BS42,,
B.2914.13,JAPAN TOBACCO INC,JP372680BJ97,,
B.3003.14,HULIC CO,JP336080BQ40,,
B.3099.6,ISETAN MITSUKOSHI HLDGS,JP389490BH85,,
B.3101.44,TOYOBO CO LTD,JP361980AP33,,
B.3231.15,NOMURA REAL ESTATE HLDGS,JP376290AM21,,
B.3270.23,MORI BUILDING CO,JP392690AJ52,,
B.3270.27,MORI BUILDING CO,JP392690AQ79,,
B.3289.20,TOKYU FUDOSAN HOLDINGS,JP356920AK72,,
B.3289.21,TOKYU FUDOSAN HOLDINGS,JP356920BK71,,
B.3289.29,TOKYU FUDOSAN HOLDINGS,JP356920AP69,,
B.3295.4,HULIC REIT,JP304766AJ80,,
B.3382.15,SEVEN & I HOLDINGS,JP342295CLC6,,
B.3382.17,SEVEN & I HOLDINGS,JP342295APB3,,
B.3382.19,SEVEN & I HOLDINGS,JP342295DPB7,,
B.3402.33,TORAY INDUSTRIES INC,JP362100BJ74,,
B.3407.12,ASAHI KASEI CORP,JP311120BK90,,
B.3407.23,ASAHI KASEI CORP,JP311120BPC6,,
B.3407.25,ASAHI KASEI CORP,JP311120DPC2,,
B.3407.27,ASAHI KASEI CORP,JP311120BQC4,,
B.3407.29,ASAHI KASEI CORP,JP311120DQC0,,
B.3485.4,CHUO NIPPON LAND BUILDIN,JP373920BJA1,,
B.3861.34,OJI HOLDINGS CORP,JP317441BJ19,,
B.3861.38,OJI HOLDINGS CORP,JP317441BK73,,
B.3863.15,NIPPON PAPER INDUSTRIES,JP372160AM92,,
B.3941.27,RENGO CO LTD,JP398140BKC1,,
B.3941.31,RENGO CO LTD,JP398140APC2,,
B.4004.3,RESONAC HOLDINGS CORP,JP336800CP64,,
B.4004.35,RESONAC HOLDINGS CORP,JP336800DMC7,,
B.4005.52,SUMITOMO CHEMICAL CO,JP340140AG92,,
B.4005.56,SUMITOMO CHEMICAL CO,JP340140BH90,,
B.4005.60,SUMITOMO CHEMICAL CO,JP340140AK47,,
B.4005.61,SUMITOMO CHEMICAL CO,JP340140BK46,,
B.4005.65,SUMITOMO CHEMICAL CO,JP340140AMA2,,
B.4091.401,NIPPON SANSO HOLDINGS,JP371160BP82,,
B.4091.501,NIPPON SANSO HOLDINGS,JP371160CP81,,
B.4182.24,MITSUBISHI GAS CHEM CO,JP389680APA2,,
B.4183.48,MITSUI CHEMICALS INC,JP388830BJ68,,
B.4183.58,MITSUI CHEMICALS INC,JP388830BQ36,,
B.4188.29,MITSUBISHI CHEM GROUP,JP389770AK58,,
B.4188.33,MITSUBISHI CHEM GROUP,JP389770BL23,,
B.4188.34,MITSUBISHI CHEM GROUP,JP389770CL22,,
B.4188.37,MITSUBISHI CHEM GROUP,JP389770CL63,,
B.4188.42,MITSUBISHI CHEM GROUP,JP389770CM62,,
B.4202.17,DAICEL CORP,JP348580DLC3,,
B.4208.21,UBE CORP,JP315880BPB3,,
B.4272.5,NIPPON KAYAKU CO LTD,JP369440AR38,,
B.4324.3,DENTSU INC,JP355152CJA1,,
B.4324.6,DENTSU GROUP INC,JP355152CL70,,
B.4452.4103,KAO CORPORATION,JP320580AR98,,
B.4502.16,TAKEDA PHARMACEUTICAL,JP346300AMA6,,
B.4503.4,ASTELLAS PHARMA INC,JP394240BP88,,
B.4503.5,ASTELLAS PHARMA INC,JP394240AQ96,,
B.4568.4103,DAIICHI SANKYO CO LTD,JP347535ARA5,,
B.4568.4104,DAIICHI SANKYO CO LTD,JP347535BRA3,,
B.4568.4105,DAIICHI SANKYO CO LTD,JP347535CRA1,,
B.4568.4106,DAIICHI SANKYO CO LTD,JP347535DRA9,,
B.4578.4,OTSUKA HOLDINGS CO LTD,JP318822AQ91,,
B.4613.11,KANSAI PAINT,JP322940BQ81,,
B.4631.48,DIC CORP,JP349340CM91,,
B.4631.50,DIC CORP,JP349340AP41,,
B.4661.18,ORIENTAL LAND CO LTD,JP319890CL99,,
B.4661.23,ORIENTAL LAND CO LTD,JP319890BQ87,,
B.4661.24,ORIENTAL LAND CO LTD,JP319890CQ86,,
B.4661.4105,ORIENTAL LAND CO LTD,JP319890CRA4,,
B.4689.25,LY CORP,JP393380BQ97,,
B.4689.4104,LY CORP,JP393380BR70,,
B.4689.4105,LY CORP,JP393380AS70,,
B.4689.4106,LY CORP,JP393380BS79,,
B.4689.4107,LY CORP,JP393380CS78,,
B.4755.13,RAKUTEN GROUP INC,JP396720DK69,,
B.4901.21,FUJIFILM HOLDINGS CORP,JP381400BQ72,,
B.4901.22,FUJIFILM HOLDINGS CORP,JP381400CQ71,,
B.4901.23,FUJIFILM HOLDINGS CORP,JP381400DQ70,,
B.4901.26,FUJIFILM HOLDINGS CORP,JP381400CR62,,
B.4901.4104,FUJIFILM HOLDINGS CORP,JP381400BS62,,
B.4902.9,KONICA MINOLTA INC,JP330060BQ39,,
B.5019.14,IDEMITSU KOSAN L,JP314250BM78,,
B.5021.1,COSMO ENERGY HLD,JP329800AP53,,
B.5105.4,TOYO TIRE & RUBBER CO,JP361060BP92,,
B.5201.201,AGC INC/JAPAN,JP311200AP65,,
B.5201.401,AGC INC/JAPAN,JP311200AQ98,,
B.5214.12,NIPPON ELECTRIC GLASS,JP373340AM28,,
B.5232.20,SUMITOMO OSAKA CEMENT CO,JP340090AQ74,,
B.5233.27,TAIHEIYO CEMENT CORP,JP344902BJA5,,
B.5333.7,NGK CORP,JP369520AMC7,,
B.5401.9,NIPPON STEEL CORP,JP338100CJ65,,
B.5406.68,KOBE STEEL LTD,JP328980AP65,,
B.5411.29,JFE HOLDINGS INC,JP338603CK56,,
B.5706.24,MITSUI KINZOKU CO LTD,JP388840AQB9,,
B.5711.36,MITSUBISHI MATERIALS,JP390300BM60,,
B.5713.35,SUMITOMO METAL MINING CO,JP340260AP79,,
B.5938.13,LIXIL CORP,JP362680CL77,,
B.5938.16,LIXIL CORP,JP362680CN83,,
B.5960.13,YKK CORPORATION,JP399070AP67,,
B.6201.37,TOYOTA INDUSTRIES CORP,JP363460AQ94,,
B.6302.8,SUMITOMO HEAVY INDUSTRY,JP340540AP71,,
B.6305.20,HITACHI CONSTRUCTION MAC,JP378700AM39,,
B.6361.13,EBARA CORP,JP316600AQ93,,
B.6367.30,DAIKIN INDUSTRIES LTD,JP348180AN71,,
B.6367.32,DAIKIN INDUSTRIES LTD,JP348180AQ78,,
B.6367.4103,DAIKIN INDUSTRIES LTD,JP348180AR93,,
B.6395.7,TADANO LTD,JP346500BKC9,,
B.6457.3,GLORY LTD,JP327440AQ60,,
B.6460.5,SEGA SAMMY HOLDINGS INC,JP341905AKA1,,
B.6471.4103,NSK LIMITED,JP372080AR94,,
B.6471.59,NSK LIMITED,JP372080BQ94,,
B.6473.11,JTEKT CORPORATION,JP329220AP97,,
B.6501.17,HITACHI LTD,JP378860CDC1,,
B.6501.23,HITACHI LTD,JP378860BPC7,,
B.6504.32,FUJI ELECTRIC CO LTD,JP382000AQ67,,
B.6645.2,OMRON CORP,JP319780BR14,,
B.6701.4103,NEC CORPORATION,JP373300AR70,,
B.6701.4104,NEC CORPORATION,JP373300BR79,,
B.6701.4105,NEC CORPORATION,JP373300AS61,,
B.6701.63,NEC CORPORATION,JP373300BP71,,
B.6724.23,SEIKO EPSON CORPORATION,JP341475AQC8,,
B.6752.22,PANASONIC HOLDINGS CORP,JP386680CLC6,,
B.6752.23,PANASONIC HOLDINGS CORP,JP386680DLC4,,
B.6752.24,PANASONIC HOLDINGS CORP,JP386680AP90,,
B.6752.26,PANASONIC HOLDINGS CORP,JP386680CP98,,
B.6752.30,PANASONIC HOLDINGS CORP,JP386680BR22,,
B.6752.4105,PANASONIC HOLDINGS CORP,JP386680ARC7,,
B.6752.4106,PANASONIC HOLDINGS CORP,JP386680BRC5,,
B.6758.36,SONY GROUP CORP,JP343500CKA4,,
B.6758.40,SONY GROUP CORP,JP343500BQ30,,
B.6758.41,SONY GROUP CORP,JP343500CQ39,,
B.6762.12,TDK CORP,JP353880AR62,,
B.6762.13,TDK CORP,JP353880BR61,,
B.6762.7,TDK CORP,JP353880CL74,,
B.6902.4104,DENSO CORP,JP355150BR77,,
B.6923.6,STANLEY ELECTRIC CO,JP339940AQ45,,
B.7011.42,MITSUBISHI HEAVY IND,JP390000AP87,,
B.7013.50,IHI CORP,JP313480BN63,,
B.7174.14,JA MITSUI LEASING,JP338652BK99,,
B.7174.31,JA MITSUI LEASING,JP338652AQ86,,
B.7174.32,JA MITSUI LEASING,JP338652AR10,,
B.7197.8,SUMITOMO MITSUI TR PANAS,JP389033CKA1,,
B.7202.31,ISUZU MOTORS,JP313720BM23,,
B.7203.27,TOYOTA MOTOR CORP,JP363340CM35,,
B.7203.31,TOYOTA MOTOR CORP,JP363340BP66,,
B.7267.4106,HONDA MOTOR CO LTD,JP385460DS19,,
B.7270.801,SUBARU CORP,JP381480APB3,,
B.7272.7,YAMAHA MOTOR CO,JP394280BQ47,,
B.7344.3,ORIX BANK CORP,JP320053AP72,,
B.7453.1,RYOHIN KEIKAKU CO LTD,JP397630AQ48,,
B.7733.27,OLYMPUS CORP,JP320120BL74,,
B.7762.4,CITIZEN WATCH CO LTD,JP335240AP90,,
B.7911.4105,TOPPAN HOLDINGS INC,JP362900CRC3,,
B.7911.9,TOPPAN HOLDINGS INC,JP362900BG95,,
B.7912.4,DAI NIPPON PRINTING CO,JP349380AK70,,
B.7912.5,DAI NIPPON PRINTING CO,JP349380AL38,,
B.7936.7,ASICS CORP,JP311800APC5,,
B.7994.17,OKAMURA CORP,JP319240AQ69,,
B.8001.4109,ITOCHU CORP,JP314360DS51,,
B.8001.80,ITOCHU CORP,JP314360AQ49,,
B.8001.81,ITOCHU CORP,JP314360AR48,,
B.8002.110,MARUBENI CORP,JP387760AJ24,,
B.8002.113,MARUBENI CORP,JP387760AM45,,
B.8002.118,MARUBENI CORP,JP387760AQ41,,
B.8002.119,MARUBENI CORP,JP387760AQ74,,
B.8015.31,TOYOTA TSUSHO CORP,JP363500AP63,,
B.8015.4103,TOYOTA TSUSHO CORP,JP363500AR87,,
B.8031.71,MITSUI & CO,JP389360AE78,,
B.8031.73,MITSUI & CO,JP389360AK70,,
B.8031.75,MITSUI & CO,JP389360AKC8,,
B.8032.7,JAPAN PULP & PAPER CO,JP369400BKC4,,
B.8053.4105,SUMITOMO CORP,JP340460CS15,,
B.8053.49,SUMITOMO CORP,JP340460BE12,,
B.8053.61,SUMITOMO CORP,JP340460AP36,,
B.8058.80,MITSUBISHI CORP,JP389840AD95,,
B.8058.83,MITSUBISHI CORP,JP389840AQ33,,
B.8233.4104,TAKASHIMAYA CO LTD,JP345600BS73,,
B.8253.102,CREDIT SAISON CO LTD,JP327140BQ47,,
B.8253.103,CREDIT SAISON CO LTD,JP327140AQ55,,
B.8253.107,CREDIT SAISON CO LTD,JP327140BQA8,,
B.8253.76,CREDIT SAISON CO LTD,JP327140BK76,,
B.8253.90,CREDIT SAISON CO LTD,JP327140BMA7,,
B.8253.95,CREDIT SAISON CO LTD,JP327140AP64,,
B.8253.99,CREDIT SAISON CO LTD,JP327140AQ14,,
B.8267.24,AEON CO LTD,JP338820AP84,,
B.8267.4104,AEON CO LTD,JP338820BR99,,
B.8306.701,MITSUBISHI UFJ FIN GRP,JP390290CF60,,
B.8308.4104,RESONA HOLDINGS INC,JP350061ARC2,,
B.8315.2301,MUFG BANK LTD,JP358920D9A4,,
B.8315.2401,MUFG BANK LTD,JP358920AA96,,
B.8316.4,SUMITOMO MITSUI FINANCIA,JP389035BF55,,
B.8403.2801,SUMITOMO MITSUI TR BK LT,JP340500AQ11,,
B.8403.3101,SUMITOMO MITSUI TR BK LT,JP340500AQA8,,
B.8410.12,SEVEN BANK LTD,JP310522AHA7,,
B.8412.4103,SUMITOMO MITSUI BANKING,JP389032AS47,,
B.8412.4104,SUMITOMO MITSUI BANKING,JP389032BS46,,
B.8412.4106,SUMITOMO MITSUI BANKING,JP389032DS44,,
B.8424.21,FUYO GENERAL LEASE,JP382627BK73,,
B.8424.30,FUYO GENERAL LEASE,JP382627BM63,,
B.8424.37,FUYO GENERAL LEASE,JP382627BP60,,
B.8424.40,FUYO GENERAL LEASE,JP382627BQ28,,
B.8424.41,FUYO GENERAL LEASE,JP382627AQ45,,
B.8425.24,MIZUHO LEASING CO LTD,JP328650BQ21,,
B.8425.25,MIZUHO LEASING CO LTD,JP328650AQ55,,
B.8425.701,MIZUHO LEASING CO LTD,JP328650BM17,,
B.8425.901,MIZUHO LEASING CO LTD,JP328650BM90,,
B.8433.17,NTT FINANCE CORP,JP316572CLC0,,
B.8433.18,NTT FINANCE CORP,JP316572DLC8,,
B.8433.2501,NTT FINANCE CORP,JP316572CP70,,
B.8433.2601,NTT FINANCE CORP,JP316572DP79,,
B.8433.3,NTT FINANCE CORP,JP316572CH39,,
B.8433.3001,NTT FINANCE CORP,JP316572DPB1,,
B.8433.3201,NTT FINANCE CORP,JP316572BQ62,,
B.8433.3301,NTT FINANCE CORP,JP316572CQ61,,
B.8433.3401,NTT FINANCE CORP,JP316572DQ60,,
B.8433.4103,NTT FINANCE CORP,JP316572AR96,,
B.8433.4105,NTT FINANCE CORP,JP316572CR94,,
B.8433.4107,NTT FINANCE CORP,JP316572BS11,,
B.8433.4108,NTT FINANCE CORP,JP316572CS10,,
B.8433.4109,NTT FINANCE CORP,JP316572DS19,,
B.8439.28,TOKYO CENTURY CORP,JP342495BLA8,,
B.8439.33,TOKYO CENTURY CORP,JP342495CM40,,
B.8439.34,TOKYO CENTURY CORP,JP342495AM75,,
B.8461.4104,HONDA FINANCE,JP385468BR97,,
B.8461.4105,HONDA FINANCE,JP385468ARC8,,
B.8461.4106,HONDA FINANCE,JP385468BRC6,,
B.8461.83,HONDA FINANCE,JP385468BP99,,
B.8461.87,HONDA FINANCE,JP385468BQ64,,
B.8461.88,HONDA FINANCE,JP385468AQ99,,
B.8498.103,TOYOTA FINANCE CORP,JP363360BQ45,,
B.8498.4104,TOYOTA FINANCE CORP,JP363360BR77,,
B.8498.4105,TOYOTA FINANCE CORP,JP363360CR76,,
B.8498.4106,TOYOTA FINANCE CORP,JP363360ARA7,,
B.8498.4108,TOYOTA FINANCE CORP,JP363360CRA3,,
B.8498.4109,TOYOTA FINANCE CORP,JP363360DRA1,,
B.8498.81,TOYOTA FINANCE CORP,JP363360CHA4,,
B.8566.44,RICOH LEASING CO,JP397410AQ51,,
B.8570.21,AEON FINANCIAL SERVICE,JP313140BP22,,
B.8570.23,AEON FINANCIAL SERVICE,JP313140BP71,,
B.8572.85,ACOM CO LTD,JP310860AQ26,,
B.8584.33,JACCS CO LTD,JP338860BM61,,
B.8585.18,ORIENT CORP,JP319900CJ18,,
B.8585.30,ORIENT CORP,JP319900BM71,,
B.8585.32,ORIENT CORP,JP319900BN13,,
B.8586.80,MITSUBISHI HC CAPITAL,JP378660CKA4,,
B.8591.202,ORIX CORP,JP320045BM42,,
B.8591.205,ORIX CORP,JP320045CM66,,
B.8591.220,ORIX CORP,JP320045BPB6,,
B.8592.38,SUMITOMO MITSUI FINANCE,JP340060CP61,,
B.8592.4105,SUMITOMO MITSUI FINANCE,JP340060AS11,,
B.8592.4108,SUMITOMO MITSUI FINANCE,JP340060BS51,,
B.8592.44,SUMITOMO MITSUI FINANCE,JP340060CQ45,,
B.8593.1402,MITSUBISHI HC CAPITAL,JP349980BQA1,,
B.8593.56,MITSUBISHI HC CAPITAL,JP349980BJ19,,
B.8593.76,MITSUBISHI HC CAPITAL,JP349980DL13,,
B.8601.39,DAIWA SECURITIES GROUP,JP350220BP27,,
B.8752.4103,MITSUI SUMITOMO INSURANC,JP388820AR79,,
B.8752.4104,MITSUI SUMITOMO INSURANC,JP388820BR78,,
B.8752.4105,MITSUI SUMITOMO INSURANC,JP388820CR77,,
B.8752.4106,MITSUI SUMITOMO INSURANC,JP388820DR76,,
B.8793.4103,NEC CAPITAL SOLUTIONS,JP316474AR79,,
B.8793.4107,NEC CAPITAL SOLUTIONS,JP316474BS51,,
B.8795.4104,T&D HOLDINGS INC,JP353922BR95,,
B.8795.4106,T&D HOLDINGS INC,JP353922DR93,,
B.8801.4105,MITSUI FUDOSAN CO LTD,JP389320BS39,,
B.8801.4106,MITSUI FUDOSAN CO LTD,JP389320AS63,,
B.8801.4107,MITSUI FUDOSAN CO LTD,JP389320BS62,,
B.8801.60,MITSUI FUDOSAN CO LTD,JP389320AJ56,,
B.8801.71,MITSUI FUDOSAN CO LTD,JP389320AKC2,,
B.8801.77,MITSUI FUDOSAN CO LTD,JP389320BL44,,
B.8801.83,MITSUI FUDOSAN CO LTD,JP389320BP65,,
B.8801.84,MITSUI FUDOSAN CO LTD,JP389320BP99,,
B.8802.128,MITSUBISHI ESTATE CO LTD,JP389960AK41,,
B.8802.135,MITSUBISHI ESTATE CO LTD,JP389960BM63,,
B.8802.93,MITSUBISHI ESTATE CO,JP389960B877,,
B.8804.34,TOKYO TATEMONO CO LTD,JP358260AP71,,
B.8806.19,DAIBIRU CORP,JP349720BK78,,
B.8818.13,KEIHANSHIN REAL ESTATE,JP327900ALB6,,
B.8830.109,SUMITOMO REALTY & DEVEL,JP340900AM52,,
B.8905.17,AEON MALL CO LTD,JP313143CJ75,,
B.8905.22,AEON MALL CO LTD,JP313143CK72,,
B.8905.23,AEON MALL CO LTD,JP313143DK71,,
B.8905.29,AEON MALL CO LTD,JP313143BMB5,,
B.8933.15,NTT FINANCE CORP,JP316569BDA9,,
B.8951.17,NIPPON BUILDING FUND INC,JP302767BJ58,,
B.8953.101,JAPAN MET FUND INV,JP303971AM62,,
B.8955.27,JAPAN PRIME REALTY INV,JP304089AMC1,,
B.8959.7,NOMURA REAL ESTATE MASTE,JP304553C730,,
B.8984.15,DAIWA HOUSE REIT INV,JP304639AMB5,,
B.8987.15,JAPAN EXCELLENT INC,JP304642AK95,,
B.8987.4103,JAPAN EXCELLENT INC,JP304642AS55,,
B.9001.123,TOBU RAILWAY CO,JP359780AL41,,
B.9001.125,TOBU RAILWAY CO,JP359780BLB1,,
B.9005.82,TOKYU CORP,JP357420BF63,,
B.9005.83,TOKYU CORP,JP357420AG48,,
B.9005.85,TOKYU CORP,JP357420AG97,,
B.9005.87,TOKYU CORP,JP357420AJ52,,
B.9007.68,ODAKYU ELECTRIC RAILWAY,JP319600BF65,,
B.9007.74,ODAKYU ELECTRIC RAILWAY,JP319600AH56,,
B.9008.38,KEIO CORPORATION,JP327780AHB0,,
B.9009.63,KEISEI ELECTRIC RAILWAY,JP327860BP79,,
B.9020.106,EAST JAPAN RAILWAY CO,JP378360CF11,,
B.9020.107,EAST JAPAN RAILWAY CO,JP378360DF10,,
B.9020.132,EAST JAPAN RAILWAY CO,JP378360CJ90,,
B.9020.133,EAST JAPAN RAILWAY CO,JP378360DJ99,,
B.9020.135,EAST JAPAN RAILWAY CO,JP378360BJC1,,
B.9020.137,EAST JAPAN RAILWAY CO,JP378360DJC7,,
B.9020.139,EAST JAPAN RAILWAY CO,JP378360BK31,,
B.9020.142,EAST JAPAN RAILWAY CO,JP378360CK71,,
B.9020.144,EAST JAPAN RAILWAY CO,JP378360BKC9,,
B.9020.145,EAST JAPAN RAILWAY CO,JP378360CKC7,,
B.9020.147,EAST JAPAN RAILWAY CO,JP378360BL48,,
B.9020.151,EAST JAPAN RAILWAY CO,JP378360FL44,,
B.9020.153,EAST JAPAN RAILWAY CO,JP378360BL71,,
B.9020.159,EAST JAPAN RAILWAY CO,JP378360BLC7,,
B.9020.164,EAST JAPAN RAILWAY CO,JP378360CM46,,
B.9020.165,EAST JAPAN RAILWAY CO,JP378360DM45,,
B.9020.167,EAST JAPAN RAILWAY CO,JP378360FM43,,
B.9020.192,EAST JAPAN RAILWAY CO,JP378360DP75,,
B.9020.4111,EAST JAPAN RAILWAY CO,JP378360AS75,,
B.9020.4112,EAST JAPAN RAILWAY CO,JP378360BS74,,
B.9020.4113,EAST JAPAN RAILWAY CO,JP378360CS73,,
B.9020.53,EAST JAPAN RAILWAY CO,JP378360B840,,
B.9020.57,EAST JAPAN RAILWAY CO,JP378360B8C9,,
B.9020.65,EAST JAPAN RAILWAY CO,JP378360C9C6,,
B.9020.71,EAST JAPAN RAILWAY CO,JP378360BA90,,
B.9020.73,EAST JAPAN RAILWAY CO,JP378360BAC0,,
B.9020.86,EAST JAPAN RAILWAY CO,JP378360CC71,,
B.9021.15,WEST JAPAN RAILWAY CO,JP365900A824,,
B.9021.53,WEST JAPAN RAILWAY CO,JP365900AJ88,,
B.9021.60,WEST JAPAN RAILWAY CO,JP365900CL58,,
B.9021.65,WEST JAPAN RAILWAY CO,JP365900AL84,,
B.9021.66,WEST JAPAN RAILWAY CO,JP365900BL83,,
B.9021.75,WEST JAPAN RAILWAY CO,JP365900DM49,,
B.9021.77,WEST JAPAN RAILWAY CO,JP365900FM47,,
B.9021.82,WEST JAPAN RAILWAY CO,JP365900AR39,,
B.9022.37,CENTRAL JAPAN RAILWAY CO,JP356680B854,,
B.9022.51,CENTRAL JAPAN RAILWAY CO,JP356680BA40,,
B.9022.64,CENTRAL JAPAN RAILWAY CO,JP356680AD71,,
B.9022.70,CENTRAL JAPAN RAILWAY CO,JP356680AE96,,
B.9022.73,CENTRAL JAPAN RAILWAY CO,JP356680AF12,,
B.9022.74,CENTRAL JAPAN RAILWAY CO,JP356680AF38,,
B.9023.10,TOKYO METRO CO LTD,JP358390BA47,,
B.9023.23,TOKYO METRO CO LTD,JP358390BH65,,
B.9023.24,TOKYO METRO CO LTD,JP358390CH64,,
B.9023.27,TOKYO METRO CO LTD,JP358390CHC4,,
B.9023.28,TOKYO METRO CO LTD,JP358390AJ56,,
B.9023.34,TOKYO METRO CO LTD,JP358390CK10,,
B.9023.44,TOKYO METRO CO LTD,JP358390DL67,,
B.9023.49,TOKYO METRO CO LTD,JP358390AM10,,
B.9023.56,TOKYO METRO CO LTD,JP358390AN27,,
B.9024.1,SEIBU HOLDINGS INC,JP341720AH30,,
B.9031.45,NISHI-NIPPON RAIL ROAD,JP365880BG35,,
B.9031.50,NISHI-NIPPON RAIL ROAD,JP365880AJ90,,
B.9042.47,HANKYU HANSHIN HOLDINGS,JP377420AE71,,
B.9042.49,HANKYU HANSHIN HOLDINGS,JP377420BGC0,,
B.9045.31,KEIHAN HOLDINGS CO LTD,JP327940AK12,,
B.9048.56,NAGOYA RAILROAD,JP364980AJ50,,
B.9048.68,NAGOYA RAILROAD,JP364980AP78,,
B.9062.12,NIPPON EXPRESS COMPANY,JP372940CG79,,
B.9064.102,YAMATO HOLDINGS,JP394000AP71,,
B.9069.10,SENKO GROUP HOLDINGS CO,JP342380AM99,,
B.9069.11,SENKO GROUP HOLDINGS CO,JP342380AQ95,,
B.9072.7,NIKKON HOLDINGS CO LTD,JP370960AKA0,,
B.9086.5,LOGISTEED LTD,JP379120CG92,,
B.9101.32,NIPPON YUSEN KK,JP375300CB97,,
B.9104.4104,MITSUI OSK LINES LTD,JP336270BR98,,
B.9141.9,YOKOHAMA MINATOMIRAI RAI,JP395570AP86,,
B.9142.10,KYUSHU RAILWAY CO,JP324701BMC5,,
B.9142.17,KYUSHU RAILWAY CO,JP324701AQ87,,
B.9142.2,KYUSHU RAILWAY CO,JP324701BK33,,
B.9142.4,KYUSHU RAILWAY CO,JP324701BKC9,,
B.9144.2,TOKYO WATERFRONT AR R,JP359075AMB6,,
B.9147.4103,NIPPON EXPRESS HOLDINGS,JP368837ARA9,,
B.9148.1,JAPAN FREIGHT RAILWAY,JP369420AN36,,
B.9201.1201,JAPAN AIRLINES,JP370520AP64,,
B.9201.1301,JAPAN AIRLINES CO LTD,JP370520BQ54,,
B.9202.32,ANA HOLDINGS INC,JP342980AG67,,
B.9433.25,KDDI CORPORATION,JP349640CJB2,,
B.9433.33,KDDI CORPORATION,JP349640BQ79,,
B.9433.39,KDDI CORPORATION,JP349640DQC3,,
B.9433.4103,KDDI CORPORATION,JP349640ARC7,,
B.9433.4104,KDDI CORPORATION,JP349640BRC5,,
B.9433.4105,KDDI CORPORATION,JP349640CRC3,,
B.9433.4106,KDDI CORPORATION,JP349640DRC1,,
B.9434.12,SOFTBANK CORP,JP373200BM67,,
B.9434.16,SOFTBANK CORP,JP373200CMA0,,
B.9434.23,SOFTBANK CORP,JP373200DP70,,
B.9434.4104,SOFTBANK CORP,JP373200BRB9,,
B.9434.4107,SOFTBANK CORP,JP373200BS53,,
B.9501.548,TOKYO ELECTRIC POWER CO,JP358580A898,,
B.9501.560,TOKYO ELECTRIC POWER CO,JP358580A9C4,,
B.9502.4104,CHUBU ELECTRIC POWER,JP352660CR76,,
B.9502.4108,CHUBU ELECTRIC POWER,JP352660BRC7,,
B.9502.530,CHUBU ELECTRIC POWER,JP352660AK67,,
B.9502.559,CHUBU ELECTRIC POWER,JP352660AN64,,
B.9502.560,CHUBU ELECTRIC POWER,JP352660AN72,,
B.9503.4104,KANSAI ELECTRIC POWER CO,JP322860BR86,,
B.9503.511,KANSAI ELECTRIC POWER CO,JP322860AH97,,
B.9503.520,KANSAI ELECTRIC POWER CO,JP322860BJ78,,
B.9503.522,KANSAI ELECTRIC POWER CO,JP322860BJ94,,
B.9503.536,KANSAI ELECTRIC POWER CO,JP322860BLC3,,
B.9503.542,KANSAI ELECTRIC POWER CO,JP322860CM98,,
B.9503.551,KANSAI ELECTRIC POWER CO,JP322860CN55,,
B.9503.555,KANSAI ELECTRIC POWER CO,JP322860BNA3,,
B.9503.556,KANSAI ELECTRIC POWER CO,JP322860BP70,,
B.9503.557,KANSAI ELECTRIC POWER CO,JP322860AP71,,
B.9503.562,KANSAI ELECTRIC POWER CO,JP322860AQ13,,
B.9504.394,CHUGOKU ELECTRIC POWER,JP352220BGB5,,
B.9504.400,CHUGOKU ELECTRIC POWER,JP352220AH99,,
B.9504.406,CHUGOKU ELECTRIC POWER,JP352220BJ54,,
B.9504.411,CHUGOKU ELECTRIC POWER,JP352220AJA3,,
B.9504.416,CHUGOKU ELECTRIC POWER,JP352220BK51,,
B.9504.422,CHUGOKU ELECTRIC POWER,JP352220AL44,,
B.9504.425,CHUGOKU ELECTRIC POWER,JP352220AL69,,
B.9504.444,CHUGOKU ELECTRIC POWER,JP352220CN81,,
B.9504.448,CHUGOKU ELECTRIC POWER,JP352220BP64,,
B.9504.452,CHUGOKU ELECTRIC POWER,JP352220CP71,,
B.9504.453,CHUGOKU ELECTRIC POWER,JP352220BPA8,,
B.9505.312,HOKURIKU ELECTRIC POWER,JP384540BF96,,
B.9505.326,HOKURIKU ELECTRIC POWER,JP384540AJ44,,
B.9505.330,HOKURIKU ELECTRIC POWER,JP384540AK58,,
B.9505.336,HOKURIKU ELECTRIC POWER,JP384540AL57,,
B.9505.339,HOKURIKU ELECTRIC POWER,JP384540BL98,,
B.9505.373,HOKURIKU ELECTRIC POWER,JP384540AR51,,
B.9506.484,TOHOKU ELECTRIC POWER,JP360540BG53,,
B.9506.508,TOHOKU ELECTRIC POWER,JP360540AK41,,
B.9506.517,TOHOKU ELECTRIC POWER,JP360540AL24,,
B.9506.521,TOHOKU ELECTRIC POWER,JP360540BL56,,
B.9506.534,TOHOKU ELECTRIC POWER,JP360540AM64,,
B.9506.535,TOHOKU ELECTRIC POWER,JP360540AM72,,
B.9506.546,TOHOKU ELECTRIC POWER,JP360540BN62,,
B.9506.552,TOHOKU ELECTRIC POWER,JP360540ANC2,,
B.9506.560,TOHOKU ELECTRIC POWER,JP360540AP79,,
B.9506.563,TOHOKU ELECTRIC POWER,JP360540AQ45,,
B.9506.566,TOHOKU ELECTRIC POWER,JP360540AQ78,,
B.9507.293,SHIKOKU ELECTRIC PWR CO,JP335080BH50,,
B.9507.309,SHIKOKU ELECTRIC PWR CO,JP335080AL55,,
B.9507.310,SHIKOKU ELECTRIC PWR CO,JP335080BL54,,
B.9507.315,SHIKOKU ELECTRIC PWR CO,JP335080BM53,,
B.9507.321,SHIKOKU ELECTRIC PWR CO,JP335080BN45,,
B.9507.328,SHIKOKU ELECTRIC PWR CO,JP335080AP93,,
B.9507.332,SHIKOKU ELECTRIC PWR CO,JP335080AR18,,
B.9508.4112,KYUSHU ELECTRIC POWER CO,JP324640BS54,,
B.9508.468,KYUSHU ELECTRIC POWER CO,JP324640BJ89,,
B.9508.476,KYUSHU ELECTRIC POWER CO,JP324640AK53,,
B.9508.478,KYUSHU ELECTRIC POWER CO,JP324640AK61,,
B.9508.481,KYUSHU ELECTRIC POWER CO,JP324640BK78,,
B.9508.484,KYUSHU ELECTRIC POWER CO,JP324640AKB3,,
B.9508.492,KYUSHU ELECTRIC POWER CO,JP324640BM43,,
B.9508.507,KYUSHU ELECTRIC POWER CO,JP324640BN59,,
B.9508.516,KYUSHU ELECTRIC POWER CO,JP324640BP65,,
B.9508.527,KYUSHU ELECTRIC POWER CO,JP324640BQ64,,
B.9509.323,HOKKAIDO ELECTRIC POWER,JP385020AF36,,
B.9509.325,HOKKAIDO ELECTRIC POWER,JP385020BFA4,,
B.9509.338,HOKKAIDO ELECTRIC POWER,JP385020BGC8,,
B.9509.341,HOKKAIDO ELECTRIC POWER,JP385020BH41,,
B.9509.350,HOKKAIDO ELECTRIC POWER,JP385020BJ49,,
B.9509.362,HOKKAIDO ELECTRIC POWER,JP385020BL52,,
B.9509.385,HOKKAIDO ELECTRIC POWER,JP385020AP59,,
B.9509.4103,HOKKAIDO ELECTRIC POWER,JP385020AR81,,
B.9511.4104,OKINAWA ELECTRIC POWER,JP319470AS68,,
B.9513.52,ELECTRIC POWER DEVELOPME,JP355120AH93,,
B.9513.55,ELECTRIC POWER DEVELOPME,JP355120AJ59,,
B.9513.57,ELECTRIC POWER DEVELOPME,JP355120AJ75,,
B.9513.59,ELECTRIC POWER DEVELOPME,JP355120AJ91,,
B.9513.60,ELECTRIC POWER DEVELOPME,JP355120BJ90,,
B.9513.68,ELECTRIC POWER DEVELOPME,JP355120BK97,,
B.9513.73,ELECTRIC POWER DEVELOPME,JP355120AM54,,
B.9513.75,ELECTRIC POWER DEVELOPME,JP355120AMA6,,
B.9513.86,ELECTRIC POWER DEVELOPME,JP355120AP51,,
B.9518.11,TEPCO PWER GRID INC,JP358581BJ13,,
B.9518.15,TEPCO PWER GRID INC,JP358581BJ70,,
B.9518.25,TEPCO PWER GRID INC,JP358581BK44,,
B.9518.28,TEPCO PWER GRID INC,JP358581BK77,,
B.9518.32,TEPCO PWER GRID INC,JP358581CKA6,,
B.9518.35,TEPCO PWER GRID INC,JP358581BL43,,
B.9518.36,TEPCO PWER GRID INC,JP358581CL42,,
B.9518.40,TEPCO PWER GRID INC,JP358581CL75,,
B.9518.4103,TEPCO PWER GRID INC,JP358581ARA5,,
B.9518.4104,TEPCO PWER GRID INC,JP358581BRA3,,
B.9518.4105,TEPCO PWER GRID INC,JP358581CRA1,,
B.9518.4107,TEPCO PWER GRID INC,JP358581BS46,,
B.9518.45,TEPCO PWER GRID INC,JP358581BM42,,
B.9518.48,TEPCO PWER GRID INC,JP358581BM83,,
B.9518.50,TEPCO PWER GRID INC,JP358581BN41,,
B.9518.51,TEPCO PWER GRID INC,JP358581CN40,,
B.9518.54,TEPCO PWER GRID INC,JP358581CN73,,
B.9518.6,TEPCO PWER GRID INC,JP358581BH80,,
B.9518.69,TEPCO PWER GRID INC,JP358581BPA7,,
B.9518.72,TEPCO PWER GRID INC,JP358581BQ48,,
B.9518.73,TEPCO PWER GRID INC,JP358581CQ47,,
B.9518.76,TEPCO PWER GRID INC,JP358581CQ70,,
B.9518.9,TEPCO PWER GRID INC,JP358581AHC2,,
B.9520.17,JERA CO INC,JP338672BP41,,
B.9521.5,TEPCO RENEWABLE POWER,JP358582AQ22,,
B.9531.37,TOKYO GAS CO LTD,JP357300AD95,,
B.9531.38,TOKYO GAS CO LTD,JP357300ADC7,,
B.9531.54,TOKYO GAS CO LTD,JP357300AK96,,
B.9531.55,TOKYO GAS CO LTD,JP357300BK95,,
B.9531.57,TOKYO GAS CO LTD,JP357300AKC2,,
B.9531.64,TOKYO GAS CO LTD,JP357300CL93,,
B.9532.36,OSAKA GAS COMPANY LTD,JP318040AK69,,
B.9532.43,OSAKA GAS COMPANY LTD,JP318040CM65,,
B.9532.51,OSAKA GAS COMPANY LTD,JP318040CP62,,
B.9532.55,OSAKA GAS COMPANY LTD,JP318040CQ53,,
B.9533.42,TOHO GAS CO LTD,JP360020AK40,,
B.9533.44,TOHO GAS CO LTD,JP360020AN39,,
B.9534.23,HOKKAIDO GAS CO LTD,JP384700AKC0,,
B.9535.13,HIROSHIMA GAS CO,JP379620AJ96,,
B.9536.21,SAIBU GAS HOLDINGS,JP331160APA4,,
B.9706.4104,JAPAN AIRPORT TERMINAL,JP369940BR81,,
B.9719.11,SCSK CORP,JP340040BR32,,
B.9983.7,FAST RETAILING,JP380230CJ60,,
B.9983.8,FAST RETAILING,JP380230DJ69,,
B.9999.100,KIKO 51 1,JP339170AB84,,
B.9999.101,KIKO 43 1,JP339170BAB3,,
B.9999.103,KIKO 79 1,JP339170ADC7,,
B.9999.104,KIKO 80 1,JP339170DDC1,,
B.9999.105,KIKO 81 1,JP339170AE24,,
B.9999.107,KIKO 72 1,JP339170AD58,,
B.9999.109,KIKO 70 1,JP339170AD33,,
B.9999.110,KIKO 33 1,JP339170AA28,,
B.9999.111,KIKO 34 1,JP339170AA36,,
B.9999.112,KIKO 35 1,JP339170BA35,,
B.9999.113,KIKO 46 1,JP339170AB35,,
B.9999.114,KIKO 55 1,JP339170EBB5,,
B.9999.115,KIKO 56 1,JP339170DBC5,,
B.9999.116,KIKO 57 1,JP339170AC26,,
B.9999.117,KIKO 76 1,JP339170AD90,,
B.9999.5023,KIKO 23 1,JP339170B932,,
B.9999.5032,KIKO 32 1,JP339170G9C4,,
B.9999.5038,KIKO 38 1,JP339170AA77,,
B.9999.5039,KIKO 39 1,JP339170AA85,,
B.9999.5050,KIKO 50 1,JP339170AB76,,
B.9999.5058,KIKO 58 1,JP339170AC34,,
B.9999.5063,KIKO 63 1,JP339170AC83,,
B.9999.5064,KIKO 64 1,JP339170AC91,,
B.9999.5065,KIKO 65 1,JP339170DC98,,
B.9999.5066,KIKO 66 1,JP339170ACB1,,
B.9999.5067,KIKO 67 1,JP339170ECB3,,
B.9999.5071,KIKO 71 1,JP339170DD30,,
B.9999.5073,KIKO 73 1,JP339170AD66,,
B.9999.5075,KIKO 75 1,JP339170AD82,,
B.9999.5077,KIKO 77 1,JP339170DD97,,
B.9999.5083,KIKO 83 1,JP339170DE39,,
B.9999.5084,KIKO 84 1,JP339170AE57,,
B.9999.5087,KIKO 87 1,JP339170AE81,,
B.9999.5088,KIKO 88 1,JP339170AE99,,
B.9999.5089,KIKO 89 1,JP339170CE97,,
B.9999.5090,KIKO 90 1,JP339170AEB7,,
B.9999.5091,KIKO 91 1,JP339170AEC5,,
B.9999.5092,KIKO 92 1,JP339170DEC9,,
B.9999.5093,KIKO 93 1,JP339170AF23,,
B.9999.5094,KIKO 94 1,JP339170AF31,,
B.9999.5096,KIKO 96 1,JP339170AF56,,
B.9999.5097,KIKO 97 1,JP339170FF51,,
B.9999.5098,KIKO 98 1,JP339170DF61,,
B.9999.5099,KIKO 99 1,JP339170AF72,,
B.9999.5100,KIKO 100 1,JP339170FF85,,
B.9999.5101,KIKO 101 1,JP339170DF95,,
B.9999.5103,KIKO 103 1,JP339170EFB6,,
B.9999.5104,KIKO 104 1,JP339170FFC1,,
B.9999.5105,KIKO 105 1,JP339170EG10,,
B.9999.5106,KIKO 106 1,JP339170DG29,,
B.9999.5107,KIKO 107 1,JP339170AG30,,
B.9999.5108,KIKO 108 1,JP339170BG47,,
B.9999.5109,KIKO 109 1,JP339170BG54,,
B.9999.5111,KIKO 111 1,JP339170CG79,,
B.9999.5112,KIKO 112 1,JP339170AG89,,
B.9999.5113,KIKO 113 1,JP339170BG96,,
B.9999.5114,KIKO 114 1,JP339170CGA0,,
B.9999.5115,KIKO 115 1,JP339170BGB0,,
B.9999.5116,KIKO 116 1,JP339170CGC6,,
B.9999.5117,KIKO 117 1,JP339170CH11,,
B.9999.5118,KIKO 118 1,JP339170CH29,,
B.9999.5119,KIKO 119 1,JP339170BH38,,
B.9999.5120,KIKO 120 1,JP339170DH44,,
B.9999.5121,KIKO 121 1,JP339170CH52,,
B.9999.5123,KIKO 123 1,JP339170DH77,,
B.9999.5125,KIKO 125 1,JP339170CH94,,
B.9999.5126,KIKO 126 1,JP339170DHA6,,
B.9999.5128,KIKO 128 1,JP339170CHC4,,
B.9999.5129,KIKO 129 1,JP339170CJ19,,
B.9999.5130,KIKO 130 1,JP339170CJ27,,
B.9999.5134,KIKO 134 1,JP339170DJ67,,
B.9999.5135,KIKO 135 1,JP339170DJ75,,
B.9999.5136,KIKO 136 1,JP339170DJ83,,
B.9999.5138,KIKO 138 1,JP339170CJA4,,
B.9999.5140,KIKO 140 1,JP339170CJC0,,
B.9999.5142,KIKO 142 1,JP339170CK24,,
B.9999.5144,KIKO 144 1,JP339170DK49,,
B.9999.5145,KIKO 145 1,JP339170DK56,,
B.9999.5148,KIKO 148 1,JP339170BK82,,
B.9999.5149,KIKO 149 1,JP339170CK99,,
B.9999.5150,KIKO 150 1,JP339170DKA0,,
B.9999.5151,KIKO 151 1,JP339170CKB0,,
B.9999.5152,KIKO 152 1,JP339170CKC8,,
B.9999.5154,KIKO 154 1,JP339170CL23,,
B.9999.5156,KIKO 156 1,JP339170DL48,,
B.9999.5157,KIKO 157 1,JP339170EL54,,
B.9999.5158,KIKO 158 1,JP339170DL63,,
B.9999.5162,KIKO 162 1,JP339170DLA8,,
B.9999.5164,KIKO 164 1,JP339170CLC6,,
B.9999.5165,KIKO 165 1,JP339170DM13,,
B.9999.5166,KIKO 166 1,JP339170CM22,,
B.9999.5167,KIKO 167 1,JP339170AM32,,
B.9999.5168,KIKO 168 1,JP339170EM46,,
B.9999.5169,KIKO 169 1,JP339170EM53,,
B.9999.5170,KIKO 170 1,JP339170BM64,,
B.9999.5173,KIKO 173 1,JP339170BM98,,
B.9999.5174,KIKO 174 1,JP339170EMA4,,
B.9999.5175,KIKO 175 1,JP339170EMB2,,
B.9999.5176,KIKO 176 1,JP339170CMC4,,
B.9999.5177,KIKO 177 1,JP339170EN11,,
B.9999.5178,KIKO 178 1,JP339170BN22,,
B.9999.5179,KIKO 179 1,JP339170AN31,,
B.9999.5180,KIKO 180 1,JP339170EN45,,
B.9999.5181,KIKO 181 1,JP339170DN53,,
B.9999.5183,KIKO 183 1,JP339170EN78,,
B.9999.5185,KIKO 185 1,JP339170CN96,,
B.9999.5186,KIKO 186 1,JP339170ANA0,,
B.9999.5194,KIKO 194 1,JP339170CP60,,
B.9999.5195,KIKO 195 1,JP339170CP78,,
B.9999.5197,KIKO 197 1,JP339170CP94,,
B.9999.5198,KIKO 198 1,JP339170BPA3,,
B.9999.5199,KIKO 199 1,JP339170APB3,,
B.9999.5200,KIKO 200 1,JP339170CPC7,,
B.9999.5202,KIKO 202 1,JP339170CQ28,,
B.9999.5203,KIKO 203 1,JP339170AQ38,,
B.9999.5205,KIKO 205 1,JP339170CQ51,,
B.9999.5207,KIKO 207 1,JP339170CQ77,,
B.9999.5225,KIKO 225 1,JP339170BS19,,
B.9999.6004,KIKO T-4 1,JP339170DKB8,,
B.9999.6005,KIKO T-5 1,JP339170DKC6,,
B.9999.83,KIKO 25 1,JP339170A967,,
B.9999.84,KIKO 28 1,JP339170A991,,
B.9999.87,KIKO 42 1,JP339170AAB5,,
B.9999.89,KIKO 45 1,JP339170AB27,,
B.9999.90,KIKO 52 1,JP339170AB92,,
B.9999.94,KIKO 24 1,JP339170A959,,
B.9999.95,KIKO 48 1,JP339170AB50,,
B.9999.96,KIKO 40 1,JP339170AA93,,
B.9999.97,KIKO 62 1,JP339170AC75,,
B.9999.98,KIKO 60 1,JP339170AC59,,
B.9999.99,KIKO 61 1,JP339170AC67,,
B0J2D41,BAIDU INC,,,
B1YBT08,SUNNY OPTICAL TECH,,,
B29SHS5,BYD ELECTRONIC INT,,,
B3SA3,B3 BRASIL BOLSA BALCAO SA,,XBSP,JPY
B3SA3,B3SA3,BRB3SAACNOR6,,
BA,BOEING,,NEW YORK STOCK EXCHANGE INC.,JPY
BA,BA,US0970231058,,
BA.,BAE SYSTEMS PLC,,LONDON STOCK EXCHANGE,JPY
BA.R,BANGKOK AIRWAYS NON-VOTING DR,,STOCK EXCHANGE OF THAILAND,JPY
BA/,BA/,GB0002634946,,GBP
BAAKOMB,KOMERCNI BANK,,PRAGUE STOCK EXCHANGE,JPY
BABA,ALIBABA GROUP HOLDING ADR REPRESEN,,NEW YORK STOCK EXCHANGE INC.,JPY
BAC,BANK OF AMERICA,,NEW YORK STOCK EXCHANGE INC.,JPY
BAC,BAC,US0605051046,,USD
BAER,JULIUS BAER GRUPPE AG,,SIX SWISS EXCHANGE,JPY
BAER,BAER,CH0102484968,,CHF
BAF,BAF,INE296A01032,,INR
BAH,BOOZ ALLEN HAMILTON HOLDING CLASS,,NEW YORK STOCK EXCHANGE INC.,JPY
BAI,ISHARES A.I. AND TECH ACTIVE CL1,,NYSE ARCA,JPY
BAJAJ.AUTO,BAJAJ AUTO,,NATIONAL STOCK EXCHANGE OF INDIA,JPY
BAJAJFINSV,BAJAJ FINSERV LTD,,NATIONAL STOCK EXCHANGE OF INDIA,JPY
BAJAJHLDNG,BAJAJ HOLDINGS AND INVESTMENT LTD,,NATIONAL STOCK EXCHANGE OF INDIA,JPY
BAJFINANCE,BAJAJ FINANCE LTD,,NATIONAL STOCK EXCHANGE OF INDIA,JPY
BALD B,FASTIGHETS BALDER CLASS B,,NASDAQ OMX NORDIC,JPY
BALDB,BALDB,SE0017832488,,SEK
BALKRISIND,BALKRISHNA INDUSTRIES LTD,,NATIONAL STOCK EXCHANGE OF INDIA,JPY
BALL,BALL CORP,,NEW YORK STOCK EXCHANGE INC.,JPY
BALL,BALL,US0584981064,,USD
BALRAMCHIN,BALRAMPUR CHINI MILLS LTD,,NATIONAL STOCK EXCHANGE OF INDIA,JPY
BAM,BROOKFIELD ASSET MANAGEMENT VOTING,,TORONTO STOCK EXCHANGE,JPY
BAM,BAM,CA1130041058,,CAD
BAM.R,BANGKOK COMMERCIAL ASSET MANAGEMEN,,STOCK EXCHANGE OF THAILAND,JPY
BAMI,BANCO BPM,,BORSA ITALIANA,JPY
BAMI,BAMI,IT0005218380,,EUR
BANCOINDIA,BANCO PRODUCTS INDIA LTD,,NATIONAL STOCK EXCHANGE OF INDIA,JPY
BANDHANBNK,BANDHAN BANK LTD,,NATIONAL STOCK EXCHANGE OF INDIA,JPY
BANK,BANK ALADIN SYARIAH,,INDONESIA STOCK EXCHANGE,JPY
BANKBARODA,BANK OF BARODA LTD,,NATIONAL STOCK EXCHANGE OF INDIA,JPY
BANPU.R,BANPU NON-VOTING DR,,STOCK EXCHANGE OF THAILAND,JPY
BANPUU/F,BANPUU/F,TH0148A10Z14,,
BAP,CREDICORP LTD,,NEW YORK STOCK EXCHANGE INC.,JPY
BAP,BAP,BMG2519Y1084,,USD
BARC,BARCLAYS PLC,,LONDON STOCK EXCHANGE,JPY
BARC,BARC,GB0031348658,,GBP
BARN,BARRY CALLEBAUT AG,,SIX SWISS EXCHANGE,JPY
BARN,BARN,CH0009002962,,CHF
BAS,BASF N,,XETRA,JPY
BAS,BAS,DE000BASF111,,EUR
BASF,BASF INDIA LTD,,NATIONAL STOCK EXCHANGE OF INDIA,JPY
BATAINDIA,BATA INDIA LTD,,NATIONAL STOCK EXCHANGE OF INDIA,JPY
BATS,BRITISH AMERICAN TOBACCO,,LONDON STOCK EXCHANGE,JPY
BATS,BATS,GB0002875804,,GBP
BAX,BAXTER INTERNATIONAL,,NEW YORK STOCK EXCHANGE INC.,JPY
BAX,BAX,US0718131099,,
BAYERCROP,BAYER CROPSCIENCE LTD,,NATIONAL STOCK EXCHANGE OF INDIA,JPY
BAYN,BAYER AG,,XETRA,JPY
BAYN,BAYN,DE000BAY0017,,EUR
BB,BLACKBERRY,,TORONTO STOCK EXCHANGE,JPY
BBAI,BIGBEAR.AI HOLDINGS,,NEW YORK STOCK EXCHANGE INC.,JPY
BBAJIOO,BANCO DEL BAJIO INSTITUCION DE BAN,,BOLSA MEXICANA DE VALORES,JPY
BBAS3,BANCO DO BRASIL SA,,XBSP,JPY
BBAS3,BBAS3,BRBBASACNOR3,,
BBCA,BANK CENTRAL ASIA,,INDONESIA STOCK EXCHANGE,JPY
BBCA,BBCA,ID1000109507,,IDR
BBD.B,BOMBARDIER CLASS B,,TORONTO STOCK EXCHANGE,JPY
BBD/B,BBD/B,CA0977518616,,CAD
BBDC1,BANCO BRADESCO RIGHTS,,XBSP,JPY
BBDC2,BANCO BRADESCO RIGHTS,,XBSP,JPY
BBDC3,BANCO BRADESCO,,XBSP,JPY
BBDC3,BBDC3,BRBBDCACNOR1,,
BBDC4,BANCO BRADESCO PREF,,XBSP,JPY
BBDC4,BBDC4,BRBBDCACNPR8,,
BBL-R,BBL-R,TH0001010R16,,
BBNI,BANK NEGARA INDONESIA,,INDONESIA STOCK EXCHANGE,JPY
BBNI,BBNI,ID1000096605,,IDR
BBOX,BLACK BOX LTD,,NATIONAL STOCK EXCHANGE OF INDIA,JPY
BBOX,BBOX,GB00BG49KP99,,GBP
BBRI,BANK RAKYAT INDONESIA (PERSERO),,INDONESIA STOCK EXCHANGE,JPY
BBRI,BBRI,ID1000118201,,IDR
BBSE3,BB SEGURIDADE SA,,XBSP,JPY
BBSE3,BBSE3,BRBBSEACNOR5,,
BBTN,PT BANK TABUNGAN NEGARA,,INDONESIA STOCK EXCHANGE,JPY
BBUC,BROOKFIELD BUSINESS CORP CLASS A,,TORONTO STOCK EXCHANGE,JPY
BBVA,BANCO BILBAO VIZCAYA ARGENTARIA SA,,BOLSA DE MADRID,JPY
BBVA,BBVA,ES0113211835,,EUR
BBY,BEST BUY,,NEW YORK STOCK EXCHANGE INC.,JPY
BBY,BBY,US0865161014,,USD
BC,BRUNSWICK CORP,,NEW YORK STOCK EXCHANGE INC.,JPY
BCE,BCE INC,,TORONTO STOCK EXCHANGE,JPY
BCE,BCE,CA05534B7604,,CAD
BCH,BCH,US0595201064,,USD
BCH.R,BANGKOK CHAIN HOSPITAL NON-VOTING,,STOCK EXCHANGE OF THAILAND,JPY
BCI,BANCO DE CREDITO E INVERSION,,SANTIAGO STOCK EXCHANGE,JPY
BCI,BCI,CLP321331116,,CLP
BCO,BRINKS,,NEW YORK STOCK EXCHANGE INC.,JPY
BCP,BANCO COMERCIAL PORTUGUES SA,,NYSE EURONEXT - EURONEXT LISBON,JPY
BCP,BCP,PTBCP0AM0015,,EUR
BCP-R,BCP-R,TH0420010R18,,
BCP.R,BANGCHAK CORPORATION ORS NON-VOTIN,,STOCK EXCHANGE OF THAILAND,JPY
BCPC,BALCHEM,,NASDAQ,JPY
BCPG.R,BCPG PCL NON-VOTING DR,,STOCK EXCHANGE OF THAILAND,JPY
BCVN,BC VAUD N,,SIX SWISS EXCHANGE,JPY
BCVN,BCVN,CH0531751755,,CHF
BDFBM13,SEMICONDUCTOR MFG,,,
BDGI,BADGER INFRASTRUCTURE SOLUTIONS LT,,TORONTO STOCK EXCHANGE,JPY
BDMS-R,BDMS-R,TH0264010R10,,THB
BDMS.R,BANGKOK DUSIT MEDICAL SERVICES NON,,STOCK EXCHANGE OF THAILAND,JPY
BDMS/F,BDMS/F,TH0264A10Z12,,
BDN,BRANDYWINE REALTY TRUST REIT,,NEW YORK STOCK EXCHANGE INC.,JPY
BDN,BDN,US1053682035,,USD
BDO,BDO UNIBANK,,PHILIPPINE STOCK EXCHANGE INC.,JPY
BDO,BDO,PHY077751022,,PHP
BDT,BIRD CONSTRUCTION,,TORONTO STOCK EXCHANGE,JPY
BDX,BECTON DICKINSON,,NEW YORK STOCK EXCHANGE INC.,JPY
BDX,BDX,PLBUDMX00013,,PLN
BDX,BDX,US0758871091,,USD
BE,BLOOM ENERGY CLASS A,,NEW YORK STOCK EXCHANGE INC.,JPY
BE,BE,US0937121079,,USD
BEAN,BELIMO N AG,,SIX SWISS EXCHANGE,JPY
BEAN,BEAN,CH1101098163,,CHF
BECTORFOOD,MRS BECTORS FOOD SPECIALITIES,,NATIONAL STOCK EXCHANGE OF INDIA,JPY
BEEF3,MINERVA,,XBSP,JPY
BEEF3,BEEF3,BRBEEFACNOR6,,
BEI,BEIERSDORF AG,,XETRA,JPY
BEI,BEI,DE0005200000,,EUR
BEI-U,BEI-U,CA0966311064,,CAD
BEI.UN,BOARDWALK REAL ESTATE INVESTMENT T,,TORONTO STOCK EXCHANGE,JPY
BEIJ B,BEIJER REF CLASS B,,NASDAQ OMX NORDIC,JPY
BEIJB,BEIJB,SE0015949748,,SEK
BEL,BHARAT ELECTRONICS LTD,,NATIONAL STOCK EXCHANGE OF INDIA,JPY
BELA,JUMBO,,ATHENS EXCHANGE S.A. CASH MARKET,JPY
BELA,BELA,GRS282183003,,EUR
BELRISE,BELRISE INDUSTRIES LTD,,NATIONAL STOCK EXCHANGE OF INDIA,JPY
BEM.R,BANGKOK EXPRESSWAY AND METRO PCL N,,STOCK EXCHANGE OF THAILAND,JPY
BEM/F,BEM/F,TH6999010015,,
BEN,FRANKLIN TEMPLETON,,NEW YORK STOCK EXCHANGE INC.,JPY
BEN,BEN,US3546131018,,
BEP.UN,BROOKFIELD RENEWABLE PARTNERS NON,,TORONTO STOCK EXCHANGE,JPY
BEPC,BEPC,CA11285B1085,,CAD
BESI,BE SEMICONDUCTOR INDUSTRIES NV,,EURONEXT AMSTERDAM,JPY
BESI,BESI,NL0012866412,,EUR
BF/B,BF/B,US1156372096,,
BFA,BROWN FORMAN CLASS A,,NEW YORK STOCK EXCHANGE INC.,JPY
BFB,BROWN FORMAN CLASS B,,NEW YORK STOCK EXCHANGE INC.,JPY
BFIN,BFI FINANCE INDONESIA,,INDONESIA STOCK EXCHANGE,JPY
BFS,SAUL CENTERS REIT INC,,NEW YORK STOCK EXCHANGE INC.,JPY
BFS,BFS,US8043951016,,USD
BFT,BENEFIT SYSTEMS,,WARSAW STOCK EXCHANGE/EQUITIES/MAIN MARKET,JPY
BG,BUNGE GLOBAL SA,,NEW YORK STOCK EXCHANGE INC.,JPY
BG,BG,AT0000BAWAG2,,EUR
BG,BG,CH1300646267,,USD
BG0ZMJ9,XIAOMI CORPORATION,,,
BGJW376,MEITUAN,,,
BGM5R25,TONGCHENG TRAVEL,,,
BGRIM.R,B.GRIMM POWER PCL NON-VOTING DR,,STOCK EXCHANGE OF THAILAND,JPY
BH-R,BH-R,TH0168010R13,,THB
BH.R,BUMRUNGRAD HOSPITAL NON-VOTING DR,,STOCK EXCHANGE OF THAILAND,JPY
BH/F,BH/F,TH0168A10Z19,,
BHARATFORG,BHARAT FORGE,,NATIONAL STOCK EXCHANGE OF INDIA,JPY
BHARTI,BHARTI,INE397D01024,,INR
BHARTIARTL,BHARTI AIRTEL LTD,,NATIONAL STOCK EXCHANGE OF INDIA,JPY
BHC,BAUSCH HEALTH COMPANIES,,TORONTO STOCK EXCHANGE,JPY
BHE,BHE,INE263A01024,,INR
BHEL,BHARAT HEAVY ELECTRICALS LTD,,NATIONAL STOCK EXCHANGE OF INDIA,JPY
BHEL,BHEL,INE257A01026,,INR
BHFC,BHFC,INE465A01025,,INR
BHP,BHP GROUP LTD,,ASX - ALL MARKETS,JPY
BHP,BHP,AU000000BHP4,,AUD
BHR,BRAEMAR HOTELS RESORTS INC,,NEW YORK STOCK EXCHANGE INC.,JPY
BHR,BHR,US10482B1017,,USD
BHW,BANK HANDLOWY W WARSZAWIE SA,,WARSAW STOCK EXCHANGE/EQUITIES/MAIN MARKET,JPY
BID,BID CORPORATION,,JOHANNESBURG STOCK EXCHANGE,JPY
BID,BID,ZAE000216537,,ZAR
BIIB,BIOGEN,,NASDAQ,JPY
BIIB,BIIB,US09062X1037,,USD
BIL,BIL,INE787D01026,,INR
BIM,BIOMERIEUX SA,,NYSE EURONEXT - EURONEXT PARIS,JPY
BIM,BIM,FR0013280286,,EUR
BIMAS,BIMAS,TREBIMM00018,,TRY
BIMAS.E,BIM BIRLESIK MAGAZALAR A,,ISTANBUL STOCK EXCHANGE,JPY
BIMBOA,GRUPO BIMBO A,,BOLSA MEXICANA DE VALORES,JPY
BIMBOA,BIMBOA,MXP495211262,,MXN
BIOCON,BIOCON,,NATIONAL STOCK EXCHANGE OF INDIA,JPY
BIP.UN,BROOKFIELD INFRASTRUCTURE PARTNERS,,TORONTO STOCK EXCHANGE,JPY
BIR,BIRCHCLIFF ENERGY,,TORONTO STOCK EXCHANGE,JPY
BIRET,BROOKFIELD INDIA REAL ESTATE TRUST,,NATIONAL STOCK EXCHANGE OF INDIA,JPY
BIRG,BANK OF IRELAND GROUP PLC,,IRISH STOCK EXCHANGE - ALL MARKET,JPY
BIRG,BIRG,IE00BD1RP616,,EUR
BIRLACORPN,BIRLA LTD,,NATIONAL STOCK EXCHANGE OF INDIA,JPY
BJAUT,BJAUT,INE917I01010,,INR
BJAZ,BJAZ,SA0007879055,,SAR
BJC/F,BJC/F,TH0002010Z14,,
BJFIN,BJFIN,INE918I01026,,INR
BJHI,BJHI,INE118A01012,,INR
BJLVDM7,ZHEJIANG LEAPMOTOR,,,
BK6YZP5,ALIBABA GROUP HLDG,,,
BKH,BLACK HILLS CORP,,NEW YORK STOCK EXCHANGE INC.,JPY
BKNG,BOOKING HOLDINGS,,NASDAQ,JPY
BKNG,BKNG,US09857L1089,,
BKPQZT6,JD.COM INC,,,
BKR,BAKER HUGHES CLASS A,,NASDAQ,JPY
BKR,BKR,US05722G1004,,
BKT,BANKINTER SA,,BOLSA DE MADRID,JPY
BKT,BKT,ES0113679I37,,EUR
BKW,BKW N AG,,SIX SWISS EXCHANGE,JPY
BKW,BKW,CH0130293662,,CHF
BLACKBUCK,BLACKBUCK LTD,,NATIONAL STOCK EXCHANGE OF INDIA,JPY
BLC90T0,KUAISHOU TECHNOLOG,,,
BLD4QD0,HAIER SMART HOME C,,,
BLDN,BALADNA COMPANY,,QATAR EXCHANGE,JPY
BLDR,BUILDERS FIRSTSOURCE INC,,NEW YORK STOCK EXCHANGE INC.,JPY
BLDR,BLDR,US12008R1077,,
BLF8533,BILIBILI INC,,,
BLK,BLACKROCK,,NEW YORK STOCK EXCHANGE INC.,JPY
BLK,BLK,US09290D1019,,USD
BLND,BLND,GB0001367019,,GBP
BLS,BLS INTERNATIONAL SERVICES,,NATIONAL STOCK EXCHANGE OF INDIA,JPY
BLUEDART,BLUE DART EXPRESS LTD,,NATIONAL STOCK EXCHANGE OF INDIA,JPY
BLUESTARCO,BLUE STAR LTD,,NATIONAL STOCK EXCHANGE OF INDIA,JPY
BLUESTONE,BLUESTONE JEWELLERY AND LIFESTYLE,,NATIONAL STOCK EXCHANGE OF INDIA,JPY
BM93SF4,NETEASE INC,,,
BMED,BANCA MEDIOLANUM,,BORSA ITALIANA,JPY
BMED,BMED,IT0004776628,,EUR
BMMV2K8,TENCENT HLDGS LTD,,,
BMO,BANK OF MONTREAL,,TORONTO STOCK EXCHANGE,JPY
BMO,BMO,CA0636711016,,CAD
BMPS,BANCA MONTE DEI PASCHI DI SIENA SP,,BORSA ITALIANA,JPY
BMPS,BMPS,IT0005508921,,EUR
BMRI,BANK MANDIRI (PERSERO),,INDONESIA STOCK EXCHANGE,JPY
BMRI,BMRI,ID1000095003,,IDR
BMW,BMW,,XETRA,JPY
BMW,BMW,DE0005190003,,EUR
BMW5M00,LI AUTO INC,,,
BMW8R04,JD HEALTH INTERNAT,,,
BMY,BRISTOL MYERS SQUIBB,,NEW YORK STOCK EXCHANGE INC.,JPY
BMY,BMY,US1101221083,,USD
BN,BROOKFIELD CLASS A,,TORONTO STOCK EXCHANGE,JPY
BN,BN,CA11271J1075,,CAD
BN,BN,FR0000120644,,EUR
BN4,KEPPEL,,SINGAPORE EXCHANGE,JPY
BNL,BROADSTONE NET LEASE,,NEW YORK STOCK EXCHANGE INC.,JPY
BNL,BNL,US11135E2037,,USD
BNP,BNP PARIBAS SA,,NYSE EURONEXT - EURONEXT PARIS,JPY
BNP,BNP,FR0000131104,,EUR
BNR,BRENNTAG,,XETRA,JPY
BNR,BNR,DE000A1DAHH0,,EUR
BNS,BANK OF NOVA SCOTIA,,TORONTO STOCK EXCHANGE,JPY
BNS,BNS,CA0641491075,,CAD
BNY,BANK OF NEW YORK MELLON CORP,,NEW YORK STOCK EXCHANGE INC.,JPY
BNY,BNY,US0640581007,,USD
BNYK8H9,TRIP COM GROUP LTD,,,
BNZL,BUNZL,,LONDON STOCK EXCHANGE,JPY
BNZL,BNZL,GB00B0744B38,,GBP
BOB,BOB,INE028A01039,,INR
BOKF,BOK FINANCIAL CORP,,NASDAQ,JPY
BOL,BOLIDEN,,NASDAQ OMX NORDIC,JPY
BOL,BOL,FR0000039299,,EUR
BOL,BOL,SE0020050417,,SEK
BOLSAA,BOLSA MEXICANA DE VALORES,,BOLSA MEXICANA DE VALORES,JPY
BORORENEW,BOROSIL RENEWABLES LTD,,NATIONAL STOCK EXCHANGE OF INDIA,JPY
BOS,BOS,INE323A01026,,INR
BOSCHLTD,BOSCH LTD,,NATIONAL STOCK EXCHANGE OF INDIA,JPY
BOUBYAN,BOUBYAN BANK,,KUWAIT STOCK EXCHANGE,JPY
BOUBYAN,BOUBYAN,KW0EQ0102065,,KWD
BOURSA,BOURSA KUWAIT SECURITIES COMPANY,,KUWAIT STOCK EXCHANGE,JPY
BOX,BOXER RETAIL LTD,,JOHANNESBURG STOCK EXCHANGE,JPY
BP.,BP PLC,,LONDON STOCK EXCHANGE,JPY
BP/,BP/,GB0007980591,,GBP
BP6FB33,XPENG INC,,,
BPAC11,BCO BTG PACTUAL UNT SA,,XBSP,JPY
BPAC11,BPAC11,BRBPACUNT006,,
BPCC,BOUBYAN PETROCHM,,KUWAIT STOCK EXCHANGE,JPY
BPCL,BHARAT PETROLEUM,,NATIONAL STOCK EXCHANGE OF INDIA,JPY
BPCL,BPCL,INE029A01011,,INR
BPE,BPER BANCA,,BORSA ITALIANA,JPY
BPE,BPE,IT0000066123,,EUR
BPI,BANK OF THE PHILIPPINE ISLANDS,,PHILIPPINE STOCK EXCHANGE INC.,JPY
BPI,BPI,PHY0967S1694,,PHP
BPK3C96,SENSETIME GRP INC,,,
BPOP,POPULAR INC,,NASDAQ,JPY
BPR9XV6,NIO INC,,,
BPSFT,CASH COLLATERAL BPSFT USD,,-,JPY
BQB7ZL7,MIDEA GROUP CO LTD,,,
BQS7PQ5,TENCENT MUSIC ENTE,,,
BR,BROADRIDGE FINANCIAL SOLUTIONS INC,,NEW YORK STOCK EXCHANGE INC.,JPY
BR,BR,US11133T1034,,USD
BRAP4,BRADESPAR PREF SA,,XBSP,JPY
BRAP4,BRAP4,BRBRAPACNPR2,,
BRAV3,BRAVA ENERGIA,,XBSP,JPY
BRAV3,BRAV3,BRBRAVACNOR3,,
BRB3857,HUA HONG GRACE SEM,,,
BRES,BARWA REAL ESTATE,,QATAR EXCHANGE,JPY
BRIGADE,BRIGADE ENTERPRISES,,NATIONAL STOCK EXCHANGE OF INDIA,JPY
BRIT,BRIT,INE216A01030,,INR
BRITANNIA,BRITANNIA INDUSTRIES LTD,,NATIONAL STOCK EXCHANGE OF INDIA,JPY
BRIUAT0,BLK ICS USD LIQ AGENCY ACC T0,,-,JPY
BRK/B,BRK/B,US0846707026,,USD
BRKB,BERKSHIRE HATHAWAY INC CLASS B,,NEW YORK STOCK EXCHANGE INC.,JPY
BRKM5,BRASKEM PREF CLASS A,,XBSP,JPY
BRKM5,BRKM5,BRBRKMACNPA4,,
BRL,BRL CASH,,-,JPY
BRMS,BUMI RESOURCES MINERALS,,INDONESIA STOCK EXCHANGE,JPY
BRMS,BRMS,ID1000117609,,IDR
BRO,BROWN & BROWN INC,,NEW YORK STOCK EXCHANGE INC.,JPY
BRO,BRO,US1152361010,,USD
BRPT,BARITO PACIFIC,,INDONESIA STOCK EXCHANGE,JPY
BRPT,BRPT,ID1000085707,,IDR
BRSR6,BANCO DO ESTADO DO RIO GRANDE DO S,,XBSP,JPY
BRT,BRT APARTMENTS CORP,,NEW YORK STOCK EXCHANGE INC.,JPY
BRT,BRT,US0556453035,,USD
BRX,BRIXMOR PROPERTY GROUP REIT INC,,NEW YORK STOCK EXCHANGE INC.,JPY
BRX,BRX,US11120U1051,,USD
BRXVS60,ALIBABA HEALTH INF,,,
BS5YNY7,HORIZON ROBOTICS,,,
BS6,YANGZIJIANG SHIPBUILDING (HOLDINGS,,SINGAPORE EXCHANGE,JPY
BSAC,BSAC,US05965X1090,,USD
BSANTANDER,BANCO SANTANDER CHILE,,SANTIAGO STOCK EXCHANGE,JPY
BSE,BSE LTD,,NATIONAL STOCK EXCHANGE OF INDIA,JPY
BSE,BSE,INE118H01025,,INR
BSF,BSF,SA0007879782,,SAR
BSOFT,BIRLASOFT,,NATIONAL STOCK EXCHANGE OF INDIA,JPY
BSOKE.E,BATICIM CIMENTO SANAYI A.S.,,ISTANBUL STOCK EXCHANGE,JPY
BSX,BOSTON SCIENTIFIC CORP,,NEW YORK STOCK EXCHANGE INC.,JPY
BSX,BSX,US1011371077,,USD
BSY,BENTLEY SYSTEMS INC CLASS B,,NASDAQ,JPY
BT.A,BT GROUP PLC,,LONDON STOCK EXCHANGE,JPY
BT/A,BT/A,GB0030913577,,GBP
BT9QZ17,Z.AI CO LTD,,,
BTCIM.E,BATICIM BATI ANADOLU SANAYI VE TIC,,ISTANBUL STOCK EXCHANGE,JPY
BTE,BAYTEX ENERGY,,TORONTO STOCK EXCHANGE,JPY
BTG.R,BETAGRO NON-VOTING DR PCL,,STOCK EXCHANGE OF THAILAND,JPY
BTO,B2GOLD,,TORONTO STOCK EXCHANGE,JPY
BTS.R,BTS GROUP HOLDINGS NON-VOTING DR,,STOCK EXCHANGE OF THAILAND,JPY
BUKA,BUKALAPAK.COM,,INDONESIA STOCK EXCHANGE,JPY
BUMI,BUMI RESOURCES,,INDONESIA STOCK EXCHANGE,JPY
BUPA,BUPA,SA1210540914,,SAR
BURG,BURGAN BANK,,KUWAIT STOCK EXCHANGE,JPY
BURL,BURL,US1220171060,,USD
BURSA,BURSA MALAYSIA,,BURSA MALAYSIA,JPY
BVI,BUREAU VERITAS SA,,NYSE EURONEXT - EURONEXT PARIS,JPY
BVI,BVI,FR0006174348,,EUR
BVN,BUENAVENTURA ADR REPRESENTING,,NEW YORK STOCK EXCHANGE INC.,JPY
BVN,BVN,US2044481040,,USD
BVT,BIDVEST GROUP,,JOHANNESBURG STOCK EXCHANGE,JPY
BVT,BVT,ZAE000117321,,ZAR
BWJFCD6,MINIMAX GROUP INC,,,
BWP,BWP,AU000000BWP3,,AUD
BWXT,BWX TECHNOLOGIES INC,,NEW YORK STOCK EXCHANGE INC.,JPY
BX,BLACKSTONE,,NEW YORK STOCK EXCHANGE INC.,JPY
BX,BX,US09260D1072,,USD
BXB,BRAMBLES,,ASX - ALL MARKETS,JPY
BXB,BXB,AU000000BXB1,,AUD
BXP,BXP,,NEW YORK STOCK EXCHANGE INC.,JPY
BXP,BXP,US1011211018,,USD
BYD,BOYD GROUP SERVICES INC,,TORONTO STOCK EXCHANGE,JPY
BYG,BYG,GB0002869419,,GBP
BYLOT,BALLYS INTRALOT SA,,ATHENS EXCHANGE S.A. CASH MARKET,JPY
BZ,KANZHUN AMERICAN DEPOSITORY SHARES,,NASDAQ,JPY
BZ,BZ,US48553T1060,,USD
BZFUT,CASH COLLATERAL EUR BZFUT,,-,JPY
BZU,BUZZI,,BORSA ITALIANA,JPY
BZU,BZU,IT0001347308,,EUR
C,CITIGROUP INC,,NEW YORK STOCK EXCHANGE INC.,JPY
C,C,US1729674242,,USD
C6L,SINGAPORE AIRLINES LTD,,SINGAPORE EXCHANGE,JPY
CA,CARREFOUR SA,,NYSE EURONEXT - EURONEXT PARIS,JPY
CA,CA,FR0000120172,,EUR
CABK,CAIXABANK SA,,BOLSA DE MADRID,JPY
CABK,CABK,ES0140609019,,EUR
CABLE,GULF CABLE AND ELECTRICAL INDUSTRI,,KUWAIT STOCK EXCHANGE,JPY
CAD,CAD CASH,,-,JPY
CAE,CAE INC,,TORONTO STOCK EXCHANGE,JPY
CAE,CAE,CA1247651088,,CAD
CAH,CARDINAL HEALTH,,NEW YORK STOCK EXCHANGE INC.,JPY
CAH,CAH,US14149Y1082,,USD
CAMS,COMPUTER AGE MANAGEMENT SERVICES,,NATIONAL STOCK EXCHANGE OF INDIA,JPY
CANFINHOME,CAN FIN HOMES LTD,,NATIONAL STOCK EXCHANGE OF INDIA,JPY
CAP,CAPGEMINI,,NYSE EURONEXT - EURONEXT PARIS,JPY
CAP,CAP,FR0000125338,,EUR
CAPLIPOINT,CAPLIN POINT LABORATORIES LTD,,NATIONAL STOCK EXCHANGE OF INDIA,JPY
CAR,CAR GROUP,,ASX - ALL MARKETS,JPY
CAR,CAR,AU000000CAR3,,AUD
CAR-U,CAR-U,CA1349211054,,CAD
CAR.UN,CANADIAN APARTMENT PROPERTIES REAL,,TORONTO STOCK EXCHANGE,JPY
CARBORUNIV,CARBORUNDUM UNIVERSAL LTD,,NATIONAL STOCK EXCHANGE OF INDIA,JPY
CAREIT,CAREIT,SGXC43938841,,SGD
CARL B,CARLSBERG AS CL B,,OMX NORDIC EXCHANGE COPENHAGEN A/S,JPY
CARLB,CARLB,DK0010181759,,DKK
CARLSBG,CARLSBERG BREWERY MALAYSIA,,BURSA MALAYSIA,JPY
CARM,CARM,FR0010828137,,EUR
CARR,CARRIER GLOBAL,,NEW YORK STOCK EXCHANGE INC.,JPY
CARR,CARR,US14448C1045,,USD
CARTRADE,CARTRADE TECH,,NATIONAL STOCK EXCHANGE OF INDIA,JPY
CASH,HKD,,,
CASTROLIND,CASTROL INDIA LTD,,NATIONAL STOCK EXCHANGE OF INDIA,JPY
CASY,CASEYS GENERAL STORES INC,,NASDAQ,JPY
CASY,CASY,US1475281036,,USD
CAT,CATERPILLAR INC,,NEW YORK STOCK EXCHANGE INC.,JPY
CAT,CAT,US1491231015,,
CB,CHUBB,,NEW YORK STOCK EXCHANGE INC.,JPY
CB,CB,CH0044328745,,USD
CBA,COMMONWEALTH BANK OF AUSTRALIA,,ASX - ALL MARKETS,JPY
CBA,CBA,AU000000CBA7,,AUD
CBAV3,COMPANHIA BRASILEIRA DE ALUMINIO,,XBSP,JPY
CBG.R,CARABAO GROUP PCL SHS NON-VOTING D,,STOCK EXCHANGE OF THAILAND,JPY
CBK,COMMERZBANK AG,,XETRA,JPY
CBK,CBK,DE000CBK1001,,EUR
CBK,CBK,INE476A01022,,INR
CBKD,CBKD,US2017122050,,USD
CBL,CBL ASSOCIATES PROPERTIES,,NEW YORK STOCK EXCHANGE INC.,JPY
CBL,CBL,US1248308785,,USD
CBOE,CBOE GLOBAL MARKETS,,CBOE BZX,JPY
CBOE,CBOE,US12503M1080,,USD
CBOM,MOS CREDIT BANK,,STANDARD-CLASSICA-FORTS,JPY
CBQK,COMMERCIAL BANK OF QATAR,,QATAR EXCHANGE,JPY
CBQK,CBQK,QA0007227752,,QAR
CBRE,CBRE GROUP CLASS A,,NEW YORK STOCK EXCHANGE INC.,JPY
CBRE,CBRE,US12504L1098,,USD
CBRS,CEREBRAS SYSTEMS INC CLASS A,,NASDAQ,JPY
CBSH,COMMERCE BANCSHARES,,NASDAQ,JPY
CBT,CABOT CORP,,NEW YORK STOCK EXCHANGE INC.,JPY
CCA,COGECO COMMUNICATIONS SUBORDINATE,,TORONTO STOCK EXCHANGE,JPY
CCAVENUE,AVENUESAI LTD,,NATIONAL STOCK EXCHANGE OF INDIA,JPY
CCEP,COCA COLA EUROPACIFIC PARTNERS PLC,,NASDAQ,JPY
CCEP,CCEP,GB00BDCPN049,,
CCET/F,CCET/F,TH0639010Z13,,
CCH,COCA COLA HBC AG,,LONDON STOCK EXCHANGE,JPY
CCH,CCH,CH0198251305,,GBP
CCI,CROWN CASTLE INC,,NEW YORK STOCK EXCHANGE INC.,JPY
CCI,CCI,US22822V1017,,USD
CCK,CROWN HOLDINGS INC,,NEW YORK STOCK EXCHANGE INC.,JPY
CCL,CARNIVAL CORP LTD,,NEW YORK STOCK EXCHANGE INC.,JPY
CCL,CCL,BMG2004J1036,,USD
CCL.B,CCL INDUSTRIES CLASS B,,TORONTO STOCK EXCHANGE,JPY
CCL/B,CCL/B,CA1249003098,,CAD
CCO,CAMECO,,TORONTO STOCK EXCHANGE,JPY
CCO,CCO,CA13321L1085,,CAD
CCU,COMPANIA CERVECERIAS UNIDAS SA,,SANTIAGO STOCK EXCHANGE,JPY
CDB,CELCOMDIGI,,BURSA MALAYSIA,JPY
CDB,CDB,MYL6947OO005,,
CDE,CDE,US1921085049,,USD
CDNS,CADENCE DESIGN SYSTEMS,,NASDAQ,JPY
CDNS,CDNS,US1273871087,,
CDP,COPT DEFENSE PROPERTIES,,NEW YORK STOCK EXCHANGE INC.,JPY
CDP,CDP,US22002T1088,,USD
CDR,CD PROJEKT,,WARSAW STOCK EXCHANGE/EQUITIES/MAIN MARKET,JPY
CDR,CDR,PLOPTTC00011,,PLN
CDREIT,CDREIT,SG1T66931158,,SGD
CDSL,CENTRAL DEPOSITORY SERVICES (INDIA,,NATIONAL STOCK EXCHANGE OF INDIA,JPY
CDW,CDW,,NASDAQ,JPY
CDW,CDW,US12514G1085,,USD
CEAB3,C A MODAS,,XBSP,JPY
CEAB3,CEAB3,BRCEABACNOR1,,
CEATLTD,CEAT,,NATIONAL STOCK EXCHANGE OF INDIA,JPY
CEG,CONSTELLATION ENERGY CORP,,NASDAQ,JPY
CEG,CEG,US21037T1097,,
CEMARGOS,CEMENTOS ARGOS SA,,BOLSA DE VALORES DE COLOMBIA,JPY
CEMEXCPO,CEMEX CPO,,BOLSA MEXICANA DE VALORES,JPY
CEMEXCPO,CEMEXCPO,MXP225611567,,MXN
CEMPRO,CEMINDIA PROJECTS LTD,,NATIONAL STOCK EXCHANGE OF INDIA,JPY
CEN,CONTACT ENERGY LTD,,NEW ZEALAND EXCHANGE LTD,JPY
CEN,CEN,NZCENE0001S6,,NZD
CENCOSUD,CENCOSUD,,SANTIAGO STOCK EXCHANGE,JPY
CENCOSUD,CENCOSUD,CL0000000100,,CLP
CENTEL.R,CENTRAL PLAZA HOTEL NON-VOTING DR,,STOCK EXCHANGE OF THAILAND,JPY
CENTURYPLY,CENTURY PLYBOARDS INDIA LTD,,NATIONAL STOCK EXCHANGE OF INDIA,JPY
CESC,CESC LTD,,NATIONAL STOCK EXCHANGE OF INDIA,JPY
CEU,CES ENERGY SOLUTIONS CORP,,TORONTO STOCK EXCHANGE,JPY
CEVA,CEVA,,NASDAQ,JPY
CEZ,CEZ,,PRAGUE STOCK EXCHANGE,JPY
CEZ,CEZ,CZ0005112300,,CZK
CF,CF INDUSTRIES HOLDINGS INC,,NEW YORK STOCK EXCHANGE INC.,JPY
CF,CF,US1252691001,,USD
CFG,CITIZENS FINANCIAL GROUP INC,,NEW YORK STOCK EXCHANGE INC.,JPY
CFG,CFG,US1746101054,,USD
CFR,COMPAGNIE FINANCIERE RICHEMONT SA,,SIX SWISS EXCHANGE,JPY
CFR,CFR,CH0210483332,,CHF
CG,CENTERRA GOLD,,TORONTO STOCK EXCHANGE,JPY
CG,CG,US14316J1088,,USD
CGCL,CAPRI GLOBAL CAPITAL LTD,,NATIONAL STOCK EXCHANGE OF INDIA,JPY
CGNX,COGNEX,,NASDAQ,JPY
CGPOWER,CG POWER AND INDUSTRIAL SOLUTIONS,,NATIONAL STOCK EXCHANGE OF INDIA,JPY
CGPOWER,CGPOWER,INE067A01029,,INR
CHALET,CHALET HOTELS LTD,,NATIONAL STOCK EXCHANGE OF INDIA,JPY
CHAMBLFERT,CHAMBAL FERTILISERS AND CHEMICALS,,NATIONAL STOCK EXCHANGE OF INDIA,JPY
CHC,CHC,AU000000CHC0,,AUD
CHCT,COMMUNITY HEALTHCARE TRUST INC,,NEW YORK STOCK EXCHANGE INC.,JPY
CHCT,CHCT,US20369C1062,,USD
CHD,CHURCH AND DWIGHT INC,,NEW YORK STOCK EXCHANGE INC.,JPY
CHD,CHD,US1713401024,,USD
CHDN,CHURCHILL DOWNS,,NASDAQ,JPY
CHE,CHEMED CORP,,NEW YORK STOCK EXCHANGE INC.,JPY
CHENNPETRO,CHENNAI PETROLEUM CORPORATION LTD,,NATIONAL STOCK EXCHANGE OF INDIA,JPY
CHF,CHF CASH,,-,JPY
CHG.R,CHULARAT HOSPITAL NON-VOTING DR PC,,STOCK EXCHANGE OF THAILAND,JPY
CHILE,BANCO DE CHILE,,SANTIAGO STOCK EXCHANGE,JPY
CHKP,CHKP,IL0010824113,,USD
CHMF,SEVERSTAL,,STANDARD-CLASSICA-FORTS,JPY
CHOICEIN,CHOICE INTERNATIONAL LTD,,NATIONAL STOCK EXCHANGE OF INDIA,JPY
CHOLAFIN,CHOLAMANDALAM INVESTMENT AND FINAN,,NATIONAL STOCK EXCHANGE OF INDIA,JPY
CHOLAHLDNG,CHOLAMANDALAM FINANCIAL HOLDINGS L,,NATIONAL STOCK EXCHANGE OF INDIA,JPY
CHP-U,CHP-U,CA17039A1066,,CAD
CHP.UN,CHOICE PROPERTIES REAL ESTATE INVE,,TORONTO STOCK EXCHANGE,JPY
CHRW,CH ROBINSON WORLDWIDE,,NASDAQ,JPY
CHRW,CHRW,US12541W2098,,USD
CHTR,CHARTER COMMUNICATIONS CLASS A,,NASDAQ,JPY
CHTR,CHTR,US16119P1084,,USD
CI,CIGNA,,NEW YORK STOCK EXCHANGE INC.,JPY
CI,CI,US1255231003,,USD
CIB,CIB,US40090E1064,,USD
CIBEST,GRUPO CIBEST SA,,BOLSA DE VALORES DE COLOMBIA,JPY
CIBEST,CIBEST,COTK7PA00010,,COP
CICT,CAPITALAND INTEGRATED COMMERCIAL T,,SINGAPORE EXCHANGE,JPY
CICT,CICT,SG1M51904654,,SGD
CIEINDIA,CIE AUTOMOTIVE INDIA LTD,,NATIONAL STOCK EXCHANGE OF INDIA,JPY
CIEN,CIENA,,NEW YORK STOCK EXCHANGE INC.,JPY
CIEN,CIEN,US1717793095,,USD
CIFC,CIFC,INE121A01024,,INR
CIGI,COLLIERS INTERNATIONAL GROUP SUBOR,,TORONTO STOCK EXCHANGE,JPY
CIMB,CIMB GROUP HOLDINGS,,BURSA MALAYSIA,JPY
CIMB,CIMB,MYL1023OO000,,
CIMSA.E,CIMSA CIMENTO SANAYII VE TICARET A,,ISTANBUL STOCK EXCHANGE,JPY
CINF,CINCINNATI FINANCIAL,,NASDAQ,JPY
CINF,CINF,US1720621010,,USD
CIP,CIP,AU000000CIP0,,AUD
CIPLA,CIPLA LTD,,NATIONAL STOCK EXCHANGE OF INDIA,JPY
CIPLA,CIPLA,INE059A01026,,INR
CJT,CARGOJET,,TORONTO STOCK EXCHANGE,JPY
CK.R,CH KARNCHANG NON-VOTING DR PCL,,STOCK EXCHANGE OF THAILAND,JPY
CL,COLGATE-PALMOLIVE,,NEW YORK STOCK EXCHANGE INC.,JPY
CL,CL,US1941621039,,USD
CLAR,CAPITALAND ASCENDAS REIT,,SINGAPORE EXCHANGE,JPY
CLAR,CLAR,SG1M77906915,,SGD
CLAS,CLAS,SGXC16332337,,SGD
CLCT,CLCT,SG1U25933169,,SGD
CLDT,CHATHAM LODGING TRUST REIT,,NEW YORK STOCK EXCHANGE INC.,JPY
CLDT,CLDT,US16208T1025,,USD
CLEAN,CLEAN SCIENCE AND TECHNOLOGY,,NATIONAL STOCK EXCHANGE OF INDIA,JPY
CLGT,CLGT,INE259A01022,,INR
CLI,CLI,GB00BF044593,,GBP
CLI,CLI,SGXE62145532,,SGD
CLNX,CELLNEX TELECOM,,BOLSA DE MADRID,JPY
CLNX,CLNX,ES0105066007,,EUR
CLP,CLP CASH,,-,JPY
CLS,CELESTICA,,TORONTO STOCK EXCHANGE,JPY
CLS,CLS,CA15101Q2071,,CAD
CLS,CLS,ZAE000134854,,ZAR
CLW,CLW,AU000000CLW0,,AUD
CLX,CLOROX,,NEW YORK STOCK EXCHANGE INC.,JPY
CLX,CLX,US1890541097,,USD
CM,CANADIAN IMPERIAL BANK OF COMMERCE,,TORONTO STOCK EXCHANGE,JPY
CM,CM,CA1360691010,,CAD
CMC,COMMERCIAL METALS,,NEW YORK STOCK EXCHANGE INC.,JPY
CMCSA,COMCAST CLASS A,,NASDAQ,JPY
CMCSA,CMCSA,US20030N1019,,
CME,CME GROUP CLASS A,,NASDAQ,JPY
CME,CME,US12572Q1058,,USD
CMG,CHIPOTLE MEXICAN GRILL,,NEW YORK STOCK EXCHANGE INC.,JPY
CMG,CMG,US1696561059,,USD
CMI,CUMMINS INC,,NEW YORK STOCK EXCHANGE INC.,JPY
CMI,CMI,US2310211063,,USD
CMIG4,CIA ENERGETICA DE MINAS GERAIS PRE,,XBSP,JPY
CMIG4,CMIG4,BRCMIGACNPR3,,
CMIN3,CMIN3,BRCMINACNOR2,,
CML,CORONATION FUND MANAGERS LTD,,JOHANNESBURG STOCK EXCHANGE,JPY
CMPC,EMPRESAS CMPC SA,,SANTIAGO STOCK EXCHANGE,JPY
CMS,CMS ENERGY,,NEW YORK STOCK EXCHANGE INC.,JPY
CMS,CMS,US1258961002,,USD
CMSINFO,CMS INFO SYSTEMS LTD,,NATIONAL STOCK EXCHANGE OF INDIA,JPY
CMW,CMW,AU000000CMW8,,AUD
CNA,CENTRICA PLC,,LONDON STOCK EXCHANGE,JPY
CNA,CNA,GB00B033F229,,GBP
CNC,CENTENE CORP,,NEW YORK STOCK EXCHANGE INC.,JPY
CNC,CNC,US15135B1017,,USD
CNH,CNH CASH,,-,JPY
CNH,CNH,NL0010545661,,USD
CNI,CNI,AU000000CNI5,,AUD
CNO,CNO FINANCIAL GROUP,,NEW YORK STOCK EXCHANGE INC.,JPY
CNP,CENTERPOINT ENERGY,,NEW YORK STOCK EXCHANGE INC.,JPY
CNP,CNP,US15189T1079,,USD
CNPF,CENTURY PACIFIC FOOD INC,,PHILIPPINE STOCK EXCHANGE INC.,JPY
CNQ,CANADIAN NATURAL RESOURCES LTD,,TORONTO STOCK EXCHANGE,JPY
CNQ,CNQ,CA1363851017,,CAD
CNR,CANADIAN NATIONAL RAILWAY,,TORONTO STOCK EXCHANGE,JPY
CNR,CNR,CA1363751027,,CAD
CNVRG,CONVERGE INFORMATION & COMMUNICATI,,PHILIPPINE STOCK EXCHANGE INC.,JPY
CNYA,CNYA,IE00BQT3WG13,,USD
COAL,COAL,INE522F01014,,INR
COALINDIA,COAL INDIA,,NATIONAL STOCK EXCHANGE OF INDIA,JPY
CODE,Name,,,
COF,CAPITAL ONE FINANCIAL CORP,,NEW YORK STOCK EXCHANGE INC.,JPY
COF,COF,AU0000077893,,AUD
COF,COF,US14040H1059,,USD
COFORGE,COFORGE,,NATIONAL STOCK EXCHANGE OF INDIA,JPY
COGN3,COGNA EDUCACAO SA,,XBSP,JPY
COGN3,COGN3,BRCOGNACNOR2,,
COH,COCHLEAR,,ASX - ALL MARKETS,JPY
COH,COH,AU000000COH5,,AUD
COHANCE,COHANCE LIFESCIENCES LTD,,NATIONAL STOCK EXCHANGE OF INDIA,JPY
COHR,COHERENT,,NEW YORK STOCK EXCHANGE INC.,JPY
COHR,COHR,US19247G1076,,USD
COIN,COINBASE GLOBAL INC CLASS A,,NASDAQ,JPY
COIN,COIN,US19260Q1076,,USD
COL,COLES GROUP LTD,,ASX - ALL MARKETS,JPY
COL,COL,AU0000030678,,AUD
COL,COL,ES0139140174,,EUR
COLBUN,COLBUN MACHICURA SA,,SANTIAGO STOCK EXCHANGE,JPY
COLD,AMERICOLD REALTY INC TRUST,,NEW YORK STOCK EXCHANGE INC.,JPY
COLD,COLD,US03064D1081,,USD
COLO B,COLOPLAST B,,OMX NORDIC EXCHANGE COPENHAGEN A/S,JPY
COLOB,COLOB,DK0060448595,,DKK
COLPAL,COLGATE PALMOLIVE INDIA LTD,,NATIONAL STOCK EXCHANGE OF INDIA,JPY
COLT,COLT CZ GROUP,,PRAGUE STOCK EXCHANGE,JPY
COM7.R,COM7 NON-VOTING DR,,STOCK EXCHANGE OF THAILAND,JPY
COM7/F,COM7/F,TH6678010013,,
COMI,COMMERCIAL INTERNATIONAL BANK EGYP,,EGYPTIAN EXCHANGE,JPY
CON,CONTINENTAL AG,,XETRA,JPY
CON,CON,DE0005439004,,EUR
CONCHATORO,VINA CONCHA Y TORO INC,,SANTIAGO STOCK EXCHANGE,JPY
CONCOR,CONTAINER CORPORATION OF INDIA LTD,,NATIONAL STOCK EXCHANGE OF INDIA,JPY
CONCORDBIO,CONCORD BIOTECH LTD,,NATIONAL STOCK EXCHANGE OF INDIA,JPY
COO,COOPER,,NASDAQ,JPY
COO,COO,US2166485019,,USD
COP,CONOCOPHILLIPS,,NEW YORK STOCK EXCHANGE INC.,JPY
COP,COP,US20825C1045,,USD
COPEC,EMPRESAS COPEC SA,,SANTIAGO STOCK EXCHANGE,JPY
COPEC,COPEC,CLP7847L1080,,CLP
COR,CENCORA,,NEW YORK STOCK EXCHANGE INC.,JPY
COR,COR,US03073E1055,,USD
COROMANDEL,COROMANDEL INTERNATIONAL LTD,,NATIONAL STOCK EXCHANGE OF INDIA,JPY
COST,COSTCO WHOLESALE CORP,,NASDAQ,JPY
COST,COST,US22160K1051,,
COV,COVIVIO SA,,NYSE EURONEXT - EURONEXT PARIS,JPY
COV,COV,FR0000064578,,EUR
CP,CANADIAN PACIFIC KANSAS CITY,,TORONTO STOCK EXCHANGE,JPY
CP,CP,CA13646K1084,,CAD
CPALL-R,CPALL-R,TH0737010R15,,THB
CPALL.R,CP ALL NON-VOTING DR,,STOCK EXCHANGE OF THAILAND,JPY
CPALL/F,CPALL/F,TH0737010Y16,,
CPAY,CORPAY,,NEW YORK STOCK EXCHANGE INC.,JPY
CPAY,CPAY,US2199481068,,USD
CPF-R,CPF-R,TH0101010R14,,THB
CPF.R,CHAROEN POKPHAND FOODS NON-VOTING,,STOCK EXCHANGE OF THAILAND,JPY
CPF/F,CPF/F,TH0101A10Z19,,
CPFE3,CPFL ENERGIA,,XBSP,JPY
CPFE3,CPFE3,BRCPFEACNOR0,,
CPG,COMPASS GROUP PLC,,LONDON STOCK EXCHANGE,JPY
CPG,CPG,GB00BD6K4575,,USD
CPI,CAPITEC LTD,,JOHANNESBURG STOCK EXCHANGE,JPY
CPI,CPI,ZAE000035861,,ZAR
CPIN,CHAROEN POKPHAND INDONESIA,,INDONESIA STOCK EXCHANGE,JPY
CPIN,CPIN,ID1000117708,,IDR
CPINV,CPINV,BE0974273055,,EUR
CPLE3,CIA PARANAENSE DE ENERGIA COPEL,,XBSP,JPY
CPLE3,CPLE3,BRCPLEACNOR8,,
CPN-R,CPN-R,TH0481010R10,,
CPN.R,CENTRAL PATTANA NON-VOTING DR PCL,,STOCK EXCHANGE OF THAILAND,JPY
CPPLUS,ADITYA INFOTECH LTD,,NATIONAL STOCK EXCHANGE OF INDIA,JPY
CPR,DAVIDE CAMPARI MILANO NV,,BORSA ITALIANA,JPY
CPR,CPR,NL0015435975,,EUR
CPRT,COPART INC,,NASDAQ,JPY
CPRT,CPRT,US2172041061,,
CPS,CYFROWY POLSAT SA,,WARSAW STOCK EXCHANGE/EQUITIES/MAIN MARKET,JPY
CPT,CAMDEN PROPERTY TRUST REIT,,NEW YORK STOCK EXCHANGE INC.,JPY
CPT,CPT,US1331311027,,USD
CPU,COMPUTERSHARE LTD,,ASX - ALL MARKETS,JPY
CPU,CPU,AU000000CPU5,,AUD
CPX,CAPITAL POWER CORP,,TORONTO STOCK EXCHANGE,JPY
CQE,CQE,AU0000030645,,AUD
CQR,CQR,AU000000CQR9,,AUD
CRAFTSMAN,CRAFTSMAN AUTOMATION LTD,,NATIONAL STOCK EXCHANGE OF INDIA,JPY
CRBG,CRBG,US21871X1090,,USD
CRC,CALIFORNIA RESOURCES,,NEW YORK STOCK EXCHANGE INC.,JPY
CRC/F,CRC/F,TH9597010015,,
CRCL,CRCL,US1725731079,,USD
CRDO,CREDO TECHNOLOGY GROUP HOLDING LTD,,,
CRDO,CRDO,KYG254571055,,USD
CREDIA,CREDIABANK SA,,ATHENS EXCHANGE S.A. CASH MARKET,JPY
CREDITACC,CREDITACCESS GRAMEEN LTD,,NATIONAL STOCK EXCHANGE OF INDIA,JPY
CREI,CREI,GB00BJFLFT45,,GBP
CRH,CRH PUBLIC LIMITED PLC,,NEW YORK STOCK EXCHANGE INC.,JPY
CRH,CRH,IE0001827041,,USD
CRIN,CRIN,INE169A01031,,INR
CRISIL,CRISIL LTD,,NATIONAL STOCK EXCHANGE OF INDIA,JPY
CRL,CHARLES RIVER LABORATORIES INTERNA,,NEW YORK STOCK EXCHANGE INC.,JPY
CRL,CRL,US1598641074,,
CRM,SALESFORCE,,NEW YORK STOCK EXCHANGE INC.,JPY
CRM,CRM,US79466L3024,,
CROMPTON,CROMPTON GREAVES CONSUMER ELECTRIC,,NATIONAL STOCK EXCHANGE OF INDIA,JPY
CRR-U,CRR-U,CA2271071094,,CAD
CRR.UN,CROMBIE REAL ESTATE INVESTMENT TRU,,TORONTO STOCK EXCHANGE,JPY
CRT-U,CRT-U,CA1264621006,,CAD
CRT.UN,CT REIT UNITS TRUST,,TORONTO STOCK EXCHANGE,JPY
CRWD,CROWDSTRIKE HOLDINGS CLASS A,,NASDAQ,JPY
CRWD,CRWD,US22788C1053,,
CRWV,COREWEAVE CLASS A,,NASDAQ,JPY
CRWV,CRWV,US21873S1087,,
CS,AXA SA,,NYSE EURONEXT - EURONEXT PARIS,JPY
CS,CS,FR0000120628,,EUR
CSAN3,COSAN INDUSTRIA E COMERCIO,,XBSP,JPY
CSAN3,CSAN3,BRCSANACNOR6,,
CSBBANK,CSB BANK LTD,,NATIONAL STOCK EXCHANGE OF INDIA,JPY
CSCO,CISCO SYSTEMS INC,,NASDAQ,JPY
CSCO,CSCO,US17275R1023,,
CSG,CSG CLASS A NV,,EURONEXT AMSTERDAM,JPY
CSG,CSG,NL0015073TS8,,EUR
CSGP,COSTAR GROUP,,NASDAQ,JPY
CSGP,CSGP,US22160N1090,,USD
CSH.UN,CHARTWELL RETIREMENT RESIDENCES RE,,TORONTO STOCK EXCHANGE,JPY
CSL,CSL,,ASX - ALL MARKETS,JPY
CSL,CSL,AU000000CSL8,,AUD
CSL,CSL,US1423391002,,USD
CSMG3,COMPANHIA DE SANEAMENTO DE MINAS G,,XBSP,JPY
CSMG3,CSMG3,BRCSMGACNOR5,,
CSNA3,COMPANHIA SIDERURGICA NACIONAL SA,,XBSP,JPY
CSNA3,CSNA3,BRCSNAACNOR6,,
CSR,CENTERSPACE,,NEW YORK STOCK EXCHANGE INC.,JPY
CSR,CSR,US15202L1070,,USD
CSU,CONSTELLATION SOFTWARE,,TORONTO STOCK EXCHANGE,JPY
CSU,CSU,CA21037X1006,,CAD
CSW,CSW INDUSTRIALS,,NEW YORK STOCK EXCHANGE INC.,JPY
CSX,CSX,,NASDAQ,JPY
CSX,CSX,US1264081035,,
CTAS,CINTAS,,NASDAQ,JPY
CTAS,CTAS,US1729081059,,
CTC.A,CANADIAN TIRE LTD CLASS A,,TORONTO STOCK EXCHANGE,JPY
CTC/A,CTC/A,CA1366812024,,CAD
CTO,CTO REALTY GROWTH INC,,NEW YORK STOCK EXCHANGE INC.,JPY
CTO,CTO,US22948Q1013,,USD
CTRA,CIPUTRA DEVELOPMENT,,INDONESIA STOCK EXCHANGE,JPY
CTRE,CARETRUST REIT,,NEW YORK STOCK EXCHANGE INC.,JPY
CTRE,CTRE,US14174T1079,,USD
CTSH,COGNIZANT TECHNOLOGY SOLUTIONS CLA,,NASDAQ,JPY
CTSH,CTSH,US1924461023,,USD
CTVA,CORTEVA,,NEW YORK STOCK EXCHANGE INC.,JPY
CTVA,CTVA,US22052L1044,,USD
CU,CANADIAN UTILITIES LTD CLASS A,,TORONTO STOCK EXCHANGE,JPY
CU,CU,CA1367178326,,CAD
CUB,CITY UNION BANK LTD,,NATIONAL STOCK EXCHANGE OF INDIA,JPY
CUBE,CUBESMART REIT,,NEW YORK STOCK EXCHANGE INC.,JPY
CUBE,CUBE,US2296631094,,USD
CUMMINSIND,CUMMINS INDIA LTD,,NATIONAL STOCK EXCHANGE OF INDIA,JPY
CURA,CURALEAF HLDGS,,TORONTO STOCK EXCHANGE,JPY
CURB,CURBLINE PROPERTIES,,NEW YORK STOCK EXCHANGE INC.,JPY
CURB,CURB,US23128Q1013,,USD
CURY3,CURY CONSTRTUTORA E INCORPORADORA,,XBSP,JPY
CURY3,CURY3,BRCURYACNOR3,,
CUZ,COUSINS PROPERTIES REIT INC,,NEW YORK STOCK EXCHANGE INC.,JPY
CUZ,CUZ,US2227955026,,USD
CVC,CVC CAPITAL PARTNERS PLC,,EURONEXT AMSTERDAM,JPY
CVC,CVC,JE00BRX98089,,EUR
CVE,CENOVUS ENERGY,,TORONTO STOCK EXCHANGE,JPY
CVE,CVE,CA15135U1093,,CAD
CVKMD.E,CVK MADEN ISLETMELERI SANAYI VE TI,,ISTANBUL STOCK EXCHANGE,JPY
CVNA,CARVANA CLASS A,,NEW YORK STOCK EXCHANGE INC.,JPY
CVNA,CVNA,US1468691027,,USD
CVS,CVS HEALTH,,NEW YORK STOCK EXCHANGE INC.,JPY
CVS,CVS,US1266501006,,USD
CVX,CHEVRON,,NEW YORK STOCK EXCHANGE INC.,JPY
CVX,CVX,US1667641005,,
CW,CURTISS WRIGHT,,NEW YORK STOCK EXCHANGE INC.,JPY
CW,CW,US2315611010,,USD
CXSE3,CAIXA SEGURIDADE PARTICIPACOES SA,,XBSP,JPY
CXSE3,CXSE3,BRCXSEACNOR7,,
CYD,CHINA YUCHAI INTERNATIONAL LTD,,NEW YORK STOCK EXCHANGE INC.,JPY
CYIENT,CYIENT,,NATIONAL STOCK EXCHANGE OF INDIA,JPY
CYRE3,CYRELA BRAZIL REALTY SA,,XBSP,JPY
CYRE3,CYRE3,BRCYREACNOR7,,
CZK,CZK CASH,,-,JPY
D,DOMINION ENERGY,,NEW YORK STOCK EXCHANGE INC.,JPY
D,D,US25746U1097,,USD
D-U,D-U,CA26153P2035,,CAD
D05,DBS GROUP HOLDINGS LTD,,SINGAPORE EXCHANGE,JPY
DABUR,DABUR INDIA,,NATIONAL STOCK EXCHANGE OF INDIA,JPY
DABUR,DABUR,INE016A01026,,INR
DAL,DELTA AIR LINES,,NEW YORK STOCK EXCHANGE INC.,JPY
DAL,DAL,US2473617023,,USD
DANA,DANA GAS,,ABU DHABI SECURITIES EXCHANGE,JPY
DANSKE,DANSKE BANK,,OMX NORDIC EXCHANGE COPENHAGEN A/S,JPY
DANSKE,DANSKE,DK0010274414,,DKK
DASH,DOORDASH CLASS A,,NASDAQ,JPY
DASH,DASH,US25809K1051,,
DATAPATTNS,DATA PATTERNS INDIA LTD,,NATIONAL STOCK EXCHANGE OF INDIA,JPY
DB1,DEUTSCHE BOERSE AG,,XETRA,JPY
DB1,DB1,DE0005810055,,EUR
DBK,DEUTSCHE BANK AG,,XETRA,JPY
DBK,DBK,DE0005140008,,EUR
DBREALTY,VALOR ESTATE LTD,,NATIONAL STOCK EXCHANGE OF INDIA,JPY
DBS,DBS,SG1L01001701,,SGD
DCI,DONALDSON,,NEW YORK STOCK EXCHANGE INC.,JPY
DCP,DIS-CHEM PHARMACIES LTD,,JOHANNESBURG STOCK EXCHANGE,JPY
DCREIT,DCREIT,SGXC50067435,,USD
DD,DUPONT DE NEMOURS,,NEW YORK STOCK EXCHANGE INC.,JPY
DD,DD,US26614N2018,,USD
DDD,3D SYSTEMS CORP,,NEW YORK STOCK EXCHANGE INC.,JPY
DDOG,DATADOG INC CLASS A,,NASDAQ,JPY
DDOG,DDOG,US23804L1035,,
DDS,DILLARDS CLASS A,,NEW YORK STOCK EXCHANGE INC.,JPY
DE,DEERE,,NEW YORK STOCK EXCHANGE INC.,JPY
DE,DE,US2441991054,,USD
DEA,EASTERLY GOVERNMENT PROPERTIES INC,,NEW YORK STOCK EXCHANGE INC.,JPY
DEA,DEA,US27616P3010,,USD
DECK,DECKERS OUTDOOR,,NEW YORK STOCK EXCHANGE INC.,JPY
DECK,DECK,US2435371073,,USD
DEEPAKFERT,DEEPAK FERTILISERS AND PETROCHEMIC,,NATIONAL STOCK EXCHANGE OF INDIA,JPY
DEEPAKNTR,DEEPAK NITRITE LTD,,NATIONAL STOCK EXCHANGE OF INDIA,JPY
DEI,DOUGLAS EMMETT REIT,,NEW YORK STOCK EXCHANGE INC.,JPY
DEI,DEI,US25960P1093,,USD
DELHIVERY,DELHIVERY,,NATIONAL STOCK EXCHANGE OF INDIA,JPY
DELL,DELL TECHNOLOGIES INC CLASS C,,NEW YORK STOCK EXCHANGE INC.,JPY
DELL,DELL,US24703L2025,,USD
DELTA-R,DELTA-R,TH0528010R18,,
DELTA.R,DELTA ELECTRONICS (THAILAND) NON-V,,STOCK EXCHANGE OF THAILAND,JPY
DEMANT,DEMANT,,OMX NORDIC EXCHANGE COPENHAGEN A/S,JPY
DEMANT,DEMANT,DK0060738599,,DKK
DEVYANI,DEVYANI INTERNATIONAL,,NATIONAL STOCK EXCHANGE OF INDIA,JPY
DEWA,DUBAI ELECTRICITY AND WATER AUTHOR,,DUBAI FINANCIAL MARKET,JPY
DEWA,DEWA,AED001801011,,AED
DFM,DUBAI FINANCIAL MARKET,,DUBAI FINANCIAL MARKET,JPY
DFY,DEFINITY FINANCIAL,,TORONTO STOCK EXCHANGE,JPY
DG,DOLLAR GENERAL CORP,,NEW YORK STOCK EXCHANGE INC.,JPY
DG,DG,FR0000125486,,EUR
DG,DG,US2566771059,,USD
DGE,DIAGEO PLC,,LONDON STOCK EXCHANGE,JPY
DGE,DGE,GB0002374006,,GBP
DGRO,ISHARES CORE DIVIDEND GROWTH ETF,,NYSE ARCA,JPY
DGT,DGT,AU0000367088,,AUD
DGX,QUEST DIAGNOSTICS INC,,NEW YORK STOCK EXCHANGE INC.,JPY
DGX,DGX,US74834L1008,,USD
DHBK,DOHA BANK,,QATAR EXCHANGE,JPY
DHC,DIVERSIFIED HEALTHCARE TRUST,,NASDAQ,JPY
DHC,DHC,US25525P1075,,USD
DHER,DELIVERY HERO,,XETRA,JPY
DHER,DHER,DE000A2E4K43,,EUR
DHI,D R HORTON,,NEW YORK STOCK EXCHANGE INC.,JPY
DHI,DHI,US23331A1097,,USD
DHL,DEUTSCHE POST AG,,XETRA,JPY
DHL,DHL,DE0005552004,,EUR
DHR,DANAHER,,NEW YORK STOCK EXCHANGE INC.,JPY
DHR,DHR,US2358511028,,USD
DIA,DIAGNOSTYKA SA,,WARSAW STOCK EXCHANGE/EQUITIES/MAIN MARKET,JPY
DIA,DIA,US78467X1090,,
DIALOG,DIALOG GROUP,,BURSA MALAYSIA,JPY
DIB,DB ISLAMIC BANK,,DUBAI FINANCIAL MARKET,JPY
DIB,DIB,AED000201015,,AED
DIC,DUBAI INVESTMENT,,DUBAI FINANCIAL MARKET,JPY
DIE,DIETEREN (D) SA,,NYSE EURONEXT - EURONEXT BRUSSELS,JPY
DIE,DIE,BE0974259880,,EUR
DIM,SARTORIUS STEDIM BIOTECH SA,,NYSE EURONEXT - EURONEXT PARIS,JPY
DIM,DIM,FR0013154002,,EUR
DIR-U,DIR-U,CA26153W1095,,CAD
DIR.UN,DREAM INDUSTRIAL REAL ESTATE INVES,,TORONTO STOCK EXCHANGE,JPY
DIRR3,DIRECIONAL ENGENHARIA,,XBSP,JPY
DIRR3,DIRR3,BRDIRRACNOR0,,
DIS,WALT DISNEY,,NEW YORK STOCK EXCHANGE INC.,JPY
DIS,DIS,US2546871060,,
DIVI,DIVI,INE361B01024,,INR
DIVISLAB,DIVIS LABORATORIES LTD,,NATIONAL STOCK EXCHANGE OF INDIA,JPY
DIXON,DIXON TECHNOLOGIES (INDIA) LTD,,NATIONAL STOCK EXCHANGE OF INDIA,JPY
DIXON,DIXON,INE935N01020,,INR
DJEU6,DOW JONES US REAL ESTATE SEP 26,,CHICAGO BOARD OF TRADE,JPY
DKK,DKK CASH,,-,JPY
DKS,DICKS SPORTING,,NEW YORK STOCK EXCHANGE INC.,JPY
DKS,DKS,US2533931026,,USD
DLF,DLF LTD,,NATIONAL STOCK EXCHANGE OF INDIA,JPY
DLFU,DLFU,INE271C01023,,INR
DLN,DLN,GB0002652740,,GBP
DLR,DIGITAL REALTY TRUST REIT,,NEW YORK STOCK EXCHANGE INC.,JPY
DLR,DLR,US2538681030,,USD
DLTR,DOLLAR TREE INC,,NASDAQ,JPY
DLTR,DLTR,US2567461080,,USD
DMART,AVENUE SUPERMARTS LTD,,NATIONAL STOCK EXCHANGE OF INDIA,JPY
DMART,DMART,INE192R01011,,INR
DMC,DMCI HOLDINGS INC,,PHILIPPINE STOCK EXCHANGE INC.,JPY
DML,DENISON MINES CORP,,TORONTO STOCK EXCHANGE,JPY
DMU6,DJIA MINI e-CBOT SEP 26,,CHICAGO BOARD OF TRADE,JPY
DNB,DNB BANK,,OSLO BORS ASA,JPY
DNB,DNB,NO0010161896,,NOK
DNP,DINO POLSKA,,WARSAW STOCK EXCHANGE/EQUITIES/MAIN MARKET,JPY
DNP,DNP,PLDINPL00011,,PLN
DOAS.E,DOGUS OTOMOTIV SERVIS VE TICARET A,,ISTANBUL STOCK EXCHANGE,JPY
DOC,HEALTHPEAK PROPERTIES,,NEW YORK STOCK EXCHANGE INC.,JPY
DOC,DOC,US42250P1030,,USD
DODLA,DODLA DAIRY,,NATIONAL STOCK EXCHANGE OF INDIA,JPY
DOHOL.E,DOGAN SIRKETLER GRUBU HOLDING A,,ISTANBUL STOCK EXCHANGE,JPY
DOL,DOLLARAMA,,TORONTO STOCK EXCHANGE,JPY
DOL,DOL,CA25675T1075,,CAD
DOMS,DOMS INDUSTRIES LTD,,NATIONAL STOCK EXCHANGE OF INDIA,JPY
DOO,BRP SUBORDINATE VOTING,,TORONTO STOCK EXCHANGE,JPY
DOV,DOVER CORP,,NEW YORK STOCK EXCHANGE INC.,JPY
DOV,DOV,US2600031080,,USD
DOW,DOW,,NEW YORK STOCK EXCHANGE INC.,JPY
DOW,DOW,US2605571031,,USD
DPM,DPM METALS,,TORONTO STOCK EXCHANGE,JPY
DPZ,DOMINOS PIZZA,,NASDAQ,JPY
DPZ,DPZ,US25754A2015,,USD
DQ,DAQO NEW ENERGY ADR REPRESENTING,,NEW YORK STOCK EXCHANGE INC.,JPY
DRD,DRDGOLD LTD,,JOHANNESBURG STOCK EXCHANGE,JPY
DRH,DIAMONDROCK HOSPITALITY,,NASDAQ,JPY
DRH,DRH,US2527843013,,USD
DRI,DARDEN RESTAURANTS INC,,NEW YORK STOCK EXCHANGE INC.,JPY
DRI,DRI,US2371941053,,USD
DRRD,DRRD,INE089A01031,,INR
DRREDDY,DR REDDYS LABORATORIES,,NATIONAL STOCK EXCHANGE OF INDIA,JPY
DSCT,DSCT,IL0006912120,,ILS
DSFIR,DSM FIRMENICH AG,,EURONEXT AMSTERDAM,JPY
DSFIR,DSFIR,CH1216478797,,EUR
DSG,DESCARTES SYSTEMS GROUP,,TORONTO STOCK EXCHANGE,JPY
DSG,DSG,CA2499061083,,CAD
DSV,DSV,,OMX NORDIC EXCHANGE COPENHAGEN A/S,JPY
DSV,DSV,DK0060079531,,DKK
DSY,DASSAULT SYSTEMES,,NYSE EURONEXT - EURONEXT PARIS,JPY
DSY,DSY,FR0014003TT8,,EUR
DSY,DSY,ZAE000022331,,ZAR
DTC,DATATEC LTD,,JOHANNESBURG STOCK EXCHANGE,JPY
DTE,DTE ENERGY,,NEW YORK STOCK EXCHANGE INC.,JPY
DTE,DTE,DE0005557508,,EUR
DTE,DTE,US2333311072,,USD
DTG,DAIMLER TRUCK HOLDING E AG,,XETRA,JPY
DTG,DTG,DE000DTR0CK8,,EUR
DTM,DT MIDSTREAM INC,,NEW YORK STOCK EXCHANGE INC.,JPY
DUBAIRESI,DUBAI RESIDENTIAL REIT UNIT,,DUBAI FINANCIAL MARKET,JPY
DUBK,DUKHAN BANK,,QATAR EXCHANGE,JPY
DUBK,DUBK,QA000B982PM1,,QAR
DUE,DUERR AG,,XETRA,JPY
DUK,DUKE ENERGY CORP,,NEW YORK STOCK EXCHANGE INC.,JPY
DUK,DUK,US26441C2044,,USD
DVA,DAVITA INC,,NEW YORK STOCK EXCHANGE INC.,JPY
DVA,DVA,US23918K1088,,
DVN,DEVON ENERGY,,NEW YORK STOCK EXCHANGE INC.,JPY
DVN,DVN,US25179M1036,,USD
DXCM,DEXCOM INC,,NASDAQ,JPY
DXCM,DXCM,US2521311074,,
DXCO3,DEXCO SA,,XBSP,JPY
DXI,DXI,AU0000192833,,AUD
DXS,DXS,AU000000DXS1,,AUD
DYNAMATECH,DYNAMATIC TECHNOLOGIES LTD,,NATIONAL STOCK EXCHANGE OF INDIA,JPY
EA,EA,US2855121099,,
EAGLEHT,EAGLEHT,SGXC28500103,,USD
EAND,EMIRATES TELECOM,,ABU DHABI SECURITIES EXCHANGE,JPY
EAND,EAND,AEE000401019,,AED
EAST,EASTERN CO.,,EGYPTIAN EXCHANGE,JPY
EAST,EAST,EGS37091C013,,EGP
EBAY,EBAY,,NASDAQ,JPY
EBAY,EBAY,US2786421030,,USD
EBP,ERSTE BANK POLSKA SA,,WARSAW STOCK EXCHANGE/EQUITIES/MAIN MARKET,JPY
EBP,EBP,PLBZ00000044,,PLN
EBS,ERSTE GROUP BANK AG,,WIENER BOERSE AG,JPY
EBS,EBS,AT0000652011,,EUR
ECHO,ECHOSTAR CLASS A,,NASDAQ,JPY
ECHO,ECHO,US2787681061,,USD
ECILC.E,EIS ECZACIBASI ILAC SINAI VE FINAN,,ISTANBUL STOCK EXCHANGE,JPY
ECL,ECOLAB,,NEW YORK STOCK EXCHANGE INC.,JPY
ECL,ECL,US2788651006,,USD
ECLERX,ECLERX SERVICES,,NATIONAL STOCK EXCHANGE OF INDIA,JPY
ECMPA,ECMPA,NL0015000K93,,EUR
ECOR3,ECORODOVIAS INFRAESTRUTURA E LOGIS,,XBSP,JPY
ECOWLD,ECO WORLD DEVELOPMENT GROUP,,BURSA MALAYSIA,JPY
ECWREIT,ECWREIT,SG1DA7000003,,SGD
ED,CONSOLIDATED EDISON,,NEW YORK STOCK EXCHANGE INC.,JPY
ED,ED,US2091151041,,USD
EDELWEISS,EDELWEISS FINANCIAL SERVICES LTD,,NATIONAL STOCK EXCHANGE OF INDIA,JPY
EDP,EDP ENERGIAS DE PORTUGAL,,NYSE EURONEXT - EURONEXT LISBON,JPY
EDP,EDP,PTEDP0AM0009,,EUR
EDPR,EDP RENEWABLES SA,,NYSE EURONEXT - EURONEXT LISBON,JPY
EDPR,EDPR,ES0127797019,,EUR
EDR,ENDEAVOUR SILVER CORP,,TORONTO STOCK EXCHANGE,JPY
EDV,ENDEAVOUR MINING,,LONDON STOCK EXCHANGE,JPY
EDV,EDV,GB00BL6K5J42,,GBP
EEC,EEC,SA000A0DM9P2,,SAR
EFIH,E-FINANCE FOR DIGITAL AND FINANCIA,,EGYPTIAN EXCHANGE,JPY
EFN,ELEMENT FLEET MANAGEMENT,,TORONTO STOCK EXCHANGE,JPY
EFN,EFN,CA2861812014,,CAD
EFR,ENERGY FUELS,,TORONTO STOCK EXCHANGE,JPY
EFX,EQUIFAX,,NEW YORK STOCK EXCHANGE INC.,JPY
EFX,EFX,US2944291051,,USD
EG,EVEREST GROUP,,NEW YORK STOCK EXCHANGE INC.,JPY
EG,EG,BMG3223R1088,,USD
EGCO-R,EGCO-R,TH0465010R13,,
EGCO.R,ELECTRICITY GENERATING NON-VOTING,,STOCK EXCHANGE OF THAILAND,JPY
EGIE3,ENGIE BRASIL ENERGIA SA,,XBSP,JPY
EGIE3,EGIE3,BREGIEACNOR9,,
EGP,EGP CASH,,-,JPY
EGP,EGP,US2772761019,,USD
EICHERMOT,EICHER MOTORS LTD,,NATIONAL STOCK EXCHANGE OF INDIA,JPY
EIDPARRY,EID PARRY INDIA LTD,,NATIONAL STOCK EXCHANGE OF INDIA,JPY
EIF,EXCHANGE INCOME CORP,,TORONTO STOCK EXCHANGE,JPY
EIHOTEL,EIH,,NATIONAL STOCK EXCHANGE OF INDIA,JPY
EIM,EIM,INE066A01021,,INR
EIX,EDISON INTERNATIONAL,,NEW YORK STOCK EXCHANGE INC.,JPY
EIX,EIX,US2810201077,,USD
EKGYO.E,EMLAK KONUT GAYRIMENKUL YATIRIM OR,,ISTANBUL STOCK EXCHANGE,JPY
EL,ESTEE LAUDER INC CLASS A,,NEW YORK STOCK EXCHANGE INC.,JPY
EL,EL,FR0000121667,,EUR
EL,EL,US5184391044,,USD
ELD,ELDORADO GOLD,,TORONTO STOCK EXCHANGE,JPY
ELE,ENDESA SA,,BOLSA DE MADRID,JPY
ELE,ELE,ES0130670112,,EUR
ELECON,ELECON ENGINEERING CO LTD,,NATIONAL STOCK EXCHANGE OF INDIA,JPY
ELGIEQUIP,ELGI EQUIPMENTS LTD,,NATIONAL STOCK EXCHANGE OF INDIA,JPY
ELI,ELIA GROUP SA,,NYSE EURONEXT - EURONEXT BRUSSELS,JPY
ELI,ELI,BE0003822393,,EUR
ELISA,ELISA,,NASDAQ OMX HELSINKI LTD.,JPY
ELISA,ELISA,FI0009007884,,EUR
ELM,ELM,SA15GG53GHH3,,SAR
ELPE,HELLENIQ ENERGY HOLDINGS S A,,ATHENS EXCHANGE S.A. CASH MARKET,JPY
ELS,EQUITY LIFESTYLE PROPERTIES REIT I,,NEW YORK STOCK EXCHANGE INC.,JPY
ELS,ELS,US29472R1086,,USD
ELV,ELEVANCE HEALTH INC,,NEW YORK STOCK EXCHANGE INC.,JPY
ELV,ELV,US0367521038,,USD
EMA,EMERA INC,,TORONTO STOCK EXCHANGE,JPY
EMA,EMA,CA2908761018,,CAD
EMAAR,EMAAR PROPERTIES,,DUBAI FINANCIAL MARKET,JPY
EMAAR,EMAAR,AEE000301011,,AED
EMAARDEV,EMAAR DEVELOPMENT,,DUBAI FINANCIAL MARKET,JPY
EMAARDEV,EMAARDEV,AEE001901017,,AED
EMAMILTD,EMAMI LTD,,NATIONAL STOCK EXCHANGE OF INDIA,JPY
EMBASSY,EMBASSY OFFICE PARKS REIT UNITS,,NATIONAL STOCK EXCHANGE OF INDIA,JPY
EMBJ3,EMBRAER,,XBSP,JPY
EMBJ3,EMBJ3,BREMBJACNOR1,,
EMCURE,EMCURE PHARMACEUTICALS LTD,,NATIONAL STOCK EXCHANGE OF INDIA,JPY
EME,EMCOR GROUP INC,,NEW YORK STOCK EXCHANGE INC.,JPY
EME,EME,US29084Q1004,,USD
EMIRATES,EMIRATES,AEE000801010,,AED
EMIRATESNBD,EMIRATES NBD,,DUBAI FINANCIAL MARKET,JPY
EMMVEE,EMMVEE PHOTOVOLTAIC POWER LTD,,NATIONAL STOCK EXCHANGE OF INDIA,JPY
EMP.A,EMPIRE LTD CLASS A,,TORONTO STOCK EXCHANGE,JPY
EMP/A,EMP/A,CA2918434077,,CAD
EMPOWER,EMIRATES CENTRAL COOLING SYSTEMS C,,DUBAI FINANCIAL MARKET,JPY
EMR,EMERSON ELECTRIC,,NEW YORK STOCK EXCHANGE INC.,JPY
EMR,EMR,US2910111044,,USD
EMSN,EMS-CHEMIE HOLDING AG,,SIX SWISS EXCHANGE,JPY
EMSN,EMSN,CH0016440353,,CHF
EMTK,ELANG MAHKOTA TEKNOLOGI,,INDONESIA STOCK EXCHANGE,JPY
EN,BOUYGUES SA,,NYSE EURONEXT - EURONEXT PARIS,JPY
EN,EN,FR0000120503,,EUR
ENA,ENEA SA,,WARSAW STOCK EXCHANGE/EQUITIES/MAIN MARKET,JPY
ENB,ENBRIDGE,,TORONTO STOCK EXCHANGE,JPY
ENB,ENB,CA29250N1050,,CAD
ENDURANCE,ENDURANCE TECHNOLOGIES LTD,,NATIONAL STOCK EXCHANGE OF INDIA,JPY
ENEL,ENEL,,BORSA ITALIANA,JPY
ENEL,ENEL,IT0003128367,,EUR
ENELCHILE,ENEL CHILE SA,,SANTIAGO STOCK EXCHANGE,JPY
ENERY.E,ENERYA ENERJI A.S.,,ISTANBUL STOCK EXCHANGE,JPY
ENEV3,ENEVA,,XBSP,JPY
ENEV3,ENEV3,BRENEVACNOR8,,
ENGI,ENGIE SA,,NYSE EURONEXT - EURONEXT PARIS,JPY
ENGI,ENGI,FR0010208488,,EUR
ENGI11,ENERGISA UNITS,,XBSP,JPY
ENGI11,ENGI11,BRENGICDAM16,,
ENGINERSIN,ENGINEERS INDIA LTD,,NATIONAL STOCK EXCHANGE OF INDIA,JPY
ENI,ENI,,BORSA ITALIANA,JPY
ENI,ENI,IT0003132476,,EUR
ENIC,ENIC,US29278D1054,,USD
ENJSA.E,ENERJISA ENERJI,,ISTANBUL STOCK EXCHANGE,JPY
ENLT,ENLT,IL0007200111,,ILS
ENR,SIEMENS ENERGY N AG,,XETRA,JPY
ENR,ENR,DE000ENER6Y0,,EUR
ENRG,ENERGI MEGA PERSADA,,INDONESIA STOCK EXCHANGE,JPY
ENRIN,SIEMENS ENERGY INDIA LTD,,NATIONAL STOCK EXCHANGE OF INDIA,JPY
ENRIN,ENRIN,INE1NPP01017,,INR
ENSG,ENSIGN GROUP,,NASDAQ,JPY
ENTEL,EMPRESA NACIONAL DE TELECOMUNICACI,,SANTIAGO STOCK EXCHANGE,JPY
ENTG,ENTEGRIS INC,,,
ENTG,ENTG,US29362U1043,,USD
ENX,EURONEXT NV,,NYSE EURONEXT - EURONEXT PARIS,JPY
ENX,ENX,NL0006294274,,EUR
EOAN,E.ON N,,XETRA,JPY
EOAN,EOAN,DE000ENAG999,,EUR
EOG,EOG RESOURCES,,NEW YORK STOCK EXCHANGE INC.,JPY
EOG,EOG,US26875P1012,,USD
EPAM,EPAM SYSTEMS,,NEW YORK STOCK EXCHANGE INC.,JPY
EPI A,EPIROC CLASS A,,NASDAQ OMX NORDIC,JPY
EPI B,EPIROC CLASS B,,NASDAQ OMX NORDIC,JPY
EPIA,EPIA,SE0015658109,,SEK
EPIB,EPIB,SE0015658117,,SEK
EPP,ISHARES MSCI PACIFIC EX JAPAN ETF,,NYSE ARCA,JPY
EPR,EPR PROPERTIES REIT,,NEW YORK STOCK EXCHANGE INC.,JPY
EPR,EPR,US26884U1097,,USD
EPRT,ESSENTIAL PROPERTIES REALTY TRUST,,NEW YORK STOCK EXCHANGE INC.,JPY
EPRT,EPRT,US29670E1073,,USD
EQB,EQB,,TORONTO STOCK EXCHANGE,JPY
EQH,EQUITABLE HOLDINGS INC,,NEW YORK STOCK EXCHANGE INC.,JPY
EQIX,EQUINIX REIT,,NASDAQ,JPY
EQIX,EQIX,US29444U7000,,USD
EQNR,EQUINOR,,OSLO BORS ASA,JPY
EQNR,EQNR,NO0010096985,,NOK
EQR,EQR,US29476L1070,,USD
EQT,EQT,,NEW YORK STOCK EXCHANGE INC.,JPY
EQT,EQT,SE0012853455,,SEK
EQT,EQT,US26884L1098,,USD
EQTL3,EQUATORIAL SA,,XBSP,JPY
EQTL3,EQTL3,BREQTLACNOR0,,
EQU,EQUITES PROP FUND LTD,,JOHANNESBURG STOCK EXCHANGE,JPY
EQUITASBNK,EQUITAS SMALL FINANCE BANK LTD,,NATIONAL STOCK EXCHANGE OF INDIA,JPY
EQX,EQUINOX GOLD,,TORONTO STOCK EXCHANGE,JPY
EQX,EQX,CA29446Y5020,,CAD
EREGL,EREGL,TRAEREGL91G3,,TRY
EREGL.E,EREGLI DEMIR VE CELIK FABRIKALARI,,ISTANBUL STOCK EXCHANGE,JPY
EREIT,EREIT,SGXC55341835,,SGD
ERF,EUROFINS SCIENTIFIC,,NYSE EURONEXT - EURONEXT PARIS,JPY
ERF,ERF,FR0014000MR3,,EUR
ERIC B,ERICSSON B,,NASDAQ OMX NORDIC,JPY
ERICB,ERICB,SE0000108656,,SEK
ERIE,ERIE INDEMNITY CLASS A,,NASDAQ,JPY
ERIE,ERIE,US29530P1021,,USD
ERIS,ERIS LIFESCIENCES LTD,,NATIONAL STOCK EXCHANGE OF INDIA,JPY
ERO,ERO COPPER,,TORONTO STOCK EXCHANGE,JPY
ES,EVERSOURCE ENERGY,,NEW YORK STOCK EXCHANGE INC.,JPY
ES,ES,US30040W1080,,USD
ESAB,ESAB CORP,,NEW YORK STOCK EXCHANGE INC.,JPY
ESCORTS,ESCORTS KUBOTA LTD,,NATIONAL STOCK EXCHANGE OF INDIA,JPY
ESLT,ESLT,IL0010811243,,ILS
ESNT,ESSENT GROUP,,NEW YORK STOCK EXCHANGE INC.,JPY
ESRT,EMPIRE STATE REALTY REIT CLASS A,,NEW YORK STOCK EXCHANGE INC.,JPY
ESRT,ESRT,US2921041065,,USD
ESS,ESSEX PROPERTY TRUST REIT,,NEW YORK STOCK EXCHANGE INC.,JPY
ESS,ESS,US2971781057,,USD
ESSA,ESSA INDUSTRIES INDONESIA,,INDONESIA STOCK EXCHANGE,JPY
ESSITY B,ESSITY CLASS B,,NASDAQ OMX NORDIC,JPY
ESSITYB,ESSITYB,SE0009922164,,SEK
ESTC,ELASTIC,,NEW YORK STOCK EXCHANGE INC.,JPY
ESU6,S&P500 EMINI SEP 26,,INDEX AND OPTIONS MARKET,JPY
ETD_CHF,ETD CHF BALANCE WITH 06738C,,-,JPY
ETD_GBP,ETD GBP BALANCE WITH 06738C,,-,JPY
ETD_PLN,ETD PLN BALANCE WITH R93531,,-,JPY
ETD_USD,ETD USD BALANCE WITH R93538,,-,JPY
ETE,NATIONAL BANK OF GREECE,,ATHENS EXCHANGE S.A. CASH MARKET,JPY
ETE,ETE,GRS003003035,,EUR
ETEL,TELECOM EGYPT,,EGYPTIAN EXCHANGE,JPY
ETERNAL,ETERNAL,,NATIONAL STOCK EXCHANGE OF INDIA,JPY
ETERNAL,ETERNAL,INE758T01015,,INR
ETIHADENERGY,ETIHAD ENERGY HOLDING,,DUBAI FINANCIAL MARKET,JPY
ETN,EATON PLC,,NEW YORK STOCK EXCHANGE INC.,JPY
ETN,ETN,IE00B8KQN827,,USD
ETR,ENTERGY CORP,,NEW YORK STOCK EXCHANGE INC.,JPY
ETR,ETR,US29364G1031,,USD
EUR,EUR CASH,,-,JPY
EUROB,EUROBANK SA,,ATHENS EXCHANGE S.A. CASH MARKET,JPY
EUROB,EUROB,GRS829003003,,EUR
EVD,CTS EVENTIM AG,,XETRA,JPY
EVD,EVD,DE0005470306,,EUR
EVK,EVONIK INDUSTRIES AG,,XETRA,JPY
EVK,EVK,DE000EVNK013,,EUR
EVN,EVOLUTION MINING,,ASX - ALL MARKETS,JPY
EVN,EVN,AU000000EVN4,,AUD
EVO,EVOLUTION,,NASDAQ OMX NORDIC,JPY
EVO,EVO,SE0012673267,,SEK
EVR,EVERCORE CLASS A,,NEW YORK STOCK EXCHANGE INC.,JPY
EVRG,EVERGY,,NASDAQ,JPY
EVRG,EVRG,US30034W1062,,USD
EW,EDWARDS LIFESCIENCES,,NEW YORK STOCK EXCHANGE INC.,JPY
EW,EW,US28176E1082,,USD
EWBC,EAST WEST BANCORP,,NASDAQ,JPY
EXC,EXELON CORP,,NASDAQ,JPY
EXC,EXC,US30161N1019,,
EXCL,XLSMART TELECOM SEJAHTERA,,INDONESIA STOCK EXCHANGE,JPY
EXE,EXPAND ENERGY,,NASDAQ,JPY
EXE,EXE,US1651677353,,USD
EXIDEIND,EXIDE INDUSTRIES LTD,,NATIONAL STOCK EXCHANGE OF INDIA,JPY
EXO,EXOR NV,,EURONEXT AMSTERDAM,JPY
EXO,EXO,NL0012059018,,EUR
EXPD,EXPEDITORS INTERNATIONAL OF WASHIN,,NEW YORK STOCK EXCHANGE INC.,JPY
EXPD,EXPD,US3021301094,,USD
EXPE,EXPEDIA GROUP,,NASDAQ,JPY
EXPE,EXPE,US30212P3038,,USD
EXPN,EXPERIAN PLC,,LONDON STOCK EXCHANGE,JPY
EXPN,EXPN,GB00B19NLV48,,GBP
EXR,EXTRA SPACE STORAGE REIT,,NEW YORK STOCK EXCHANGE INC.,JPY
EXR,EXR,US30225T1025,,USD
EXX,EXXARO RESOURCES,,JOHANNESBURG STOCK EXCHANGE,JPY
EYDAP,ATHENS WATER SUPPLY AND SEWAGE SA,,ATHENS EXCHANGE S.A. CASH MARKET,JPY
F,FORD MOTOR CO,,NEW YORK STOCK EXCHANGE INC.,JPY
F,F,US3453708600,,USD
F&N,FRASER & NEAVE HOLDINGS,,BURSA MALAYSIA,JPY
F34,WILMAR INTERNATIONAL,,SINGAPORE EXCHANGE,JPY
FAB,FIRST ABU DHABI BANK,,ABU DHABI SECURITIES EXCHANGE,JPY
FAB,FAB,AEN000101016,,AED
FAF,FIRST AMERICAN FINANCIAL CORP,,NEW YORK STOCK EXCHANGE INC.,JPY
FALAB,FALAB,CLP3880F1085,,CLP
FALABELLA,FALABELLA SACI,,SANTIAGO STOCK EXCHANGE,JPY
FANG,DIAMONDBACK ENERGY,,NASDAQ,JPY
FANG,FANG,US25278X1090,,
FAST,FASTENAL,,NASDAQ,JPY
FAST,FAST,US3119001044,,
FB,FB,INE171A01029,,INR
FBIN,FORTUNE BRANDS INNOVATIONS INC,,NEW YORK STOCK EXCHANGE INC.,JPY
FBK,FINECOBANK BANCA FINECO,,BORSA ITALIANA,JPY
FBK,FBK,IT0000072170,,EUR
FCFS,FIRSTCASH HOLDINGS INC,,NASDAQ,JPY
FCNCA,FIRST CITIZENS BANCSHARES CLASS A,,NASDAQ,JPY
FCNCA,FCNCA,US31946M1036,,USD
FCPT,FOUR CORNERS PROPERTY INC TRUST,,NEW YORK STOCK EXCHANGE INC.,JPY
FCPT,FCPT,US35086T1097,,USD
FCR-U,FCR-U,CA31890B1031,,CAD
FCR.UN,FIRST CAPITAL REALTY REAL ESTATE I,,TORONTO STOCK EXCHANGE,JPY
FCT,FCT,SG1T60930966,,SGD
FCX,FREEPORT MCMORAN INC,,NEW YORK STOCK EXCHANGE INC.,JPY
FCX,FCX,US35671D8570,,USD
FDS,FACTSET RESEARCH SYSTEMS,,NEW YORK STOCK EXCHANGE INC.,JPY
FDS,FDS,US3030751057,,
FDX,FEDEX CORP,,NEW YORK STOCK EXCHANGE INC.,JPY
FDX,FDX,US31428X1063,,USD
FDXF,FEDEX FREIGHT HOLDING COMPANY INC,,NEW YORK STOCK EXCHANGE INC.,JPY
FDXF,FDXF,US3143521058,,USD
FE,FIRSTENERGY CORP,,NEW YORK STOCK EXCHANGE INC.,JPY
FE,FE,US3379321074,,USD
FEDERALBNK,FEDERAL BANK LTD,,NATIONAL STOCK EXCHANGE OF INDIA,JPY
FEES,FSK YEES,,STANDARD-CLASSICA-FORTS,JPY
FEHT,FEHT,SG2F08984575,,SGD
FELE,FRANKLIN ELECTRIC,,NASDAQ,JPY
FEMSAUBD,FOMENTO ECONOMICO MEXICANO,,BOLSA MEXICANA DE VALORES,JPY
FEMSAUBD,FEMSAUBD,MXP320321310,,MXN
FER,FERROVIAL NV,,BOLSA DE MADRID,JPY
FER,FER,NL0015001FS8,,
FERG,FERGUSON ENTERPRISES INC,,NEW YORK STOCK EXCHANGE INC.,JPY
FERG,FERG,US31488V1070,,USD
FESA4,FERBASA PREF,,XBSP,JPY
FFB,FORTRESS REAL EST INV B LTD,,JOHANNESBURG STOCK EXCHANGE,JPY
FFGRP,FOLLI FOLLIE S.A. SA,,ATHENS EXCHANGE S.A. CASH MARKET,JPY
FFGRP,FFGRP,GRS294003009,,EUR
FFH,FAIRFAX FINANCIAL HOLDINGS SUB VOT,,TORONTO STOCK EXCHANGE,JPY
FFH,FFH,CA3039011026,,CAD
FFIN,FIRST FINANCIAL BANKSHARES INC,,NASDAQ,JPY
FFIV,F5 INC,,NASDAQ,JPY
FFIV,FFIV,US3156161024,,USD
FGR,EIFFAGE SA,,NYSE EURONEXT - EURONEXT PARIS,JPY
FGR,FGR,FR0000130452,,EUR
FIBRAPL,FIBRAPL,MXCFFI170008,,MXN
FIBRAPL14,PROLOGIS PROPERTY MEXICO REIT,,BOLSA MEXICANA DE VALORES,JPY
FICO,FAIR ISAAC,,NEW YORK STOCK EXCHANGE INC.,JPY
FICO,FICO,US3032501047,,USD
FIG,FIGMA CLASS A,,NEW YORK STOCK EXCHANGE INC.,JPY
FILM,MD ENTERTAINMENT,,INDONESIA STOCK EXCHANGE,JPY
FINCABLES,FINOLEX CABLES,,NATIONAL STOCK EXCHANGE OF INDIA,JPY
FINEORG,FINE ORGANIC INDUSTRIES LTD,,NATIONAL STOCK EXCHANGE OF INDIA,JPY
FINPIPE,FINOLEX INDUSTRIES LTD,,NATIONAL STOCK EXCHANGE OF INDIA,JPY
FINV,FINVOLUTION GROUP ADR CLASS A,,NEW YORK STOCK EXCHANGE INC.,JPY
FIRSTCRY,BRAINBEES SOLUTIONS,,NATIONAL STOCK EXCHANGE OF INDIA,JPY
FIS,FIDELITY NATIONAL INFORMATION SERV,,NEW YORK STOCK EXCHANGE INC.,JPY
FIS,FIS,US31620M1062,,USD
FISV,FISERV INC,,NASDAQ,JPY
FISV,FISV,US3377381088,,USD
FITB,FIFTH THIRD BANCORP,,NEW YORK STOCK EXCHANGE INC.,JPY
FITB,FITB,US3167731005,,USD
FIVE,X5 RETAIL GROUP GDR NV,,STANDARD-CLASSICA-FORTS,JPY
FIVE,FIVE,US98387E2054,,USD
FIVESTAR,FIVE-STAR BUSINESS FINANCE LTD,,NATIONAL STOCK EXCHANGE OF INDIA,JPY
FIX,COMFORT SYSTEMS USA,,NEW YORK STOCK EXCHANGE INC.,JPY
FIX,FIX,US1999081045,,USD
FLEX,FLEX LTD,,NASDAQ,JPY
FLEX,FLEX,SG9999000020,,USD
FLOT,SOVKOMFLOT,,STANDARD-CLASSICA-FORTS,JPY
FLRY3,FLEURY,,XBSP,JPY
FLRY3,FLRY3,BRFLRYACNOR5,,
FLT,FLT,SG1CI9000006,,SGD
FLUOROCHEM,GUJARAT FLUOROCHEMICALS LTD,,NATIONAL STOCK EXCHANGE OF INDIA,JPY
FLUT,FLUT,IE00BWT6H894,,USD
FM,FIRST QUANTUM MINERALS,,TORONTO STOCK EXCHANGE,JPY
FM,FM,CA3359341052,,CAD
FME,FRESENIUS MEDICAL CARE AG,,XETRA,JPY
FME,FME,DE0005785802,,EUR
FMG,FORTESCUE LTD,,ASX - ALL MARKETS,JPY
FMG,FMG,AU000000FMG4,,AUD
FMTY14,FIBRA MTY SAPI REIT,,BOLSA MEXICANA DE VALORES,JPY
FN,FN,KYG3323L1005,,USD
FNF,FIDELITY NATIONAL FINANCIAL INC,,NEW YORK STOCK EXCHANGE INC.,JPY
FNF,FNF,US31620R3030,,USD
FNV,FRANCO NEVADA,,TORONTO STOCK EXCHANGE,JPY
FNV,FNV,CA3518581051,,CAD
FORCEMOT,FORCE MOTORS LTD,,NATIONAL STOCK EXCHANGE OF INDIA,JPY
FORH,FORH,INE061F01013,,INR
FORTIS,FORTIS HEALTHCARE LTD,,NATIONAL STOCK EXCHANGE OF INDIA,JPY
FORTUM,FORTUM,,NASDAQ OMX HELSINKI LTD.,JPY
FORTUM,FORTUM,FI0009007132,,EUR
FORTY,FORMULA SYSTEMS LTD,,TEL AVIV STOCK EXCHANGE,JPY
FOX,FOX CLASS B,,NASDAQ,JPY
FOX,FOX,US35137L2043,,USD
FOXA,FOX CLASS A,,NASDAQ,JPY
FOXA,FOXA,US35137L1052,,USD
FPH,FISHER AND PAYKEL HEALTHCARE CORPO,,NEW ZEALAND EXCHANGE LTD,JPY
FPH,FPH,NZFAPE0001S2,,NZD
FPI,FARMLAND PARTNERS INC,,NEW YORK STOCK EXCHANGE INC.,JPY
FPI,FPI,US31154R1095,,USD
FR,FIRST INDUSTRIAL REALTY TRUST,,NEW YORK STOCK EXCHANGE INC.,JPY
FR,FR,US32054K1034,,USD
FRACTAL,FRACTAL ANALYTICS LTD,,NATIONAL STOCK EXCHANGE OF INDIA,JPY
FRE,FRESENIUS N,,XETRA,JPY
FRE,FRE,DE0005785604,,EUR
FRES,FRESNILLO PLC,,LONDON STOCK EXCHANGE,JPY
FRES,FRES,GB00B2QPKJ12,,GBP
FRMI,FRMI,US3149111086,,USD
FRT,FEDERAL REALTY INVESTMENT TRUST RE,,NEW YORK STOCK EXCHANGE INC.,JPY
FRT,FRT,US3137451015,,USD
FRTKF,FRONTKEN CORPORATION,,BURSA MALAYSIA,JPY
FRU,FREEHOLD ROYALTIES,,TORONTO STOCK EXCHANGE,JPY
FSL,FIRSTSOURCE SOLUTIONS LTD,,NATIONAL STOCK EXCHANGE OF INDIA,JPY
FSLR,FIRST SOLAR,,NASDAQ,JPY
FSLR,FSLR,US3364331070,,USD
FSP,FSP,US35471R1068,,USD
FSR,FIRSTRAND LTD,,JOHANNESBURG STOCK EXCHANGE,JPY
FSR,FSR,ZAE000066304,,ZAR
FSV,FIRSTSERVICE SUBORDINATE VOTING,,TORONTO STOCK EXCHANGE,JPY
FSV,FSV,CA33767E2024,,CAD
FTAI,FTAI,KYG3730V1059,,USD
FTI,FTI,GB00BDSFG982,,USD
FTNT,FORTINET,,NASDAQ,JPY
FTNT,FTNT,US34959E1091,,
FTS,FORTIS,,TORONTO STOCK EXCHANGE,JPY
FTS,FTS,CA3495531079,,CAD
FTT,FINNING INTERNATIONAL INC,,TORONTO STOCK EXCHANGE,JPY
FTV,FORTIVE,,NEW YORK STOCK EXCHANGE INC.,JPY
FTV,FTV,US34959J1088,,USD
FUND HOLDINGS AS OF,2026/08/20,,,
FUNO11,FIBRA UNO ADMINISTRACION REIT,,BOLSA MEXICANA DE VALORES,JPY
FUNO11,FUNO11,MXCFFU000001,,MXN
FUTU,FUTU HOLDINGS ADR,,NASDAQ,JPY
FUTU,FUTU,US36118L1061,,USD
FVI,FORTUNA MINING CORP,,TORONTO STOCK EXCHANGE,JPY
FVR,FRONTVIEW REIT,,NEW YORK STOCK EXCHANGE INC.,JPY
FVR,FVR,US35922N1000,,USD
FWONK,FWONK,US5312297550,,USD
FWRY,FAWRY FOR BANKING TECHNOLOGY AND E,,EGYPTIAN EXCHANGE,JPY
G,ASSICURAZIONI GENERALI,,BORSA ITALIANA,JPY
G,G,IT0000062072,,EUR
G1A,GEA GROUP AG,,XETRA,JPY
G1A,G1A,DE0006602006,,EUR
G2004245,GNMA2 30YR,,-,JPY
G2005115,GNMA2 30YR,,-,JPY
G2005301,GNMA2 15YR,,-,JPY
G230J,GNMA2 30YR TBA(REG C),,-,JPY
G24,SCOUT24 N,,XETRA,JPY
G24,G24,DE000A12DM80,,EUR
G2783038,GNMA2 30YR PLATINUM,,-,JPY
G2783664,GNMA2 30YR PLATINUM,,-,JPY
G2784098,GNMA2 30YR PLATINUM,,-,JPY
G2784111,GNMA2 30YR PLATINUM,,-,JPY
G2784115,GNMA2 30YR PLATINUM,,-,JPY
G2784119,GNMA2 30YR PLATINUM,,-,JPY
G2784156,GNMA2 30YR PLATINUM,,-,JPY
G2784408,GNMA2 30YR PLATINUM,,-,JPY
G2784421,GNMA2 30YR PLATINUM,,-,JPY
G2784471,GNMA2 30YR PLATINUM,,-,JPY
G2784479,GNMA2 30YR PLATINUM,,-,JPY
G2784480,GNMA2 30YR PLATINUM,,-,JPY
G2784481,GNMA2 30YR PLATINUM,,-,JPY
G2784656,GNMA2 30YR PLATINUM,,-,JPY
G2785043,GNMA2 30YR PLATINUM,,-,JPY
G2786843,GNMA2 30YR PLATINUM,,-,JPY
G2786918,GNMA2 30YR PLATINUM,,-,JPY
G2AB1864,GNMA2 30YR,,-,JPY
G2AC6285,GNMA2 30YR,,-,JPY
G2AZ1974,GNMA2 30YR,,-,JPY
G2BC1888,GNMA2 30YR,,-,JPY
G2BD4034,GNMA2 30YR,,-,JPY
G2BF2857,GNMA2 30YR,,-,JPY
G2BG4446,GNMA2 30YR,,-,JPY
G2BI6231,GNMA2 30YR,,-,JPY
G2BK2856,GNMA2 30YR,,-,JPY
G2BW4651,GNMA2 30YR,,-,JPY
G2BW4732,GNMA2 30YR,,-,JPY
G2BW4741,GNMA2 30YR,,-,JPY
G2BW6206,GNMA2 30YR,,-,JPY
G2BY0776,GNMA2 30YR,,-,JPY
G2BY0805,GNMA2 30YR,,-,JPY
G2MA0223,GNMA2 30YR,,-,JPY
G2MA0392,GNMA2 30YR,,-,JPY
G2MA0462,GNMA2 30YR,,-,JPY
G2MA0534,GNMA2 30YR,,-,JPY
G2MA0625,GNMA2 30YR,,-,JPY
G2MA0698,GNMA2 30YR,,-,JPY
G2MA0756,GNMA2 15YR,,-,JPY
G2MA0932,GNMA2 30YR,,-,JPY
G2MA1284,GNMA2 30YR,,-,JPY
G2MA2147,GNMA2 30YR,,-,JPY
G2MA2149,GNMA2 30YR,,-,JPY
G2MA2304,GNMA2 30YR,,-,JPY
G2MA2679,GNMA2 30YR,,-,JPY
G2MA2754,GNMA2 30YR,,-,JPY
G2MA2825,GNMA2 30YR,,-,JPY
G2MA2892,GNMA2 30YR,,-,JPY
G2MA2960,GNMA2 30YR,,-,JPY
G2MA3105,GNMA2 30YR,,-,JPY
G2MA3106,GNMA2 30YR,,-,JPY
G2MA3172,GNMA2 30YR,,-,JPY
G2MA3174,GNMA2 30YR,,-,JPY
G2MA3244,GNMA2 30YR,,-,JPY
G2MA3246,GNMA2 30YR,,-,JPY
G2MA3309,GNMA2 30YR,,-,JPY
G2MA3310,GNMA2 30YR,,-,JPY
G2MA3348,GNMA2 15YR,,-,JPY
G2MA3349,GNMA2 15YR,,-,JPY
G2MA3350,GNMA2 15YR,,-,JPY
G2MA3377,GNMA2 30YR,,-,JPY
G2MA3520,GNMA2 30YR,,-,JPY
G2MA3521,GNMA2 30YR,,-,JPY
G2MA3522,GNMA2 30YR,,-,JPY
G2MA3596,GNMA2 30YR,,-,JPY
G2MA3597,GNMA2 30YR,,-,JPY
G2MA3662,GNMA2 30YR,,-,JPY
G2MA3735,GNMA2 30YR,,-,JPY
G2MA3736,GNMA2 30YR,,-,JPY
G2MA3778,GNMA2 15YR,,-,JPY
G2MA3803,GNMA2 30YR,,-,JPY
G2MA3804,GNMA2 30YR,,-,JPY
G2MA3806,GNMA2 30YR,,-,JPY
G2MA3873,GNMA2 30YR,,-,JPY
G2MA3876,GNMA2 30YR,,-,JPY
G2MA3936,GNMA2 SINGLE FAMILY 30YR,,-,JPY
G2MA3938,GNMA2 30YR,,-,JPY
G2MA3939,GNMA2 30YR,,-,JPY
G2MA4006,GNMA2 30YR,,-,JPY
G2MA4069,GNMA2 30YR,,-,JPY
G2MA4070,GNMA2 30YR,,-,JPY
G2MA4071,GNMA2 30YR,,-,JPY
G2MA4125,GNMA2 30YR,,-,JPY
G2MA4126,GNMA2 30YR,,-,JPY
G2MA4127,GNMA2 30YR,,-,JPY
G2MA4194,GNMA2 30YR,,-,JPY
G2MA4196,GNMA2 30YR,,-,JPY
G2MA4235,GNMA2 15YR,,-,JPY
G2MA4261,GNMA2 30YR,,-,JPY
G2MA4262,GNMA2 SF 30YR,,-,JPY
G2MA4321,GNMA2 30YR,,-,JPY
G2MA4382,GNMA2 30YR,,-,JPY
G2MA4384,GNMA2 30YR,,-,JPY
G2MA4452,GNMA2 30YR,,-,JPY
G2MA4509,GNMA2 30YR,,-,JPY
G2MA4511,GNMA2 30YR,,-,JPY
G2MA4512,GNMA2 30YR,,-,JPY
G2MA4560,GNMA2 15YR,,-,JPY
G2MA4585,GNMA2 30YR,,-,JPY
G2MA4587,GNMA2 30YR,,-,JPY
G2MA4588,GNMA2 30YR,,-,JPY
G2MA4652,GNMA 30YR,,-,JPY
G2MA4653,GNMA2 30YR,,-,JPY
G2MA4777,GNMA2 30YR,,-,JPY
G2MA4838,GNMA2 30YR,,-,JPY
G2MA4962,GNMA2 30YR,,-,JPY
G2MA5018,GNMA2 30YR,,-,JPY
G2MA5021,GNMA2 30YR,,-,JPY
G2MA5078,GNMA2 30YR,,-,JPY
G2MA5137,GNMA2 30YR,,-,JPY
G2MA5139,GNMA2 30YR,,-,JPY
G2MA5191,GNMA2 30YR,,-,JPY
G2MA5192,GNMA2 30YR,,-,JPY
G2MA5194,GNMA2 30YR,,-,JPY
G2MA5264,GNMA2 30YR,,-,JPY
G2MA5265,GNMA2 30YR,,-,JPY
G2MA5330,GNMA2 30YR,,-,JPY
G2MA5331,GNMA2 30YR,,-,JPY
G2MA5399,GNMA2 30YR,,-,JPY
G2MA5465,GNMA2 30YR,,-,JPY
G2MA5467,GNMA2 30YR,,-,JPY
G2MA5529,GNMA2 30YR,,-,JPY
G2MA5594,GNMA2 30YR,,-,JPY
G2MA5597,GNMA2 30YR,,-,JPY
G2MA5652,GNMA2 30YR,,-,JPY
G2MA5653,GNMA2 30YR,,-,JPY
G2MA5711,GNMA2 30YR,,-,JPY
G2MA5712,GNMA2 30YR,,-,JPY
G2MA5816,GNMA2 30YR,,-,JPY
G2MA5818,GNMA2 30YR,,-,JPY
G2MA5878,GNMA2 30YR,,-,JPY
G2MA5987,GNMA2 30YR,,-,JPY
G2MA6038,GNMA2 30YR,,-,JPY
G2MA6092,GNMA2 30YR,,-,JPY
G2MA6153,GNMA2 30YR,,-,JPY
G2MA6154,GNMA2 30YR,,-,JPY
G2MA6219,GNMA2 30YR,,-,JPY
G2MA6221,GNMA2 30YR,,-,JPY
G2MA6283,GNMA2 30YR,,-,JPY
G2MA6339,GNMA2 30YR,,-,JPY
G2MA6409,GNMA2 30YR,,-,JPY
G2MA6411,GNMA2 30YR,,-,JPY
G2MA6412,GNMA2 30YR,,-,JPY
G2MA6476,GNMA 30YR,,-,JPY
G2MA6599,GNMA II 30YR SF - JUMBO-CONFORMING,,-,JPY
G2MA6600,GNMA II 30YR SF - JUMBO-CONFORMING,,-,JPY
G2MA6657,GNMA2 30YR,,-,JPY
G2MA6683,GNMA2 15YR,,-,JPY
G2MA6709,GNMA2 30YR,,-,JPY
G2MA6764,GNMA2 30YR,,-,JPY
G2MA6818,GNMA2 30YR,,-,JPY
G2MA6820,GNMA2 30YR,,-,JPY
G2MA6864,GNMA2 30YR,,-,JPY
G2MA6870,GNMA2 30YR,,-,JPY
G2MA7051,GNMA2 30YR,,-,JPY
G2MA7135,GNMA2 30YR,,-,JPY
G2MA7136,GNMA2 30YR,,-,JPY
G2MA7192,GNMA2 30YR,,-,JPY
G2MA7193,GNMA2 30YR,,-,JPY
G2MA7254,GNMA2 30YR,,-,JPY
G2MA7256,GNMA2 30YR,,-,JPY
G2MA7313,GNMA2 30YR,,-,JPY
G2MA7367,GNMA2 30YR,,-,JPY
G2MA7369,GNMA2 30YR,,-,JPY
G2MA7419,GNMA2 30YR,,-,JPY
G2MA7472,GNMA2 30YR,,-,JPY
G2MA7474,GNMA2 30YR,,-,JPY
G2MA7534,GNMA2 30YR,,-,JPY
G2MA7535,GNMA2 30YR,,-,JPY
G2MA7589,GNMA2 30YR,,-,JPY
G2MA7647,GNMA2 30YR,,-,JPY
G2MA7648,GNMA2 30YR,,-,JPY
G2MA7650,GNMA2 30YR,,-,JPY
G2MA7706,GNMA2 30YR,,-,JPY
G2MA7766,GNMA2 30YR,,-,JPY
G2MA7767,GNMA2 30YR,,-,JPY
G2MA7768,GNMA2 30YR,,-,JPY
G2MA7826,GNMA2 30YR,,-,JPY
G2MA7880,GNMA2 30YR,,-,JPY
G2MA7882,GNMA2 30YR,,-,JPY
G2MA7935,GNMA2 30YR,,-,JPY
G2MA7936,GNMA2 30YR,,-,JPY
G2MA7937,GNMA2 30YR,,-,JPY
G2MA7987,GNMA2 30YR,,-,JPY
G2MA7988,GNMA2 30YR,,-,JPY
G2MA7989,GNMA2 30YR,,-,JPY
G2MA8042,GNMA2 30YR,,-,JPY
G2MA8097,GNMA2 30YR,,-,JPY
G2MA8098,GNMA2 30YR,,-,JPY
G2MA8148,GNMA2 30YR,,-,JPY
G2MA8149,GNMA2 30YR,,-,JPY
G2MA8152,GNMA2 30YR,,-,JPY
G2MA8199,GNMA2 30YR,,-,JPY
G2MA8201,GNMA2 30YR,,-,JPY
G2MA8202,GNMA2 30YR,,-,JPY
G2MA8267,GNMA2 30YR,,-,JPY
G2MA8269,GNMA2 30YR,,-,JPY
G2MA8344,GNMA2 30YR,,-,JPY
G2MA8346,GNMA2 30YR,,-,JPY
G2MA8347,GNMA2 30YR,,-,JPY
G2MA8425,GNMA2 30YR,,-,JPY
G2MA8428,GNMA2 30YR,,-,JPY
G2MA8487,GNMA2 30YR,,-,JPY
G2MA8488,GNMA2 30YR,,-,JPY
G2MA8490,GNMA2 30YR,,-,JPY
G2MA8491,GNMA2 30YR,,-,JPY
G2MA8569,GNMA2 30YR,,-,JPY
G2MA8570,GNMA2 30YR,,-,JPY
G2MA8647,GNMA2 30YR,,-,JPY
G2MA8648,GNMA2 30YR,,-,JPY
G2MA8649,GNMA2 30YR,,-,JPY
G2MA8724,GNMA2 30YR,,-,JPY
G2MA8726,GNMA2 30YR,,-,JPY
G2MA8800,GNMA2 30YR,,-,JPY
G2MA8801,GNMA2 30YR,,-,JPY
G2MA8876,GNMA2 30YR,,-,JPY
G2MA8877,GNMA2 30YR,,-,JPY
G2MA8878,GNMA2 30YR,,-,JPY
G2MA8879,GNMA2 30YR,,-,JPY
G2MA8944,GNMA2 30YR,,-,JPY
G2MA8945,GNMA2 30YR,,-,JPY
G2MA8946,GNMA2 30YR,,-,JPY
G2MA8947,GNMA2 30YR,,-,JPY
G2MA8948,GNMA2 30YR,,-,JPY
G2MA9015,GNMA2 30YR,,-,JPY
G2MA9016,GNMA II 30YR,,-,JPY
G2MA9169,GNMA2 30YR,,-,JPY
G2MA9171,GNMA2 30YR,,-,JPY
G2MA9172,GNMA2 30YR,,-,JPY
G2MA9242,GNMA2 30YR,,-,JPY
G2MA9243,GNMA2 30YR,,-,JPY
G2MA9304,GNMA2 30YR,,-,JPY
G2MA9305,GNMA2 30YR,,-,JPY
G2MA9360,GNMA2 30YR,,-,JPY
G2MA9363,GNMA2 30YR,,-,JPY
G2MA9423,GNMA2 30YR,,-,JPY
G2MA9487,GNMA2 30YR,,-,JPY
G2MA9538,GNMA2 30YR,,-,JPY
G2MA9540,GNMA2 30YR,,-,JPY
G2MA9603,GNMA2 30YR,,-,JPY
G2MA9605,GNMA2 30YR,,-,JPY
G2MA9725,GNMA2 30YR,,-,JPY
G2MA9726,GNMA II 30YR SF - JUMBO-CONFORMING,,-,JPY
G2MA9727,GNMA2 30YR,,-,JPY
G2MA9779,GNMA2 30YR,,-,JPY
G2MA9781,GNMA2 30YR,,-,JPY
G2MA9851,GNMA2 30YR,,-,JPY
G2MA9852,GNMA2 30YR,,-,JPY
G2MA9905,GNMA2 30YR,,-,JPY
G2MA9907,GNMA2 30YR,,-,JPY
G2MA9963,GNMA2 30YR,,-,JPY
G2MA9964,GNMA2 30YR,,-,JPY
G2MA9965,GNMA2 30YR,,-,JPY
G2MA9966,GNMA2 30YR,,-,JPY
G2MB0024,GNMA2 30YR,,-,JPY
G2MB0025,GNMA2 30YR,,-,JPY
G2MB0026,GNMA2 30YR,,-,JPY
G2MB0027,GNMA2 30YR,,-,JPY
G2MB0089,GNMA2 30YR,,-,JPY
G2MB0090,GNMA2 30YR,,-,JPY
G2MB0091,GNMA2 30YR,,-,JPY
G2MB0092,GNMA2 30YR,,-,JPY
G2MB0147,GNMA2 30YR,,-,JPY
G2MB0149,GNMA2 30YR,,-,JPY
G2MB0201,GNMA2 30YR,,-,JPY
G2MB0202,GNMA2 30YR,,-,JPY
G2MB0256,GNMA2 30YR,,-,JPY
G2MB0261,GNMA2 30YR,,-,JPY
G2MB0424,GNMA2 30YR,,-,JPY
G2MB0555,GNMA2 30YR,,-,JPY
G2MB0557,GNMA2 30YR,,-,JPY
G2MB0686,GNMA2 30YR,,-,JPY
G2MB0687,GNMA2 30YR,,-,JPY
G2MB0745,GNMA2 30YR,,-,JPY
G2MB0746,GNMA2 30YR,,-,JPY
G2MB0813,GNMA2 30YR,,-,JPY
G2MB0814,GNMA2 30YR,,-,JPY
G2MB0871,GNMA2 30YR,,-,JPY
G2MB0872,GNMA2 30YR,,-,JPY
G2MB0873,GNMA2 30YR,,-,JPY
G2MB0936,GNMA2 30YR,,-,JPY
G2MB0937,GNMA2 30YR,,-,JPY
G2MB0938,GNMA2 30YR,,-,JPY
G2MB0998,GNMA2 30YR,,-,JPY
G2MB1070,GNMA2 30YR,,-,JPY
G2MB1072,GNMA2 30YR,,-,JPY
G2MB1142,GNMA2 30YR,,-,JPY
G2MB1144,GNMA2 30YR,,-,JPY
G2MB1218,GNMA2 30YR,,-,JPY
G2MB1287,GNMA2 30YR,,-,JPY
GABRIEL,GABRIEL INDIA LTD,,NATIONAL STOCK EXCHANGE OF INDIA,JPY
GAIL,GAIL INDIA LTD,,NATIONAL STOCK EXCHANGE OF INDIA,JPY
GAIL,GAIL,INE129A01019,,INR
GALD,GALDERMA GROUP N AG,,SIX SWISS EXCHANGE,JPY
GALD,GALD,CH1335392721,,CHF
GALP,GALP ENERGIA SGPS SA CLASS B,,NYSE EURONEXT - EURONEXT LISBON,JPY
GALP,GALP,PTGAL0AM0009,,EUR
GAM,GAM,MYL5398OO002,,
GAMUDA,GAMUDA,,BURSA MALAYSIA,JPY
GAPB,GRUPO AEROPORTUARIO DEL PACIFICO,,BOLSA MEXICANA DE VALORES,JPY
GAPB,GAPB,MX01GA000004,,MXN
GASMSIA,GAS MALAYSIA SDN,,BURSA MALAYSIA,JPY
GATX,GATX,,NEW YORK STOCK EXCHANGE INC.,JPY
GBK,GULF BANK,,KUWAIT STOCK EXCHANGE,JPY
GBK,GBK,KW0EQ0100028,,KWD
GBLB,GROUPE BRUXELLES LAMBERT NV,,NYSE EURONEXT - EURONEXT BRUSSELS,JPY
GBLB,GBLB,BE0003797140,,EUR
GBP,GBP CASH,,-,JPY
GCARSOA1,GRUPO CARSO SERIES A1,,BOLSA MEXICANA DE VALORES,JPY
GCARSOA1,GCARSOA1,MXP461181085,,MXN
GCC*,GRUPO CEMENTOS,,BOLSA MEXICANA DE VALORES,JPY
GCPL,GCPL,INE102D01028,,INR
GD,GENERAL DYNAMICS CORP,,NEW YORK STOCK EXCHANGE INC.,JPY
GD,GD,US3695501086,,USD
GDDY,GODADDY CLASS A,,NEW YORK STOCK EXCHANGE INC.,JPY
GDDY,GDDY,US3802371076,,
GE,GE AEROSPACE,,NEW YORK STOCK EXCHANGE INC.,JPY
GE,GE,US3696043013,,USD
GEBN,GEBERIT AG,,SIX SWISS EXCHANGE,JPY
GEBN,GEBN,CH0030170408,,CHF
GEHC,GE HEALTHCARE TECHNOLOGIES,,NASDAQ,JPY
GEHC,GEHC,US36266G1076,,
GEI,GIBSON ENERGY,,TORONTO STOCK EXCHANGE,JPY
GEKTERNA,GEK TERNA,,ATHENS EXCHANGE S.A. CASH MARKET,JPY
GEKTERNA,GEKTERNA,GRS145003000,,EUR
GEN,GEN DIGITAL,,NASDAQ,JPY
GEN,GEN,US6687711084,,USD
GENI,GENIUS SPORTS LTD,,NEW YORK STOCK EXCHANGE INC.,JPY
GENIL.E,GEN ILAC VE SAGLIK URUNLERI SANAYI,,ISTANBUL STOCK EXCHANGE,JPY
GENM,GENTING MALAYSIA,,BURSA MALAYSIA,JPY
GENTERA*,GENTERA SAB DE CV,,BOLSA MEXICANA DE VALORES,JPY
GENTING,GENTING,,BURSA MALAYSIA,JPY
GENUSPOWER,GENUS POWER INFRASTRUCTURES LTD,,NATIONAL STOCK EXCHANGE OF INDIA,JPY
GESHIP,GREAT EASTERN SHIPPING COMPANY,,NATIONAL STOCK EXCHANGE OF INDIA,JPY
GET,GETLINK,,NYSE EURONEXT - EURONEXT PARIS,JPY
GET,GET,FR0010533075,,EUR
GEV,GE VERNOVA INC,,NEW YORK STOCK EXCHANGE INC.,JPY
GEV,GEV,US36828A1016,,USD
GFC,GECINA SA,,NYSE EURONEXT - EURONEXT PARIS,JPY
GFC,GFC,FR0010040865,,EUR
GFF,GRIFFON,,NEW YORK STOCK EXCHANGE INC.,JPY
GFI,GOLD FIELDS,,JOHANNESBURG STOCK EXCHANGE,JPY
GFI,GFI,ZAE000018123,,ZAR
GFINBURO,GRUPO FINANCIERO INBURSA SRIES O,,BOLSA MEXICANA DE VALORES,JPY
GFINBURO,GFINBURO,MXP370641013,,MXN
GFL,GFL ENVIRONMENTAL SUBORDINATE VOTI,,TORONTO STOCK EXCHANGE,JPY
GFL,GFL,CA36168Q1046,,CAD
GFNORTEO,GPO FINANCE BANORTE,,BOLSA MEXICANA DE VALORES,JPY
GFNORTEO,GFNORTEO,MXP370711014,,MXN
GFS,GLOBALFOUNDRIES INC,,,
GGBR4,GERDAU PREF SA,,XBSP,JPY
GGBR4,GGBR4,BRGGBRACNPR8,,
GGG,GRACO,,NEW YORK STOCK EXCHANGE INC.,JPY
GGG,GGG,US3841091040,,USD
GGPS3,GPS PARTICIPACOES E EMPREENDIMENTO,,XBSP,JPY
GIB.A,CGI INC CLASS A,,TORONTO STOCK EXCHANGE,JPY
GIB/A,GIB/A,CA12532H1047,,CAD
GIL,GILDAN ACTIVEWEAR,,TORONTO STOCK EXCHANGE,JPY
GIL,GIL,CA3759161035,,CAD
GILD,GILEAD SCIENCES INC,,NASDAQ,JPY
GILD,GILD,US3755581036,,
GILLETTE,GILLETTE INDIA LTD,,NATIONAL STOCK EXCHANGE OF INDIA,JPY
GIS,GENERAL MILLS INC,,NEW YORK STOCK EXCHANGE INC.,JPY
GIS,GIS,US3703341046,,USD
GISS,GULF INTERNATIONAL SERVICES,,QATAR EXCHANGE,JPY
GIVN,GIVAUDAN SA,,SIX SWISS EXCHANGE,JPY
GIVN,GIVN,CH0010645932,,CHF
GJF,GJENSIDIGE FORSIKRING,,OSLO BORS ASA,JPY
GJF,GJF,NO0010582521,,NOK
GL,GLOBE LIFE,,NEW YORK STOCK EXCHANGE INC.,JPY
GL,GL,US37959E1029,,
GLAND,GLAND PHARMA LTD,,NATIONAL STOCK EXCHANGE OF INDIA,JPY
GLAXO,GLAXOSMITHKLINE PHARMACEUTICALS LT,,NATIONAL STOCK EXCHANGE OF INDIA,JPY
GLE,SOCIETE GENERALE SA,,NYSE EURONEXT - EURONEXT PARIS,JPY
GLE,GLE,FR0000130809,,EUR
GLEN,GLENCORE PLC,,LONDON STOCK EXCHANGE,JPY
GLEN,GLEN,JE00B4T3BW64,,GBP
GLENMARK,GLENMARK PHARMACEUTICALS,,NATIONAL STOCK EXCHANGE OF INDIA,JPY
GLOB,GLOBANT,,NEW YORK STOCK EXCHANGE INC.,JPY
GLPI,GAMING AND LEISURE PROPERTIES REIT,,NASDAQ,JPY
GLPI,GLPI,US36467J1088,,USD
GLW,CORNING,,NEW YORK STOCK EXCHANGE INC.,JPY
GLW,GLW,US2193501051,,USD
GM,GENERAL MOTORS,,NEW YORK STOCK EXCHANGE INC.,JPY
GM,GM,US37045V1008,,USD
GMAB,GENMAB,,OMX NORDIC EXCHANGE COPENHAGEN A/S,JPY
GMAB,GMAB,DK0010272202,,DKK
GMAT3,GRUPO MATEUS,,XBSP,JPY
GMDCLTD,GUJARAT MINERAL DEVELOPMENT CORPOR,,NATIONAL STOCK EXCHANGE OF INDIA,JPY
GMEXICOB,GRUPO MEXICO B,,BOLSA MEXICANA DE VALORES,JPY
GMEXICOB,GMEXICOB,MXP370841019,,MXN
GMG,GOODMAN GROUP UNITS,,ASX - ALL MARKETS,JPY
GMG,GMG,AU000000GMG2,,AUD
GMIN,G MINING VENTURES CORP,,TORONTO STOCK EXCHANGE,JPY
GMRAIRPO,GMRAIRPO,INE776C01039,,INR
GMRAIRPORT,GMR AIRPORTS LTD,,NATIONAL STOCK EXCHANGE OF INDIA,JPY
GN660453,GNMA 30YR,,-,JPY
GN660462,GNMA 30YR,,-,JPY
GN710724,GNMA 30YR,,-,JPY
GN721750,GNMA 30YR,,-,JPY
GN738216,GNMA 30YR,,-,JPY
GN738251,GNMA 30YR,,-,JPY
GN738290,GNMA 30YR,,-,JPY
GN738970,GNMA 15YR,,-,JPY
GN745239,GNMA 30YR,,-,JPY
GN753868,GNMA 30YR,,-,JPY
GN754566,GNMA 30YR,,-,JPY
GN760029,GNMA 30YR,,-,JPY
GN766760,GNMA 30YR,,-,JPY
GN773326,GNMA 30YR,,-,JPY
GN778680,GNMA 30YR,,-,JPY
GN778967,GNMA 30YR,,-,JPY
GN782416,GNMA 30YR PLATINUM,,-,JPY
GN782716,GNMA 30YR PLATINUM,,-,JPY
GN783403,GNMA 30YR PLATINUM,,-,JPY
GN783781,GNMA 30YR,,-,JPY
GN784015,GNMA 30YR PLATINUM,,-,JPY
GN784355,GNMA 30YR,,-,JPY
GN784372,GNMA 30YR PLATINUM,,-,JPY
GN784459,GNMA 30YR PLATINUM,,-,JPY
GN784500,GNMA 30YR PLATINUM,,-,JPY
GN784714,GNMA 30YR PLATINUM,,-,JPY
GN785073,GNMA 30YR PLATINUM,,-,JPY
GN791319,GNMA 30YR,,-,JPY
GN796142,GNMA 30YR,,-,JPY
GNAA5515,GNMA 30YR,,-,JPY
GNAA8255,GNMA 15YR,,-,JPY
GNAB1668,GNMA 30YR,,-,JPY
GNAB2328,GNMA 30YR,,-,JPY
GNAB3034,GNMA 30YR,,-,JPY
GNAB3754,GNMA 15YR,,-,JPY
GNAB9106,GNMA 30YR,,-,JPY
GNAB9971,GNMA 30YR,,-,JPY
GNAC0485,GNMA 30YR,,-,JPY
GNAC2423,GNMA 15YR,,-,JPY
GNAD2254,GNMA 30YR,,-,JPY
GNAD2411,GNMA 30YR,,-,JPY
GNAD8789,GNMA 30YR,,-,JPY
GNAE8310,GNMA 30YR,,-,JPY
GNAI0867,GNMA 30YR,,-,JPY
GNBD4016,GNMA 30YR,,-,JPY
GND,GRINDROD,,JOHANNESBURG STOCK EXCHANGE,JPY
GNFC,GUJARAT NARMADA VALLEY FERTILIZERS,,NATIONAL STOCK EXCHANGE OF INDIA,JPY
GNL,GLOBAL NET LEASE INC,,NEW YORK STOCK EXCHANGE INC.,JPY
GNL,GNL,US3793782018,,USD
GNMA,ISHARES GNMA BOND ETF,,NASDAQ,JPY
GNRC,GENERAC HOLDINGS,,NEW YORK STOCK EXCHANGE INC.,JPY
GNRC,GNRC,US3687361044,,
GNTX,GENTEX,,NASDAQ,JPY
GNZ,GNZ,NZCPTE0001S9,,NZD
GOAU4,METALURGICA GERDAU PREF SA,,XBSP,JPY
GOAU4,GOAU4,BRGOAUACNPR8,,
GODFRYPHLP,GODFREY PHILLIPS INDIA LTD,,NATIONAL STOCK EXCHANGE OF INDIA,JPY
GODIGIT,GO DIGIT GENERAL INSURANCE,,NATIONAL STOCK EXCHANGE OF INDIA,JPY
GODREJCP,GODREJ CONSUMER PRODUCTS LTD,,NATIONAL STOCK EXCHANGE OF INDIA,JPY
GODREJPROP,GODREJ PROPERTIES LTD,,NATIONAL STOCK EXCHANGE OF INDIA,JPY
GOLF,ACUSHNET HOLDINGS CORP,,NEW YORK STOCK EXCHANGE INC.,JPY
GOOD,GLADSTONE COMMERCIAL REIT CORP,,NASDAQ,JPY
GOOD,GOOD,US3765361080,,USD
GOOG,ALPHABET CLASS C,,NASDAQ,JPY
GOOG,GOOG,US02079K1079,,
GOOGL,ALPHABET CLASS A,,NASDAQ,JPY
GOOGL,GOOGL,US02079K3059,,
GOTO,GOTO GOJEK TOKOPEDIA,,INDONESIA STOCK EXCHANGE,JPY
GOTO,GOTO,ID1000166903,,IDR
GOZ,GOZ,AU000000GOZ8,,AUD
GPC,GENUINE PARTS,,NEW YORK STOCK EXCHANGE INC.,JPY
GPC,GPC,US3724601055,,USD
GPE,GPE,GB00BF5H9P87,,GBP
GPI,GROUP AUTOMOTIVE INC,,NEW YORK STOCK EXCHANGE INC.,JPY
GPIL,GODAWARI POWER AND ISPAT LTD,,NATIONAL STOCK EXCHANGE OF INDIA,JPY
GPL,GPL,INE484J01027,,INR
GPN,GLOBAL PAYMENTS INC,,NEW YORK STOCK EXCHANGE INC.,JPY
GPN,GPN,US37940X1028,,USD
GPPL,GUJARAT PIPAVAV PORT LTD,,NATIONAL STOCK EXCHANGE OF INDIA,JPY
GPSC/F,GPSC/F,TH6488010013,,
GPT,GPT,AU000000GPT8,,AUD
GRAB,GRAB HOLDINGS CLASS A,,NASDAQ,JPY
GRAB,GRAB,KYG4124C1096,,USD
GRANULES,GRANULES INDIA,,NATIONAL STOCK EXCHANGE OF INDIA,JPY
GRAPHITE,GRAPHITE INDIA LTD,,NATIONAL STOCK EXCHANGE OF INDIA,JPY
GRASIM,GRASIM INDUSTRIES LTD,,NATIONAL STOCK EXCHANGE OF INDIA,JPY
GRASIM,GRASIM,INE047A01021,,INR
GRAVITA,GRAVITA INDIA LTD,,NATIONAL STOCK EXCHANGE OF INDIA,JPY
GREATEC,GREATECH TECHNOLOGY,,BURSA MALAYSIA,JPY
GRI,GRI,GB00B04V1276,,GBP
GRINDWELL,GRINDWELL NORTON LTD,,NATIONAL STOCK EXCHANGE OF INDIA,JPY
GRMN,GARMIN,,NEW YORK STOCK EXCHANGE INC.,JPY
GRMN,GRMN,CH0114405324,,USD
GRND3,GRENDENE SA,,XBSP,JPY
GRSE,GARDEN REACH SHIPBUILDERS & ENGINE,,NATIONAL STOCK EXCHANGE OF INDIA,JPY
GRT,GROWTHPOINT PROP LTD SHS,,JOHANNESBURG STOCK EXCHANGE,JPY
GRT-U,GRT-U,CA3874372053,,CAD
GRT.UN,GRANITE REAL ESTATE INVESTMENT STA,,TORONTO STOCK EXCHANGE,JPY
GRUMAB,GRUMA,,BOLSA MEXICANA DE VALORES,JPY
GRUMAB,GRUMAB,MXP4948K1056,,MXN
GRUPOARGOS,INVERSIONES ARGOS,,BOLSA DE VALORES DE COLOMBIA,JPY
GRWRHITECH,GARWARE HI-TECH FILMS LTD,,NATIONAL STOCK EXCHANGE OF INDIA,JPY
GS,GOLDMAN SACHS GROUP INC,,NEW YORK STOCK EXCHANGE INC.,JPY
GS,GS,US38141G1040,,
GSCFT,CASH COLLATERAL USD GSCFT,,-,JPY
GSFC,GUJARAT STATE FERTILIZERS AND CHEM,,NATIONAL STOCK EXCHANGE OF INDIA,JPY
GSK,GLAXOSMITHKLINE,,LONDON STOCK EXCHANGE,JPY
GSK,GSK,GB00BN7SWP63,,GBP
GTCAP,GT CAPITAL HOLDINGS,,PHILIPPINE STOCK EXCHANGE INC.,JPY
GTY,GETTY REALTY REIT,,NEW YORK STOCK EXCHANGE INC.,JPY
GTY,GTY,US3742971092,,USD
GUBRF.E,GUBRE FABRIKALARI A,,ISTANBUL STOCK EXCHANGE,JPY
GUJENERGY,GUJARAT ENERGY LTD,,NATIONAL STOCK EXCHANGE OF INDIA,JPY
GULF-R,GULF-R,THC903010R14,,
GULF.R,GULF DEVELOPMENT NON-VOTING DR PCL,,STOCK EXCHANGE OF THAILAND,JPY
GVT&D,GE VERNOVA T&D INDIA LTD,,NATIONAL STOCK EXCHANGE OF INDIA,JPY
GVTD,GVTD,INE200A01026,,INR
GWO,GREAT WEST LIFECO INC,,TORONTO STOCK EXCHANGE,JPY
GWO,GWO,CA39138C1068,,CAD
GWW,WW GRAINGER INC,,NEW YORK STOCK EXCHANGE INC.,JPY
GWW,GWW,US3848021040,,USD
H,HYDRO ONE,,TORONTO STOCK EXCHANGE,JPY
H,H,CA4488112083,,CAD
H,H,US4485791028,,USD
H78,HONGKONG LAND HOLDINGS LTD,,SINGAPORE EXCHANGE,JPY
HABA,HABA,DE000A3H2333,,EUR
HAG,HENSOLDT AG,,XETRA,JPY
HAG,HAG,DE000HAG0005,,EUR
HAL,HALLIBURTON,,NEW YORK STOCK EXCHANGE INC.,JPY
HAL,HAL,US4062161017,,USD
HAPPSTMNDS,HAPPIEST MINDS TECHNOLOGIES PVT,,NATIONAL STOCK EXCHANGE OF INDIA,JPY
HAPV3,HAPVIDA PARTICIPACOES E INVESTIMEN,,XBSP,JPY
HAPV3,HAPV3,BRHAPVACNOR4,,
HAR,HARMONY GOLD MINING COMPANY LIMITE,,JOHANNESBURG STOCK EXCHANGE,JPY
HAR,HAR,ZAE000015228,,ZAR
HARL,HARL,IL0005850180,,ILS
HARTA,HARTALEGA HOLDINGS,,BURSA MALAYSIA,JPY
HAS,HASBRO,,NASDAQ,JPY
HAS,HAS,US4180561072,,
HAVELLS,HAVELLS INDIA LTD,,NATIONAL STOCK EXCHANGE OF INDIA,JPY
HAVL,HAVL,INE176B01034,,INR
HBAN,HUNTINGTON BANCSHARES INC,,NASDAQ,JPY
HBAN,HBAN,CH0466642201,,CHF
HBAN,HBAN,US4461501045,,USD
HBLENGINE,HBL ENGINEERING LTD,,NATIONAL STOCK EXCHANGE OF INDIA,JPY
HBM,HUDBAY MINERALS INC,,TORONTO STOCK EXCHANGE,JPY
HCA,HCA HEALTHCARE INC,,NEW YORK STOCK EXCHANGE INC.,JPY
HCA,HCA,US40412C1018,,USD
HCC,HINDUSTAN CONSTRUCTION COMPANY LTD,,NATIONAL STOCK EXCHANGE OF INDIA,JPY
HCLT,HCLT,INE860A01027,,INR
HCLTECH,HCL TECHNOLOGIES LTD,,NATIONAL STOCK EXCHANGE OF INDIA,JPY
HCW,HCW,AU0000169302,,AUD
HD,HOME DEPOT,,NEW YORK STOCK EXCHANGE INC.,JPY
HD,HD,US4370761029,,
HDD,HEIDELBERGER DRUCKMASCHINEN AG,,XETRA,JPY
HDFCAMC,HDFC ASSET MANAGEMENT COMPANY LTD,,NATIONAL STOCK EXCHANGE OF INDIA,JPY
HDFCAMC,HDFCAMC,INE127D01025,,INR
HDFCB,HDFCB,INE040A01034,,INR
HDFCBANK,HDFC BANK,,NATIONAL STOCK EXCHANGE OF INDIA,JPY
HDFCLIFE,HDFC LIFE INSURANCE COMPANY LTD,,NATIONAL STOCK EXCHANGE OF INDIA,JPY
HDFCLIFE,HDFCLIFE,INE795G01014,,INR
HDN,HDN,AU0000113136,,AUD
HDV,ISHARES CORE HIGH DIVIDEND ETF,,NYSE ARCA,JPY
HEAL,MEDIKALOKA HERMINA,,INDONESIA STOCK EXCHANGE,JPY
HEG,HEG LTD,,NATIONAL STOCK EXCHANGE OF INDIA,JPY
HEI,HEIDELBERG MATERIALS AG,,XETRA,JPY
HEI,HEI,DE0006047004,,EUR
HEI,HEI,US4228061093,,USD
HEI/A,HEI/A,US4228062083,,USD
HEIA,HEINEKEN NV,,EURONEXT AMSTERDAM,JPY
HEIA,HEIA,NL0000009165,,EUR
HEIM,HEINEKEN MALAYSIA,,BURSA MALAYSIA,JPY
HEIO,HEINEKEN HOLDING NV,,EURONEXT AMSTERDAM,JPY
HEIO,HEIO,NL0000008977,,EUR
HEKTS.E,HEKTAS TICARET A,,ISTANBUL STOCK EXCHANGE,JPY
HEN,HENKEL AG,,XETRA,JPY
HEN,HEN,DE0006048408,,EUR
HEN3,HENKEL & KGAA PREF AG,,XETRA,JPY
HEN3,HEN3,DE0006048432,,EUR
HEROMOTOCO,HERO MOTOCORP LTD,,NATIONAL STOCK EXCHANGE OF INDIA,JPY
HEXA B,HEXAGON CLASS B,,NASDAQ OMX NORDIC,JPY
HEXAB,HEXAB,SE0015961909,,SEK
HEXW,HEXAWARE TECHNOLOGIES LTD,,NATIONAL STOCK EXCHANGE OF INDIA,JPY
HFCL,HFCL LTD,,NATIONAL STOCK EXCHANGE OF INDIA,JPY
HIAB,HIAB CORPORATION CLASS B,,NASDAQ OMX HELSINKI LTD.,JPY
HIG,HARTFORD INSURANCE GROUP,,NEW YORK STOCK EXCHANGE INC.,JPY
HIG,HIG,US4165151048,,USD
HII,HUNTINGTON INGALLS INDUSTRIES,,NEW YORK STOCK EXCHANGE INC.,JPY
HII,HII,US4464131063,,
HINDALCO,HINDALCO INDUSTRIES LTD,,NATIONAL STOCK EXCHANGE OF INDIA,JPY
HINDCOPPER,HINDUSTAN COPPER LTD,,NATIONAL STOCK EXCHANGE OF INDIA,JPY
HINDPETRO,HINDUSTAN PETROLEUM CORP LTD,,NATIONAL STOCK EXCHANGE OF INDIA,JPY
HINDUNILVR,HINDUSTAN UNILEVER LTD,,NATIONAL STOCK EXCHANGE OF INDIA,JPY
HIW,HIGHWOODS PROPERTIES REIT,,NEW YORK STOCK EXCHANGE INC.,JPY
HIW,HIW,US4312841087,,USD
HKD,HKD CASH,,-,JPY
HKL,HKL,BMG4587L1090,,USD
HLBANK,HONG LEONG BANK,,BURSA MALAYSIA,JPY
HLBK,HLBK,MYL5819OO007,,
HLCL,HLCL,GB00BT5GNW84,,GBP
HLI,HOULIHAN LOKEY INC CLASS A,,NEW YORK STOCK EXCHANGE INC.,JPY
HLMA,HALMA PLC,,LONDON STOCK EXCHANGE,JPY
HLMA,HLMA,GB0004052071,,GBP
HLN,HALEON PLC,,LONDON STOCK EXCHANGE,JPY
HLN,HLN,GB00BMX86B70,,GBP
HLNE,HAMILTON LANE CLASS A,,NASDAQ,JPY
HLT,HILTON WORLDWIDE HOLDINGS INC,,NEW YORK STOCK EXCHANGE INC.,JPY
HLT,HLT,US43300A2033,,USD
HM B,HENNES & MAURITZ,,NASDAQ OMX NORDIC,JPY
HMB,HMB,SE0000106270,,SEK
HMCL,HMCL,INE158A01026,,INR
HMPRO.R,HOME PRODUCT CENTER NON-VOTING DR,,STOCK EXCHANGE OF THAILAND,JPY
HMPRO/F,HMPRO/F,TH0661010015,,
HMSO,HMSO,GB00BRJQ8J25,,GBP
HNAL,HNAL,INE066F01020,,INR
HNDL,HNDL,INE038A01020,,INR
HNR1,HANNOVER RUECK,,XETRA,JPY
HNR1,HNR1,DE0008402215,,EUR
HO,THALES SA,,NYSE EURONEXT - EURONEXT PARIS,JPY
HO,HO,FR0000121329,,EUR
HOLN,HOLCIM LTD AG,,SIX SWISS EXCHANGE,JPY
HOLN,HOLN,CH0012214059,,CHF
HOLX,HOLOGIC INC,,NO MARKET (E.G. UNLISTED),JPY
HOMB,HOME BANCSHARES INC,,NEW YORK STOCK EXCHANGE INC.,JPY
HOMEFIRST,HOME FIRST FINANCE INDIA LTD,,NATIONAL STOCK EXCHANGE OF INDIA,JPY
HON,HONEYWELL INTERNATIONAL INC,,NASDAQ,JPY
HON,HON,US4385162056,,
HONA,HONEYWELL AEROSPACE INC,,NASDAQ,JPY
HONA,HONA,US43849R1059,,
HONASA,HONASA CONSUMER LTD,,NATIONAL STOCK EXCHANGE OF INDIA,JPY
HONAUT,HONEYWELL AUTOMATION INDIA LTD,,NATIONAL STOCK EXCHANGE OF INDIA,JPY
HOOD,ROBINHOOD MARKETS CLASS A,,NASDAQ,JPY
HOOD,HOOD,US7707001027,,USD
HOT,HOCHTIEF AG,,XETRA,JPY
HOT,HOT,DE0006070006,,EUR
HPCL,HPCL,INE094A01015,,INR
HPE,HEWLETT PACKARD ENTERPRISE,,NEW YORK STOCK EXCHANGE INC.,JPY
HPE,HPE,US42824C1099,,USD
HPP,HUDSON PACIFIC PROPERTIES REIT,,NEW YORK STOCK EXCHANGE INC.,JPY
HPP,HPP,US4440974065,,USD
HPQ,HP INC,,NEW YORK STOCK EXCHANGE INC.,JPY
HPQ,HPQ,US40434L1052,,USD
HPS.A,HAMMOND POWER SOLUTIONS CLASS A,,TORONTO STOCK EXCHANGE,JPY
HR,HEALTHCARE REALTY TRUST INC CLASS,,NEW YORK STOCK EXCHANGE INC.,JPY
HR,HR,US42226K1051,,USD
HR-U,HR-U,CA4039254079,,CAD
HR.UN,HANDR REAL ESTATE INVESTMENT TRUST,,TORONTO STOCK EXCHANGE,JPY
HRB,H&R BLOCK INC,,NEW YORK STOCK EXCHANGE INC.,JPY
HRHO,EFG-HERMES HLDGS,,EGYPTIAN EXCHANGE,JPY
HRI,HERC HOLDINGS,,NEW YORK STOCK EXCHANGE INC.,JPY
HRL,HORMEL FOODS CORP,,NEW YORK STOCK EXCHANGE INC.,JPY
HRL,HRL,US4404521001,,
HSBA,HSBC HOLDINGS PLC,,LONDON STOCK EXCHANGE,JPY
HSBA,HSBA,GB0005405286,,GBP
HSBFT,CASH COLLATERAL USD HSBFT,,-,JPY
HSCL,HIMADRI SPECIALITY CHEMICAL LTD,,NATIONAL STOCK EXCHANGE OF INDIA,JPY
HSIC,HENRY SCHEIN,,NASDAQ,JPY
HSIC,HSIC,US8064071025,,
HST,HOST HOTELS & RESORTS REIT,,NASDAQ,JPY
HST,HST,US44107P1049,,USD
HSY,HERSHEY FOODS,,NEW YORK STOCK EXCHANGE INC.,JPY
HSY,HSY,US4278661081,,USD
HTHT,H WORLD GROUP ADR LTD,,NASDAQ,JPY
HTHT,HTHT,US44332N1063,,USD
HTO,HELLENIC TELECOMMUNICATIONS ORGANI,,ATHENS EXCHANGE S.A. CASH MARKET,JPY
HTO,HTO,GRS260333000,,EUR
HUBB,HUBBELL INC,,NEW YORK STOCK EXCHANGE INC.,JPY
HUBB,HUBB,US4435106079,,USD
HUF,HUF CASH,,-,JPY
HUM,HUMANA,,NEW YORK STOCK EXCHANGE INC.,JPY
HUM,HUM,US4448591028,,USD
HUMANSOFT,HUMAN SOFT,,KUWAIT STOCK EXCHANGE,JPY
HUVR,HUVR,INE030A01027,,INR
HWAU6,MICRO EMINI S&P 500 SEP 26,,INDEX AND OPTIONS MARKET,JPY
HWBU6,MICRO E-MINI NASDAQ 100 SEP 26,,CHICAGO MERCANTILE EXCHANGE,JPY
HWM,HOWMET AEROSPACE,,NEW YORK STOCK EXCHANGE INC.,JPY
HWM,HWM,US4432011082,,USD
HWX,HEADWATER EXPLORATION INC,,TORONTO STOCK EXCHANGE,JPY
HY,HYSTER YALE INC CLASS A,,NEW YORK STOCK EXCHANGE INC.,JPY
HYP,HYPROP INVS LTD,,JOHANNESBURG STOCK EXCHANGE,JPY
HYPE3,HYPERMARCAS,,XBSP,JPY
HYPE3,HYPE3,BRHYPEACNOR0,,
IAG,INSURANCE AUSTRALIA GROUP,,ASX - ALL MARKETS,JPY
IAG,IAG,AU000000IAG3,,AUD
IAG,IAG,CA45075E1043,,CAD
IAG,IAG,ES0177542018,,EUR
IAM,INVERSIONES AGUAS METROPOLITANAS S,,SANTIAGO STOCK EXCHANGE,JPY
IAU,I GOLD CORP,,TORONTO STOCK EXCHANGE,JPY
IBE,IBERDROLA,,BOLSA DE MADRID,JPY
IBE,IBE,ES0144580Y14,,EUR
IBKR,INTERACTIVE BROKERS GROUP INC CLAS,,NASDAQ,JPY
IBKR,IBKR,US45841N1072,,USD
IBM,INTERNATIONAL BUSINESS MACHINES,,NEW YORK STOCK EXCHANGE INC.,JPY
IBM,IBM,US4592001014,,
IBP,INSTALLED BUILDING PRODUCTS,,NEW YORK STOCK EXCHANGE INC.,JPY
ICAD,ICAD,FR0000035081,,EUR
ICE,INTERCONTINENTAL EXCHANGE INC,,NEW YORK STOCK EXCHANGE INC.,JPY
ICE,ICE,US45866F1049,,USD
ICICIBANK,ICICI BANK,,NATIONAL STOCK EXCHANGE OF INDIA,JPY
ICICIBC,ICICIBC,INE090A01021,,INR
ICICIGI,ICICI LOMBARD GENERAL INSURANCE CO,,NATIONAL STOCK EXCHANGE OF INDIA,JPY
ICICIGI,ICICIGI,INE765G01017,,INR
ICICIPRULI,ICICI PRUDENTIAL LIFE INSURANCE CO,,NATIONAL STOCK EXCHANGE OF INDIA,JPY
ICL,ICL,IL0002810146,,ILS
ICSSAGD,BLK ICS GBP LIQ AGENCY DIS,,-,JPY
ICSUAGD,BLK ICS USD LIQ AGENCY DIS,,-,JPY
ICT,INTERNATIONAL CONTAINER TERMINAL S,,PHILIPPINE STOCK EXCHANGE INC.,JPY
ICT,ICT,PHY411571011,,PHP
IDA,IDACORP,,NEW YORK STOCK EXCHANGE INC.,JPY
IDEA,VODAFONE IDEA LTD,,NATIONAL STOCK EXCHANGE OF INDIA,JPY
IDEA,IDEA,INE669E01016,,INR
IDFCFB,IDFCFB,INE092T01019,,INR
IDFCFIRSTB,IDFC FIRST BANK LTD,,NATIONAL STOCK EXCHANGE OF INDIA,JPY
IDR,INDRA SISTEMAS SA,,BOLSA DE MADRID,JPY
IDR,IDR,ES0118594417,,EUR
IDXX,IDEXX LABORATORIES INC,,NASDAQ,JPY
IDXX,IDXX,US45168D1046,,
IEMG,ISHARES CORE MSCI EMERGING MARKETS,,NYSE ARCA,JPY
IEX,IDEX,,NEW YORK STOCK EXCHANGE INC.,JPY
IEX,IEX,US45167R1041,,USD
IEYHO.E,ISSIKLAR ENERJI YAPI HOLDING A,,ISTANBUL STOCK EXCHANGE,JPY
IFC,INTACT FINANCIAL CORP,,TORONTO STOCK EXCHANGE,JPY
IFC,IFC,CA45823T1066,,CAD
IFCI,IFCI LTD,,NATIONAL STOCK EXCHANGE OF INDIA,JPY
IFCN,INFICON HOLDING AG,,SIX SWISS EXCHANGE,JPY
IFF,INTERNATIONAL FLAVORS & FRAGRANCES,,NEW YORK STOCK EXCHANGE INC.,JPY
IFF,IFF,US4595061015,,USD
IFS,INTERCORP FINANCIAL SERVICES INC,,NEW YORK STOCK EXCHANGE INC.,JPY
IFT,INFRATIL LTD,,NEW ZEALAND EXCHANGE LTD,JPY
IFT,IFT,NZIFTE0003S3,,NZD
IFX,INFINEON TECHNOLOGIES AG,,XETRA,JPY
IFX,IFX,DE0006231004,,EUR
IG,ITALGAS,,BORSA ITALIANA,JPY
IG,IG,IT0005211237,,EUR
IGBREIT,IGB REITS UNITS TRUST,,BURSA MALAYSIA,JPY
IGD,IGD,IT0005322612,,EUR
IGL,INDRAPRASTHA GAS,,NATIONAL STOCK EXCHANGE OF INDIA,JPY
IGM,IGM FINANCIAL INC,,TORONTO STOCK EXCHANGE,JPY
IGM,IGM,CA4495861060,,CAD
IGRD,ESTITHMAR HOLDING,,QATAR EXCHANGE,JPY
IGTI11,IGUATEMI UNIT SA,,XBSP,JPY
IGTI11,IGTI11,BRIGTICDAM16,,
IH,IH,INE053A01029,,INR
IHG,INTERCONTINENTAL HOTELS GROUP PLC,,LONDON STOCK EXCHANGE,JPY
IHG,IHG,GB00BHJYC057,,USD
IHH,IHH HEALTHCARE,,BURSA MALAYSIA,JPY
IHH,IHH,MYL5225OO007,,
IIB,IIB,INE095A01012,,INR
IIFL,IIFL FINANCE,,NATIONAL STOCK EXCHANGE OF INDIA,JPY
IIFLCAPS,IIFL CAPITAL SERVICES LTD,,NATIONAL STOCK EXCHANGE OF INDIA,JPY
III,3I GROUP PLC,,LONDON STOCK EXCHANGE,JPY
III,III,GB00B1YW4409,,GBP
IIKP,INTI AGRI RESOURCES,,INDONESIA STOCK EXCHANGE,JPY
IIPR,INNOVATIVE INDUSTRIAL PROPERTIES I,,NEW YORK STOCK EXCHANGE INC.,JPY
IIPR,IIPR,US45781V1017,,USD
IJM,IJM CORPORATION,,BURSA MALAYSIA,JPY
IKS,INVENTURUS KNOWLEDGE SOLUTIONS LTD,,NATIONAL STOCK EXCHANGE OF INDIA,JPY
ILC,INVERSIONES LA CONSTRUCCION SA,,SANTIAGO STOCK EXCHANGE,JPY
ILMN,ILMN,US4523271090,,USD
ILPT,INDUSTRIAL LOGISTICS PROPERTIES TR,,NASDAQ,JPY
ILPT,ILPT,US4562371066,,USD
ILS,ILS CASH,,-,JPY
IMB,IMPERIAL BRANDS PLC,,LONDON STOCK EXCHANGE,JPY
IMB,IMB,GB0004544929,,GBP
IMD,IMDEX LTD,,ASX - ALL MARKETS,JPY
IMEU,ISHARES CORE MSCI EUROPE UCITS ETF,,EURONEXT AMSTERDAM,JPY
IMG,IAMGOLD CORP,,TORONTO STOCK EXCHANGE,JPY
IMO,IMPERIAL OIL LTD,,TORONTO STOCK EXCHANGE,JPY
IMO,IMO,CA4530384086,,CAD
IMP,IMPALA PLATINUM,,JOHANNESBURG STOCK EXCHANGE,JPY
IMP,IMP,ZAE000083648,,ZAR
INA,INA,AU000000INA9,,AUD
INARI,INARI AMERTRON,,BURSA MALAYSIA,JPY
INBK,INBK,INE562A01011,,INR
INCO,VALE INDONESIA,,INDONESIA STOCK EXCHANGE,JPY
INCY,INCYTE CORP,,NASDAQ,JPY
INCY,INCY,US45337C1027,,USD
INDF,INDOFOOD SUKSES MAKMUR,,INDONESIA STOCK EXCHANGE,JPY
INDHOTEL,INDIAN HOTELS LTD,,NATIONAL STOCK EXCHANGE OF INDIA,JPY
INDI,INDIE SEMICONDUCTOR INC CLASS A,,NASDAQ,JPY
INDIACEM,INDIA CEMENTS LTD,,NATIONAL STOCK EXCHANGE OF INDIA,JPY
INDIAMART,INDIAMART INTERMESH,,NATIONAL STOCK EXCHANGE OF INDIA,JPY
INDIANB,INDIAN BANK,,NATIONAL STOCK EXCHANGE OF INDIA,JPY
INDIGO,INTERGLOBE AVIATION LTD,,NATIONAL STOCK EXCHANGE OF INDIA,JPY
INDIGO,INDIGO,INE646L01027,,INR
INDT,INDUTRADE,,NASDAQ OMX NORDIC,JPY
INDT,INDT,SE0001515552,,SEK
INDU A,INDUSTRIVARDEN A,,NASDAQ OMX NORDIC,JPY
INDU C,INDUSTRIVARDEN SERIES,,NASDAQ OMX NORDIC,JPY
INDUA,INDUA,SE0000190126,,SEK
INDUC,INDUC,SE0000107203,,SEK
INDUSINDBK,INDUSIND BANK,,NATIONAL STOCK EXCHANGE OF INDIA,JPY
INDUSTOW,INDUSTOW,INE121J01017,,INR
INDUSTOWER,INDUS TOWERS LTD,,NATIONAL STOCK EXCHANGE OF INDIA,JPY
INF,INFORMA PLC,,LONDON STOCK EXCHANGE,JPY
INF,INF,GB00BMJ6DW54,,GBP
INFO,INFO,INE009A01021,,INR
INFOE,INFOE,INE663F01032,,INR
INFY,INFOSYS,,NATIONAL STOCK EXCHANGE OF INDIA,JPY
INGA,ING GROEP,,EURONEXT AMSTERDAM,JPY
INGA,INGA,NL0011821202,,EUR
INGR,INGREDION INC,,NEW YORK STOCK EXCHANGE INC.,JPY
INKP,INDAH KIAT PULP & PAPER,,INDONESIA STOCK EXCHANGE,JPY
INL,INVESTEC LTD,,JOHANNESBURG STOCK EXCHANGE,JPY
INN,SUMMIT HOTEL PROPERTIES REIT INC,,NEW YORK STOCK EXCHANGE INC.,JPY
INN,INN,US8660821005,,USD
INOXGREEN,INOX GREEN ENERGY SERVICES LTD,,NATIONAL STOCK EXCHANGE OF INDIA,JPY
INOXINDIA,INOX INDIA LTD,,NATIONAL STOCK EXCHANGE OF INDIA,JPY
INOXWIND,INOX WIND,,NATIONAL STOCK EXCHANGE OF INDIA,JPY
INPST,INPOST SA,,EURONEXT AMSTERDAM,JPY
INPST,INPST,LU2290522684,,EUR
INR,INR CASH,,-,JPY
INRN,INTERROLL HOLDING AG,,SIX SWISS EXCHANGE,JPY
INSM,INSM,US4576693075,,USD
INTB3,INTELBRAS TELECOMUNICACOES SA,,XBSP,JPY
INTC,INTEL CORPORATION,,NASDAQ,JPY
INTC,INTC,US4581401001,,
INTELLECT,INTELLECT DESIGN ARENA LTD,,NATIONAL STOCK EXCHANGE OF INDIA,JPY
INTP,INDOCEMENT TUNGGAL PRAKARSA,,INDONESIA STOCK EXCHANGE,JPY
INTR,INTER AND CO INC CLASS A,,NASDAQ,JPY
INTU,INTUIT,,NASDAQ,JPY
INTU,INTU,GB0006834344,,GBP
INTU,INTU,US4612021034,,
INVE B,INVESTOR CLASS B,,NASDAQ OMX NORDIC,JPY
INVEB,INVEB,SE0015811963,,SEK
INVH,INVITATION HOMES,,NEW YORK STOCK EXCHANGE INC.,JPY
INVH,INVH,US46187W1071,,USD
IOC,INDIAN OIL CORP,,NATIONAL STOCK EXCHANGE OF INDIA,JPY
IOCL,IOCL,INE242A01010,,INR
IOI,IOI,MYL1961OO001,,
IOICORP,IOI CORPORATION,,BURSA MALAYSIA,JPY
IOIPG,IOI PROPERTIES GROUP,,BURSA MALAYSIA,JPY
IOIPG,IOIPG,MYL5249OO007,,
IONQ,IONQ,US46222L1089,,USD
IOT,IOT,US79589L1061,,USD
IP,INTERNATIONAL PAPER,,NEW YORK STOCK EXCHANGE INC.,JPY
IP,IP,US4601461035,,USD
IPCALAB,IPCA LABORATORIES LTD,,NATIONAL STOCK EXCHANGE OF INDIA,JPY
IPCO,INTERNATIONAL PETROLEUM,,TORONTO STOCK EXCHANGE,JPY
IPGP,IPG PHOTONICS CORP,,NASDAQ,JPY
IPN,IPSEN SA,,NYSE EURONEXT - EURONEXT PARIS,JPY
IPN,IPN,FR0010259150,,EUR
IPRU,IPRU,INE726G01019,,INR
IQ,IQIYI ADS REPRESENTING CLASS A IN,,NASDAQ,JPY
IQCD,INDUSTRIES QATAR,,QATAR EXCHANGE,JPY
IQCD,IQCD,QA000A0KD6K3,,QAR
IQV,IQVIA HOLDINGS INC,,NEW YORK STOCK EXCHANGE INC.,JPY
IQV,IQV,US46266C1053,,USD
IR,INGERSOLL RAND INC,,NEW YORK STOCK EXCHANGE INC.,JPY
IR,IR,US45687V1061,,USD
IRAO,IRAO,RU000A0JPNM1,,USD
IRB,IRB INFRASTRUCTURE DEVELOPERS LTD,,NATIONAL STOCK EXCHANGE OF INDIA,JPY
IRBR3,IRB BRASIL RESSEGUROS SA,,XBSP,JPY
IRCON,IRCON INTERNATIONAL LTD,,NATIONAL STOCK EXCHANGE OF INDIA,JPY
IREDA,INDIAN RENEWABLE ENERGY DEVELOPMEN,,NATIONAL STOCK EXCHANGE OF INDIA,JPY
IREN,IREN,AU0000185993,,USD
IRES,IRES,IE00BJ34P519,,EUR
IRM,IRON MOUNTAIN INC,,NEW YORK STOCK EXCHANGE INC.,JPY
IRM,IRM,US46284V1017,,USD
IRPC.R,IRPC NON-VOTING DR PCL,,STOCK EXCHANGE OF THAILAND,JPY
IRT,INDEPENDENCE REALTY,,NEW YORK STOCK EXCHANGE INC.,JPY
IRT,IRT,US45378A1060,,USD
ISA,INTERCONEXION ELECTRICA SA,,BOLSA DE VALORES DE COLOMBIA,JPY
ISA,ISA,COE15PA00026,,COP
ISAE4,ISAE4,BRISAEACNPR9,,
ISCTR,ISCTR,TRAISCTR91N2,,TRY
ISCTR.E,TURKIYE IS BANKASI C,,ISTANBUL STOCK EXCHANGE,JPY
ISMEN.E,IS YATIRIM MENKUL DEGERLER A,,ISTANBUL STOCK EXCHANGE,JPY
ISP,INTESA SANPAOLO,,BORSA ITALIANA,JPY
ISP,ISP,IT0000072618,,EUR
ISRG,INTUITIVE SURGICAL INC,,NASDAQ,JPY
ISRG,ISRG,US46120E6023,,
IT,GARTNER,,NEW YORK STOCK EXCHANGE INC.,JPY
IT,IT,US3666511072,,
ITC,ITC LTD,,NATIONAL STOCK EXCHANGE OF INDIA,JPY
ITC,ITC,INE154A01025,,INR
ITCHOTELS,ITC HOTELS LTD,,NATIONAL STOCK EXCHANGE OF INDIA,JPY
ITMAX,ITMAX SYSTEM,,BURSA MALAYSIA,JPY
ITMG,INDO TAMBANGRAYA MEGAH,,INDONESIA STOCK EXCHANGE,JPY
ITRK,INTERTEK GROUP PLC,,LONDON STOCK EXCHANGE,JPY
ITRK,ITRK,GB0031638363,,GBP
ITSA4,ITAUSA INVESTIMENTOS ITAU PREF SA,,XBSP,JPY
ITSA4,ITSA4,BRITSAACNPR7,,
ITT,ITT INC,,NEW YORK STOCK EXCHANGE INC.,JPY
ITUB3,ITAU UNIBANCO HOLDING SA,,XBSP,JPY
ITUB3,ITUB3,BRITUBACNOR4,,BRL
ITUB4,ITAU UNIBANCO HOLDING PREF SA,,XBSP,JPY
ITUB4,ITUB4,BRITUBACNPR1,,
ITW,ILLINOIS TOOL INC,,NEW YORK STOCK EXCHANGE INC.,JPY
ITW,ITW,US4523081093,,USD
ITX,INDUSTRIA DE DISENO TEXTIL SA,,BOLSA DE MADRID,JPY
ITX,ITX,ES0148396007,,EUR
IVL/F,IVL/F,TH1027010012,,
IVN,IVANHOE MINES CLASS A,,TORONTO STOCK EXCHANGE,JPY
IVN,IVN,CA46579R1047,,CAD
IVT,INVENTRUST PROPERTIES,,NEW YORK STOCK EXCHANGE INC.,JPY
IVT,IVT,US46124J2015,,USD
IVV,ISHARES CORE S&P ETF TRUST,,NYSE ARCA,JPY
IVVW,ISHARES S&P 500 BUYWRITE ETF CL1,,CBOE BZX,JPY
IVZ,INVESCO LTD,,NEW YORK STOCK EXCHANGE INC.,JPY
IVZ,IVZ,BMG491BT1088,,
IXCU6,E-MINI HEALTH CARE SECTOR SEP 26,,CHICAGO MERCANTILE EXCHANGE,JPY
IXIGO,LE TRAVENUES TECHNOLOGY,,NATIONAL STOCK EXCHANGE OF INDIA,JPY
IXPU6,EMINI ENERGY SELECT SECTOR SEP 26,,CHICAGO MERCANTILE EXCHANGE,JPY
IXRU6,E-MINI CONSUMER STAPLES SEP 26,,CHICAGO MERCANTILE EXCHANGE,JPY
J,JACOBS SOLUTIONS INC,,NEW YORK STOCK EXCHANGE INC.,JPY
J,J,US46982L1089,,USD
J&KBANK,JAMMU AND KASHMIR BANK LTD,,NATIONAL STOCK EXCHANGE OF INDIA,JPY
J36,JARDINE MATHESON HOLDINGS,,SINGAPORE EXCHANGE,JPY
JAN,JANUS LIVING INC CLASS A,,NEW YORK STOCK EXCHANGE INC.,JPY
JARIR,JARIR,SA000A0BLA62,,SAR
JBGS,JBG SMITH PROPERTIES,,NEW YORK STOCK EXCHANGE INC.,JPY
JBGS,JBGS,US46590V1008,,USD
JBHT,JB HUNT TRANSPORT SERVICES,,NASDAQ,JPY
JBHT,JBHT,US4456581077,,USD
JBL,JABIL,,NEW YORK STOCK EXCHANGE INC.,JPY
JBL,JBL,US4663131039,,USD
JBMA,JBM AUTO LTD,,NATIONAL STOCK EXCHANGE OF INDIA,JPY
JBS,JBS N V NV CLASS A,,NEW YORK STOCK EXCHANGE INC.,JPY
JBS,JBS,NL0015002J37,,USD
JBTM,JBT MAREL,,NEW YORK STOCK EXCHANGE INC.,JPY
JCI,JOHNSON CONTROLS INTERNATIONAL PLC,,NEW YORK STOCK EXCHANGE INC.,JPY
JCI,JCI,IE00BY7QL619,,USD
JDSL,JDSL,INE220G01021,,INR
JEF,JEFFERIES FINANCIAL GROUP INC,,NEW YORK STOCK EXCHANGE INC.,JPY
JEN,JENOPTIK N AG,,XETRA,JPY
JFC,JOLLIBEE FOODS,,PHILIPPINE STOCK EXCHANGE INC.,JPY
JGS,JG SUMMIT HOLDINGS CLASS B,,PHILIPPINE STOCK EXCHANGE INC.,JPY
JGSU6,IFSC NIFTY 50 SEP 26,,INSE,JPY
JHSF3,JHSF PARTICIPACOES SA,,XBSP,JPY
JINDALSAW,JINDAL SAW LTD,,NATIONAL STOCK EXCHANGE OF INDIA,JPY
JINDALST,JINDALST,INE749A01030,,INR
JINDALSTEL,JINDAL STEEL LTD,,NATIONAL STOCK EXCHANGE OF INDIA,JPY
JIOFIN,JIO FINANCIAL SERVICES,,NATIONAL STOCK EXCHANGE OF INDIA,JPY
JIOFIN,JIOFIN,INE758E01017,,INR
JKCEMENT,J.K. CEMENT LTD,,NATIONAL STOCK EXCHANGE OF INDIA,JPY
JKHY,JACK HENRY AND ASSOCIATES INC,,NASDAQ,JPY
JKHY,JKHY,US4262811015,,
JKLAKSHMI,JK LAKSHMI CEMENT,,NATIONAL STOCK EXCHANGE OF INDIA,JPY
JKPAPER,JK PAPER LTD,,NATIONAL STOCK EXCHANGE OF INDIA,JPY
JKS,JINKOSOLAR HOLDING ADR REP,,NEW YORK STOCK EXCHANGE INC.,JPY
JKTYRE,JK TYRE AND INDUSTRIES,,NATIONAL STOCK EXCHANGE OF INDIA,JPY
JM,JM,BMG507361001,,USD
JMFINANCIL,JM FINANCIAL LTD,,NATIONAL STOCK EXCHANGE OF INDIA,JPY
JMT,JERONIMO MARTINS SA,,NYSE EURONEXT - EURONEXT LISBON,JPY
JMT,JMT,PTJMT0AE0001,,EUR
JNJ,JOHNSON & JOHNSON,,NEW YORK STOCK EXCHANGE INC.,JPY
JNJ,JNJ,US4781601046,,
JOMAR,JOMAR,SA000A0MR864,,SAR
JOYY,JOYY ADR,,NASDAQ,JPY
JPFA,JAPFA COMFEED INDONESIA,,INDONESIA STOCK EXCHANGE,JPY
JPFFT,CASH COLLATERAL AUD JPFFT,,-,JPY
JPG,JOHOR PLANTATIONS GROUP,,BURSA MALAYSIA,JPY
JPGV,JAPAN (GOVERNMENT OF) #1396,,-,JPY
JPM,JPMORGAN CHASE & CO,,NEW YORK STOCK EXCHANGE INC.,JPY
JPM,JPM,US46625H1005,,
JPPOWER,JAIPRAKASH POWER VENTURES LTD,,NATIONAL STOCK EXCHANGE OF INDIA,JPY
JPWU6,JPX-NIKKEI INDEX 400 SEP 26,,OSAKA SECURITIES EXCHANGE,JPY
JPY,JPY CASH,,-,JPY
JSE,JOHANNESBURG STOCK EXCHANGE LTD,,JOHANNESBURG STOCK EXCHANGE,JPY
JSL,JINDAL STAINLESS LTD,,NATIONAL STOCK EXCHANGE OF INDIA,JPY
JSMR,JASA MARGA,,INDONESIA STOCK EXCHANGE,JPY
JSTL,JSTL,INE019A01038,,INR
JSW,JASTRZEBSKA SPOLKA WEGLOWA,,WARSAW STOCK EXCHANGE/EQUITIES/MAIN MARKET,JPY
JSW,JSW,INE121E01018,,INR
JSWDULUX,JSW DULUX LTD,,NATIONAL STOCK EXCHANGE OF INDIA,JPY
JSWENERGY,JSW ENERGY LTD,,NATIONAL STOCK EXCHANGE OF INDIA,JPY
JSWHL,JSW HOLDINGS LTD,,NATIONAL STOCK EXCHANGE OF INDIA,JPY
JSWSTEEL,JSW STEEL,,NATIONAL STOCK EXCHANGE OF INDIA,JPY
JTDB,JAPAN (GOVERNMENT OF) #1384,,-,JPY
JUBLFOOD,JUBILANT FOODWORKS LTD,,NATIONAL STOCK EXCHANGE OF INDIA,JPY
JUBLINGREA,JUBILANT INGREVIA LTD,,NATIONAL STOCK EXCHANGE OF INDIA,JPY
JUBLPHARMA,JUBILANT PHARMOVA LTD,,NATIONAL STOCK EXCHANGE OF INDIA,JPY
JUN3,JUNGHEINRICH PREF AG,,XETRA,JPY
JWEL,JAMIESON WELLNESS,,TORONTO STOCK EXCHANGE,JPY
JWL,JUPITER WAGONS LTD,,NATIONAL STOCK EXCHANGE OF INDIA,JPY
JYOTHYLAB,JYOTHY LABS LTD,,NATIONAL STOCK EXCHANGE OF INDIA,JPY
JYOTICNC,JYOTI CNC AUTOMATION LTD,,NATIONAL STOCK EXCHANGE OF INDIA,JPY
K,KINROSS GOLD CORP,,TORONTO STOCK EXCHANGE,JPY
K,K,CA4969024047,,CAD
KAI,KADANT INC,,NEW YORK STOCK EXCHANGE INC.,JPY
KAJARIACER,KAJARIA CERAMICS LTD,,NATIONAL STOCK EXCHANGE OF INDIA,JPY
KALMAR,KALMAR CORPORATION CLASS B,,NASDAQ OMX HELSINKI LTD.,JPY
KALYANKJIL,KALYAN JEWELLERS INDIA,,NATIONAL STOCK EXCHANGE OF INDIA,JPY
KANSAINER,KANSAI NEROLAC PAINTS LTD,,NATIONAL STOCK EXCHANGE OF INDIA,JPY
KARN,KARDEX HOLDING AG,,SIX SWISS EXCHANGE,JPY
KARURVYSYA,KARUR VYSYA BANK LTD,,NATIONAL STOCK EXCHANGE OF INDIA,JPY
KAYNES,KAYNES TECHNOLOGY INDIA LTD,,NATIONAL STOCK EXCHANGE OF INDIA,JPY
KBANK-R,KBANK-R,TH0016010R14,,
KBANK.R,KASIKORNBANK PUBLIC NON-VOTING DR,,STOCK EXCHANGE OF THAILAND,JPY
KBC,KBC GROEP,,NYSE EURONEXT - EURONEXT BRUSSELS,JPY
KBC,KBC,BE0003565737,,EUR
KBR,KBR INC,,NEW YORK STOCK EXCHANGE INC.,JPY
KBX,KNORR BREMSE AG,,XETRA,JPY
KBX,KBX,DE000KBX1006,,EUR
KCE.R,KCE ELECTRONICS NON-VOTING DR PCL,,STOCK EXCHANGE OF THAILAND,JPY
KCHOL,KCHOL,TRAKCHOL91Q8,,TRY
KCHOL.E,KOC HOLDING A,,ISTANBUL STOCK EXCHANGE,JPY
KCR,KONECRANES,,NASDAQ OMX HELSINKI LTD.,JPY
KDCREIT,KDCREIT,SG1AF6000009,,SGD
KDP,KEURIG DR PEPPER INC,,NASDAQ,JPY
KDP,KDP,US49271V1008,,
KEC,KEC INTERNATIONAL LTD,,NATIONAL STOCK EXCHANGE OF INDIA,JPY
KEI,KEI INDUSTRIES LTD,,NATIONAL STOCK EXCHANGE OF INDIA,JPY
KEL,KELT EXPLORATION,,TORONTO STOCK EXCHANGE,JPY
KEP,KEP,SG1U68934629,,SGD
KER,KERING SA,,NYSE EURONEXT - EURONEXT PARIS,JPY
KER,KER,FR0000121485,,EUR
KESKOB,KESKO CLASS B,,NASDAQ OMX HELSINKI LTD.,JPY
KESKOB,KESKOB,FI0009000202,,EUR
KEY,KEYCORP,,NEW YORK STOCK EXCHANGE INC.,JPY
KEY,KEY,CA4932711001,,CAD
KEY,KEY,US4932671088,,USD
KEYS,KEYSIGHT TECHNOLOGIES,,NEW YORK STOCK EXCHANGE INC.,JPY
KEYS,KEYS,US49338L1035,,USD
KFH,KUWAIT FINANCE HOUSE,,KUWAIT STOCK EXCHANGE,JPY
KFH,KFH,KW0EQ0100085,,KWD
KFINTECH,KFIN TECHNOLOGIES LTD,,NATIONAL STOCK EXCHANGE OF INDIA,JPY
KGB,KELINGTON GROUP,,BURSA MALAYSIA,JPY
KGF,KINGFISHER PLC,,LONDON STOCK EXCHANGE,JPY
KGF,KGF,GB0033195214,,GBP
KGH,KGHM POLSKA MIEDZ SA,,WARSAW STOCK EXCHANGE/EQUITIES/MAIN MARKET,JPY
KGH,KGH,PLKGHM000017,,PLN
KGX,KION GROUP AG,,XETRA,JPY
KHC,KRAFT HEINZ,,NASDAQ,JPY
KHC,KHC,US5007541064,,
KIB,KUWAIT INTERNATIONAL BANK,,KUWAIT STOCK EXCHANGE,JPY
KIM,KIMCO REALTY REIT CORP,,NEW YORK STOCK EXCHANGE INC.,JPY
KIM,KIM,US49446R1095,,USD
KIMBERA,KIMBERLY-CLARK DE MEXICO CLASS A,,BOLSA MEXICANA DE VALORES,JPY
KIMBERA,KIMBERA,MXP606941179,,MXN
KIMS,KRISHNA INSTITUTE OF MEDICAL SCIEN,,NATIONAL STOCK EXCHANGE OF INDIA,JPY
KIRLOSBROS,KIRLOSKAR BROTHERS,,NATIONAL STOCK EXCHANGE OF INDIA,JPY
KIRLOSENG,KIRLOSKAR OIL ENGINES LTD,,NATIONAL STOCK EXCHANGE OF INDIA,JPY
KIRLPNU,KIRLOSKAR PNEUMATIC CO LTD,,NATIONAL STOCK EXCHANGE OF INDIA,JPY
KKC,KKC,INE298A01020,,INR
KKP.R,KIATNAKIN PHATRA BANK NON-VOTING D,,STOCK EXCHANGE OF THAILAND,JPY
KKP/F,KKP/F,TH0121010019,,
KKR,KKR AND CO INC,,NEW YORK STOCK EXCHANGE INC.,JPY
KKR,KKR,US48251W1045,,USD
KLAC,KLA,,NASDAQ,JPY
KLAC,KLAC,US4824801009,,
KLBF,KALBE FARMA,,INDONESIA STOCK EXCHANGE,JPY
KLBN11,KLABIN UNITS SA,,XBSP,JPY
KLBN11,KLBN11,BRKLBNCDAM18,,
KLBN4,KLBN4,BRKLBNACNPR9,,
KLCC,KLCC PROPERTY HOLDINGS STAPLED UNI,,BURSA MALAYSIA,JPY
KLK,KUALA LUMPUR KEPONG,,BURSA MALAYSIA,JPY
KLK,KLK,MYL2445OO004,,
KMB,KIMBERLY CLARK,,NASDAQ,JPY
KMB,KMB,INE237A01036,,INR
KMB,KMB,US4943681035,,USD
KMI,KINDER MORGAN,,NEW YORK STOCK EXCHANGE INC.,JPY
KMI,KMI,US49456B1017,,USD
KMP-U,KMP-U,CA49410M1023,,CAD
KMP.UN,KILLAM APARTMENT REIT UNITS CLASS,,TORONTO STOCK EXCHANGE,JPY
KNEBV,KONE,,NASDAQ OMX HELSINKI LTD.,JPY
KNEBV,KNEBV,FI0009013403,,EUR
KNIN,KUEHNE UND NAGEL INTERNATIONAL AG,,SIX SWISS EXCHANGE,JPY
KNIN,KNIN,CH0025238863,,CHF
KNSL,KINSALE CAPITAL GROUP INC,,NEW YORK STOCK EXCHANGE INC.,JPY
KNT,K92 MINING,,TORONTO STOCK EXCHANGE,JPY
KNX,KNIGHT-SWIFT TRANSPORTATION HOLDIN,,NEW YORK STOCK EXCHANGE INC.,JPY
KO,COCA-COLA,,NEW YORK STOCK EXCHANGE INC.,JPY
KO,KO,US1912161007,,
KOFUBL,COCA-COLA FEMSA CLASS UBL UNITS,,BOLSA MEXICANA DE VALORES,JPY
KOFUBL,KOFUBL,MX01KO000002,,MXN
KOG,KONGSBERG GRUPPEN,,OSLO BORS ASA,JPY
KOG,KOG,NO0013536151,,NOK
KOMB,KOMB,CZ0008019106,,CZK
KOSSAN,KOSSAN RUBBER INDUSTRIES,,BURSA MALAYSIA,JPY
KOTAKBANK,KOTAK MAHINDRA BANK,,NATIONAL STOCK EXCHANGE OF INDIA,JPY
KPIG,MNC TOURISM INDONESIA,,INDONESIA STOCK EXCHANGE,JPY
KPIL,KALPATARU PROJECTS INTERNATIONAL,,NATIONAL STOCK EXCHANGE OF INDIA,JPY
KPITTECH,KPIT TECHNOLOGIES LTD,,NATIONAL STOCK EXCHANGE OF INDIA,JPY
KPJ,KPJ HEALTHCARE,,BURSA MALAYSIA,JPY
KPN,KONINKLIJKE KPN NV,,EURONEXT AMSTERDAM,JPY
KPN,KPN,NL0000009082,,EUR
KPRMILL,KPR MILL,,NATIONAL STOCK EXCHANGE OF INDIA,JPY
KPROJ,KUWAIT PROJECTS,,KUWAIT STOCK EXCHANGE,JPY
KR,KROGER,,NEW YORK STOCK EXCHANGE INC.,JPY
KR,KR,US5010441013,,USD
KRC,KILROY REALTY REIT,,NEW YORK STOCK EXCHANGE INC.,JPY
KRC,KRC,US49427F1084,,USD
KRDMD.E,KARDEMIR KARABUK DEMIR CELIK SANAY,,ISTANBUL STOCK EXCHANGE,JPY
KRE,KUWAIT REAL EST,,KUWAIT STOCK EXCHANGE,JPY
KREIT,KREIT,SG1T22929874,,SGD
KRG,KITE REALTY GROUP TRUST REIT,,NEW YORK STOCK EXCHANGE INC.,JPY
KRG,KRG,US49803T3005,,USD
KRN,KRONES AG,,XETRA,JPY
KRU,KRUK SA,,WARSAW STOCK EXCHANGE/EQUITIES/MAIN MARKET,JPY
KRW,KRW CASH,,-,JPY
KRX,KINGSPAN GROUP PLC,,IRISH STOCK EXCHANGE - ALL MARKET,JPY
KRZ,KERRY GROUP PLC,,IRISH STOCK EXCHANGE - ALL MARKET,JPY
KSB,KSB LTD,,NATIONAL STOCK EXCHANGE OF INDIA,JPY
KSP,KSP,IE0004927939,,EUR
KTB,KONTOOR BRANDS,,NEW YORK STOCK EXCHANGE INC.,JPY
KTB-R,KTB-R,TH0150010R11,,
KTB.R,KRUNG THAI BANK PUBLIC NON-VOTING,,STOCK EXCHANGE OF THAILAND,JPY
KTC.R,KRUNGTHAI CARD NON-VOTING DR PCL,,STOCK EXCHANGE OF THAILAND,JPY
KTC/F,KTC/F,TH0689010Z18,,
KTKBANK,KARNATAKA BANK LTD,,NATIONAL STOCK EXCHANGE OF INDIA,JPY
KTLEV.E,KATILIMEVIM TASARRUF FINANSMAN A.S,,ISTANBUL STOCK EXCHANGE,JPY
KTY,GRUPA KETY,,WARSAW STOCK EXCHANGE/EQUITIES/MAIN MARKET,JPY
KVUE,KENVUE,,NEW YORK STOCK EXCHANGE INC.,JPY
KVUE,KVUE,US49177J1025,,USD
KWD,KWD CASH,,-,JPY
KWIL,KWALITY WALL S (INDIA) LTD,,NATIONAL STOCK EXCHANGE OF INDIA,JPY
KXS,KINAXIS INC,,TORONTO STOCK EXCHANGE,JPY
KYGA,KYGA,IE0004906560,,EUR
L,LOEWS,,NEW YORK STOCK EXCHANGE INC.,JPY
L,L,CA5394811015,,CAD
L,L,US5404241086,,USD
LABB,GENOMMA LAB INTERNATIONAL,,BOLSA MEXICANA DE VALORES,JPY
LAC,LITHIUM AMERICAS CORP,,TORONTO STOCK EXCHANGE,JPY
LACOMERUBC,LA COMER UBC,,BOLSA MEXICANA DE VALORES,JPY
LAD,LITHIA MOTORS INC CLASS A,,NEW YORK STOCK EXCHANGE INC.,JPY
LALPATHLAB,DR LAL PATHLABS LTD,,NATIONAL STOCK EXCHANGE OF INDIA,JPY
LAMDA,LAMDA DEVELOPMENT SA,,ATHENS EXCHANGE S.A. CASH MARKET,JPY
LAMR,LAMAR ADVERTISING COMPANY CLAS,,NASDAQ,JPY
LAMR,LAMR,US5128161099,,USD
LAND,LAND SECURITIES GROUP REIT PLC,,LONDON STOCK EXCHANGE,JPY
LAND,LAND,GB00BYW0PQ60,,GBP
LAND,LAND,US3765491010,,USD
LATENTVIEW,LATENT VIEW ANALYTICS LTD,,NATIONAL STOCK EXCHANGE OF INDIA,JPY
LATO B,LATOUR INVESTMENT CLASS B,,NASDAQ OMX NORDIC,JPY
LATOB,LATOB,SE0010100958,,SEK
LAURUSLABS,LAURUS LABS LTD,,NATIONAL STOCK EXCHANGE OF INDIA,JPY
LB,LAURENTIAN BANK OF CANADA,,TORONTO STOCK EXCHANGE,JPY
LDO,LEONARDO FINMECCANICA SPA,,BORSA ITALIANA,JPY
LDO,LDO,IT0003856405,,EUR
LDOS,LEIDOS HOLDINGS,,NEW YORK STOCK EXCHANGE INC.,JPY
LDOS,LDOS,US5253271028,,USD
LECO,LINCOLN ELECTRIC HOLDINGS INC,,NASDAQ,JPY
LEGN,LEGEND BIOTECH ADR REP,,NASDAQ,JPY
LEGN,LEGN,US52490G1022,,USD
LEMONTREE,LEMON TREE HOTELS,,NATIONAL STOCK EXCHANGE OF INDIA,JPY
LEN,LENNAR A CORP CLASS A,,NEW YORK STOCK EXCHANGE INC.,JPY
LEN,LEN,US5260571048,,USD
LFUS,LITTELFUSE,,NASDAQ,JPY
LGEN,LEGAL AND GENERAL GROUP PLC,,LONDON STOCK EXCHANGE,JPY
LGEN,LGEN,GB0005603997,,GBP
LH,LABCORP HOLDINGS,,NEW YORK STOCK EXCHANGE INC.,JPY
LH,LH,US5049221055,,USD
LH-R,LH-R,TH0143010R16,,
LH.R,LAND AND HOUSE PUBLIC NON-VOTING D,,STOCK EXCHANGE OF THAILAND,JPY
LHA,DEUTSCHE LUFTHANSA AG,,XETRA,JPY
LHA,LHA,DE0008232125,,EUR
LHC,LIFE HEALTH,,JOHANNESBURG STOCK EXCHANGE,JPY
LHX,L3HARRIS TECHNOLOGIES,,NEW YORK STOCK EXCHANGE INC.,JPY
LHX,LHX,US5024311095,,USD
LI,KLEPIERRE REIT SA,,NYSE EURONEXT - EURONEXT PARIS,JPY
LI,LI,FR0000121964,,EUR
LICHSGFIN,LIC HOUSING FINANCE LTD,,NATIONAL STOCK EXCHANGE OF INDIA,JPY
LIDER.E,LDR TURIZM AS,,ISTANBUL STOCK EXCHANGE,JPY
LIF,LABRADOR IRON ORE ROYALTY,,TORONTO STOCK EXCHANGE,JPY
LIFCO B,LIFCO CLASS B,,NASDAQ OMX NORDIC,JPY
LIFCOB,LIFCOB,SE0015949201,,SEK
LII,LENNOX INTERNATIONAL INC,,NEW YORK STOCK EXCHANGE INC.,JPY
LII,LII,US5261071071,,USD
LIN,LINDE PLC,,NASDAQ,JPY
LIN,LIN,IE000S9YS762,,
LINE,LINEAGE,,NASDAQ,JPY
LINE,LINE,US53566V1061,,USD
LISN,CHOCOLADEFABRIKEN LINDT & SPRUENGL,,SIX SWISS EXCHANGE,JPY
LISN,LISN,CH0010570759,,CHF
LISP,CHOCOLADEFABRIKEN LINDT & SPRUENGL,,SIX SWISS EXCHANGE,JPY
LISP,LISP,CH0010570767,,CHF
LITE,LUMENTUM HOLDINGS,,NASDAQ,JPY
LITE,LITE,US55024U1097,,
LIVE,LIVE,GB00BF0P7H59,,GBP
LKOH,LKOH,RU0009024277,,USD
LLOY,LLOYDS BANKING GROUP PLC,,LONDON STOCK EXCHANGE,JPY
LLOY,LLOY,GB0008706128,,GBP
LLOYDSENGG,LLOYDS ENGINEERING WORKS LTD,,NATIONAL STOCK EXCHANGE OF INDIA,JPY
LLY,ELI LILLY,,NEW YORK STOCK EXCHANGE INC.,JPY
LLY,LLY,US5324571083,,USD
LMP,LMP,GB00B4WFW713,,GBP
LMT,LOCKHEED MARTIN CORP,,NEW YORK STOCK EXCHANGE INC.,JPY
LMT,LMT,US5398301094,,USD
LMW,LMW LTD,,NATIONAL STOCK EXCHANGE OF INDIA,JPY
LNG,CHENIERE ENERGY INC,,NEW YORK STOCK EXCHANGE INC.,JPY
LNG,LNG,US16411R2085,,USD
LNR,LINAMAR,,TORONTO STOCK EXCHANGE,JPY
LNT,ALLIANT ENERGY CORP,,NASDAQ,JPY
LNT,LNT,US0188021085,,USD
LODHA,LODHA DEVELOPERS LTD,,NATIONAL STOCK EXCHANGE OF INDIA,JPY
LODHA,LODHA,INE670K01029,,INR
LOGN,LOGITECH INTERNATIONAL,,SIX SWISS EXCHANGE,JPY
LOGN,LOGN,CH0025751329,,CHF
LONN,LONZA GROUP AG,,SIX SWISS EXCHANGE,JPY
LONN,LONN,CH0013841017,,CHF
LOTB,LOTUS BAKERIES NV,,NYSE EURONEXT - EURONEXT BRUSSELS,JPY
LOTB,LOTB,BE0003604155,,EUR
LOW,LOWES COMPANIES INC,,NEW YORK STOCK EXCHANGE INC.,JPY
LOW,LOW,US5486611073,,USD
LPC,LPC,INE326A01037,,INR
LPLA,LPLA,US50212V1008,,USD
LPP,LPP SA,,WARSAW STOCK EXCHANGE/EQUITIES/MAIN MARKET,JPY
LPP,LPP,PLLPP0000011,,PLN
LPX,LOUISIANA PACIFIC,,NEW YORK STOCK EXCHANGE INC.,JPY
LR,LEGRAND SA,,NYSE EURONEXT - EURONEXT PARIS,JPY
LR,LR,FR0010307819,,EUR
LRCX,LAM RESEARCH,,NASDAQ,JPY
LRCX,LRCX,US5128073062,,
LREIT,LREIT,SGXC61949712,,SGD
LREN3,LOJAS RENNER,,XBSP,JPY
LREN3,LREN3,BRLRENACNOR1,,
LSCC,LATTICE SEMICONDUCTOR,,NASDAQ,JPY
LSEG,LONDON STOCK EXCHANGE GROUP PLC,,LONDON STOCK EXCHANGE,JPY
LSEG,LSEG,GB00B0SWJX34,,GBP
LSPD,LIGHTSPEED COMMERCE,,TORONTO STOCK EXCHANGE,JPY
LSTR,LANDSTAR SYSTEM,,NASDAQ,JPY
LT,LARSEN AND TOUBRO LTD,,NATIONAL STOCK EXCHANGE OF INDIA,JPY
LT,LT,INE018A01030,,INR
LTC,LTC PROPERTIES REIT,,NEW YORK STOCK EXCHANGE INC.,JPY
LTC,LTC,US5021751020,,USD
LTF,L&T FINANCE LTD,,NATIONAL STOCK EXCHANGE OF INDIA,JPY
LTF,LTF,INE498L01015,,INR
LTFOODS,LT FOODS LTD,,NATIONAL STOCK EXCHANGE OF INDIA,JPY
LTM,LATAM AIRLINES GROUP,,SANTIAGO STOCK EXCHANGE,JPY
LTM,LTM,INE214T01019,,INR
LTM,LTM,US51817R2058,,USD
LU,LUFAX HLDG AMERICAN DEPOSITARY SHA,,NEW YORK STOCK EXCHANGE INC.,JPY
LUG,LUNDIN GOLD,,TORONTO STOCK EXCHANGE,JPY
LUG,LUG,CA5503711080,,CAD
LULU,LULULEMON ATHLETICA,,NASDAQ,JPY
LULU,LULU,US5500211090,,USD
LUMAXTECH,LUMAX AUTO TECHNOLOGIES,,NATIONAL STOCK EXCHANGE OF INDIA,JPY
LUMI,LUMI,IL0006046119,,ILS
LUN,LUNDIN MINING,,TORONTO STOCK EXCHANGE,JPY
LUN,LUN,CA5503721063,,CAD
LUND B,LUNDBERGFORETAGEN CLASS B,,NASDAQ OMX NORDIC,JPY
LUNDB,LUNDB,SE0000108847,,SEK
LUPIN,LUPIN,,NATIONAL STOCK EXCHANGE OF INDIA,JPY
LUV,SOUTHWEST AIRLINES,,NEW YORK STOCK EXCHANGE INC.,JPY
LUV,LUV,US8447411088,,
LVS,LAS VEGAS SANDS,,NEW YORK STOCK EXCHANGE INC.,JPY
LVS,LVS,US5178341070,,USD
LW,LAMB WESTON HOLDINGS,,NEW YORK STOCK EXCHANGE INC.,JPY
LXP,LXP INDUSTRIAL TRUST,,NEW YORK STOCK EXCHANGE INC.,JPY
LXP,LXP,US5290434084,,USD
LYB,LYONDELLBASELL INDUSTRIES CLASS A,,NEW YORK STOCK EXCHANGE INC.,JPY
LYB,LYB,NL0009434992,,USD
LYC,LYNAS RARE EARTHS LTD,,ASX - ALL MARKETS,JPY
LYC,LYC,AU000000LYC6,,AUD
LYDHO.E,LYDIA HOLDING A.S.,,ISTANBUL STOCK EXCHANGE,JPY
LYV,LIVE NATION ENTERTAINMENT,,NEW YORK STOCK EXCHANGE INC.,JPY
LYV,LYV,US5380341090,,USD
M&M,MAHINDRA AND MAHINDRA LTD,,NATIONAL STOCK EXCHANGE OF INDIA,JPY
M&MFIN,MAHINDRA AND MAHINDRA FINANCIAL SE,,NATIONAL STOCK EXCHANGE OF INDIA,JPY
MA,MASTERCARD CLASS A,,NEW YORK STOCK EXCHANGE INC.,JPY
MA,MA,US57636Q1040,,USD
MAA,MID AMERICA APARTMENT COMMUNITIES,,NEW YORK STOCK EXCHANGE INC.,JPY
MAA,MAA,US59522J1034,,USD
MAADEN,MAADEN,SA123GA0ITH7,,SAR
MABANEE,MABANEE COMPANY,,KUWAIT STOCK EXCHANGE,JPY
MABANEE,MABANEE,KW0EQ0400725,,KWD
MAC,MACERICH REIT,,NEW YORK STOCK EXCHANGE INC.,JPY
MAC,MAC,US5543821012,,USD
MAERSK A,A P MOLLER MAERSK,,OMX NORDIC EXCHANGE COPENHAGEN A/S,JPY
MAERSK B,A P MOLLER MAERSK B,,OMX NORDIC EXCHANGE COPENHAGEN A/S,JPY
MAERSKA,MAERSKA,DK0010244425,,DKK
MAERSKB,MAERSKB,DK0010244508,,DKK
MAGEN.E,MARGUN ENERJI URETIM SANAYI & TICA,,ISTANBUL STOCK EXCHANGE,JPY
MAHLIFE,MAHINDRA LIFESPACE DEVELOPERS LTD,,NATIONAL STOCK EXCHANGE OF INDIA,JPY
MAHSEAMLES,MAHARASHTRA SEAMLESS LTD,,NATIONAL STOCK EXCHANGE OF INDIA,JPY
MALLPLAZ,MALLPLAZ,CL0002456714,,CLP
MALLPLAZA,PLAZA SA,,SANTIAGO STOCK EXCHANGE,JPY
MANAPPURAM,MANAPPURAM FINANCE LTD,,NATIONAL STOCK EXCHANGE OF INDIA,JPY
MANKIND,MANKIND PHARMA LTD,,NATIONAL STOCK EXCHANGE OF INDIA,JPY
MANKIND,MANKIND,INE634S01028,,INR
MANYAVAR,VEDANT FASHIONS,,NATIONAL STOCK EXCHANGE OF INDIA,JPY
MAP,MAPFRE SA,,BOLSA DE MADRID,JPY
MAP,MAP,ES0124244E34,,EUR
MAR,MARRIOTT INTERNATIONAL CLASS A,,NASDAQ,JPY
MAR,MAR,US5719032022,,
MARGIN_JPY,FUTURES JPY MARGIN BALANCE,,-,JPY
MARGIN_USD,FUTURES USD MARGIN BALANCE,,-,JPY
MARICO,MARICO,,NATIONAL STOCK EXCHANGE OF INDIA,JPY
MARK,MASRAF AL RAYAN,,QATAR EXCHANGE,JPY
MARK,MARK,QA000A0M8VM3,,QAR
MARKSANS,MARKSANS PHARMA LTD,,NATIONAL STOCK EXCHANGE OF INDIA,JPY
MARUTI,MARUTI SUZUKI INDIA LTD,,NATIONAL STOCK EXCHANGE OF INDIA,JPY
MAS,MASCO,,NEW YORK STOCK EXCHANGE INC.,JPY
MAS,MAS,US5745991068,,USD
MASTEK,MASTEK,,NATIONAL STOCK EXCHANGE OF INDIA,JPY
MAU,MONTAGE GOLD,,TORONTO STOCK EXCHANGE,JPY
MAVI.E,MAVI GIYIM SANAYI VE TICARET,,ISTANBUL STOCK EXCHANGE,JPY
MAXHEALT,MAXHEALT,INE027H01010,,INR
MAXHEALTH,MAX HEALTHCARE INSTITUTE,,NATIONAL STOCK EXCHANGE OF INDIA,JPY
MAXIS,MAXIS,,BURSA MALAYSIA,JPY
MAXIS,MAXIS,MYL6012OO008,,
MAY,MAY,MYL1155OO000,,
MAYBANK,MALAYAN BANKING,,BURSA MALAYSIA,JPY
MBG,MERCEDES-BENZ GROUP N AG,,XETRA,JPY
MBG,MBG,DE0007100000,,EUR
MBGL,MOBILITY GLOBAL INC,,NEW YORK STOCK EXCHANGE INC.,JPY
MBK,MBANK SA,,WARSAW STOCK EXCHANGE/EQUITIES/MAIN MARKET,JPY
MBK,MBK,PLBRE0000012,,PLN
MBK.R,MBK NON-VOTING DR PCL,,STOCK EXCHANGE OF THAILAND,JPY
MBLY,MOBILEYE GLOBAL INC CLASS A,,NASDAQ,JPY
MBRF3,MARFRIG GLOBAL FOODS SA,,XBSP,JPY
MBRF3,MBRF3,BRMBRFACNOR1,,
MBSB,MBSB,,BURSA MALAYSIA,JPY
MBT,METROPOLITAN BANK AND TRUST CO,,PHILIPPINE STOCK EXCHANGE INC.,JPY
MBT,MBT,PHY6028G1361,,PHP
MC,LVMH,,NYSE EURONEXT - EURONEXT PARIS,JPY
MC,MC,FR0000121014,,EUR
MCD,MCDONALDS CORP,,NEW YORK STOCK EXCHANGE INC.,JPY
MCD,MCD,US5801351017,,
MCDCO,MCDCO,SA0007879659,,SAR
MCEMENT,MALAYAN CEMENT,,BURSA MALAYSIA,JPY
MCHP,MICROCHIP TECHNOLOGY INC,,NASDAQ,JPY
MCHP,MCHP,US5950171042,,
MCK,MCKESSON CORP,,NEW YORK STOCK EXCHANGE INC.,JPY
MCK,MCK,US58155Q1031,,USD
MCO,MOODYS CORP,,NEW YORK STOCK EXCHANGE INC.,JPY
MCO,MCO,US6153691059,,USD
MCX,MCX,INE745G01043,,INR
MDA,MDA SPACE,,TORONTO STOCK EXCHANGE,JPY
MDB,MDB,US60937P1066,,USD
MDIA3,M DIAS BRANCO INDUSTRIA SA,,XBSP,JPY
MDKA,MERDEKA COPPER GOLD,,INDONESIA STOCK EXCHANGE,JPY
MDLN,MDLN,US58507V1070,,USD
MDLZ,MONDELEZ INTERNATIONAL INC CLASS A,,NASDAQ,JPY
MDLZ,MDLZ,US6092071058,,
MDT,MEDTRONIC PLC,,NEW YORK STOCK EXCHANGE INC.,JPY
MDT,MDT,IE00BTN1Y115,,USD
MDU,MDU RESOURCES GROUP,,NEW YORK STOCK EXCHANGE INC.,JPY
MDV,MODIVO SA,,WARSAW STOCK EXCHANGE/EQUITIES/MAIN MARKET,JPY
MDV,MDV,US60784B1017,,USD
MEDANTA,GLOBAL HEALTH LTD,,NATIONAL STOCK EXCHANGE OF INDIA,JPY
MEDC,MEDCO ENERGI INTERNASIONAL,,INDONESIA STOCK EXCHANGE,JPY
MEDPLUS,MEDPLUS HEALTH SERVICES,,NATIONAL STOCK EXCHANGE OF INDIA,JPY
MEG,MEGAWORLD CORP,,PHILIPPINE STOCK EXCHANGE INC.,JPY
MEGA.R,MEGA LIFESCIENCE NON-VOTING DR,,STOCK EXCHANGE OF THAILAND,JPY
MEGACPO,MEGACABLE HOLDINGS CPO,,BOLSA MEXICANA DE VALORES,JPY
MEL,MERIDIAN ENERGY LTD,,NEW ZEALAND EXCHANGE LTD,JPY
MEL,MEL,NZMELE0002S7,,NZD
MELI,MELI,US58733R1023,,
MER,MANILA ELECTRIC,,PHILIPPINE STOCK EXCHANGE INC.,JPY
MER,MER,PHY5764J1483,,PHP
MERS,AL MEERA CONSUMER GOODS COMPANY,,QATAR EXCHANGE,JPY
MERY,MERY,FR0010241638,,EUR
MESU6,MSCI EMER MKT INDEX (ICE) SEP 26,,ICE FUTURES U.S.,JPY
MET,METLIFE,,NEW YORK STOCK EXCHANGE INC.,JPY
MET,MET,US59156R1086,,USD
META,META PLATFORMS CLASS A,,NASDAQ,JPY
META,META,US30303M1027,,
METROPOLIS,METROPOLIS HEALTHCARE LTD,,NATIONAL STOCK EXCHANGE OF INDIA,JPY
METSO,METSO CORPORATION,,NASDAQ OMX HELSINKI LTD.,JPY
METSO,METSO,FI0009014575,,EUR
MFC,MANULIFE FINANCIAL,,TORONTO STOCK EXCHANGE,JPY
MFC,MFC,CA56501R1064,,CAD
MFCB,MEGA FIRST CORPORATION,,BURSA MALAYSIA,JPY
MFI,MAPLE LEAF FOODS,,TORONTO STOCK EXCHANGE,JPY
MFSL,MAX FINANCIAL SERVICES LTD,,NATIONAL STOCK EXCHANGE OF INDIA,JPY
MG,MAGNA INTERNATIONAL,,TORONTO STOCK EXCHANGE,JPY
MG,MG,CA5592224011,,CAD
MGL,MAHANAGAR GAS,,NATIONAL STOCK EXCHANGE OF INDIA,JPY
MGLU3,MAGAZINE LUIZA SA,,XBSP,JPY
MGLU3,MGLU3,BRMGLUACNOR2,,
MGM,MGM RESORTS INTERNATIONAL,,NEW YORK STOCK EXCHANGE INC.,JPY
MGM,MGM,US5529531015,,
MGR,MGR,AU000000MGR9,,AUD
MGROS.E,MIGROS TICARET A,,ISTANBUL STOCK EXCHANGE,JPY
MGY,MAGNOLIA OIL GAS CORP CLASS A,,NEW YORK STOCK EXCHANGE INC.,JPY
MI-U,MI-U,CA60448E1034,,CAD
MICC,MAGNUM ICE CREAM,,EURONEXT AMSTERDAM,JPY
MICC,MICC,NL0015002MS2,,EUR
MIDHANI,MISHRA DHATU NIGAM LTD,,NATIONAL STOCK EXCHANGE OF INDIA,JPY
MIL,BANK MILLENNIUM SA,,WARSAW STOCK EXCHANGE/EQUITIES/MAIN MARKET,JPY
MIL,MIL,PLBIG0000016,,PLN
MINDACORP,MINDA CORPORATION LTD,,NATIONAL STOCK EXCHANGE OF INDIA,JPY
MINDSPACE,MINDSPACE BUSINESS PARKS REITS UNI,,NATIONAL STOCK EXCHANGE OF INDIA,JPY
MINT,MINT,SG2C32962814,,SGD
MINT-R,MINT-R,TH0128010R17,,THB
MINT.R,MINOR INTERNATIONAL PUBLIC NON-VOT,,STOCK EXCHANGE OF THAILAND,JPY
MINT/F,MINT/F,TH0128B10Z17,,
MISC,MISC,,BURSA MALAYSIA,JPY
MISC,MISC,MYL3816OO005,,
MKC,MCCORMICK & CO NON-VOTING,,NEW YORK STOCK EXCHANGE INC.,JPY
MKC,MKC,US5797802064,,USD
MKHZN,THE PUBLIC WAREHOUSING (AGILITY),,KUWAIT STOCK EXCHANGE,JPY
MKL,MKL,US5705351048,,USD
MKS,MARKS AND SPENCER GROUP PLC,,LONDON STOCK EXCHANGE,JPY
MKS,MKS,GB0031274896,,GBP
MKSI,MKS,,NASDAQ,JPY
MKTX,MARKETAXESS HOLDINGS,,NASDAQ,JPY
ML,MICHELIN,,NYSE EURONEXT - EURONEXT PARIS,JPY
ML,ML,FR001400AJ45,,EUR
MLAB,MESA LABORATORIES,,NASDAQ,JPY
MLI,MUELLER INDUSTRIES INC,,NEW YORK STOCK EXCHANGE INC.,JPY
MLM,MARTIN MARIETTA MATERIALS,,NEW YORK STOCK EXCHANGE INC.,JPY
MLM,MLM,US5732841060,,USD
MLPFT,CASH COLLATERAL CAD MLPFT,,-,JPY
MLT,MLT,SG1S03926213,,SGD
MM,MM,INE101A01026,,INR
MMM,3M,,NEW YORK STOCK EXCHANGE INC.,JPY
MMM,MMM,US88579Y1010,,
MNDY,MONDAYCOM,,NASDAQ,JPY
MNG,M&G PLC,,LONDON STOCK EXCHANGE,JPY
MNG,MNG,GB00BKFB1C65,,GBP
MNOD,MNOD,US55315J1025,,USD
MNRT,MNRT,IL0011405730,,ILS
MNST,MONSTER BEVERAGE CORP,,NASDAQ,JPY
MNST,MNST,US61174X1090,,
MO,ALTRIA GROUP INC,,NEW YORK STOCK EXCHANGE INC.,JPY
MO,MO,US02209S1033,,USD
MOEX,MOSCOW EXCHANGE,,STANDARD-CLASSICA-FORTS,JPY
MOEX,MOEX,RU000A0JR4A1,,USD
MOGA,MOOG INC CLASS A,,NEW YORK STOCK EXCHANGE INC.,JPY
MOH,MOTOR OIL (HELLAS) CORINTH REFINER,,ATHENS EXCHANGE S.A. CASH MARKET,JPY
MOIL,MOIL LTD,,NATIONAL STOCK EXCHANGE OF INDIA,JPY
MOL,MOL HUNGARIAN OIL AND GAS,,BUDAPEST STOCK EXCHANGE,JPY
MOL,MOL,HU0000153937,,HUF
MOMO,HELLO GROUP ADR,,NASDAQ,JPY
MONC,MONCLER,,BORSA ITALIANA,JPY
MONC,MONC,IT0004965148,,EUR
MONET,MONETA MONEY BNK,,PRAGUE STOCK EXCHANGE,JPY
MONET,MONET,CZ0008040318,,CZK
MONT,MONT,BE0003853703,,EUR
MORN,MORNINGSTAR,,NASDAQ,JPY
MOS,MOSAIC,,NEW YORK STOCK EXCHANGE INC.,JPY
MOS,MOS,US61945C1036,,
MOTHERSO,MOTHERSO,INE775A01035,,INR
MOTHERSON,SAMVARDHANA MOTHERSON INTERNATIONA,,NATIONAL STOCK EXCHANGE OF INDIA,JPY
MOTILALOFS,MOTILAL OSWAL FINANCIAL SERVICES,,NATIONAL STOCK EXCHANGE OF INDIA,JPY
MOTV3,MOTIVA INFRAESTRUTURA DE MOBILIDAD,,XBSP,JPY
MOTV3,MOTV3,BRMOTVACNOR7,,
MOUWASAT,MOUWASAT,SA12C051UH11,,SAR
MOVI1,MOVIDA PARTICIPACOES RIGHTS SA,,XBSP,JPY
MOVI3,MOVIDA PARTICIPACOES SA,,XBSP,JPY
MOWI,MOWI,,OSLO BORS ASA,JPY
MOWI,MOWI,NO0003054108,,NOK
MPACT,MPACT,SG2D18969584,,SGD
MPARK.E,MLP SAGLIK HIZMETLERI,,ISTANBUL STOCK EXCHANGE,JPY
MPC,MARATHON PETROLEUM,,NEW YORK STOCK EXCHANGE INC.,JPY
MPC,MPC,US56585A1025,,USD
MPHASIS,MPHASIS LTD,,NATIONAL STOCK EXCHANGE OF INDIA,JPY
MPHC,MESAIEED PETROCHEMICAL HOLDING,,QATAR EXCHANGE,JPY
MPHC,MPHC,QA000VSUG130,,QAR
MPHL,MPHL,INE356A01018,,INR
MPI,MALAYSIAN PACIFIC INDUSTRIES,,BURSA MALAYSIA,JPY
MPL,MEDIBANK PRIVATE,,ASX - ALL MARKETS,JPY
MPL,MPL,AU000000MPL3,,AUD
MPT,MEDICAL PROPERTIES TRUST REIT INC,,NEW YORK STOCK EXCHANGE INC.,JPY
MPT,MPT,US58463J3041,,USD
MPWR,MONOLITHIC POWER SYSTEMS INC,,NASDAQ,JPY
MPWR,MPWR,US6098391054,,
MQG,MACQUARIE GROUP LTD DEF,,ASX - ALL MARKETS,JPY
MQG,MQG,AU000000MQG1,,AUD
MRCO,MRCO,INE196A01026,,INR
MRDIY,MR D.I.Y. GROUP (M),,BURSA MALAYSIA,JPY
MRDIY,MRDIY,MYL5296OO008,,
MRDIYT-R,MRDIYT-R,THD365010R15,,
MRF,MRF LTD,,NATIONAL STOCK EXCHANGE OF INDIA,JPY
MRF,MRF,INE883A01011,,INR
MRG-U,MRG-U,CA61761E1007,,CAD
MRK,MERCK & CO INC,,NEW YORK STOCK EXCHANGE INC.,JPY
MRK,MRK,DE0006599905,,EUR
MRK,MRK,US58933Y1055,,
MRL,MRL,ES0105025003,,EUR
MRNA,MODERNA INC,,NASDAQ,JPY
MRNA,MRNA,US60770K1079,,
MRO,MELROSE INDUSTRIES PLC,,LONDON STOCK EXCHANGE,JPY
MRO,MRO,GB00BNGDN821,,GBP
MRP,MR PRICE GROUP LTD,,JOHANNESBURG STOCK EXCHANGE,JPY
MRP,MRP,US6011371027,,USD
MRSH,MARSH INC,,NEW YORK STOCK EXCHANGE INC.,JPY
MRSH,MRSH,US5717481023,,USD
MRU,METRO,,TORONTO STOCK EXCHANGE,JPY
MRU,MRU,CA59162N1096,,CAD
MRVE3,MRV ENGENHARIA E PARTICIPACOES SA,,XBSP,JPY
MRVE3,MRVE3,BRMRVEACNOR2,,
MRVL,MARVELL TECHNOLOGY,,NASDAQ,JPY
MRVL,MRVL,US5738741041,,
MS,MORGAN STANLEY,,NEW YORK STOCK EXCHANGE INC.,JPY
MS,MS,US6174464486,,USD
MSA,MSA SAFETY,,NEW YORK STOCK EXCHANGE INC.,JPY
MSCI,MSCI INC,,NEW YORK STOCK EXCHANGE INC.,JPY
MSCI,MSCI,US55354G1004,,USD
MSFT,MICROSOFT,,NASDAQ,JPY
MSFT,MSFT,US5949181045,,
MSI,MOTOROLA SOLUTIONS INC,,NEW YORK STOCK EXCHANGE INC.,JPY
MSI,MSI,US6200763075,,USD
MSIL,MSIL,INE585B01010,,INR
MSJP,CASH COLLATERAL JPY MSJP,,-,JPY
MSM,MSC INDUSTRIAL CLASS A,,NEW YORK STOCK EXCHANGE INC.,JPY
MSTR,STRATEGY INC CLASS A,,NASDAQ,JPY
MSTR,MSTR,US5949724083,,
MSUMI,MOTHERSON SUMI WIRING INDIA LTD,,NATIONAL STOCK EXCHANGE OF INDIA,JPY
MT,ARCELORMITTAL SA,,EURONEXT AMSTERDAM,JPY
MT,MT,LU1598757687,,EUR
MTARTECH,MTAR TECHNOLOGIES,,NATIONAL STOCK EXCHANGE OF INDIA,JPY
MTB,M&T BANK,,NEW YORK STOCK EXCHANGE INC.,JPY
MTB,MTB,US55261F1049,,USD
MTC.R,MUANGTHAI CAPITAL ORS NON-VOTING D,,STOCK EXCHANGE OF THAILAND,JPY
MTC/F,MTC/F,TH6068010Y10,,
MTD,METTLER TOLEDO,,NEW YORK STOCK EXCHANGE INC.,JPY
MTD,MTD,US5926881054,,USD
MTDR,MATADOR RESOURCES,,NEW YORK STOCK EXCHANGE INC.,JPY
MTELEKOM,MAGYAR TELEKOM,,BUDAPEST STOCK EXCHANGE,JPY
MTG,MGIC INVESTMENT,,NEW YORK STOCK EXCHANGE INC.,JPY
MTH,MOTUS HOLD LTD SHS,,JOHANNESBURG STOCK EXCHANGE,JPY
MTL,MULLEN GROUP LTD,,TORONTO STOCK EXCHANGE,JPY
MTM,MOMENTUM GROUP,,JOHANNESBURG STOCK EXCHANGE,JPY
MTN,MTN GROUP,,JOHANNESBURG STOCK EXCHANGE,JPY
MTN,MTN,ZAE000042164,,ZAR
MTSI,MACOM TECHNOLOGY SOLUTIONS HOLDINGS INC,,,
MTSS,MOBILNYE TELESISTEMY,,STANDARD-CLASSICA-FORTS,JPY
MTX,MTU AERO ENGINES HOLDING AG,,XETRA,JPY
MTX,MTX,DE000A0D9PT0,,EUR
MTZ,MTZ,US5763231090,,USD
MU,MICRON TECHNOLOGY,,NASDAQ,JPY
MU,MU,US5951121038,,
MULT3,MULTIPLAN EMPREENDIMENTOS IMOBILIA,,XBSP,JPY
MULT3,MULT3,BRMULTACNOR5,,
MUSA,MURPHY USA,,NEW YORK STOCK EXCHANGE INC.,JPY
MUST,MUST,SG1CI1000004,,USD
MUTH,MUTH,INE414G01012,,INR
MUTHOOTFIN,MUTHOOT FINANCE LTD,,NATIONAL STOCK EXCHANGE OF INDIA,JPY
MUV2,MUENCHENER RUECKVERSICHERUNGS-GESE,,XETRA,JPY
MUV2,MUV2,DE0008430026,,EUR
MWA,MUELLER WATER PRODUCTS SERIES A,,NEW YORK STOCK EXCHANGE INC.,JPY
MWC,MANILA WATER,,PHILIPPINE STOCK EXCHANGE INC.,JPY
MX,METHANEX CORP,,TORONTO STOCK EXCHANGE,JPY
MXL,MAXLINEAR,,NASDAQ,JPY
MXN,MXN CASH,,-,JPY
MYNLD,MAYNILAD WATER SERVICES INC,,PHILIPPINE STOCK EXCHANGE INC.,JPY
MYR,MYR CASH,,-,JPY
MYRX,HANSON INTERNATIONAL,,INDONESIA STOCK EXCHANGE,JPY
MZTF,MZTF,IL0006954379,,ILS
NA,NATIONAL BANK OF CANADA,,TORONTO STOCK EXCHANGE,JPY
NA9,NAGARRO N,,XETRA,JPY
NAB,NATIONAL AUSTRALIA BANK LTD,,ASX - ALL MARKETS,JPY
NAB,NAB,AU000000NAB4,,AUD
NACL,NACL,INE139A01034,,INR
NAM.INDIA,NIPPON LIFE INDIA ASSET MANAGMNT L,,NATIONAL STOCK EXCHANGE OF INDIA,JPY
NATCOPHARM,NATCO PHARMA LTD,,NATIONAL STOCK EXCHANGE OF INDIA,JPY
NATIONALUM,NATIONAL ALUMINIUM CO LTD,,NATIONAL STOCK EXCHANGE OF INDIA,JPY
NATU3,NATURA SA,,XBSP,JPY
NATU3,NATU3,BRNATUACNOR6,,
NAUKRI,INFO EDGE INDIA LTD,,NATIONAL STOCK EXCHANGE OF INDIA,JPY
NAVA,NAVA,,NATIONAL STOCK EXCHANGE OF INDIA,JPY
NAVINFLUOR,NAVIN FLUORINE INTERNATIONAL LTD,,NATIONAL STOCK EXCHANGE OF INDIA,JPY
NAZARA,NAZARA TECHNOLOGIES,,NATIONAL STOCK EXCHANGE OF INDIA,JPY
NBCC,NBCC INDIA LTD,,NATIONAL STOCK EXCHANGE OF INDIA,JPY
NBIS,NEBIUS NV CLASS A,,NASDAQ,JPY
NBIS,NBIS,NL0009805522,,
NBIX,NBIX,US64125C1099,,USD
NBK,NATIONAL BANK OF KUWAIT,,KUWAIT STOCK EXCHANGE,JPY
NBK,NBK,KW0EQ0100010,,KWD
NCC,NCC LTD,,NATIONAL STOCK EXCHANGE OF INDIA,JPY
NCLH,NORWEGIAN CRUISE LINE HOLDINGS,,NEW YORK STOCK EXCHANGE INC.,JPY
NCLH,NCLH,BMG667211046,,
NDA,NDA,FI4000297767,,EUR
NDA FI,NORDEA BANK,,NASDAQ OMX HELSINKI LTD.,JPY
NDAQ,NASDAQ INC,,NASDAQ,JPY
NDAQ,NDAQ,US6311031081,,USD
NDSN,NORDSON,,NASDAQ,JPY
NDSN,NDSN,US6556631025,,USD
NED,NEDBANK GROUP LTD,,JOHANNESBURG STOCK EXCHANGE,JPY
NED,NED,ZAE000004875,,ZAR
NEE,NEXTERA ENERGY,,NEW YORK STOCK EXCHANGE INC.,JPY
NEE,NEE,US65339F1012,,USD
NEM,NEWMONT,,NEW YORK STOCK EXCHANGE INC.,JPY
NEM,NEM,DE0006452907,,EUR
NEM,NEM,US6516391066,,USD
NESN,NESTLE SA,,SIX SWISS EXCHANGE,JPY
NESN,NESN,CH0038863350,,CHF
NEST,NEST,INE239A01024,,INR
NESTE,NESTE,,NASDAQ OMX HELSINKI LTD.,JPY
NESTE,NESTE,FI0009013296,,EUR
NESTLEIND,NESTLE INDIA LTD,,NATIONAL STOCK EXCHANGE OF INDIA,JPY
NESZ,NESZ,MYL4707OO005,,
NET,NET,US18915M1071,,USD
NETWEB,NETWEB TECHNOLOGIES INDIA LTD,,NATIONAL STOCK EXCHANGE OF INDIA,JPY
NETWORK18,NETWORK18 MEDIA AND INVESTMENTS,,NATIONAL STOCK EXCHANGE OF INDIA,JPY
NEU,NEWMARKET,,NEW YORK STOCK EXCHANGE INC.,JPY
NEULANDLAB,NEULAND LABORATORIES,,NATIONAL STOCK EXCHANGE OF INDIA,JPY
NEWGEN,NEWGEN SOFTWARE TECHNOLOGIES LTD,,NATIONAL STOCK EXCHANGE OF INDIA,JPY
NFG,NATIONAL FUEL GAS,,NEW YORK STOCK EXCHANGE INC.,JPY
NFI,NFI GROUP,,TORONTO STOCK EXCHANGE,JPY
NFLX,NETFLIX,,NASDAQ,JPY
NFLX,NFLX,US64110L1061,,
NG,NOVAGOLD RESOURCES INC,,TORONTO STOCK EXCHANGE,JPY
NG.,NATIONAL GRID PLC,,LONDON STOCK EXCHANGE,JPY
NG/,NG/,GB00BDR05C01,,GBP
NGEX,NGEX MINERALS,,TORONTO STOCK EXCHANGE,JPY
NH,NARAYANA HRUDAYALAYA,,NATIONAL STOCK EXCHANGE OF INDIA,JPY
NHI,NATIONAL HEALTH INVESTORS REIT,,NEW YORK STOCK EXCHANGE INC.,JPY
NHI,NHI,US63633D1046,,USD
NHP,NATIONAL HEALTHCARE PROPERTIES CLA,,NASDAQ,JPY
NHPC,NHPC LTD,,NATIONAL STOCK EXCHANGE OF INDIA,JPY
NHPC,NHPC,INE848E01016,,INR
NHY,NORSK HYDRO,,OSLO BORS ASA,JPY
NHY,NHY,NO0005052605,,NOK
NI,NISOURCE,,NEW YORK STOCK EXCHANGE INC.,JPY
NI,NI,US65473P1057,,USD
NIBE B,NIBE INDUSTRIER CLASS B,,NASDAQ OMX NORDIC,JPY
NIBEB,NIBEB,SE0015988019,,SEK
NIND,NATIONAL INDUSTRIES GROUP HOLDING,,KUWAIT STOCK EXCHANGE,JPY
NINV,NATIONAL INVESTMENTS,,KUWAIT STOCK EXCHANGE,JPY
NJR,NEW JERSEY RESOURCES CORP,,NEW YORK STOCK EXCHANGE INC.,JPY
NKE,NIKE CLASS B,,NEW YORK STOCK EXCHANGE INC.,JPY
NKE,NKE,US6541061031,,
NKU6,NIKKEI 225 (OSE) SEP 26,,OSAKA SECURITIES EXCHANGE,JPY
NLCINDIA,NLC INDIA LTD,,NATIONAL STOCK EXCHANGE OF INDIA,JPY
NLMK,NLMK,RU0009046452,,USD
NLOP,NET LEASE OFFICE PROPERTIES,,NEW YORK STOCK EXCHANGE INC.,JPY
NLOP,NLOP,US64110Y1082,,USD
NLY,NLY,US0357108390,,USD
NMC,NMC,GB00B7FC0762,,GBP
NMDC,NMDC LTD,,NATIONAL STOCK EXCHANGE OF INDIA,JPY
NMDC,NMDC,INE584A01023,,INR
NMDCENR,NMDC ENERGY,,ABU DHABI SECURITIES EXCHANGE,JPY
NN,NN GROUP,,EURONEXT AMSTERDAM,JPY
NN,NN,NL0010773842,,EUR
NNN,NNN REIT,,NEW YORK STOCK EXCHANGE INC.,JPY
NNN,NNN,US6374171063,,USD
NOAH,NOAH HOLDINGS AMERICAN DEPOSITARY,,NEW YORK STOCK EXCHANGE INC.,JPY
NOC,NORTHROP GRUMMAN CORP,,NEW YORK STOCK EXCHANGE INC.,JPY
NOC,NOC,US6668071029,,USD
NOK,NOK CASH,,-,JPY
NOKIA,NOKIA,,NASDAQ OMX HELSINKI LTD.,JPY
NOKIA,NOKIA,FI0009000681,,EUR
NOVN,NOVARTIS AG,,SIX SWISS EXCHANGE,JPY
NOVN,NOVN,CH0012005267,,CHF
NOVO B,NOVO NORDISK CLASS B,,OMX NORDIC EXCHANGE COPENHAGEN A/S,JPY
NOVOB,NOVOB,DK0062498333,,DKK
NOVT,NOVANTA,,NASDAQ,JPY
NOW,SERVICENOW INC,,NEW YORK STOCK EXCHANGE INC.,JPY
NOW,NOW,US81762P1021,,USD
NPH,NORTHAM PLATINUM HLDGS LTD,,JOHANNESBURG STOCK EXCHANGE,JPY
NPH,NPH,ZAE000298253,,ZAR
NPI,NORTHLAND POWER INC,,TORONTO STOCK EXCHANGE,JPY
NPN,NASPERS LIMITED CLASS N,,JOHANNESBURG STOCK EXCHANGE,JPY
NPN,NPN,ZAE000351946,,ZAR
NPO,ENPRO,,NEW YORK STOCK EXCHANGE INC.,JPY
NQU6,NASDAQ 100 E-MINI SEP 26,,INDEX AND OPTIONS MARKET,JPY
NRE,NATIONAL REAL ESTATE,,KUWAIT STOCK EXCHANGE,JPY
NRG,NRG ENERGY INC,,NEW YORK STOCK EXCHANGE INC.,JPY
NRG,NRG,US6293775085,,USD
NRP,NEPI ROCKCASTLE,,JOHANNESBURG STOCK EXCHANGE,JPY
NRP,NRP,NL0015000RT3,,ZAR
NRR,NRR,GB00BD7XPJ64,,GBP
NSC,NORFOLK SOUTHERN CORP,,NEW YORK STOCK EXCHANGE INC.,JPY
NSC,NSC,US6558441084,,USD
NSI,NSI,NL0012365084,,EUR
NSIS B,NOVOZYMES B,,OMX NORDIC EXCHANGE COPENHAGEN A/S,JPY
NSISB,NSISB,DK0060336014,,DKK
NSLNISP,NMDC STEEL LTD,,NATIONAL STOCK EXCHANGE OF INDIA,JPY
NST,NORTHERN STAR RESOURCES LTD,,ASX - ALL MARKETS,JPY
NST,NST,AU000000NST8,,AUD
NTAP,NETAPP INC,,NASDAQ,JPY
NTAP,NTAP,US64110D1046,,USD
NTC,NETCARE,,JOHANNESBURG STOCK EXCHANGE,JPY
NTGY,NATURGY ENERGY GROUP SA,,BOLSA DE MADRID,JPY
NTGY,NTGY,ES0116870314,,EUR
NTPC,NTPC LTD,,NATIONAL STOCK EXCHANGE OF INDIA,JPY
NTPC,NTPC,INE733E01010,,INR
NTR,NUTRIEN LTD,,TORONTO STOCK EXCHANGE,JPY
NTR,NTR,CA67077M1086,,CAD
NTRA,NTRA,US6323071042,,USD
NTRS,NORTHERN TRUST,,NASDAQ,JPY
NTRS,NTRS,US6658591044,,USD
NTST,NETSTREIT,,NEW YORK STOCK EXCHANGE INC.,JPY
NTST,NTST,US64119V3033,,USD
NTTDCR,NTTDCR,SGXC92727947,,USD
NU,NU HOLDINGS CLASS A,,NEW YORK STOCK EXCHANGE INC.,JPY
NU,NU,KYG6683N1034,,USD
NUE,NUCOR CORP,,NEW YORK STOCK EXCHANGE INC.,JPY
NUE,NUE,US6703461052,,USD
NUHCM.E,NUH CIMENTO SANAYI A,,ISTANBUL STOCK EXCHANGE,JPY
NUVAMA,NUVAMA WEALTH MANAGEMENT LTD,,NATIONAL STOCK EXCHANGE OF INDIA,JPY
NUVOCO,NUVOCO VISTAS LTD,,NATIONAL STOCK EXCHANGE OF INDIA,JPY
NVDA,NVIDIA,,NASDAQ,JPY
NVDA,NVDA,US67066G1040,,
NVMI,NOVA LTD,,,
NVMI,NVMI,IL0010845571,,ILS
NVR,NVR,,NEW YORK STOCK EXCHANGE INC.,JPY
NVR,NVR,US62944T1051,,USD
NVT,NVENT ELECTRIC PLC,,NEW YORK STOCK EXCHANGE INC.,JPY
NVTK,NVTK,US6698881090,,USD
NWC,NORTH WEST COMPANY INC,,TORONTO STOCK EXCHANGE,JPY
NWE,NORTHWESTERN ENERGY GROUP,,NASDAQ,JPY
NWG,NATWEST GROUP PLC,,LONDON STOCK EXCHANGE,JPY
NWG,NWG,GB00BM8PJY71,,GBP
NWS,NEWS CLASS B,,NASDAQ,JPY
NWS,NWS,US65249B2088,,
NWSA,NEWS CLASS A,,NASDAQ,JPY
NWSA,NWSA,US65249B1098,,USD
NXDT,NEXPOINT DIVERSIFIED REAL ESTATE T,,NEW YORK STOCK EXCHANGE INC.,JPY
NXDT,NXDT,US65340G2057,,USD
NXE,NEXGEN ENERGY LTD,,TORONTO STOCK EXCHANGE,JPY
NXPI,NXP SEMICONDUCTORS NV,,NASDAQ,JPY
NXPI,NXPI,NL0009538784,,
NXR-U,NXR-U,CA65344U1012,,CAD
NXRT,NEXPOINT RESIDENTIAL TRUST INC,,NEW YORK STOCK EXCHANGE INC.,JPY
NXRT,NXRT,US65341D1028,,USD
NXST,NEXUS SELECT TRUST REIT UNITS,,NATIONAL STOCK EXCHANGE OF INDIA,JPY
NXT,NEXT PLC,,LONDON STOCK EXCHANGE,JPY
NXT,NXT,GB0032089863,,GBP
NY1,NINETY ONE LTD,,JOHANNESBURG STOCK EXCHANGE,JPY
NYKAA,FSN E-COMMERCE VENTURES,,NATIONAL STOCK EXCHANGE OF INDIA,JPY
NYKAA,NYKAA,INE388Y01029,,INR
NYT,NEW YORK TIMES CLASS A,,NEW YORK STOCK EXCHANGE INC.,JPY
NZD,NZD CASH,,-,JPY
O,REALTY INCOME REIT,,NEW YORK STOCK EXCHANGE INC.,JPY
O,O,US7561091049,,USD
O39,OVERSEA-CHINESE BANKING LTD,,SINGAPORE EXCHANGE,JPY
OBER,OBER,INE093I01010,,INR
OBEROIRLTY,OBEROI REALTY,,NATIONAL STOCK EXCHANGE OF INDIA,JPY
OC,OWENS CORNING,,NEW YORK STOCK EXCHANGE INC.,JPY
OCBC,OCBC,SG1S04926220,,SGD
OCTV SDB,OCTAVE INTELLIGENCE SDR PLC,,NASDAQ OMX NORDIC,JPY
OCTVSDB,OCTVSDB,SE0028329433,,SEK
ODFL,OLD DOMINION FREIGHT LINE,,NASDAQ,JPY
ODFL,ODFL,US6795801009,,
OERL,OC OERLIKON CORPORATION,,SIX SWISS EXCHANGE,JPY
OFSS,ORACLE FINANCIAL SERVICES SOFTWARE,,NATIONAL STOCK EXCHANGE OF INDIA,JPY
OFSS,OFSS,INE881D01027,,INR
OGC,OCEANAGOLD CORPORATION CORP,,TORONTO STOCK EXCHANGE,JPY
OGE,OGE ENERGY,,NEW YORK STOCK EXCHANGE INC.,JPY
OGS,ONE GAS,,NEW YORK STOCK EXCHANGE INC.,JPY
OGZD,OGZD,US3682872078,,USD
OHI,OMEGA HEALTHCARE INVESTORS REIT,,NEW YORK STOCK EXCHANGE INC.,JPY
OHI,OHI,US6819361006,,USD
OIL,OIL INDIA LTD,,NATIONAL STOCK EXCHANGE OF INDIA,JPY
OINL,OINL,INE274J01014,,INR
OKE,ONEOK,,NEW YORK STOCK EXCHANGE INC.,JPY
OKE,OKE,US6826801036,,USD
OKTA,OKTA,US6792951054,,USD
OLAELEC,OLA ELECTRIC MOBILITY LTD,,NATIONAL STOCK EXCHANGE OF INDIA,JPY
OLECTRA,OLECTRA GREENTECH LTD,,NATIONAL STOCK EXCHANGE OF INDIA,JPY
OLED,UNIVERSAL DISPLAY CORP,,NASDAQ,JPY
OLP,ONE LIBERTY PROPERTIES REIT INC,,NEW YORK STOCK EXCHANGE INC.,JPY
OLP,OLP,US6824061039,,USD
OMAB,GRUPO AEROPORTUARIO DEL CENTRO NOR,,BOLSA MEXICANA DE VALORES,JPY
OMAB,OMAB,MX01OM000018,,MXN
OMC,OMNICOM GROUP INC,,NEW YORK STOCK EXCHANGE INC.,JPY
OMC,OMC,US6819191064,,USD
OMN,OMNIA HOLDINGS,,JOHANNESBURG STOCK EXCHANGE,JPY
OMU,OLD MUTUAL LIMITED,,JOHANNESBURG STOCK EXCHANGE,JPY
OMV,OMV,,WIENER BOERSE AG,JPY
OMV,OMV,AT0000743059,,EUR
ON,ON SEMICONDUCTOR CORP,,NASDAQ,JPY
ON,ON,US6821891057,,USD
ONDS,ONDAS INC,,NASDAQ,JPY
ONESOURCE,ONESOURCE SPECIALTY PHARMA LTD,,NATIONAL STOCK EXCHANGE OF INDIA,JPY
ONEX,ONEX,,TORONTO STOCK EXCHANGE,JPY
ONGC,OIL AND NATURAL GAS LTD,,NATIONAL STOCK EXCHANGE OF INDIA,JPY
ONGC,ONGC,INE213A01029,,INR
ONL,ONL,US68629Y1038,,USD
ONTO,ONTO INNOVATION,,NEW YORK STOCK EXCHANGE INC.,JPY
OPA,OPTASIA LTD,,JOHANNESBURG STOCK EXCHANGE,JPY
OPCE,OPCE,IL0011415713,,ILS
OPL,ORANGE POLSKA SA,,WARSAW STOCK EXCHANGE/EQUITIES/MAIN MARKET,JPY
OPNAI,OPENAI SERIES C PREF EQ Prvt,,NO MARKET (E.G. UNLISTED),JPY
OPTIMA,OPTIMA BANK S.A.,,ATHENS EXCHANGE S.A. CASH MARKET,JPY
OR,LOREAL SA,,NYSE EURONEXT - EURONEXT PARIS,JPY
OR,OR,FR0000120321,,EUR
OR-R,OR-R,THA099010R13,,
ORA,ORANGE SA,,NYSE EURONEXT - EURONEXT PARIS,JPY
ORA,ORA,FR0000133308,,EUR
ORAS,ORASCOM CONSTRUCTION PLC,,EGYPTIAN EXCHANGE,JPY
ORBIA*,ORBIA ADVANCE CORP SA DE CV,,BOLSA MEXICANA DE VALORES,JPY
ORCL,ORACLE,,NEW YORK STOCK EXCHANGE INC.,JPY
ORCL,ORCL,US68389X1054,,USD
ORDS,OOREDOO,,QATAR EXCHANGE,JPY
ORDS,ORDS,QA0007227737,,QAR
ORG,ORIGIN ENERGY,,ASX - ALL MARKETS,JPY
ORG,ORG,AU000000ORG5,,AUD
ORI,OLD REPUBLIC INTERNATIONAL,,NEW YORK STOCK EXCHANGE INC.,JPY
ORK,ORKLA,,OSLO BORS ASA,JPY
ORK,ORK,NO0003733800,,NOK
ORLY,OREILLY AUTOMOTIVE INC,,NASDAQ,JPY
ORLY,ORLY,US67103H1077,,
ORNBV,ORION CLASS B,,NASDAQ OMX HELSINKI LTD.,JPY
ORNBV,ORNBV,FI0009014377,,EUR
ORSTED,ORSTED A/S,,OMX NORDIC EXCHANGE COPENHAGEN A/S,JPY
ORSTED,ORSTED,DK0060094928,,DKK
ORVR3,ORIZON VALORIZACAO DE RESIDUOS SA,,XBSP,JPY
OSK,OSK HOLDINGS,,BURSA MALAYSIA,JPY
OSP.R,OSOTSPA PCL NON-VOTING DR,,STOCK EXCHANGE OF THAILAND,JPY
OSP/F,OSP/F,TH8752010018,,
OTEX,OPEN TEXT,,TORONTO STOCK EXCHANGE,JPY
OTIS,OTIS WORLDWIDE,,NEW YORK STOCK EXCHANGE INC.,JPY
OTIS,OTIS,US68902V1070,,USD
OTKAR.E,OTOKAR OTOMOTIV SAVUNMA SANAYI,,ISTANBUL STOCK EXCHANGE,JPY
OTOEL,AUTOHELLAS SA,,ATHENS EXCHANGE S.A. CASH MARKET,JPY
OTP,OTP BANK,,BUDAPEST STOCK EXCHANGE,JPY
OTP,OTP,HU0000061726,,HUF
OUEREIT,OUEREIT,SG2G60000004,,SGD
OUST,OUSTER,,NASDAQ,JPY
OUT,OUTSURANCE GROUP LTD,,JOHANNESBURG STOCK EXCHANGE,JPY
OUT,OUT,US69007J3041,,USD
OUT,OUT,ZAE000314084,,ZAR
OVV,OVINTIV,,NEW YORK STOCK EXCHANGE INC.,JPY
OXY,OCCIDENTAL PETROLEUM CORP,,NEW YORK STOCK EXCHANGE INC.,JPY
OXY,OXY,US6745991058,,USD
OYAKC.E,OYAK CIMENTO FABRIKALARI A.S.,,ISTANBUL STOCK EXCHANGE,JPY
OZK,BANK OZK,,NASDAQ,JPY
OZON,OZON HOLDINGS ADR PLC,,STANDARD-CLASSICA-FORTS,JPY
OZON,OZON,US69269L1044,,USD
P,P,US74624M1027,,USD
P911,DR ING HC F PORSCHE PRF AG,,XETRA,JPY
P911,P911,DE000PAG9113,,EUR
PAAS,PAN AMERICAN SILVER,,TORONTO STOCK EXCHANGE,JPY
PAAS,PAAS,CA6979001089,,CAD
PACK,RANPAK HOLDINGS CORP CLASS A,,NEW YORK STOCK EXCHANGE INC.,JPY
PAG,PENSKE AUTOMOTIVE GROUP VOTING INC,,NEW YORK STOCK EXCHANGE INC.,JPY
PAG,PAG,INE761H01022,,INR
PAGEIND,PAGE INDUSTRIES,,NATIONAL STOCK EXCHANGE OF INDIA,JPY
PAGS,PAGSEGURO DIGITAL LTD CLASS A,,NEW YORK STOCK EXCHANGE INC.,JPY
PAH3,PORSCHE AUTOMOBIL HOLDING PREF,,XETRA,JPY
PAH3,PAH3,DE000PAH0038,,EUR
PANW,PALO ALTO NETWORKS,,NASDAQ,JPY
PANW,PANW,US6974351057,,
PARADEEP,PARADEEP PHOSPHATES LTD,,NATIONAL STOCK EXCHANGE OF INDIA,JPY
PARAS,PARAS DEFENCE AND SPACE TECHNOLOGI,,NATIONAL STOCK EXCHANGE OF INDIA,JPY
PARAUCO,PARQUE ARAUCO SA,,SANTIAGO STOCK EXCHANGE,JPY
PARKIN,PARKIN COMPANY,,DUBAI FINANCIAL MARKET,JPY
PASEU.E,PASIFIK EURASIA LOJISTIK DIS TICAR,,ISTANBUL STOCK EXCHANGE,JPY
PATH,UIPATH INC CLASS A,,NEW YORK STOCK EXCHANGE INC.,JPY
PAVREIT,PAVILION REAL ESTATE INVESTMENT TR,,BURSA MALAYSIA,JPY
PAX,PATRIA INVESTMENTS LTD CLASS A,,NASDAQ,JPY
PAYTM,ONE COMMUNICATIONS LTD,,NATIONAL STOCK EXCHANGE OF INDIA,JPY
PAYTM,PAYTM,INE982J01020,,INR
PAYX,PAYCHEX,,NASDAQ,JPY
PAYX,PAYX,US7043261079,,
PB,PROSPERITY BANCSHARES,,NEW YORK STOCK EXCHANGE INC.,JPY
PBBANK,PUBLIC BANK,,BURSA MALAYSIA,JPY
PBH,PREMIUM BRANDS HOLDINGS CORP,,TORONTO STOCK EXCHANGE,JPY
PBK,PBK,MYL1295OO004,,
PCAR,PACCAR INC,,NASDAQ,JPY
PCAR,PCAR,US6937181088,,
PCBL,PCBL CHEMICAL LTD,,NATIONAL STOCK EXCHANGE OF INDIA,JPY
PCG,PG&E CORP,,NEW YORK STOCK EXCHANGE INC.,JPY
PCG,PCG,US69331C1080,,USD
PCHEM,PETRONAS CHEMICALS GROUP,,BURSA MALAYSIA,JPY
PCHEM,PCHEM,MYL5183OO008,,
PCJEWELLER,PC JEWELLER LTD,,NATIONAL STOCK EXCHANGE OF INDIA,JPY
PCO,PEPCO GROUP NV,,WARSAW STOCK EXCHANGE/EQUITIES/MAIN MARKET,JPY
PCTN,PCTN,GB00B0LCW208,,GBP
PDD,PDD HOLDINGS ADS,,NASDAQ,JPY
PDD,PDD,US7223041028,,
PDM,PIEDMONT REALTY TRUST CLASS A,,NEW YORK STOCK EXCHANGE INC.,JPY
PDM,PDM,US7201902068,,USD
PE&OLES*,INDUST PENOLES,,BOLSA MEXICANA DE VALORES,JPY
PE&OLES*,PE&OLES*,MXP554091415,,MXN
PEB,PEBBLEBROOK HOTEL TRUST REIT,,NEW YORK STOCK EXCHANGE INC.,JPY
PEB,PEB,US70509V1008,,USD
PECO,PHILLIPS EDISON AND COMPANY,,NASDAQ,JPY
PECO,PECO,US71844V2016,,USD
PEG,PUBLIC SERVICE ENTERPRISE GROUP IN,,NEW YORK STOCK EXCHANGE INC.,JPY
PEG,PEG,US7445731067,,USD
PEKGY.E,PEKER GAYRIMENKUL YATIRIM ORTAKLIG,,ISTANBUL STOCK EXCHANGE,JPY
PENTA,PENTAMASTER CORPORATION,,BURSA MALAYSIA,JPY
PEO,BANK PEKAO SA,,WARSAW STOCK EXCHANGE/EQUITIES/MAIN MARKET,JPY
PEO,PEO,PLPEKAO00016,,PLN
PEP,PEPSICO,,NASDAQ,JPY
PEP,PEP,MYL4065OO008,,
PEP,PEP,US7134481081,,
PEPL,PEPL,INE811K01011,,INR
PERSISTENT,PERSISTENT SYSTEMS LTD,,NATIONAL STOCK EXCHANGE OF INDIA,JPY
PETD,PETD,MYL5681OO001,,
PETGAS,PETRONAS GAS,,BURSA MALAYSIA,JPY
PETKM.E,PETKIM PETROKIMYA HOLDING A,,ISTANBUL STOCK EXCHANGE,JPY
PETR3,PETROLEO BRASILEIRO SA PETROBRAS,,XBSP,JPY
PETR3,PETR3,BRPETRACNOR9,,
PETR4,PETROLEO BRASILEIRO PREF SA,,XBSP,JPY
PETR4,PETR4,BRPETRACNPR6,,
PETRONET,PETRONET LNG,,NATIONAL STOCK EXCHANGE OF INDIA,JPY
PEY,PEYTO EXPLORATION & DEVELOPMENT CO,,TORONTO STOCK EXCHANGE,JPY
PFC,POWER FINANCE CORPORATION LTD,,NATIONAL STOCK EXCHANGE OF INDIA,JPY
PFCIBEST,GRUPO CIBEST PREF SA,,BOLSA DE VALORES DE COLOMBIA,JPY
PFE,PFIZER,,NEW YORK STOCK EXCHANGE INC.,JPY
PFE,PFE,US7170811035,,USD
PFG,PRINCIPAL FINANCIAL GROUP INC,,NASDAQ,JPY
PFG,PFG,US74251V1026,,USD
PG,PROCTER & GAMBLE,,NEW YORK STOCK EXCHANGE INC.,JPY
PG,PG,US7427181091,,
PGAS,PERUSAHAAN GAS NEGARA,,INDONESIA STOCK EXCHANGE,JPY
PGE,PGE POLSKA GRUPA ENERGETYCZNA SA,,WARSAW STOCK EXCHANGE/EQUITIES/MAIN MARKET,JPY
PGE,PGE,PLPGER000010,,PLN
PGHL,PROCTER & GAMBLE HEALTH LTD,,NATIONAL STOCK EXCHANGE OF INDIA,JPY
PGHN,PARTNERS GROUP HOLDING AG,,SIX SWISS EXCHANGE,JPY
PGHN,PGHN,CH0024608827,,CHF
PGOLD,PURE GOLD PRICE CLUB INC,,PHILIPPINE STOCK EXCHANGE INC.,JPY
PGR,PROGRESSIVE CORP,,NEW YORK STOCK EXCHANGE INC.,JPY
PGR,PGR,US7433151039,,USD
PGSUS.E,PEGASUS HAVA TASIMACILIGI A,,ISTANBUL STOCK EXCHANGE,JPY
PH,PARKER-HANNIFIN CORP,,NEW YORK STOCK EXCHANGE INC.,JPY
PH,PH,US7010941042,,USD
PHIA,KONINKLIJKE PHILIPS,,EURONEXT AMSTERDAM,JPY
PHIA,PHIA,NL0000009538,,EUR
PHM,PULTEGROUP,,NEW YORK STOCK EXCHANGE INC.,JPY
PHM,PHM,US7458671010,,USD
PHNX,PHNX,INE211B01039,,INR
PHOE,PHOE,IL0007670123,,ILS
PHOENIXLTD,PHOENIX MILLS,,NATIONAL STOCK EXCHANGE OF INDIA,JPY
PHOJY,PJSC PHOSAGRO GDR,,LONDON STOCK EXCHANGE,JPY
PHOR,PJSC PHOSAGRO GDR,,LONDON STOCK EXCHANGE,JPY
PHOR,PHOR,RU000A0JRKT8,,USD
PHOR,PHOR,US71922G3083,,USD
PHP,PHP CASH,,-,JPY
PHP,PHP,GB00BYRJ5J14,,GBP
PI,PI,INE603J01030,,INR
PIDI,PIDI,INE318A01026,,INR
PIDILITIND,PIDILITE INDUSTRIES LTD,,NATIONAL STOCK EXCHANGE OF INDIA,JPY
PIIND,P.I. INDUSTRIES,,NATIONAL STOCK EXCHANGE OF INDIA,JPY
PIK,PICK N PAY STORES LTD,,JOHANNESBURG STOCK EXCHANGE,JPY
PINE,ALPINE INCOME PROPERTY TRUST INC,,NEW YORK STOCK EXCHANGE INC.,JPY
PINE,PINE,US02083X1037,,USD
PINELABS,PINE LABS,,NATIONAL STOCK EXCHANGE OF INDIA,JPY
PINFRA*,PROMOTORA Y OPERADORA DE INFRAESTR,,BOLSA MEXICANA DE VALORES,JPY
PINFRA*,PINFRA*,MX01PI000005,,MXN
PIRAMALFIN,PIRAMAL FINANCE LTD,,NATIONAL STOCK EXCHANGE OF INDIA,JPY
PK,PARK HOTELS RESORTS INC,,NEW YORK STOCK EXCHANGE INC.,JPY
PK,PK,US7005171050,,USD
PKG,PACKAGING CORP OF AMERICA,,NEW YORK STOCK EXCHANGE INC.,JPY
PKG,PKG,US6951561090,,USD
PKN,ORLEN,,WARSAW STOCK EXCHANGE/EQUITIES/MAIN MARKET,JPY
PKN,PKN,PLPKN0000018,,PLN
PKO,POWSZECHNA KASA OSZCZEDNOSCI BANK,,WARSAW STOCK EXCHANGE/EQUITIES/MAIN MARKET,JPY
PKO,PKO,PLPKO0000016,,PLN
PLD,PROLOGIS REIT,,NEW YORK STOCK EXCHANGE INC.,JPY
PLD,PLD,US74340W1036,,USD
PLN,PLN CASH,,-,JPY
PLNG,PLNG,INE347G01014,,INR
PLNW,PLANISWARE SA,,NYSE EURONEXT - EURONEXT PARIS,JPY
PLS,PLS GROUP LTD,,ASX - ALL MARKETS,JPY
PLS,PLS,AU000000PLS0,,AUD
PLTR,PALANTIR TECHNOLOGIES CLASS A,,NASDAQ,JPY
PLTR,PLTR,US69608A1088,,
PLUS,DIGIPLUS INTERACTIVE CORP,,PHILIPPINE STOCK EXCHANGE INC.,JPY
PLZL,POLYUS,,STANDARD-CLASSICA-FORTS,JPY
PLZL,PLZL,RU000A0JNAA8,,USD
PM,PHILIP MORRIS INTERNATIONAL INC,,NEW YORK STOCK EXCHANGE INC.,JPY
PM,PM,US7181721090,,USD
PMAH,PMAH,MYL8869OO009,,
PME,PRO MEDICUS,,ASX - ALL MARKETS,JPY
PME,PME,AU000000PME8,,AUD
PMETAL,PRESS METAL ALUMINIUM HOLDINGS,,BURSA MALAYSIA,JPY
PMZ-U,PMZ-U,CA74167K1093,,CAD
PMZ.UN,PRIMARIS REAL ESTATE INVESTMENT UN,,TORONTO STOCK EXCHANGE,JPY
PNB,PUNJAB NATIONAL BANK,,NATIONAL STOCK EXCHANGE OF INDIA,JPY
PNB,PNB,INE160A01022,,INR
PNBHOUSING,PNB HOUSING FINANCE LTD,,NATIONAL STOCK EXCHANGE OF INDIA,JPY
PNC,PNC FINANCIAL SERVICES GROUP,,NEW YORK STOCK EXCHANGE INC.,JPY
PNC,PNC,US6934751057,,USD
PNDORA,PANDORA,,OMX NORDIC EXCHANGE COPENHAGEN A/S,JPY
PNDORA,PNDORA,DK0060252690,,DKK
PNFP,PNFP,US72348N1090,,USD
PNR,PENTAIR,,NEW YORK STOCK EXCHANGE INC.,JPY
PNR,PNR,IE00BLS09M33,,USD
PNW,PINNACLE WEST,,NEW YORK STOCK EXCHANGE INC.,JPY
PNW,PNW,US7234841010,,
PODD,INSULET,,NASDAQ,JPY
PODD,PODD,US45784P1012,,USD
POLI,POLI,IL0006625771,,ILS
POLICYBZ,POLICYBZ,INE417T01026,,INR
POLICYBZR,PB FINTECH LTD,,NATIONAL STOCK EXCHANGE OF INDIA,JPY
POLYCAB,POLYCAB INDIA,,NATIONAL STOCK EXCHANGE OF INDIA,JPY
POLYCAB,POLYCAB,INE455K01017,,INR
POLYMED,POLY MEDICURE,,NATIONAL STOCK EXCHANGE OF INDIA,JPY
POMO3,MARCOPOLO,,XBSP,JPY
POMO4,MARCOPOLO PREF,,XBSP,JPY
POMO4,POMO4,BRPOMOACNPR7,,
POOL,POOL ADVISTA INDONESIA,,INDONESIA STOCK EXCHANGE,JPY
POONAWALLA,POONAWALLA FINCORP LTD,,NATIONAL STOCK EXCHANGE OF INDIA,JPY
POU,PARAMOUNT RESOURCE LTD CLASS A,,TORONTO STOCK EXCHANGE,JPY
POW,POWER CORPORATION OF CANADA,,TORONTO STOCK EXCHANGE,JPY
POW,POW,CA7392391016,,CAD
POWERGRID,POWER GRID CORPORATION OF INDIA,,NATIONAL STOCK EXCHANGE OF INDIA,JPY
POWERIND,POWERIND,INE07Y701011,,INR
POWERINDIA,HITACHI ENERGY INDIA LTD,,NATIONAL STOCK EXCHANGE OF INDIA,JPY
POWF,POWF,INE134E01011,,INR
PPB,PPB GROUP,,BURSA MALAYSIA,JPY
PPC,PUBLIC POWER CORPORATION SA,,ATHENS EXCHANGE S.A. CASH MARKET,JPY
PPC,PPC,GRS434003000,,EUR
PPG,PPG INDUSTRIES,,NEW YORK STOCK EXCHANGE INC.,JPY
PPG,PPG,US6935061076,,USD
PPH,PEPKOR HOLDINGS SHS LTD,,JOHANNESBURG STOCK EXCHANGE,JPY
PPH,PPH,ZAE000259479,,ZAR
PPL,PPL CORP,,NEW YORK STOCK EXCHANGE INC.,JPY
PPL,PPL,CA7063271034,,CAD
PPL,PPL,US69351T1060,,USD
PPLPHARMA,PIRAMAL PHARMA LTD,,NATIONAL STOCK EXCHANGE OF INDIA,JPY
PPTA,PERPETUA RESOURCES,,TORONTO STOCK EXCHANGE,JPY
PRAJIND,PRAJ INDUSTRIES LTD,,NATIONAL STOCK EXCHANGE OF INDIA,JPY
PREIT,PREIT,SG1V52937132,,SGD
PREMIERENE,PREMIER ENERGIES LTD,,NATIONAL STOCK EXCHANGE OF INDIA,JPY
PRESTIGE,PRESTIGE ESTATES PROJECTS,,NATIONAL STOCK EXCHANGE OF INDIA,JPY
PRI,PRIMERICA,,NEW YORK STOCK EXCHANGE INC.,JPY
PRICOLLTD,PRICOL LTD,,NATIONAL STOCK EXCHANGE OF INDIA,JPY
PRIME,PRIME,SGXC75818630,,USD
PRIO3,PETRO RIO,,XBSP,JPY
PRIO3,PRIO3,BRPRIOACNOR1,,
PRIVISCL,PRIVI SPECIALITY CHEMICALS LTD,,NATIONAL STOCK EXCHANGE OF INDIA,JPY
PRLB,PROTO LABS,,NEW YORK STOCK EXCHANGE INC.,JPY
PRU,PRUDENTIAL FINANCIAL INC,,NEW YORK STOCK EXCHANGE INC.,JPY
PRU,PRU,GB0007099541,,GBP
PRU,PRU,US7443201022,,USD
PRUDENT,PRUDENT CORPORATE ADVISORY SERVICE,,NATIONAL STOCK EXCHANGE OF INDIA,JPY
PRX,PROSUS NV CLASS N,,EURONEXT AMSTERDAM,JPY
PRX,PRX,NL0013654783,,EUR
PRY,PRYSMIAN,,BORSA ITALIANA,JPY
PRY,PRY,IT0004176001,,EUR
PSA,PUBLIC STORAGE REIT,,NEW YORK STOCK EXCHANGE INC.,JPY
PSA,PSA,US74460D1090,,USD
PSK,PRAIRIESKY ROYALTY,,TORONTO STOCK EXCHANGE,JPY
PSKY,PARAMOUNT SKYDANCE CORP CLASS B,,NASDAQ,JPY
PSKY,PSKY,US69932A2042,,
PSN,PARSONS CORP,,NEW YORK STOCK EXCHANGE INC.,JPY
PSON,PEARSON PLC,,LONDON STOCK EXCHANGE,JPY
PSON,PSON,GB0006776081,,GBP
PSSA3,PORTO SEGURO SA,,XBSP,JPY
PSSA3,PSSA3,BRPSSAACNOR7,,
PST,POSTE ITALIANE,,BORSA ITALIANA,JPY
PST,PST,IT0003796171,,EUR
PSTL,POSTAL REALTY TRUST CLASS A,,NEW YORK STOCK EXCHANGE INC.,JPY
PSTL,PSTL,US73757R1023,,USD
PSX,PHILLIPS 66,,NEW YORK STOCK EXCHANGE INC.,JPY
PSX,PSX,US7185461040,,USD
PSYS,PSYS,INE262H01021,,INR
PTBA,TAMBANG BATUBARA BUKIT ASAM,,INDONESIA STOCK EXCHANGE,JPY
PTC,PTC,,NASDAQ,JPY
PTC,PTC,US69370C1009,,USD
PTCIL,PTC INDUSTRIES LTD,,NATIONAL STOCK EXCHANGE OF INDIA,JPY
PTG,PTG,MYL6033OO004,,
PTRO,PETROSEA,,INDONESIA STOCK EXCHANGE,JPY
PTT-R,PTT-R,TH0646010R18,,THB
PTT.R,PTT NON-VOTING DR,,STOCK EXCHANGE OF THAILAND,JPY
PTT/F,PTT/F,TH0646010Z18,,
PTTEP-R,PTTEP-R,TH0355010R16,,THB
PTTEP.R,PTT EXPLORATION AND PRODUCTION NON,,STOCK EXCHANGE OF THAILAND,JPY
PTTEP/F,PTTEP/F,TH0355A10Z12,,
PTTGC.R,PTT GLOBAL CHEMICAL NON-VOTING DR,,STOCK EXCHANGE OF THAILAND,JPY
PTTGC/F,PTTGC/F,TH1074010014,,
PTU6,S&P/TSE 60 INDEX SEP 26,,THE MONTREAL EXCHANGE / BOURSE DE MONTREAL,JPY
PUB,PUBLICIS GROUPE,,NYSE EURONEXT - EURONEXT PARIS,JPY
PUB,PUB,FR0000130577,,EUR
PVRINOX,PVR INOX LTD,,NATIONAL STOCK EXCHANGE OF INDIA,JPY
PWGR,PWGR,INE752E01010,,INR
PWL,PHYSICSWALLAH LTD,,NATIONAL STOCK EXCHANGE OF INDIA,JPY
PWON,PAKUWON JATI,,INDONESIA STOCK EXCHANGE,JPY
PWR,QUANTA SERVICES INC,,NEW YORK STOCK EXCHANGE INC.,JPY
PWR,PWR,US74762E1029,,USD
PXT,PAREX RESOURCES,,TORONTO STOCK EXCHANGE,JPY
PYPL,PAYPAL HOLDINGS INC,,NASDAQ,JPY
PYPL,PYPL,US70450Y1038,,
PZU,PZU SA,,WARSAW STOCK EXCHANGE/EQUITIES/MAIN MARKET,JPY
PZU,PZU,PLPZU0000011,,PLN
Q,QNITY ELECTRONICS,,NEW YORK STOCK EXCHANGE INC.,JPY
Q,Q,US74743L1008,,USD
Q*,QUALITAS CONTROLADORA,,BOLSA MEXICANA DE VALORES,JPY
QAMC,QATAR ALUMINIUM MANUFACTURING,,QATAR EXCHANGE,JPY
QAN,QANTAS AIRWAYS,,ASX - ALL MARKETS,JPY
QAN,QAN,AU000000QAN2,,AUD
QAR,QAR CASH,,-,JPY
QBE,QBE INSURANCE GROUP,,ASX - ALL MARKETS,JPY
QBE,QBE,AU000000QBE9,,AUD
QBR.B,QUEBECOR CLASS B,,TORONTO STOCK EXCHANGE,JPY
QCOM,QUALCOMM,,NASDAQ,JPY
QCOM,QCOM,US7475251036,,
QEWS,NEBRAS ENERGY,,QATAR EXCHANGE,JPY
QEWS,QEWS,QA0006929812,,QAR
QFIN,QFIN HOLDINGS ADR INC,,NASDAQ,JPY
QFLS,QATAR FUEL,,QATAR EXCHANGE,JPY
QFLS,QFLS,QA0001200771,,QAR
QGTS,QATAR GAS TRANSPORT COMPANY LTD,,QATAR EXCHANGE,JPY
QGTS,QGTS,QA000A0KD6L1,,QAR
QIA,QIAGEN,,DEUTSCHE BOERSE XETRA,JPY
QIA,QIA,NL0015002SN0,,EUR
QIBK,QATAR ISLAMIC BANK,,QATAR EXCHANGE,JPY
QIBK,QIBK,QA0006929853,,QAR
QIIK,QATAR INTERNATIONAL ISLAMIC BANK,,QATAR EXCHANGE,JPY
QIIK,QIIK,QA0006929879,,QAR
QL,QL RESOURCES,,BURSA MALAYSIA,JPY
QLTU,QUALITAU LTD,,TEL AVIV STOCK EXCHANGE,JPY
QNBK,QATAR NATIONAL BANK,,QATAR EXCHANGE,JPY
QNBK,QNBK,QA0006929895,,QAR
QNNS,QATAR NAVIGATION,,QATAR EXCHANGE,JPY
QNT,QUANTINUUM INC CLASS A,,NASDAQ,JPY
QRVO,QORVO INC,,,
QSR,RESTAURANTS BRANDS INTERNATIONAL,,TORONTO STOCK EXCHANGE,JPY
QSR,QSR,CA76131D1033,,CAD
QTOP,ISHARES NASDAQ TOP 30 STOCKS CL1,,NASDAQ,JPY
QZQ6,MSCI SING IX ETS AUG 26,,SINGAPORE EXCHANGE DERIVATIVES CLEARING LIMITED,JPY
R,RYDER SYSTEM,,NEW YORK STOCK EXCHANGE INC.,JPY
RA,REGIONAL SAB DE CV,,BOLSA MEXICANA DE VALORES,JPY
RAA,RATIONAL AG,,XETRA,JPY
RAA,RAA,DE0007010803,,EUR
RACE,FERRARI,,BORSA ITALIANA,JPY
RACE,RACE,NL0011585146,,EUR
RADICO,RADICO KHAITAN,,NATIONAL STOCK EXCHANGE OF INDIA,JPY
RADL3,RAIA DROGASIL,,XBSP,JPY
RADL3,RADL3,BRRADLACNOR0,,
RAIL3,RUMO SA,,XBSP,JPY
RAIL3,RAIL3,BRRAILACNOR9,,
RAILTEL,RAILTEL CORP OF INDIA,,NATIONAL STOCK EXCHANGE OF INDIA,JPY
RAINBOW,RAINBOW CHILDRENS MEDICARE LTD,,NATIONAL STOCK EXCHANGE OF INDIA,JPY
RAJA,RUKUN RAHARJA,,INDONESIA STOCK EXCHANGE,JPY
RAKPROP,RAS AL KHAIMAH PROPERTIES,,ABU DHABI SECURITIES EXCHANGE,JPY
RAL,RALLIANT,,NEW YORK STOCK EXCHANGE INC.,JPY
RALLIS,RALLIS INDIA LTD,,NATIONAL STOCK EXCHANGE OF INDIA,JPY
RALYH.E,RAL YATIRIM HOLDING ANONIM SIRKETI,,ISTANBUL STOCK EXCHANGE,JPY
RAMCOCEM,THE RAMCO CEMENTS LTD,,NATIONAL STOCK EXCHANGE OF INDIA,JPY
RATCH.R,RATCH GROUP PCL NON-VOTING DR,,STOCK EXCHANGE OF THAILAND,JPY
RATCH/F,RATCH/F,TH0637010Y18,,
RATEGAIN,RATEGAIN TRAVEL TECHNOLOGY,,NATIONAL STOCK EXCHANGE OF INDIA,JPY
RATNAMANI,RATNAMANI METALS AND TUBES LTD,,NATIONAL STOCK EXCHANGE OF INDIA,JPY
RATU,RAHARJA ENERGI CEPU,,INDONESIA STOCK EXCHANGE,JPY
RBA,RB GLOBAL,,TORONTO STOCK EXCHANGE,JPY
RBA,RBA,CA74935Q1072,,CAD
RBI,RAIFFEISEN BANK INTERNATIONAL AG,,WIENER BOERSE AG,JPY
RBI,RBI,AT0000606306,,EUR
RBLX,RBLX,US7710491033,,USD
RBOD,ISHARES AUTOMATION & ROBOTIC USD_D,,LONDON STOCK EXCHANGE,JPY
RCH,RICHELIEU HARDWARE,,TORONTO STOCK EXCHANGE,JPY
RCI.B,ROGERS COMMUNICATIONS NON-VOTING I,,TORONTO STOCK EXCHANGE,JPY
RCI/B,RCI/B,CA7751092007,,CAD
RCL,ROYAL CARIBBEAN GROUP,,NEW YORK STOCK EXCHANGE INC.,JPY
RCL,RCL,LR0008862868,,USD
RCL.R,REGIONAL CONTAINER LINES NON-VOTIN,,STOCK EXCHANGE OF THAILAND,JPY
RCR,RL COMMERCIAL REIT INC,,PHILIPPINE STOCK EXCHANGE INC.,JPY
RDDT,REDDIT CLASS A,,NEW YORK STOCK EXCHANGE INC.,JPY
RDDT,RDDT,US75734B1008,,USD
RDF,REDEFINE PROPERTIES,,JOHANNESBURG STOCK EXCHANGE,JPY
RDN,RADIAN GROUP,,NEW YORK STOCK EXCHANGE INC.,JPY
RDOR3,REDE DOR SAO LUIZ SA,,XBSP,JPY
RDOR3,RDOR3,BRRDORACNOR8,,
REA,REA GROUP LTD,,ASX - ALL MARKETS,JPY
REA,REA,AU000000REA9,,AUD
REC,RECORDATI INDUSTRIA CHIMICA E FARM,,BORSA ITALIANA,JPY
REC,REC,IT0003828271,,EUR
RECL,RECL,INE020B01018,,INR
RECLTD,REC LTD,,NATIONAL STOCK EXCHANGE OF INDIA,JPY
RECV3,PETRORECONCAVO,,XBSP,JPY
RECV3,RECV3,BRRECVACNOR3,,
RED,REDEIA CORPORACION SA,,BOLSA DE MADRID,JPY
RED,RED,ES0173093024,,EUR
REDINGTON,REDINGTON LTD,,NATIONAL STOCK EXCHANGE OF INDIA,JPY
REG,REGENCY CENTERS REIT CORP,,NASDAQ,JPY
REG,REG,US7588491032,,USD
REGN,REGENERON PHARMACEUTICALS,,NASDAQ,JPY
REGN,REGN,US75886F1075,,
REI-U,REI-U,CA7669101031,,CAD
REI.UN,RIOCAN REAL ESTATE INVESTMENT TRUS,,TORONTO STOCK EXCHANGE,JPY
REL,RELX PLC,,LONDON STOCK EXCHANGE,JPY
REL,REL,GB00B2B0DG97,,GBP
RELAXO,RELAXO FOOTWEARS LTD,,NATIONAL STOCK EXCHANGE OF INDIA,JPY
RELIANCE,RELIANCE INDUSTRIES LTD,,NATIONAL STOCK EXCHANGE OF INDIA,JPY
RELIANCE,RELIANCE,INE002A01018,,INR
RELIGARE,RELIGARE ENTERPRISES LTD,,NATIONAL STOCK EXCHANGE OF INDIA,JPY
REM,REMGRO,,JOHANNESBURG STOCK EXCHANGE,JPY
REM,REM,ZAE000026480,,ZAR
RENT3,LOCALIZA RENT A CAR,,XBSP,JPY
RENT3,RENT3,BRRENTACNOR4,,
REP,REPSOL,,BOLSA DE MADRID,JPY
REP,REP,ES0173516115,,EUR
RES,RESILIENT PROP LTD,,JOHANNESBURG STOCK EXCHANGE,JPY
RET,RET,BE0003720340,,EUR
REXR,REXFORD INDUSTRIAL REALTY REIT,,NEW YORK STOCK EXCHANGE INC.,JPY
REXR,REXR,US76169C1009,,USD
REYN,REYNOLDS CONSUMER PRODUCTS INC,,NASDAQ,JPY
RF,REGIONS FINANCIAL,,NEW YORK STOCK EXCHANGE INC.,JPY
RF,RF,US7591EP1005,,USD
RFF,RFF,AU000000RFF5,,AUD
RGA,REINSURANCE GROUP OF AMERICA,,NEW YORK STOCK EXCHANGE INC.,JPY
RGL,RGL,GG00BSY2LD72,,GBP
RGLD,ROYAL GOLD,,NASDAQ,JPY
RGN,RGN,AU0000253502,,AUD
RHBBANK,RHB BANK,,BURSA MALAYSIA,JPY
RHBBANK,RHBBANK,MYL1066OO009,,
RHIM,RHI MAGNESITA INDIA LTD,,NATIONAL STOCK EXCHANGE OF INDIA,JPY
RHM,RHEINMETALL AG,,XETRA,JPY
RHM,RHM,DE0007030009,,EUR
RHP,RYMAN HOSPITALITY PROPERTIES REIT,,NEW YORK STOCK EXCHANGE INC.,JPY
RHP,RHP,US78377T1079,,USD
RI,PERNOD RICARD SA,,NYSE EURONEXT - EURONEXT PARIS,JPY
RI,RI,FR0000120693,,EUR
RIBL,RIBL,SA0007879048,,SAR
RICHT,RICHT,HU0000123096,,HUF
RICHTER,GEDEON RICHTER,,BUDAPEST STOCK EXCHANGE,JPY
RIO,RIO TINTO PLC,,LONDON STOCK EXCHANGE,JPY
RIO,RIO,AU000000RIO1,,AUD
RIO,RIO,GB0007188757,,GBP
RIT1,RIT1,IL0010989205,,ILS
RITES,RITES LTD,,NATIONAL STOCK EXCHANGE OF INDIA,JPY
RIVN,RIVN,US76954A1034,,USD
RJF,RAYMOND JAMES,,NEW YORK STOCK EXCHANGE INC.,JPY
RJF,RJF,US7547301090,,USD
RJHI,RJHI,SA0007879113,,SAR
RKLB,RKLB,US7731211089,,
RKT,RECKITT BENCKISER GROUP PLC,,LONDON STOCK EXCHANGE,JPY
RKT,RKT,GB00BSZBP530,,GBP
RKT,RKT,US77311W1018,,USD
RL,RALPH LAUREN CLASS A,,NEW YORK STOCK EXCHANGE INC.,JPY
RL,RL,US7512121010,,
RLC,ROBINSONS LAND CORP,,PHILIPPINE STOCK EXCHANGE INC.,JPY
RLI,RLI CORP,,NEW YORK STOCK EXCHANGE INC.,JPY
RLJ,RLJ LODGING TRUST REIT,,NEW YORK STOCK EXCHANGE INC.,JPY
RLJ,RLJ,US74965L1017,,USD
RLO,REUNERT LTD,,JOHANNESBURG STOCK EXCHANGE,JPY
RLX,RLX TECHNOLOGY AMERICAN DEPOSITARY,,NEW YORK STOCK EXCHANGE INC.,JPY
RMBS,RAMBUS INC,,,
RMD,RESMED,,NEW YORK STOCK EXCHANGE INC.,JPY
RMD,RMD,US7611521078,,USD
RMS,HERMES INTERNATIONAL,,NYSE EURONEXT - EURONEXT PARIS,JPY
RMS,RMS,FR0000052292,,EUR
RNI,REINET INVESTMENTS S.C.A.,,JOHANNESBURG STOCK EXCHANGE,JPY
RNI,RNI,LU0383812293,,ZAR
RNO,RENAULT SA,,NYSE EURONEXT - EURONEXT PARIS,JPY
RNO,RNO,FR0000131906,,EUR
RNR,RENAISSANCERE HOLDING,,NEW YORK STOCK EXCHANGE INC.,JPY
RO,ROCHE HOLDING AG,,SIX SWISS EXCHANGE,JPY
RO,RO,CH0012032113,,CHF
ROCK B,ROCKWOOL CLASS B,,OMX NORDIC EXCHANGE COPENHAGEN A/S,JPY
ROCKB,ROCKB,DK0063855168,,DKK
ROK,ROCKWELL AUTOMATION INC,,NEW YORK STOCK EXCHANGE INC.,JPY
ROK,ROK,US7739031091,,USD
ROL,ROLLINS INC,,NEW YORK STOCK EXCHANGE INC.,JPY
ROL,ROL,US7757111049,,USD
ROP,ROPER TECHNOLOGIES,,NASDAQ,JPY
ROP,ROP,CH1499059983,,CHF
ROP,ROP,US7766961061,,
ROSN,NK ROSNEFT,,STANDARD-CLASSICA-FORTS,JPY
ROSN,ROSN,US67812M2070,,USD
ROST,ROSS STORES INC,,NASDAQ,JPY
ROST,ROST,US7782961038,,
RPM,RPM INTERNATIONAL INC,,NEW YORK STOCK EXCHANGE INC.,JPY
RPM,RPM,US7496851038,,USD
RPOWER,RELIANCE POWER LTD,,NATIONAL STOCK EXCHANGE OF INDIA,JPY
RPRX,ROYALTY PHARMA PLC CLASS A,,NASDAQ,JPY
RPRX,RPRX,GB00BMVP7Y09,,USD
RR.,ROLLS-ROYCE HOLDINGS PLC,,LONDON STOCK EXCHANGE,JPY
RR/,RR/,GB00B63H8491,,GBP
RRKABEL,R R KABEL LTD,,NATIONAL STOCK EXCHANGE OF INDIA,JPY
RS,RELIANCE STEEL & ALUMINUM,,NEW YORK STOCK EXCHANGE INC.,JPY
RS,RS,US7595091023,,USD
RSG,REPUBLIC SERVICES INC,,NEW YORK STOCK EXCHANGE INC.,JPY
RSG,RSG,US7607591002,,USD
RSW,RENISHAW PLC,,LONDON STOCK EXCHANGE,JPY
RTNPOWER,RATTANINDIA POWER,,NATIONAL STOCK EXCHANGE OF INDIA,JPY
RTO,RENTOKIL INITIAL PLC,,LONDON STOCK EXCHANGE,JPY
RTO,RTO,GB00B082RF11,,GBP
RTX,RTX CORP,,NEW YORK STOCK EXCHANGE INC.,JPY
RTX,RTX,US75513E1010,,USD
RTYU6,RUSSELL 2000 EMINI CME SEP 26,,CHICAGO MERCANTILE EXCHANGE,JPY
RUAL,UNITED COMPANY RUSAL,,STANDARD-CLASSICA-FORTS,JPY
RUB,RUB CASH,,-,JPY
RUS,RUSSEL METALS INC,,TORONTO STOCK EXCHANGE,JPY
RUSHA,RUSH ENTERPRISES CLASS A,,NASDAQ,JPY
RUSHB,RUSH ENTERPRISES CLASS B,,NASDAQ,JPY
RVMD,RVMD,US76155X1000,,USD
RVTY,REVVITY,,NEW YORK STOCK EXCHANGE INC.,JPY
RVTY,RVTY,US7140461093,,
RVYU6,RUSSELL1000 VALUE MINI CME SEP 26,,CHICAGO MERCANTILE EXCHANGE,JPY
RWE,RWE AG,,XETRA,JPY
RWE,RWE,DE0007037129,,EUR
RXL,REXEL SA,,NYSE EURONEXT - EURONEXT PARIS,JPY
RXL,RXL,FR0010451203,,EUR
RY,ROYAL BANK OF CANADA,,TORONTO STOCK EXCHANGE,JPY
RY,RY,CA7800871021,,CAD
RYA,RYANAIR HOLDINGS PLC,,IRISH STOCK EXCHANGE - ALL MARKET,JPY
RYA,RYA,IE00BYTBXV33,,EUR
S32,SOUTH32,,ASX - ALL MARKETS,JPY
S32,S32,AU000000S320,,AUD
S63,SINGAPORE TECHNOLOGIES ENGINEERING,,SINGAPORE EXCHANGE,JPY
S68,SINGAPORE EXCHANGE,,SINGAPORE EXCHANGE,JPY
SAAB B,SAAB CLASS B,,NASDAQ OMX NORDIC,JPY
SAABB,SAABB,SE0021921269,,SEK
SAB,BANCO DE SABADELL,,BOLSA DE MADRID,JPY
SAB,SAB,ES0113860A34,,EUR
SABB,SABB,SA0007879089,,SAR
SABIC,SABIC,SA0007879121,,SAR
SAF,SAFRAN SA,,NYSE EURONEXT - EURONEXT PARIS,JPY
SAF,SAF,FR0000073272,,EUR
SAFARI,SAFARI INDUSTRIES INDIA LTD,,NATIONAL STOCK EXCHANGE OF INDIA,JPY
SAFCO,SAFCO,SA0007879139,,SAR
SAFE,SAFEHOLD INC,,NEW YORK STOCK EXCHANGE INC.,JPY
SAFE,SAFE,GB00B1N7Z094,,GBP
SAFE,SAFE,US78646V1070,,USD
SAGA B,SAGAX CLASS B,,NASDAQ OMX NORDIC,JPY
SAGAB,SAGAB,SE0005127818,,SEK
SAGILITY,SAGILITY LTD,,NATIONAL STOCK EXCHANGE OF INDIA,JPY
SAHOL,SAHOL,TRASAHOL91Q5,,TRY
SAHOL.E,HACI OMER SABANCI HOLDING A,,ISTANBUL STOCK EXCHANGE,JPY
SAILIFE,SAI LIFE SCIENCES,,NATIONAL STOCK EXCHANGE OF INDIA,JPY
SAL,SAL,SA15T1L22JH8,,SAR
SALIK,SALIK COMPANY P.J.S.C,,DUBAI FINANCIAL MARKET,JPY
SALIK,SALIK,AEE01110S227,,AED
SALM,SALMAR,,OSLO BORS ASA,JPY
SALM,SALM,NO0010310956,,NOK
SAM,SAM ENGINEERING & EQUIPMENT M,,BURSA MALAYSIA,JPY
SAMMAANCAP,SAMMAAN CAPITAL LTD,,NATIONAL STOCK EXCHANGE OF INDIA,JPY
SAMPO,SAMPO CLASS A,,NASDAQ OMX HELSINKI LTD.,JPY
SAMPO,SAMPO,FI4000552500,,EUR
SAN,BANCO SANTANDER,,BOLSA DE MADRID,JPY
SAN,SAN,ES0113900J37,,EUR
SAN,SAN,FR0000120578,,EUR
SANB11,SANB11,BRSANBCDAM13,,
SAND,SANDVIK,,NASDAQ OMX NORDIC,JPY
SAND,SAND,SE0000667891,,SEK
SANDUMA,SANDUR MANGANESE AND IRON ORES LTD,,NATIONAL STOCK EXCHANGE OF INDIA,JPY
SANOFI,SANOFI INDIA LTD,,NATIONAL STOCK EXCHANGE OF INDIA,JPY
SANSERA,SANSERA ENGINEERING,,NATIONAL STOCK EXCHANGE OF INDIA,JPY
SAP,SAP,,XETRA,JPY
SAP,SAP,CA8029121057,,CAD
SAP,SAP,DE0007164600,,EUR
SAPPHIRE,SAPPHIRE FOODS INDIA LTD,,NATIONAL STOCK EXCHANGE OF INDIA,JPY
SAPR11,CIA SANEAMENTO DO PARANA UNITS,,XBSP,JPY
SAPR4,CIA SANEAMENTO PREF,,XBSP,JPY
SAR,SAR CASH(COMMITTED),,-,JPY
SARDAEN,SARDA ENERGY AND MINERALS LTD,,NATIONAL STOCK EXCHANGE OF INDIA,JPY
SAREGAMA,SAREGAMA INDIA,,NATIONAL STOCK EXCHANGE OF INDIA,JPY
SASA.E,SASA POLYESTER SANAYI A,,ISTANBUL STOCK EXCHANGE,JPY
SASSR,SASSR,SG1ED2000000,,SGD
SAUD3,BRADSAUDE,,XBSP,JPY
SAWAD.R,SRISAWAD CORPORATION PCL NON-VOTIN,,STOCK EXCHANGE OF THAILAND,JPY
SBAC,SBA COMMUNICATIONS REIT CORP CLASS,,NASDAQ,JPY
SBAC,SBAC,US78410G1040,,USD
SBER,SBERBANK ROSSII,,STANDARD-CLASSICA-FORTS,JPY
SBER,SBER,RU0009029540,,USD
SBICARD,SBI CARDS & PAYMENT SERVICES LTD,,NATIONAL STOCK EXCHANGE OF INDIA,JPY
SBICARD,SBICARD,INE018E01016,,INR
SBID,SBID,US8565522039,,USD
SBILIFE,SBI LIFE INSURANCE COMPANY LTD,,NATIONAL STOCK EXCHANGE OF INDIA,JPY
SBILIFE,SBILIFE,INE123W01016,,INR
SBIN,STATE BANK OF INDIA,,NATIONAL STOCK EXCHANGE OF INDIA,JPY
SBK,STANDARD BANK GROUP,,JOHANNESBURG STOCK EXCHANGE,JPY
SBK,SBK,ZAE000109815,,ZAR
SBRA,SABRA HEALTH CARE REIT,,NASDAQ,JPY
SBRA,SBRA,US78573L1061,,USD
SBRY,SAINSBURY(J) PLC,,LONDON STOCK EXCHANGE,JPY
SBRY,SBRY,GB00B019KW72,,GBP
SBSP3,COMPANHIA DE SANEAMENTO BASICO DE,,XBSP,JPY
SBSP3,SBSP3,BRSBSPACNOR5,,
SBUX,STARBUCKS CORP,,NASDAQ,JPY
SBUX,SBUX,US8552441094,,
SCA B,SVENSKA CELLULOSA B,,NASDAQ OMX NORDIC,JPY
SCAB,SCAB,SE0000112724,,SEK
SCB-R,SCB-R,THA790010R17,,THB
SCB.R,SCB X PUBLIC COMPANY LIMITED NON-V,,STOCK EXCHANGE OF THAILAND,JPY
SCB/F,SCB/F,THA790010013,,
SCC,SEMIRARA MINING AND POWER CORP,,PHILIPPINE STOCK EXCHANGE INC.,JPY
SCC-R,SCC-R,TH0003010R12,,
SCC.R,SIAM CEMENT NON-VOTING DR PCL,,STOCK EXCHANGE OF THAILAND,JPY
SCCO,SOUTHERN COPPER CORP,,NEW YORK STOCK EXCHANGE INC.,JPY
SCCO,SCCO,US84265V1052,,USD
SCG,SCENTRE GROUP,,ASX - ALL MARKETS,JPY
SCG,SCG,AU000000SCG8,,AUD
SCGP-R,SCGP-R,TH0098010R12,,
SCHN,SCHINDLER HOLDING AG,,SIX SWISS EXCHANGE,JPY
SCHN,SCHN,CH0024638212,,CHF
SCHNEIDER,SCHNEIDER ELECTRIC INFRASTRUCTURE,,NATIONAL STOCK EXCHANGE OF INDIA,JPY
SCHP,SCHINDLER HOLDING PAR AG,,SIX SWISS EXCHANGE,JPY
SCHP,SCHP,CH0024638196,,CHF
SCHW,CHARLES SCHWAB,,NEW YORK STOCK EXCHANGE INC.,JPY
SCHW,SCHW,US8085131055,,USD
SCI,SHIPPING CORPORATION OF INDIA LTD,,NATIONAL STOCK EXCHANGE OF INDIA,JPY
SCI,SCI,SG1R50925390,,SGD
SCIENTX,SCIENTEX,,BURSA MALAYSIA,JPY
SCMN,SWISSCOM AG,,SIX SWISS EXCHANGE,JPY
SCMN,SCMN,CH0008742519,,CHF
SCR,STRATHCONA RESOURCES LTD,,TORONTO STOCK EXCHANGE,JPY
SDE,SPARTAN DELTA,,TORONTO STOCK EXCHANGE,JPY
SDG,SD GUTHRIE,,BURSA MALAYSIA,JPY
SDG,SDG,MYL5285OO001,,
SDLF,STANDARD LIFE PLC,,LONDON STOCK EXCHANGE,JPY
SDLF,SDLF,GB00BGXQNP29,,GBP
SDR,SCHRODERS PLC,,LONDON STOCK EXCHANGE,JPY
SDR,SDR,GB00BP9LHF23,,GBP
SDZ,SANDOZ GROUP AG,,SIX SWISS EXCHANGE,JPY
SDZ,SDZ,CH1243598427,,CHF
SE,SEA ADS REPRESENTING CLASS A,,NEW YORK STOCK EXCHANGE INC.,JPY
SE,SE,US81141R1005,,USD
SEA,SEABRIDGE GOLD,,TORONTO STOCK EXCHANGE,JPY
SEB A,SKANDINAVISKA ENSKILDA BANKEN,,NASDAQ OMX NORDIC,JPY
SEBA,SEBA,SE0000148884,,SEK
SECO,SECO,SA0007879550,,SAR
SECU B,SECURITAS B,,NASDAQ OMX NORDIC,JPY
SECUB,SECUB,SE0000163594,,SEK
SEIC,SEI INVESTMENTS,,NASDAQ,JPY
SEK,SEK CASH,,-,JPY
SELEC.E,SELCUK ECZA DEPOSU TICARET VE SANA,,ISTANBUL STOCK EXCHANGE,JPY
SENCO,SENCO GOLD LTD,,NATIONAL STOCK EXCHANGE OF INDIA,JPY
SERT,SERT,SGXC11267561,,EUR
SES,SECURE WASTE INFRASTRUCTURE CORP,,TORONTO STOCK EXCHANGE,JPY
SF,STIFEL FINANCIAL,,NEW YORK STOCK EXCHANGE INC.,JPY
SFBS,SERVISFIRST BANCSHARES INC,,NEW YORK STOCK EXCHANGE INC.,JPY
SFL,SHEELA FOAM,,NATIONAL STOCK EXCHANGE OF INDIA,JPY
SGAFT,CASH COLLATERAL USD SGAFT,,-,JPY
SGD,SGD CASH,,-,JPY
SGE,THE SAGE GROUP,,LONDON STOCK EXCHANGE,JPY
SGE,SGE,GB00B8C3BL03,,GBP
SGGD,SGGD,US8688612048,,USD
SGH,SGH,,ASX - ALL MARKETS,JPY
SGH,SGH,AU0000364754,,AUD
SGI,SOMNIGROUP INTERNATIONAL,,NEW YORK STOCK EXCHANGE INC.,JPY
SGML,SIGMA LITHIUM,,NASDAQ,JPY
SGO,COMPAGNIE DE SAINT GOBAIN SA,,NYSE EURONEXT - EURONEXT PARIS,JPY
SGO,SGO,FR0000125007,,EUR
SGOV,ISHARES 0-3 MONTH TREASURY B CL1,,NEW YORK STOCK EXCHANGE INC.,JPY
SGP,STOCKLAND STAPLED UNITS LTD,,ASX - ALL MARKETS,JPY
SGP,SGP,AU000000SGP0,,AUD
SGR-U,SGR-U,CA8310622037,,CAD
SGREIT,SGREIT,SG1S18926810,,SGD
SGRO,SEGRO REIT PLC,,LONDON STOCK EXCHANGE,JPY
SGRO,SGRO,GB00B5ZN1N88,,GBP
SGSN,SGS SA,,SIX SWISS EXCHANGE,JPY
SGSN,SGSN,CH1256740924,,CHF
SGX,SGX,SG1J26887955,,SGD
SGZH,SEGEZHA GROUP,,STANDARD-CLASSICA-FORTS,JPY
SHAILY,SHAILY ENGINEERING PLASTICS LTD,,NATIONAL STOCK EXCHANGE OF INDIA,JPY
SHAKTIPUMP,SHAKTI PUMPS INDIA LTD,,NATIONAL STOCK EXCHANGE OF INDIA,JPY
SHB A,SVENSKA HANDELSBANKEN-A SHS,,NASDAQ OMX NORDIC,JPY
SHBA,SHBA,SE0007100599,,SEK
SHC,SHC,GB00B62G9D36,,GBP
SHEL,SHELL PLC,,LONDON STOCK EXCHANGE,JPY
SHEL,SHEL,GB00BP6MXD84,,GBP
SHFL,SHRIRAM FINANCE LTD,,NATIONAL STOCK EXCHANGE OF INDIA,JPY
SHFL,SHFL,INE721A01047,,INR
SHILPAMED,SHILPA MEDICARE LTD,,NATIONAL STOCK EXCHANGE OF INDIA,JPY
SHL,SIEMENS HEALTHINEERS AG,,XETRA,JPY
SHL,SHL,AU000000SHL7,,AUD
SHL,SHL,DE000SHL1006,,EUR
SHO,SUNSTONE HOTEL INVESTORS REIT INC,,NEW YORK STOCK EXCHANGE INC.,JPY
SHO,SHO,US8678921011,,USD
SHOP,SHOPIFY SUBORDINATE VOTING CLASS A,,TORONTO STOCK EXCHANGE,JPY
SHOP,SHOP,CA82509L1076,,
SHP,SHOPRITE HOLDINGS LTD,,JOHANNESBURG STOCK EXCHANGE,JPY
SHP,SHP,ZAE000012084,,ZAR
SHREECEM,SHREE CEMENT LTD,,NATIONAL STOCK EXCHANGE OF INDIA,JPY
SHRIPISTON,SPR AUTO TECHNOLOGIES LTD,,NATIONAL STOCK EXCHANGE OF INDIA,JPY
SHUR,SHUR,GG00BQZCBZ44,,EUR
SHW,SHERWIN WILLIAMS,,NEW YORK STOCK EXCHANGE INC.,JPY
SHW,SHW,US8243481061,,
SI,SI,INE195A01028,,INR
SIA,SIENNA SENIOR LIVING INC,,TORONTO STOCK EXCHANGE,JPY
SIA,SIA,SG1V61937297,,SGD
SIB,SHARJAH ISLAMIC BANK,,ABU DHABI SECURITIES EXCHANGE,JPY
SIBC,SIBC,SA0007879063,,SAR
SIE,SIEMENS N AG,,XETRA,JPY
SIE,SIE,DE0007236101,,EUR
SIEM,SIEM,INE003A01024,,INR
SIEMENS,SIEMENS LTD,,NATIONAL STOCK EXCHANGE OF INDIA,JPY
SIG,SIGMA HEALTHCARE LTD,,ASX - ALL MARKETS,JPY
SIG,SIG,AU000000SIG5,,AUD
SIGI,SELECTIVE INSURANCE GROUP,,NASDAQ,JPY
SIGMAFA,ALFA A,,BOLSA MEXICANA DE VALORES,JPY
SIGMAFA,SIGMAFA,MXP000511016,,MXN
SIGNATURE,SIGNATUREGLOBAL (INDIA) LTD,,NATIONAL STOCK EXCHANGE OF INDIA,JPY
SII,SPROTT INC,,TORONTO STOCK EXCHANGE,JPY
SIKA,SIKA AG,,SIX SWISS EXCHANGE,JPY
SIKA,SIKA,CH0418792922,,CHF
SIME,SIME DARBY,,BURSA MALAYSIA,JPY
SIMEPROP,SIME DARBY PROPERTY,,BURSA MALAYSIA,JPY
SIMH3,SIMPAR,,XBSP,JPY
SIRI.R,SANSIRI NON-VOTING DR PCL,,STOCK EXCHANGE OF THAILAND,JPY
SISE.E,TURKIYE SISE VE CAM FABRIKALARI A,,ISTANBUL STOCK EXCHANGE,JPY
SITC,SITE CENTERS,,NEW YORK STOCK EXCHANGE INC.,JPY
SITC,SITC,US82981J8514,,USD
SJ,STELLA JONES INC,,TORONTO STOCK EXCHANGE,JPY
SJM,JM SMUCKER,,NEW YORK STOCK EXCHANGE INC.,JPY
SJM,SJM,US8326964058,,
SJVN,SJVN LTD,,NATIONAL STOCK EXCHANGE OF INDIA,JPY
SKA B,SKANSKA B,,NASDAQ OMX NORDIC,JPY
SKAB,SKAB,SE0000113250,,SEK
SKE,SKEENA RESOURCES,,TORONTO STOCK EXCHANGE,JPY
SKF B,SKF B,,NASDAQ OMX NORDIC,JPY
SKFB,SKFB,SE0000108227,,SEK
SKFINDIA,SKF INDIA LTD,,NATIONAL STOCK EXCHANGE OF INDIA,JPY
SKFINDUS,SKF INDIA (INDUSTRIAL) LTD,,NATIONAL STOCK EXCHANGE OF INDIA,JPY
SKG,SKG,AU0000477440,,AUD
SKT,TANGER,,NEW YORK STOCK EXCHANGE INC.,JPY
SKT,SKT,US8754651060,,USD
SLAB,SILICON LABORATORIES,,NASDAQ,JPY
SLARL,SLARL,IL0011096448,,ILS
SLB,SLB,,NEW YORK STOCK EXCHANGE INC.,JPY
SLB,SLB,AN8068571086,,USD
SLCE3,SLC AGRICOLA SA,,XBSP,JPY
SLCE3,SLCE3,BRSLCEACNOR2,,
SLF,SUN LIFE FINANCIAL INC,,TORONTO STOCK EXCHANGE,JPY
SLF,SLF,CA8667961053,,CAD
SLG,SL GREEN REALTY REIT CORP,,NEW YORK STOCK EXCHANGE INC.,JPY
SLG,SLG,US78440X8873,,USD
SLGN,SILGAN HOLDINGS,,NEW YORK STOCK EXCHANGE INC.,JPY
SLHN,SWISS LIFE HOLDING AG,,SIX SWISS EXCHANGE,JPY
SLHN,SLHN,CH0014852781,,CHF
SLM,SANLAM LIMITED LTD,,JOHANNESBURG STOCK EXCHANGE,JPY
SLM,SLM,ZAE000070660,,ZAR
SM,SM INVESTMENTS,,PHILIPPINE STOCK EXCHANGE INC.,JPY
SM,SM,PHY806761029,,PHP
SMA,SMARTSTOP SELF STORAGE REIT INC,,NEW YORK STOCK EXCHANGE INC.,JPY
SMA,SMA,US83192D4025,,USD
SMCI,SUPER MICRO COMPUTER INC,,NASDAQ,JPY
SMCI,SMCI,US86800U3023,,USD
SMFT3,SMARTFIT ESCOLA DE GINASTICA E DAN,,XBSP,JPY
SMFT3,SMFT3,BRSMFTACNOR1,,
SMGR,SEMEN INDONESIA (PERSERO),,INDONESIA STOCK EXCHANGE,JPY
SMIN,SMITHS GROUP PLC,,LONDON STOCK EXCHANGE,JPY
SMIN,SMIN,GB00B1WY2338,,GBP
SMPH,SM PRIME HOLDINGS,,PHILIPPINE STOCK EXCHANGE INC.,JPY
SMPH,SMPH,PHY8076N1120,,PHP
SMTO3,SAO MARTINHO SA,,XBSP,JPY
SMU,SMU,,SANTIAGO STOCK EXCHANGE,JPY
SN,SN,KYG8068L1086,,USD
SN.,SMITH AND NEPHEW PLC,,LONDON STOCK EXCHANGE,JPY
SN/,SN/,GB0009223206,,GBP
SNA,SNAP ON INC,,NEW YORK STOCK EXCHANGE INC.,JPY
SNA,SNA,US8330341012,,USD
SNB,SNB,SA13L050IE10,,SAR
SNDK,SANDISK,,NASDAQ,JPY
SNDK,SNDK,US80004C2008,,
SNOW,SNOWFLAKE,,NEW YORK STOCK EXCHANGE INC.,JPY
SNOW,SNOW,US8334451098,,USD
SNPS,SYNOPSYS,,NASDAQ,JPY
SNPS,SNPS,US8716071076,,
SNT,SANTAM LTD,,JOHANNESBURG STOCK EXCHANGE,JPY
SNX,TD SYNNEX,,NEW YORK STOCK EXCHANGE INC.,JPY
SO,SOUTHERN,,NEW YORK STOCK EXCHANGE INC.,JPY
SO,SO,US8425871071,,USD
SOBHA,SOBHA LTD,,NATIONAL STOCK EXCHANGE OF INDIA,JPY
SOBI,SWEDISH ORPHAN BIOVITRUM,,NASDAQ OMX NORDIC,JPY
SOBI,SOBI,SE0000872095,,SEK
SOBO,SOUTH BOW,,TORONTO STOCK EXCHANGE,JPY
SOF,SOFINA SA,,NYSE EURONEXT - EURONEXT BRUSSELS,JPY
SOF,SOF,BE0003717312,,EUR
SOFI,SOFI,US83406F1021,,USD
SOIL,SOIL,INE343H01029,,INR
SOKM.E,SOK MARKETLER TICARET,,ISTANBUL STOCK EXCHANGE,JPY
SOL,WASHINGTON H SOUL PATTINSON & COMP,,ASX - ALL MARKETS,JPY
SOL,SOL,AU000000SOL3,,AUD
SOL,SOL,ZAE000006896,,ZAR
SOLARINDS,SOLAR INDUSTRIES INDIA LTD,,NATIONAL STOCK EXCHANGE OF INDIA,JPY
SOLUTION,SOLUTION,SA15CIBJGH12,,SAR
SOLV,SOLVENTUM,,NEW YORK STOCK EXCHANGE INC.,JPY
SOLV,SOLV,US83444M1018,,
SONACOMS,SONA BLW PRECISION FORGINGS LTD,,NATIONAL STOCK EXCHANGE OF INDIA,JPY
SONATSOFTW,SONATA SOFTWARE LTD,,NATIONAL STOCK EXCHANGE OF INDIA,JPY
SOON,SONOVA HOLDING AG,,SIX SWISS EXCHANGE,JPY
SOON,SOON,CH0012549785,,CHF
SOUTHBANK,SOUTH INDIAN BANK LTD,,NATIONAL STOCK EXCHANGE OF INDIA,JPY
SOXQ,INVESCO PHLX SEMICONDUCTOR ETF,,,
SPACE42,SPACE42 PLC,,ABU DHABI SECURITIES EXCHANGE,JPY
SPALI.R,SUPALAI NON-VOTING DR PCL,,STOCK EXCHANGE OF THAILAND,JPY
SPB,SUPERIOR PLUS,,TORONTO STOCK EXCHANGE,JPY
SPCX,SPACE EXPLORATION TECHNOLOGIES COR,,NASDAQ,JPY
SPCX,SPCX,US84615Q1031,,
SPG,SIMON PROPERTY GROUP REIT INC,,NEW YORK STOCK EXCHANGE INC.,JPY
SPG,SPG,US8288061091,,USD
SPGI,S&P GLOBAL INC,,NEW YORK STOCK EXCHANGE INC.,JPY
SPGI,SPGI,US78409V1044,,USD
SPOT,SPOTIFY TECHNOLOGY,,NEW YORK STOCK EXCHANGE INC.,JPY
SPOT,SPOT,LU1778762911,,USD
SPP,SPAR GROUP LTD,,JOHANNESBURG STOCK EXCHANGE,JPY
SPSETIA,S P SETIA,,BURSA MALAYSIA,JPY
SPSN,SWISS PRIME SITE AG,,SIX SWISS EXCHANGE,JPY
SPSN,SPSN,CH0008038389,,CHF
SPX,SPIRAX GROUP PLC,,LONDON STOCK EXCHANGE,JPY
SPX,SPX,GB00BWFGQN14,,GBP
SQM,SQM,US8336351056,,USD
SQM.B,SOCIEDAD QUIMICA Y MINERA DE CHILE,,SANTIAGO STOCK EXCHANGE,JPY
SR,SPIRE INC,,NEW YORK STOCK EXCHANGE INC.,JPY
SRCM,SRCM,INE070A01015,,INR
SRE,SEMPRA,,NEW YORK STOCK EXCHANGE INC.,JPY
SRE,SRE,GG00B1W3VF54,,GBP
SRE,SRE,US8168511090,,USD
SREI,SREI,GB00B01HM147,,GBP
SREN,SWISS RE AG,,SIX SWISS EXCHANGE,JPY
SREN,SREN,CH0126881561,,CHF
SRF,SRF LTD,,NATIONAL STOCK EXCHANGE OF INDIA,JPY
SRF,SRF,INE647A01010,,INR
SRG,SNAM,,BORSA ITALIANA,JPY
SRG,SRG,IT0003153415,,EUR
SRT3,SARTORIUS PREF AG,,XETRA,JPY
SRT3,SRT3,DE0007165631,,EUR
SRU-U,SRU-U,CA83179X1087,,CAD
SRU.UN,SMARTCENTRES RL ESTATE INVESTMENT,,TORONTO STOCK EXCHANGE,JPY
SSB,SOUTHSTATE BANK CORP,,NEW YORK STOCK EXCHANGE INC.,JPY
SSD,SIMPSON MANUFACTURING,,NEW YORK STOCK EXCHANGE INC.,JPY
SSE,SSE PLC,,LONDON STOCK EXCHANGE,JPY
SSE,SSE,GB0007908733,,GBP
SSNC,SS AND C TECHNOLOGIES HOLDINGS,,NASDAQ,JPY
SSNC,SSNC,US78467J1007,,USD
SSRM,SSR MINING,,TORONTO STOCK EXCHANGE,JPY
SSW,SIBANYE STILLWATER,,JOHANNESBURG STOCK EXCHANGE,JPY
SSW,SSW,ZAE000259701,,ZAR
ST,ST,SG1T75931496,,SGD
STA.R,SRI TRANG-AGRO INDUSTRY NON-VOTING,,STOCK EXCHANGE OF THAILAND,JPY
STAG,STAG INDUSTRIAL REIT,,NEW YORK STOCK EXCHANGE INC.,JPY
STAG,STAG,US85254J1025,,USD
STAN,STANDARD CHARTERED PLC,,LONDON STOCK EXCHANGE,JPY
STAN,STAN,GB0004082847,,GBP
STAR,STRIDES PHARMA SCIENCE LTD,,NATIONAL STOCK EXCHANGE OF INDIA,JPY
STARHEALTH,STAR HEALTH AND ALLIED INSURANCE C,,NATIONAL STOCK EXCHANGE OF INDIA,JPY
STC,KUWAIT TELECOMMUNICATIONS,,KUWAIT STOCK EXCHANGE,JPY
STC,STC,SA0007879543,,SAR
STE,STERIS,,NEW YORK STOCK EXCHANGE INC.,JPY
STE,STE,IE00BFY8C754,,USD
STE,STE,SG1F60858221,,SGD
STEP,STEPSTONE GROUP CLASS A,,NASDAQ,JPY
STERV,STORA ENSO CLASS R,,NASDAQ OMX HELSINKI LTD.,JPY
STERV,STERV,FI0009005961,,EUR
STGT.R,SRI TRANG GLOVES (THAILAND) PCL NO,,STOCK EXCHANGE OF THAILAND,JPY
STLAM,STELLANTIS,,BORSA ITALIANA,JPY
STLAM,STLAM,NL00150001Q9,,EUR
STLD,STEEL DYNAMICS INC,,NASDAQ,JPY
STLD,STLD,US8581191009,,USD
STMN,STRAUMANN HOLDING AG,,SIX SWISS EXCHANGE,JPY
STMN,STMN,CH1175448666,,CHF
STMPA,STMICROELECTRONICS,,NYSE EURONEXT - EURONEXT PARIS,JPY
STMPA,STMPA,NL0000226223,,EUR
STN,STANTEC,,TORONTO STOCK EXCHANGE,JPY
STN,STN,CA85472N1096,,CAD
STNE,STONECO CLASS A,,NASDAQ,JPY
STNE,STNE,KYG851581069,,USD
STO,SANTOS,,ASX - ALL MARKETS,JPY
STO,STO,AU000000STO6,,AUD
STT,STATE STREET,,NEW YORK STOCK EXCHANGE INC.,JPY
STT,STT,US8574771031,,USD
STX,SEAGATE TECHNOLOGY HOLDINGS PLC,,NASDAQ,JPY
STX,STX,IE00BKVD2N49,,
STZ,CONSTELLATION BRANDS CLASS A,,NEW YORK STOCK EXCHANGE INC.,JPY
STZ,STZ,US21036P1084,,USD
SU,SCHNEIDER ELECTRIC,,NYSE EURONEXT - EURONEXT PARIS,JPY
SU,SU,CA8672241079,,CAD
SU,SU,FR0000121972,,EUR
SUDARSCHEM,SUDARSHAN CHEMICAL INDUSTRIES LTD,,NATIONAL STOCK EXCHANGE OF INDIA,JPY
SUEL,SUEL,INE040H01021,,INR
SUF,SUF,INE660A01013,,INR
SUGI,SUGIH ENERGY,,INDONESIA STOCK EXCHANGE,JPY
SUI,SUN COMMUNITIES REIT INC,,NEW YORK STOCK EXCHANGE INC.,JPY
SUI,SUI,US8666741041,,USD
SULAIMAN,SULAIMAN,SA1510P1UMH1,,SAR
SUMICHEM,SUMITOMO CHEMICAL INDIA LTD,,NATIONAL STOCK EXCHANGE OF INDIA,JPY
SUN,SUNCORP GROUP,,ASX - ALL MARKETS,JPY
SUN,SUN,AU000000SUN6,,AUD
SUN,SUN,SG1Q52922370,,SGD
SUNB,SUNBELT RENTALS HOLDINGS INC,,LONDON STOCK EXCHANGE,JPY
SUNB,SUNB,US8669661048,,GBP
SUNCON,SUNWAY CONSTRUCTION GROUP,,BURSA MALAYSIA,JPY
SUNDARMFIN,SUNDARAM FINANCE LTD,,NATIONAL STOCK EXCHANGE OF INDIA,JPY
SUNDRMFAST,SUNDRAM FASTENERS LTD,,NATIONAL STOCK EXCHANGE OF INDIA,JPY
SUNMED,SUNMED,MYL5555OO007,,
SUNP,SUNP,INE044A01036,,INR
SUNPHARMA,SUN PHARMACEUTICAL INDUSTRIES LTD,,NATIONAL STOCK EXCHANGE OF INDIA,JPY
SUNREIT,SUNWAY REITS UNITS TRUST,,BURSA MALAYSIA,JPY
SUNTV,SUN TV NETWORK LTD,,NATIONAL STOCK EXCHANGE OF INDIA,JPY
SUPR,SUPR,GB00BF345X11,,GBP
SUPREMEIND,SUPREME INDUSTRIES LTD,,NATIONAL STOCK EXCHANGE OF INDIA,JPY
SUZB3,SUZANO SA,,XBSP,JPY
SUZB3,SUZB3,BRSUZBACNOR0,,
SUZLON,SUZLON ENERGY,,NATIONAL STOCK EXCHANGE OF INDIA,JPY
SVC,SERVICE PROPERTIES TRUST,,NASDAQ,JPY
SVC,SVC,US81761L2016,,USD
SVM,SILVERCORP METALS INC,,TORONTO STOCK EXCHANGE,JPY
SVST,SVST,US8181503025,,USD
SVT,SEVERN TRENT PLC,,LONDON STOCK EXCHANGE,JPY
SVT,SVT,GB00B1FH8J72,,GBP
SW,SMURFIT WESTROCK PLC,,NEW YORK STOCK EXCHANGE INC.,JPY
SW,SW,FR0000121220,,EUR
SW,SW,IE00028FXN24,,USD
SWANCORP,SWAN CORP LTD,,NATIONAL STOCK EXCHANGE OF INDIA,JPY
SWB,SUNWAY BHD,,BURSA MALAYSIA,JPY
SWB,SWB,MYL5211OO007,,
SWED A,SWEDBANK,,NASDAQ OMX NORDIC,JPY
SWEDA,SWEDA,SE0000242455,,SEK
SWIGGY,SWIGGY LTD,,NATIONAL STOCK EXCHANGE OF INDIA,JPY
SWIGGY,SWIGGY,INE00H001014,,INR
SWK,STANLEY BLACK & DECKER INC,,NEW YORK STOCK EXCHANGE INC.,JPY
SWK,SWK,US8545021011,,
SWKS,SKYWORKS SOLUTIONS,,NASDAQ,JPY
SWKS,SWKS,US83088M1027,,
SXGC,SOUTHERN CROSS GOLD CONSOLIDATED L,,TORONTO STOCK EXCHANGE,JPY
SY1,SYMRISE AG,,XETRA,JPY
SY1,SY1,DE000SYM9999,,EUR
SYENS,SYENSQO NV,,NYSE EURONEXT - EURONEXT BRUSSELS,JPY
SYENS,SYENS,BE0974464977,,EUR
SYF,SYNCHRONY FINANCIAL,,NEW YORK STOCK EXCHANGE INC.,JPY
SYF,SYF,US87165B1035,,USD
SYK,STRYKER,,NEW YORK STOCK EXCHANGE INC.,JPY
SYK,SYK,US8636671013,,USD
SYM,SYMBOTIC INC CLASS A,,NASDAQ,JPY
SYNGENE,SYNGENE INTERNATIONAL LTD,,NATIONAL STOCK EXCHANGE OF INDIA,JPY
SYRMA,SYRMA SGS TECHNOLOGY,,NATIONAL STOCK EXCHANGE OF INDIA,JPY
SYY,SYSCO,,NEW YORK STOCK EXCHANGE INC.,JPY
SYY,SYY,US8718291078,,USD
T,AT&T INC,,NEW YORK STOCK EXCHANGE INC.,JPY
T,T,CA87971M1032,,CAD
T,T,MYL4863OO006,,
T,T,US00206R1023,,USD
TA,TRANSALTA CORP,,TORONTO STOCK EXCHANGE,JPY
TAALEEM,TAALEEM HOLDINGS,,DUBAI FINANCIAL MARKET,JPY
TABGD.E,TAB GIDA SANAYI VE TICARET AS,,ISTANBUL STOCK EXCHANGE,JPY
TADAWULG,TADAWULG,SA15DHKGHBH4,,SAR
TAEE11,TRANSMISSORA ALIANCA ENERGIA ELETR,,XBSP,JPY
TAEE11,TAEE11,BRTAEECDAM10,,
TAL,TAL EDUCATION GROUP ADR REPTG,,NEW YORK STOCK EXCHANGE INC.,JPY
TAL,TAL,US8740801043,,USD
TANCO,TANCO HOLDINGS,,BURSA MALAYSIA,JPY
TANLA,TANLA PLATFORMS LTD,,NATIONAL STOCK EXCHANGE OF INDIA,JPY
TAP,MOLSON COORS BREWING CLASS B,,NEW YORK STOCK EXCHANGE INC.,JPY
TAP,TAP,US60871R2094,,
TARIL,TRANSFORMERS AND RECTIFIERS INDIA,,NATIONAL STOCK EXCHANGE OF INDIA,JPY
TATA,TATA,INE081A01020,,INR
TATACHEM,TATA CHEMICALS LTD,,NATIONAL STOCK EXCHANGE OF INDIA,JPY
TATACOMM,TATA COMMUNICATIONS LTD,,NATIONAL STOCK EXCHANGE OF INDIA,JPY
TATACONS,TATACONS,INE192A01025,,INR
TATACONSUM,TATA CONSUMER PRODUCTS LTD,,NATIONAL STOCK EXCHANGE OF INDIA,JPY
TATAELXSI,TATA ELXSI LTD,,NATIONAL STOCK EXCHANGE OF INDIA,JPY
TATAINVEST,TATA INVESTMENT CORPORATION LTD,,NATIONAL STOCK EXCHANGE OF INDIA,JPY
TATAPOWER,TATA POWER LTD,,NATIONAL STOCK EXCHANGE OF INDIA,JPY
TATASTEEL,TATA STEEL LTD,,NATIONAL STOCK EXCHANGE OF INDIA,JPY
TATATECH,TATA TECHNOLOGIES LTD,,NATIONAL STOCK EXCHANGE OF INDIA,JPY
TAVHL.E,TAV HAVALIMANLARI HOLDING A,,ISTANBUL STOCK EXCHANGE,JPY
TAWUNIYA,TAWUNIYA,SA000A0DPSH3,,SAR
TBOTEK,TBO TEK,,NATIONAL STOCK EXCHANGE OF INDIA,JPY
TBS,TIGER BRANDS,,JOHANNESBURG STOCK EXCHANGE,JPY
TCAP.R,THANACHART CAPITAL NON-VOTING DR P,,STOCK EXCHANGE OF THAILAND,JPY
TCAP/F,TCAP/F,TH0083B10Z10,,
TCELL,TCELL,TRATCELL91M1,,TRY
TCELL.E,TURKCELL ILETISIM HIZMETLERI A,,ISTANBUL STOCK EXCHANGE,JPY
TCL,TRANSURBAN GROUP STAPLED UNITS,,ASX - ALL MARKETS,JPY
TCL,TCL,AU000000TCL6,,AUD
TCOM,TCOM,INE151A01013,,INR
TCPI,TRANSCOAL PACIFIC,,INDONESIA STOCK EXCHANGE,JPY
TCS,TATA CONSULTANCY SERVICES LTD,,NATIONAL STOCK EXCHANGE OF INDIA,JPY
TCS,TCS,INE467B01029,,INR
TCS,TCS,US87238U2033,,USD
TCSG,TCS GROUP HOLDING REPR CLASS A RE,,STANDARD-CLASSICA-FORTS,JPY
TD,TORONTO DOMINION,,TORONTO STOCK EXCHANGE,JPY
TD,TD,CA8911605092,,CAD
TDC,TERADATA,,NEW YORK STOCK EXCHANGE INC.,JPY
TDG,TRANSDIGM GROUP,,NEW YORK STOCK EXCHANGE INC.,JPY
TDG,TDG,US8936411003,,USD
TDPOWERSYS,TD POWER SYSTEMS LTD,,NATIONAL STOCK EXCHANGE OF INDIA,JPY
TDY,TELEDYNE TECHNOLOGIES INC,,NEW YORK STOCK EXCHANGE INC.,JPY
TDY,TDY,US8793601050,,USD
TEAM,TEAM,US0494681010,,USD
TECH,BIO TECHNE,,NASDAQ,JPY
TECH,TECH,US09073M1045,,
TECHM,TECH MAHINDRA,,NATIONAL STOCK EXCHANGE OF INDIA,JPY
TECHM,TECHM,INE669C01036,,INR
TECHNOE,TECHNO ELECTRIC AND ENGINEERING LT,,NATIONAL STOCK EXCHANGE OF INDIA,JPY
TECK.B,TECK RESOURCES SUBORDINATE VOTING,,TORONTO STOCK EXCHANGE,JPY
TECK/B,TECK/B,CA8787422044,,CAD
TEF,TELEFONICA SA,,BOLSA DE MADRID,JPY
TEF,TEF,ES0178430E18,,EUR
TEHOL.E,TERA YATIRIM TEKNOLOJI HOLDING A.S,,ISTANBUL STOCK EXCHANGE,JPY
TEJASNET,TEJAS NETWORKS LTD,,NATIONAL STOCK EXCHANGE OF INDIA,JPY
TEL,TE CONNECTIVITY PLC,,NEW YORK STOCK EXCHANGE INC.,JPY
TEL,TEL,IE000IVNQZ81,,USD
TEL,TEL,NO0010063308,,NOK
TEL,TEL,PHY7072Q1032,,PHP
TEL2 B,TELE2 B,,NASDAQ OMX NORDIC,JPY
TEL2B,TEL2B,SE0005190238,,SEK
TELIA,TELIA COMPANY,,NASDAQ OMX NORDIC,JPY
TELIA,TELIA,SE0000667925,,SEK
TEN,TENARIS SA,,BORSA ITALIANA,JPY
TEN,TEN,LU2598331598,,EUR
TENAGA,TENAGA NASIONAL,,BURSA MALAYSIA,JPY
TENNIND,TENNECO CLEAN AIR INDIA LTD,,NATIONAL STOCK EXCHANGE OF INDIA,JPY
TER,TERADYNE,,NASDAQ,JPY
TER,TER,US8807701029,,
TEVA,TEVA,US8816242098,,USD
TFC,TRUIST FINANCIAL,,NEW YORK STOCK EXCHANGE INC.,JPY
TFC,TFC,US89832Q1094,,USD
TFG,THE FOSCHINI GROUP,,JOHANNESBURG STOCK EXCHANGE,JPY
TFG/F,TFG/F,TH6717010016,,
TFII,TFI INTERNATIONAL,,TORONTO STOCK EXCHANGE,JPY
TFII,TFII,CA87241L1094,,CAD
TFPM,TRIPLE FLAG PRECIOUS METALS,,TORONTO STOCK EXCHANGE,JPY
TGA,THUNGELA RESOURCES,,JOHANNESBURG STOCK EXCHANGE,JPY
TGT,TARGET CORP,,NEW YORK STOCK EXCHANGE INC.,JPY
TGT,TGT,US87612E1064,,USD
THAI/F,THAI/F,TH0245010010,,
THANGAMAYL,THANGAMAYIL JEWELLERY LTD,,NATIONAL STOCK EXCHANGE OF INDIA,JPY
THB,THB CASH,,-,JPY
THERMAX,THERMAX,,NATIONAL STOCK EXCHANGE OF INDIA,JPY
THG,HANOVER INSURANCE GROUP,,NEW YORK STOCK EXCHANGE INC.,JPY
THO,THOR INDUSTRIES,,NEW YORK STOCK EXCHANGE INC.,JPY
THRL,THRL,GB00BJGTLF51,,GBP
THYAO,THYAO,TRATHYAO91M5,,TRY
THYAO.E,TURK HAVA YOLLARI AO A,,ISTANBUL STOCK EXCHANGE,JPY
TI,TILAKNAGAR INDUSTRIES LTD,,NATIONAL STOCK EXCHANGE OF INDIA,JPY
TICKER,Name,,EXCHANGE,CURRENCY
TIDLOR.R,TIDLOR HOLDINGS NON-VOTING DR PCL,,STOCK EXCHANGE OF THAILAND,JPY
TIDLOR/F,TIDLOR/F,THC997010010,,
TIETO,TIETO,,NASDAQ OMX HELSINKI LTD.,JPY
TIGO,MILLICOM INTERNATIONAL CELLULAR,,NASDAQ,JPY
TIGO,TIGO,LU0038705702,,USD
TIGR,UP FINTECH HOLDING ADR CLASS A,,NASDAQ,JPY
TIH,TOROMONT INDUSTRIES LTD,,TORONTO STOCK EXCHANGE,JPY
TIH,TIH,CA8911021050,,CAD
TIINDIA,TUBE INVESTMENTS OF INDIA LTD,,NATIONAL STOCK EXCHANGE OF INDIA,JPY
TIINDIA,TIINDIA,INE974X01010,,INR
TIMECOM,TIME DOTCOM,,BURSA MALAYSIA,JPY
TIMETECHNO,TIME TECHNOPLAST LTD,,NATIONAL STOCK EXCHANGE OF INDIA,JPY
TIMKEN,TIMKEN INDIA LTD,,NATIONAL STOCK EXCHANGE OF INDIA,JPY
TIMS3,TIM,,XBSP,JPY
TIMS3,TIMS3,BRTIMSACNOR5,,
TIPSMUSIC,TIPS MUSIC LTD,,NATIONAL STOCK EXCHANGE OF INDIA,JPY
TISCO-R,TISCO-R,TH0999010R11,,
TISCO.R,TISCO FINANCIAL GROUP NON-VOTING D,,STOCK EXCHANGE OF THAILAND,JPY
TIT,TELECOM ITALIA,,BORSA ITALIANA,JPY
TIT,TIT,IT0005712671,,EUR
TITAGARH,TITAGARH RAIL SYSTEMS LTD,,NATIONAL STOCK EXCHANGE OF INDIA,JPY
TITAN,TITAN COMPANY LTD,,NATIONAL STOCK EXCHANGE OF INDIA,JPY
TITC,TITAN SA,,ATHENS EXCHANGE S.A. CASH MARKET,JPY
TJX,TJX,,NEW YORK STOCK EXCHANGE INC.,JPY
TJX,TJX,US8725401090,,USD
TKG,TELKOM SOC LTD SA,,JOHANNESBURG STOCK EXCHANGE,JPY
TKO,TKO GROUP HOLDINGS INC CLASS A,,NEW YORK STOCK EXCHANGE INC.,JPY
TKO,TKO,US87256C1018,,
TKR,TIMKEN,,NEW YORK STOCK EXCHANGE INC.,JPY
TLC,THE LOTTERY CORPORATION LTD,,ASX - ALL MARKETS,JPY
TLC,TLC,AU0000219529,,AUD
TLEVISACPO,GRUPO TELEVISA,,BOLSA MEXICANA DE VALORES,JPY
TLI/F,TLI/F,THA848010015,,
TLKM,TELEKOMUNIKASI INDONESIA,,INDONESIA STOCK EXCHANGE,JPY
TLKM,TLKM,ID1000129000,,IDR
TLS,TELSTRA GROUP,,ASX - ALL MARKETS,JPY
TLS,TLS,AU000000TLS2,,AUD
TLX,TALANX AG,,XETRA,JPY
TLX,TLX,DE000TLX1005,,EUR
TM,TELEKOM MALAYSIA,,BURSA MALAYSIA,JPY
TMB,TAMILNAD MERCANTILE BANK LTD,,NATIONAL STOCK EXCHANGE OF INDIA,JPY
TMCV,TATA MOTORS LTD,,NATIONAL STOCK EXCHANGE OF INDIA,JPY
TMCV,TMCV,INE1TAE01010,,INR
TME,TENCENT MUSIC ENTERTAINMENT GROUP,,NEW YORK STOCK EXCHANGE INC.,JPY
TME,TME,US88034P1093,,USD
TMGH,TALAAT MOUSTAFA GROUP,,EGYPTIAN EXCHANGE,JPY
TMGH,TMGH,EGS691S1C011,,EGP
TMIU6,MINI TPX IDX SEP 26,,OSAKA SECURITIES EXCHANGE,JPY
TMO,THERMO FISHER SCIENTIFIC INC,,NEW YORK STOCK EXCHANGE INC.,JPY
TMO,TMO,US8835561023,,USD
TMPV,TATA MOTORS PASSENGER VEHICLES LTD,,NATIONAL STOCK EXCHANGE OF INDIA,JPY
TMPV,TMPV,INE155A01022,,INR
TMUS,T MOBILE US INC,,NASDAQ,JPY
TMUS,TMUS,US8725901040,,
TNB,TNB,MYL5347OO009,,
TNE,TECHNOLOGY ONE,,ASX - ALL MARKETS,JPY
TOASO.E,TOFAS TURK OTOMOBIL FABRIKASI A,,ISTANBUL STOCK EXCHANGE,JPY
TOL,TOLL BROTHERS INC,,NEW YORK STOCK EXCHANGE INC.,JPY
TOP.R,THAI OIL NON-VOTING DR,,STOCK EXCHANGE OF THAILAND,JPY
TOP/F,TOP/F,TH0796010013,,
TOPGLOV,TOP GLOVE CORPORATION,,BURSA MALAYSIA,JPY
TOPT,ISHARES TOP 20 U.S. STOCKS E CL1,,NEW YORK STOCK EXCHANGE INC.,JPY
TORNTPHARM,TORRENT PHARMACEUTICALS LTD,,NATIONAL STOCK EXCHANGE OF INDIA,JPY
TORNTPOWER,TORRENT POWER LTD,,NATIONAL STOCK EXCHANGE OF INDIA,JPY
TOST,TOST,US8887871080,,USD
TOTS3,TOTVS,,XBSP,JPY
TOTS3,TOTS3,BRTOTSACNOR8,,
TOU,TOURMALINE OIL CORP,,TORONTO STOCK EXCHANGE,JPY
TOU,TOU,CA89156V1067,,CAD
TOWR,SARANA MENARA NUSANTARA,,INDONESIA STOCK EXCHANGE,JPY
TPE,TAURON POLSKA ENERGIA,,WARSAW STOCK EXCHANGE/EQUITIES/MAIN MARKET,JPY
TPEIR,PIRAEUS BANK SA,,ATHENS EXCHANGE S.A. CASH MARKET,JPY
TPEIR,TPEIR,GRS831003009,,EUR
TPL,TEXAS PACIFIC LAND,,NEW YORK STOCK EXCHANGE INC.,JPY
TPL,TPL,US88262P1021,,USD
TPR,TAPESTRY,,NEW YORK STOCK EXCHANGE INC.,JPY
TPR,TPR,US8760301072,,USD
TPU6,TOPIX INDEX SEP 26,,OSAKA SECURITIES EXCHANGE,JPY
TPW,TPW,INE813H01021,,INR
TPWR,TPWR,INE245A01021,,INR
TPZ,TOPAZ ENERGY,,TORONTO STOCK EXCHANGE,JPY
TRALT.E,KOZA ALTIN ISLETMELERI A,,ISTANBUL STOCK EXCHANGE,JPY
TRAM,TRADA ALAM MINERA,,INDONESIA STOCK EXCHANGE,JPY
TRANSRAILL,TRANSRAIL LIGHTING LTD,,NATIONAL STOCK EXCHANGE OF INDIA,JPY
TREL B,TRELLEBORG B,,NASDAQ OMX NORDIC,JPY
TRELB,TRELB,SE0000114837,,SEK
TRENT,TRENT LTD,,NATIONAL STOCK EXCHANGE OF INDIA,JPY
TRENT,TRENT,INE849A01020,,INR
TREU6,TSE REIT INDEX FUTURE SEP 26,,OSAKA SECURITIES EXCHANGE,JPY
TRGP,TARGA RESOURCES,,NEW YORK STOCK EXCHANGE INC.,JPY
TRGP,TRGP,US87612G1013,,USD
TRI,THOMSON REUTERS CORP,,TORONTO STOCK EXCHANGE,JPY
TRI,TRI,CA8849038812,,
TRIDENT,TRIDENT LTD,,NATIONAL STOCK EXCHANGE OF INDIA,JPY
TRITURBINE,TRIVENI TURBINE LTD,,NATIONAL STOCK EXCHANGE OF INDIA,JPY
TRMB,TRIMBLE INC,,NASDAQ,JPY
TRMB,TRMB,US8962391004,,USD
TRMET.E,TR ANADOLU METAL MADENCILIK ISLETM,,ISTANBUL STOCK EXCHANGE,JPY
TRN,TERNA RETE ELETTRICA NAZIONALE,,BORSA ITALIANA,JPY
TRN,TRN,IT0003242622,,EUR
TRNO,TERRENO REALTY REIT,,NEW YORK STOCK EXCHANGE INC.,JPY
TRNO,TRNO,US88146M1018,,USD
TROW,T ROWE PRICE GROUP,,NASDAQ,JPY
TROW,TROW,US74144T1088,,USD
TRP,TC ENERGY,,TORONTO STOCK EXCHANGE,JPY
TRP,TRP,CA87807B1076,,CAD
TRP,TRP,INE685A01028,,INR
TRU,TRUWORTHS INTERNATIONAL,,JOHANNESBURG STOCK EXCHANGE,JPY
TRU,TRU,US89400J1079,,USD
TRUE-R,TRUE-R,THB231010R11,,THB
TRUE.R,TRUE CORPORATION NON-VOTING DR,,STOCK EXCHANGE OF THAILAND,JPY
TRUE/F,TRUE/F,THB231010018,,
TRV,TRAVELERS COMPANIES,,NEW YORK STOCK EXCHANGE INC.,JPY
TRV,TRV,US89417E1091,,
TRY,TRY CASH,,-,JPY
TRYG,TRYG,,OMX NORDIC EXCHANGE COPENHAGEN A/S,JPY
TRYG,TRYG,DK0060636678,,DKK
TSCO,TRACTOR SUPPLY,,NASDAQ,JPY
TSCO,TSCO,GB00BLGZ9862,,GBP
TSCO,TSCO,US8923561067,,USD
TSEM,TOWER SEMICONDUCTOR,,NASDAQ,JPY
TSEM,TSEM,IL0010823792,,ILS
TSKB.E,TURKIYE SINAI KALKINMA BANKASI A,,ISTANBUL STOCK EXCHANGE,JPY
TSLA,TESLA INC,,NASDAQ,JPY
TSLA,TSLA,US88160R1014,,
TSM,TAIWAN SEMICONDUCTOR-SP ADR,,,
TSN,TYSON FOODS INC CLASS A,,NEW YORK STOCK EXCHANGE INC.,JPY
TSN,TSN,US9024941034,,USD
TSU,TRISURA GROUP,,TORONTO STOCK EXCHANGE,JPY
TT,TRANE TECHNOLOGIES PLC,,NEW YORK STOCK EXCHANGE INC.,JPY
TT,TT,IE00BK9ZQ967,,USD
TTAN,SERVICETITAN CLASS A,,NASDAQ,JPY
TTAN,TTAN,INE280A01028,,INR
TTB-R,TTB-R,TH0068010R15,,THB
TTB.R,TMBTHANACHART BANK NON-VOTING DR P,,STOCK EXCHANGE OF THAILAND,JPY
TTB/F,TTB/F,TH0068010Z15,,
TTC,TORO,,NEW YORK STOCK EXCHANGE INC.,JPY
TTD,TRADE DESK INC CLASS A,,NASDAQ,JPY
TTD,TTD,US88339J1051,,
TTE,TOTALENERGIES,,NYSE EURONEXT - EURONEXT PARIS,JPY
TTE,TTE,FR0000120271,,EUR
TTEK,TETRA TECH,,NASDAQ,JPY
TTKPRESTIG,TTK PRESTIGE LTD,,NATIONAL STOCK EXCHANGE OF INDIA,JPY
TTML,TATA TELESERVICES MAHARASHTRA LTD,,NATIONAL STOCK EXCHANGE OF INDIA,JPY
TTW.R,TTW PUBLIC COMPANY LIMITED NON-VOT,,STOCK EXCHANGE OF THAILAND,JPY
TTWO,TAKE TWO INTERACTIVE SOFTWARE,,NASDAQ,JPY
TTWO,TTWO,US8740541094,,
TU.R,THAI UNION GROUP NON-VOTING DR,,STOCK EXCHANGE OF THAILAND,JPY
TU/F,TU/F,TH0450010Y16,,
TUB,FINANCIERE DE TUBIZE SA,,NYSE EURONEXT - EURONEXT BRUSSELS,JPY
TUB,TUB,BE0003823409,,EUR
TUPRS,TUPRS,TRATUPRS91E8,,TRY
TUPRS.E,TURKIYE PETROL RAFINERILERI A,,ISTANBUL STOCK EXCHANGE,JPY
TURSG.E,TURKIYE SIGORTA ANONIM SIRKETI,,ISTANBUL STOCK EXCHANGE,JPY
TUYA,TUYA ADR REPRESENTING CLASS A,,NEW YORK STOCK EXCHANGE INC.,JPY
TVE,TAMARACK VALLEY ENERGY,,TORONTO STOCK EXCHANGE,JPY
TVK,TERRAVEST INDUSTRIES INC,,TORONTO STOCK EXCHANGE,JPY
TVO.R,THAI VEGETABLE OIL NON-VOTING DR P,,STOCK EXCHANGE OF THAILAND,JPY
TVSHLTD,TVS HOLDINGS,,NATIONAL STOCK EXCHANGE OF INDIA,JPY
TVSL,TVSL,INE494B01023,,INR
TVSMOTOR,TVS MOTOR COMPANY,,NATIONAL STOCK EXCHANGE OF INDIA,JPY
TW,TW,US8926721064,,USD
TWD,TWD CASH,,-,JPY
TWEKA,TKH GROUP,,EURONEXT AMSTERDAM,JPY
TWLO,TWLO,US90138F1021,,USD
TXG,TOREX GOLD RESOURCES,,TORONTO STOCK EXCHANGE,JPY
TXN,TEXAS INSTRUMENT INC,,NASDAQ,JPY
TXN,TXN,US8825081040,,
TXNM,TXNM ENERGY INC,,NEW YORK STOCK EXCHANGE INC.,JPY
TXRH,TEXAS ROADHOUSE INC,,NASDAQ,JPY
TXT,TEXTRON INC,,NEW YORK STOCK EXCHANGE INC.,JPY
TXT,TXT,US8832031012,,USD
TYL,TYLER TECHNOLOGIES,,NEW YORK STOCK EXCHANGE INC.,JPY
TYL,TYL,US9022521051,,USD
U11,UNITED OVERSEAS BANK LTD,,SINGAPORE EXCHANGE,JPY
U96,SEMBCORP INDUSTRIES LTD,,SINGAPORE EXCHANGE,JPY
UAL,UNITED AIRLINES HOLDINGS,,NASDAQ,JPY
UAL,UAL,US9100471096,,USD
UBER,UBER TECHNOLOGIES,,NEW YORK STOCK EXCHANGE INC.,JPY
UBER,UBER,US90353T1007,,USD
UBFUT,CASH COLLATERAL USD UBFUT,,-,JPY
UBSG,UBS GROUP AG,,SIX SWISS EXCHANGE,JPY
UBSG,UBSG,CH0244767585,,CHF
UCB,UCB SA,,NYSE EURONEXT - EURONEXT BRUSSELS,JPY
UCB,UCB,BE0003739530,,EUR
UCG,UNICREDIT,,BORSA ITALIANA,JPY
UCG,UCG,IT0005239360,,EUR
UDCD,UNITED DEVELOPMENT,,QATAR EXCHANGE,JPY
UDR,UDR REIT,,NEW YORK STOCK EXCHANGE INC.,JPY
UDR,UDR,US9026531049,,USD
UE,URBAN EDGE PROPERTIES,,NEW YORK STOCK EXCHANGE INC.,JPY
UE,UE,US91704F1049,,USD
UFPI,UFP INDUSTRIES,,NASDAQ,JPY
UGPA3,ULTRAPAR PARTICIPOES SA,,XBSP,JPY
UGPA3,UGPA3,BRUGPAACNOR8,,
UHR,THE SWATCH GROUP AG,,SIX SWISS EXCHANGE,JPY
UHR,UHR,CH0012255151,,CHF
UHS,UNIVERSAL HEALTH SERVICES INC CLAS,,NEW YORK STOCK EXCHANGE INC.,JPY
UHS,UHS,US9139031002,,
UHT,UNIVERSAL HEALTH REALTY INCOME TRU,,NEW YORK STOCK EXCHANGE INC.,JPY
UHT,UHT,US91359E1055,,USD
UJJIVANSFB,UJJIVAN SMALL FINANCE BANK LTD,,NATIONAL STOCK EXCHANGE OF INDIA,JPY
ULKER.E,ULKER BISKUVI SANAYI A,,ISTANBUL STOCK EXCHANGE,JPY
ULTA,ULTA BEAUTY INC,,NASDAQ,JPY
ULTA,ULTA,US90384S3031,,USD
ULTRACEMCO,ULTRATECH CEMENT LTD,,NATIONAL STOCK EXCHANGE OF INDIA,JPY
ULU6,STOXX 600 TECH SEP 26,,EUREX DEUTSCHLAND,JPY
ULVR,UNILEVER PLC,,LONDON STOCK EXCHANGE,JPY
ULVR,ULVR,GB00BVZK7T90,,GBP
UMBF,UMB FINANCIAL CORP,,NASDAQ,JPY
UMG,UNIVERSAL MUSIC GROUP,,EURONEXT AMSTERDAM,JPY
UMG,UMG,NL0015000IY2,,EUR
UMH,UMH PROPERTIES INC,,NEW YORK STOCK EXCHANGE INC.,JPY
UMH,UMH,US9030021037,,USD
UNBK,UNBK,INE692A01016,,INR
UNH,UNITEDHEALTH GROUP INC,,NEW YORK STOCK EXCHANGE INC.,JPY
UNH,UNH,US91324P1021,,
UNI,UNIPOL ASSICURAZIONI SPA,,BORSA ITALIANA,JPY
UNI,UNI,IT0004810054,,EUR
UNIONBANK,UNION BANK OF INDIA LTD,,NATIONAL STOCK EXCHANGE OF INDIA,JPY
UNIP6,UNIPAR PARTICIPACOES PREF CLASS B,,XBSP,JPY
UNISEM,UNISEM M,,BURSA MALAYSIA,JPY
UNITDSPR,UNITED SPIRITS,,NATIONAL STOCK EXCHANGE OF INDIA,JPY
UNITDSPR,UNITDSPR,INE854D01024,,INR
UNM,UNUM,,NEW YORK STOCK EXCHANGE INC.,JPY
UNOMINDA,UNO MINDA LTD,,NATIONAL STOCK EXCHANGE OF INDIA,JPY
UNP,UNION PACIFIC,,NEW YORK STOCK EXCHANGE INC.,JPY
UNP,UNP,US9078181081,,USD
UNTR,UNITED TRACTORS,,INDONESIA STOCK EXCHANGE,JPY
UNTR,UNTR,ID1000058407,,IDR
UOB,UOB,SG1M31001969,,SGD
UPL,UPL,,NATIONAL STOCK EXCHANGE OF INDIA,JPY
UPLL,UPLL,INE628A01036,,INR
UPM,UPM-KYMMENE,,NASDAQ OMX HELSINKI LTD.,JPY
UPM,UPM,FI0009005987,,EUR
UPS,UNITED PARCEL SERVICE INC CLASS B,,NEW YORK STOCK EXCHANGE INC.,JPY
UPS,UPS,US9113121068,,USD
URC,UNIVERSAL ROBINA CORP,,PHILIPPINE STOCK EXCHANGE INC.,JPY
URI,UNITED RENTALS,,NEW YORK STOCK EXCHANGE INC.,JPY
URI,URI,US9113631090,,USD
URW,UNIBAIL RODAMCO WE STAPLED UNITS,,NYSE EURONEXT - EURONEXT PARIS,JPY
URW,URW,FR0013326246,,EUR
USA,AMERICAS GOLD AND SILVER,,TORONTO STOCK EXCHANGE,JPY
USB,US BANCORP,,NEW YORK STOCK EXCHANGE INC.,JPY
USB,USB,US9029733048,,USD
USD,USD CASH,,-,JPY
USHAMART,USHA MARTIN LTD,,NATIONAL STOCK EXCHANGE OF INDIA,JPY
USIM5,USINAS SIDERURGICAS DE MINAS GERAI,,XBSP,JPY
USIM5,USIM5,BRUSIMACNPA6,,
USRT,ISHARES CORE U.S. REIT ETF,,NYSE ARCA,JPY
UTCEM,UTCEM,INE481G01011,,INR
UTDPLT,UNITED PLANTATIONS,,BURSA MALAYSIA,JPY
UTG,UTG,GB0006928617,,GBP
UTHR,UTHR,US91307C1027,,USD
UTIAMC,UTI ASSET MANAGEM LTD,,NATIONAL STOCK EXCHANGE OF INDIA,JPY
UU.,UNITED UTILITIES GROUP PLC,,LONDON STOCK EXCHANGE,JPY
UU/,UU/,GB00B39J2M42,,GBP
UWC,UWC,,BURSA MALAYSIA,JPY
V,VISA CLASS A,,NEW YORK STOCK EXCHANGE INC.,JPY
V,V,US92826C8394,,
V2RETAIL,V2 RETAIL LTD,,NATIONAL STOCK EXCHANGE OF INDIA,JPY
VACN,VAT GROUP AG,,SIX SWISS EXCHANGE,JPY
VACN,VACN,CH0311864901,,CHF
VAL,VALTERRA PLATINUM LTD,,JOHANNESBURG STOCK EXCHANGE,JPY
VAL,VAL,ZAE000013181,,ZAR
VALE3,CIA VALE DO RIO DOCE SH,,XBSP,JPY
VALE3,VALE3,BRVALEACNOR0,,
VALMT,VALMET CORP,,NASDAQ OMX HELSINKI LTD.,JPY
VAML,VEDANTA ALUMINIUM METAL LTD,,NATIONAL STOCK EXCHANGE OF INDIA,JPY
VAML,VAML,INE1CDF01017,,INR
VAMO3,VAMOS LOCACAO DE CAMINHOES MAQUINA,,XBSP,JPY
VAMO3,VAMO3,BRVAMOACNOR7,,
VAPORES,COMPANIA SUDAMERICANA DE VAPORES S,,SANTIAGO STOCK EXCHANGE,JPY
VAR,VAR ENERGI,,OSLO BORS ASA,JPY
VAR,VAR,NO0011202772,,NOK
VASTB,VASTB,BE0003754687,,EUR
VBBR3,VIBRA ENERGIA SA,,XBSP,JPY
VBBR3,VBBR3,BRVBBRACNOR1,,
VBL,VARUN BEVERAGES,,NATIONAL STOCK EXCHANGE OF INDIA,JPY
VBL,VBL,INE200M01039,,INR
VCTR,VICTORY CAPITAL HOLDINGS CLASS A,,NASDAQ,JPY
VCX,VICINITY CENTRES,,ASX - ALL MARKETS,JPY
VCX,VCX,AU000000VCX7,,AUD
VEDL,VEDANTA LTD,,NATIONAL STOCK EXCHANGE OF INDIA,JPY
VEDL,VEDL,INE205A01025,,INR
VEDPOWER,VEDANTA POWER,,NATIONAL STOCK EXCHANGE OF INDIA,JPY
VEEV,VEEVA SYSTEMS CLASS A,,NEW YORK STOCK EXCHANGE INC.,JPY
VEEV,VEEV,US9224751084,,USD
VER,VERBUND AG,,WIENER BOERSE AG,JPY
VER,VER,AT0000746409,,EUR
VESTA*,CORPORACION INMOBILIARIA VESTA,,BOLSA MEXICANA DE VALORES,JPY
VESUVIUS,VESUVIUS INDIA LTD,,NATIONAL STOCK EXCHANGE OF INDIA,JPY
VET,VERMILION ENERGY,,TORONTO STOCK EXCHANGE,JPY
VFQS,VODAFONE QATAR,,QATAR EXCHANGE,JPY
VGI.R,VGI NON-VOTING DR PCL,,STOCK EXCHANGE OF THAILAND,JPY
VGUARD,V GUARD INDUSTRIES LTD,,NATIONAL STOCK EXCHANGE OF INDIA,JPY
VHP,VHP,NZCHPE0001S4,,NZD
VICI,VICI PPTYS INC,,NEW YORK STOCK EXCHANGE INC.,JPY
VICI,VICI,US9256521090,,USD
VIE,VEOLIA ENVIRON. SA,,NYSE EURONEXT - EURONEXT PARIS,JPY
VIE,VIE,FR0000124141,,EUR
VIJAYA,VIJAYA DIAGNOSTIC CENTRE,,NATIONAL STOCK EXCHANGE OF INDIA,JPY
VINATIORGA,VINATI ORGANICS,,NATIONAL STOCK EXCHANGE OF INDIA,JPY
VIO,VIOHALCO SA,,ATHENS EXCHANGE S.A. CASH MARKET,JPY
VIPS,VIPSHOP HOLDINGS SPONSORED ADS REP,,NEW YORK STOCK EXCHANGE INC.,JPY
VIPS,VIPS,US92763W1036,,USD
VISL,VEDANTA IRON AND STEEL,,NATIONAL STOCK EXCHANGE OF INDIA,JPY
VITL-U,VITL-U,CA92848P1071,,CAD
VITROX,VITROX CORPORATION,,BURSA MALAYSIA,JPY
VIVA3,VIVARA PARTICIPACOES SA,,XBSP,JPY
VIVA3,VIVA3,BRVIVAACNOR0,,
VIVT3,TELEFONICA BRASIL SA,,XBSP,JPY
VIVT3,VIVT3,BRVIVTACNOR0,,
VKCO,VK COMPANY LTD,,STANDARD-CLASSICA-FORTS,JPY
VKCO,VKCO,US5603172082,,USD
VKE,VUKILE PROPERTY REIT,,JOHANNESBURG STOCK EXCHANGE,JPY
VLO,VALERO ENERGY CORP,,NEW YORK STOCK EXCHANGE INC.,JPY
VLO,VLO,US91913Y1001,,USD
VLTO,VERALTO CORP,,NEW YORK STOCK EXCHANGE INC.,JPY
VLTO,VLTO,US92338C1036,,USD
VMART,V MART RETAIL,,NATIONAL STOCK EXCHANGE OF INDIA,JPY
VMC,VULCAN MATERIALS,,NEW YORK STOCK EXCHANGE INC.,JPY
VMC,VMC,US9291601097,,USD
VMI,VALMONT INDS,,NEW YORK STOCK EXCHANGE INC.,JPY
VMM,VISHAL MEGA MART,,NATIONAL STOCK EXCHANGE OF INDIA,JPY
VMM,VMM,INE01EA01019,,INR
VMRK,VIVMARK RESIDENTIAL,,NEW YORK STOCK EXCHANGE INC.,JPY
VNA,VONOVIA SE,,XETRA,JPY
VNA,VNA,DE000A1ML7J1,,EUR
VNET,VNET GROUP ADR,,NASDAQ,JPY
VNO,VORNADO REALTY TRUST REIT,,NEW YORK STOCK EXCHANGE INC.,JPY
VNO,VNO,US9290421091,,USD
VNOM,VIPER ENERGY INC CLASS A,,NASDAQ,JPY
VNP,5N PLUS,,TORONTO STOCK EXCHANGE,JPY
VOD,VODAFONE GROUP PLC,,LONDON STOCK EXCHANGE,JPY
VOD,VOD,GB00BH4HKS39,,GBP
VOD,VOD,ZAE000132577,,ZAR
VOGL,VEDANTA OIL AND GAS LTD,,NATIONAL STOCK EXCHANGE OF INDIA,JPY
VOLARA,CONTROLADORA VUELA COMPANIA DE AVI,,BOLSA MEXICANA DE VALORES,JPY
VOLT,VOLT,INE226A01021,,INR
VOLTAMP,VOLTAMP TRANSFORMERS LTD,,NATIONAL STOCK EXCHANGE OF INDIA,JPY
VOLTAS,VOLTAS LTD,,NATIONAL STOCK EXCHANGE OF INDIA,JPY
VOLV B,VOLVO CLASS B,,NASDAQ OMX NORDIC,JPY
VOLVB,VOLVB,SE0000115446,,SEK
VOO,VOO,US9229083632,,
VOW3,VOLKSWAGEN NON-VOTING PREF AG,,XETRA,JPY
VOW3,VOW3,DE0007664039,,EUR
VOYA,VOYA FINANCIAL,,NEW YORK STOCK EXCHANGE INC.,JPY
VRSK,VERISK ANALYTICS,,NASDAQ,JPY
VRSK,VRSK,US92345Y1064,,USD
VRSN,VERISIGN,,NASDAQ,JPY
VRSN,VRSN,US92343E1029,,USD
VRT,VERTIV HOLDINGS CLASS A,,NEW YORK STOCK EXCHANGE INC.,JPY
VRT,VRT,US92537N1081,,USD
VRTX,VERTEX PHARMACEUTICALS,,NASDAQ,JPY
VRTX,VRTX,US92532F1003,,
VST,VISTRA,,NEW YORK STOCK EXCHANGE INC.,JPY
VST,VST,US92840M1027,,USD
VSURE,VERISURE PLC,,NASDAQ OMX NORDIC,JPY
VSURE,VSURE,GB00BVMN1558,,EUR
VTBR,BANK VTB,,STANDARD-CLASSICA-FORTS,JPY
VTBR,VTBR,RU000A0JP5V6,,USD
VTL,VARDHMAN TEXTILES LTD,,NATIONAL STOCK EXCHANGE OF INDIA,JPY
VTR,VENTAS REIT,,NEW YORK STOCK EXCHANGE INC.,JPY
VTR,VTR,US92276F1003,,USD
VTRS,VIATRIS,,NASDAQ,JPY
VTRS,VTRS,US92556V1061,,
VWS,VESTAS WIND SYSTEMS,,OMX NORDIC EXCHANGE COPENHAGEN A/S,JPY
VWS,VWS,DK0061539921,,DKK
VZ,VERIZON COMMUNICATIONS INC,,NEW YORK STOCK EXCHANGE INC.,JPY
VZ,VZ,US92343V1044,,USD
VZLA,VIZSLA SILVER,,TORONTO STOCK EXCHANGE,JPY
WAAREEEN,WAAREEEN,INE377N01017,,INR
WAAREEENER,WAAREE ENERGIES LTD,,NATIONAL STOCK EXCHANGE OF INDIA,JPY
WAAREERTL,WAAREE RENEWABLE TECHNOLOGIES LTD,,NATIONAL STOCK EXCHANGE OF INDIA,JPY
WAB,WESTINGHOUSE AIR BRAKE TECHNOLOGIE,,NEW YORK STOCK EXCHANGE INC.,JPY
WAB,WAB,US9297401088,,USD
WABAG,VA TECH WABAG,,NATIONAL STOCK EXCHANGE OF INDIA,JPY
WAL,WESTERN ALLIANCE,,NEW YORK STOCK EXCHANGE INC.,JPY
WALMEX*,WALMART DE MEXICO V,,BOLSA MEXICANA DE VALORES,JPY
WALMEX*,WALMEX*,MX01WA000038,,MXN
WARBABAN,WARBABAN,KW0EQB010944,,KWD
WARBABANK,WARBABANK,,KUWAIT STOCK EXCHANGE,JPY
WAT,WATERS CORP,,NEW YORK STOCK EXCHANGE INC.,JPY
WAT,WAT,US9418481035,,USD
WBC,WESTPAC BANKING CORPORATION,,ASX - ALL MARKETS,JPY
WBC,WBC,AU000000WBC1,,AUD
WBD,WARNER BROS. DISCOVERY SERIES A,,NASDAQ,JPY
WBD,WBD,US9344231041,,
WBO,WBH OVCON LTD,,JOHANNESBURG STOCK EXCHANGE,JPY
WCN,WASTE CONNECTIONS,,TORONTO STOCK EXCHANGE,JPY
WCN,WCN,CA94106B1013,,USD
WCP,WHITECAP RESOURCES INC,,TORONTO STOCK EXCHANGE,JPY
WCP,WCP,CA96467A2002,,CAD
WDAY,WORKDAY CLASS A,,NASDAQ,JPY
WDAY,WDAY,US98138H1014,,
WDC,WESTERN DIGITAL CORP,,NASDAQ,JPY
WDC,WDC,US9581021055,,
WDO,WESDOME GOLD MINES LTD,,TORONTO STOCK EXCHANGE,JPY
WDP,WDP,BE0974349814,,EUR
WDS,WOODSIDE ENERGY GROUP LTD,,ASX - ALL MARKETS,JPY
WDS,WDS,AU0000224040,,AUD
WEC,WEC ENERGY GROUP,,NEW YORK STOCK EXCHANGE INC.,JPY
WEC,WEC,US92939U1060,,USD
WEGE3,WEG,,XBSP,JPY
WEGE3,WEGE3,BRWEGEACNOR0,,
WELCORP,WELSPUN CORP LTD,,NATIONAL STOCK EXCHANGE OF INDIA,JPY
WELL,WELLTOWER,,NEW YORK STOCK EXCHANGE INC.,JPY
WELL,WELL,US95040Q1040,,USD
WELSPUNLIV,WELSPUN LIVING LTD,,NATIONAL STOCK EXCHANGE OF INDIA,JPY
WES,WESFARMERS,,ASX - ALL MARKETS,JPY
WES,WES,AU000000WES1,,AUD
WESTLIFE,WESTLIFE FOODWORLD LTD,,NATIONAL STOCK EXCHANGE OF INDIA,JPY
WFC,WELLS FARGO,,NEW YORK STOCK EXCHANGE INC.,JPY
WFC,WFC,US9497461015,,USD
WFG,WEST FRASER TIMBER,,TORONTO STOCK EXCHANGE,JPY
WH,WYNDHAM HOTELS RESORTS,,NEW YORK STOCK EXCHANGE INC.,JPY
WHA,WHA,NL0000289213,,EUR
WHA.R,WHA CORPORATION NON-VOTING DR PCL,,STOCK EXCHANGE OF THAILAND,JPY
WHA/F,WHA/F,TH3871010Z19,,
WHIRL,WHIRLPOOL OF INDIA LTD,,NATIONAL STOCK EXCHANGE OF INDIA,JPY
WHL,WOOLWORTHS HOLDING LTD,,JOHANNESBURG STOCK EXCHANGE,JPY
WIL,WIL,SG1T56930848,,SGD
WING,WINGSTOP,,NASDAQ,JPY
WIPRO,WIPRO,,NATIONAL STOCK EXCHANGE OF INDIA,JPY
WISE,WISE PLC CLASS A,,LONDON STOCK EXCHANGE,JPY
WISE,WISE,JE00BQKY0816,,GBP
WKL,WOLTERS KLUWER,,EURONEXT AMSTERDAM,JPY
WKL,WKL,NL0000395903,,EUR
WKP,WKP,GB00B67G5X01,,GBP
WM,WASTE MANAGEMENT INC,,NEW YORK STOCK EXCHANGE INC.,JPY
WM,WM,US94106L1098,,USD
WMB,WILLIAMS,,NEW YORK STOCK EXCHANGE INC.,JPY
WMB,WMB,US9694571004,,USD
WMG,WARNER MUSIC GROUP CLASS A,,NASDAQ,JPY
WMS,ADVANCED DRAINAGE SYSTEMS INC,,NEW YORK STOCK EXCHANGE INC.,JPY
WMT,WALMART INC,,NASDAQ,JPY
WMT,WMT,US9311421039,,
WN,GEORGE WESTON,,TORONTO STOCK EXCHANGE,JPY
WN,WN,CA9611485090,,CAD
WOCKPHARMA,WOCKHARDT,,NATIONAL STOCK EXCHANGE OF INDIA,JPY
WOW,WOOLWORTHS GROUP LTD,,ASX - ALL MARKETS,JPY
WOW,WOW,AU000000WOW2,,AUD
WPC,W. P. CAREY REIT INC,,NEW YORK STOCK EXCHANGE INC.,JPY
WPC,WPC,US92936U1097,,USD
WPM,WHEATON PRECIOUS METALS,,TORONTO STOCK EXCHANGE,JPY
WPM,WPM,CA9628791027,,CAD
WPR,WPR,AU0000088064,,AUD
WPRO,WPRO,INE075A01022,,INR
WRB,WR BERKLEY,,NEW YORK STOCK EXCHANGE INC.,JPY
WRB,WRB,US0844231029,,USD
WRT1V,WARTSILA,,NASDAQ OMX HELSINKI LTD.,JPY
WRT1V,WRT1V,FI0009003727,,EUR
WSKT,WASKITA KARYA PERSERO CLS A,,INDONESIA STOCK EXCHANGE,JPY
WSM,WILLIAMS SONOMA INC,,NEW YORK STOCK EXCHANGE INC.,JPY
WSM,WSM,US9699041011,,USD
WSO,WATSCO,,NEW YORK STOCK EXCHANGE INC.,JPY
WSO,WSO,US9426222009,,USD
WSP,WSP GLOBAL INC,,TORONTO STOCK EXCHANGE,JPY
WSP,WSP,CA92938W2022,,CAD
WST,WEST PHARMACEUTICAL SERVICES,,NEW YORK STOCK EXCHANGE INC.,JPY
WST,WST,US9553061055,,USD
WTC,WISETECH GLOBAL,,ASX - ALL MARKETS,JPY
WTC,WTC,AU000000WTC3,,AUD
WTFC,WINTRUST FINANCIAL CORP,,NASDAQ,JPY
WTRG,ESSENTIAL UTILITIES INC,,NEW YORK STOCK EXCHANGE INC.,JPY
WTS,WATTS WATER TECHNOLOGIES CLASS A,,NEW YORK STOCK EXCHANGE INC.,JPY
WTW,WILLIS TOWERS WATSON,,NASDAQ,JPY
WTW,WTW,IE00BDB6Q211,,USD
WWD,WOODWARD,,NASDAQ,JPY
WY,WEYERHAEUSER REIT,,NEW YORK STOCK EXCHANGE INC.,JPY
WY,WY,US9621661043,,USD
WYNN,WYNN RESORTS,,NASDAQ,JPY
WYNN,WYNN,US9831341071,,
X,TMX GROUP LTD,,TORONTO STOCK EXCHANGE,JPY
X,X,CA87262K1057,,CAD
XEL,XCEL ENERGY INC,,NASDAQ,JPY
XEL,XEL,US98389B1008,,
XHR,XENIA HOTELS RESORTS REIT,,NEW YORK STOCK EXCHANGE INC.,JPY
XHR,XHR,US9840171030,,USD
XIC,ISHARES S&P/TSX CAPPED COMPOSITE,,TORONTO STOCK EXCHANGE,JPY
XIOR,XIOR,BE0974288202,,EUR
XOM,EXXONMOBIL HOLDINGS CORP,,NEW YORK STOCK EXCHANGE INC.,JPY
XOM,XOM,US30233Q1085,,USD
XP,XP CLASS A INC,,NASDAQ,JPY
XP,XP,KYG982391099,,USD
XPO,XPO,US9837931008,,USD
XPU6,SPI 200 SEP 26,,ASX - TRADE24,JPY
XRN,CHIRON REAL ESTATE INC,,NEW YORK STOCK EXCHANGE INC.,JPY
XRN,XRN,US37954A3032,,USD
XRO,XERO,,ASX - ALL MARKETS,JPY
XRO,XRO,NZXROE0001S2,,AUD
XTB,XTB,,WARSAW STOCK EXCHANGE/EQUITIES/MAIN MARKET,JPY
XTSLA,BLK CSH FND TREASURY SL AGENCY,,-,JPY
XYL,XYLEM INC,,NEW YORK STOCK EXCHANGE INC.,JPY
XYL,XYL,US98419M1009,,USD
XYZ,BLOCK CLASS A,,NEW YORK STOCK EXCHANGE INC.,JPY
XYZ,XYZ,US8522341036,,USD
YANSAB,YANSAB,SA000A0HNF36,,SAR
YAR,YARA INTERNATIONAL,,OSLO BORS ASA,JPY
YAR,YAR,NO0010208051,,NOK
YDUQ3,YDUQ3,BRYDUQACNOR3,,
YES,YES,INE528G01035,,INR
YESBANK,YES BANK,,NATIONAL STOCK EXCHANGE OF INDIA,JPY
YGGYO.E,YENI GIMAT REAL ESTATE INVESTMENT,,ISTANBUL STOCK EXCHANGE,JPY
YKBNK,YKBNK,TRAYKBNK91N6,,TRY
YKBNK.E,YAPI VE KREDI BANKASI A,,ISTANBUL STOCK EXCHANGE,JPY
YMM,FULL TRUCK ALLIANCE ADR CLASS A,,NEW YORK STOCK EXCHANGE INC.,JPY
YMM,YMM,US35969L1089,,USD
YNS,YINSON HOLDINGS,,BURSA MALAYSIA,JPY
YTL,YTL,MYL4677OO000,,
YTLP,YTLP,MYL6742OO000,,
YTLPOWR,YTL POWER INTERNATIONAL,,BURSA MALAYSIA,JPY
YUM,YUM BRANDS,,NEW YORK STOCK EXCHANGE INC.,JPY
YUM,YUM,US9884981013,,USD
YZJSGD,YZJSGD,SG1U76934819,,SGD
Z74,SINGAPORE TELECOMMUNICATIONS LTD,,SINGAPORE EXCHANGE,JPY
ZAB,ZABKA GROUP SOCIETE ANONYME SA,,WARSAW STOCK EXCHANGE/EQUITIES/MAIN MARKET,JPY
ZAB,ZAB,LU2910446546,,PLN
ZAIN,MOBILE TEL,,KUWAIT STOCK EXCHANGE,JPY
ZAIN,ZAIN,KW0EQ0601058,,KWD
ZAL,ZALANDO,,XETRA,JPY
ZAL,ZAL,DE000ZAL1111,,EUR
ZAR,ZAR CASH,,-,JPY
ZBH,ZIMMER BIOMET HOLDINGS,,NEW YORK STOCK EXCHANGE INC.,JPY
ZBH,ZBH,US98956P1021,,USD
ZBRA,ZEBRA TECHNOLOGIES CORP CLASS A,,NASDAQ,JPY
ZBRA,ZBRA,US9892071054,,
ZEEL,ZEE ENTERTAINMENT ENTERPRISES,,NATIONAL STOCK EXCHANGE OF INDIA,JPY
ZENSARTECH,ZENSAR TECHNOLOGIES LTD,,NATIONAL STOCK EXCHANGE OF INDIA,JPY
ZENTEC,ZEN TECHNOLOGIES LTD,,NATIONAL STOCK EXCHANGE OF INDIA,JPY
ZETRIX,ZETRIX AI,,BURSA MALAYSIA,JPY
ZFCVINDIA,ZF COMMERCIAL VEHICLE CONTROL SYST,,NATIONAL STOCK EXCHANGE OF INDIA,JPY
ZION,ZIONS BANCORPORATION,,NASDAQ,JPY
ZM,ZM,US98980L1017,,USD
ZRPU6,MSCI EUROPE INDEX SEP 26,,EUREX DEUTSCHLAND,JPY
ZS,ZS,US98980G1022,,USD
ZTS,ZOETIS INC CLASS A,,NEW YORK STOCK EXCHANGE INC.,JPY
ZTS,ZTS,US98978V1035,,USD
ZURN,ZURICH INSURANCE GROUP AG,,SIX SWISS EXCHANGE,JPY
ZURN,ZURN,CH0011075394,,CHF
ZYDUSLIF,ZYDUSLIF,INE010B01027,,INR
ZYDUSLIFE,ZYDUS LIFESCIENCES LTD,,NATIONAL STOCK EXCHANGE OF INDIA,JPY
ZYDUSWELL,ZYDUS WELLNESS LTD,,NATIONAL STOCK EXCHANGE OF INDIA,JPY
