Ticker,Name,Exchange,asset_type,stock_sector,etf_category,Country,country_code,ISIN,aliases
1306,NEXT FUNDS TOPIX Exchange Traded Fund,TSE,ETF,,Equity,Japan,JP,JP3027630007,next funds topix
1320,iFreeETF Nikkei225 (Yearly Dividend Type),TSE,ETF,,Equity,Japan,JP,JP3027640006,ifreeetf nikkei225 yearly dividend type
1330,Listed Index Fund 225,TSE,ETF,,Equity,Japan,JP,JP3027660004,listed 225
8951,Nippon Building Fund Inc.,TSE,ETF,,Real Estate,Japan,JP,JP3027670003,nippon building
8952,Japan Real Estate Investment Corporation,TSE,Stock,Real Estate,,Japan,JP,JP3027680002,japan real estate investment
1329,iShares Core Nikkei 225 ETF,TSE,ETF,,Equity,Japan,JP,JP3027710007,core nikkei 225
8953,Japan Metropolitan Fund Investment Corporation,TSE,ETF,,Real Estate,Japan,JP,JP3039710003,japan metropolitan investment
1311,NEXT FUNDS TOPIX Core 30 Exchange Traded Fund,TSE,ETF,,Equity,Japan,JP,JP3040140000,next funds topix core 30
8954,ORIX JREIT Inc.,TSE,Stock,Real Estate,,Japan,JP,JP3040880001,orix jreit
8955,Japan Prime Realty Investment Corporation,TSE,Stock,Real Estate,,Japan,JP,JP3040890000,japan prime realty investment
8956,NTT UD REIT Investment Corporation,TSE,Stock,Real Estate,,Japan,JP,JP3041770003,ntt ud reit investment
8957,"TOKYU REIT, Inc.",TSE,Stock,Real Estate,,Japan,JP,JP3044510000,tokyu reit
8958,Global One Real Estate Investment Corporation,TSE,Stock,Real Estate,,Japan,JP,JP3044520009,global one real estate investment
8960,United Urban Investment Corporation,TSE,Stock,Real Estate,,Japan,JP,JP3045540006,united urban investment
8961,"MORI TRUST REIT,Inc.",TSE,ETF,,Real Estate,Japan,JP,JP3046170001,mori reit
8963,Invincible Investment Corporation,TSE,Stock,Real Estate,,Japan,JP,JP3046190009,invincible investment
8964,Frontier Real Estate Investment Corporation,TSE,Stock,Real Estate,,Japan,JP,JP3046200006,frontier real estate investment
8967,"Japan Logistics Fund,Inc.",TSE,ETF,,Real Estate,Japan,JP,JP3046230003,japan logistics
8968,Fukuoka REIT Corporation,TSE,Stock,Real Estate,,Japan,JP,JP3046240002,fukuoka reit
8972,KDX Realty Investment Corporation,TSE,Stock,Real Estate,,Japan,JP,JP3046270009,kdx realty investment
8975,Ichigo Office REIT Investment Corporation,TSE,Stock,Real Estate,,Japan,JP,JP3046300004,ichigo office reit investment
8976,Daiwa Office Investment Corporation,TSE,Stock,Real Estate,,Japan,JP,JP3046310003,daiwa office investment
8977,"Hankyu Hanshin REIT,Inc.",TSE,Stock,Real Estate,,Japan,JP,JP3046320002,hankyu hanshin reit
8979,Starts Proceed Investment Corporation,TSE,Stock,Real Estate,,Japan,JP,JP3046340000,starts proceed investment
8984,Daiwa House REIT Investment Corporation,TSE,Stock,Real Estate,,Japan,JP,JP3046390005,daiwa house reit investment
8985,Japan Hotel REIT Investment Corporation,TSE,Stock,Real Estate,,Japan,JP,JP3046400002,japan hotel reit investment
8986,Daiwa Securities Living Investment Corporation,TSE,Stock,Real Estate,,Japan,JP,JP3046410001,daiwa securities living investment
8987,"Japan Excellent,Inc.",TSE,Stock,Real Estate,,Japan,JP,JP3046420000,japan excellent
1328,NEXT FUNDS Gold Price Exchange Traded Fund,TSE,ETF,,Commodity,Japan,JP,JP3046490003,next funds gold price
3249,Industrial & Infrastructure Fund Investment Corporation,TSE,ETF,,Equity,Japan,JP,JP3046500009,industrial & infrastructure investment
1620,NEXT FUNDS TOPIX-17 RAW MATERIALS & CHEMICALS ETF,TSE,ETF,,Equity,Japan,JP,JP3046590000,next funds topix-17 raw materials & chemicals
1621,NEXT FUNDS TOPIX-17 PHARMACEUTICAL ETF,TSE,ETF,,Equity,Japan,JP,JP3046600007,next funds topix-17 pharmaceutical
1622,NEXT FUNDS TOPIX-17 AUTOMOBILES TRANSPORTATION EQUIPMENT ETF,TSE,ETF,,Equity,Japan,JP,JP3046610006,next funds topix-17 automobiles transportation equipment
1624,NEXT FUNDS TOPIX-17 MACHINERY ETF,TSE,ETF,,Equity,Japan,JP,JP3046630004,next funds topix-17 machinery
1625,NEXT FUNDS TOPIX-17 ELECTRIC & PRECISION INSTRUMENTS ETF,TSE,ETF,,Equity,Japan,JP,JP3046640003,next funds topix-17 electric & precision instruments
1627,NEXT FUNDS TOPIX-17 ELECTRIC POWER & GAS ETF,TSE,ETF,,Equity,Japan,JP,JP3046660001,next funds topix-17 electric power & gas
1628,NEXT FUNDS TOPIX-17 TRANSPORTATION & LOGISTICS ETF,TSE,ETF,,Equity,Japan,JP,JP3046670000,next funds topix-17 transportation & logistics
1629,NEXT FUNDS TOPIX-17 COMMERCIAL & WHOLESALE TRADE ETF,TSE,ETF,,Equity,Japan,JP,JP3046680009,next funds topix-17 commercial & wholesale trade
1630,NEXT FUNDS TOPIX-17 RETAIL TRADE ETF,TSE,ETF,,Equity,Japan,JP,JP3046690008,next funds topix-17 retail trade
1631,NEXT FUNDS TOPIX-17 BANKS ETF,TSE,ETF,,Equity,Japan,JP,JP3046700005,next funds topix-17 banks
1632,NEXT FUNDS TOPIX-17 FINANCIALS (EX BANKS) ETF,TSE,ETF,,Equity,Japan,JP,JP3046710004,next funds topix-17 financials ex banks
1633,NEXT FUNDS TOPIX-17 REAL ESTATE ETF,TSE,ETF,,Real Estate,Japan,JP,JP3046720003,next funds topix-17 real estate
1322,Listed Index Fund China A Share (Panda) E Fund CSI300,TSE,ETF,,Equity,Japan,JP,JP3046760009,listed china a panda e csi300
1345,Listed Index Fund J-REIT (Tokyo Stock Exchange REIT Index)Bi-Monthly Dividend Payment Type,TSE,ETF,,Equity,Japan,JP,JP3047030006,listed j-reit tokyo stock exchange reit bi-monthly dividend payment type
1346,MAXIS NIKKEI 225 ETF,TSE,ETF,,Equity,Japan,JP,JP3047040005,maxis nikkei 225
1348,MAXIS TOPIX ETF,TSE,ETF,,Equity,Japan,JP,JP3047060003,maxis topix
1671,Simplex WTI ETF,TSE,ETF,,Commodity,Japan,JP,JP3047080001,simplex wti
1677,Listed Index Fund International Bond (FTSE WGBI) Monthly Dividend Payment Type,TSE,ETF,,Fixed Income,Japan,JP,JP3047090000,listed international bond ftse wgbi monthly dividend payment type
1678,NEXT FUNDS Nifty 50 Linked Exchange Traded Fund,TSE,ETF,,Equity,Japan,JP,JP3047100007,next funds nifty 50 linked
1679,Simple-X NY Dow Jones Index ETF,TSE,ETF,,Equity,Japan,JP,JP3047110006,simple-x ny dow jones
1680,Listed Index Fund International Developed Countries Equity (MSCI-KOKUSAI),TSE,ETF,,Equity,Japan,JP,JP3047120005,listed international developed countries equity msci-kokusai
1681,Listed Index Fund International Emerging Countries Equity (MSCI EMERGING),TSE,ETF,,Equity,Japan,JP,JP3047130004,listed international emerging countries equity msci emerging
3269,Advance Residence Investment Corporation,TSE,Stock,Real Estate,,Japan,JP,JP3047160001,advance residence investment
1698,Listed Index Fund Japan High Dividend (TSE Dividend Focus 100),TSE,ETF,,Equity,Japan,JP,JP3047170000,listed japan high dividend tse dividend focus 100
1699,NEXT FUNDS NOMURA Crude Oil Long Index Linked Exchange Traded Fund,TSE,ETF,,Commodity,Japan,JP,JP3047180009,next funds nomura crude oil long linked
1542,Japan Physical Silver ETF,TSE,ETF,,Commodity,Japan,JP,JP3047210004,japan physical silver
1543,Japan Physical Palladium ETF,TSE,ETF,,Commodity,Japan,JP,JP3047220003,japan physical palladium
1545,NEXT FUNDS NASDAQ-100(R) (Unhedged) Exchange Traded Fund,TSE,ETF,,Equity,Japan,JP,JP3047240001,
1546,NEXT FUNDS DJIA (Unhedged) Exchange Traded Fund,TSE,ETF,,Equity,Japan,JP,JP3047250000,next funds djia
1547,Listed Index Fund US Equity (S&P500),TSE,ETF,,Equity,Japan,JP,JP3047260009,listed us equity s&p500
1550,MAXIS Global Equity (MSCI Kokusai) ETF,TSE,ETF,,Equity,Japan,JP,JP3047290006,maxis global equity msci kokusai
1551,TSE Standard Top 20 ETF,TSE,ETF,,Equity,Japan,JP,JP3047300003,tse standard top 20
1554,Listed Index Fund World Equity (MSCI ACWI) ex Japan,TSE,ETF,,Equity,Japan,JP,JP3047330000,listed world equity msci acwi ex japan
1555,Listed Index Fund Australian REIT (S&P/ASX200 A-REIT),TSE,ETF,,Real Estate,Japan,JP,JP3047340009,listed australian reit s&p/asx200 a-reit
1559,NEXT FUNDS Thai Stock SET50 Exchange Traded Fund,TSE,ETF,,Equity,Japan,JP,JP3047360007,next funds thai stock set50
1566,Listed Index Fund Emerging Bond,TSE,ETF,,Fixed Income,Japan,JP,JP3047420009,listed emerging bond
1571,NEXT FUNDS Nikkei 225 Inverse Index Exchange Traded Fund,TSE,ETF,,Other,Japan,JP,JP3047470004,next funds nikkei 225 inverse
3279,Activia Properties Inc.,TSE,Stock,Real Estate,,Japan,JP,JP3047490002,activia properties
3281,GLP J-REIT,TSE,Stock,Real Estate,,Japan,JP,JP3047510007,glp j-reit
1572,China Bull 2x HSCEI ETF,TSE,ETF,,Other,Japan,JP,JP3047520006,china bull 2x hscei
1573,China Bear -1x HSCEI ETF,TSE,ETF,,Other,Japan,JP,JP3047530005,china bear -1x hscei
3282,"Comforia Residential REIT,Inc",TSE,Stock,Real Estate,,Japan,JP,JP3047540004,comforia residential reit
3283,"Nippon Prologis REIT,Inc.",TSE,Stock,Real Estate,,Japan,JP,JP3047550003,nippon prologis reit
1577,NEXT FUNDS Nomura Japan Equity High Dividend 70 Exchange Traded Fund,TSE,ETF,,Equity,Japan,JP,JP3047560002,next funds nomura japan equity high dividend 70
1578,Listed Index Fund Nikkei 225 (Mini),TSE,ETF,,Equity,Japan,JP,JP3047570001,listed nikkei 225 mini
1579,Nikkei 225 Bull 2x ETF,TSE,ETF,,Other,Japan,JP,JP3047580000,nikkei 225 bull 2x
1585,iFreeETF TOPIX Ex-Financials,TSE,ETF,,Equity,Japan,JP,JP3047620004,ifreeetf topix ex-financials
3292,AEON REIT Investment Corporation,TSE,Stock,Real Estate,,Japan,JP,JP3047650001,aeon reit investment
3295,"Hulic Reit,Inc.",TSE,Stock,Real Estate,,Japan,JP,JP3047660000,hulic reit
1592,Listed Index Fund JPX-Nikkei Index 400,TSE,ETF,,Equity,Japan,JP,JP3047680008,listed jpx-nikkei 400
1596,NZAM ETF TOPIX Ex-Financials,TSE,ETF,,Equity,Japan,JP,JP3047710003,nzam topix ex-financials
1356,TOPIX Bear -2x ETF,TSE,ETF,,Other,Japan,JP,JP3047770007,topix bear -2x
1357,NEXT FUNDS Nikkei 225 Double Inverse Index Exchange Traded Fund,TSE,ETF,,Other,Japan,JP,JP3047780006,next funds nikkei 225 double inverse
1358,Listed Index Fund Nikkei Leveraged Index,TSE,ETF,,Other,Japan,JP,JP3047790005,listed nikkei leveraged
1360,Nikkei225 Bear -2x ETF,TSE,ETF,,Other,Japan,JP,JP3047810001,nikkei225 bear -2x
3309,"Sekisui House Reit,Inc.",TSE,Stock,Real Estate,,Japan,JP,JP3047820000,sekisui house reit
3451,Tosei Reit Investment Corporation,TSE,Stock,Real Estate,,Japan,JP,JP3047830009,tosei reit investment
1364,iShares JPX-Nikkei 400 ETF,TSE,ETF,,Equity,Japan,JP,JP3047840008,jpx-nikkei 400
1365,iFreeETF Nikkei225 Leveraged Index,TSE,ETF,,Other,Japan,JP,JP3047850007,ifreeetf nikkei225 leveraged
1366,iFreeETF Nikkei225 Double Inverse Index,TSE,ETF,,Other,Japan,JP,JP3047860006,ifreeetf nikkei225 double inverse
1367,iFreeETF TOPIX Leveraged (2x) Index,TSE,ETF,,Other,Japan,JP,JP3047870005,ifreeetf topix leveraged 2x
1369,One ETF Nikkei225,TSE,ETF,,Equity,Japan,JP,JP3047890003,one nikkei225
1397,SMDAM NIKKEI225 ETF,TSE,ETF,,Equity,Japan,JP,JP3047920008,smdam nikkei225
1398,SMDAM REIT Index ETF,TSE,ETF,,Real Estate,Japan,JP,JP3047930007,smdam reit
3459,Samty Residential Investment Corporation,TSE,Stock,Real Estate,,Japan,JP,JP3047960004,samty residential investment
1458,Rakuten ETF - Nikkei 225 Leveraged Index,TSE,ETF,,Other,Japan,JP,JP3047970003,rakuten - nikkei 225 leveraged
1469,JPX-Nikkei 400 Bear -2x Double Inverse ETF,TSE,ETF,,Other,Japan,JP,JP3048050003,jpx-nikkei 400 bear -2x double inverse
3462,"Nomura Real Estate Master Fund,Inc.",TSE,ETF,,Real Estate,Japan,JP,JP3048110005,nomura real estate master
1478,iShares MSCI Japan High Dividend ETF,TSE,ETF,,Equity,Japan,JP,JP3048150001,msci japan high dividend
3463,Ichigo Hotel REIT Investment Corporation,TSE,Stock,Real Estate,,Japan,JP,JP3048160000,ichigo hotel reit investment
1399,Listed Index Fund MSCI Japan Equity High Dividend Low Volatility,TSE,ETF,,Equity,Japan,JP,JP3048170009,listed msci japan equity high dividend low volatility
3468,Star Asia Investment Corporation,TSE,Stock,Real Estate,,Japan,JP,JP3048200004,star asia investment
1479,iFreeETF MSCI Japan Human and Physical Investment Index,TSE,ETF,,Equity,Japan,JP,JP3048220002,ifreeetf msci japan human and physical investment
1482,iShares Core 7-10 Year US Treasury Bond JPY Hedged ETF,TSE,ETF,,Fixed Income,Japan,JP,JP3048250009,
1483,iShares JPX/S&P CAPEX & Human Capital ETF,TSE,ETF,,Equity,Japan,JP,JP3048260008,jpx/s&p capex & human capital
1484,One ETF JPX/S&P CAPEX & Human Capital Index,TSE,ETF,,Equity,Japan,JP,JP3048270007,one jpx/s&p capex & human capital
1485,MAXIS JAPAN Proactive Investment in Physical and Human Capital 200 Index ETF,TSE,ETF,,Equity,Japan,JP,JP3048280006,maxis japan proactive investment in physical and human capital 200
3470,"Marimo Regional Revitalization REIT,Inc.",TSE,Stock,Real Estate,,Japan,JP,JP3048290005,marimo regional revitalization reit
3471,Mitsui Fudosan Logistics Park Inc.,TSE,Stock,Real Estate,,Japan,JP,JP3048300002,mitsui fudosan logistics park
3472,Nippon Hotel & Residential Investment Corporation,TSE,Stock,Real Estate,,Japan,JP,JP3048310001,nippon hotel & residential investment
1486,Listed Index Fund US Bond (No Currency Hedge),TSE,ETF,,Fixed Income,Japan,JP,JP3048330009,listed us bond no currency hedge
1487,Listed Index Fund US Bond (Currency Hedge),TSE,ETF,,Fixed Income,Japan,JP,JP3048340008,listed us bond currency hedge
1488,iFreeETF Tokyo Stock Exchange REIT Index,TSE,ETF,,Real Estate,Japan,JP,JP3048350007,ifreeetf tokyo stock exchange reit
9282,Ichigo Green Infrastructure Investment Corporation,TSE,Stock,Real Estate,,Japan,JP,JP3048360006,ichigo green infrastructure investment
837,MIRAI CORP.,FSX,Stock,,,Japan,JP,JP3048370005,mirai
1489,NEXT FUNDS Nikkei 225 High Dividend Yield Stock 50 Index Exchange Traded Fund,TSE,ETF,,Equity,Japan,JP,JP3048390003,next funds nikkei 225 high dividend yield stock 50
1490,Listed Index Fund MSCI Japan Equity High Dividend Low Volatility (Beta Hedged),TSE,ETF,,Equity,Japan,JP,JP3048400000,listed msci japan equity high dividend low volatility beta
1493,One ETF JPX-Nikkei Mid Small,TSE,ETF,,Equity,Japan,JP,JP3048430007,one jpx-nikkei mid small
1494,One ETF High Dividend Japan Equity,TSE,ETF,,Equity,Japan,JP,JP3048440006,one high dividend japan equity
1495,Listed Index Fund Asian REIT,TSE,ETF,,Real Estate,Japan,JP,JP3048450005,listed asian reit
1496,iShares USD Investment Grade Corporate Bond JPY Hedged ETF,TSE,ETF,,Fixed Income,Japan,JP,JP3048460004,
1497,iShares USD High Yield Corporate Bond JPY Hedged ETF,TSE,ETF,,Fixed Income,Japan,JP,JP3048470003,
1652,iFreeETF MSCI Japan Empowering Women Index (WIN),TSE,ETF,,Equity,Japan,JP,JP3048500007,ifreeetf msci japan empowering women win
1653,iFreeETF MSCI Japan ESG Select Leaders Index,TSE,ETF,,Equity,Japan,JP,JP3048510006,ifreeetf msci japan esg select leaders
1654,iFreeETF FTSE JPX Blossom Japan Index,TSE,ETF,,Equity,Japan,JP,JP3048520005,ifreeetf ftse jpx blossom japan
1655,iShares S&P 500 ETF,TSE,ETF,,Equity,Japan,JP,JP3048530004,
1656,iShares Core 7-10 Year US Treasury Bond ETF,TSE,ETF,,Fixed Income,Japan,JP,JP3048540003,
1657,iShares Core MSCI Kokusai ETF,TSE,ETF,,Equity,Japan,JP,JP3048550002,core msci kokusai
1658,iShares Core MSCI Emerging Markets IMI ETF,TSE,ETF,,Equity,Japan,JP,JP3048560001,
1659,iShares US REIT ETF,TSE,ETF,,Real Estate,Japan,JP,JP3048570000,us reit
1660,MAXIS High Yield J-REIT ETF,TSE,ETF,,Real Estate,Japan,JP,JP3048580009,maxis high yield j-reit
9284,"Canadian Solar Infrastructure Fund,Inc.",TSE,ETF,,Equity,Japan,JP,JP3048590008,canadian solar infrastructure
1498,One ETF ESG,TSE,ETF,,Equity,Japan,JP,JP3048600005,one esg
2510,NEXT FUNDS Japan Bond NOMURA-BPI Exchange Traded Fund,TSE,ETF,,Fixed Income,Japan,JP,JP3048610004,next funds japan bond nomura-bpi
2512,NEXT FUNDS International Bond FTSE World Government Bond Index (ex Japan Yen-Hedged) Exchange Traded Fund,TSE,ETF,,Fixed Income,Japan,JP,JP3048630002,next funds international bond ftse world government bond ex japan yen
2513,NEXT FUNDS International Equity MSCI-KOKUSAI (Unhedged) Exchange Traded Fund,TSE,ETF,,Equity,Japan,JP,JP3048640001,next funds international equity msci-kokusai
1499,MAXIS Japan Equity High Dividend 70 Market Neutral ETF,TSE,ETF,,Equity,Japan,JP,JP3048670008,maxis japan equity high dividend 70 market neutral
3487,"CRE Logistics REIT,Inc.",TSE,Stock,Real Estate,,Japan,JP,JP3048680007,cre logistics reit
3488,CENTRAL REIT Investment Corporation,TSE,Stock,Real Estate,,Japan,JP,JP3048690006,central reit investment
2517,MAXIS J-REIT Core ETF,TSE,ETF,,Real Estate,Japan,JP,JP3048710002,maxis j-reit core
2518,NEXT FUNDS MSCI Japan Empowering Women Select Index Exchange Traded Fund,TSE,ETF,,Equity,Japan,JP,JP3048720001,next funds msci japan empowering women select
2519,NEXT FUNDS Emerging Market Bond J.P. Morgan EMBI Plus (Unhedged) Exchange Traded Fund,TSE,ETF,,Equity,Japan,JP,JP3048730000,next funds emerging market bond j.p. morgan embi plus
2521,Listed Index Fund US Equity (S&P500) Currency Hedge,TSE,ETF,,Equity,Japan,JP,JP3048760007,listed us equity s&p500 currency hedge
9285,Tokyo Infrastructure Energy Investment Corporation,TSE,Stock,Utilities,,Japan,JP,JP3048780005,tokyo infrastructure energy investment
2522,iShares Automation & Robot ETF,TSE,ETF,,Equity,Japan,JP,JP3048790004,automation & robot
2523,MAXIS TOPIX Ex-Financials ETF,TSE,ETF,,Equity,Japan,JP,JP3048800001,maxis topix ex-financials
2971,ESCON JAPAN REIT Investment Corporation,TSE,Stock,Real Estate,,Japan,JP,JP3048810000,escon japan reit investment
9286,Enex Infrastructure Investment Corporation,TSE,Stock,Utilities,,Japan,JP,JP3048820009,enex infrastructure investment
2525,NZAM ETF Nikkei 225,TSE,ETF,,Equity,Japan,JP,JP3048840007,nzam nikkei 225
2526,NZAM ETF JPX-Nikkei400,TSE,ETF,,Equity,Japan,JP,JP3048850006,nzam jpx-nikkei400
2972,SANKEI REAL ESTATE Inc.,TSE,Stock,Real Estate,,Japan,JP,JP3048880003,sankei real estate
2529,NEXT FUNDS Nomura Shareholder Yield 70 Exchange Traded Fund,TSE,ETF,,Equity,Japan,JP,JP3048890002,next funds nomura shareholder yield 70
2552,Listed Index Fund J-REIT (Tokyo Stock Exchange REIT Index) Bi-Monthly Dividend Payment Type (Mini),TSE,ETF,,Equity,Japan,JP,JP3048910008,listed j-reit tokyo stock exchange reit bi-monthly dividend payment type mini
2553,One ETF Southern China A-Share CSI 500,TSE,ETF,,Equity,Japan,JP,JP3048920007,one southern china a- csi 500
2554,NEXT FUNDS Bloomberg US Intermediate Corporate Index (JPY Hedged) Exchange Traded Fund,TSE,ETF,,Fixed Income,Japan,JP,JP3048930006,next funds bloomberg us intermediate corporate
2555,TSE REIT ETF,TSE,ETF,,Real Estate,Japan,JP,JP3048940005,tse reit
2556,One ETF Tokyo Stock Exchange REIT Index,TSE,ETF,,Real Estate,Japan,JP,JP3048950004,one tokyo stock exchange reit
2979,"SOSiLA Logistics REIT,Inc.",TSE,Stock,Real Estate,,Japan,JP,JP3048960003,sosila logistics reit
2557,SMDAM TOPIX ETF,TSE,ETF,,Equity,Japan,JP,JP3048970002,smdam topix
2558,MAXIS S&P500 US Equity ETF,TSE,ETF,,Equity,Japan,JP,JP3048980001,maxis s&p500 us equity
2559,MAXIS World Equity (MSCI ACWI) ETF,TSE,ETF,,Equity,Japan,JP,JP3048990000,maxis world equity msci acwi
9287,Japan Infrastructure Fund Investment Corporation,TSE,ETF,,Equity,Japan,JP,JP3049000007,japan infrastructure investment
2560,MAXIS Carbon Efficient Japan Equity ETF,TSE,ETF,,Equity,Japan,JP,JP3049010006,maxis carbon efficient japan equity
2561,iShares Core Japan Government Bond ETF,TSE,ETF,,Fixed Income,Japan,JP,JP3049020005,core japan government bond
2562,Listed Index Fund US Equity (Dow Average) Currency Hedge,TSE,ETF,,Equity,Japan,JP,JP3049030004,listed us equity dow average currency hedge
2563,iShares S&P 500 JPY Hedged ETF,TSE,ETF,,Equity,Japan,JP,JP3049040003,
2564,Global X MSCI SuperDividend Japan ETF,TSE,ETF,,Equity,Japan,JP,JP3049050002,msci superdividend japan
2565,Global X Logistics J-REIT ETF,TSE,ETF,,Real Estate,Japan,JP,JP3049060001,logistics j-reit
2566,Listed Index Fund Nikkei ESG REIT,TSE,ETF,,Equity,Japan,JP,JP3049070000,listed nikkei esg reit
2567,NZAM ETF S&P/JPX Carbon Efficient Index,TSE,ETF,,Equity,Japan,JP,JP3049080009,nzam s&p/jpx carbon efficient
2568,Listed Index Fund US Equity (NASDAQ100) No Currency Hedge,TSE,ETF,,Equity,Japan,JP,JP3049090008,listed us equity nasdaq100 no currency hedge
2989,"Tokaido REIT,Inc.",TSE,Stock,Real Estate,,Japan,JP,JP3049110004,tokaido reit
2620,iShares 1-3 Year US Treasury Bond ETF,TSE,ETF,,Fixed Income,Japan,JP,JP3049120003,1-3 year us treasury bond
2621,iShares 20+ Year US Treasury Bond JPY Hedged ETF,TSE,ETF,,Fixed Income,Japan,JP,JP3049130002,20+ year us treasury bond
2622,iShares USD Emerging Markets Bond JPY Hedged ETF,TSE,ETF,,Fixed Income,Japan,JP,JP3049140001,emerging markets bond
2623,iShares Euro Investment Grade Corporate Bond JPY Hedged ETF,TSE,ETF,,Fixed Income,Japan,JP,JP3049150000,euro investment grade corporate bond
2624,iFreeETF Nikkei225 (Quarterly Dividend Type),TSE,ETF,,Equity,Japan,JP,JP3049160009,ifreeetf nikkei225 quarterly dividend type
2625,iFreeETF TOPIX (Quarterly Dividend Type),TSE,ETF,,Equity,Japan,JP,JP3049170008,ifreeetf topix quarterly dividend type
2631,MAXIS NASDAQ100 ETF,TSE,ETF,,Equity,Japan,JP,JP3049190006,
2632,MAXIS NASDAQ100 ETF (JPY Hedged),TSE,ETF,,Equity,Japan,JP,JP3049200003,
2626,Global X Digital Innovation Japan ETF,TSE,ETF,,Equity,Japan,JP,JP3049210002,digital innovation japan
2627,Global X E-Commerce Japan ETF,TSE,ETF,,Equity,Japan,JP,JP3049220001,e-commerce japan
2628,iFreeETF China STAR50,TSE,ETF,,Equity,Japan,JP,JP3049230000,ifreeetf china star50
2629,iFreeETF China GBA100,TSE,ETF,,Equity,Japan,JP,JP3049240009,ifreeetf china gba100
2638,Global X Japan Robotics & AI ETF,TSE,ETF,,Equity,Japan,JP,JP3049300001,japan robotics & ai
2639,Global X Japan Bio & Med Tech ETF,TSE,ETF,,Equity,Japan,JP,JP3049310000,japan bio & med tech
2647,NEXT FUNDS Bloomberg US Treasury Bond (7-10 year) Index (Unhedged) Exchange Traded Fund,TSE,ETF,,Fixed Income,Japan,JP,JP3049390002,next funds bloomberg us treasury bond 7-10 year
2648,NEXT FUNDS Bloomberg US Treasury Bond (7-10 year) Index (Yen-Hedged) Exchange Traded Fund,TSE,ETF,,Fixed Income,Japan,JP,JP3049400009,next funds bloomberg us treasury bond 7-10 year yen
2836,Global X Japan Fintech ETF,TSE,ETF,,Equity,Japan,JP,JP3049410008,japan fintech
2837,Global X Japan Mid & Small Cap Leaders ETF,TSE,ETF,,Equity,Japan,JP,JP3049420007,japan mid & small cap leaders
2839,MAXIS US Treasury Bond 7-10 Year ETF (JPY Hedged),TSE,ETF,,Fixed Income,Japan,JP,JP3049440005,maxis us treasury bond 7-10 year
2649,iShares Ginnie Mae MBS JPY Hedged ETF,TSE,ETF,,Alternative,Japan,JP,JP3049450004,ginnie mae mbs
2840,iFreeETF NASDAQ100 (NON HEDGED),TSE,ETF,,Equity,Japan,JP,JP3049460003,ifreeetf nasdaq100 non
2841,iFreeETF NASDAQ100 (JPY HEDGED),TSE,ETF,,Equity,Japan,JP,JP3049470002,ifreeetf nasdaq100
2842,iFreeETF NASDAQ100 Inverse,TSE,ETF,,Other,Japan,JP,JP3049480001,ifreeetf nasdaq100 inverse
2843,Listed Index Fund Australian Government Bond (Currency Hedge),TSE,ETF,,Fixed Income,Japan,JP,JP3049490000,listed australian government bond currency hedge
2844,Listed Index Fund Australian Government Bond (No Currency Hedge),TSE,ETF,,Fixed Income,Japan,JP,JP3049500006,listed australian government bond no currency hedge
2846,NEXT FUNDS DJIA (Yen-Hedged) Exchange Traded Fund,TSE,ETF,,Equity,Japan,JP,JP3049530003,next funds djia yen
2847,Global X Japan New Growth Infrastructure ETF,TSE,ETF,,Equity,Japan,JP,JP3049540002,japan new growth infrastructure
2848,Global X MSCI Japan Climate Change ETF,TSE,ETF,,Equity,Japan,JP,JP3049550001,msci japan climate change
2852,iShares Japan Green REIT ETF,TSE,ETF,,Real Estate,Japan,JP,JP3049590007,japan green reit
2853,iShares Climate Risk-Adjusted Global ex Japan Government Bond JPY Hedged ETF,TSE,ETF,,Fixed Income,Japan,JP,JP3049600004,climate risk-adjusted global ex japan government bond
2854,Global X Japan Tech Top 20 ETF,TSE,ETF,,Equity,Japan,JP,JP3049610003,japan tech top 20
2856,iShares 3-7 Year US Treasury Bond JPY Hedged ETF,TSE,ETF,,Fixed Income,Japan,JP,JP3049630001,3-7 year us treasury bond
2857,iShares Germany Government Bond JPY Hedged ETF,TSE,ETF,,Fixed Income,Japan,JP,JP3049640000,
2858,Global X Nikkei 225 Covered Call ETF (option premium reinvestment type),TSE,ETF,,Alternative,Japan,JP,JP3049650009,nikkei 225 covered call option premium reinvestment type
2859,NEXT FUNDS EURO STOXX 50 (Yen-Hedged) Exchange Traded Fund,TSE,ETF,,Equity,Japan,JP,JP3049660008,next funds euro stoxx 50 yen
2860,NEXT FUNDS German Equity DAX (Yen-Hedged) Exchange Traded Fund,TSE,ETF,,Equity,Japan,JP,JP3049670007,next funds german equity dax yen
2861,Listed Index Fund France Government Bond (No Currency Hedge),TSE,ETF,,Fixed Income,Japan,JP,JP3049680006,listed france government bond no currency hedge
2862,Listed Index Fund France Government Bond (Currency Hedge),TSE,ETF,,Fixed Income,Japan,JP,JP3049690005,listed france government bond currency hedge
2864,Global X Logistics REIT ETF,TSE,ETF,,Real Estate,Japan,JP,JP3049710001,logistics reit
2865,Global X Nasdaq 100 Covered Call ETF,TSE,ETF,,Alternative,Japan,JP,JP3049720000,
2866,Global X U.S. Preferred Security ETF,TSE,ETF,,Fixed Income,Japan,JP,JP3049730009,u.s. preferred security
2868,Global X S&P 500 Covered Call ETF,TSE,ETF,,Alternative,Japan,JP,JP3049750007,
2869,iFreeETF NASDAQ100 Leveraged (2x),TSE,ETF,,Other,Japan,JP,JP3049760006,ifreeetf nasdaq100 leveraged 2x
2870,iFreeETF NASDAQ100 Double Inverse (-2x),TSE,ETF,,Other,Japan,JP,JP3049770005,ifreeetf nasdaq100 double inverse -2x
2238,iFreeETF S&P500 Inverse,TSE,ETF,,Other,Japan,JP,JP3049810009,ifreeetf s&p500 inverse
2240,Listed Index Fund S&P500 Futures Inverse,TSE,ETF,,Other,Japan,JP,JP3049830007,listed s&p500 futures inverse
2242,MAXIS NY Dow Industrial Average ETF (JPY Hedged),TSE,ETF,,Equity,Japan,JP,JP3049850005,maxis ny dow industrial average
2244,Global X US Tech Top 20 ETF,TSE,ETF,,Equity,Japan,JP,JP3049870003,us tech top 20
2246,NEXT FUNDS Bloomberg France Treasury Bond (7-10 year) Index (Yen-Hedged) Exchange Traded Fund,TSE,ETF,,Fixed Income,Japan,JP,JP3049890001,next funds bloomberg france treasury bond 7-10 year yen
2251,NEXT FUNDS JPX JGB Futures Double Inverse Index Exchange Traded Fund,TSE,ETF,,Other,Japan,JP,JP3049940004,next funds jpx jgb futures double inverse
2253,Global X SuperDividend U.S. ETF,TSE,ETF,,Equity,Japan,JP,JP3049960002,
2080,PBR Improvement over 1x ETF,TSE,ETF,,Equity,Japan,JP,JP3049980000,pbr improvement over 1x
2081,Strategic Shareholding Disposal Promotion ETF,TSE,ETF,,Equity,Japan,JP,JP3049990009,strategic shareholding disposal promotion
2082,Investor-Management Unite as One ETF,TSE,ETF,,Equity,Japan,JP,JP3050000003,investor-management unite as one
2083,NEXT FUNDS Japan Growth Equity Active Exchange Traded Fund,TSE,ETF,,Equity,Japan,JP,JP3050010002,next funds japan growth equity active
2084,NEXT FUNDS Japan High Dividend Equity Active Exchange Traded Fund,TSE,ETF,,Equity,Japan,JP,JP3050020001,next funds japan high dividend equity active
2085,MAXIS High Dividend Japan Equity Actively Managed ETF,TSE,ETF,,Equity,Japan,JP,JP3050030000,maxis high dividend japan equity actively managed
2086,NZAM ETF S&P500 (JPY Hedged),TSE,ETF,,Equity,Japan,JP,JP3050040009,
2087,NZAM ETF NASDAQ100 (JPY Hedged),TSE,ETF,,Equity,Japan,JP,JP3050050008,
2088,NZAM ETF NY Dow30 (JPY Hedged),TSE,ETF,,Alternative,Japan,JP,JP3050060007,nzam ny dow30
2090,NZAM ETF US Treasury 7-10Y (JPY Hedged),TSE,ETF,,Fixed Income,Japan,JP,JP3050080005,
2091,NZAM ETF German Government Bond 7-10Y (JPY Hedged),TSE,ETF,,Fixed Income,Japan,JP,JP3050090004,nzam german government bond 7-10y
2092,NZAM ETF France Government Bond 7-10Y (JPY Hedged),TSE,ETF,,Fixed Income,Japan,JP,JP3050100001,nzam france government bond 7-10y
2093,Listed Tracers US Government Bond 0-2years Ladder (No Currency Hedge),TSE,ETF,,Fixed Income,Japan,JP,JP3050110000,listed tracers us government bond 0-2years ladder no currency hedge
2094,TSE REIT Inverse ETF,TSE,ETF,,Other,Japan,JP,JP3050120009,tse reit inverse
2095,Global X S&P 500 Dividend Aristocrats ETF (JPY Hedged),TSE,ETF,,Equity,Japan,JP,JP3050130008,s&p 500 dividend aristocrats
2096,Global X Office J-REIT ETF,TSE,ETF,,Real Estate,Japan,JP,JP3050140007,office j-reit
2098,Global X Hotel & Retail J-REIT ETF,TSE,ETF,,Real Estate,Japan,JP,JP3050160005,hotel & retail j-reit
2257,iShares USD Investment Grade Corporate Bond ETF,TSE,ETF,,Fixed Income,Japan,JP,JP3050190002,
2011,SMDAM Active ETF Japan High Dividend Equity,TSE,ETF,,Equity,Japan,JP,JP3050220007,smdam active japan high dividend equity
2016,iFreeETF US Treasury Bond 7-10 Year (JPY HEDGED),TSE,ETF,,Fixed Income,Japan,JP,JP3050270002,ifreeetf us treasury bond 7-10 year
2018,Global X US REIT Top 20 ETF,TSE,ETF,,Real Estate,Japan,JP,JP3050290000,us reit top 20
2019,Global X U.S. Preferred Security ETF (Bi-monthly dividend type),TSE,ETF,,Equity,Japan,JP,JP3050300007,u.s. preferred security bi-monthly dividend type
133A,Global X Ultra Short-Term T-Bill ETF,TSE,ETF,,Other,Japan,JP,JP3050310006,ultra short-term t-bill
140A,iFreeETF 10-Year U.S. Treasury Note Futures Inverse,TSE,ETF,,Other,Japan,JP,JP3050320005,ifreeetf 10-year u.s. treasury note futures inverse
159A,NEXT FUNDS JPX Prime 150 Index Exchange Traded Fund,TSE,ETF,,Equity,Japan,JP,JP3050330004,next funds jpx prime 150
170A,SMT ETF Japan Equity Income Strategy Active,TSE,ETF,,Equity,Japan,JP,JP3050340003,smt japan equity income strategy active
178A,Global X Innovative Bluechip Top 10+ ETF,TSE,ETF,,Equity,Japan,JP,JP3050350002,
179A,Global X 25+ Year T-Bond ETF (JPY Hedged),TSE,ETF,,Fixed Income,Japan,JP,JP3050360001,
180A,Global X 25+ Year T-Bond ETF,TSE,ETF,,Fixed Income,Japan,JP,JP3050370000,
181A,MAXIS US Treasury Bond 1-3 Year ETF (Unhedged),TSE,ETF,,Fixed Income,Japan,JP,JP3050380009,maxis us treasury bond 1-3 year
182A,MAXIS US Treasury Bond 20+ Year ETF (Unhedged),TSE,ETF,,Fixed Income,Japan,JP,JP3050390008,
183A,MAXIS US Treasury Bond 20+ Year ETF (JPY Hedged),TSE,ETF,,Fixed Income,Japan,JP,JP3050400005,
188A,Global X India Top 10+ ETF,TSE,ETF,,Equity,Japan,JP,JP3050410004,india top 10
200A,NEXT FUNDS Nikkei Semiconductor Stock Index Exchange Traded Fund,TSE,ETF,,Equity,Japan,JP,JP3050420003,next funds nikkei semiconductor stock
201A,iShares Nifty 50 ETF,TSE,ETF,,Equity,Japan,JP,JP3050430002,nifty 50
210A,iFreeETF Nikkei High Yield REIT Index,TSE,ETF,,Fixed Income,Japan,JP,JP3050440001,ifreeetf nikkei high yield reit
213A,Listed Index Fund Nikkei Semiconductor Stock,TSE,ETF,,Equity,Japan,JP,JP3050450000,listed nikkei semiconductor stock
221A,MAXIS Nikkei Semiconductor Stock (Japan) ETF,TSE,ETF,,Equity,Japan,JP,JP3050460009,maxis nikkei semiconductor stock japan
223A,Global X Artificial Intelligence & Technology ETF,TSE,ETF,,Equity,Japan,JP,JP3050470008,
224A,Global X Uranium ETF,TSE,ETF,,Commodity,Japan,JP,JP3050480007,
233A,iFreeETF Nifty50,TSE,ETF,,Equity,Japan,JP,JP3050490006,ifreeetf nifty50
234A,Global X MSCI Japan Cash Flow Kings ETF,TSE,ETF,,Money Market,Japan,JP,JP3050500002,msci japan cash flow kings
235A,Global X Japan High Dividend 30 ETF,TSE,ETF,,Equity,Japan,JP,JP3050510001,japan high dividend 30
236A,iShares 7-10 Year Japan Government Bond ETF,TSE,ETF,,Fixed Income,Japan,JP,JP3050520000,7-10 year japan government bond
237A,iShares 25+ Year US Treasury Bond Long Duration ETF,TSE,ETF,,Fixed Income,Japan,JP,JP3050530009,
238A,iShares 25+ Year US Treasury Bond Long Duration JPY Hedged ETF,TSE,ETF,,Fixed Income,Japan,JP,JP3050540008,
257A,SMT ETF Selected Japan Equity Active,TSE,ETF,,Equity,Japan,JP,JP3050550007,smt selected japan equity active
258A,SMT ETF Selected J-REIT Active,TSE,ETF,,Real Estate,Japan,JP,JP3050560006,smt selected j-reit active
273A,SBI Saudi Arabia Equity Exchange Traded Fund,TSE,ETF,,Equity,Japan,JP,JP3050570005,sbi saudi arabia equity
282A,Global X Japan Semiconductor Top 10 ETF,TSE,ETF,,Equity,Japan,JP,JP3050580004,japan semiconductor top 10
283A,Global X US Tech Dividend Aristocrats ETF,TSE,ETF,,Equity,Japan,JP,JP3050590003,us tech dividend aristocrats
294A,NEXT FUNDS MSCI Global Climate 500 Japan Selection Index Exchange Traded Fund,TSE,ETF,,Equity,Japan,JP,JP3050600000,next funds msci global climate 500 japan selection
295A,One ETF FTSE Saudi Arabia Index,TSE,ETF,,Equity,Japan,JP,JP3050610009,one ftse saudi arabia
313A,iShares S&P 500 Top 20 ETF,TSE,ETF,,Equity,Japan,JP,JP3050620008,
314A,iShares Gold ETF,TSE,ETF,,Commodity,Japan,JP,JP3050630007,
315A,Global X Japan Bank High Dividend ETF,TSE,ETF,,Equity,Japan,JP,JP3050640006,japan bank high dividend
316A,iFreeETF FANG+,TSE,ETF,,Equity,Japan,JP,JP3050650005,ifreeetf fang
318A,SIMPLEX VIX Short-Term Futures ETF,TSE,ETF,,Other,Japan,JP,JP3050660004,simplex vix short-term futures
328A,Global X Japan Pricing Power Leaders ETF,TSE,ETF,,Equity,Japan,JP,JP3050670003,japan pricing power leaders
346A,NEXT FUNDS S&P 500 Semiconductors & Semiconductor Equipment (Industry Group) 35% Capped Index Exchange Traded Fund,TSE,ETF,,Equity,Japan,JP,JP3050680002,
348A,MAXIS Yomiuri333 Japan Stock ETF,TSE,ETF,,Equity,Japan,JP,JP3050690001,maxis yomiuri333 japan stock
349A,SMDAM Active ETF Japan Growth Equity,TSE,ETF,,Equity,Japan,JP,JP3050700008,smdam active japan growth equity
354A,iFreeETF Bloomberg Japan High Dividend 50 Index,TSE,ETF,,Equity,Japan,JP,JP3050710007,ifreeetf bloomberg japan high dividend 50
356A,Global X S&P 500 Cash Flow Top 100 ETF,TSE,ETF,,Money Market,Japan,JP,JP3050720006,s&p 500 cash flow top 100
360A,TSE REIT Core ETF,TSE,ETF,,Real Estate,Japan,JP,JP3050730005,tse reit core
363A,iFreeETF FTSE100,TSE,ETF,,Equity,Japan,JP,JP3050740004,ifreeetf ftse100
364A,NEXT FUNDS S&P 500 Dividend Aristocrats Index Exchange Traded Fund,TSE,ETF,,Equity,Japan,JP,JP3050750003,next funds s&p 500 dividend aristocrats
376A,NEXT FUNDS Bloomberg US Treasury Bond (7-10 year) Index (75% Yen-Hedged) Exchange Traded Fund,TSE,ETF,,Fixed Income,Japan,JP,JP3050760002,next funds bloomberg us treasury bond 7-10 year 75% yen
379A,Global X S&P 500 ETF (Dynamic Protection),TSE,ETF,,Equity,Japan,JP,JP3050770001,s&p 500 dynamic protection
380A,Global X China Tech ETF,TSE,ETF,,Equity,Japan,JP,JP3050780000,china tech
381A,iFreeETF US Treasury Bond 3-5 Year (NON HEDGED),TSE,ETF,,Fixed Income,Japan,JP,JP3050790009,ifreeetf us treasury bond 3-5 year non
382A,iFreeETF US Treasury Bond 3-5 Year (JPY HEDGED),TSE,ETF,,Fixed Income,Japan,JP,JP3050800006,ifreeetf us treasury bond 3-5 year
383A,MAXIS S&P500 Equal Weight ETF,TSE,ETF,,Equity,Japan,JP,JP3050810005,maxis s&p500 equal weight
392A,iShares Nasdaq Top 30 ETF,TSE,ETF,,Equity,Japan,JP,JP3050820004,
394A,Sector Restructuring Select ETF TV,TSE,ETF,,Equity,Japan,JP,JP3050830003,sector restructuring select tv
395A,Sector Restructuring Select ETF Regional Banks,TSE,ETF,,Equity,Japan,JP,JP3050840002,sector restructuring select regional banks
396A,Sector Restructuring Select ETF Event-Driven REITs,TSE,ETF,,Alternative,Japan,JP,JP3050850001,sector restructuring select event-driven reits
399A,Listed Index Fund Nikkei 225 High Dividend Yield Stock 50,TSE,ETF,,Equity,Japan,JP,JP3050860000,listed nikkei 225 high dividend yield stock 50
401A,Kasumigaseki Hotel REIT Investment Corporation,TSE,Stock,Real Estate,,Japan,JP,JP3050870009,kasumigaseki hotel reit investment
404A,Global X China Tech Top 10 ETF,TSE,ETF,,Equity,Japan,JP,JP3050880008,china tech top 10
408A,iShares A.I. Global Innovation Active ETF,TSE,ETF,,Equity,Japan,JP,JP3050890007,a.i. global innovation active
412A,NEXT FUNDS TIP FactSet Taiwan Innovative Technology 50 Index Exchange Traded Fund,TSE,ETF,,Equity,Japan,JP,JP3050900004,next funds tip factset taiwan innovative technology 50
413A,iFreeETF Cathay Taiwan Tech Leader Index,TSE,ETF,,Equity,Japan,JP,JP3050910003,ifreeetf cathay taiwan tech leader
424A,Global X Gold ETF (JPY Hedged),TSE,ETF,,Commodity,Japan,JP,JP3050920002,
425A,Global X Gold ETF,TSE,ETF,,Commodity,Japan,JP,JP3050930001,
426A,Nissay ETF S&P500 Equal Weight (Currency Unhedged),TSE,ETF,,Equity,Japan,JP,JP3050940000,nissay s&p500 equal weight currency
435A,iFreeETF Japan Equity Dividend Rotation Strategy,TSE,ETF,,Equity,Japan,JP,JP3050950009,ifreeetf japan equity dividend rotation strategy
443A,iFreeETF Tokyo Stock Exchange REIT Index (Feb/May/Aug/Nov Dividend Type),TSE,ETF,,Equity,Japan,JP,JP3050960008,ifreeetf tokyo stock exchange reit feb//aug/nov dividend type
447A,State Street SPDR Gold ETF (JPY Unhedged),TSE,ETF,,Commodity,Japan,JP,JP3050970007,
448A,State Street SPDR Gold ETF (JPY Hedged),TSE,ETF,,Commodity,Japan,JP,JP3050980006,
449A,State Street SPDR S&P 500 ETF (JPY Unhedged),TSE,ETF,,Equity,Japan,JP,JP3050990005,
450A,State Street SPDR S&P 500 ETF (JPY Hedged),TSE,ETF,,Equity,Japan,JP,JP3051000002,
451A,State Street SPDR S&P 500 High Dividend ETF (JPY Unhedged),TSE,ETF,,Equity,Japan,JP,JP3051010001,state street spdr s&p 500 high dividend
452A,iShares S&P 500 Premium Income ETF,TSE,ETF,,Equity,Japan,JP,JP3051020000,s&p 500 premium income
453A,iShares 20+ Year US Treasury Bond Premium Income ETF,TSE,ETF,,Fixed Income,Japan,JP,JP3051030009,20+ year us treasury bond premium income
459A,Nomura High-yield J-REIT Index ETF,TSE,ETF,,Real Estate,Japan,JP,JP3051040008,nomura high-yield j-reit
461A,MAXIS Japan Equity High Dividend SMART 50 ETF,TSE,ETF,,Equity,Japan,JP,JP3051050007,maxis japan equity high dividend smart 50
465A,Global X Japan Nikkei 225 Shareholder Return 40 ETF,TSE,ETF,,Equity,Japan,JP,JP3051060006,japan nikkei 225 shareholder return 40
466A,Global X Defense Tech ETF,TSE,ETF,,Equity,Japan,JP,JP3051070005,defense tech
467A,Global X USD Investment Grade Corporate Bond ETF (JPY Hedged),TSE,ETF,,Fixed Income,Japan,JP,JP3051080004,
468A,Global X USD Investment Grade Corporate Bond ETF,TSE,ETF,,Fixed Income,Japan,JP,JP3051090003,
473A,Nissay ETF Nikkei 225 Index,TSE,ETF,,Equity,Japan,JP,JP3051100000,nissay nikkei 225
486A,NEXT FUNDS EURO STOXX 50 (Unhedged) Exchange Traded Fund,TSE,ETF,,Equity,Japan,JP,JP3051110009,next funds euro stoxx 50
487A,NEXT FUNDS German Equity DAX (Unhedged) Exchange Traded Fund,TSE,ETF,,Equity,Japan,JP,JP3051120008,next funds german equity dax
488A,iShares Yen Appreciation Focus ETF,TSE,ETF,,Equity,Japan,JP,JP3051130007,yen appreciation focus
489A,TSE REIT Logistics Focus ETF,TSE,ETF,,Real Estate,Japan,JP,JP3051140006,tse reit logistics focus
491A,iShares S&P 500 Ex-Financials JPY Hedged ETF,TSE,ETF,,Equity,Japan,JP,JP3051150005,s&p 500 ex-financials
492A,One ETF Japanese Government Bond High Coupon (Average Duration Below Ten Years),TSE,ETF,,Fixed Income,Japan,JP,JP3051160004,one japanese government bond high coupon average duration below ten years
493A,One ETF Japanese Government Bond 1-3 years,TSE,ETF,,Fixed Income,Japan,JP,JP3051170003,one japanese government bond 1-3 years
494A,One ETF Japanese Government Bond 3-7 years,TSE,ETF,,Fixed Income,Japan,JP,JP3051180002,one japanese government bond 3-7 years
495A,One ETF Japanese Government Bond 7-10 years,TSE,ETF,,Fixed Income,Japan,JP,JP3051190001,one japanese government bond 7-10 years
496A,One ETF Japanese Government Bond 17-20 years,TSE,ETF,,Fixed Income,Japan,JP,JP3051200008,one japanese government bond 17-20 years
502A,Global X JPY Ultra Short-Term Bond ETF,TSE,ETF,,Other,Japan,JP,JP3051210007,
509A,Green Light Renewable Energy Infrastructure Fund,TSE,ETF,,Equity,Japan,JP,JP3051220006,green light renewable energy infrastructure
512A,Global X Stablecoins & Tokenization ETF (ex-Japan),TSE,ETF,,Alternative,Japan,JP,JP3051230005,stablecoins & tokenization ex-japan
513A,Global X Japan Defense Tech ETF,TSE,ETF,,Equity,Japan,JP,JP3051240004,japan defense tech
515A,iShares JPY Investment Grade Corporate Bond Active ETF,TSE,ETF,,Fixed Income,Japan,JP,JP3051250003,investment grade corporate bond active
516A,iFreeETF US Dollar Bull (1x),TSE,ETF,,Other,Japan,JP,JP3051260002,ifreeetf us dollar bull 1x
517A,iFreeETF US Dollar Bear (1x),TSE,ETF,,Other,Japan,JP,JP3051270001,ifreeetf us dollar bear 1x
518A,NEXT FUNDS FTSE Japan ex-REITs High Income Cash Flow 50 Index Exchange Traded Fund,TSE,ETF,,Equity,Japan,JP,JP3051280000,next funds ftse japan ex-reits high income cash flow 50
521A,iFreeETF FANG+GOLD,TSE,ETF,,Commodity,Japan,JP,JP3051290009,ifreeetf fang+gold
526A,JPX Startup100 ETF,TSE,ETF,,Equity,Japan,JP,JP3051300006,jpx startup100
530A,NZAM ETF J-REIT Index(2 5 8 11),TSE,ETF,,Real Estate,Japan,JP,JP3051310005,nzam j-reit 2 5 8 11
531A,NZAM ETF Nikkei High Dividend 50,TSE,ETF,,Equity,Japan,JP,JP3051320004,nzam nikkei high dividend 50
532A,NZAM ETF TOPIX High Dividend 40,TSE,ETF,,Equity,Japan,JP,JP3051330003,nzam topix high dividend 40
533A,NZAM ETF S&P500(Unhedged),TSE,ETF,,Equity,Japan,JP,JP3051340002,
534A,NZAM ETF NASDAQ100(Unhedged),TSE,ETF,,Equity,Japan,JP,JP3051350001,
535A,NZAM ETF DAX(Unhedged),TSE,ETF,,Equity,Japan,JP,JP3051360000,nzam dax
536A,NZAM ETF MSCI-KOKUSAI(Unhedged),TSE,ETF,,Equity,Japan,JP,JP3051370009,nzam msci-kokusai
537A,NZAM ETF MSCI ACWI(Unhedged),TSE,ETF,,Equity,Japan,JP,JP3051380008,nzam msci acwi
538A,NZAM ETF US Treasury 7-10Y(Unhedged),TSE,ETF,,Fixed Income,Japan,JP,JP3051390007,
539A,NZAM ETF FTSE WGBI ex Japan(Unhedged),TSE,ETF,,Fixed Income,Japan,JP,JP3051400004,nzam ftse wgbi ex japan
540A,Listed Index Fund Nikkei Bank Stock Top 10,TSE,ETF,,Equity,Japan,JP,JP3051410003,listed nikkei bank stock top 10
541A,One ETF TOPIX High Dividend Growth Index,TSE,ETF,,Equity,Japan,JP,JP3051420002,one topix high dividend growth
552A,MAXIS US AI Infrastructure Equity ETF,TSE,ETF,,Equity,Japan,JP,JP3051430001,maxis us ai infrastructure equity
543A,Archion Corp,TSE,Stock,Industrials,,Japan,JP,JP3100020001,archion
6085,ARCHITECTS STUDIO JAPAN INC.,TSE,Stock,Industrials,,Japan,JP,JP3100030000,architects studio japan
9842,ARCLANDS CORPORATION,TSE,Stock,Consumer Discretionary,,Japan,JP,JP3100100001,arclands
3927,Fuva Brain Limited,TSE,Stock,Information Technology,,Japan,JP,JP3100110000,fuva brain
4985,Earth Corporation,TSE,Stock,Consumer Staples,,Japan,JP,JP3100190002,earth
7823,ARTNATURE INC.,TSE,Stock,Consumer Staples,,Japan,JP,JP3100210008,artnature
3242,"URBANET CORPORATION CO.,LTD.",TSE,Stock,Real Estate,,Japan,JP,JP3100230006,urbanet
3248,"EARLY AGE CO.,Ltd.",TSE,Stock,Real Estate,,Japan,JP,JP3100280001,
4664,JAPAN RELIANCE SERVICE CORPORATION,TSE,Stock,Industrials,,Japan,JP,JP3100300007,japan reliance service
2992,URBAN LiKE INC.,TSE,Stock,Real Estate,,Japan,JP,JP3100320005,urban like
3445,"RS Technologies Co.,Ltd.",TSE,Stock,Information Technology,,Japan,JP,JP3100350002,rs technologies
7837,"R.C.CORE CO.,LTD.",TSE,Stock,Consumer Discretionary,,Japan,JP,JP3100450000,r.c.core
7523,"ART VIVANT CO.,LTD.",TSE,Stock,Consumer Discretionary,,Japan,JP,JP3100500002,art vivant
2983,"Arr Planner Co.,Ltd.",TSE,Stock,Real Estate,,Japan,JP,JP3100570005,arr planner
5852,AHRESTY CORPORATION,TSE,Stock,Materials,,Japan,JP,JP3100600000,ahresty
7509,I.A GROUP CORPORATION,TSE,Stock,Consumer Discretionary,,Japan,JP,JP3100630007,i.a group
343A,IACE TRAVEL Corporation.,TSE,Stock,Consumer Discretionary,,Japan,JP,JP3100660004,iace travel
132A,"IN Holdings Co.,LTD.",TSE,Stock,Industrials,,Japan,JP,JP3100670003,in holdings
9702,ISB CORPORATION,TSE,Stock,Information Technology,,Japan,JP,JP3100700008,
9753,IX Knowledge Incorporated,TSE,Stock,Information Technology,,Japan,JP,JP3100720006,ix knowledge
7760,IMV CORPORATION,TSE,Stock,Industrials,,Japan,JP,JP3100760002,
4206,"Aica Kogyo Company,Limited",TSE,Stock,Materials,,Japan,JP,JP3100800006,aica kogyo
9226,IGER Inc.,TSE,Stock,Industrials,,Japan,JP,JP3100900004,
9854,"AIGAN CO.,LTD.",TSE,Stock,Consumer Discretionary,,Japan,JP,JP3101000002,aigan
4495,"i Cubed Systems,Inc.",TSE,Stock,Information Technology,,Japan,JP,JP3101050007,i cubed systems
2198,IKK Holdings Inc.,TSE,Stock,Consumer Discretionary,,Japan,JP,JP3101120008,ikk holdings
3377,BIKE O & COMPANY Ltd.,TSE,Stock,Consumer Discretionary,,Japan,JP,JP3101150005,
7283,"AISAN INDUSTRY CO.,LTD.",TSE,Stock,Consumer Discretionary,,Japan,JP,JP3101600009,aisan industry
4667,"AISAN TECHNOLOGY CO.,LTD.",TSE,Stock,Information Technology,,Japan,JP,JP3101800005,aisan technology|aisan
8708,"AIZAWA SECURITIES GROUP CO.,LTD.",TSE,Stock,Financials,,Japan,JP,JP3101850000,aizawa securities group
7259,AISIN CORPORATION,TSE,Stock,Consumer Discretionary,,Japan,JP,JP3102000001,aisin
3660,istyle Inc.,TSE,Stock,Consumer Discretionary,,Japan,JP,JP3102320003,istyle
7698,Iceco Inc.,TSE,Stock,Consumer Staples,,Japan,JP,JP3102330002,iceco
9348,"ispace,inc.",TSE,Stock,Industrials,,Japan,JP,JP3102360009,ispace
2990,"Aida Sekkei Co.,Ltd.",TSE,Stock,Real Estate,,Japan,JP,JP3102600008,aida sekkei
6345,AICHI CORPORATION,TSE,Stock,Industrials,,Japan,JP,JP3103200006,aichi
5482,AICHI STEEL CORPORATION,TSE,Stock,Materials,,Japan,JP,JP3103600007,aichi steel
444A,"Aitel Co.,Ltd.",TSE,Stock,Industrials,,Japan,JP,JP3104750009,aitel
7389,"Aichi Financial Group,Inc.",TSE,Stock,Financials,,Japan,JP,JP3104790005,aichi financial group
7111,"INEST,Inc.",TSE,Stock,Industrials,,Japan,JP,JP3104810001,inest
7345,Ai Partners Financial Inc.,TSE,Stock,Financials,,Japan,JP,JP3104820000,ai partners financial
4177,"i-plug,Inc.",TSE,Stock,Industrials,,Japan,JP,JP3104830009,i-plug
2148,ITmedia Inc.,TSE,Stock,Communication Services,,Japan,JP,JP3104880004,itmedia
3626,TIS Inc.,TSE,Stock,Information Technology,,Japan,JP,JP3104890003,
4390,"IPS,Inc.",TSE,Stock,Information Technology,,Japan,JP,JP3104910009,
3920,"Internetworking and Broadband Consulting Co.,Ltd.",TSE,Stock,Information Technology,,Japan,JP,JP3104940006,internetworking and broadband consulting
6071,"IBJ,Inc.",TSE,Stock,Consumer Discretionary,,Japan,JP,JP3104960004,
4335,"IPS HOLDINGS CO.,LTD.",TSE,Stock,Information Technology,,Japan,JP,JP3104980002,ips holdings
4918,IVY COSMETICS CORPORATION,TSE,Stock,Consumer Staples,,Japan,JP,JP3104990001,ivy cosmetics
9742,INES Corporation,TSE,Stock,Information Technology,,Japan,JP,JP3105000008,
7833,IFIS JAPAN LTD.,TSE,Stock,Financials,,Japan,JP,JP3105070001,ifis japan
3845,I-FREEK MOBILE INC.,TSE,Stock,Communication Services,,Japan,JP,JP3105080000,i-freek mobile
3076,Ai Holdings Corporation,TSE,Stock,Industrials,,Japan,JP,JP3105090009,ai holdings
3854,I'LL INC,TSE,Stock,Information Technology,,Japan,JP,JP3105180008,
3917,"iRidge,Inc.",TSE,Stock,Information Technology,,Japan,JP,JP3105190007,iridge
7325,IRRC Corporation,TSE,Stock,Financials,,Japan,JP,JP3105230001,
9627,AIN HOLDINGS INC.,TSE,Stock,Consumer Staples,,Japan,JP,JP3105250009,ain holdings
3758,Aeria Inc.,TSE,Stock,Communication Services,,Japan,JP,JP3105290005,aeria
7373,"Aidma Holdings,Inc.",TSE,Stock,Industrials,,Japan,JP,JP3105340008,aidma holdings
9343,ibis inc.,TSE,Stock,Information Technology,,Japan,JP,JP3105360006,
5591,AVILEN Inc.,TSE,Stock,Information Technology,,Japan,JP,JP3105370005,avilen
8214,AOKI Holdings Inc.,TSE,Stock,Consumer Discretionary,,Japan,JP,JP3105400000,aoki holdings
8219,"AOYAMA TRADING Co.,Ltd.",TSE,Stock,Consumer Discretionary,,Japan,JP,JP3106200003,aoyama trading
6022,Akasaka Diesels Ltd.,TSE,Stock,Industrials,,Japan,JP,JP3106800000,akasaka diesels
3932,Akatsuki Inc.,TSE,Stock,Communication Services,,Japan,JP,JP3107000006,
7918,"VIA Holdings,Inc.",TSE,Stock,Consumer Discretionary,,Japan,JP,JP3107200002,via holdings
1380,"AKIKAWA FOODS & FARMS CO.,LTD.",TSE,Stock,Consumer Staples,,Japan,JP,JP3107400008,akikawa foods & farms
8343,"THE AKITA BANK,LTD.",TSE,Stock,Financials,,Japan,JP,JP3107600003,the akita bank
6173,Aqualine Ltd.,TSE,Stock,Industrials,,Japan,JP,JP3107990008,aqualine
1381,"AXYZ CO.,Ltd.",TSE,Stock,Consumer Staples,,Japan,JP,JP3108030002,
4813,"ACCESS CO.,LTD.",TSE,Stock,Information Technology,,Japan,JP,JP3108060009,access
3823,"THE WHY HOW DO COMPANY,Inc.",TSE,Stock,Information Technology,,Japan,JP,JP3108120001,the why how do
3536,"AXAS HOLDINGS CO.,LTD.",TSE,Stock,Real Estate,,Japan,JP,JP3108160007,axas holdings
4395,Accrete Inc.,TSE,Stock,Communication Services,,Japan,JP,JP3108180005,accrete
7042,"ACCESS GROUP HOLDINGS CO.,LTD.",TSE,Stock,Industrials,,Japan,JP,JP3108190004,access group holdings
4012,"AXIS CO.,LTD.",TSE,Stock,Information Technology,,Japan,JP,JP3108210000,
4936,AXXZIA Inc.,TSE,Stock,Consumer Staples,,Japan,JP,JP3108220009,axxzia
9344,Axis Consulting Corporation,TSE,Stock,Industrials,,Japan,JP,JP3108230008,axis consulting
271A,"Accelia,Inc.",TSE,Stock,Communication Services,,Japan,JP,JP3108240007,accelia
402A,Axelspace Holdings Corporation,TSE,Stock,Industrials,,Japan,JP,JP3108250006,axelspace holdings
351A,AXIS IT Partners Corp.,TSE,Stock,Communication Services,,Japan,JP,JP3108260005,axis it partners
439A,ACTBE Inc.,TSE,Stock,Communication Services,,Japan,JP,JP3108270004,actbe
9330,AGEHA Inc.,TSE,Stock,Industrials,,Japan,JP,JP3108300009,ageha
7238,"AKEBONO BRAKE INDUSTRY CO.,LTD.",TSE,Stock,Consumer Discretionary,,Japan,JP,JP3108400007,akebono brake industry
8572,"ACOM CO.,LTD.",TSE,Stock,Financials,,Japan,JP,JP3108600002,
5962,"ASAKA INDUSTRIAL CO.,LTD.",TSE,Stock,Industrials,,Japan,JP,JP3108800008,asaka industrial
5724,"Asaka Riken Co.,Ltd.",TSE,Stock,Materials,,Japan,JP,JP3109000004,asaka riken
9311,ASAGAMI CORPORATION,TSE,Stock,Industrials,,Japan,JP,JP3109600001,asagami
7678,"ASAKUMA CO.,LTD.",TSE,Stock,Consumer Discretionary,,Japan,JP,JP3109700009,asakuma
8772,"ASAX CO.,LTD.",TSE,Stock,Financials,,Japan,JP,JP3109900005,
1852,ASANUMA CORPORATION,TSE,Stock,Industrials,,Japan,JP,JP3110000001,asanuma
3333,"ASAHI CO.,LTD.",TSE,Stock,Consumer Discretionary,,Japan,JP,JP3110500000,asahi
3951,"ASAHI PRINTING CO.,LTD.",TSE,Stock,Materials,,Japan,JP,JP3110600008,asahi printing
7928,"ASAHI KAGAKU KOGYO CO.,LTD.",TSE,Stock,Industrials,,Japan,JP,JP3111000000,asahi kagaku kogyo
3407,ASAHI KASEI CORPORATION,TSE,Stock,Materials,,Japan,JP,JP3111200006,asahi kasei
ASGLF,AGC Inc,OTC,Stock,Materials,,Japan,JP,JP3112000009,
1975,"ASAHI KOGYOSHA CO.,LTD.",TSE,Stock,Industrials,,Japan,JP,JP3112800002,asahi kogyosha
5268,"ASAHI CONCRETE WORKS CO.,LTD.",TSE,Stock,Materials,,Japan,JP,JP3113200004,asahi concrete works
9799,"ASAHI INTELLIGENCE SERVICE CO.,LTD.",TSE,Stock,Information Technology,,Japan,JP,JP3113400000,asahi intelligence service
3834,"Asahi Net,Inc.",TSE,Stock,Communication Services,,Japan,JP,JP3115800009,asahi net
2502,"Asahi Group Holdings,Ltd.",TSE,Stock,Consumer Staples,,Japan,JP,JP3116000005,asahi group holdings
4623,ASAHIPEN CORPORATION,TSE,Stock,Materials,,Japan,JP,JP3116400007,asahipen
5857,"ARE Holdings,Inc.",TSE,Stock,Materials,,Japan,JP,JP3116700000,are holdings
9405,ASAHI BROADCASTING GROUP HOLDINGS CORPORATION,TSE,Stock,Communication Services,,Japan,JP,JP3116800008,asahi broadcasting group holdings
4216,ASAHI YUKIZAI CORPORATION,TSE,Stock,Industrials,,Japan,JP,JP3117200000,asahi yukizai
6073,ASANTE INCORPORATED,TSE,Stock,Industrials,,Japan,JP,JP3117350003,asante
9959,"ASEED HOLDINGS CO.,LTD.",TSE,Stock,Consumer Staples,,Japan,JP,JP3117400006,aseed holdings
7936,ASICS Corporation,TSE,Stock,Consumer Discretionary,,Japan,JP,JP3118000003,asics
7378,ASIRO Inc.,TSE,Stock,Industrials,,Japan,JP,JP3118600000,asiro
4261,"AsiaQuest Co.,Ltd.",TSE,Stock,Information Technology,,Japan,JP,JP3118700008,asiaquest
9233,"Asia Air Survey Co.,Ltd.",TSE,Stock,Industrials,,Japan,JP,JP3118800006,asia air survey
7893,PRONEXUS INC.,TSE,Stock,Industrials,,Japan,JP,JP3119000002,pronexus
2907,"AHJIKAN CO.,LTD.",TSE,Stock,Consumer Staples,,Japan,JP,JP3119400004,ahjikan
2802,"Ajinomoto Co.,Inc.",TSE,Stock,Consumer Staples,,Japan,JP,JP3119600009,ajinomoto
6573,Cravia Inc,TSE,Stock,Consumer Discretionary,,Japan,JP,JP3119610008,cravia
4929,"ADJUVANT HOLDINGS CO.,LTD.",TSE,Stock,Consumer Staples,,Japan,JP,JP3119620007,adjuvant holdings
246A,ASUA Inc.,TSE,Stock,Industrials,,Japan,JP,JP3119640005,
4886,"ASKA Pharmaceutical Holdings Co.,Ltd.",TSE,Stock,Health Care,,Japan,JP,JP3119660003,aska pharmaceutical holdings
5391,A&A Material Corporation,TSE,Stock,Materials,,Japan,JP,JP3119800005,a&a material
186A,Astroscale Holdings Inc.,TSE,Stock,Industrials,,Japan,JP,JP3119820003,astroscale holdings
229A,Asumi HD Inc.,TSE,Stock,Industrials,,Japan,JP,JP3119830002,asumi hd
160A,"As Partners CO.,LTD.",TSE,Stock,Health Care,,Japan,JP,JP3119840001,as partners
9223,"ASNOVA Co.,Ltd.",TSE,Stock,Industrials,,Japan,JP,JP3119850000,asnova
6522,Asterisk Inc.,TSE,Stock,Information Technology,,Japan,JP,JP3119860009,asterisk
4197,"ASMARQ Co.,Ltd.",TSE,Stock,Industrials,,Japan,JP,JP3119870008,asmarq
3496,"AZOOM CO.,LTD",TSE,Stock,Real Estate,,Japan,JP,JP3119880007,azoom
4288,"Asgent,Inc.",TSE,Stock,Information Technology,,Japan,JP,JP3119910002,asgent
2678,ASKUL Corporation,TSE,Stock,Consumer Discretionary,,Japan,JP,JP3119920001,askul
8008,YONDOSHI HOLDINGS INC.,TSE,Stock,Consumer Discretionary,,Japan,JP,JP3119950008,yondoshi holdings
3161,AZEARTH Corporation,TSE,Stock,Consumer Discretionary,,Japan,JP,JP3120070002,azearth
9340,"ASO INTERNATIONAL,INC.",TSE,Stock,Health Care,,Japan,JP,JP3120120005,aso international
2788,"APPLE INTERNATIONAL CO.,LTD.",TSE,Stock,Industrials,,Japan,JP,JP3121170009,apple international
9380,"Azuma Shipping Co.,Ltd.",TSE,Stock,Industrials,,Japan,JP,JP3121190007,azuma shipping
164A,"Applepark.CO.,LTD.",TSE,Stock,Real Estate,,Japan,JP,JP3121250009,applepark
4241,atect corporation,TSE,Stock,Industrials,,Japan,JP,JP3121300002,atect
7093,"adish Co.,Ltd.",TSE,Stock,Information Technology,,Japan,JP,JP3121500007,adish
4625,"ATOMIX CO.,LTD.",TSE,Stock,Materials,,Japan,JP,JP3121800001,atomix
9563,Atlas Technologies Corporation,TSE,Stock,Industrials,,Japan,JP,JP3121870004,atlas technologies|atlas
6029,Artra Group Corporation,TSE,Stock,Health Care,,Japan,JP,JP3121920007,artra group
7463,"ADVAN GROUP CO.,LTD.",TSE,Stock,Industrials,,Japan,JP,JP3121950004,advan group
A02,Adways Inc,FSX,Stock,,,Japan,JP,JP3121970002,
3837,Ad-Sol Nissin Corporation,TSE,Stock,Information Technology,,Japan,JP,JP3122030004,ad-sol nissin
8798,"Advance Create Co.,Ltd.",TSE,Stock,Financials,,Japan,JP,JP3122100005,advance create
3773,"Advanced Media,Inc.",TSE,Stock,Information Technology,,Japan,JP,JP3122150000,advanced media
6030,"Adventure,Inc.",TSE,Stock,Consumer Discretionary,,Japan,JP,JP3122380003,adventure
VAN,Advantest Corporation,FSX,Stock,,,Japan,JP,JP3122400009,advantest
8769,"Advantage Risk Management Co.,Ltd.",TSE,Stock,Industrials,,Japan,JP,JP3122410008,advantage risk management
8715,"Anicom Holdings,Inc.",TSE,Stock,Financials,,Japan,JP,JP3122440005,anicom holdings
6381,ANEST IWATA Corporation,TSE,Stock,Industrials,,Japan,JP,JP3122450004,anest iwata
6087,"ABIST Co.,Ltd.",TSE,Stock,Industrials,,Japan,JP,JP3122480001,abist
7836,"AVIX,Inc.",TSE,Stock,Consumer Discretionary,,Japan,JP,JP3122530003,
7539,"AINAVO HOLDINGS Co.,Ltd.",TSE,Stock,Industrials,,Japan,JP,JP3122570009,ainavo holdings
3727,Aplix Corporation,TSE,Stock,Information Technology,,Japan,JP,JP3122610003,aplix
3020,"Applied Co.,Ltd.",TSE,Stock,Consumer Discretionary,,Japan,JP,JP3122630001,applied
5574,"ABEJA,Inc.",TSE,Stock,Information Technology,,Japan,JP,JP3122650009,abeja
134A,"UPraise,Inc",TSE,Stock,Industrials,,Japan,JP,JP3122660008,upraise
3070,"JELLY BEANS GROUP Co.,Ltd.",TSE,Stock,Consumer Discretionary,,Japan,JP,JP3122670007,jelly beans group
5952,Amatei Incorporated,TSE,Stock,Industrials,,Japan,JP,JP3124000005,amatei
6436,Amano Corporation,TSE,Stock,Industrials,,Japan,JP,JP3124400007,amano
2195,"AMITA HOLDINGS CO.,LTD.",TSE,Stock,Industrials,,Japan,JP,JP3124440003,amita holdings
7800,"Amifa Co.,Ltd.",TSE,Stock,Consumer Discretionary,,Japan,JP,JP3124470000,amifa
4258,AMIYA Corporation,TSE,Stock,Information Technology,,Japan,JP,JP3124490008,amiya
4301,AMUSE INC.,TSE,Stock,Communication Services,,Japan,JP,JP3124500004,amuse
5616,"Ame Kaze Taiyo,Inc.",TSE,Stock,Consumer Staples,,Japan,JP,JP3124690003,ame kaze taiyo
2927,"AFC-HD AMS Life Science Co.,Ltd.",TSE,Stock,Consumer Staples,,Japan,JP,JP3124700000,afc-hd ams life science
4424,"Amazia,inc.",TSE,Stock,Communication Services,,Japan,JP,JP3124740006,amazia
6081,"Allied Architects,Inc.",TSE,Stock,Communication Services,,Japan,JP,JP3124850003,allied architects
ATSKF,Allied Telesis Holdings K.K,OTC,Stock,Information Technology,,Japan,JP,JP3124900006,allied telesis holdings
7305,"ARAYA INDUSTRIAL CO.,LTD.",TSE,Stock,Materials,,Japan,JP,JP3125600001,araya industrial
4015,Paycloud Holdings Inc.,TSE,Stock,Information Technology,,Japan,JP,JP3125700009,paycloud holdings
2815,"ARIAKE JAPAN Co.,Ltd.",TSE,Stock,Consumer Staples,,Japan,JP,JP3125800007,ariake japan
3177,"ARIGATOU SERVICES COMPANY,LIMITED",TSE,Stock,Consumer Discretionary,,Japan,JP,JP3125850002,arigatou services
5933,ALINCO INCORPORATED,TSE,Stock,Industrials,,Japan,JP,JP3126100001,alinco
7595,ARGO GRAPHICS Inc.,TSE,Stock,Information Technology,,Japan,JP,JP3126110000,argo graphics
6778,"Artiza Networks,Inc.",TSE,Stock,Information Technology,,Japan,JP,JP3126140007,artiza networks
9972,"ALTECH CO.,LTD.",TSE,Stock,Industrials,,Japan,JP,JP3126150006,
2341,"ARBEIT-TIMES CO.,LTD.",TSE,Stock,Industrials,,Japan,JP,JP3126180003,arbeit-times
ULVAF,ULVAC Inc,OTC,Stock,Industrials,,Japan,JP,JP3126190002,ulvac
2163,"ARTNER CO.,LTD.",TSE,Stock,Industrials,,Japan,JP,JP3126230006,artner
5537,"AlbaLink Co.,Ltd.",TSE,Stock,Real Estate,,Japan,JP,JP3126270002,albalink
7475,"ALBIS Co.,Ltd.",TSE,Stock,Consumer Staples,,Japan,JP,JP3126300007,albis
4719,ALPHA SYSTEMS INC.,TSE,Stock,Information Technology,,Japan,JP,JP3126330004,alpha systems
2784,Alfresa Holdings Corporation,TSE,Stock,Health Care,,Japan,JP,JP3126340003,alfresa holdings
4641,Altech Corporation,TSE,Stock,Industrials,,Japan,JP,JP3126350002,
6770,Alps Alpine Co Ltd,TSE,Stock,Information Technology,,Japan,JP,JP3126400005,alps alpine
9467,"AlphaPolis Co.,Ltd.",TSE,Stock,Communication Services,,Japan,JP,JP3126410004,alphapolis
297A,"ALPICO HOLDINGS CO.,LTD.",TSE,Stock,Consumer Discretionary,,Japan,JP,JP3126430002,alpico holdings
4932,"ALMADO,INC.",TSE,Stock,Consumer Staples,,Japan,JP,JP3126480007,almado
5928,"ALMETAX MANUFACTURING CO,LTD.",TSE,Stock,Industrials,,Japan,JP,JP3126500002,almetax manufacturing
7859,ALMEDIO INC.,TSE,Stock,Information Technology,,Japan,JP,JP3126520000,almedio
8388,"The Awa Bank,Ltd.",TSE,Stock,Financials,,Japan,JP,JP3126800006,the awa bank
3896,"AWA PAPER & TECHNOLOGICAL COMPANY,Inc.",TSE,Stock,Materials,,Japan,JP,JP3127000002,awa paper & technological
2994,"Answer Holdings Co.,Ltd",TSE,Stock,Real Estate,,Japan,JP,JP3127630006,answer holdings
7183,"Anshin Guarantor Service Co.,Ltd.",TSE,Stock,Financials,,Japan,JP,JP3127650004,anshin guarantor service
AJW,AnGes Inc,FSX,Stock,,,Japan,JP,JP3127700007,anges
3300,"AMBITION DX HOLDINGS Co.,Ltd.",TSE,Stock,Real Estate,,Japan,JP,JP3128650003,ambition dx holdings
7562,"ANRAKUTEI Co.,Ltd",TSE,Stock,Consumer Discretionary,,Japan,JP,JP3128700006,anrakutei
AITUF,Anritsu Corporation,OTC,Stock,Information Technology,,Japan,JP,JP3128800004,
6083,"ERI HOLDINGS CO.,LTD.",TSE,Stock,Industrials,,Japan,JP,JP3130050002,eri holdings
4820,"EM SYSTEMS CO.,LTD.",TSE,Stock,Information Technology,,Japan,JP,JP3130200003,em systems
6050,E-Guardian Inc.,TSE,Stock,Industrials,,Japan,JP,JP3130230000,e-guardian
3840,PATH Corporation,TSE,Stock,Consumer Discretionary,,Japan,JP,JP3130250008,
8771,"eGuarantee,Inc.",TSE,Stock,Financials,,Japan,JP,JP3130300001,eguarantee
2153,E?J Holdings Inc.,TSE,Stock,Industrials,,Japan,JP,JP3130480001,ej holdings
253A,"ETS Group Co.,Ltd.",TSE,Stock,Industrials,,Japan,JP,JP3130710001,
7794,EDP Corporation,TSE,Stock,Consumer Discretionary,,Japan,JP,JP3130720000,
3835,"eBASE Co.,Ltd.",TSE,Stock,Information Technology,,Japan,JP,JP3130790003,ebase
9517,"eREX Co.,Ltd.",TSE,Stock,Utilities,,Japan,JP,JP3130830007,
6038,"IID,Inc.",TSE,Stock,Communication Services,,Japan,JP,JP3130840006,
9327,"e-LogiT co.,ltd.",TSE,Stock,Industrials,,Japan,JP,JP3130850005,e-logit
1997,"AKATSUKI EAZIMA CO.,LTD.",TSE,Stock,Industrials,,Japan,JP,JP3131000006,akatsuki eazima
3796,"e-Seikatsu Co.,Ltd.",TSE,Stock,Information Technology,,Japan,JP,JP3131050001,e-seikatsu
3291,"Iida Group Holdings Co.,Ltd.",TSE,Stock,Real Estate,,Japan,JP,JP3131090007,iida group holdings
9119,"IINO KAIUN KAISHA,LTD.",TSE,Stock,Industrials,,Japan,JP,JP3131200002,iino kaiun kaisha
7476,AS ONE CORPORATION,TSE,Stock,Industrials,,Japan,JP,JP3131300000,
9882,YELLOW HAT LTD.,TSE,Stock,Consumer Discretionary,,Japan,JP,JP3131350005,yellow hat
2334,eole Inc.,TSE,Stock,Industrials,,Japan,JP,JP3131380002,
8570,"AEON Financial Service Co.,Ltd.",TSE,Stock,Financials,,Japan,JP,JP3131400008,aeon financial service
4343,"AEON Fantasy Co.,LTD.",TSE,Stock,Consumer Discretionary,,Japan,JP,JP3131420006,aeon fantasy
7273,"IKUYO CO.,LTD.",TSE,Stock,Consumer Discretionary,,Japan,JP,JP3131500005,ikuyo
8714,"Senshu Ikeda Holdings,Inc.",TSE,Stock,Financials,,Japan,JP,JP3132600002,senshu ikeda holdings
4624,"Isamu Paint Co.,Ltd.",TSE,Stock,Materials,,Japan,JP,JP3133200000,isamu paint
365A,"IZAWA TOWEL CO.,LTD.",TSE,Stock,Consumer Discretionary,,Japan,JP,JP3133250005,izawa towel
2894,"Ishii Food Co.,Ltd.",TSE,Stock,Consumer Staples,,Japan,JP,JP3133600001,ishii food
6336,"ISHII HYOKI CO.,LTD.",TSE,Stock,Industrials,,Japan,JP,JP3134450000,ishii hyoki
IHICF,IHI Corporation,OTC,Stock,Industrials,,Japan,JP,JP3134800006,
4028,"ISHIHARA SANGYO KAISHA,LTD.",TSE,Stock,Materials,,Japan,JP,JP3136800004,ishihara sangyo kaisha
4462,"ISHIHARA CHEMICAL CO.,LTD.",TSE,Stock,Materials,,Japan,JP,JP3136900002,ishihara chemical
2750,"S.ISHIMITSU&CO.,LTD.",TSE,Stock,Consumer Staples,,Japan,JP,JP3136950007,s.ishimitsu
143A,"Ishin Co.,Ltd.",TSE,Stock,Industrials,,Japan,JP,JP3136970005,ishin
ISU,Isuzu Motors Limited,FSX,Stock,,,Japan,JP,JP3137200006,
551A,IZUMI group Inc.,TSE,Stock,Industrials,,Japan,JP,JP3138500008,izumi group
6310,"ISEKI & CO.,LTD.",TSE,Stock,Industrials,,Japan,JP,JP3139600005,iseki
168A,itamiarts inc.,TSE,Stock,Consumer Discretionary,,Japan,JP,JP3140900006,itamiarts
3513,"ICHIKAWA CO.,LTD.",TSE,Stock,Industrials,,Japan,JP,JP3141200000,ichikawa
1847,"ICHIKEN Co.,Ltd.",TSE,Stock,Industrials,,Japan,JP,JP3141400006,ichiken
7244,"ICHIKOH INDUSTRIES,LTD.",TSE,Stock,Consumer Discretionary,,Japan,JP,JP3141600001,ichikoh industries
4645,"ICHISHIN HOLDINGS CO.,LTD.",TSE,Stock,Consumer Discretionary,,Japan,JP,JP3141800007,ichishin holdings
9619,"ICHINEN HOLDINGS CO.,LTD.",TSE,Stock,Industrials,,Japan,JP,JP3142100001,ichinen holdings
7630,"ICHIBANYA CO.,LTD.",TSE,Stock,Consumer Discretionary,,Japan,JP,JP3142150006,ichibanya
8624,"Ichiyoshi Securities Co.,Ltd.",TSE,Stock,Financials,,Japan,JP,JP3142300007,ichiyoshi securities
8508,"J Trust Co.,Ltd.",TSE,Stock,Financials,,Japan,JP,JP3142350002,j trust
7127,"Ikka Holdings Co.,Ltd.",TSE,Stock,Consumer Discretionary,,Japan,JP,JP3142360001,ikka holdings
7355,"Issunbou Co.,Ltd.",TSE,Stock,Industrials,,Japan,JP,JP3142370000,issunbou
7694,itsumo.inc.,TSE,Stock,Information Technology,,Japan,JP,JP3142380009,itsumo
8260,"IZUTSUYA CO.,LTD.",TSE,Stock,Consumer Discretionary,,Japan,JP,JP3142400005,izutsuya
3140,"BRUNO,Inc.",TSE,Stock,Consumer Discretionary,,Japan,JP,JP3142450000,bruno
5019,"Idemitsu Kosan Co.,Ltd.",TSE,Stock,Energy,,Japan,JP,JP3142500002,idemitsu kosan
7972,ITOKI CORPORATION,TSE,Stock,Industrials,,Japan,JP,JP3142700008,itoki
ITOEF,Ito En Ltd,OTC,Stock,Consumer Staples,,Japan,JP,JP3143000002,ito en
8001,ITOCHU Corporation,TSE,Stock,Industrials,,Japan,JP,JP3143600009,itochu
2296,ITOHAM YONEKYU HOLDINGS INC.,TSE,Stock,Consumer Staples,,Japan,JP,JP3144500000,itoham yonekyu holdings
6049,ItoKuro Inc.,TSE,Stock,Communication Services,,Japan,JP,JP3144600008,itokuro
3421,"INABA SEISAKUSHO Co.,Ltd.",TSE,Stock,Consumer Discretionary,,Japan,JP,JP3145800003,inaba seisakusho
IBADF,Inaba Denki Sangyo Co.Ltd.,OTC,Stock,Industrials,,Japan,JP,JP3146200005,inaba denki sangyo
9308,"Inui Global Logistics Co.,Ltd.",TSE,Stock,Industrials,,Japan,JP,JP3146800002,inui global logistics
9880,INNOTECH CORPORATION,TSE,Stock,Information Technology,,Japan,JP,JP3147800001,innotech
504A,Innovacell Inc.,TSE,Stock,Health Care,,Japan,JP,JP3147850006,innovacell
3970,Innovation Inc.,TSE,Stock,Information Technology,,Japan,JP,JP3147900009,innovation
4062,"IBIDEN CO.,LTD.",TSE,Stock,Information Technology,,Japan,JP,JP3148800000,ibiden
5699,"IBOKIN Co.,Ltd.",TSE,Stock,Materials,,Japan,JP,JP3148970001,ibokin
4644,"Imagineer Co.,Ltd.",TSE,Stock,Communication Services,,Japan,JP,JP3149000006,imagineer
7266,"Imasen Electric Industrial Co.,Ltd.",TSE,Stock,Consumer Discretionary,,Japan,JP,JP3149100004,imasen electric industrial
7175,"The Imamura Securities Co.,Ltd.",TSE,Stock,Financials,,Japan,JP,JP3149120002,the imamura securities
3955,"IMURA & Co.,Ltd.",TSE,Stock,Materials,,Japan,JP,JP3149150009,imura
2209,"IMURAYA GROUP CO.,LTD.",TSE,Stock,Consumer Staples,,Japan,JP,JP3149200002,imuraya group
3803,Image Information Inc.,TSE,Stock,Information Technology,,Japan,JP,JP3149300000,image information
7793,IMAGE MAGIC Inc.,TSE,Stock,Consumer Discretionary,,Japan,JP,JP3149350005,image magic
2667,"ImageONE Co.,Ltd.",TSE,Stock,Industrials,,Japan,JP,JP3149400008,imageone
5830,"Iyogin Holdings,Inc.",TSE,Stock,Financials,,Japan,JP,JP3149700001,iyogin holdings
6908,Iriso Electronics Co Ltd,TSE,Stock,Information Technology,,Japan,JP,JP3149800009,iriso electronics
8707,"IwaiCosmo Holdings,Inc.",TSE,Stock,Financials,,Japan,JP,JP3149950002,iwaicosmo holdings
8095,"Astena Holdings Co.,Ltd.",TSE,Stock,Health Care,,Japan,JP,JP3150000002,astena holdings
IWA,Iwatani Corporation,FSX,Stock,,,Japan,JP,JP3151600008,iwatani
8345,"The Bank of Iwate,Ltd.",TSE,Stock,Financials,,Japan,JP,JP3152400002,the bank of iwate
4265,Institution for a Global Society Corporation,TSE,Stock,Information Technology,,Japan,JP,JP3152640003,institution for a global society
6656,inspec Inc.,TSE,Stock,Information Technology,,Japan,JP,JP3152650002,inspec
227A,"INSIGHT LAB,Inc.",TSE,Stock,Communication Services,,Japan,JP,JP3152660001,insight lab
6200,"Insource Co.,Ltd.",TSE,Stock,Industrials,,Japan,JP,JP3152670000,insource
245A,INGS inc.,TSE,Stock,Consumer Discretionary,,Japan,JP,JP3152680009,
279A,Interg Inc.,TSE,Stock,Industrials,,Japan,JP,JP3152690008,interg
2670,"ABC-MART,INC.",TSE,Stock,Consumer Discretionary,,Japan,JP,JP3152740001,abc-mart
9449,"GMO internet group,Inc.",TSE,Stock,Communication Services,,Japan,JP,JP3152750000,gmo internet group
4326,INTAGE HOLDINGS Inc.,TSE,Stock,Industrials,,Japan,JP,JP3152790006,intage holdings
3747,"INTERTRADE Co.,Ltd.",TSE,Stock,Information Technology,,Japan,JP,JP3152810002,intertrade
3774,Internet Initiative Japan Inc.,TSE,Stock,Communication Services,,Japan,JP,JP3152820001,internet initiative japan
2122,"Interspace Co.,Ltd.",TSE,Stock,Communication Services,,Japan,JP,JP3152830000,interspace
262A,INTERMESTIC INC.,TSE,Stock,Consumer Discretionary,,Japan,JP,JP3152840009,intermestic
6545,internet infinity INC.,TSE,Stock,Industrials,,Japan,JP,JP3152880005,internet infinity
7072,"Intimate Merger,Inc.",TSE,Stock,Information Technology,,Japan,JP,JP3152890004,intimate merger
5842,Integral Corporation,TSE,Stock,Financials,,Japan,JP,JP3152910000,integral
192A,Integroup Inc.,TSE,Stock,Financials,,Japan,JP,JP3152920009,integroup
463A,"INTELLEX HOLDINGS Co.,Ltd.",TSE,Stock,Real Estate,,Japan,JP,JP3153140003,intellex holdings
3237,"INTRANCE CO.,LTD.",TSE,Stock,Real Estate,,Japan,JP,JP3153170000,intrance
9556,INTLOOP Inc.,TSE,Stock,Industrials,,Japan,JP,JP3153180009,intloop
301A,"In-dex,Inc.",TSE,Stock,Real Estate,,Japan,JP,JP3153310002,in-dex
5587,Inbound Platform Corp.,TSE,Stock,Consumer Discretionary,,Japan,JP,JP3153350008,inbound platform
3853,ASTERIA Corporation,TSE,Stock,Information Technology,,Japan,JP,JP3153470004,asteria
4444,infoNet inc.,TSE,Stock,Information Technology,,Japan,JP,JP3153490002,infonet
4709,ID Holdings Corporation,TSE,Stock,Information Technology,,Japan,JP,JP3153600006,id holdings
4769,"IC CO.,LTD.",TSE,Stock,Information Technology,,Japan,JP,JP3153800002,
281A,"Informetis Co.,Ltd.",TSE,Stock,Information Technology,,Japan,JP,JP3153820000,informetis
9338,INFORICH INC.,TSE,Stock,Industrials,,Japan,JP,JP3153830009,inforich
438A,"Infcurion,Inc.",TSE,Stock,Information Technology,,Japan,JP,JP3153840008,infcurion
5076,INFRONEER Holdings Inc.,TSE,Stock,Industrials,,Japan,JP,JP3153850007,infroneer holdings
50765,Series 1 Bond-Type Class Shares of INFRONEER Holdings Inc.,TSE,Stock,Industrials,,Japan,JP,JP3153850106,series 1 bond-type of infroneer holdings|1 bond-type of infroneer holdings|1 bond-type infroneer holdings
5866,WizBiz Inc.,TSE,Stock,Industrials,,Japan,JP,JP3154130003,wizbiz
6089,"WILL GROUP,INC.",TSE,Stock,Industrials,,Japan,JP,JP3154160000,will group
7831,Wellco Holdings Corporation,TSE,Stock,Industrials,,Japan,JP,JP3154170009,wellco holdings
4482,WILLs Inc.,TSE,Stock,Information Technology,,Japan,JP,JP3154190007,
9610,WILSON LEARNING WORLDWIDE INC.,TSE,Stock,Industrials,,Japan,JP,JP3154200004,wilson learning worldwide
175A,"Will Smart Co.,LTD.",TSE,Stock,Information Technology,,Japan,JP,JP3154210003,will smart
5617,WiLLDo Inc.,TSE,Stock,Communication Services,,Japan,JP,JP3154230001,willdo
3241,"WILL,Co.,Ltd.",TSE,Stock,Real Estate,,Japan,JP,JP3154250009,
3538,WILLPLUS Holdings Corporation,TSE,Stock,Consumer Discretionary,,Japan,JP,JP3154270007,willplus holdings
3183,"WIN-Partners Co.,Ltd.",TSE,Stock,Health Care,,Japan,JP,JP3154390003,win-partners
1867,UEKI CORPORATION,TSE,Stock,Industrials,,Japan,JP,JP3154400000,
4825,WEATHERNEWS INC.,TSE,Stock,Industrials,,Japan,JP,JP3154500007,weathernews
6091,Wesco Holdings Inc.,TSE,Stock,Industrials,,Japan,JP,JP3154650000,wesco holdings
1407,West Holdings Corporation,TSE,Stock,Industrials,,Japan,JP,JP3154750008,west holdings
9888,"UEX,LTD.",TSE,Stock,Industrials,,Japan,JP,JP3154850006,
252A,"Wedge Co.,Ltd.",TSE,Stock,Consumer Discretionary,,Japan,JP,JP3154880003,wedge
2138,"CROOZ,Inc.",TSE,Stock,Information Technology,,Japan,JP,JP3155270006,crooz
130A,Veritas In Silico Inc.,TSE,Stock,Health Care,,Japan,JP,JP3155340007,veritas in silico
366A,Wellness Communications Corporation,TSE,Stock,Health Care,,Japan,JP,JP3155430006,wellness communications
9565,GLOE Inc.,TSE,Stock,Industrials,,Japan,JP,JP3155440005,
2588,"Premium Water Holdings,Inc.",TSE,Stock,Consumer Staples,,Japan,JP,JP3155450004,premium water holdings
2683,"UOKI CO.,LTD.",TSE,Stock,Consumer Staples,,Japan,JP,JP3155500006,
6537,"WASHHOUSE CO.,LTD.",TSE,Stock,Consumer Discretionary,,Japan,JP,JP3155550001,washhouse
7596,"UORIKI CO.,LTD.",TSE,Stock,Consumer Staples,,Japan,JP,JP3155800000,uoriki
3991,"Wantedly,Inc",TSE,Stock,Communication Services,,Japan,JP,JP3155850005,wantedly
7621,"UKAI CO.,LTD.",TSE,Stock,Consumer Discretionary,,Japan,JP,JP3155900008,
UHOIF,Ushio Inc,OTC,Stock,Industrials,,Japan,JP,JP3156400008,ushio
8057,"UCHIDA YOKO CO.,LTD.",TSE,Stock,Industrials,,Japan,JP,JP3157200001,uchida yoko
6059,"UCHIYAMA HOLDINGS Co.,Ltd.",TSE,Stock,Health Care,,Japan,JP,JP3157250006,uchiyama holdings
5034,"unerry,Inc.",TSE,Stock,Information Technology,,Japan,JP,JP3157800008,unerry
6396,"Unozawa-gumi Iron Works,Limited",TSE,Stock,Industrials,,Japan,JP,JP3158000004,unozawa-gumi iron works
4208,UBE Corporation,TSE,Stock,Materials,,Japan,JP,JP3158800007,
511A,Vanguard Smith Corporation,TSE,Stock,Industrials,,Japan,JP,JP3159830003,vanguard smith
7604,"UMENOHANA GROUP CO.,LTD.",TSE,Stock,Consumer Discretionary,,Japan,JP,JP3159850001,umenohana group
194A,"WOLVES HAND Co.,Ltd.",TSE,Stock,Health Care,,Japan,JP,JP3159860000,wolves hand
135A,"VRAIN Solution,Inc.",TSE,Stock,Information Technology,,Japan,JP,JP3159870009,vrain solution
9235,"Ureru Net Advertising Group Co.,Ltd.",TSE,Stock,Communication Services,,Japan,JP,JP3159880008,ureru net advertising group
3798,"ULS Group,Inc.",TSE,Stock,Information Technology,,Japan,JP,JP3159910003,uls group
3979,"ULURU.CO.,LTD.",TSE,Stock,Information Technology,,Japan,JP,JP3159920002,uluru
2769,"Village Vanguard CO.,LTD.",TSE,Stock,Consumer Discretionary,,Japan,JP,JP3159960008,village vanguard
5578,"AR advanced technology,Inc.",TSE,Stock,Information Technology,,Japan,JP,JP3160010009,ar advanced technology
4388,"AI,Inc.",TSE,Stock,Information Technology,,Japan,JP,JP3160020008,
4476,AI CROSS Inc.,TSE,Stock,Communication Services,,Japan,JP,JP3160030007,ai cross
4488,AI inside Inc.,TSE,Stock,Information Technology,,Japan,JP,JP3160040006,ai inside
9381,AIT CORPORATION,TSE,Stock,Industrials,,Japan,JP,JP3160050005,
247A,Ai ROBOTICS INC.,TSE,Stock,Consumer Discretionary,,Japan,JP,JP3160060004,ai robotics
254A,AI FUSION CAPITAL GROUP CORP.,TSE,Stock,Financials,,Japan,JP,JP3160070003,ai fusion capital group
7745,"A&D HOLON Holdings Company,Limited",TSE,Stock,Health Care,,Japan,JP,JP3160130005,a&d holon holdings
EII,Eisai Co. Ltd,FSX,Stock,,,Japan,JP,JP3160400002,eisai
3648,AGS Corporation,TSE,Stock,Information Technology,,Japan,JP,JP3160460006,
7098,Agent Inc.,TSE,Stock,Industrials,,Japan,JP,JP3160480004,
369A,"A-tie Co.,Ltd.",TSE,Stock,Industrials,,Japan,JP,JP3160530006,
2982,"A.D.Works Group Co.,Ltd.",TSE,Stock,Real Estate,,Japan,JP,JP3160560003,a.d.works group
7063,Birdman Inc.,TSE,Stock,Communication Services,,Japan,JP,JP3160590000,birdman
3175,"AP HOLDINGS CO.,LTD.",TSE,Stock,Consumer Discretionary,,Japan,JP,JP3160620005,ap holdings
9251,"AB&Company Co.,Ltd.",TSE,Stock,Consumer Discretionary,,Japan,JP,JP3160630004,
9557,"airCloset,Inc.",TSE,Stock,Consumer Discretionary,,Japan,JP,JP3160640003,aircloset
4088,AIR WATER INC.,TSE,Stock,Materials,,Japan,JP,JP3160670000,air water
7265,"EIKEN INDUSTRIES CO.,LTD",TSE,Stock,Consumer Discretionary,,Japan,JP,JP3160690008,eiken industries
4659,"AJIS CO.,LTD.",TSE,Stock,Industrials,,Japan,JP,JP3160720003,
9603,"H.I.S.Co.,Ltd.",TSE,Stock,Consumer Discretionary,,Japan,JP,JP3160740001,
7877,"EIDAI KAKO CO.,LTD.",TSE,Stock,Materials,,Japan,JP,JP3160760009,eidai kako
8699,"HS Holdings Co.,Ltd.",TSE,Stock,Financials,,Japan,JP,JP3160790006,hs holdings
7822,"Eidai Co.,Ltd.",TSE,Stock,Consumer Discretionary,,Japan,JP,JP3160840009,eidai
3937,"Ubicom Holdings,Inc.",TSE,Stock,Information Technology,,Japan,JP,JP3160910000,ubicom holdings
3969,ATLED CORP.,TSE,Stock,Information Technology,,Japan,JP,JP3160930008,atled
7860,Avex Inc.,TSE,Stock,Communication Services,,Japan,JP,JP3160950006,
4180,"Appier Group,Inc.",TSE,Stock,Information Technology,,Japan,JP,JP3160960005,appier group
9554,"AViC Co.,Ltd.",TSE,Stock,Communication Services,,Japan,JP,JP3160990002,
7409,"AeroEdge Co.,Ltd",TSE,Stock,Industrials,,Japan,JP,JP3161020007,aeroedge
265A,Hmcomm Inc.,TSE,Stock,Information Technology,,Japan,JP,JP3161040005,hmcomm
3911,Aiming Inc.,TSE,Stock,Communication Services,,Japan,JP,JP3161050004,aiming
326A,aero lab international Inc.,TSE,Stock,Industrials,,Japan,JP,JP3161060003,aero lab international
9857,EIWA CORPORATION,TSE,Stock,Industrials,,Japan,JP,JP3161100007,
7278,EXEDY Corporation,TSE,Stock,Consumer Discretionary,,Japan,JP,JP3161160001,exedy
7520,"Eco's Co.,Ltd.",TSE,Stock,Consumer Discretionary,,Japan,JP,JP3161180009,
3802,"ECOMIC CO.,LTD",TSE,Stock,Information Technology,,Japan,JP,JP3161220003,ecomic
3987,Ecomott Inc.,TSE,Stock,Information Technology,,Japan,JP,JP3161290006,ecomott
4394,"eXmotion Co.,Ltd.",TSE,Stock,Information Technology,,Japan,JP,JP3161310002,exmotion
2980,SRE Holdings Corporation,TSE,Stock,Real Estate,,Japan,JP,JP3161320001,sre holdings
4259,ExaWizards Inc.,TSE,Stock,Information Technology,,Japan,JP,JP3161330000,exawizards
5571,"Excite Holdings Co.,Ltd.",TSE,Stock,Communication Services,,Japan,JP,JP3161350008,excite holdings
158A,"Exseli Co,Ltd.",TSE,Stock,Consumer Discretionary,,Japan,JP,JP3161370006,exseli
362A,EXEO HOLDINGS Inc.,TSE,Stock,Industrials,,Japan,JP,JP3161380005,exeo holdings
3817,"SRA Holdings,Inc.",TSE,Stock,Information Technology,,Japan,JP,JP3161450006,sra holdings
3423,S E Corporation,TSE,Stock,Industrials,,Japan,JP,JP3161570001,
4386,"SIG Group Co.,Ltd.",TSE,Stock,Information Technology,,Japan,JP,JP3161590009,sig group
5304,"SEC CARBON,LIMITED",TSE,Stock,Materials,,Japan,JP,JP3161600006,sec carbon
292A,"SIE Co.,Ltd.",TSE,Stock,Industrials,,Japan,JP,JP3161620004,
5599,S&J Corporation,TSE,Stock,Information Technology,,Japan,JP,JP3161700004,
3198,"SFP Holdings Co.,Ltd.",TSE,Stock,Consumer Discretionary,,Japan,JP,JP3162250009,sfp holdings
2175,"SMS CO.,LTD.",TSE,Stock,Industrials,,Japan,JP,JP3162350007,
317A,SMS Data Tech Corporation,TSE,Stock,Communication Services,,Japan,JP,JP3162360006,sms data tech
3223,SLD Entertainment Inc.,TSE,Stock,Consumer Discretionary,,Japan,JP,JP3162580009,sld entertainment
6273,SMC CORPORATION,TSE,Stock,Industrials,,Japan,JP,JP3162600005,
9446,"SAKAI Holdings CO.,LTD",TSE,Stock,Communication Services,,Japan,JP,JP3162630002,sakai holdings
4628,"SK KAKEN CO.,LTD.",TSE,Stock,Materials,,Japan,JP,JP3162650000,sk kaken
6093,"Escrow Agent Japan,Inc.",TSE,Stock,Financials,,Japan,JP,JP3162660009,escrow agent japan
7608,"SK JAPAN CO.,LTD.",TSE,Stock,Consumer Discretionary,,Japan,JP,JP3162670008,sk japan
1431,"Lib Work Co.,Ltd.",TSE,Stock,Consumer Discretionary,,Japan,JP,JP3162680007,lib work
9143,"SG HOLDINGS CO.,LTD.",TSE,Stock,Industrials,,Japan,JP,JP3162770006,sg holdings
7872,"ESTELLE HOLDINGS CO.,LTD.",TSE,Stock,Consumer Discretionary,,Japan,JP,JP3163000007,estelle holdings
5858,"STG CO.,LTD.",TSE,Stock,Materials,,Japan,JP,JP3163050002,
2932,"STI Foods Holdings,Inc.",TSE,Stock,Consumer Staples,,Japan,JP,JP3163130002,sti foods holdings
3726,"4Cs HD Co.,Ltd.",TSE,Stock,Consumer Discretionary,,Japan,JP,JP3163300001,4cs hd
3280,"STrust Co.,Ltd.",TSE,Stock,Real Estate,,Japan,JP,JP3163350006,strust
5867,"ES NETWORKS CO.,LTD.",TSE,Stock,Industrials,,Japan,JP,JP3163380003,es networks
7326,"SBI Insurance Group Co.,Ltd.",TSE,Stock,Financials,,Japan,JP,JP3163420007,sbi insurance group
5834,"SBI Leasing Services Co.,Ltd.",TSE,Stock,Financials,,Japan,JP,JP3163490000,sbi leasing services
2384,"SBS Holdings,Inc.",TSE,Stock,Industrials,,Japan,JP,JP3163500006,sbs holdings
2805,S&B FOODS INC.,TSE,Stock,Consumer Staples,,Japan,JP,JP3163600004,s&b foods
5620,SPO Entertainment Inc.,TSE,Stock,Communication Services,,Japan,JP,JP3163700002,spo entertainment
7466,SPK CORPORATION,TSE,Stock,Industrials,,Japan,JP,JP3163800000,
6554,"SUS Co.,Ltd.",TSE,Stock,Health Care,,Japan,JP,JP3163970001,
3988,"SYS Holdings Co.,Ltd.",TSE,Stock,Information Technology,,Japan,JP,JP3164200002,sys holdings
4762,XNET Corporation,TSE,Stock,Information Technology,,Japan,JP,JP3164430005,
3935,"Edia Co.,Ltd.",TSE,Stock,Communication Services,,Japan,JP,JP3164460002,
2730,EDION Corporation,TSE,Stock,Consumer Discretionary,,Japan,JP,JP3164470001,edion
4427,"EduLab,Inc.",TSE,Stock,Information Technology,,Japan,JP,JP3164480000,edulab
3667,"enish,inc.",TSE,Stock,Communication Services,,Japan,JP,JP3164580007,enish
9684,"SQUARE ENIX HOLDINGS CO.,LTD.",TSE,Stock,Communication Services,,Japan,JP,JP3164630000,square enix holdings
NEN,Renesas Electronics Corporation,FSX,Stock,,,Japan,JP,JP3164720009,
8793,NEC Capital Solutions Limited,TSE,Stock,Financials,,Japan,JP,JP3164740007,nec capital solutions
5742,"NIC Autotec,Inc.",TSE,Stock,Materials,,Japan,JP,JP3164760005,nic autotec
ANYCF,ANYCOLOR INC.,OTC,Stock,Communication Services,,Japan,JP,JP3164780003,anycolor
441A,NE Inc.,TSE,Stock,Information Technology,,Japan,JP,JP3164790002,
471A,"NS Group,Inc.",TSE,Stock,Financials,,Japan,JP,JP3164810008,ns group
8630,"Sompo Holdings,Inc.",TSE,Stock,Financials,,Japan,JP,JP3165000005,sompo holdings
7057,"New Constructor's Network Co.,Ltd.",TSE,Stock,Industrials,,Japan,JP,JP3165050000,new constructors network
3850,NTT DATA INTRAMART CORPORATION,TSE,Stock,Information Technology,,Japan,JP,JP3165830005,ntt data intramart
6255,NPC Incorporated,TSE,Stock,Industrials,,Japan,JP,JP3165840004,
4169,Enechange Ltd,TSE,Stock,Information Technology,,Japan,JP,JP3165870001,enechange
144A,"ENERGY POWER CO.,Ltd.",TSE,Stock,Industrials,,Japan,JP,JP3165880000,energy power
311A,"NPT CO.,LTD.",TSE,Stock,Health Care,,Japan,JP,JP3165890009,
2819,"EBARA Foods Industry,Inc.",TSE,Stock,Consumer Staples,,Japan,JP,JP3165930003,ebara foods industry
6328,"EBARA JITSUGYO CO.,LTD.",TSE,Stock,Industrials,,Japan,JP,JP3165950001,ebara jitsugyo
6361,EBARA CORPORATION,TSE,Stock,Industrials,,Japan,JP,JP3166000004,ebara
4975,JCU CORPORATION,TSE,Stock,Materials,,Japan,JP,JP3166200000,
8541,"The Ehime Bank,Ltd.",TSE,Stock,Financials,,Japan,JP,JP3166400006,the ehime bank
4392,"Future Innovation Group,Inc.",TSE,Stock,Information Technology,,Japan,JP,JP3166650006,future innovation group
357A,F&F Inc.,TSE,Stock,Consumer Discretionary,,Japan,JP,JP3166690002,
3692,"FFRI Security,Inc.",TSE,Stock,Information Technology,,Japan,JP,JP3166830004,ffri security
9211,f-code Inc.,TSE,Stock,Information Technology,,Japan,JP,JP3166890008,f-code
7296,"F.C.C.CO.,LTD.",TSE,Stock,Consumer Discretionary,,Japan,JP,JP3166900005,
9564,FCE Inc.,TSE,Stock,Industrials,,Japan,JP,JP3166910004,
2763,"FTGroup CO.,LTD.",TSE,Stock,Information Technology,,Japan,JP,JP3166940001,ftgroup
9220,"FB CARE SERVICE CO.,LTD.",TSE,Stock,Health Care,,Japan,JP,JP3166980007,fb care service
7947,FP CORPORATION,TSE,Stock,Materials,,Japan,JP,JP3167000003,
7388,FP Partner Inc.,TSE,Stock,Financials,,Japan,JP,JP3167010002,fp partner
6599,"EBRAINS,INC.",TSE,Stock,Information Technology,,Japan,JP,JP3167220007,ebrains
2311,"EPCO Co.,Ltd.",TSE,Stock,Industrials,,Japan,JP,JP3167250004,
6034,MRT Inc.,TSE,Stock,Health Care,,Japan,JP,JP3167260003,
3661,M-Up Holdings Inc,TSE,Stock,Communication Services,,Japan,JP,JP3167310006,m-up holdings
6080,"M&A Capital Partners Co.,Ltd.",TSE,Stock,Financials,,Japan,JP,JP3167320005,m&a capital partners
9552,"Quants Research Institute Holdings,Inc.",TSE,Stock,Financials,,Japan,JP,JP3167370000,quants research institute holdings
196A,"MFS,Inc.",TSE,Stock,Financials,,Japan,JP,JP3167380009,
5594,M.D.B Corporation,TSE,Stock,Communication Services,,Japan,JP,JP3167390008,
3910,MKSystem Corporation,TSE,Stock,Information Technology,,Japan,JP,JP3167410004,mksystem
7806,"MTG Co.,Ltd.",TSE,Stock,Consumer Discretionary,,Japan,JP,JP3167430002,
8891,"AMG HOLDINGS CO.,LTD.",TSE,Stock,Real Estate,,Japan,JP,JP3167440001,amg holdings
5906,Mk Seiko Co Ltd,TSE,Stock,Industrials,,Japan,JP,JP3167450000,mk seiko
9438,MTI Ltd.,TSE,Stock,Communication Services,,Japan,JP,JP3167480007,
4380,M - mart Inc.,TSE,Stock,Information Technology,,Japan,JP,JP3167490006,m - mart
8848,LEOPALACE21 CORPORATION,TSE,Stock,Real Estate,,Japan,JP,JP3167500002,
8912,Area Quest Inc.,TSE,Stock,Real Estate,,Japan,JP,JP3167610009,area quest
8914,"Arealink Co.,Ltd.",TSE,Stock,Real Estate,,Japan,JP,JP3167620008,arealink
1401,"mbs,inc.",TSE,Stock,Industrials,,Japan,JP,JP3167660004,
6099,ELAN Corporation,TSE,Stock,Industrials,,Japan,JP,JP3167680002,
3967,"Eltes Co.,Ltd.",TSE,Stock,Information Technology,,Japan,JP,JP3167700008,eltes
5533,"Elitz Holdings Co.,Ltd.",TSE,Stock,Real Estate,,Japan,JP,JP3167720006,elitz holdings
145A,L is B Corp.,TSE,Stock,Information Technology,,Japan,JP,JP3167730005,
433A,MJE Inc.,TSE,Stock,Industrials,,Japan,JP,JP3167740004,
9EL,ELECOM CO. LTD,FSX,Stock,,,Japan,JP,JP3168200008,elecom
5246,"ELEMENTS,Inc.",TSE,Stock,Information Technology,,Japan,JP,JP3168250003,
3682,"Encourage Technologies Co.,Ltd.",TSE,Stock,Information Technology,,Japan,JP,JP3168300006,encourage technologies|encourage
9057,"ENSHU TRUCK CO.,LTD.",TSE,Stock,Industrials,,Japan,JP,JP3168600009,enshu truck
4849,en Inc.,TSE,Stock,Industrials,,Japan,JP,JP3168700007,
7370,"Enjin Co.,Ltd.",TSE,Stock,Industrials,,Japan,JP,JP3168750002,enjin
2112,"Ensuiko Sugar Refining Co.,Ltd.",TSE,Stock,Consumer Staples,,Japan,JP,JP3168800005,ensuiko sugar refining
7841,"ENDO MANUFACTURING CO.,LTD.",TSE,Stock,Consumer Discretionary,,Japan,JP,JP3169700006,endo manufacturing
6092,"EnBio Holdings,Inc",TSE,Stock,Industrials,,Japan,JP,JP3169730003,enbio holdings
5698,ENVIPRO HOLDINGS Inc.,TSE,Stock,Materials,,Japan,JP,JP3169750001,envipro holdings
3143,O'will Corporation,TSE,Stock,Industrials,,Japan,JP,JP3170150001,owill
7670,O-WELL CORPORATION,TSE,Stock,Industrials,,Japan,JP,JP3170180008,o-well
3964,AUCNET INC.,TSE,Stock,Consumer Discretionary,,Japan,JP,JP3172060000,aucnet
3674,"Aucfan Co.,Ltd.",TSE,Stock,Communication Services,,Japan,JP,JP3172070009,aucfan
OKUMF,Okuma Corporation,OTC,Stock,Industrials,,Japan,JP,JP3172100004,okuma
8217,"OKUWA CO.,LTD.",TSE,Stock,Consumer Staples,,Japan,JP,JP3172150009,okuwa
3096,OCEAN SYSTEM CORPORATION,TSE,Stock,Consumer Discretionary,,Japan,JP,JP3172260006,ocean system
7434,OTAKE CORPORATION,TSE,Stock,Industrials,,Japan,JP,JP3172300000,otake
2666,"AUTOWAVE Co.,Ltd.",TSE,Stock,Consumer Discretionary,,Japan,JP,JP3172430005,autowave
3839,"ODK Solutions Company,Ltd.",TSE,Stock,Information Technology,,Japan,JP,JP3172440004,odk solutions
7508,G-7 HOLDINGS Inc.,TSE,Stock,Consumer Discretionary,,Japan,JP,JP3172450003,g-7 holdings
5589,"AUTOSERVER CO.,LTD.",TSE,Stock,Information Technology,,Japan,JP,JP3172490009,autoserver
9832,"AUTOBACS SEVEN CO.,LTD.",TSE,Stock,Consumer Discretionary,,Japan,JP,JP3172500005,autobacs seven
5816,"Onamba Co.,Ltd.",TSE,Stock,Materials,,Japan,JP,JP3172800009,onamba
5987,ONEX Corporation,TSE,Stock,Industrials,,Japan,JP,JP3173000005,
7628,OHASHI TECHNICA INC.,TSE,Stock,Industrials,,Japan,JP,JP3173100003,ohashi technica
414A,"OVERLAP Holdings,Inc.",TSE,Stock,Communication Services,,Japan,JP,JP3173150008,overlap holdings
7727,OVAL Corporation,TSE,Stock,Industrials,,Japan,JP,JP3173200001,
7827,ORVIS CORPORATION,TSE,Stock,Consumer Discretionary,,Japan,JP,JP3173300009,orvis
4684,"OBIC Co.,Ltd.",TSE,Stock,Information Technology,,Japan,JP,JP3173400007,
4733,"OBIC BUSINESS CONSULTANTS CO.,LTD.",TSE,Stock,Information Technology,,Japan,JP,JP3173500004,obic business consultants
O4H,OPEN HOUSE GROUP CO. LTD.,FSX,Stock,,,Japan,JP,JP3173540000,open house group
3926,Open Door Inc.,TSE,Stock,Consumer Discretionary,,Japan,JP,JP3173560008,open door
3111,"OMIKENSHI CO.,LTD.",TSE,Stock,Materials,,Japan,JP,JP3174000004,omikenshi
7481,"OIE SANGYO CO.,LTD.",TSE,Stock,Consumer Staples,,Japan,JP,JP3174150007,oie sangyo
9936,OHSHO FOOD SERVICE CORP.,TSE,Stock,Consumer Discretionary,,Japan,JP,JP3174300008,ohsho food service
3861,Oji Holdings Corporation,TSE,Stock,Materials,,Japan,JP,JP3174410005,oji holdings
4356,"APPLIED TECHNOLOGY CO.,LTD.",TSE,Stock,Information Technology,,Japan,JP,JP3174500003,applied technology
9755,OYO Corporation,TSE,Stock,Industrials,,Japan,JP,JP3174600001,
3943,"OHISHI SANGYO CO.,LTD.",TSE,Stock,Materials,,Japan,JP,JP3174800007,ohishi sangyo
8392,"THE OITA BANK,LTD.",TSE,Stock,Financials,,Japan,JP,JP3175200009,the oita bank
6822,"Oi Electric Co.,Ltd.",TSE,Stock,Information Technology,,Japan,JP,JP3175400005,oi electric
5886,"OOKABE GLASS CO.,LTD.",TSE,Stock,Industrials,,Japan,JP,JP3175800006,ookabe glass
8361,"The Ogaki Kyoritsu Bank,Ltd.",TSE,Stock,Financials,,Japan,JP,JP3176000002,the ogaki kyoritsu bank
7614,"OM2Network Co.,Ltd.",TSE,Stock,Consumer Discretionary,,Japan,JP,JP3177000001,
4221,"Okura Industrial Co.,Ltd.",TSE,Stock,Materials,,Japan,JP,JP3178400002,okura industrial
8041,OUG Holdings Inc.,TSE,Stock,Consumer Staples,,Japan,JP,JP3180000006,oug holdings
9532,"OSAKA GAS CO.,LTD.",TSE,Stock,Utilities,,Japan,JP,JP3180400008,osaka gas
3173,"Cominix Co.,Ltd.",TSE,Stock,Industrials,,Japan,JP,JP3181400007,cominix
8697,"Japan Exchange Group,Inc.",TSE,Stock,Financials,,Japan,JP,JP3183200009,japan exchange group
5449,"OSAKA STEEL CO.,LTD.",TSE,Stock,Materials,,Japan,JP,JP3184600009,osaka steel
4187,OSAKA ORGANIC CHEMICAL INDUSTRY LTD.,TSE,Stock,Materials,,Japan,JP,JP3187000009,osaka organic chemical industry
4124,OSAKA YUKA INDUSTRY LTD.,TSE,Stock,Materials,,Japan,JP,JP3187100007,osaka yuka industry
6644,"Osaki Electric Co.,Ltd.",TSE,Stock,Industrials,,Japan,JP,JP3187600006,osaki electric
7555,"Ota Floriculture Auction Co.,Ltd.",TSE,Stock,Consumer Staples,,Japan,JP,JP3187650001,ota floriculture auction
5939,"OTANI KOGYO CO.,LTD.",TSE,Stock,Industrials,,Japan,JP,JP3187800002,otani kogyo
OTK,Otsuka Corporation,FSX,Stock,,,Japan,JP,JP3188200004,otsuka
4578,"Otsuka Holdings Co.,Ltd.",TSE,Stock,Health Care,,Japan,JP,JP3188220002,otsuka holdings
9149,"Otomo Logistics Service Co.,Ltd.",TSE,Stock,Industrials,,Japan,JP,JP3188290005,otomo logistics service
9765,"OHBA CO.,LTD.",TSE,Stock,Industrials,,Japan,JP,JP3189600004,
3160,"OOMITSU CO.,LTD.",TSE,Stock,Consumer Staples,,Japan,JP,JP3190430003,oomitsu
3953,"OHMURA SHIGYO CO.,LTD.",TSE,Stock,Materials,,Japan,JP,JP3190450001,ohmura shigyo
1793,"OHMOTO GUMI CO.,LTD.",TSE,Stock,Industrials,,Japan,JP,JP3190500003,ohmoto gumi
1844,"OHMORI CO.,LTD.",TSE,Stock,Industrials,,Japan,JP,JP3190600001,ohmori
2917,"OHMORIYA Co.,LTD.",TSE,Stock,Consumer Staples,,Japan,JP,JP3190700009,ohmoriya
8609,OKASAN SECURITIES GROUP INC.,TSE,Stock,Financials,,Japan,JP,JP3190800007,okasan securities group
8705,"Nissan Securities Group Co.,Ltd.",TSE,Stock,Financials,,Japan,JP,JP3191550007,nissan securities group
5959,"OKABE CO.,LTD.",TSE,Stock,Industrials,,Japan,JP,JP3192000002,okabe
7994,OKAMURA CORPORATION,TSE,Stock,Industrials,,Japan,JP,JP3192400004,okamura
5122,"OKAMOTO INDUSTRIES,INC.",TSE,Stock,Materials,,Japan,JP,JP3192800005,okamoto industries
7746,"OKAMOTO GLASS CO.,LTD.",TSE,Stock,Information Technology,,Japan,JP,JP3193000001,okamoto glass
9063,"Okayamaken Freight Transportation CO.,LTD.",TSE,Stock,Industrials,,Japan,JP,JP3193800004,okayamaken freight transportation
3892,"Okayama Paper Industries Co.,Ltd.",TSE,Stock,Materials,,Japan,JP,JP3193900002,okayama paper industries
9436,OKINAWA CELLULAR TELEPHONE COMPANY,TSE,Stock,Communication Services,,Japan,JP,JP3194650002,okinawa cellular telephone
9511,"The Okinawa Electric Power Company,Incorporated",TSE,Stock,Utilities,,Japan,JP,JP3194700005,the okinawa
7350,"Okinawa Financial Group,Inc.",TSE,Stock,Financials,,Japan,JP,JP3194750000,okinawa financial group
1833,OKUMURA CORPORATION,TSE,Stock,Industrials,,Japan,JP,JP3194800003,okumura
6408,"OGURA CLUTCH CO.,LTD.",TSE,Stock,Industrials,,Japan,JP,JP3195200005,ogura clutch
9007,"Odakyu Electric Railway Co.,Ltd.",TSE,Stock,Industrials,,Japan,JP,JP3196000008,odakyu electric railway
7314,"ODAWARA AUTO-MACHINE MFG.CO.,LTD.",TSE,Stock,Industrials,,Japan,JP,JP3196610004,odawara auto-machine mfg
3166,"OCHI HOLDINGS CO.,LTD.",TSE,Stock,Industrials,,Japan,JP,JP3196630002,ochi holdings
7487,OZU CORPORATION,TSE,Stock,Consumer Staples,,Japan,JP,JP3196650000,
7414,"ONOKEN CO.,LTD.",TSE,Stock,Industrials,,Japan,JP,JP3196700003,onoken
209A,Onodani Machine Co.Ltd,TSE,Stock,Industrials,,Japan,JP,JP3197400009,onodani machine
ON4,ONO PHARMACEUT.,FSX,Stock,,,Japan,JP,JP3197600004,ono pharmaceut|ono pharmaceutical
5890,OFFICEBUSTERS CORPORATION,TSE,Stock,Consumer Discretionary,,Japan,JP,JP3197670007,officebusters
OTPMF,OPTiM Corporation,OTC,Stock,Information Technology,,Japan,JP,JP3197690005,optim
9268,OPTIMUS GROUP COMPANY LIMITED,TSE,Stock,Consumer Discretionary,,Japan,JP,JP3197720000,optimus group
152A,"OPTY CO.,LTD.",TSE,Stock,Industrials,,Japan,JP,JP3197780004,
228A,"OPRO Co.,Ltd.",TSE,Stock,Information Technology,,Japan,JP,JP3197790003,
6645,OMRON Corporation,TSE,Stock,Industrials,,Japan,JP,JP3197800000,omron
6380,"ORIENTAL CHAIN MFG. CO.,LTD.",TSE,Stock,Industrials,,Japan,JP,JP3198800009,oriental chain mfg
4661,"ORIENTAL LAND CO.,LTD.",TSE,Stock,Consumer Discretionary,,Japan,JP,JP3198900007,oriental land
8585,Orient Corporation,TSE,Stock,Financials,,Japan,JP,JP3199000005,orient
409A,"ORION BREWERIES,LTD.",TSE,Stock,Consumer Staples,,Japan,JP,JP3200010001,orion breweries
4800,Oricon Inc.,TSE,Stock,Communication Services,,Japan,JP,JP3200140006,oricon
4642,"ORIGINAL ENGINEERING CONSULTANTS CO.,LTD.",TSE,Stock,Industrials,,Japan,JP,JP3200200008,original engineering consultants
6513,"Origin Company,Limited",TSE,Stock,Industrials,,Japan,JP,JP3200400004,origin
OIX,ORIX Corporation,FSX,Stock,,,Japan,JP,JP3200450009,
7733,OLYMPUS CORPORATION,TSE,Stock,Health Care,,Japan,JP,JP3201200007,olympus
6368,ORGANO CORPORATION,TSE,Stock,Industrials,,Japan,JP,JP3201600008,organo
3983,"ORO Co.,Ltd.",TSE,Stock,Information Technology,,Japan,JP,JP3201900002,
7360,"ONDECK Co.,Ltd.",TSE,Stock,Financials,,Japan,JP,JP3203000009,ondeck
7196,Casa Inc.,TSE,Stock,Financials,,Japan,JP,JP3204500007,
7297,"CAR MATE MFG. CO.,LTD.",TSE,Stock,Consumer Discretionary,,Japan,JP,JP3205300001,car mate mfg
4275,"Carlit Co.,Ltd.",TSE,Stock,Materials,,Japan,JP,JP3205320009,carlit
3181,"KAITORI OKOKU CO.,LTD.",TSE,Stock,Consumer Discretionary,,Japan,JP,JP3205620002,kaitori okoku
5581,"Chi-technology Co.,Ltd.",TSE,Stock,Communication Services,,Japan,JP,JP3205630001,chi-technology
3133,"kaihan co.,Ltd.",TSE,Stock,Consumer Discretionary,,Japan,JP,JP3205670007,kaihan
5891,"Kairikiya Co.,Ltd.",TSE,Stock,Consumer Discretionary,,Japan,JP,JP3205680006,kairikiya
153A,Caulis Inc.,TSE,Stock,Information Technology,,Japan,JP,JP3205750007,caulis
4452,Kao Corporation,TSE,Stock,Consumer Staples,,Japan,JP,JP3205800000,
8154,"KAGA ELECTRONICS CO.,LTD.",TSE,Stock,Information Technology,,Japan,JP,JP3206200002,kaga electronics
2294,"Kakiyasu Honten Co.,Ltd.",TSE,Stock,Consumer Staples,,Japan,JP,JP3206500005,kakiyasu honten
7686,"HitoMile Co.,Ltd.",TSE,Stock,Consumer Discretionary,,Japan,JP,JP3206700001,hitomile
4521,"KAKEN PHARMACEUTICAL CO.,LTD.",TSE,Stock,Health Care,,Japan,JP,JP3207000005,kaken pharmaceutical|kaken
2811,"KAGOME CO.,LTD.",TSE,Stock,Consumer Staples,,Japan,JP,JP3208200000,kagome
7256,"KASAI KOGYO CO.,LTD.",TSE,Stock,Consumer Discretionary,,Japan,JP,JP3208600001,kasai kogyo
9215,"CaSy Co.,Ltd.",TSE,Stock,Consumer Discretionary,,Japan,JP,JP3208800007,
CAC1,Casio Computer Co.Ltd,FSX,Stock,,,Japan,JP,JP3209000003,casio computer
1812,KAJIMA CORPORATION,TSE,Stock,Industrials,,Japan,JP,JP3210200006,kajima
3001,"Katakura Industries Co.,Ltd.",TSE,Stock,Industrials,,Japan,JP,JP3211400001,katakura industries
4031,Katakura & Co-op Agri Corporation,TSE,Stock,Materials,,Japan,JP,JP3211800002,katakura & -op agri
6391,KAJI TECHNOLOGY CORPORATION,TSE,Stock,Industrials,,Japan,JP,JP3212200004,kaji technology
7421,"KAPPA?CREATE CO.,LTD.",TSE,Stock,Consumer Discretionary,,Japan,JP,JP3212400000,kappacreate
226A,Katsu Mi Japan Inc.,TSE,Stock,Consumer Staples,,Japan,JP,JP3212500007,katsu mi japan
9869,"KATO SANGYO CO.,LTD.",TSE,Stock,Consumer Staples,,Japan,JP,JP3213300001,kato sangyo
5998,Advanex Inc.,TSE,Stock,Industrials,,Japan,JP,JP3213400009,advanex
6390,"KATO WORKS CO.,LTD.",TSE,Stock,Industrials,,Japan,JP,JP3213800000,kato works
9468,KADOKAWA CORPORATION,TSE,Stock,Communication Services,,Japan,JP,JP3214350005,kadokawa
211A,Cados Corporation,TSE,Stock,Industrials,,Japan,JP,JP3214370003,cados
9081,"Kanagawa Chuo Kotsu Co.,Ltd.",TSE,Stock,Industrials,,Japan,JP,JP3214600003,kanagawa chuo kotsu
3939,"Kanamic Network Co.,LTD",TSE,Stock,Information Technology,,Japan,JP,JP3215100003,kanamic network
6566,"KANAME KOGYO CO.,LTD.",TSE,Stock,Industrials,,Japan,JP,JP3215150008,kaname kogyo
9678,"KANAMOTO CO.,LTD.",TSE,Stock,Industrials,,Japan,JP,JP3215200001,kanamoto
4118,KANEKA CORPORATION,TSE,Stock,Materials,,Japan,JP,JP3215800008,kaneka
1376,"KANEKO SEEDS CO.,LTD.",TSE,Stock,Consumer Staples,,Japan,JP,JP3216200000,kaneko seeds
1897,"The Kaneshita Construction Co.,Ltd.",TSE,Stock,Industrials,,Japan,JP,JP3216600001,the kaneshita construction
5984,KANEFUSA CORPORATION,TSE,Stock,Industrials,,Japan,JP,JP3216800007,kanefusa
8020,KANEMATSU CORPORATION,TSE,Stock,Industrials,,Japan,JP,JP3217100001,kanematsu
6402,"KANEMATSU ENGINEERING CO.,LTD.",TSE,Stock,Industrials,,Japan,JP,JP3217300007,kanematsu engineering
2669,"Kanemi Co.,Ltd.",TSE,Stock,Consumer Staples,,Japan,JP,JP3217900004,kanemi
7571,YAMANO HOLDINGS CORPORATION,TSE,Stock,Industrials,,Japan,JP,JP3218000002,yamano holdings
COVCF,COVER Corporation,OTC,Stock,Information Technology,,Japan,JP,JP3218500001,cover
9661,"Kabuki-Za Co.,Ltd.",TSE,Stock,Real Estate,,Japan,JP,JP3218600009,kabuki-za
9697,"CAPCOM CO.,LTD.",TSE,Stock,Communication Services,,Japan,JP,JP3218900003,capcom
9364,"Kamigumi Co.,Ltd.",TSE,Stock,Industrials,,Japan,JP,JP3219000001,kamigumi
8037,KAMEI CORPORATION,TSE,Stock,Energy,,Japan,JP,JP3219400003,kamei
2220,"KAMEDA SEIKA CO.,LTD.",TSE,Stock,Consumer Staples,,Japan,JP,JP3219800004,kameda seika
3904,KAYAC Inc.,TSE,Stock,Communication Services,,Japan,JP,JP3220100006,kayac
7242,KYB Corporation,TSE,Stock,Consumer Discretionary,,Japan,JP,JP3220200004,
4014,"KARADANOTE,INC.",TSE,Stock,Information Technology,,Japan,JP,JP3220270007,karadanote
2229,"CALBEE,Inc.",TSE,Stock,Consumer Staples,,Japan,JP,JP3220580009,calbee
2789,"Karula Co.,LTD.",TSE,Stock,Consumer Discretionary,,Japan,JP,JP3220800001,karula
7690,CURRENT MOTOR Corporation,TSE,Stock,Industrials,,Japan,JP,JP3220900009,current motor
7952,"Kawai Musical Instruments Manufacturing Co.,Ltd.",TSE,Stock,Consumer Discretionary,,Japan,JP,JP3221400009,kawai musical instruments manufacturing
4616,"KAWAKAMI PAINT MANUFACTURING CO.,LTD.",TSE,Stock,Materials,,Japan,JP,JP3221800000,kawakami paint manufacturing
5921,"Kawagishi Bridge Works Co.,Ltd.",TSE,Stock,Industrials,,Japan,JP,JP3222200002,kawagishi bridge works
4361,"KAWAGUCHI CHEMICAL INDUSTRY CO.,LTD.",TSE,Stock,Materials,,Japan,JP,JP3222600003,kawaguchi chemical industry
9107,"Kawasaki Kisen Kaisha,Ltd.",TSE,Stock,Industrials,,Japan,JP,JP3223800008,kawasaki kisen kaisha
7012,"Kawasaki Heavy Industries,Ltd.",TSE,Stock,Industrials,,Japan,JP,JP3224200000,kawasaki heavy industries
4673,"Kawasaki Geological Engineering Co.,Ltd.",TSE,Stock,Industrials,,Japan,JP,JP3224900005,kawasaki geological engineering
9991,GECOSS CORPORATION,TSE,Stock,Industrials,,Japan,JP,JP3225500002,gecoss
7851,"KAWASE COMPUTER SUPPLIES CO.,LTD.",TSE,Stock,Information Technology,,Japan,JP,JP3225850001,kawase computer supplies
9849,KYODO PAPER HOLDINGS,TSE,Stock,Industrials,,Japan,JP,JP3226400004,kyodo paper holdings
2664,CAWACHI LIMITED,TSE,Stock,Consumer Staples,,Japan,JP,JP3226450009,cawachi
4832,"JFE Systems, Inc.",TSE,Stock,Information Technology,,Japan,JP,JP3226650004,jfe systems
2689,"OLBA HEALTHCARE HOLDINGS,Inc.",TSE,Stock,Health Care,,Japan,JP,JP3226700007,olba healthcare holdings
9322,"KAWANISHI WAREHOUSE CO.,LTD.",TSE,Stock,Industrials,,Japan,JP,JP3226800005,kawanishi warehouse
8123,"T.KAWABE & CO.,LTD.",TSE,Stock,Consumer Discretionary,,Japan,JP,JP3227000001,
4657,"ENVIRONMENTAL CONTROL CENTER CO.,LTD.",TSE,Stock,Industrials,,Japan,JP,JP3227300005,environmental control center
406A,KANKYOU NO MIKATA Holdings Inc.,TSE,Stock,Industrials,,Japan,JP,JP3227390006,kankyou no mikata holdings
9503,"The Kansai Electric Power Company,Incorporated",TSE,Stock,Utilities,,Japan,JP,JP3228600007,the kansai
4613,"KANSAI PAINT CO.,LTD.",TSE,Stock,Materials,,Japan,JP,JP3229400001,kansai paint
9903,"KANSEKI CO.,LTD",TSE,Stock,Consumer Discretionary,,Japan,JP,JP3229950005,kanseki
1992,"KANDA TSUSHINKI CO.,LTD.",TSE,Stock,Industrials,,Japan,JP,JP3230000006,kanda tsushinki
1942,"KANDENKO CO.,LTD.",TSE,Stock,Industrials,,Japan,JP,JP3230600003,kandenko
4047,"KANTO DENKA KOGYO CO.,LTD.",TSE,Stock,Materials,,Japan,JP,JP3232600001,kanto denka kogyo
7585,KAN-NANMARU CORPORATION,TSE,Stock,Consumer Staples,,Japan,JP,JP3233100001,kan-nanmaru
2216,Kanro Inc.,TSE,Stock,Consumer Staples,,Japan,JP,JP3233400005,kanro
274A,"Garden Co.,Ltd.",TSE,Stock,Consumer Discretionary,,Japan,JP,JP3233650005,garden
4777,GALA INCORPORATED,TSE,Stock,Communication Services,,Japan,JP,JP3233700008,
154A,GAIA Inc.,TSE,Stock,Financials,,Japan,JP,JP3233720006,
9470,"GAKKEN HOLDINGS CO.,LTD.",TSE,Stock,Consumer Discretionary,,Japan,JP,JP3234200008,gakken holdings
9769,"GAKKYUSHA CO.,LTD.",TSE,Stock,Consumer Discretionary,,Japan,JP,JP3235400003,gakkyusha
7599,IDOM Inc.,TSE,Stock,Consumer Discretionary,,Japan,JP,JP3235700006,
3765,"GungHo Online Entertainment,Inc.",TSE,Stock,Communication Services,,Japan,JP,JP3235900002,gungho online entertainment
3799,Keyware Solutions Inc.,TSE,Stock,Information Technology,,Japan,JP,JP3236150003,keyware solutions
KEE,Keyence Corporation,FSX,Stock,,,Japan,JP,JP3236200006,keyence
2594,KEY COFFEE INC,TSE,Stock,Consumer Staples,,Japan,JP,JP3236300004,key coffee
6036,"KeePer Technical Laboratory Co.,Ltd.",TSE,Stock,Consumer Discretionary,,Japan,JP,JP3236320002,keeper technical laboratory
285A,Kioxia Holdings Corporation,TSE,Stock,Information Technology,,Japan,JP,JP3236330001,kioxia holdings
6346,"KIKUKAWA ENTERPRISE,INC.",TSE,Stock,Industrials,,Japan,JP,JP3236400002,kikukawa enterprise
7953,"KIKUSUI CHEMICAL INDUSTRIES CO.,LTD.",TSE,Stock,Materials,,Japan,JP,JP3236600007,kikusui chemical industries
6912,KIKUSUI HOLDINGS CORPORATION,TSE,Stock,Information Technology,,Japan,JP,JP3236700005,kikusui holdings
5970,G-TEKT CORPORATION,TSE,Stock,Consumer Discretionary,,Japan,JP,JP3236750000,g-tekt
8160,"KISOJI CO.,LTD.",TSE,Stock,Consumer Discretionary,,Japan,JP,JP3237000009,kisoji
6327,"KITAGAWA SEIKI CO.,LTD.",TSE,Stock,Industrials,,Japan,JP,JP3237150002,kitagawa seiki
6317,Kitagawa Corporation,TSE,Stock,Industrials,,Japan,JP,JP3237200005,kitagawa
9872,"KITAKEI CO.,LTD.",TSE,Stock,Industrials,,Japan,JP,JP3237400001,kitakei
368A,Kitazato Corporation,TSE,Stock,Health Care,,Japan,JP,JP3237550003,kitazato
4707,KITAC CORPORATION,TSE,Stock,Industrials,,Japan,JP,JP3238100006,kitac
8551,"The Kita-Nippon Bank,Ltd.",TSE,Stock,Financials,,Japan,JP,JP3238200004,the kita-nippon bank
3409,"KITABO CO.,LTD",TSE,Stock,Consumer Discretionary,,Japan,JP,JP3239600004,kitabo
1866,KITANO CONSTRUCTION CORP.,TSE,Stock,Industrials,,Japan,JP,JP3240000004,kitano construction
2930,Kitanotatsujin Corporation,TSE,Stock,Consumer Staples,,Japan,JP,JP3240100002,kitanotatsujin
3082,"KICHIRI HOLDINGS & Co.,Ltd.",TSE,Stock,Consumer Discretionary,,Japan,JP,JP3240300008,kichiri holdings
248A,KIDS STAR Inc.,TSE,Stock,Communication Services,,Japan,JP,JP3240450001,kids star
4547,"KISSEI PHARMACEUTICAL CO.,LTD.",TSE,Stock,Health Care,,Japan,JP,JP3240600001,kissei pharmaceutical|kissei
2700,"KITOKU SHINRYO CO.,LTD.",TSE,Stock,Consumer Staples,,Japan,JP,JP3240900005,kitoku shinryo
2933,KIBUN FOODS INC.,TSE,Stock,Consumer Staples,,Japan,JP,JP3241500002,kibun foods
7461,"KIMURA CO.,LTD.",TSE,Stock,Materials,,Japan,JP,JP3241900004,kimura
9368,"KIMURA UNITY CO.,LTD.",TSE,Stock,Industrials,,Japan,JP,JP3242500001,kimura unity
7908,"KIMOTO CO.,LTD.",TSE,Stock,Information Technology,,Japan,JP,JP3242600009,kimoto
9331,Caster Co.Ltd.,TSE,Stock,Industrials,,Japan,JP,JP3242650004,caster
CAJFF,Canon Inc,OTC,Stock,Information Technology,,Japan,JP,JP3242800005,canon
CAOEF,Canon Electronics Inc.,OTC,Stock,Information Technology,,Japan,JP,JP3243200007,canon electronics
8060,Canon Marketing Japan Inc.,TSE,Stock,Industrials,,Japan,JP,JP3243600008,canon marketing japan
3965,"Capital Asset Planning,Inc.",TSE,Stock,Information Technology,,Japan,JP,JP3244420000,capital asset planning
2410,"CAREER DESIGN CENTER CO.,LTD.",TSE,Stock,Industrials,,Japan,JP,JP3244450007,career design center
6070,"CAREERLINK CO.,LTD.",TSE,Stock,Industrials,,Japan,JP,JP3244520007,careerlink
2698,"CAN DO CO.,LTD.",TSE,Stock,Consumer Discretionary,,Japan,JP,JP3244550004,
7075,"QLS Holdings Co.,Ltd",TSE,Stock,Industrials,,Japan,JP,JP3244580001,qls holdings
6571,"QB Net Holdings Co.,Ltd.",TSE,Stock,Consumer Discretionary,,Japan,JP,JP3244750000,qb net holdings
2809,Kewpie Corporation,TSE,Stock,Consumer Staples,,Japan,JP,JP3244800003,kewpie
464A,QPS Holdings Inc.,TSE,Stock,Industrials,,Japan,JP,JP3244860007,qps holdings
7112,"CUBE CO.,LTD.",TSE,Stock,Consumer Discretionary,,Japan,JP,JP3244930008,
2335,CUBE SYSTEM INC.,TSE,Stock,Information Technology,,Japan,JP,JP3244950006,cube system
2653,"AEON KYUSHU CO.,LTD.",TSE,Stock,Consumer Staples,,Japan,JP,JP3245400001,aeon kyushu
9508,"Kyushu Electric Power Company,Incorporated",TSE,Stock,Utilities,,Japan,JP,JP3246400000,kyushu
8596,"KYUSHU LEASING SERVICE CO.,LTD.",TSE,Stock,Financials,,Japan,JP,JP3247000007,kyushu leasing service
9142,Kyushu Railway Company,TSE,Stock,Industrials,,Japan,JP,JP3247010006,kyushu railway
1959,KRAFTIA CORPORATION,TSE,Stock,Industrials,,Japan,JP,JP3247050002,kraftia
KYRNF,"KYORIN Pharmaceutical Co., Ltd.",OTC,Stock,Health Care,,Japan,JP,JP3247090008,kyorin pharmaceutical|kyorin
5440,KYOEI STEEL LTD.,TSE,Stock,Materials,,Japan,JP,JP3247400009,kyoei steel
7058,"Kyoei Security Service Co.,Ltd.",TSE,Stock,Industrials,,Japan,JP,JP3247500006,kyoei security service
9130,"KYOEI TANKER CO.,LTD.",TSE,Stock,Industrials,,Japan,JP,JP3247600004,kyoei tanker
8370,"The Kiyo Bank,Ltd.",TSE,Stock,Financials,,Japan,JP,JP3248000006,the kiyo bank
9073,"Kyogoku unyu shoji Co.,Ltd.",TSE,Stock,Industrials,,Japan,JP,JP3248400008,kyogoku unyu shoji
6742,"Kyosan Electric Manufacturing Co.,Ltd.",TSE,Stock,Industrials,,Japan,JP,JP3248800009,kyosan electric manufacturing
6837,"KYOSHA CO.,LTD.",TSE,Stock,Information Technology,,Japan,JP,JP3249230008,kyosha
6971,KYOCERA CORPORATION,TSE,Stock,Information Technology,,Japan,JP,JP3249600002,kyocera
5966,"KYOTO TOOL CO.,LTD.",TSE,Stock,Industrials,,Japan,JP,JP3250400003,kyoto tool
7615,"KYOTO KIMONO YUZEN HOLDINGS Co.,Ltd.",TSE,Stock,Consumer Discretionary,,Japan,JP,JP3250600008,kyoto kimono yuzen holdings
8244,"Kintetsu Department Store CO.,Ltd.",TSE,Stock,Consumer Discretionary,,Japan,JP,JP3250800004,kintetsu department store
5844,"Kyoto Financial Group,Inc.",TSE,Stock,Financials,,Japan,JP,JP3252200005,kyoto financial group
9723,"THE KYOTO HOTEL,LTD.",TSE,Stock,Consumer Discretionary,,Japan,JP,JP3252400001,the kyoto hotel
7914,"Kyodo Printing Co.,Ltd.",TSE,Stock,Industrials,,Japan,JP,JP3252800002,kyodo printing
9685,"KYCOM HOLDINGS CO.,LTD.",TSE,Stock,Information Technology,,Japan,JP,JP3253000008,kycom holdings
7795,"KYORITSU CO.,LTD.",TSE,Stock,Industrials,,Japan,JP,JP3253610004,kyoritsu
5997,KYORITSU AIR TECH INC.,TSE,Stock,Industrials,,Japan,JP,JP3253800001,kyoritsu air tech
3670,"Kyoritsu Computer & Communication Co.,Ltd.",TSE,Stock,Information Technology,,Japan,JP,JP3253820009,kyoritsu computer & communication
6874,KYORITSU ELECTRIC CORPORATION,TSE,Stock,Information Technology,,Japan,JP,JP3253850006,kyoritsu electric
9616,"KYORITSU MAINTENANCE CO.,LTD.",TSE,Stock,Consumer Discretionary,,Japan,JP,JP3253900009,kyoritsu maintenance
3154,"MEDIUS HOLDINGS Co.,Ltd.",TSE,Stock,Health Care,,Japan,JP,JP3254190006,medius holdings
1951,"EXEO Group,Inc.",TSE,Stock,Industrials,,Japan,JP,JP3254200003,exeo group
1981,"KYOWANISSEI CO.,LTD.",TSE,Stock,Industrials,,Japan,JP,JP3254800000,kyowanissei
5971,"KYOWAKOGYOSYO CO.,LTD.",TSE,Stock,Industrials,,Japan,JP,JP3254850005,kyowakogyosyo
9647,"KYOWA ENGINEERING CONSULTANTS CO.,LTD.",TSE,Stock,Industrials,,Japan,JP,JP3254900008,kyowa engineering consultants
6853,"KYOWA ELECTRONIC INSTRUMENTS CO.,LTD.",TSE,Stock,Information Technology,,Japan,JP,JP3255200002,kyowa electronic instruments
4151,"Kyowa Kirin Co.,Ltd.",TSE,Stock,Health Care,,Japan,JP,JP3256000005,kyowa kirin
3553,"KYOWA LEATHER CLOTH CO.,LTD.",TSE,Stock,Materials,,Japan,JP,JP3256400007,kyowa leather cloth
2300,"Kyokuto Co.,Ltd.",TSE,Stock,Consumer Discretionary,,Japan,JP,JP3256850003,kyokuto
8706,"KYOKUTO SECURITIES CO.,LTD.",TSE,Stock,Financials,,Japan,JP,JP3256970009,kyokuto securities
7353,"KIYO Learning Co.,Ltd.",TSE,Stock,Consumer Discretionary,,Japan,JP,JP3257300008,kiyo learning
2503,"Kirin Holdings Company,Limited",TSE,Stock,Consumer Staples,,Japan,JP,JP3258000003,kirin holdings
9636,Kin-Ei Corp.,TSE,Stock,Industrials,,Japan,JP,JP3258400005,kin-ei
7122,"THE KINKI SHARYO CO.,LTD.",TSE,Stock,Industrials,,Japan,JP,JP3258800006,the kinki sharyo
9726,"KNT-CT Holdings Co.,Ltd.",TSE,Stock,Consumer Discretionary,,Japan,JP,JP3260400001,knt-ct holdings
9041,"Kintetsu Group Holdings Co.,Ltd.",TSE,Stock,Industrials,,Japan,JP,JP3260800002,kintetsu group holdings
8118,"KING Co.,Ltd.",TSE,Stock,Consumer Discretionary,,Japan,JP,JP3261200004,
7962,"KING JIM CO.,LTD.",TSE,Stock,Consumer Discretionary,,Japan,JP,JP3262000007,king jim
1944,KINDEN CORPORATION,TSE,Stock,Industrials,,Japan,JP,JP3263000006,kinden
505A,"Geekly,Inc.",TSE,Stock,Industrials,,Japan,JP,JP3263750006,geekly
6289,GIKEN LTD.,TSE,Stock,Industrials,,Japan,JP,JP3264200001,giken
319A,Next Generation Technology Group Inc.,TSE,Stock,Industrials,,Japan,JP,JP3264350004,next generation technology group
9219,GiXo Ltd.,TSE,Stock,Information Technology,,Japan,JP,JP3264600002,
9279,GIFT HOLDINGS INC.,TSE,Stock,Consumer Discretionary,,Japan,JP,JP3264860002,gift holdings
4449,giftee Inc.,TSE,Stock,Consumer Discretionary,,Japan,JP,JP3264870001,giftee
475A,"GIMIC Co.,Ltd.",TSE,Stock,Industrials,,Japan,JP,JP3264920004,gimic
9853,"GINZA RENOIR CO.,LTD.",TSE,Stock,Consumer Discretionary,,Japan,JP,JP3265200000,ginza renoir
4318,"QUICK CO.,LTD.",TSE,Stock,Information Technology,,Japan,JP,JP3266000003,quick
9165,"Qualtec Co.,Ltd.",TSE,Stock,Industrials,,Japan,JP,JP3266010002,qualtec
4894,Cuorips Inc.,TSE,Stock,Health Care,,Japan,JP,JP3266030000,cuorips
8864,"AIRPORT FACILITIES Co.,LTD.",TSE,Stock,Real Estate,,Japan,JP,JP3266050008,airport facilities
2708,"KUZE CO.,LTD.",TSE,Stock,Consumer Staples,,Japan,JP,JP3266120009,
1764,KUDO CORPORATION,TSE,Stock,Industrials,,Japan,JP,JP3266150006,
3034,"Qol Holdings Co.,Ltd.",TSE,Stock,Consumer Staples,,Japan,JP,JP3266160005,qol holdings
2193,Cookpad Inc.,TSE,Stock,Communication Services,,Japan,JP,JP3266170004,cookpad
3547,UNISIA HOLDINGS CO.,TSE,Stock,Consumer Discretionary,,Japan,JP,JP3266180003,unisia holdings
3549,"KUSURI NO AOKI HOLDINGS CO.,LTD.",TSE,Stock,Consumer Staples,,Japan,JP,JP3266190002,kusuri no aoki holdings
4425,Kudan Inc.,TSE,Stock,Information Technology,,Japan,JP,JP3266220007,kudan
276A,CCReB Advisors Inc.,TSE,Stock,Real Estate,,Japan,JP,JP3266240005,ccreb advisors
4376,Kufu Company Holdings Inc.,TSE,Stock,Information Technology,,Japan,JP,JP3266310006,kufu holdings
6326,KUBOTA CORPORATION,TSE,Stock,Industrials,,Japan,JP,JP3266400005,kubota
1861,"Kumagai Gumi Co.,Ltd.",TSE,Stock,Industrials,,Japan,JP,JP3266800006,kumagai gumi
4996,"KUMIAI CHEMICAL INDUSTRY CO.,LTD.",TSE,Stock,Materials,,Japan,JP,JP3267600009,kumiai chemical industry
3900,CrowdWorks Inc.,TSE,Stock,Information Technology,,Japan,JP,JP3267900003,crowdworks
2695,"Kura Sushi,Inc.",TSE,Stock,Consumer Discretionary,,Japan,JP,JP3268200007,kura sushi
442A,"Classico,Inc.",TSE,Stock,Consumer Discretionary,,Japan,JP,JP3268780008,classico
7110,Kurashicom Inc.,TSE,Stock,Consumer Discretionary,,Japan,JP,JP3268790007,kurashicom
3106,KURABO INDUSTRIES LTD.,TSE,Stock,Materials,,Japan,JP,JP3268800004,kurabo industries
4240,"CLUSTER TECHNOLOGY CO.,LTD.",TSE,Stock,Materials,,Japan,JP,JP3268810003,cluster technology|cluster
5884,"KURADASHI.Co.,Ltd.",TSE,Stock,Consumer Discretionary,,Japan,JP,JP3268820002,kuradashi
4347,Broadmedia Corporation,TSE,Stock,Communication Services,,Japan,JP,JP3268830001,broadmedia
3656,KLab Inc.,TSE,Stock,Communication Services,,Japan,JP,JP3268870007,
7459,MEDIPAL HOLDINGS CORPORATION,TSE,Stock,Health Care,,Japan,JP,JP3268950007,medipal holdings
3405,"KURARAY CO.,LTD.",TSE,Stock,Materials,,Japan,JP,JP3269600007,kuraray
4763,Creek & River Co Ltd,TSE,Stock,Industrials,,Japan,JP,JP3269700005,creek & river
4017,CREEMA LTD.,TSE,Stock,Consumer Discretionary,,Japan,JP,JP3269770008,creema
2998,CREAL Inc.,TSE,Stock,Real Estate,,Japan,JP,JP3269780007,creal
3387,create restaurants holdings inc.,TSE,Stock,Consumer Discretionary,,Japan,JP,JP3269930008,create restaurants holdings
3148,"CREATE SD HOLDINGS CO.,LTD.",TSE,Stock,Consumer Staples,,Japan,JP,JP3269940007,create sd holdings
6370,Kurita Water Industries Ltd.,TSE,Stock,Industrials,,Japan,JP,JP3270000007,kurita water industries
4705,CLIP Corporation,TSE,Stock,Consumer Discretionary,,Japan,JP,JP3270100005,
7955,Cleanup Corporation,TSE,Stock,Consumer Discretionary,,Japan,JP,JP3270200003,cleanup
432A,cliniphar Ltd.,TSE,Stock,Industrials,,Japan,JP,JP3270300001,cliniphar
9171,"Kuribayashi Steamship Co.,Ltd.",TSE,Stock,Industrials,,Japan,JP,JP3270400009,kuribayashi steamship
2776,"SHINTO Holdings,Inc.",TSE,Stock,Consumer Discretionary,,Japan,JP,JP3270600004,shinto holdings
4884,"Kringle Pharma,Inc.",TSE,Stock,Health Care,,Japan,JP,JP3270790003,kringle pharma|kringle
5602,"Kurimoto,Ltd.",TSE,Stock,Materials,,Japan,JP,JP3270800000,kurimoto
3355,KURIYAMA HOLDINGS CORPORATION,TSE,Stock,Industrials,,Japan,JP,JP3270810009,kuriyama holdings
9698,"CREO CO.,LTD.",TSE,Stock,Information Technology,,Japan,JP,JP3271000006,
4674,CRESCO LTD.,TSE,Stock,Information Technology,,Japan,JP,JP3271100004,cresco
7812,CRESTEC Inc.,TSE,Stock,Industrials,,Japan,JP,JP3271150009,crestec
8253,"Credit Saison Co.,Ltd.",TSE,Stock,Financials,,Japan,JP,JP3271400008,credit saison
4023,KUREHA CORPORATION,TSE,Stock,Materials,,Japan,JP,JP3271600003,kureha
7997,Kurogane Kosakusho Ltd.,TSE,Stock,Consumer Discretionary,,Japan,JP,JP3272000005,kurogane kosakusho
2307,"CROSS CAT CO.,LTD.",TSE,Stock,Information Technology,,Japan,JP,JP3272600002,cross cat
7810,"Crossfor Co.,Ltd.",TSE,Stock,Consumer Discretionary,,Japan,JP,JP3272650007,crossfor
3320,CROSS PLUS INC.,TSE,Stock,Consumer Discretionary,,Japan,JP,JP3272700000,cross plus
287A,"Kuroda Group Co.,Ltd.",TSE,Stock,Industrials,,Japan,JP,JP3272790001,kuroda group
9428,CROPS CORPORATION,TSE,Stock,Consumer Discretionary,,Japan,JP,JP3273100002,
3475,"Good Com Asset Co.,Ltd.",TSE,Stock,Real Estate,,Japan,JP,JP3273750004,good com asset
4437,"gooddays holdings,Inc.",TSE,Stock,Real Estate,,Japan,JP,JP3273760003,gooddays holdings
2970,"GLC GROUP,INC.",TSE,Stock,Real Estate,,Japan,JP,JP3273780001,glc group
7351,Goodpatch Inc.,TSE,Stock,Information Technology,,Japan,JP,JP3273790000,goodpatch
3903,gumi Inc.,TSE,Stock,Communication Services,,Japan,JP,JP3273810006,
6047,Gunosy Inc.,TSE,Stock,Communication Services,,Japan,JP,JP3273820005,gunosy
8783,"abc Co.,Ltd.",TSE,Stock,Financials,,Japan,JP,JP3273830004,
9561,GLAD CUBE Inc.,TSE,Stock,Communication Services,,Japan,JP,JP3273840003,glad cube
7847,GRAPHITE DESIGN INC.,TSE,Stock,Consumer Discretionary,,Japan,JP,JP3273850002,graphite design
8999,Grandy House Corporation,TSE,Stock,Real Estate,,Japan,JP,JP3274030000,grandy house
3261,"GRANDES,Inc.",TSE,Stock,Real Estate,,Japan,JP,JP3274040009,grandes
9212,"Green Earth Institute Co.,Ltd.",TSE,Stock,Materials,,Japan,JP,JP3274120009,green earth institute
4594,"BrightPath Biotherapeutics Co.,Ltd.",TSE,Stock,Health Care,,Japan,JP,JP3274140007,brightpath biotherapeutics|brightpath
5EZ,SHIP HEALTHCARE HLDG.INC.,FSX,Stock,,,Japan,JP,JP3274150006,ship healthcare hldg|ship healthcare holdings
5582,GRID Inc.,TSE,Stock,Information Technology,,Japan,JP,JP3274160005,
157A,Green Monster Inc.,TSE,Stock,Financials,,Japan,JP,JP3274170004,green monster
GURNF,"Gurunavi, Inc.",OTC,Stock,Communication Services,,Japan,JP,JP3274180003,gurunavi
9850,"GOURMET KINEYA CO.,LTD.",TSE,Stock,Consumer Discretionary,,Japan,JP,JP3274200009,gourmet kineya
266A,"Glocal Marketing Co.,Ltd.",TSE,Stock,Industrials,,Japan,JP,JP3274270002,glocal marketing
244A,"Growth xPartners,Inc.",TSE,Stock,Information Technology,,Japan,JP,JP3274290000,growth xpartners
3936,"Globalway,Inc.",TSE,Stock,Information Technology,,Japan,JP,JP3274310006,globalway
7625,"GLOBAL-DINING,INC.",TSE,Stock,Consumer Discretionary,,Japan,JP,JP3274350002,global-dining
6557,AIAI Group Corporation,TSE,Stock,Industrials,,Japan,JP,JP3274360001,aiai group
3486,GLOBAL LINK MANAGEMENT INC.,TSE,Stock,Real Estate,,Japan,JP,JP3274380009,global link management
6457,GLORY LTD.,TSE,Stock,Industrials,,Japan,JP,JP3274400005,glory
5575,Globee Inc.,TSE,Stock,Consumer Discretionary,,Japan,JP,JP3274410004,globee
277A,Globe-ing Inc.,TSE,Stock,Industrials,,Japan,JP,JP3274430002,globe-ing
347A,"GROWTH POWER CO.,LTD.",TSE,Stock,Industrials,,Japan,JP,JP3274440001,growth power
4229,"Gun Ei Chemical Industry Co.,Ltd.",TSE,Stock,Materials,,Japan,JP,JP3274800006,gun ei chemical industry
8334,"The Gunma Bank,Ltd.",TSE,Stock,Financials,,Japan,JP,JP3276400003,the gunma bank
1663,K&O Energy Group Inc.,TSE,Stock,Energy,,Japan,JP,JP3277020008,k&o energy group
9239,KET Inc.,TSE,Stock,Industrials,,Japan,JP,JP3277030007,
4189,"KH Neochem Co.,Ltd.",TSE,Stock,Materials,,Japan,JP,JP3277040006,kh neochem
3420,KFC Ltd,TSE,Stock,Industrials,,Japan,JP,JP3277100008,
8282,K'S HOLDINGS CORPORATION,TSE,Stock,Consumer Discretionary,,Japan,JP,JP3277150003,ks holdings
6484,KVK CORPORATION,TSE,Stock,Industrials,,Japan,JP,JP3277250001,
9856,"KU HOLDINGS CO.,LTD.",TSE,Stock,Consumer Discretionary,,Japan,JP,JP3277300004,ku holdings
7680,"KEIJIDOUSHAKAN.Co.,Ltd.",TSE,Stock,Consumer Discretionary,,Japan,JP,JP3278400001,keijidoushakan
9009,"Keisei Electric Railway Co.,Ltd.",TSE,Stock,Industrials,,Japan,JP,JP3278600006,keisei electric railway
8818,"Keihanshin Building Co.,Ltd.",TSE,Stock,Real Estate,,Japan,JP,JP3279000008,keihanshin building
9045,"Keihan Holdings Co.,Ltd.",TSE,Stock,Industrials,,Japan,JP,JP3279400000,keihan holdings
9312,"THE KEIHIN CO.,LTD.",TSE,Stock,Industrials,,Japan,JP,JP3279800001,the keihin
9006,Keikyu Corporation,TSE,Stock,Industrials,,Japan,JP,JP3280200001,keikyu
4896,"K Pharma,Inc.",TSE,Stock,Health Care,,Japan,JP,JP3280900006,k pharma
9049,"Keifuku Electric Railroad Co.,Ltd.",TSE,Stock,Industrials,,Japan,JP,JP3281000004,keifuku electric railroad
3760,"CAVE Interactive CO.,LTD.",TSE,Stock,Communication Services,,Japan,JP,JP3281200000,cave interactive
8544,"The Keiyo Bank,Ltd.",TSE,Stock,Financials,,Japan,JP,JP3281600001,the keiyo bank
9621,"CTI Engineering Co.,Ltd.",TSE,Stock,Industrials,,Japan,JP,JP3281900005,cti engineering
7939,"KENSOH CO.,LTD.",TSE,Stock,Industrials,,Japan,JP,JP3282000003,kensoh
6249,"Gamecard Holdings,Inc.",TSE,Stock,Consumer Discretionary,,Japan,JP,JP3282270002,gamecard holdings
2681,GEO HOLDINGS CORPORATION,TSE,Stock,Consumer Discretionary,,Japan,JP,JP3282400005,geo holdings
9267,"Genky DrugStores Co.,Ltd.",TSE,Stock,Consumer Staples,,Japan,JP,JP3282750003,genky drugstores
9828,Genki Global Dining Concepts Corporation,TSE,Stock,Consumer Discretionary,,Japan,JP,JP3282800006,genki global dining concepts
2411,GENDAI AGENCY INC.,TSE,Stock,Communication Services,,Japan,JP,JP3282850001,gendai agency
6999,KOA CORPORATION,TSE,Stock,Information Technology,,Japan,JP,JP3283400004,
9273,"KOA SHOJI HOLDINGS CO.,LTD.",TSE,Stock,Health Care,,Japan,JP,JP3283420002,koa shoji holdings
3635,"KOEI TECMO HOLDINGS CO.,LTD.",TSE,Stock,Communication Services,,Japan,JP,JP3283460008,koei tecmo holdings
177A,"Kohjin Bio Co.,Ltd.",TSE,Stock,Health Care,,Japan,JP,JP3283630006,kohjin bio
4922,KOSE Holdings Corporation,TSE,Stock,Consumer Staples,,Japan,JP,JP3283650004,kose holdings
3246,"KOSE R.E. Co.,Ltd.",TSE,Stock,Real Estate,,Japan,JP,JP3283670002,
6905,"COSEL CO.,LTD.",TSE,Stock,Industrials,,Japan,JP,JP3283700007,cosel
9339,"COACH A Co.,Ltd.",TSE,Stock,Industrials,,Japan,JP,JP3283720005,
190A,Chordia Therapeutics Inc.,TSE,Stock,Health Care,,Japan,JP,JP3283730004,chordia therapeutics|chordia
4371,Core Concept Technologies Inc.,TSE,Stock,Information Technology,,Japan,JP,JP3284100009,core concept technologies
6137,"KOIKE SANSO KOGYO CO.,LTD.",TSE,Stock,Industrials,,Japan,JP,JP3284200007,koike sanso kogyo
7276,"KOITO MANUFACTURING CO.,LTD.",TSE,Stock,Consumer Discretionary,,Japan,JP,JP3284600008,koito manufacturing
4097,"KOATSU GAS KOGYO CO.,LTD.",TSE,Stock,Materials,,Japan,JP,JP3285800003,koatsu gas kogyo
4367,"KOEI CHEMICAL COMPANY,LIMITED",TSE,Stock,Materials,,Japan,JP,JP3286100007,koei chemical
9628,"SAN HOLDINGS,INC.",TSE,Stock,Industrials,,Japan,JP,JP3286300003,san holdings
7695,"Koukandekirukun,Inc.",TSE,Stock,Consumer Discretionary,,Japan,JP,JP3286350008,koukandekirukun
5887,"Kokyo,Inc.",TSE,Stock,Industrials,,Japan,JP,JP3286360007,kokyo
8425,"Mizuho Leasing Company,Limited",TSE,Stock,Financials,,Japan,JP,JP3286500008,mizuho leasing
7963,KOKEN LTD.,TSE,Stock,Industrials,,Japan,JP,JP3286600006,koken
7878,"Kohsai Co.,Ltd.",TSE,Stock,Industrials,,Japan,JP,JP3287600005,kohsai
7868,"KOSAIDO Holdings Co.,Ltd.",TSE,Stock,Industrials,,Japan,JP,JP3287700003,kosaido holdings
5976,"Neturen Co.,Ltd.",TSE,Stock,Consumer Discretionary,,Japan,JP,JP3288200003,neturen
1948,"The Kodensha,Co.,Ltd.",TSE,Stock,Industrials,,Japan,JP,JP3288600004,the kodensha
8617,"The Kosei Securities Co.,Ltd.",TSE,Stock,Financials,,Japan,JP,JP3288800000,the kosei securities
7504,KOHSOKU CORPORATION,TSE,Stock,Industrials,,Japan,JP,JP3288900008,kohsoku
208A,KOZO KEIKAKU ENGINEERING HOLDINGS Inc.,TSE,Stock,Information Technology,,Japan,JP,JP3288940004,kozo keikaku engineering holdings
9025,"Konoike Transport Co.,Ltd.",TSE,Stock,Industrials,,Japan,JP,JP3288970001,konoike transport
4026,"Konoshima Chemical Co.,Ltd.",TSE,Stock,Materials,,Japan,JP,JP3289000006,konoshima chemical
5406,"Kobe Steel,Ltd.",TSE,Stock,Materials,,Japan,JP,JP3289800009,kobe steel
9046,"Kobe Electric Railway Co.,Ltd.",TSE,Stock,Industrials,,Japan,JP,JP3290600000,kobe electric railway
59G,KOBE BUSSAN CO. LTD,FSX,Stock,,,Japan,JP,JP3291200008,kobe bussan
7946,KOYOSHA INC.,TSE,Stock,Industrials,,Japan,JP,JP3292000001,koyosha
6JK,JTEKT Corporation,FSX,Stock,,,Japan,JP,JP3292200007,jtekt
8737,Akatsuki Corp.,TSE,Stock,Financials,,Japan,JP,JP3292300005,
7554,KOURAKUEN CORPORATION,TSE,Stock,Consumer Discretionary,,Japan,JP,JP3292400003,kourakuen
3495,"Koryojyuhan Co.,Ltd.",TSE,Stock,Real Estate,,Japan,JP,JP3292700006,koryojyuhan
7807,"KOWA CO.,LTD.",TSE,Stock,Consumer Discretionary,,Japan,JP,JP3292900002,
522A,COEL Inc.,TSE,Stock,Communication Services,,Japan,JP,JP3293100008,
2579,Coca-Cola Bottlers Japan Holdings Inc.,TSE,Stock,Consumer Staples,,Japan,JP,JP3293200006,coca-cola bottlers japan holdings
6525,Kokusai Electric Corp,TSE,Stock,Information Technology,,Japan,JP,JP3293330001,kokusai electric
9274,"KPP GROUP HOLDINGS CO.,LTD.",TSE,Stock,Industrials,,Japan,JP,JP3293350009,kpp group holdings
I8U,Inpex Corporation,FSX,Stock,,,Japan,JP,JP3294460005,
7984,"KOKUYO CO.,LTD.",TSE,Stock,Industrials,,Japan,JP,JP3297000006,kokuyo
9820,MT GENEX CORPORATION,TSE,Stock,Real Estate,,Japan,JP,JP3297300000,mt genex
9346,"Cocorport,Inc.",TSE,Stock,Health Care,,Japan,JP,JP3297310009,cocorport
4176,coconala Inc.,TSE,Stock,Communication Services,,Japan,JP,JP3297320008,coconala
2157,"KOSHIDAKA HOLDINGS Co.,LTD.",TSE,Stock,Consumer Discretionary,,Japan,JP,JP3297360004,koshidaka holdings
7513,"Kojima Co.,Ltd.",TSE,Stock,Consumer Discretionary,,Japan,JP,JP3297380002,kojima
137A,"Cocolive,Inc.",TSE,Stock,Information Technology,,Japan,JP,JP3297390001,cocolive
309A,"COSMOS CHOUZAI Pharmacy Co.,Ltd.",TSE,Stock,Consumer Discretionary,,Japan,JP,JP3298300009,cosmos chouzai pharmacy
3386,"COSMO BIO COMPANY,LIMITED",TSE,Stock,Health Care,,Japan,JP,JP3298700000,cosmo bio
9973,"KOZO Holdings Co.,Ltd.",TSE,Stock,Consumer Discretionary,,Japan,JP,JP3298800008,kozo holdings
4222,"KODAMA CHEMICAL INDUSTRY CO.,LTD.",TSE,Stock,Consumer Discretionary,,Japan,JP,JP3299000004,kodama chemical industry
9876,"COX CO.,LTD.",TSE,Stock,Consumer Discretionary,,Japan,JP,JP3299200000,
2222,"Kotobuki Spirits Co.,Ltd.",TSE,Stock,Consumer Staples,,Japan,JP,JP3299600001,kotobuki spirits
7809,"KOTOBUKIYA CO.,LTD.",TSE,Stock,Consumer Discretionary,,Japan,JP,JP3299810006,kotobukiya
7494,"KONAKA CO.,LTD.",TSE,Stock,Consumer Discretionary,,Japan,JP,JP3300000001,konaka
KNM,Konami Holdings Corp,LSE,Stock,Communication Services,,Japan,JP,JP3300200007,konami holdings
4902,"KONICA MINOLTA,INC.",TSE,Stock,Information Technology,,Japan,JP,JP3300600008,konica minolta
3647,"ASULINA Co.,Ltd.",TSE,Stock,Information Technology,,Japan,JP,JP3300950007,asulina
9867,Solekia Limited,TSE,Stock,Information Technology,,Japan,JP,JP3301200006,solekia
8742,"KOBAYASHI YOKO CO.,LTD.",TSE,Stock,Financials,,Japan,JP,JP3301300004,kobayashi yoko
7689,Copa Corporation Inc.,TSE,Stock,Consumer Staples,,Japan,JP,JP3301380006,
7059,"COPRO-HOLDINGS.Co.,Ltd.",TSE,Stock,Industrials,,Japan,JP,JP3302000009,copro-holdings
6524,"KOHOKU KOGYO CO.,LTD.",TSE,Stock,Information Technology,,Japan,JP,JP3302100007,kohoku kogyo
4496,Commerce One Holdings Inc.,TSE,Stock,Information Technology,,Japan,JP,JP3302400001,commerce one holdings
5915,KOMAIHALTEC Inc.,TSE,Stock,Industrials,,Japan,JP,JP3302600006,komaihaltec
7949,"KOMATSU WALL INDUSTRY CO.,LTD.",TSE,Stock,Industrials,,Japan,JP,JP3303200004,komatsu wall industry
6301,KOMATSU LTD.,TSE,Stock,Industrials,,Japan,JP,JP3304200003,komatsu
3844,COMTURE CORPORATION,TSE,Stock,Information Technology,,Japan,JP,JP3305560009,comture
2780,"Komehyo Holdings Co.,Ltd.",TSE,Stock,Consumer Discretionary,,Japan,JP,JP3305590006,komehyo holdings
8218,"KOMERI CO.,LTD.",TSE,Stock,Consumer Discretionary,,Japan,JP,JP3305600003,komeri
6349,KOMORI CORPORATION,TSE,Stock,Industrials,,Japan,JP,JP3305800009,komori
405A,"Koyama Miraie Co.,Ltd",TSE,Stock,Industrials,,Japan,JP,JP3305820007,koyama miraie
3908,Collabos Corporation,TSE,Stock,Information Technology,,Japan,JP,JP3305890000,collabos
7792,"Colan Totte.Co.,Ltd.",TSE,Stock,Consumer Discretionary,,Japan,JP,JP3305920005,colan totte
146A,Columbia Works Inc.,TSE,Stock,Real Estate,,Japan,JP,JP3305940003,columbia works
5909,CORONA CORPORATION,TSE,Stock,Consumer Discretionary,,Japan,JP,JP3305950002,corona
3668,"COLOPL,Inc.",TSE,Stock,Communication Services,,Japan,JP,JP3305960001,colopl
7616,"COLOWIDE CO.,LTD.",TSE,Stock,Consumer Discretionary,,Japan,JP,JP3305970000,colowide
YC3,CONCORDIA FINL GROUP,FSX,Stock,,,Japan,JP,JP3305990008,concordia finl group
9895,CONSEC CORPORATION,TSE,Stock,Industrials,,Japan,JP,JP3306000005,consec
7438,KONDOTEC INC.,TSE,Stock,Industrials,,Japan,JP,JP3306050000,kondotec
4491,"Computer Management Co.,Ltd.",TSE,Stock,Information Technology,,Japan,JP,JP3306200001,computer management
2452,"Computer Mind Co.,Ltd.",TSE,Stock,Communication Services,,Japan,JP,JP3306450002,computer mind
8871,"GOLDCREST Co.,Ltd.",TSE,Stock,Real Estate,,Japan,JP,JP3306800008,goldcrest
2533,"Oenon Holdings,Inc.",TSE,Stock,Consumer Staples,,Japan,JP,JP3307400006,oenon holdings
9146,"GOKENDO Holdings,Inc.",TSE,Stock,Industrials,,Japan,JP,JP3307950000,gokendo holdings
1893,"PENTA-OCEAN CONSTRUCTION CO.,LTD.",TSE,Stock,Industrials,,Japan,JP,JP3309000002,penta-ocean construction
310A,"Thirty Four co.,ltd.",TSE,Stock,Real Estate,,Japan,JP,JP3310230002,thirty four
4434,"Serverworks Co.,Ltd.",TSE,Stock,Information Technology,,Japan,JP,JP3310250000,serverworks
4412,"Science Arts,Inc.",TSE,Stock,Information Technology,,Japan,JP,JP3310370006,science arts
8254,"Saikaya Department Store Co.,Ltd.",TSE,Stock,Consumer Discretionary,,Japan,JP,JP3310400001,saikaya department store
6031,ZETA INC.,TSE,Stock,Information Technology,,Japan,JP,JP3310450006,
7581,"SAIZERIYA CO.,LTD.",TSE,Stock,Consumer Discretionary,,Japan,JP,JP3310500008,saizeriya
4751,"CyberAgent,Inc.",TSE,Stock,Communication Services,,Japan,JP,JP3311400000,cyberagent
436A,CyberSolutions Inc.,TSE,Stock,Information Technology,,Japan,JP,JP3311480002,cybersolutions
4498,"Cybertrust Japan Co.,Ltd.",TSE,Stock,Information Technology,,Japan,JP,JP3311490001,cybertrust japan
3810,"CyberStep Holdings,Inc.",TSE,Stock,Communication Services,,Japan,JP,JP3311520005,cyberstep holdings
7779,"CYBERDYNE,INC.",TSE,Stock,Health Care,,Japan,JP,JP3311530004,cyberdyne
3683,"CYBERLINKS CO.,LTD.",TSE,Stock,Information Technology,,Japan,JP,JP3311540003,cyberlinks
7069,"CyberBuzz,Inc.",TSE,Stock,Communication Services,,Japan,JP,JP3311580009,cyberbuzz
4493,"Cyber Security Cloud,Inc.",TSE,Stock,Information Technology,,Japan,JP,JP3311590008,cyber security cloud
9536,"SAIBU GAS HOLDINGS CO.,LTD.",TSE,Stock,Utilities,,Japan,JP,JP3311600005,saibu gas holdings
4892,Cyfuse Biomedical K.K.,TSE,Stock,Health Care,,Japan,JP,JP3311800001,cyfuse biomedical
428A,"Cypress Holdings Co.,Ltd.",TSE,Stock,Consumer Discretionary,,Japan,JP,JP3311900009,cypress holdings
3123,"SAIBO Co.,Ltd.",TSE,Stock,Consumer Discretionary,,Japan,JP,JP3312000007,saibo
4776,"Cybozu,Inc.",TSE,Stock,Information Technology,,Japan,JP,JP3312100005,cybozu
4256,"CYND Co.,Ltd.",TSE,Stock,Information Technology,,Japan,JP,JP3312160009,
3996,Signpost Corporation,TSE,Stock,Information Technology,,Japan,JP,JP3312170008,signpost
4078,"Sakai Chemical Industry Co.,Ltd.",TSE,Stock,Materials,,Japan,JP,JP3312800000,sakai chemical industry
6358,"SAKAI HEAVY INDUSTRIES,LTD.",TSE,Stock,Industrials,,Japan,JP,JP3313200002,sakai heavy industries
9039,"Sakai Moving Service Co.,Ltd.",TSE,Stock,Industrials,,Japan,JP,JP3314200001,sakai moving service
7567,SAKAE ELECTRONICS CORPORATION,TSE,Stock,Industrials,,Japan,JP,JP3314300009,sakae electronics
4633,SAKATA INX CORPORATION,TSE,Stock,Materials,,Japan,JP,JP3314800008,sakata inx
1377,SAKATA SEED CORPORATION,TSE,Stock,Consumer Staples,,Japan,JP,JP3315000004,sakata seed
8395,THE BANK OF SAGA LTD.,TSE,Stock,Financials,,Japan,JP,JP3315200000,the bank of saga
5194,"SAGAMI RUBBER INDUSTRIES CO.,LTD.",TSE,Stock,Consumer Staples,,Japan,JP,JP3316000003,sagami rubber industries
9900,Sagami Holdings Corporation,TSE,Stock,Consumer Discretionary,,Japan,JP,JP3316200009,sagami holdings
9003,"Sotetsu Holdings,Inc.",TSE,Stock,Industrials,,Japan,JP,JP3316400005,sotetsu holdings
9256,"Succeed co.,ltd.",TSE,Stock,Information Technology,,Japan,JP,JP3316900004,succeed
7255,SAKURAI LTD.,TSE,Stock,Consumer Discretionary,,Japan,JP,JP3317200008,sakurai
SKURF,SAKURA INTERNET INC.,OTC,Stock,Information Technology,,Japan,JP,JP3317300006,sakura internet
4761,SAKURA KCS Corporation,TSE,Stock,Information Technology,,Japan,JP,JP3317500001,sakura kcs
5189,"SAKURA RUBBER CO.,LTD.",TSE,Stock,Industrials,,Japan,JP,JP3317600009,sakura rubber
9353,"SAKURAJIMA FUTO KAISHA,LTD.",TSE,Stock,Industrials,,Japan,JP,JP3318000001,sakurajima futo kaisha
3958,"Sasatoku Printing Co.,Ltd.",TSE,Stock,Materials,,Japan,JP,JP3319050005,sasatoku printing
4263,"SUSMED,Inc.",TSE,Stock,Health Care,,Japan,JP,JP3319150003,susmed
1826,"Sata Construction Co.,Ltd.",TSE,Stock,Industrials,,Japan,JP,JP3319600007,sata construction
3544,"SATUDORA HOLDINGS CO.,LTD.",TSE,Stock,Consumer Staples,,Japan,JP,JP3319750000,satudora holdings
6287,SATO CORPORATION,TSE,Stock,Industrials,,Japan,JP,JP3321400008,
9996,"Satoh&Co.,Ltd.",TSE,Stock,Consumer Staples,,Japan,JP,JP3321500005,satoh
8065,SATO SHO-JI CORPORATION,TSE,Stock,Industrials,,Japan,JP,JP3322000005,sato sho-ji
2814,"SATO FOODS INDUSTRIES CO.,LTD.",TSE,Stock,Consumer Staples,,Japan,JP,JP3322100003,sato foods industries
2923,Sato Foods Co Ltd,TSE,Stock,Consumer Staples,,Japan,JP,JP3322110002,sato foods
2180,SUNNY SIDE UP GROUP Inc.,TSE,Stock,Communication Services,,Japan,JP,JP3322500004,sunny side up group
4651,SANIX HOLDINGS INCORPORATED,TSE,Stock,Industrials,,Japan,JP,JP3322600002,sanix holdings
269A,Sapeet Inc.,TSE,Stock,Information Technology,,Japan,JP,JP3322790001,sapeet
217A,"SUPPORT Co.,Ltd.",TSE,Stock,Industrials,,Japan,JP,JP3322820006,support
3436,SUMCO CORPORATION,TSE,Stock,Information Technology,,Japan,JP,JP3322930003,sumco
6387,SAMCO INC.,TSE,Stock,Information Technology,,Japan,JP,JP3322950001,samco
4887,"SAWAI GROUP HOLDINGS Co.,Ltd.",TSE,Stock,Health Care,,Japan,JP,JP3323040000,sawai group holdings
4053,Sun* Inc.,TSE,Stock,Information Technology,,Japan,JP,JP3323800007,sun*
8381,"The San-in Godo Bank,Ltd.",TSE,Stock,Financials,,Japan,JP,JP3324000003,the san-in godo bank
9229,"SUNWELS Co.,Ltd.",TSE,Stock,Health Care,,Japan,JP,JP3324410004,sunwels
2659,"SAN-A CO.,LTD.",TSE,Stock,Consumer Staples,,Japan,JP,JP3324500002,
4234,"Sun A.Kaken Company,Limited",TSE,Stock,Materials,,Japan,JP,JP3324600000,sun a.kaken
5757,"CK SAN-ETSU Co.,Ltd.",TSE,Stock,Materials,,Japan,JP,JP3325100000,ck san-etsu
6044,SANKI SERVICE CORPORATION,TSE,Stock,Industrials,,Japan,JP,JP3325700007,sanki service
2134,"Kitahama Capital Partners Co.,Ltd.",TSE,Stock,Financials,,Japan,JP,JP3325800005,kitahama capital partners
9065,SANKYU INC.,TSE,Stock,Industrials,,Japan,JP,JP3326000001,sankyu
SKXJF,Sankyo Co. Ltd,OTC,Stock,Consumer Discretionary,,Japan,JP,JP3326410002,sankyo
8138,SANKYO KASEI CORPORATION,TSE,Stock,Materials,,Japan,JP,JP3327200006,sankyo kasei
8018,"SANKYO SEIKO CO.,LTD.",TSE,Stock,Consumer Discretionary,,Japan,JP,JP3328000009,sankyo seiko
9639,"SANKYO FRONTIER CO.,LTD.",TSE,Stock,Industrials,,Japan,JP,JP3328200005,sankyo frontier
SANJF,Sanken Electric Co. Ltd,OTC,Stock,Information Technology,,Japan,JP,JP3329600005,sanken electric
8130,Sangetsu Corporation,TSE,Stock,Consumer Discretionary,,Japan,JP,JP3330000005,sangetsu
6964,"SANKO CO.,LTD.",TSE,Stock,Information Technology,,Japan,JP,JP3330400007,sanko
3435,"SANKO TECHNO CO.,LTD.",TSE,Stock,Industrials,,Japan,JP,JP3330500004,
5985,SUNCALL CORPORATION,TSE,Stock,Consumer Discretionary,,Japan,JP,JP3330600002,suncall
1972,"SANKO METAL INDUSTRIAL CO.,LTD.",TSE,Stock,Industrials,,Japan,JP,JP3330800008,sanko metal industrial
7888,SANKO GOSEI LTD.,TSE,Stock,Consumer Discretionary,,Japan,JP,JP3330900006,sanko gosei
7922,"SANKO SANGYO CO.,LTD.",TSE,Stock,Industrials,,Japan,JP,JP3331000004,sanko sangyo
136A,"Sankosyoji Co.,Ltd.",TSE,Stock,Industrials,,Japan,JP,JP3331100002,sankosyoji
6379,RAIZNEXT Corporation,TSE,Stock,Industrials,,Japan,JP,JP3331600001,raiznext
2762,Sanko Marketing Foods Co Ltd,TSE,Stock,Consumer Discretionary,,Japan,JP,JP3332520000,sanko marketing foods
4443,"Sansan,Inc.",TSE,Stock,Information Technology,,Japan,JP,JP3332540008,sansan
2315,CAICA DIGITAL Inc.,TSE,Stock,Information Technology,,Japan,JP,JP3333400004,caica digital
7322,"San ju San Financial Group,Inc.",TSE,Stock,Financials,,Japan,JP,JP3333500001,san ju san financial group
6307,"SANSEI CO.,LTD.",TSE,Stock,Industrials,,Japan,JP,JP3334500000,sansei
6357,"Sansei Technologies,Inc.",TSE,Stock,Industrials,,Japan,JP,JP3334800004,sansei technologies
3277,"Sansei Landic Co.,Ltd",TSE,Stock,Real Estate,,Japan,JP,JP3335000000,sansei landic
1960,Sanyo Engineering & Construction Inc.,TSE,Stock,Industrials,,Japan,JP,JP3335400002,sanyo engineering & construction
6777,santec Holdings Corporation,TSE,Stock,Information Technology,,Japan,JP,JP3335410001,santec holdings
SNPHF,Santen Pharmaceutical Co. Ltd,OTC,Stock,Health Care,,Japan,JP,JP3336000009,
6444,SANDEN CORPORATION,TSE,Stock,Industrials,,Japan,JP,JP3336400001,sanden
6736,SUNCORPORATION,TSE,Stock,Information Technology,,Japan,JP,JP3336450006,suncorporation
2587,Suntory Beverage & Food Limited,TSE,Stock,Consumer Staples,,Japan,JP,JP3336560002,suntory beverage & food
9989,"SUNDRUG CO.,LTD.",TSE,Stock,Consumer Staples,,Japan,JP,JP3336600006,sundrug
3441,"SANNO Co.,Ltd.",TSE,Stock,Industrials,,Japan,JP,JP3336700004,sanno
4592,SanBio Company Limited,TSE,Stock,Health Care,,Japan,JP,JP3336750009,sanbio
8934,"Sun Frontier Fudousan Co.,Ltd.",TSE,Stock,Real Estate,,Japan,JP,JP3336950005,sun frontier fudousan
7883,"Sun Messe Co.,Ltd.",TSE,Stock,Industrials,,Japan,JP,JP3337150001,sun messe
5697,"SANYU CO.,LTD.",TSE,Stock,Materials,,Japan,JP,JP3337400000,sanyu
8904,"AVANTIA CO.,LTD.",TSE,Stock,Real Estate,,Japan,JP,JP3337500007,avantia
1420,Sanyo Homes Corporation,TSE,Stock,Consumer Discretionary,,Japan,JP,JP3337550002,sanyo homes
4471,"SANYO CHEMICAL INDUSTRIES,LTD.",TSE,Stock,Materials,,Japan,JP,JP3337600005,sanyo chemical industries
5958,"SANYO INDUSTRIES,LTD.",TSE,Stock,Industrials,,Japan,JP,JP3338000007,sanyo industries
9052,"Sanyo Electric Railway Co.,Ltd.",TSE,Stock,Industrials,,Japan,JP,JP3341600009,sanyo electric railway
7040,"SUN-LIFE HOLDING CO.,LTD.",TSE,Stock,Industrials,,Japan,JP,JP3342700006,sun-life holding
8136,"Sanrio Company,Ltd.",TSE,Stock,Consumer Discretionary,,Japan,JP,JP3343200006,sanrio
9366,SANRITSU CORPORATION,TSE,Stock,Industrials,,Japan,JP,JP3343400002,sanritsu
7486,"SANRIN CO.,LTD.",TSE,Stock,Energy,,Japan,JP,JP3343800003,sanrin
3187,miratap inc.,TSE,Stock,Consumer Discretionary,,Japan,JP,JP3343950006,miratap
5929,Sanwa Holdings Corporation,TSE,Stock,Industrials,,Japan,JP,JP3344400001,sanwa holdings
8137,SUN-WA TECHNOS CORPORATION,TSE,Stock,Information Technology,,Japan,JP,JP3345400000,sun-wa technos
4125,SANWAYUKA INDUSTRY CORPORATION,TSE,Stock,Materials,,Japan,JP,JP3345520005,sanwayuka industry
9986,"ZAOH COMPANY,LTD.",TSE,Stock,Industrials,,Japan,JP,JP3345700003,
4255,THECOO Inc.,TSE,Stock,Communication Services,,Japan,JP,JP3345710002,thecoo
3271,The Global Ltd.,TSE,Stock,Real Estate,,Japan,JP,JP3345720001,
3950,THE PACK CORPORATION,TSE,Stock,Materials,,Japan,JP,JP3345900009,the pack
3698,"CRI Middleware Co.,Ltd.",TSE,Stock,Information Technology,,Japan,JP,JP3346050002,cri middleware
7041,"CRG HOLDINGS CO.,LTD.",TSE,Stock,Industrials,,Japan,JP,JP3346110004,crg holdings
4826,"Computer Institute of Japan, Ltd.",TSE,Stock,Information Technology,,Japan,JP,JP3346170008,computer institute of japan
9692,COMPUTER ENGINEERING & CONSULTING LTD.,TSE,Stock,Information Technology,,Japan,JP,JP3346200003,computer engineering & consulting
2687,CVS Bay Area Inc.,TSE,Stock,Consumer Staples,,Japan,JP,JP3346250008,cvs bay area
4725,CAC Holdings Corporation,TSE,Stock,Information Technology,,Japan,JP,JP3346300001,cac holdings
3159,"Maruzen CHI Holdings Co.,Ltd.",TSE,Stock,Consumer Discretionary,,Japan,JP,JP3346330008,maruzen chi holdings
4320,"CE Holdings Co.,Ltd.",TSE,Stock,Information Technology,,Japan,JP,JP3346350006,ce holdings
7808,"C.S. LUMBER CO.,INC",TSE,Stock,Materials,,Japan,JP,JP3346520004,c.s. lumber
9258,"CS-C.Co.,Ltd.",TSE,Stock,Information Technology,,Japan,JP,JP3346530003,
7613,SIIX CORPORATION,TSE,Stock,Industrials,,Japan,JP,JP3346700002,
131A,CCN Group Corporation,TSE,Stock,Communication Services,,Japan,JP,JP3346940004,ccn group
4345,"CTS Co.,Ltd.",TSE,Stock,Information Technology,,Japan,JP,JP3346970001,
2169,"CDS Co.,Ltd.",TSE,Stock,Industrials,,Japan,JP,JP3347040002,
7691,C Channel Corporation,TSE,Stock,Consumer Discretionary,,Japan,JP,JP3347050001,c channel
9158,CUC Inc.,TSE,Stock,Health Care,,Japan,JP,JP3347080008,
4926,"C'BON COSMETICS Co.,Ltd.",TSE,Stock,Consumer Staples,,Japan,JP,JP3347130001,cbon cosmetics
7638,"NEW ART HOLDINGS Co.,Ltd.",TSE,Stock,Consumer Discretionary,,Japan,JP,JP3347150009,new art holdings
4076,"CNS Co.,Ltd.",TSE,Stock,Information Technology,,Japan,JP,JP3347160008,
2185,CMC CORPORATION,TSE,Stock,Industrials,,Japan,JP,JP3347170007,
4178,Sharing Innovations Inc.,TSE,Stock,Information Technology,,Japan,JP,JP3347180006,sharing innovations
3989,SHARINGTECHNOLOGY.INC,TSE,Stock,Communication Services,,Japan,JP,JP3347190005,sharingtechnology
4507,"Shionogi & Co.,Ltd.",TSE,Stock,Health Care,,Japan,JP,JP3347200002,shionogi
8366,"THE SHIGA BANK,LTD.",TSE,Stock,Financials,,Japan,JP,JP3347600003,the shiga bank
7049,"SHIKIGAKU.Co.,Ltd.",TSE,Stock,Industrials,,Japan,JP,JP3348200001,shikigaku
3109,SHIKIBO LTD.,TSE,Stock,Materials,,Japan,JP,JP3348400007,shikibo
4712,"KeyHolder,Inc.",TSE,Stock,Consumer Discretionary,,Japan,JP,JP3348900006,keyholder
6088,SIGMAXYZ Holdings Inc.,TSE,Stock,Industrials,,Japan,JP,JP3348950001,sigmaxyz holdings
7980,"SHIGEMATSU WORKS CO.,LTD.",TSE,Stock,Industrials,,Japan,JP,JP3349200000,shigematsu works
4099,SHIKOKU KASEI HOLDINGS CORPORATION,TSE,Stock,Materials,,Japan,JP,JP3349600001,shikoku kasei holdings
8387,"The Shikoku Bank, Ltd.",TSE,Stock,Financials,,Japan,JP,JP3350000000,the shikoku bank
9507,"Shikoku Electric Power Company,Incorporated",TSE,Stock,Utilities,,Japan,JP,JP3350800003,shikoku
3826,System Integrator Corp.,TSE,Stock,Information Technology,,Japan,JP,JP3350930008,system integrator
3766,"SYSTEMS DESIGN Co.,Ltd.",TSE,Stock,Information Technology,,Japan,JP,JP3350950006,systems design
4396,System Support Holdings Inc.,TSE,Stock,Information Technology,,Japan,JP,JP3350960005,system support holdings
7527,SystemSoft Corporation,TSE,Stock,Information Technology,,Japan,JP,JP3351000009,systemsoft
3804,System D Inc.,TSE,Stock,Information Technology,,Japan,JP,JP3351040005,
3771,"SYSTEM RESEARCH CO.,LTD.",TSE,Stock,Information Technology,,Japan,JP,JP3351070002,system research
0YX,Sysmex Corporation,FSX,Stock,,,Japan,JP,JP3351100007,sysmex
9543,"SHIZUOKA GAS CO.,LTD.",TSE,Stock,Utilities,,Japan,JP,JP3351150002,shizuoka gas
5831,"Shizuoka Financial Group,Inc.",TSE,Stock,Financials,,Japan,JP,JP3351500008,shizuoka financial group
2435,"CEDAR.Co.,Ltd",TSE,Stock,Health Care,,Japan,JP,JP3351630003,cedar
7762,"Citizen Watch Co.,Ltd.",TSE,Stock,Consumer Discretionary,,Japan,JP,JP3352400000,citizen watch
8132,"SINANEN HOLDINGS CO.,LTD.",TSE,Stock,Energy,,Japan,JP,JP3354000006,sinanen holdings
3697,SHIFT Inc.,TSE,Stock,Information Technology,,Japan,JP,JP3355400007,shift
9304,Shibusawa Logistics Corporation,TSE,Stock,Industrials,,Japan,JP,JP3355600002,shibusawa logistics
6340,SHIBUYA CORPORATION,TSE,Stock,Industrials,,Japan,JP,JP3356000004,shibuya
250A,Shimadaya Corporation,TSE,Stock,Consumer Staples,,Japan,JP,JP3356550008,shimadaya
7701,Shimadzu Corporation,TSE,Stock,Industrials,,Japan,JP,JP3357200009,shimadzu
7150,"THE SHIMANE BANK,LTD.",TSE,Stock,Financials,,Japan,JP,JP3357800006,the shimane bank
7309,SHIMANO INC.,TSE,Stock,Consumer Discretionary,,Japan,JP,JP3358000002,shimano
SHAOF,SHIMAMURA Co. Ltd,OTC,Stock,Consumer Discretionary,,Japan,JP,JP3358200008,shimamura
8364,"THE SHIMIZU BANK,LTD.",TSE,Stock,Financials,,Japan,JP,JP3358400004,the shimizu bank
1803,SHIMIZU CORPORATION,TSE,Stock,Industrials,,Japan,JP,JP3358800005,shimizu
5721,S Crypto Energy Inc.,TSE,Stock,Materials,,Japan,JP,JP3359200007,s crypto energy
7482,"SHIMOJIMA Co.,Ltd.",TSE,Stock,Industrials,,Japan,JP,JP3359500000,shimojima
3976,SHANON Inc.,TSE,Stock,Information Technology,,Japan,JP,JP3359750001,shanon
9885,"CHARLE CO.,LTD.",TSE,Stock,Consumer Discretionary,,Japan,JP,JP3359800004,charle
4678,"SHUEI YOBIKO Co.,Ltd.",TSE,Stock,Consumer Discretionary,,Japan,JP,JP3359850009,shuei yobiko
3179,"Syuppin Co.,Ltd.",TSE,Stock,Consumer Discretionary,,Japan,JP,JP3359940008,syuppin
203A,"Shunbin Co.,Ltd.",TSE,Stock,Industrials,,Japan,JP,JP3360050003,shunbin
3909,Showcase Inc.,TSE,Stock,Information Technology,,Japan,JP,JP3360120004,showcase
7819,SHOBIDO Corporation,TSE,Stock,Consumer Staples,,Japan,JP,JP3360150001,shobido
7839,"SHOEI CO.,LTD.",TSE,Stock,Consumer Discretionary,,Japan,JP,JP3360900009,shoei
9478,"SE Holdings and Incubations Co.,Ltd.",TSE,Stock,Communication Services,,Japan,JP,JP3361000007,holdings and incubations
9104,"Mitsui O.S.K.Lines,Ltd.",TSE,Stock,Industrials,,Japan,JP,JP3362700001,mitsui o.s.k.lines
7979,SHOFU INC.,TSE,Stock,Health Care,,Japan,JP,JP3363600002,shofu
9475,"Shobunsha Holdings,Inc.",TSE,Stock,Communication Services,,Japan,JP,JP3363800008,shobunsha holdings
4990,"Showa Chemical Industry Co.,Ltd.",TSE,Stock,Materials,,Japan,JP,JP3364800007,showa chemical industry
5103,"Showa Holdings Co.,Ltd.",TSE,Stock,Materials,,Japan,JP,JP3366000002,showa holdings
2004,"Showa Sangyo Co.,Ltd.",TSE,Stock,Consumer Staples,,Japan,JP,JP3366400004,showa sangyo
4752,SHOWA SYSTEM ENGINEERING CORPORATION,TSE,Stock,Information Technology,,Japan,JP,JP3366900003,showa system engineering
6384,"SHOWA SHINKU CO.,LTD.",TSE,Stock,Industrials,,Japan,JP,JP3366950008,showa shinku
4004,Resonac Holdings Corporation,TSE,Stock,Materials,,Japan,JP,JP3368000000,resonac holdings
5805,SWCC Corporation,TSE,Stock,Materials,,Japan,JP,JP3368400002,
3954,SHOWA PAXXS CORPORATION,TSE,Stock,Materials,,Japan,JP,JP3368600007,showa paxxs
9969,"SHOKUBUN CO.,LTD.",TSE,Stock,Consumer Staples,,Japan,JP,JP3369300003,shokubun
3907,Silicon Studio Corp.,TSE,Stock,Information Technology,,Japan,JP,JP3369550003,silicon studio
9262,"SILVER LIFE CO.,LTD.",TSE,Stock,Consumer Staples,,Japan,JP,JP3369800002,silver life
3192,"Shirohato Co.,Ltd.",TSE,Stock,Consumer Discretionary,,Japan,JP,JP3370200002,shirohato
4063,"Shin-Etsu Chemical Co.,Ltd.",TSE,Stock,Materials,,Japan,JP,JP3371200001,shin-etsu chemical
7970,"Shin-Etsu Polymer Co.,Ltd.",TSE,Stock,Materials,,Japan,JP,JP3371600002,shin-etsu polymer
149A,"Thinca Co.,Ltd.",TSE,Stock,Communication Services,,Japan,JP,JP3371670005,thinca
506A,"SINKANURSE,Inc.",TSE,Stock,Industrials,,Japan,JP,JP3371690003,sinkanurse
9760,"SHINGAKUKAI HOLDINGS CO.,LTD.",TSE,Stock,Consumer Discretionary,,Japan,JP,JP3371900006,shingakukai holdings
4378,CINC Corp.,TSE,Stock,Information Technology,,Japan,JP,JP3372170005,
3963,"Synchro Food Co.,Ltd.",TSE,Stock,Communication Services,,Japan,JP,JP3372300008,synchro food
312A,Shinko Holdings Corporation,TSE,Stock,Industrials,,Japan,JP,JP3372550008,shinko holdings
6458,SINKO INDUSTRIES LTD.,TSE,Stock,Industrials,,Japan,JP,JP3372800007,sinko industries
5660,"KOBELCO WIRE COMPANY,LTD.",TSE,Stock,Materials,,Japan,JP,JP3373200009,kobelco wire
8075,Shinsho Corporation,TSE,Stock,Industrials,,Japan,JP,JP3374000002,shinsho
6507,"SINFONIA TECHNOLOGY CO.,LTD.",TSE,Stock,Industrials,,Japan,JP,JP3375400003,sinfonia technology|sinfonia
6824,"NEW COSMOS ELECTRIC CO.,LTD.",TSE,Stock,Information Technology,,Japan,JP,JP3376400002,new cosmos electric
7782,"Sincere Co.,LTD.",TSE,Stock,Consumer Discretionary,,Japan,JP,JP3376500009,
290A,Synspective Inc.,TSE,Stock,Industrials,,Japan,JP,JP3376720003,synspective
5380,SHINTO COMPANY LIMITED,TSE,Stock,Materials,,Japan,JP,JP3377900000,shinto
6339,"Sintokogio,Ltd.",TSE,Stock,Industrials,,Japan,JP,JP3378200004,sintokogio
4615,"SHINTO PAINT COMPANY,LIMITED",TSE,Stock,Materials,,Japan,JP,JP3378600005,shinto paint
5016,JX Advanced Metals Corporation,TSE,Stock,Materials,,Japan,JP,JP3379550001,jx advanced metals
SBLOF,"Shin Nippon Biomedical Laboratories, Ltd.",OTC,Stock,Health Care,,Japan,JP,JP3379950003,shin nippon biomedical laboratories
9768,"IDEA Consultants,Inc.",TSE,Stock,Industrials,,Japan,JP,JP3380200000,idea consultants
1952,"Shin Nippon Air Technologies Co.,Ltd.",TSE,Stock,Industrials,,Japan,JP,JP3380250005,shin nippon air technologies
1879,SHINNIHON CORPORATION,TSE,Stock,Industrials,,Japan,JP,JP3380300008,shinnihon
NISTF,Nippon Steel Corporation,OTC,Stock,Materials,,Japan,JP,JP3381000003,
3121,"MBK Co.,Ltd.",TSE,Stock,Industrials,,Japan,JP,JP3382200008,
4373,"Simplex Holdings,Inc.",TSE,Stock,Information Technology,,Japan,JP,JP3383270000,simplex holdings
6086,"Shin Maint Holdings Co.,Ltd.",TSE,Stock,Industrials,,Japan,JP,JP3383300005,shin maint holdings
5542,Shinhokoku Material Corp.,TSE,Stock,Materials,,Japan,JP,JP3383400003,shinhokoku material
7224,"ShinMaywa Industries,LTD.",TSE,Stock,Industrials,,Japan,JP,JP3384600007,shinmaywa industries
2654,ASMO CORPORATION,TSE,Stock,Consumer Staples,,Japan,JP,JP3384720003,
2437,"SHINWA WISE HOLDINGS CO.,LTD.",TSE,Stock,Consumer Discretionary,,Japan,JP,JP3384900001,shinwa wise holdings
G9Y,GS Yuasa Corporation,FSX,Stock,,,Japan,JP,JP3385820000,gs yuasa
3769,"GMO Payment Gateway,Inc.",TSE,Stock,Information Technology,,Japan,JP,JP3385890003,gmo payment gateway
2876,Delsole Corporation,TSE,Stock,Consumer Staples,,Japan,JP,JP3385950005,delsole
7942,JSP Corporation,TSE,Stock,Materials,,Japan,JP,JP3386000008,
3779,"J ESCOM HOLDINGS,INC.",TSE,Stock,Information Technology,,Japan,JP,JP3386010007,j escom holdings
5411,"JFE Holdings,Inc.",TSE,Stock,Materials,,Japan,JP,JP3386030005,jfe holdings
3788,GMO GlobalSign Holdings K.K.,TSE,Stock,Information Technology,,Japan,JP,JP3386040004,gmo globalsign holdings
5F3,JINS HOLDINGS INC.,FSX,Stock,,,Japan,JP,JP3386110005,jins holdings
2124,"JAC Recruitment Co.,Ltd.",TSE,Stock,Industrials,,Japan,JP,JP3386130003,jac recruitment
4308,J-Stream Inc.,TSE,Stock,Communication Services,,Japan,JP,JP3386170009,j-stream
2721,J-Holdings Corp.,TSE,Stock,Industrials,,Japan,JP,JP3386180008,j-holdings
2749,"JP-HOLDINGS,INC.",TSE,Stock,Consumer Discretionary,,Japan,JP,JP3386190007,jp-holdings
5282,GEOSTR Corporation,TSE,Stock,Materials,,Japan,JP,JP3386250009,geostr
2479,JTEC CORPORATION,TSE,Stock,Industrials,,Japan,JP,JP3386260008,
6907,"GEOMATEC CO.,LTD.",TSE,Stock,Information Technology,,Japan,JP,JP3386300002,geomatec
3063,j-Group Holdings Corp.,TSE,Stock,Consumer Discretionary,,Japan,JP,JP3386320000,j-group holdings
3841,Jedat Inc.,TSE,Stock,Information Technology,,Japan,JP,JP3386340008,jedat
3080,"JASON CO.,LTD.",TSE,Stock,Consumer Staples,,Japan,JP,JP3386360006,jason
2160,GNI Group Ltd.,TSE,Stock,Health Care,,Japan,JP,JP3386370005,gni group
JFROF,J. Front Retailing Co. Ltd,OTC,Stock,Consumer Discretionary,,Japan,JP,JP3386380004,j. front retailing
6632,JVCKENWOOD Corporation,TSE,Stock,Consumer Discretionary,,Japan,JP,JP3386410009,jvckenwood
JHJ,ENEOS Holdings Inc,FSX,Stock,,,Japan,JP,JP3386450005,eneos holdings
6074,JSS CORPORATION,TSE,Stock,Consumer Discretionary,,Japan,JP,JP3386470003,
3195,"GENERATION PASS CO.,LTD.",TSE,Stock,Consumer Discretionary,,Japan,JP,JP3386510006,generation pass
3695,"GMO Product Platform,Inc.",TSE,Stock,Information Technology,,Japan,JP,JP3386530004,gmo product platform
7177,"GMO Financial Holdings,Inc.",TSE,Stock,Financials,,Japan,JP,JP3386550002,gmo financial holdings
3914,JIG-SAW INC.,TSE,Stock,Information Technology,,Japan,JP,JP3386560001,jig-saw
3474,"G-FACTORY CO.,LTD.",TSE,Stock,Real Estate,,Japan,JP,JP3386610004,g-factory
3480,"J.S.B.Co.,Ltd.",TSE,Stock,Real Estate,,Japan,JP,JP3386630002,
6562,"Geniee,Inc.",TSE,Stock,Communication Services,,Japan,JP,JP3386640001,geniee
2934,"J Frontier Co.,Ltd.",TSE,Stock,Consumer Staples,,Japan,JP,JP3386650000,j frontier
3446,JTEC CORPORATION,TSE,Stock,Industrials,,Japan,JP,JP3386660009,
4483,JMDC Inc.,TSE,Stock,Health Care,,Japan,JP,JP3386690006,
4051,"GMO Financial Gate,Inc.",TSE,Stock,Financials,,Japan,JP,JP3386710002,gmo financial gate
7357,"GEOCODE CO.,Ltd.",TSE,Stock,Communication Services,,Japan,JP,JP3386730000,geocode
4179,G-NEXT Inc.,TSE,Stock,Information Technology,,Japan,JP,JP3386760007,g-next
4073,"Global Communication Planning Co.,Ltd.",TSE,Stock,Information Technology,,Japan,JP,JP3386780005,global communication planning
9250,GRCS Inc.,TSE,Stock,Information Technology,,Japan,JP,JP3386790004,
4418,Japan Data Science Consortium Co.Ltd.,TSE,Stock,Information Technology,,Japan,JP,JP3386800001,japan data science consortium
2995,J-REX Corporation,TSE,Stock,Real Estate,,Japan,JP,JP3386820009,
9341,"GENOVA,Inc.",TSE,Stock,Health Care,,Japan,JP,JP3386840007,genova
5570,"JENOBA CO.,LTD.",TSE,Stock,Information Technology,,Japan,JP,JP3386860005,jenoba
5885,"GDEP ADVANCE,Inc.",TSE,Stock,Information Technology,,Japan,JP,JP3386880003,gdep advance
9166,GENDA Inc.,TSE,Stock,Consumer Discretionary,,Japan,JP,JP3386890002,genda
150A,"JSH Co.,Ltd.",TSE,Stock,Health Care,,Japan,JP,JP3386920007,
255A,"GLTECHNO HOLDINGS,INC.",TSE,Stock,Industrials,,Japan,JP,JP3386930006,gltechno holdings
298A,"GVA TECH,Inc.",TSE,Stock,Information Technology,,Japan,JP,JP3386940005,gva tech
329A,ZEAL Associate Corp.,TSE,Stock,Industrials,,Japan,JP,JP3386950004,zeal associate
340A,"zig-zag,Inc.",TSE,Stock,Information Technology,,Japan,JP,JP3386960003,zig-zag
410A,"GMO Commerce,Inc.",TSE,Stock,Industrials,,Japan,JP,JP3386970002,gmo commerce
415A,"GMO TECH Holdings,Inc.",TSE,Stock,Industrials,,Japan,JP,JP3386980001,gmo tech holdings
437A,"Jwave Co.,Ltd",TSE,Stock,Industrials,,Japan,JP,JP3386990000,jwave
481A,"JSecurity,Inc.",TSE,Stock,Communication Services,,Japan,JP,JP3387020005,jsecurity
520A,"J-Pharma Co.,Ltd.",TSE,Stock,Health Care,,Japan,JP,JP3387030004,j-pharma
6072,"Jibannet Holdings Co.,Ltd.",TSE,Stock,Industrials,,Japan,JP,JP3387880002,jibannet holdings
8267,"AEON CO.,LTD.",TSE,Stock,Consumer Staples,,Japan,JP,JP3388200002,
4686,JUSTSYSTEMS CORPORATION,TSE,Stock,Information Technology,,Japan,JP,JP3388450003,justsystems
4287,JUST PLANNING INC.,TSE,Stock,Information Technology,,Japan,JP,JP3388470001,just planning
7602,"Ledax Co.,Ltd.",TSE,Stock,Industrials,,Japan,JP,JP3388550000,ledax
8584,"JACCS CO.,LTD.",TSE,Stock,Financials,,Japan,JP,JP3388600003,jaccs
6445,JANOME Corporation,TSE,Stock,Industrials,,Japan,JP,JP3389400007,janome
9558,"Japaniace Co.,Ltd.",TSE,Stock,Industrials,,Japan,JP,JP3389420005,japaniace
5889,"Japan Eyewear Holdings Co.,Ltd.",TSE,Stock,Consumer Discretionary,,Japan,JP,JP3389460001,japan eyewear holdings
6544,"JAPAN ELEVATOR SERVICE HOLDINGS CO.,LTD.",TSE,Stock,Industrials,,Japan,JP,JP3389510003,japan elevator service holdings
9236,Japan M&A Solution Incorporated,TSE,Stock,Financials,,Japan,JP,JP3389530001,japan m&a solution
9896,"JK Holdings Co.,Ltd.",TSE,Stock,Industrials,,Japan,JP,JP3389570007,jk holdings
7774,"Japan Tissue Engineering Co.,Ltd.",TSE,Stock,Health Care,,Japan,JP,JP3389610001,japan tissue engineering
5288,ASIA PILE HOLDINGS CORPORATION,TSE,Stock,Materials,,Japan,JP,JP3389640008,asia pile holdings
6740,Japan Display Inc.,TSE,Stock,Information Technology,,Japan,JP,JP3389660006,japan display
6055,"JAPAN MATERIAL Co.,Ltd.",TSE,Stock,Industrials,,Japan,JP,JP3389680004,japan material
3539,"JM HOLDINGS CO.,LTD.",TSE,Stock,Consumer Discretionary,,Japan,JP,JP3389690003,jm holdings
8595,"JAFCO Group Co.,Ltd.",TSE,Stock,Financials,,Japan,JP,JP3389900006,jafco group
3157,GEOLIVE Group Corporation,TSE,Stock,Consumer Discretionary,,Japan,JP,JP3390360000,geolive group
6440,JUKI CORPORATION,TSE,Stock,Industrials,,Japan,JP,JP3390400004,
7898,"WOOD ONE CO.,LTD.",TSE,Stock,Industrials,,Japan,JP,JP3390600009,wood one
7380,"Juroku Financial Group,Inc.",TSE,Stock,Financials,,Japan,JP,JP3392650002,juroku financial group
9835,"JUNTENDO CO.,LTD.",TSE,Stock,Consumer Discretionary,,Japan,JP,JP3392800003,juntendo
8173,"Joshin Denki Co.,Ltd.",TSE,Stock,Consumer Discretionary,,Japan,JP,JP3393000009,joshin denki
IPNAF,Information Planning CO. LTD.,OTC,Stock,Information Technology,,Japan,JP,JP3393500008,information planning
155A,"Information Strategy and Technology Co.,Ltd.",TSE,Stock,Information Technology,,Japan,JP,JP3393700004,information strategy and technology
6232,ACSL Ltd.,TSE,Stock,Industrials,,Japan,JP,JP3394900009,
142A,"JINJIB Co.,Ltd.",TSE,Stock,Industrials,,Japan,JP,JP3394950004,jinjib
5990,"SUPER TOOL CO.,LTD.",TSE,Stock,Industrials,,Japan,JP,JP3395300001,super tool
3945,"Superbag Company,Limited",TSE,Stock,Materials,,Japan,JP,JP3395400009,superbag
6403,"SUIDO KIKO KAISHA,LTD.",TSE,Stock,Industrials,,Japan,JP,JP3395800000,suido kiko kaisha
9204,Skymark Airlines Inc.,TSE,Stock,Industrials,,Japan,JP,JP3396000006,skymark airlines
3197,"SKYLARK HOLDINGS CO.,LTD.",TSE,Stock,Consumer Discretionary,,Japan,JP,JP3396210001,skylark holdings
9412,SKY Perfect JSAT Holdings Inc.,TSE,Stock,Communication Services,,Japan,JP,JP3396350005,sky perfect jsat holdings
4650,"SD ENTERTAINMENT,Inc.",TSE,Stock,Consumer Discretionary,,Japan,JP,JP3396400008,sd entertainment
3448,"SUGA STEEL Co.,LTD.",TSE,Stock,Industrials,,Japan,JP,JP3396630000,suga steel
9307,"Sugimura Warehouse Co.,Ltd.",TSE,Stock,Industrials,,Japan,JP,JP3397000005,sugimura warehouse
9932,"SUGIMOTO & CO.,LTD.",TSE,Stock,Industrials,,Japan,JP,JP3397050000,sugimoto
7649,"SUGI HOLDINGS Co.,LTD.",TSE,Stock,Health Care,,Japan,JP,JP3397060009,sugi holdings
264A,"Schoo,inc.",TSE,Stock,Consumer Discretionary,,Japan,JP,JP3397070008,schoo
7269,SUZUKI MOTOR CORPORATION,TSE,Stock,Consumer Discretionary,,Japan,JP,JP3397200001,suzuki motor
9987,"SUZUKEN CO.,LTD.",TSE,Stock,Health Care,,Japan,JP,JP3398000004,suzuken
7480,SUZUDEN CORPORATION,TSE,Stock,Industrials,,Japan,JP,JP3398400006,suzuden
9360,SUZUYO SHINWART CORPORATION,TSE,Stock,Information Technology,,Japan,JP,JP3398800007,suzuyo shinwart
8850,STARTS CORPORATION INC.,TSE,Stock,Real Estate,,Japan,JP,JP3399200009,
7849,Starts Publishing Corporation,TSE,Stock,Communication Services,,Japan,JP,JP3399210008,starts publishing
2305,"STUDIO ALICE Co.,Ltd.",TSE,Stock,Consumer Discretionary,,Japan,JP,JP3399240005,studio alice
3393,"Startia Holdings,Inc.",TSE,Stock,Information Technology,,Japan,JP,JP3399270002,startia holdings
2292,S Foods Inc.,TSE,Stock,Consumer Staples,,Japan,JP,JP3399300007,s foods
9206,Star Flyer Inc.,TSE,Stock,Industrials,,Japan,JP,JP3399320005,star flyer
2975,"Star Mica Holdings Co.,Ltd.",TSE,Stock,Real Estate,,Japan,JP,JP3399340003,star mica holdings
4019,"Stmn,Inc.",TSE,Stock,Information Technology,,Japan,JP,JP3399350002,
477A,"Startline CO.,LTD.",TSE,Stock,Industrials,,Japan,JP,JP3399370000,startline
4888,STELLA PHARMA CORPORATION,TSE,Stock,Health Care,,Japan,JP,JP3399680002,stella pharma|stella
4599,StemRIM Inc.,TSE,Stock,Health Care,,Japan,JP,JP3399690001,stemrim
9795,"STEP CO.,LTD.",TSE,Stock,Consumer Discretionary,,Japan,JP,JP3399700008,
3415,"TOKYO BASE Co.,Ltd.",TSE,Stock,Consumer Discretionary,,Japan,JP,JP3399710007,tokyo base
SLAHF,Stella Chemifa Corporation,OTC,Stock,Materials,,Japan,JP,JP3399720006,stella chemifa
9778,"SUBARU CO.,LTD.",TSE,Stock,Industrials,,Japan,JP,JP3399750003,
2997,"STORAGE-OH Co.,Ltd.",TSE,Stock,Real Estate,,Japan,JP,JP3399790009,storage-oh
9632,"Subaru Enterprise Co.,Ltd.",TSE,Stock,Industrials,,Japan,JP,JP3399800006,subaru enterprise
5584,"Strawberry jams Co.,Ltd.",TSE,Stock,Communication Services,,Japan,JP,JP3399810005,strawberry jams
8739,"SPARX Group Co.,Ltd.",TSE,Stock,Financials,,Japan,JP,JP3399900004,sparx group
4499,"Speee,Inc.",TSE,Stock,Information Technology,,Japan,JP,JP3400010009,speee
7030,SPRIX Inc.,TSE,Stock,Industrials,,Japan,JP,JP3400020008,sprix
4487,"Spacemarket,Inc.",TSE,Stock,Consumer Discretionary,,Japan,JP,JP3400040006,spacemarket
9622,"SPACE CO.,LTD.",TSE,Stock,Industrials,,Japan,JP,JP3400050005,space
4838,SPACE SHOWER SKIYAKI HOLDINGS INC.,TSE,Stock,Communication Services,,Japan,JP,JP3400070003,space shower skiyaki holdings
9417,"Smartvalue Co.,Ltd.",TSE,Stock,Information Technology,,Japan,JP,JP3400090001,smartvalue
5137,SmartDrive inc.,TSE,Stock,Information Technology,,Japan,JP,JP3400130005,smartdrive
9342,Sumasapo Inc.,TSE,Stock,Information Technology,,Japan,JP,JP3400140004,sumasapo
SU2,Sumitomo Osaka Cement Co. Ltd,FSX,Stock,,,Japan,JP,JP3400900001,sumitomo osaka cement
4005,"SUMITOMO CHEMICAL COMPANY,LIMITED",TSE,Stock,Materials,,Japan,JP,JP3401400001,sumitomo chemical
5713,"Sumitomo Metal Mining Co.,Ltd.",TSE,Stock,Materials,,Japan,JP,JP3402600005,sumitomo metal mining
8053,"SUMITOMO CORPORATION (SUMITOMO SHOJI KAISHA,LTD.)",TSE,Stock,Industrials,,Japan,JP,JP3404600003,sumitomo sumitomo shoji kaisha
6302,"SUMITOMO HEAVY INDUSTRIES,LTD.",TSE,Stock,Industrials,,Japan,JP,JP3405400007,sumitomo heavy industries
4008,"Sumitomo Seika Chemicals Company,Limited.",TSE,Stock,Materials,,Japan,JP,JP3405600002,sumitomo seika chemicals
9303,"The Sumitomo Warehouse Co.,Ltd.",TSE,Stock,Industrials,,Japan,JP,JP3407000003,the sumitomo warehouse
5726,"OSAKA Titanium technologies Co.,Ltd.",TSE,Stock,Materials,,Japan,JP,JP3407200009,osaka titanium technologies
5802,"Sumitomo Electric Industries,Ltd.",TSE,Stock,Consumer Discretionary,,Japan,JP,JP3407400005,sumitomo electric industries
8830,"Sumitomo Realty & Development Co.,Ltd.",TSE,Stock,Real Estate,,Japan,JP,JP3409000001,sumitomo realty & development
4203,"Sumitomo Bakelite Company,Limited",TSE,Stock,Materials,,Japan,JP,JP3409400003,sumitomo bakelite
1911,"Sumitomo Forestry Co.,Ltd.",TSE,Stock,Consumer Discretionary,,Japan,JP,JP3409800004,sumitomo forestry
3998,"SuRaLa Net Co.,Ltd.",TSE,Stock,Consumer Discretionary,,Japan,JP,JP3410450005,surala net
7777,"3-D Matrix,Ltd.",TSE,Stock,Health Care,,Japan,JP,JP3410730000,3-d matrix
7874,"LEC,INC.",TSE,Stock,Consumer Staples,,Japan,JP,JP3410800001,
SRGBF,Suruga Bank Ltd,OTC,Stock,Financials,,Japan,JP,JP3411000007,suruga bank
9253,Slogan Inc.,TSE,Stock,Industrials,,Japan,JP,JP3411600004,slogan
4387,"ZUU Co.,Ltd.",TSE,Stock,Financials,,Japan,JP,JP3411810009,
6694,ZOOM CORPORATION,TSE,Stock,Information Technology,,Japan,JP,JP3411820008,
6947,ZUKEN INC.,TSE,Stock,Information Technology,,Japan,JP,JP3412000006,zuken
2156,SAYLOR ADVERTISING INC.,TSE,Stock,Communication Services,,Japan,JP,JP3413200001,saylor advertising
7992,"The Sailor Pen Co.,Ltd.",TSE,Stock,Industrials,,Japan,JP,JP3413400007,the sailor pen
3569,"SEIREN CO.,LTD.",TSE,Stock,Consumer Discretionary,,Japan,JP,JP3413800008,seiren
4548,SEIKAGAKU CORPORATION,TSE,Stock,Health Care,,Japan,JP,JP3414000004,seikagaku
8061,SEIKA CORPORATION,TSE,Stock,Industrials,,Japan,JP,JP3414200000,seika
2179,"SEIGAKUSHA CO.,LTD.",TSE,Stock,Consumer Discretionary,,Japan,JP,JP3414400006,seigakusha
1898,"SEIKITOKYU KOGYO CO.,LTD.",TSE,Stock,Industrials,,Japan,JP,JP3414600001,seikitokyu kogyo
6724,SEIKO EPSON CORPORATION,TSE,Stock,Information Technology,,Japan,JP,JP3414750004,seiko epson
6286,SEIKO CORPORATION,TSE,Stock,Industrials,,Japan,JP,JP3414800007,seiko
6653,"SEIKO ELECTRIC CO.,LTD.",TSE,Stock,Industrials,,Japan,JP,JP3414900005,seiko electric
9076,"SEINO HOLDINGS CO.,LTD.",TSE,Stock,Industrials,,Japan,JP,JP3415400005,seino holdings
2872,"SEIHYO CO.,LTD.",TSE,Stock,Consumer Staples,,Japan,JP,JP3415600000,seihyo
9213,SEYFERT LTD.,TSE,Stock,Consumer Discretionary,,Japan,JP,JP3415700008,seyfert
9024,SEIBU HOLDINGS INC.,TSE,Stock,Industrials,,Japan,JP,JP3417200007,seibu holdings
4341,SEIRYO ELECTRIC CORPORATION,TSE,Stock,Industrials,,Japan,JP,JP3418100008,seiryo electric
7531,SEIWA CHUO HOLDINGS CORPORATION,TSE,Stock,Industrials,,Japan,JP,JP3418250001,seiwa chuo holdings
523A,"SEIWA HOLDINGS Co.,Ltd.",TSE,Stock,Industrials,,Japan,JP,JP3418500009,seiwa holdings
6460,SEGA SAMMY HOLDINGS INC.,TSE,Stock,Consumer Discretionary,,Japan,JP,JP3419050004,sega sammy holdings
4204,"Sekisui Chemical Co.,Ltd.",TSE,Stock,Materials,,Japan,JP,JP3419400001,sekisui chemical
4228,"Sekisui Kasei Co.,Ltd.",TSE,Stock,Materials,,Japan,JP,JP3419800002,sekisui kasei
4212,Sekisui Jushi Corporation,TSE,Stock,Industrials,,Japan,JP,JP3420200002,sekisui jushi
1928,"Sekisui House,Ltd.",TSE,Stock,Consumer Discretionary,,Japan,JP,JP3420600003,sekisui house
9976,"SEKICHU CO.,LTD.",TSE,Stock,Consumer Discretionary,,Japan,JP,JP3420850004,sekichu
9878,"SEKIDO CO.,LTD.",TSE,Stock,Consumer Discretionary,,Japan,JP,JP3420900007,sekido
4264,"SECURE,INC.",TSE,Stock,Information Technology,,Japan,JP,JP3420920005,secure
3042,SecuAvail Inc.,TSE,Stock,Information Technology,,Japan,JP,JP3420960001,secuavail
1662,"Japan Petroleum Exploration Co.,Ltd.",TSE,Stock,Energy,,Japan,JP,JP3421100003,japan petroleum exploration
3968,"Segue Group Co.,Ltd.",TSE,Stock,Information Technology,,Japan,JP,JP3421350004,segue group
9735,"SECOM CO.,LTD.",TSE,Stock,Industrials,,Japan,JP,JP3421800008,secom
9640,"Saison Technology Co.,Ltd.",TSE,Stock,Information Technology,,Japan,JP,JP3422150007,saison technology|saison
3741,"Systems Engineering Consultants Co.,LTD.",TSE,Stock,Information Technology,,Japan,JP,JP3422190003,systems engineering consultants
7464,"SAFTEC CO.,LTD.",TSE,Stock,Industrials,,Japan,JP,JP3422900005,saftec
3382,"Seven & i Holdings Co.,Ltd.",TSE,Stock,Consumer Staples,,Japan,JP,JP3422950000,seven & i holdings
7896,"SEVEN INDUSTRIES CO.,LTD.",TSE,Stock,Materials,,Japan,JP,JP3423200009,seven industries
4293,"SEPTENI HOLDINGS CO.,LTD.",TSE,Stock,Communication Services,,Japan,JP,JP3423300007,septeni holdings
6626,SEMITEC Corporation,TSE,Stock,Information Technology,,Japan,JP,JP3423350002,semitec
6199,"SERAKU Co.,Ltd.",TSE,Stock,Information Technology,,Japan,JP,JP3423510001,seraku
2782,"Seria Co.,Ltd.",TSE,Stock,Consumer Staples,,Japan,JP,JP3423520000,seria
7776,CellSeed Inc.,TSE,Stock,Health Care,,Japan,JP,JP3423530009,cellseed
3696,CERES INC.,TSE,Stock,Information Technology,,Japan,JP,JP3423570005,ceres
4880,"CellSource Co.,Ltd.",TSE,Stock,Health Care,,Japan,JP,JP3423580004,cellsource
7367,"CELM,Inc.",TSE,Stock,Industrials,,Japan,JP,JP3423590003,
9625,"CERESPO CO.,LTD.",TSE,Stock,Industrials,,Japan,JP,JP3423600000,cerespo
7318,"SERENDIP HOLDINGS Co.,Ltd.",TSE,Stock,Industrials,,Japan,JP,JP3423750003,serendip holdings
9069,"SENKO Group Holdings Co.,Ltd.",TSE,Stock,Industrials,,Japan,JP,JP3423800006,senko group holdings
9051,"SENKON LOGISTICS CO.,LTD",TSE,Stock,Industrials,,Japan,JP,JP3424100000,senkon logistics
9824,"SENSHU ELECTRIC CO.,LTD.",TSE,Stock,Information Technology,,Japan,JP,JP3424400004,senshu electric
8165,"SENSHUKAI CO.,LTD.",TSE,Stock,Consumer Discretionary,,Japan,JP,JP3424600009,senshukai
490A,"SENSE TRUST Co.,Ltd.",TSE,ETF,,Real Estate,Japan,JP,JP3424650004,sense
8898,CENTURY21 REAL ESTATE OF JAPAN LTD.,TSE,Stock,Real Estate,,Japan,JP,JP3424880007,century21 real estate of japan
8439,Tokyo Century Corporation,TSE,Stock,Financials,,Japan,JP,JP3424950008,tokyo century
4044,"Central Glass Co.,Ltd.",TSE,Stock,Materials,,Japan,JP,JP3425000001,central glass
9740,"CENTRAL SECURITY PATROLS CO.,LTD.",TSE,Stock,Industrials,,Japan,JP,JP3425400003,central security patrols
2304,"CSS HOLDINGS,LTD.",TSE,Stock,Industrials,,Japan,JP,JP3425500000,css holdings
4801,"CENTRAL SPORTS CO.,LTD.",TSE,Stock,Consumer Discretionary,,Japan,JP,JP3425600008,central sports
3238,"CENTRAL GENERAL DEVELOPMENT CO.,LTD.",TSE,Stock,Real Estate,,Japan,JP,JP3425650003,central general development
6540,SEMBA CORPORATION,TSE,Stock,Consumer Discretionary,,Japan,JP,JP3426050005,semba
3750,"ADR120S,Inc.",TSE,Stock,Communication Services,,Japan,JP,JP3426500009,
8135,ZETT CORPORATION,TSE,Stock,Consumer Discretionary,,Japan,JP,JP3427000009,
1811,THE ZENITAKA CORPORATION,TSE,Stock,Industrials,,Japan,JP,JP3427800002,the zenitaka
4492,GENETEC CORPORATION,TSE,Stock,Information Technology,,Japan,JP,JP3428000008,genetec
6267,"GENERAL PACKER CO.,LTD.",TSE,Stock,Industrials,,Japan,JP,JP3428700003,general packer
8281,"XEBIO holdings CO.,LTD.",TSE,Stock,Consumer Discretionary,,Japan,JP,JP3428800001,xebio holdings
9028,"ZERO CO.,LTD.",TSE,Stock,Industrials,,Japan,JP,JP3428870004,
171A,"ZEROJAPAN.Co.,Ltd",TSE,Stock,Industrials,,Japan,JP,JP3428880003,zerojapan
7371,Zenken Corporation,TSE,Stock,Industrials,,Japan,JP,JP3428970002,zenken
9409,TV Asahi Holdings Corporation,TSE,Stock,Communication Services,,Japan,JP,JP3429000007,tv asahi holdings
7164,"ZENKOKU HOSHO Co.,Ltd.",TSE,Stock,Financials,,Japan,JP,JP3429250008,zenkoku hosho
7550,"ZENSHO HOLDINGS CO.,LTD.",TSE,Stock,Consumer Discretionary,,Japan,JP,JP3429300001,zensho holdings
75505,"Series 1 Bond-Type Class Shares of ZENSHO HOLDINGS CO.,LTD.",TSE,Stock,Consumer Discretionary,,Japan,JP,JP3429300100,series 1 bond-type of zensho holdings|1 bond-type of zensho holdings|1 bond-type zensho holdings
9202,ANA HOLDINGS INC.,TSE,Stock,Industrials,,Japan,JP,JP3429800000,ana holdings
92025,Series 1 Bond-Type Class Shares of ANA HOLDINGS INC.,TSE,Stock,Industrials,,Japan,JP,JP3429800109,series 1 bond-type of ana holdings|1 bond-type of ana holdings|1 bond-type ana holdings
5845,"ZENHOREN CO.,LTD.",TSE,Stock,Financials,,Japan,JP,JP3430100002,zenhoren
338A,"ZenmuTech,Inc.",TSE,Stock,Information Technology,,Japan,JP,JP3430200000,zenmutech
358A,"ZENLAND,INC.",TSE,Stock,Real Estate,,Japan,JP,JP3430300008,zenland
9474,"ZENRIN CO.,LTD.",TSE,Stock,Information Technology,,Japan,JP,JP3430400006,zenrin
3929,"SOCIALWIRE CO.,LTD.",TSE,Stock,Communication Services,,Japan,JP,JP3431100001,socialwire
4344,SOURCENEXT CORPORATION,TSE,Stock,Information Technology,,Japan,JP,JP3431200009,sourcenext
SOLTF,Nxera Pharma Co.,OTC,Stock,Health Care,,Japan,JP,JP3431300007,nxera pharma|nxera
8158,"SODA NIKKA CO.,LTD.",TSE,Stock,Materials,,Japan,JP,JP3431400005,soda nikka
2186,Sobal Corporation,TSE,Stock,Information Technology,,Japan,JP,JP3431520000,sobal
9270,Valuence Holdings Inc.,TSE,Stock,Consumer Discretionary,,Japan,JP,JP3431540008,valuence holdings
7413,"Sokensha Co.,Ltd.",TSE,Stock,Consumer Staples,,Japan,JP,JP3431600000,sokensha
7850,"SOUGOU SHOUKEN CO.,LTD.",TSE,Stock,Industrials,,Japan,JP,JP3432000002,sougou shouken
3634,Sockets Inc.,TSE,Stock,Information Technology,,Japan,JP,JP3433300005,sockets
SDCKF,"Sodick Co., Ltd.",OTC,Stock,Industrials,,Japan,JP,JP3434200006,sodick
3571,"SOTOH CO.,LTD.",TSE,Stock,Consumer Discretionary,,Japan,JP,JP3434600007,sotoh
SNEJF,Sony Group Corporation,OTC,Stock,Consumer Discretionary,,Japan,JP,JP3435000009,sony
8729,Sony Financial Group Inc.,TSE,Stock,Financials,,Japan,JP,JP3435350008,sony financial group
1768,SONEC CORPORATION,TSE,Stock,Industrials,,Japan,JP,JP3435700004,sonec
4YC,M3 INC.,FSX,Stock,,,Japan,JP,JP3435750009,
7902,"SONOCOM CO.,LTD.",TSE,Stock,Information Technology,,Japan,JP,JP3435900000,sonocom
6942,"SOPHIA HOLDINGS CO.,LTD.",TSE,Stock,Consumer Discretionary,,Japan,JP,JP3436000008,sophia holdings
3733,"Software Service,Inc.",TSE,Stock,Information Technology,,Japan,JP,JP3436020006,software service
3371,SOFTCREATE HOLDINGS CORP.,TSE,Stock,Information Technology,,Japan,JP,JP3436040004,softcreate holdings
0R15,SoftBank Group Corp.,LSE,Stock,Communication Services,,Japan,JP,JP3436100006,
SBHGF,SBI Holdings Inc,OTC,Stock,Financials,,Japan,JP,JP3436120004,sbi holdings
3671,"SOFTMAX CO.,LTD",TSE,Stock,Health Care,,Japan,JP,JP3436140002,softmax
8152,SOMAR CORPORATION,TSE,Stock,Materials,,Japan,JP,JP3436200004,somar
5871,Solize Holdings Corp,TSE,Stock,Information Technology,,Japan,JP,JP3436230001,solize holdings|solize
147A,"SORACOM,INC.",TSE,Stock,Communication Services,,Japan,JP,JP3436240000,soracom
4284,"SOLXYZ Co.,Ltd.",TSE,Stock,Information Technology,,Japan,JP,JP3436400000,solxyz
4597,Solasia Pharma K.K.,TSE,Stock,Health Care,,Japan,JP,JP3436500007,solasia pharma|solasia
3375,ZOA CORPORATION,TSE,Stock,Consumer Discretionary,,Japan,JP,JP3437200003,
7965,Zojirushi Corporation,TSE,Stock,Consumer Discretionary,,Japan,JP,JP3437400009,zojirushi
3777,Environment Friendly Holdings Corp.,TSE,Stock,Communication Services,,Japan,JP,JP3440200008,environment friendly holdings
3880,Daio Paper Corporation,TSE,Stock,Materials,,Japan,JP,JP3440400004,daio paper
4231,TIGERS POLYMER CORPORATION,TSE,Stock,Consumer Discretionary,,Japan,JP,JP3440800005,tigers polymer
1979,Taikisha Ltd.,TSE,Stock,Industrials,,Japan,JP,JP3441200007,taikisha
8537,"THE TAIKO BANK,LTD.",TSE,Stock,Financials,,Japan,JP,JP3441600008,the taiko bank
4574,"TAIKO PHARMACEUTICAL CO.,LTD.",TSE,Stock,Health Care,,Japan,JP,JP3442200006,taiko pharmaceutical|taiko
3359,"cotta CO.,LTD",TSE,Stock,Consumer Discretionary,,Japan,JP,JP3442910000,cotta
1801,TAISEI CORPORATION,TSE,Stock,Industrials,,Japan,JP,JP3443600006,taisei
6342,"Taihei Machinery Works,Limited",TSE,Stock,Industrials,,Japan,JP,JP3446400008,taihei machinery works
1968,"TAIHEI DENGYO KAISHA,LTD.",TSE,Stock,Industrials,,Japan,JP,JP3447200001,taihei dengyo kaisha
5541,"PACIFIC METALS CO.,LTD.",TSE,Stock,Materials,,Japan,JP,JP3448000004,pacific metals
8835,TAIHEIYO KOUHATSU INCORPORATED,TSE,Stock,Industrials,,Japan,JP,JP3448800007,taiheiyo kouhatsu
5233,TAIHEIYO CEMENT CORPORATION,TSE,Stock,Materials,,Japan,JP,JP3449020001,taiheiyo cement
215A,"Timee,Inc.",TSE,Stock,Industrials,,Japan,JP,JP3449040009,timee
4626,"TAIYO HOLDINGS CO.,LTD.",TSE,Stock,Materials,,Japan,JP,JP3449100001,taiyo holdings
204A,"TaiyoPackage Co.,Ltd.",TSE,Stock,Materials,,Japan,JP,JP3449120009,taiyopackage
1758,"Taiyo Kisokogyo Co.,Ltd.",TSE,Stock,Industrials,,Japan,JP,JP3450200005,taiyo kisokogyo
6663,"TAIYO TECHNOLEX CO.,LTD.",TSE,Stock,Information Technology,,Japan,JP,JP3451100006,taiyo technolex
197A,"TAUNS Laboratories,Inc.",TSE,Stock,Health Care,,Japan,JP,JP3452250008,tauns laboratories
6325,"TAKAKITA CO.,LTD.",TSE,Stock,Industrials,,Japan,JP,JP3453200002,takakita
8166,"Taka-Q Co.,Ltd.",TSE,Stock,Consumer Discretionary,,Japan,JP,JP3453600003,taka-q
4242,TAKAGI SEIKO CORPORATION,TSE,Stock,Materials,,Japan,JP,JP3453900007,takagi seiko
4914,TAKASAGO INTERNATIONAL CORPORATION,TSE,Stock,Materials,,Japan,JP,JP3454400007,takasago international
5458,TAKASAGO TEKKO K.K.,TSE,Stock,Materials,,Japan,JP,JP3454800008,takasago tekko
1969,"Takasago Thermal Engineering Co.,Ltd.",TSE,Stock,Industrials,,Japan,JP,JP3455200000,takasago thermal engineering
8007,"Takashima & Co.,Ltd.",TSE,Stock,Industrials,,Japan,JP,JP3455600001,takashima
8233,"Takashimaya Company,Limited",TSE,Stock,Consumer Discretionary,,Japan,JP,JP3456000003,takashimaya
9087,TAKASE CORPORATION,TSE,Stock,Industrials,,Japan,JP,JP3456600000,takase
5923,"TAKADAKIKO(Steel Construction)CO.,LTD.",TSE,Stock,Industrials,,Japan,JP,JP3457200008,takadakiko steel construction
1966,TAKADA CORPORATION,TSE,Stock,Industrials,,Japan,JP,JP3457600009,takada
8225,"Takachiho Co.,Ltd.",TSE,Stock,Industrials,,Japan,JP,JP3457700007,takachiho
2676,"TAKACHIHO KOHEKI CO.,LTD.",TSE,Stock,Information Technology,,Japan,JP,JP3457710006,takachiho koheki
6338,Takatori Corporation,TSE,Stock,Information Technology,,Japan,JP,JP3457720005,takatori
7885,"TAKANO Co.,Ltd.",TSE,Stock,Industrials,,Japan,JP,JP3457750002,takano
1994,TAKAHASHI CURTAIN WALL CORPORATION,TSE,Stock,Industrials,,Japan,JP,JP3457800005,takahashi curtain wall
TAKMF,"Takamatsu Construction Group Co., Ltd.",OTC,Stock,Industrials,,Japan,JP,JP3457900003,takamatsu construction group|takamatsu construction
5283,"TAKAMISAWA CO.,LTD.",TSE,Stock,Materials,,Japan,JP,JP3458200007,takamisawa
6424,"TAKAMISAWA CYBERNETICS COMPANY,LTD.",TSE,Stock,Information Technology,,Japan,JP,JP3458300005,takamisawa cybernetics
9259,"TAKAYOSHI Holdings,INC.",TSE,Stock,Consumer Staples,,Japan,JP,JP3458600008,takayoshi holdings
7921,TAKARA & COMPANY LTD.,TSE,Stock,Industrials,,Japan,JP,JP3459000000,takara
2531,TAKARA HOLDINGS INC.,TSE,Stock,Consumer Staples,,Japan,JP,JP3459600007,takara holdings
7981,"TAKARA STANDARD CO.,LTD.",TSE,Stock,Consumer Discretionary,,Japan,JP,JP3460000007,takara standard
8897,"MIRARTH HOLDINGS,Inc.",TSE,Stock,Real Estate,,Japan,JP,JP3460800000,mirarth holdings
4025,"TAKI CHEMICAL CO.,LTD.",TSE,Stock,Materials,,Japan,JP,JP3461000006,taki chemical
5918,"The Takigami Steel Construction Co.,Ltd.",TSE,Stock,Industrials,,Japan,JP,JP3461400008,the takigami steel construction
2293,"TAKIZAWA HAM CO.,LTD.",TSE,Stock,Consumer Staples,,Japan,JP,JP3462000005,takizawa ham
9982,"Takihyo Co.,Ltd.",TSE,Stock,Consumer Discretionary,,Japan,JP,JP3462100003,takihyo
6013,"TAKUMA CO.,LTD.",TSE,Stock,Industrials,,Japan,JP,JP3462600002,takuma
6322,TACMINA CORPORATION,TSE,Stock,Industrials,,Japan,JP,JP3462620000,tacmina
6432,"TAKEUCHI MFG.CO.,LTD.",TSE,Stock,Industrials,,Japan,JP,JP3462660006,takeuchi mfg
7875,"TAKEDA iP HOLDINGS CO.,LTD.",TSE,Stock,Consumer Discretionary,,Japan,JP,JP3462700000,takeda ip holdings
4502,Takeda Pharmaceutical Company Limited,TSE,Stock,Health Care,,Japan,JP,JP3463000004,
7510,TAKEBISHI CORPORATION,TSE,Stock,Industrials,,Japan,JP,JP3463100002,takebishi
4248,"Takemoto Yohki Co.,Ltd.",TSE,Stock,Materials,,Japan,JP,JP3463300008,takemoto yohki
166A,TASUKI Holdings Inc.,TSE,Stock,Real Estate,,Japan,JP,JP3464310006,tasuki holdings
6395,TADANO LTD.,TSE,Stock,Industrials,,Japan,JP,JP3465000002,tadano
TCISF,TACHI-S Co. Ltd,OTC,Stock,Consumer Discretionary,,Japan,JP,JP3465400004,tachi-s
7989,TACHIKAWA CORPORATION,TSE,Stock,Consumer Discretionary,,Japan,JP,JP3466200007,tachikawa
8159,"TACHIBANA ELETECH CO.,LTD.",TSE,Stock,Information Technology,,Japan,JP,JP3466600008,tachibana eletech
7619,"TANAKA CO.,LTD.",TSE,Stock,Industrials,,Japan,JP,JP3468820000,tanaka
9644,"TANABE CONSULTING GROUP CO.,LTD.",TSE,Stock,Industrials,,Japan,JP,JP3468850007,tanabe consulting group
1450,TANAKEN Inc.,TSE,Stock,Industrials,,Japan,JP,JP3468860006,tanaken
1828,TANABE ENGINEERING CORPORATION,TSE,Stock,Industrials,,Japan,JP,JP3468900000,tanabe engineering
422A,"tane CREATIVE CO.,LTD.",TSE,Stock,Communication Services,,Japan,JP,JP3469600005,tane creative
9127,"TAMAI STEAMSHIP CO.,LTD",TSE,Stock,Industrials,,Japan,JP,JP3470600002,tamai steamship
6768,Tamura Corp,TSE,Stock,Information Technology,,Japan,JP,JP3471000004,tamura
6675,"SAXA,Inc.",TSE,Stock,Information Technology,,Japan,JP,JP3471200000,
524A,"Tamura Builds Group Co.,Ltd.",TSE,Stock,Real Estate,,Japan,JP,JP3471600001,tamura builds group
4679,"TAYA Co.,Ltd.",TSE,Stock,Consumer Discretionary,,Japan,JP,JP3472000003,
330A,TalentX Inc.,TSE,Stock,Information Technology,,Japan,JP,JP3472120009,talentx
7126,"Global Style Co.,Ltd.",TSE,Stock,Consumer Discretionary,,Japan,JP,JP3472150006,global style
9743,"TANSEISHA CO.,LTD.",TSE,Stock,Industrials,,Japan,JP,JP3472200009,tanseisha
7643,"DAIICHI CO.,LTD.",TSE,Stock,Consumer Staples,,Japan,JP,JP3473410003,daiichi
1716,DAI-ICHI CUTTER KOGYO K.K.,TSE,Stock,Industrials,,Japan,JP,JP3473700007,dai-ichi cutter kogyo
4082,"DAIICHI KIGENSO KAGAKU-KOGYO CO.,LTD",TSE,Stock,Materials,,Japan,JP,JP3474350000,daiichi kigenso kagaku-kogyo
1799,DAIICHI KENSETSU CORPORATION,TSE,Stock,Industrials,,Japan,JP,JP3474610007,daiichi kensetsu
4461,DKS Co.Ltd.,TSE,Stock,Materials,,Japan,JP,JP3475000000,
7458,"DAIICHIKOSHO CO.,LTD.",TSE,Stock,Consumer Discretionary,,Japan,JP,JP3475200006,daiichikosho
D4S,Daiichi Sankyo Company Limited,FSX,Stock,,,Japan,JP,JP3475350009,
8746,unbanked inc.,TSE,Stock,Financials,,Japan,JP,JP3475600007,unbanked
8750,"Dai-ichi Life Holdings,Inc.",TSE,Stock,Financials,,Japan,JP,JP3476480003,dai-ichi life holdings
2215,"FIRST BAKING CO.,LTD.",TSE,Stock,Consumer Staples,,Japan,JP,JP3479400008,first baking
9363,"DAIUN CO.,LTD.",TSE,Stock,Industrials,,Japan,JP,JP3479800009,daiun
9336,"Daiei Kankyo Co.,Ltd.",TSE,Stock,Industrials,,Japan,JP,JP3480470008,daiei kankyo
4245,"Daiki Axis Co.,Ltd.",TSE,Stock,Industrials,,Japan,JP,JP3480590003,daiki axis
5702,"DAIKI ALUMINIUM INDUSTRY CO.,LTD.",TSE,Stock,Materials,,Japan,JP,JP3480600000,daiki aluminium industry
3350,Metaplanet Inc.,TSE,Stock,Financials,,Japan,JP,JP3481200008,metaplanet
4246,DaikyoNishikawa Corporation,TSE,Stock,Consumer Discretionary,,Japan,JP,JP3481300006,daikyonishikawa
6367,"DAIKIN INDUSTRIES,LTD.",TSE,Stock,Industrials,,Japan,JP,JP3481800005,daikin industries
5900,"DAIKEN CO.,LTD.",TSE,Stock,Industrials,,Japan,JP,JP3482400003,daiken
7775,"DAIKEN MEDICAL CO.,LTD.",TSE,Stock,Health Care,,Japan,JP,JP3482500000,daiken medical
7673,"DAIKO TSUSAN CO.,LTD.",TSE,Stock,Industrials,,Japan,JP,JP3482700006,daiko tsusan
8023,"DAIKO XTECH,LTD.",TSE,Stock,Communication Services,,Japan,JP,JP3483000000,daiko xtech
2791,"DAIKOKUTENBUSSAN CO.,LTD.",TSE,Stock,Consumer Staples,,Japan,JP,JP3483050005,daikokutenbussan
6430,"DAIKOKU DENKI CO.,LTD.",TSE,Stock,Information Technology,,Japan,JP,JP3483100008,daikoku denki
4750,"DAISAN CO.,LTD.",TSE,Stock,Industrials,,Japan,JP,JP3483200006,daisan
7327,"Daishi Hokuetsu Financial Group,Inc.",TSE,Stock,Financials,,Japan,JP,JP3483850008,daishi hokuetsu financial group
9979,DAISYO CORPORATION,TSE,Stock,Consumer Discretionary,,Japan,JP,JP3484000009,daisyo
4629,"DAISHIN CHEMICAL CO.,LTD.",TSE,Stock,Materials,,Japan,JP,JP3484300003,daishin chemical
9169,Daishinsha Inc.,TSE,Stock,Industrials,,Japan,JP,JP3484450006,daishinsha
7538,"DAISUI CO.,LTD.",TSE,Stock,Consumer Staples,,Japan,JP,JP3485200004,daisui
1814,"DAISUE CONSTRUCTION CO.,LTD.",TSE,Stock,Industrials,,Japan,JP,JP3485400000,daisue construction
9793,"Daiseki Co.,Ltd.",TSE,Stock,Industrials,,Japan,JP,JP3485600005,daiseki
4202,Daicel Corporation,TSE,Stock,Materials,,Japan,JP,JP3485800001,daicel
4046,"OSAKA SODA CO.,LTD.",TSE,Stock,Materials,,Japan,JP,JP3485900009,osaka soda
1980,"DAI-DAN CO.,LTD.",TSE,Stock,Industrials,,Japan,JP,JP3486000007,dai-dan
4366,Daito Chemix Corporation,TSE,Stock,Materials,,Japan,JP,JP3486500006,daito chemix
8563,"THE DAITO BANK,LTD.",TSE,Stock,Financials,,Japan,JP,JP3486700002,the daito bank
1878,"DAITO TRUST CONSTRUCTION CO.,LTD.",TSE,Stock,Real Estate,,Japan,JP,JP3486800000,daito trust construction|daito construction
9367,"DAITO KOUN CO.,LTD.",TSE,Stock,Industrials,,Japan,JP,JP3486900008,daito koun
3202,"Daitobo Co.,Ltd.",TSE,Stock,Consumer Discretionary,,Japan,JP,JP3487400008,daitobo
2590,"DyDo GROUP HOLDINGS,INC.",TSE,Stock,Consumer Staples,,Japan,JP,JP3488400007,dydo group holdings
DAIDF,"Daido Steel Co., Ltd.",OTC,Stock,Materials,,Japan,JP,JP3491000000,daido steel
6889,DYNAM JAPAN,HKEX,Stock,Consumer Discretionary,,Japan,JP,JP3491910000,dynam japan
336A,"Dynamic Map Platform Co.,Ltd.",TSE,Stock,Information Technology,,Japan,JP,JP3491920009,dynamic map platform
5951,"Dainichi Co.,Ltd.",TSE,Stock,Consumer Discretionary,,Japan,JP,JP3492000009,dainichi
6635,KK DI-NIKKO ENGINEERING,TSE,Stock,Information Technology,,Japan,JP,JP3493200004,di-nikko engineering
4631,DIC Corporation,TSE,Stock,Materials,,Japan,JP,JP3493400000,
7912,"Dai Nippon Printing Co.,Ltd.",TSE,Stock,Industrials,,Japan,JP,JP3493800001,dai nippon printing
3947,"Dynapac Co.,Ltd.",TSE,Stock,Materials,,Japan,JP,JP3494200003,dynapac
7735,"SCREEN Holdings Co.,Ltd.",TSE,Stock,Information Technology,,Japan,JP,JP3494600004,screen holdings
DNPUF,"Sumitomo Pharma Co., Ltd.",OTC,Stock,Health Care,,Japan,JP,JP3495000006,sumitomo dainippon pharma
4611,"Dai Nippon Toryo Company,Limited",TSE,Stock,Materials,,Japan,JP,JP3495400008,dai nippon toryo
9433,KDDI CORPORATION,TSE,Stock,Communication Services,,Japan,JP,JP3496400007,
6383,"DAIFUKU CO.,LTD.",TSE,Stock,Industrials,,Japan,JP,JP3497400006,daifuku
151A,Dive Inc.,TSE,Stock,Industrials,,Japan,JP,JP3497600001,
1822,DAIHO CORPORATION,TSE,Stock,Industrials,,Japan,JP,JP3498600000,daiho
9818,"DAIMARU ENAWIN Co.,Ltd.",TSE,Stock,Energy,,Japan,JP,JP3499200008,daimaru enawin
7462,CAPITA Inc.,TSE,Stock,Consumer Discretionary,,Japan,JP,JP3499450009,
6699,"DIAMOND ELECTRIC HOLDINGS Co.,Ltd.",TSE,Stock,Consumer Discretionary,,Japan,JP,JP3499480006,diamond electric holdings
8593,Mitsubishi HC Capital Inc.,TSE,Stock,Financials,,Japan,JP,JP3499800005,mitsubishi hc capital
7354,Direct Marketing MiX Inc.,TSE,Stock,Industrials,,Japan,JP,JP3500170000,direct marketing mix
8247,"Daiwa Co.,Ltd.",TSE,Stock,Consumer Discretionary,,Japan,JP,JP3500200005,daiwa
8308,"Resona Holdings, Inc.",TSE,Stock,Financials,,Japan,JP,JP3500610005,resona holdings
5888,"DAIWA CYCLE CO.,LTD.",TSE,Stock,Consumer Discretionary,,Japan,JP,JP3501950004,daiwa cycle
8601,Daiwa Securities Group Inc.,TSE,Stock,Financials,,Japan,JP,JP3502200003,daiwa securities group
9082,"Daiwa Motor Transportation Co.,Ltd.",TSE,Stock,Industrials,,Japan,JP,JP3503000006,daiwa motor transportation
7990,"GLOBERIDE,Inc.",TSE,Stock,Consumer Discretionary,,Japan,JP,JP3503800009,globeride
1925,"DAIWA HOUSE INDUSTRY CO.,LTD.",TSE,Stock,Consumer Discretionary,,Japan,JP,JP3505000004,daiwa house industry
DAWIF,Daiwa Industries Ltd,OTC,Stock,Industrials,,Japan,JP,JP3505800007,daiwa industries
4665,"DUSKIN CO.,LTD.",TSE,Stock,Consumer Discretionary,,Japan,JP,JP3505900005,duskin
3068,WDI Corporation,TSE,Stock,Consumer Discretionary,,Japan,JP,JP3505930002,
2475,"WDB HOLDINGS CO.,LTD.",TSE,Stock,Industrials,,Japan,JP,JP3505940001,wdb holdings
6619,W-SCOPE Corporation,TSE,Stock,Materials,,Japan,JP,JP3505970008,w-scope
3925,Double Standard Inc.,TSE,Stock,Information Technology,,Japan,JP,JP3505980007,double standard
7683,"WA,Inc.",TSE,Stock,Consumer Discretionary,,Japan,JP,JP3505990006,
9159,W TOKYO Inc.,TSE,Stock,Consumer Discretionary,,Japan,JP,JP3506020001,w tokyo
305A,Double Tree Inc.,TSE,Stock,Consumer Discretionary,,Japan,JP,JP3506030000,double tree
2668,Tabio Corporation,TSE,Stock,Consumer Discretionary,,Japan,JP,JP3506100001,tabio
4397,TeamSpirit Inc.,TSE,Stock,Information Technology,,Japan,JP,JP3507200008,teamspirit
2164,"CHIIKISHINBUNSHA CO.,LTD.",TSE,Stock,Communication Services,,Japan,JP,JP3507500001,chiikishinbunsha
3933,"CHIeru Co.,Ltd.",TSE,Stock,Information Technology,,Japan,JP,JP3507650004,chieru
3962,"CHANGE Holdings,Inc.",TSE,Stock,Information Technology,,Japan,JP,JP3507750002,change holdings
3561,"CHIKARANOMOTO HOLDINGS Co.,Ltd.",TSE,Stock,Consumer Discretionary,,Japan,JP,JP3507780009,chikaranomoto holdings
4098,"Titan Kogyo ,Ltd.",TSE,Stock,Materials,,Japan,JP,JP3509000000,titan kogyo
9012,"Chichibu Railway Co.,Ltd.",TSE,Stock,Industrials,,Japan,JP,JP3509800003,chichibu railway
1938,"NIPPON RIETEC CO.,LTD.",TSE,Stock,Industrials,,Japan,JP,JP3510600004,nippon rietec
8331,"The Chiba Bank,Ltd.",TSE,Stock,Financials,,Japan,JP,JP3511800009,the chiba bank
8337,"The Chiba Kogyo Bank,Ltd.",TSE,Stock,Financials,,Japan,JP,JP3512200001,the chiba kogyo bank
6062,CHARM CARE CORPORATION,TSE,Stock,Health Care,,Japan,JP,JP3512740006,charm care
4448,"kubell Co.,Ltd.",TSE,Stock,Information Technology,,Japan,JP,JP3512900006,kubell
3877,"Chuetsu Pulp & Paper Co.,Ltd.",TSE,Stock,Materials,,Japan,JP,JP3513400006,chuetsu pulp & paper
8030,"Chuo Gyorui Co.,Ltd.",TSE,Stock,Consumer Staples,,Japan,JP,JP3514600000,chuo gyorui
9476,"CHUOKEIZAI-SHA HOLDINGS,INC.",TSE,Stock,Communication Services,,Japan,JP,JP3514800006,chuokeizai-sha holdings
9319,"Chuo Warehouse Co.,Ltd.",TSE,Stock,Industrials,,Japan,JP,JP3516600008,chuo warehouse
5992,"CHUO SPRING CO.,LTD.",TSE,Stock,Consumer Discretionary,,Japan,JP,JP3517800003,chuo spring
1491,"Chugai Mining Co.,Ltd.",TSE,Stock,Materials,,Japan,JP,JP3519000008,chugai mining
4519,"CHUGAI PHARMACEUTICAL CO.,LTD.",TSE,Stock,Health Care,,Japan,JP,JP3519400000,chugai pharmaceutical|chugai
1964,"Chugai Ro Co.,Ltd.",TSE,Stock,Industrials,,Japan,JP,JP3519800001,chugai ro
5832,"Chugin Financial Group,Inc.",TSE,Stock,Financials,,Japan,JP,JP3520700000,chugin financial group
2139,"CHUCO CO.,LTD.",TSE,Stock,Industrials,,Japan,JP,JP3520800008,chuco
5974,"CHUGOKUKOGYO CO.,LTD.",TSE,Stock,Industrials,,Japan,JP,JP3521400006,chugokukogyo
9504,"The Chugoku Electric Power Company,Incorporated",TSE,Stock,Utilities,,Japan,JP,JP3522200009,the chugoku
4617,"Chugoku Marine Paints,Ltd.",TSE,Stock,Materials,,Japan,JP,JP3522600000,chugoku marine paints
1941,CHUDENKO CORPORATION,TSE,Stock,Industrials,,Japan,JP,JP3524000001,chudenko
5461,"Chubu Steel Plate Co.,Ltd.",TSE,Stock,Materials,,Japan,JP,JP3524600008,chubu steel plate
2053,"CHUBU SHIRYO CO.,LTD.",TSE,Stock,Consumer Staples,,Japan,JP,JP3525400002,chubu shiryo
9502,"Chubu Electric Power Company,Incorporated",TSE,Stock,Utilities,,Japan,JP,JP3526600006,chubu
2993,Choei Inc.,TSE,Stock,Real Estate,,Japan,JP,JP3527450005,choei
3075,"Choushimaru Co.,Ltd.",TSE,Stock,Consumer Discretionary,,Japan,JP,JP3527550002,choushimaru
5946,"CHOFU SEISAKUSHO CO.,LTD.",TSE,Stock,Industrials,,Japan,JP,JP3527800001,chofu seisakusho
8014,"CHORI CO.,LTD.",TSE,Stock,Industrials,,Japan,JP,JP3528200003,chori
8185,"CHIYODA CO.,LTD.",TSE,Stock,Consumer Discretionary,,Japan,JP,JP3528400009,
6366,Chiyoda Corporation,TSE,Stock,Industrials,,Japan,JP,JP3528600004,
6897,TWINBIRD CORPORATION,TSE,Stock,Consumer Discretionary,,Japan,JP,JP3531100000,twinbird
8025,"TSUKAMOTO CORPORATION CO.,LTD.",TSE,Stock,Consumer Discretionary,,Japan,JP,JP3531400004,tsukamoto
6332,"TSUKISHIMA HOLDINGS CO.,LTD.",TSE,Stock,Industrials,,Japan,JP,JP3532200007,tsukishima holdings
2978,TSUKURUBA Inc.,TSE,Stock,Real Estate,,Japan,JP,JP3532950007,tsukuruba
476A,"Tsuji Hongo IT Consulting Co.,Ltd.",TSE,Stock,Information Technology,,Japan,JP,JP3532970005,tsuji hongo it consulting
1840,"TSUCHIYA HOLDINGS CO.,LTD.",TSE,Stock,Industrials,,Japan,JP,JP3533300004,tsuchiya holdings
7937,"TSUTSUMI JEWELRY CO.,LTD.",TSE,Stock,Consumer Discretionary,,Japan,JP,JP3533500009,tsutsumi jewelry
8157,"TSUZUKI DENKI CO.,LTD.",TSE,Stock,Information Technology,,Japan,JP,JP3533800003,tsuzuki denki
6551,TSUNAGU GROUP HOLDINGS Inc.,TSE,Stock,Industrials,,Japan,JP,JP3534100007,tsunagu group holdings
6371,TSUBAKIMOTO CHAIN CO.,TSE,Stock,Industrials,,Japan,JP,JP3535400000,tsubakimoto chain
4890,Tsubota Laboratory Incorporated,TSE,Stock,Health Care,,Japan,JP,JP3535700003,tsubota laboratory
3391,TSURUHA HOLDINGS INC.,TSE,Stock,Consumer Staples,,Japan,JP,JP3536150000,tsuruha holdings
2686,"GFOOT CO.,LTD.",TSE,Stock,Consumer Discretionary,,Japan,JP,JP3536900008,gfoot
9812,"T.O. Holdings CO.,LTD.",TSE,Stock,Consumer Discretionary,,Japan,JP,JP3538300009,t.o. holdings
8841,"TOC Co.,Ltd.",TSE,Stock,Real Estate,,Japan,JP,JP3538400007,
9247,TRE HOLDINGS CORPORATION,TSE,Stock,Industrials,,Japan,JP,JP3538540000,tre holdings
500A,"TO Books,Inc.",TSE,Stock,Communication Services,,Japan,JP,JP3538560008,to books
6809,TOA CORPORATION,TSE,Stock,Information Technology,,Japan,JP,JP3538600002,
3608,"TSI HOLDINGS CO.,LTD.",TSE,Stock,Consumer Discretionary,,Japan,JP,JP3538690003,tsi holdings
7362,Terminalcare Support Institute Inc.,TSE,Stock,Health Care,,Japan,JP,JP3538730007,terminalcare support institute
280A,TMH Inc.,TSE,Stock,Information Technology,,Japan,JP,JP3538740006,
TDK,TDK Corporation,FSX,Stock,,,Japan,JP,JP3538800008,
4687,TDC SOFT Inc.,TSE,Stock,Information Technology,,Japan,JP,JP3539000004,tdc soft
3172,"Tea Life Co.,Ltd.",TSE,Stock,Consumer Staples,,Japan,JP,JP3539050009,tea life
4055,T&S Group Inc.,TSE,Stock,Information Technology,,Japan,JP,JP3539210009,t&s group
8795,"T&D Holdings, Inc.",TSE,Stock,Financials,,Japan,JP,JP3539220008,t&d holdings
7313,"TS TECH CO.,LTD.",TSE,Stock,Consumer Discretionary,,Japan,JP,JP3539230007,ts tech
6481,"THK CO.,LTD.",TSE,Stock,Industrials,,Japan,JP,JP3539250005,
4027,TAYCA CORPORATION,TSE,Stock,Materials,,Japan,JP,JP3539300008,tayca
4331,"TAKE AND GIVE. NEEDS Co.,Ltd.",TSE,Stock,Consumer Discretionary,,Japan,JP,JP3539350003,take and give. needs
9746,TKC Corporation,TSE,Stock,Information Technology,,Japan,JP,JP3539400006,
3302,"TEIKOKU SEN-I Co.,Ltd.",TSE,Stock,Industrials,,Japan,JP,JP3540800004,
6333,"TEIKOKU ELECTRIC MFG. CO.,LTD.",TSE,Stock,Industrials,,Japan,JP,JP3541800003,teikoku electric mfg
6463,"TPR CO.,LTD.",TSE,Stock,Consumer Discretionary,,Japan,JP,JP3542400001,
9708,"Imperial Hotel,Ltd.",TSE,Stock,Consumer Discretionary,,Japan,JP,JP3542800002,imperial hotel
3401,TEIJIN LIMITED,TSE,Stock,Materials,,Japan,JP,JP3544000007,teijin
4891,"TMS Co.,Ltd.",TSE,Stock,Health Care,,Japan,JP,JP3544960002,
3974,SCAT Inc.,TSE,Stock,Information Technology,,Japan,JP,JP3544970001,
1965,TECHNO RYOWA LTD.,TSE,Stock,Industrials,,Japan,JP,JP3545040002,techno ryowa
6678,"Techno Medica Co.,Ltd.",TSE,Stock,Health Care,,Japan,JP,JP3545110003,techno medica
3762,TECHMATRIX CORPORATION,TSE,Stock,Information Technology,,Japan,JP,JP3545130001,techmatrix
6337,TESEC Corporation,TSE,Stock,Information Technology,,Japan,JP,JP3545160008,tesec
3787,"Techno Mathematical Co.,Ltd.",TSE,Stock,Information Technology,,Japan,JP,JP3545170007,techno mathematical
3089,"Techno Alpha Co.,Ltd.",TSE,Stock,Information Technology,,Japan,JP,JP3545210001,techno alpha
7046,TDSE Inc.,TSE,Stock,Information Technology,,Japan,JP,JP3545250007,
3449,TECHNOFLEX CORPORATION,TSE,Stock,Industrials,,Japan,JP,JP3545260006,technoflex
5074,"TESS Holdings Co.,Ltd.",TSE,Stock,Industrials,,Japan,JP,JP3545270005,tess holdings
9335,"techno-creative CO.,LTD.",TSE,Stock,Industrials,,Japan,JP,JP3545280004,techno-creative
5248,"TECHNOLOGIES,Inc.",TSE,Stock,Information Technology,,Japan,JP,JP3545290003,
2962,"TECNISCO,LTD.",TSE,Stock,Industrials,,Japan,JP,JP3545300000,tecnisco
333A,"TECHNOSMILE,INC.",TSE,Stock,Industrials,,Japan,JP,JP3545310009,technosmile
429A,Tekscend Photomask Corp.,TSE,Stock,Information Technology,,Japan,JP,JP3545320008,tekscend photomask
7037,teno.Holdings Company Limited,TSE,Stock,Consumer Discretionary,,Japan,JP,JP3545820007,teno.holdings
3985,TEMONA.inc.,TSE,Stock,Information Technology,,Japan,JP,JP3545850004,temona
3915,"TerraSky Co.,Ltd",TSE,Stock,Information Technology,,Japan,JP,JP3546300009,terrasky
483A,"Tera Technology,Inc.",TSE,Stock,Information Technology,,Japan,JP,JP3546430004,tera technology
278A,Terra Drone Corporation,TSE,Stock,Industrials,,Japan,JP,JP3546450002,terra drone
6627,"Tera Probe,Inc.",TSE,Stock,Information Technology,,Japan,JP,JP3546550009,tera probe
TRUMF,Terumo Corporation,OTC,Stock,Health Care,,Japan,JP,JP3546800008,terumo
9413,TV TOKYO Holdings Corporation,TSE,Stock,Communication Services,,Japan,JP,JP3547060008,tv tokyo holdings
3744,SIOS Corporation,TSE,Stock,Information Technology,,Japan,JP,JP3547100002,
8207,"TEN ALLIED Co.,Ltd.",TSE,Stock,Consumer Discretionary,,Japan,JP,JP3547200000,ten allied
325A,TENTIAL Inc.,TSE,Stock,Consumer Discretionary,,Japan,JP,JP3547500003,tential
2181,"PERSOL HOLDINGS CO.,LTD.",TSE,Stock,Industrials,,Japan,JP,JP3547670004,persol holdings
9846,"TENMAYA STORE CO.,LTD.",TSE,Stock,Consumer Discretionary,,Japan,JP,JP3547850002,tenmaya store
5945,"Tenryu Saw Mfg.Co.,Ltd.",TSE,Stock,Industrials,,Japan,JP,JP3547900005,tenryu saw mfg
371A,DesigNET Inc.,TSE,Stock,Communication Services,,Japan,JP,JP3548430002,designet
3848,"Data Applications Company,Limited",TSE,Stock,Information Technology,,Japan,JP,JP3548450000,data applications
320A,"D&I,Inc.",TSE,Stock,Industrials,,Japan,JP,JP3548470008,
189A,"D&M COMPANY CO.,LTD",TSE,Stock,Industrials,,Japan,JP,JP3548490006,
9682,DTS CORPORATION,TSE,Stock,Information Technology,,Japan,JP,JP3548500002,
4845,"Scala,Inc.",TSE,Stock,Information Technology,,Japan,JP,JP3548520000,scala
9782,DMS INC.,TSE,Stock,Industrials,,Japan,JP,JP3548550007,
DISPF,Disco Corporation,OTC,Stock,Information Technology,,Japan,JP,JP3548600000,
D2N,DeNA Co. Ltd,FSX,Stock,,,Japan,JP,JP3548610009,
889,DCM HOLDINGS CO. LTD.,FSX,Stock,,,Japan,JP,JP3548660004,dcm holdings
3836,AVANT GROUP CORPORATION,TSE,Stock,Information Technology,,Japan,JP,JP3548680002,avant group
3079,DVx Inc.,TSE,Stock,Health Care,,Japan,JP,JP3548710007,
3245,"DEAR LIFE CO.,LTD.",TSE,Stock,Real Estate,,Japan,JP,JP3548720006,dear life
4421,"D.I.System Co.,Ltd.",TSE,Stock,Information Technology,,Japan,JP,JP3548810005,d.i.system
7372,Decollte Holdings Corporation,TSE,Stock,Consumer Discretionary,,Japan,JP,JP3548830003,decollte holdings
7377,"DN HOLDINGS CO.,LTD.",TSE,Stock,Consumer Discretionary,,Japan,JP,JP3548840002,dn holdings
9244,DIGITALIFT Inc.,TSE,Stock,Communication Services,,Japan,JP,JP3548950009,digitalift
2326,Digital Arts Inc.,TSE,Stock,Information Technology,,Japan,JP,JP3549020000,digital arts
STEAF,SM ENTMT JAPAN CO LTD,OTC,Stock,Communication Services,,Japan,JP,JP3549050007,sm entmt japan
3916,Digital Information Technologies Corporation,TSE,Stock,Information Technology,,Japan,JP,JP3549060006,digital information technologies
4819,"Digital Garage,Inc.",TSE,Stock,Information Technology,,Japan,JP,JP3549070005,digital garage
263A,DigitalCube Co.Ltd.,TSE,Stock,Communication Services,,Japan,JP,JP3549110009,digitalcube
350A,DIGITAL GRID Corporation,TSE,Stock,Utilities,,Japan,JP,JP3549120008,digital grid
507A,"Digital Knowledge Co.,Ltd.",TSE,Stock,Communication Services,,Japan,JP,JP3549140006,digital knowledge
3469,"Dualtap Co.,Ltd.",TSE,Stock,Real Estate,,Japan,JP,JP3549250003,dualtap
299A,"Kurashiru,Inc.",TSE,Stock,Communication Services,,Japan,JP,JP3549330003,kurashiru
3392,"DELICA FOODS HOLDINGS CO.,LTD.",TSE,Stock,Consumer Staples,,Japan,JP,JP3549350001,delica foods holdings
9240,Delivery Consulting Inc.,TSE,Stock,Information Technology,,Japan,JP,JP3549360000,delivery consulting
4598,"Delta-Fly Pharma,Inc.",TSE,Stock,Health Care,,Japan,JP,JP3549370009,delta-fly pharma|delta-fly
4061,Denka Company Limited,TSE,Stock,Materials,,Japan,JP,JP3549600009,denka
8144,"Denkyo Group Holdings Co.,Ltd.",TSE,Stock,Industrials,,Japan,JP,JP3550400000,denkyo group holdings
6365,DMW CORPORATION,TSE,Stock,Industrials,,Japan,JP,JP3550800001,
9513,"Electric Power Development Co.,Ltd.",TSE,Stock,Utilities,,Japan,JP,JP3551200003,electric power development
3640,"DENSAN CO.,LTD.",TSE,Stock,Information Technology,,Japan,JP,JP3551410008,densan
4072,"Densan System Holdings Co.,Ltd.",TSE,Stock,Information Technology,,Japan,JP,JP3551440005,densan system holdings
4812,DENTSU SOKEN INC.,TSE,Stock,Information Technology,,Japan,JP,JP3551530003,dentsu soken
5973,TOAMI CORPORATION,TSE,Stock,Materials,,Japan,JP,JP3552190005,toami
1946,TOENEC CORPORATION,TSE,Stock,Industrials,,Japan,JP,JP3552230009,toenec
3361,"Toell Co.,Ltd.",TSE,Stock,Utilities,,Japan,JP,JP3552240008,toell
9729,TOKAI Corp.,TSE,Stock,Industrials,,Japan,JP,JP3552250007,tokai
3433,"TOCALO Co.,Ltd.",TSE,Stock,Industrials,,Japan,JP,JP3552290003,tocalo
9444,"TOSHIN HOLDINGS CO.,LTD",TSE,Stock,Consumer Discretionary,,Japan,JP,JP3552420006,toshin holdings
5956,"TOSO CO.,LTD.",TSE,Stock,Industrials,,Japan,JP,JP3552500005,
8142,"TOHO Co.,Ltd.",TSE,Stock,Consumer Staples,,Japan,JP,JP3553200001,
2737,TOMEN DEVICES CORPORATION,TSE,Stock,Information Technology,,Japan,JP,JP3553900006,tomen devices
3946,"TOMOKU CO.,LTD.",TSE,Stock,Materials,,Japan,JP,JP3554000004,tomoku
5271,"TOYO ASANO FOUNDATION CO.,LTD.",TSE,Stock,Materials,,Japan,JP,JP3554200000,toyo asano foundation
6369,TOYO KANETSU K.K.,TSE,Stock,Industrials,,Japan,JP,JP3554400006,toyo kanetsu
6315,TOWA CORPORATION,TSE,Stock,Information Technology,,Japan,JP,JP3555700008,
1885,TOA CORPORATION,TSE,Stock,Industrials,,Japan,JP,JP3556000002,
4045,"TOAGOSEI CO.,LTD.",TSE,Stock,Materials,,Japan,JP,JP3556400004,toagosei
1882,TOA ROAD CORPORATION,TSE,Stock,Industrials,,Japan,JP,JP3558000000,toa road
6466,"TVE Co.,Ltd.",TSE,Stock,Industrials,,Japan,JP,JP3558810002,
9605,"TOEI COMPANY,LTD.",TSE,Stock,Communication Services,,Japan,JP,JP3560000006,
4816,"TOEI ANIMATION CO.,LTD.",TSE,Stock,Communication Services,,Japan,JP,JP3560200002,toei animation
7074,Twenty-four seven Holdings Inc.,TSE,Stock,Industrials,,Japan,JP,JP3560570008,twenty-four seven holdings
5301,"TOKAI CARBON CO.,LTD.",TSE,Stock,Materials,,Japan,JP,JP3560800009,tokai carbon
9704,"Agora Hospitality Group Co.,Ltd.",TSE,Stock,Consumer Discretionary,,Japan,JP,JP3561200001,agora hospitality group
9173,"Tokai Kisen Co.,Ltd.",TSE,Stock,Industrials,,Japan,JP,JP3562000004,tokai kisen
9761,"TOKAI LEASE CO.,LTD.",TSE,Stock,Real Estate,,Japan,JP,JP3566200006,tokai lease
6995,"TOKAI RIKA CO.,LTD.",TSE,Stock,Consumer Discretionary,,Japan,JP,JP3566600007,tokai rika
9022,Central Japan Railway Company,TSE,Stock,Industrials,,Japan,JP,JP3566800003,central japan railway
T8F,Tokyu Fudosan,FSX,Stock,,,Japan,JP,JP3569200003,tokyu fudosan|tokyu fudosan holdings
4635,"TOKYO PRINTING INK MFG.CO.,LTD.",TSE,Stock,Materials,,Japan,JP,JP3571000003,tokyo printing ink mfg
8035,Tokyo Electron Limited,TSE,Stock,Information Technology,,Japan,JP,JP3571400005,tokyo electron
9701,"Tokyo Kaikan Co.,Ltd.",TSE,Stock,Consumer Discretionary,,Japan,JP,JP3572200008,tokyo kaikan
9531,"TOKYO GAS CO.,LTD.",TSE,Stock,Utilities,,Japan,JP,JP3573000001,tokyo gas
6335,"TOKYO KIKAI SEISAKUSHO,LTD.",TSE,Stock,Industrials,,Japan,JP,JP3573400003,tokyo kikai seisakusho
9193,"Tokyo Kisen Co.,Ltd.",TSE,Stock,Industrials,,Japan,JP,JP3573800004,tokyo kisen
9005,TOKYU CORPORATION,TSE,Stock,Industrials,,Japan,JP,JP3574200006,tokyu
6772,"Tokyo Cosmos Electric Co.,Ltd.",TSE,Stock,Information Technology,,Japan,JP,JP3576200004,tokyo cosmos electric
5994,"FINE SINTER CO.,LTD.",TSE,Stock,Consumer Discretionary,,Japan,JP,JP3577400009,fine sinter
8616,"Tokai Tokyo Financial Holdings,Inc.",TSE,Stock,Financials,,Japan,JP,JP3577600004,tokai tokyo financial holdings
6360,"TOKYO AUTOMATIC MACHINERY WORKS,LTD.",TSE,Stock,Industrials,,Japan,JP,JP3578200002,tokyo automatic machinery works
5981,"TOKYO ROPE MFG.CO.,LTD",TSE,Stock,Industrials,,Japan,JP,JP3579400007,tokyo rope mfg
5423,"TOKYO STEEL MANUFACTURING CO.,LTD.",TSE,Stock,Materials,,Japan,JP,JP3579800008,tokyo steel manufacturing
8804,"Tokyo Tatemono Co.,Ltd.",TSE,Stock,Real Estate,,Japan,JP,JP3582600007,tokyo tatemono
9023,"Tokyo Metro Co.,Ltd.",TSE,Stock,Industrials,,Japan,JP,JP3583900000,tokyo metro
7359,"Tokyo Communications Group,Inc.",TSE,Stock,Communication Services,,Japan,JP,JP3583950005,tokyo communications group
9633,"TOKYO THEATRES COMPANY,INCORPORATED",TSE,Stock,Real Estate,,Japan,JP,JP3584200004,tokyo theatres
5445,"TOKYO TEKKO CO.,LTD.",TSE,Stock,Materials,,Japan,JP,JP3584600005,tokyo tekko
9990,SAC'S BAR HOLDINGS INC.,TSE,Stock,Consumer Discretionary,,Japan,JP,JP3584700003,sacs bar holdings
1945,TOKYO ENERGY & SYSTEMS INC.,TSE,Stock,Industrials,,Japan,JP,JP3585400009,tokyo energy & systems
9501,"Tokyo Electric Power Company Holdings,Incorporated",TSE,Stock,Utilities,,Japan,JP,JP3585800000,tokyo electric power holdings
9672,"TOKYOTOKEIBA CO.,LTD.",TSE,Stock,Consumer Discretionary,,Japan,JP,JP3586600003,tokyotokeiba
4792,"YAMADA Consulting Group Co.,Ltd.",TSE,Stock,Industrials,,Japan,JP,JP3588100002,yamada consulting group
9401,"TBS HOLDINGS,INC.",TSE,Stock,Communication Services,,Japan,JP,JP3588600001,tbs holdings
7815,"TOKYO BOARD INDUSTRIES CO.,LTD.",TSE,Stock,Materials,,Japan,JP,JP3588800007,tokyo board industries
5363,TYK CORPORATION,TSE,Stock,Materials,,Japan,JP,JP3589400005,
1766,TOKEN CORPORATION,TSE,Stock,Consumer Discretionary,,Japan,JP,JP3590900001,token
8920,"TOSHO CO.,LTD.",TSE,Stock,Consumer Discretionary,,Japan,JP,JP3594400008,tosho
8923,TOSEI CORPORATION,TSE,Stock,Real Estate,,Japan,JP,JP3595070008,
4042,TOSOH CORPORATION,TSE,Stock,Materials,,Japan,JP,JP3595200001,tosoh
1835,"TOTETSU KOGYO CO.,LTD.",TSE,Stock,Industrials,,Japan,JP,JP3595400007,totetsu kogyo
8181,"Totenko Co.,Ltd.",TSE,Stock,Consumer Discretionary,,Japan,JP,JP3595800008,totenko
TOTDF,Toto Ltd,OTC,Stock,Industrials,,Japan,JP,JP3596200000,
9001,"TOBU RAILWAY CO.,LTD.",TSE,Stock,Industrials,,Japan,JP,JP3597800006,tobu railway
9036,"TOHBU NETWORK CO.,LTD.",TSE,Stock,Industrials,,Japan,JP,JP3598000002,tohbu network
5975,Topre Corporation,TSE,Stock,Consumer Discretionary,,Japan,JP,JP3598200008,topre
9602,"TOHO CO.,LTD",TSE,Stock,Communication Services,,Japan,JP,JP3598600009,
5707,"Toho Zinc Co.,Ltd.",TSE,Stock,Materials,,Japan,JP,JP3599000001,toho zinc
4093,"Toho Acetylene Co.,Ltd.",TSE,Stock,Materials,,Japan,JP,JP3599400003,toho acetylene
4409,"TOHO CHEMICAL INDUSTRY COMPANY,LIMITED",TSE,Stock,Materials,,Japan,JP,JP3599800004,toho chemical industry
9533,"TOHO GAS CO.,LTD.",TSE,Stock,Utilities,,Japan,JP,JP3600200004,toho gas
8129,"TOHO HOLDINGS CO.,LTD.",TSE,Stock,Health Care,,Japan,JP,JP3602600003,toho holdings
7422,"TOHO LAMAC CO.,LTD.",TSE,Stock,Consumer Discretionary,,Japan,JP,JP3603200001,toho lamac
7446,"TOHOKU CHEMICAL Co.,LTD.",TSE,Stock,Materials,,Japan,JP,JP3603600002,tohoku chemical
9506,"Tohoku Electric Power Company,Incorporated",TSE,Stock,Utilities,,Japan,JP,JP3605400005,tohoku
4439,Toumei Co Ltd,TSE,Stock,Communication Services,,Japan,JP,JP3606150005,toumei
6330,TOYO ENGINEERING CORPORATION,TSE,Stock,Industrials,,Japan,JP,JP3607800004,toyo engineering
445A,TOYO Corporation,TSE,Stock,Real Estate,,Japan,JP,JP3610000006,
4970,"Toyo Gosei Co.,Ltd.",TSE,Stock,Materials,,Japan,JP,JP3610400008,toyo gosei
5936,"TOYO SHUTTER CO.,LTD.",TSE,Stock,Industrials,,Japan,JP,JP3611400007,toyo shutter
8614,"TOYO SECURITIES CO.,LTD.",TSE,Stock,Financials,,Japan,JP,JP3611800008,toyo securities
2875,"TOYO SUISAN KAISHA,LTD.",TSE,Stock,Consumer Staples,,Japan,JP,JP3613000003,toyo suisan kaisha
5901,"Toyo Seikan Group Holdings,Ltd.",TSE,Stock,Materials,,Japan,JP,JP3613400005,toyo seikan group holdings
9306,"Toyo Logistics Co.,Ltd.",TSE,Stock,Industrials,,Japan,JP,JP3615400003,toyo logistics
5310,"TOYO TANSO CO.,LTD.",TSE,Stock,Materials,,Japan,JP,JP3616000000,toyo tanso
8151,TOYO Corporation,TSE,Stock,Information Technology,,Japan,JP,JP3616600007,
9686,"TOYO TEC CO.,LTD.",TSE,Stock,Industrials,,Japan,JP,JP3616800003,toyo tec
4828,Business Engineering Corporation,TSE,Stock,Information Technology,,Japan,JP,JP3618800001,business engineering
9351,"TOYO WHARF & WAREHOUSE CO.,LTD.",TSE,Stock,Industrials,,Japan,JP,JP3619000007,toyo wharf & warehouse
3101,"TOYOBO CO.,LTD.",TSE,Stock,Materials,,Japan,JP,JP3619800000,toyobo
7236,"T.RAD Co., Ltd.",TSE,Stock,Consumer Discretionary,,Japan,JP,JP3620200000,
7971,TOLI Corporation,TSE,Stock,Materials,,Japan,JP,JP3620600001,
5856,"Life Intelligent Enterprise Holdings Co.,Ltd.",TSE,Stock,Consumer Staples,,Japan,JP,JP3620800007,life intelligent enterprise holdings
TOR1,Toray Industries Inc,FSX,Stock,,,Japan,JP,JP3621000003,toray industries
8558,"THE TOWA BANK,LTD.",TSE,Stock,Financials,,Japan,JP,JP3622400004,the towa bank
3329,"TOWA FOOD SERVICE CO.,LTD.",TSE,Stock,Consumer Discretionary,,Japan,JP,JP3622800005,towa food service
4043,Tokuyama Corporation,TSE,Stock,Materials,,Japan,JP,JP3625000009,tokuyama
5938,LIXIL Corporation,TSE,Stock,Industrials,,Japan,JP,JP3626800001,lixil
1860,TODA CORPORATION,TSE,Stock,Industrials,,Japan,JP,JP3627000007,
4100,TODA KOGYO CORP.,TSE,Stock,Materials,,Japan,JP,JP3627400009,toda kogyo
8550,"THE TOCHIGI BANK,LTD.",TSE,Stock,Financials,,Japan,JP,JP3627800000,the tochigi bank
7911,TOPPAN Holdings Inc.,TSE,Stock,Industrials,,Japan,JP,JP3629000005,toppan holdings
7640,"TOP CULTURE Co.,Ltd.",TSE,Stock,Consumer Discretionary,,Japan,JP,JP3629250006,top culture
243A,Top's Inc.,TSE,Stock,Consumer Staples,,Japan,JP,JP3629270004,
7472,"TOBA,INC.",TSE,Stock,Industrials,,Japan,JP,JP3629700000,
256A,TOBISHIMA HOLDINGS Inc.,TSE,Stock,Industrials,,Japan,JP,JP3629810007,tobishima holdings
8542,"TOMATO BANK,LTD.",TSE,Stock,Financials,,Japan,JP,JP3630500001,tomato bank
7867,"TOMY COMPANY,LTD.",TSE,Stock,Consumer Discretionary,,Japan,JP,JP3630550006,
3878,TOMOEGAWA CORPORATION,TSE,Stock,Materials,,Japan,JP,JP3631000001,tomoegawa
1921,TOMOE CORPORATION,TSE,Stock,Industrials,,Japan,JP,JP3631400003,tomoe
6309,"TOMOE ENGINEERING CO.,LTD.(TOMOE KOGYO CO.,LTD.)",TSE,Stock,Industrials,,Japan,JP,JP3631600008,tomoe engineering tomoe kogyo
8600,"TOMONY Holdings,Inc.",TSE,Stock,Financials,,Japan,JP,JP3631700006,tomony holdings
8365,"The Bank of Toyama,Ltd.",TSE,Stock,Financials,,Japan,JP,JP3632000000,the bank of toyama
4058,"Toyokumo,Inc.",TSE,Stock,Information Technology,,Japan,JP,JP3632650002,toyokumo
341A,TOYOKOH Inc.,TSE,Stock,Industrials,,Japan,JP,JP3632670000,toyokoh
TYT,Toyota Motor Corp,LSE,Stock,Consumer Discretionary,,Japan,JP,JP3633400001,
7282,"TOYODA GOSEI CO.,LTD.",TSE,Stock,Consumer Discretionary,,Japan,JP,JP3634200004,toyoda gosei
TYIDF,Toyota Industries Corp,OTC,Stock,Industrials,,Japan,JP,JP3634600005,
8015,TOYOTA TSUSHO CORPORATION,TSE,Stock,Industrials,,Japan,JP,JP3635000007,toyota tsusho
3116,TOYOTA BOSHOKU CORPORATION,TSE,Stock,Consumer Discretionary,,Japan,JP,JP3635400009,toyota boshoku
141A,"TRIAL Holdings,Inc.",TSE,Stock,Consumer Discretionary,,Japan,JP,JP3635490000,trial holdings
9830,TRUSCO NAKAYAMA CORPORATION,TSE,Stock,Industrials,,Japan,JP,JP3635500006,trusco nakayama
2154,Open Up Group Inc.,TSE,Stock,Industrials,,Japan,JP,JP3635580008,open up group
3286,TRUST Holdings Inc.,TSE,Stock,Real Estate,,Japan,JP,JP3635590007,trust holdings
7818,"TRANSACTION CO.,Ltd.",TSE,Stock,Consumer Discretionary,,Japan,JP,JP3635670007,transaction
5258,Transaction Media Networks Inc.,TSE,Stock,Information Technology,,Japan,JP,JP3635690005,transaction media networks
9715,transcosmos inc.,TSE,Stock,Information Technology,,Japan,JP,JP3635700002,transcosmos
3193,"Eternal Hospitality Group Co.,Ltd.",TSE,Stock,Consumer Discretionary,,Japan,JP,JP3635900008,eternal hospitality group
4369,Tri Chemical Laboratories Inc.,TSE,Stock,Materials,,Japan,JP,JP3636000006,tri chemical laboratories
7138,"TORICO Co.,Ltd.",TSE,Stock,Consumer Discretionary,,Japan,JP,JP3636100004,torico
6363,"Torishima Pump Mfg.Co.,Ltd.",TSE,Stock,Industrials,,Japan,JP,JP3636600003,torishima pump mfg
3397,TORIDOLL Holdings Corporation,TSE,Stock,Consumer Discretionary,,Japan,JP,JP3636650008,toridoll holdings
9337,toridori Inc.,TSE,Stock,Communication Services,,Japan,JP,JP3636800009,toridori
6382,TRINITY INDUSTRIAL CORPORATION,TSE,Stock,Industrials,,Japan,JP,JP3637000005,trinity industrial
9365,TRADIA CORPORATION,TSE,Stock,Industrials,,Japan,JP,JP3637200001,tradia
3997,"TRADE WORKS Co.,Ltd",TSE,Stock,Information Technology,,Japan,JP,JP3637220009,trade works
8704,"TRADERS HOLDINGS CO.,LTD.",TSE,Stock,Financials,,Japan,JP,JP3637250006,traders holdings
6069,"Trenders,Inc.",TSE,Stock,Communication Services,,Japan,JP,JP3637290002,trenders
4704,Trend Micro Incorporated,TSE,Stock,Information Technology,,Japan,JP,JP3637300009,trend micro
267A,TOWARISE CORPORATION,TSE,Stock,Financials,,Japan,JP,JP3637350004,towarise
7483,"DOSHISHA CO.,LTD.",TSE,Stock,Consumer Discretionary,,Japan,JP,JP3638000004,doshisha
5573,"Doraku Holdings Co.,Ltd.",TSE,Stock,Communication Services,,Japan,JP,JP3638100002,doraku holdings
5714,"DOWA HOLDINGS CO.,LTD.",TSE,Stock,Materials,,Japan,JP,JP3638600001,dowa holdings
3087,"DOUTOR?NICHIRES Holdings Co.,Ltd.",TSE,Stock,Consumer Discretionary,,Japan,JP,JP3639100001,doutornichires holdings
4811,DreamArts Corporation,TSE,Stock,Information Technology,,Japan,JP,JP3639400005,dreamarts
4310,Dream Incubator Inc.,TSE,Stock,Industrials,,Japan,JP,JP3639420003,dream incubator
4840,TriIs Incorporated,TSE,Stock,Industrials,,Japan,JP,JP3639450000,triis
3772,"Wealth Management,Inc.",TSE,Stock,Real Estate,,Japan,JP,JP3639550007,
3793,"Drecom Co.,Ltd.",TSE,Stock,Communication Services,,Japan,JP,JP3639570005,drecom
7532,Pan Pacific International Holdings Corporation,TSE,Stock,Consumer Discretionary,,Japan,JP,JP3639650005,pan pacific international holdings
8013,"NAIGAI CO.,LTD.",TSE,Stock,Consumer Discretionary,,Japan,JP,JP3640800003,naigai
7624,"Naito & Co.,Ltd.",TSE,Stock,Industrials,,Japan,JP,JP3641350008,naito
5618,Nyle Inc.,TSE,Stock,Communication Services,,Japan,JP,JP3641360007,
355A,"Now Village Co.,Ltd.",TSE,Stock,Industrials,,Japan,JP,JP3641380005,now village
5941,"NAKANISHI MFG. CO.,LTD.",TSE,Stock,Industrials,,Japan,JP,JP3642600005,nakanishi mfg
1827,NAKANO CORPORATION,TSE,Stock,Industrials,,Japan,JP,JP3643600004,nakano
7987,"NAKABAYASHI CO.,LTD.",TSE,Stock,Industrials,,Japan,JP,JP3644400008,nakabayashi
1787,"Nakabohtec Corrosion Protecting Co.,Ltd.",TSE,Stock,Industrials,,Japan,JP,JP3644600003,nakabohtec corrosion protecting
5408,"NAKAYAMA STEEL WORKS,LTD.",TSE,Stock,Materials,,Japan,JP,JP3646400006,nakayama steel works
7442,"NAKAYAMAFUKU CO.,LTD.",TSE,Stock,Consumer Discretionary,,Japan,JP,JP3646600001,nakayamafuku
7447,"NAGAILEBEN Co.,Ltd.",TSE,Stock,Health Care,,Japan,JP,JP3647000003,nagaileben
9733,Nagase Brothers Inc.,TSE,Stock,Consumer Discretionary,,Japan,JP,JP3647600000,nagase brothers
8012,"NAGASE & CO.,LTD.",TSE,Stock,Materials,,Japan,JP,JP3647800006,nagase
8139,NAGAHORI CORPORATION,TSE,Stock,Consumer Discretionary,,Japan,JP,JP3648600009,nagahori
9663,"NAGAWA CO.,Ltd",TSE,Stock,Industrials,,Japan,JP,JP3648700007,nagawa
8522,"The Bank of Nagoya,Ltd.",TSE,Stock,Financials,,Japan,JP,JP3648800005,the bank of nagoya
9048,"Nagoya Railroad Co., Ltd.",TSE,Stock,Industrials,,Japan,JP,JP3649800004,nagoya railroad
5922,"NASU DENKI-TEKKO CO.,LTD.",TSE,Stock,Industrials,,Japan,JP,JP3651000006,nasu denki-tekko
9788,"NAC CO.,LTD.",TSE,Stock,Industrials,,Japan,JP,JP3651020004,
7435,"NADEX CO.,LTD.",TSE,Stock,Industrials,,Japan,JP,JP3651030003,nadex
7674,"NATTY SWANKY holdings Co.,Ltd.",TSE,Stock,Consumer Discretionary,,Japan,JP,JP3651040002,natty swanky holdings
4627,"NATOCO CO.,LTD.",TSE,Stock,Materials,,Japan,JP,JP3651050001,natoco
2922,"NATORI CO.,LTD.",TSE,Stock,Consumer Staples,,Japan,JP,JP3651060000,natori
2790,"NAFCO Co.,Ltd.",TSE,Stock,Consumer Discretionary,,Japan,JP,JP3651160008,nafco
6268,Nabtesco Corporation,TSE,Stock,Industrials,,Japan,JP,JP3651210001,nabtesco
8AF,NAMURA SHIPBLDG LTD,FSX,Stock,,,Japan,JP,JP3651400008,namura shipbldg
5870,Nalnet Communications Inc.,TSE,Stock,Consumer Discretionary,,Japan,JP,JP3651950002,nalnet communications
9163,Nareru Group Inc.,TSE,Stock,Industrials,,Japan,JP,JP3652120001,nareru group
4040,"NANKAI CHEMICAL COMPANY,LIMITED",TSE,Stock,Materials,,Japan,JP,JP3652150008,nankai chemical
1850,"Nankai Tatsumura Construction Co.,Ltd.",TSE,Stock,Industrials,,Japan,JP,JP3652600002,nankai tatsumura construction
9044,"Nankai Electric Railway Co.,Ltd.",TSE,Stock,Industrials,,Japan,JP,JP3653000004,nankai electric railway
7887,"NANKAI PLYWOOD CO.,LTD.",TSE,Stock,Materials,,Japan,JP,JP3653200000,nankai plywood
7399,"NANSIN CO.,LTD.",TSE,Stock,Industrials,,Japan,JP,JP3653300008,nansin
9034,"NANSO Transport Co.,Ltd.",TSE,Stock,Industrials,,Japan,JP,JP3653350003,nanso transport
3562,"No.1 Co.,Ltd",TSE,Stock,Industrials,,Japan,JP,JP3653590004,
7417,NANYO CORPORATION,TSE,Stock,Industrials,,Japan,JP,JP3653700009,nanyo
3992,Needs Well Inc.,TSE,Stock,Information Technology,,Japan,JP,JP3654100001,needs well
9017,"Niigata Kotsu Co.,Ltd.",TSE,Stock,Industrials,,Japan,JP,JP3654400005,niigata kotsu
9408,"BSN MEDIA HOLDINGS,INC.",TSE,Stock,Communication Services,,Japan,JP,JP3656400003,bsn media holdings
4465,"Niitaka Co., Ltd.",TSE,Stock,Consumer Staples,,Japan,JP,JP3657250001,niitaka
NKN,Nikon Corporation,FSX,Stock,,,Japan,JP,JP3657400002,nikon
9699,"NISHIO HOLDINGS CO.,LTD.",TSE,Stock,Industrials,,Japan,JP,JP3657500009,nishio holdings
7500,"NISHIKAWA KEISOKU Co.,Ltd.",TSE,Stock,Industrials,,Japan,JP,JP3657530006,nishikawa keisoku
9031,"Nishi-Nippon Railroad Co.,Ltd.",TSE,Stock,Industrials,,Japan,JP,JP3658800002,nishi-nippon railroad
7189,"Nishi-Nippon Financial Holdings,Inc.",TSE,Stock,Financials,,Japan,JP,JP3658850007,nishi-nippon financial holdings
9021,West Japan Railway Company,TSE,Stock,Industrials,,Japan,JP,JP3659000008,west japan railway
1820,"Nishimatsu Construction Co.,Ltd.",TSE,Stock,Industrials,,Japan,JP,JP3659200004,nishimatsu construction
7545,"NISHIMATSUYA CHAIN Co.,Ltd.",TSE,Stock,Consumer Discretionary,,Japan,JP,JP3659300002,nishimatsuya chain
5658,"NICHIA STEEL WORKS,LTD.",TSE,Stock,Materials,,Japan,JP,JP3660000005,nichia steel works
5393,NICHIAS CORPORATION,TSE,Stock,Materials,,Japan,JP,JP3660400007,nichias
NCHNF,Nichicon Corporation,OTC,Stock,Information Technology,,Japan,JP,JP3661800007,nichicon
6467,NICHIDAI CORPORATION,TSE,Stock,Industrials,,Japan,JP,JP3661940001,nichidai
4218,"NICHIBAN CO.,LTD.",TSE,Stock,Materials,,Japan,JP,JP3662400005,nichiban
2768,Sojitz Corporation,TSE,Stock,Industrials,,Japan,JP,JP3663900003,sojitz
2871,NICHIREI CORPORATION,TSE,Stock,Consumer Staples,,Japan,JP,JP3665200006,nichirei
5011,"NICHIREKI GROUP CO.,LTD.",TSE,Stock,Materials,,Japan,JP,JP3665600007,nichireki group
2055,"NICHIWA SANGYO CO.,LTD.",TSE,Stock,Consumer Staples,,Japan,JP,JP3666400001,nichiwa sangyo
4463,"NICCA CHEMICAL CO.,LTD.",TSE,Stock,Materials,,Japan,JP,JP3666700004,nicca chemical
5367,NIKKATO CORPORATION,TSE,Stock,Materials,,Japan,JP,JP3667000008,nikkato
1963,JGC HOLDINGS CORPORATION,TSE,Stock,Industrials,,Japan,JP,JP3667600005,jgc holdings
6376,"NIKKISO CO.,LTD.",TSE,Stock,Industrials,,Japan,JP,JP3668000007,nikkiso
222A,Nippon Information Control System Inc.,TSE,Stock,Communication Services,,Japan,JP,JP3668350006,nippon information control system
9767,"NIKKEN KOGAKU CO.,LTD.",TSE,Stock,Industrials,,Japan,JP,JP3668800000,nikken kogaku
6306,"NIKKO CO.,LTD.",TSE,Stock,Industrials,,Japan,JP,JP3669200002,nikko
4021,Nissan Chemical Corporation,TSE,Stock,Materials,,Japan,JP,JP3670800006,nissan chemical
NSNHF,Nissan Shatai Co. Ltd,OTC,Stock,Consumer Discretionary,,Japan,JP,JP3672000001,nissan shatai
5FA,NIPRO CORP.,FSX,Stock,,,Japan,JP,JP3673600007,nipro
6157,"NS TOOL CO.,LTD.",TSE,Stock,Industrials,,Japan,JP,JP3675320000,ns tool
7490,"NISSIN SHOJI CO.,LTD.",TSE,Stock,Industrials,,Japan,JP,JP3675400000,nissin shoji
NF2,Nissin Foods Holdings Co.Ltd,FSX,Stock,,,Japan,JP,JP3675600005,nissin foods holdings
2117,"WELLNEO SUGAR Co.,Ltd.",TSE,Stock,Consumer Staples,,Japan,JP,JP3676600004,wellneo sugar
2602,"The Nisshin OilliO Group,Ltd.",TSE,Stock,Consumer Staples,,Japan,JP,JP3677200002,the nisshin oillio group
8881,"NISSHIN GROUP HOLDINGS Company,Limited",TSE,Stock,Real Estate,,Japan,JP,JP3677900007,nisshin group holdings
261A,"Nihon Suido Consultants Co.,Ltd.",TSE,Stock,Industrials,,Japan,JP,JP3678050000,nihon suido consultants
3440,"NISSO GROUP Co.,Ltd.",TSE,Stock,Industrials,,Japan,JP,JP3679830004,nisso group
4977,Nitta Gelatin Inc,TSE,Stock,Materials,,Japan,JP,JP3679870000,nitta gelatin
9332,"NISSO HOLDINGS Co.,Ltd.",TSE,Stock,Industrials,,Japan,JP,JP3679880009,nisso holdings
7021,"NITCHITSU CO.,LTD.",TSE,Stock,Industrials,,Japan,JP,JP3680400003,nitchitsu
4013,"Kinjiro Co.,Ltd.",TSE,Stock,Information Technology,,Japan,JP,JP3680630005,kinjiro
5957,"NITTOSEIKO CO.,LTD.",TSE,Stock,Industrials,,Japan,JP,JP3682800002,nittoseiko
2003,"NITTO FUJI FLOUR MILLING CO.,LTD.",TSE,Stock,Consumer Staples,,Japan,JP,JP3683200004,nitto fuji flour milling
3524,"NITTO SEIMO CO.,LTD.",TSE,Stock,Consumer Discretionary,,Japan,JP,JP3683600005,nitto seimo
ND5,Nitto Denko Corporation,FSX,Stock,,,Japan,JP,JP3684000007,
2877,NittoBest Corporation,TSE,Stock,Consumer Staples,,Japan,JP,JP3684300001,nittobest
3110,"NITTO BOSEKI CO.,LTD.",TSE,Stock,Materials,,Japan,JP,JP3684400009,nitto boseki
6145,"NITTOKU CO.,LTD.",TSE,Stock,Industrials,,Japan,JP,JP3684700002,nittoku
7932,"Nippi,Incorporated",TSE,Stock,Materials,,Japan,JP,JP3685200002,nippi
9913,NIPPO LTD.,TSE,Stock,Industrials,,Japan,JP,JP3686100003,nippo
1429,"Nippon Aqua Co.,Ltd.",TSE,Stock,Industrials,,Japan,JP,JP3686140009,nippon aqua
8518,"Japan Asia Investment Company,Limited",TSE,Stock,Financials,,Japan,JP,JP3686150008,japan asia investment
6946,"Nippon Avionics Co.,Ltd.",TSE,Stock,Industrials,,Japan,JP,JP3686200001,nippon avionics
5202,"Nippon Sheet Glass Company,Limited",TSE,Stock,Materials,,Japan,JP,JP3686800008,nippon sheet glass
3851,"Nippon Ichi Software,Inc.",TSE,Stock,Communication Services,,Japan,JP,JP3687000004,nippon ichi software
5368,"JAPAN INSULATION CO.,LTD.",TSE,Stock,Materials,,Japan,JP,JP3687500003,japan insulation
7940,"WAVELOCK HOLDINGS CO.,LTD.",TSE,Stock,Materials,,Japan,JP,JP3687800007,wavelock holdings
8892,ES-CON JAPAN Ltd.,TSE,Stock,Real Estate,,Japan,JP,JP3688330004,es-con japan
9249,"Japan Ecosystem Co.,Ltd.",TSE,Stock,Industrials,,Japan,JP,JP3688360001,japan ecosystem
9147,"NIPPON EXPRESS HOLDINGS,INC.",TSE,Stock,Industrials,,Japan,JP,JP3688370000,nippon express holdings
6063,"Emergency Assistance Japan Co., Ltd.",TSE,Stock,Industrials,,Japan,JP,JP3688900004,emergency assistance japan
7600,"Japan Medical Dynamic Marketing,INC.",TSE,Stock,Health Care,,Japan,JP,JP3689100000,japan medical dynamic marketing
4829,"Nihon Enterprise Co.,Ltd.",TSE,Stock,Information Technology,,Japan,JP,JP3689470007,nihon enterprise
OCJ,Oracle Corporation Japan,FSX,Stock,,,Japan,JP,JP3689500001,oracle japan
4064,"Nippon Carbide Industries Company,Incorporated",TSE,Stock,Materials,,Japan,JP,JP3690000009,nippon carbide industries
5302,"Nippon Carbon Co.,Ltd.",TSE,Stock,Materials,,Japan,JP,JP3690400001,nippon carbon
6943,"NKK SWITCHES CO.,LTD.",TSE,Stock,Information Technology,,Japan,JP,JP3691400000,nkk switches
4092,"Nippon Chemical Industrial Co.,Ltd.",TSE,Stock,Materials,,Japan,JP,JP3691600005,nippon chemical industrial
4094,"NIHON KAGAKU SANGYO CO.,LTD.",TSE,Stock,Materials,,Japan,JP,JP3692000007,nihon kagaku sangyo
4272,"NIPPON KAYAKU CO.,LTD.",TSE,Stock,Materials,,Japan,JP,JP3694400007,nippon kayaku
9347,"NIPPON KANZAI Holdings Co.,Ltd.",TSE,Stock,Industrials,,Japan,JP,JP3695010003,nippon kanzai holdings
5333,"NGK INSULATORS,LTD.",TSE,Stock,Materials,,Japan,JP,JP3695200000,ngk insulators
8174,"NIPPON GAS CO.,LTD.",TSE,Stock,Utilities,,Japan,JP,JP3695600001,nippon gas
6042,"NIKKI CO.,LTD.",TSE,Stock,Consumer Discretionary,,Japan,JP,JP3696800006,nikki
1914,"JAPAN FOUNDATION ENGINEERING CO.,LTD.",TSE,Stock,Industrials,,Japan,JP,JP3697400004,japan foundation engineering
5491,"NIPPON KINZOKU CO.,LTD.",TSE,Stock,Materials,,Japan,JP,JP3698000001,nippon kinzoku
6356,"NIPPON GEAR CO.,LTD.",TSE,Stock,Industrials,,Japan,JP,JP3698800004,nippon gear
8301,BANK OF JAPAN,TSE,Stock,Financials,,Japan,JP,JP3699200006,bank of japan
9706,"Japan Airport Terminal Co.,ltd.",TSE,Stock,Real Estate,,Japan,JP,JP3699400002,japan airport terminal
4658,"Nippon Air Conditioning Services Co.,Ltd.",TSE,Stock,Industrials,,Japan,JP,JP3699500009,nippon air conditioning services
7279,HI-LEX CORPORATION,TSE,Stock,Consumer Discretionary,,Japan,JP,JP3699600007,hi-lex
5703,"Nippon Light Metal Holdings Company,Ltd.",TSE,Stock,Materials,,Japan,JP,JP3700200003,nippon light metal holdings
3201,"THE JAPAN WOOL TEXTILE CO.,LTD.",TSE,Stock,Consumer Discretionary,,Japan,JP,JP3700800000,the japan wool textile
4552,Jcr Pharmaceuticals Co Ltd,TSE,Stock,Health Care,,Japan,JP,JP3701000006,jcr pharmaceuticals
4539,"NIPPON CHEMIPHAR CO.,LTD.",TSE,Stock,Health Care,,Japan,JP,JP3701600003,nippon chemiphar
5279,"NIHON KOGYO CO.,LTD.",TSE,Stock,Materials,,Japan,JP,JP3704410004,nihon kogyo
9201,"Japan Airlines Co.,Ltd.",TSE,Stock,Industrials,,Japan,JP,JP3705200008,japan airlines
6807,"Japan Aviation Electronics Industry,Limited",TSE,Stock,Information Technology,,Japan,JP,JP3705600009,japan aviation electronics industry
6849,NIHON KOHDEN CORPORATION,TSE,Stock,Health Care,,Japan,JP,JP3706800004,nihon kohden
1887,JDC CORPORATION,TSE,Stock,Industrials,,Japan,JP,JP3707200006,
5269,Nippon Concrete Industries,TSE,Stock,Materials,,Japan,JP,JP3708400001,nippon concrete industries
9709,"NCS&A CO.,LTD.",TSE,Stock,Information Technology,,Japan,JP,JP3709000008,
4783,"NCD Co.,Ltd.",TSE,Stock,Information Technology,,Japan,JP,JP3709100006,
9072,"NIKKON Holdings Co.,Ltd.",TSE,Stock,Industrials,,Japan,JP,JP3709600005,nikkon holdings
2488,"JTP CO.,LTD.",TSE,Stock,Industrials,,Japan,JP,JP3710700000,
8304,"Aozora Bank,Ltd.",TSE,Stock,Financials,,Japan,JP,JP3711200000,aozora bank
4091,NIPPON SANSO HOLDINGS CORPORATION,TSE,Stock,Materials,,Japan,JP,JP3711600001,
4920,"Nippon Shikizai,Inc.",TSE,Stock,Consumer Staples,,Japan,JP,JP3712200009,nippon shikizai
9739,NSW Inc.,TSE,Stock,Information Technology,,Japan,JP,JP3712500002,
4323,"Japan System Techniques Co.,Ltd.",TSE,Stock,Information Technology,,Japan,JP,JP3712550007,japan system techniques
9759,"NSD CO.,LTD.",TSE,Stock,Information Technology,,Japan,JP,JP3712600000,
7915,"Nissha Co.,Ltd.",TSE,Stock,Information Technology,,Japan,JP,JP3713200008,nissha
8945,SUNNEXTA GROUP Inc.,TSE,Stock,Real Estate,,Japan,JP,JP3713400004,sunnexta group
7102,"NIPPON SHARYO,LTD.",TSE,Stock,Industrials,,Japan,JP,JP3713600009,nippon sharyo
8511,"Japan Securities Finance Co.,Ltd.",TSE,Stock,Financials,,Japan,JP,JP3714400003,japan securities finance
NSHKF,Nippon Shokubai Co. Ltd,OTC,Stock,Materials,,Japan,JP,JP3715200006,nippon shokubai
5753,"NIPPON SHINDO CO.,LTD.",TSE,Stock,Materials,,Japan,JP,JP3716800002,nippon shindo
4516,"Nippon Shinyaku Co.,Ltd.",TSE,Stock,Health Care,,Japan,JP,JP3717600005,nippon shinyaku
2325,"NJS Co.,Ltd.",TSE,Stock,Industrials,,Japan,JP,JP3718600004,
4054,"Japan PropTech Co.,Ltd.",TSE,Stock,Information Technology,,Japan,JP,JP3718700002,japan proptech
1332,Nissui Corporation,TSE,Stock,Consumer Staples,,Japan,JP,JP3718800000,nissui
6040,"Nippon Ski Resort Development Co.,Ltd.",TSE,Stock,Consumer Discretionary,,Japan,JP,JP3719000006,nippon ski resort development
4362,"Nippon Fine Chemical Co.,Ltd.",TSE,Stock,Materials,,Japan,JP,JP3720000003,nippon fine chemical
7287,"NIPPON SEIKI CO.,LTD.",TSE,Stock,Consumer Discretionary,,Japan,JP,JP3720600000,nippon seiki
6471,NSK Ltd.,TSE,Stock,Industrials,,Japan,JP,JP3720800006,
5729,"NIHON SEIKO CO.,LTD",TSE,Stock,Materials,,Japan,JP,JP3721000002,nihon seiko
5631,"The Japan Steel Works,Ltd.",TSE,Stock,Industrials,,Japan,JP,JP3721400004,the japan steel works
3863,"Nippon Paper Industries Co.,Ltd.",TSE,Stock,Materials,,Japan,JP,JP3721600009,nippon paper industries
5659,"Nippon Seisen Co.,Ltd.",TSE,Stock,Materials,,Japan,JP,JP3721800005,nippon seisen
2001,NIPPN CORPORATION,TSE,Stock,Consumer Staples,,Japan,JP,JP3723000000,nippn
7771,"Nihon Seimitsu Co.,Ltd.",TSE,Stock,Consumer Discretionary,,Japan,JP,JP3723600007,nihon seimitsu
9074,"Japan Oil Transportation Co.,Ltd.",TSE,Stock,Industrials,,Japan,JP,JP3724600006,japan oil transportation
4041,"Nippon Soda Co.,Ltd.",TSE,Stock,Materials,,Japan,JP,JP3726200003,nippon soda
5840,"Nippon Souken Co.,Ltd.",TSE,Stock,Financials,,Japan,JP,JP3726300001,nippon souken
7814,"JAPAN Creative Platform Group Co.,Ltd.",TSE,Stock,Consumer Discretionary,,Japan,JP,JP3726500006,japan creative platform group
2914,JAPAN TOBACCO INC.,TSE,Stock,Consumer Staples,,Japan,JP,JP3726800000,japan tobacco
5612,NIPPON CHUTETSUKAN K.K.,TSE,Stock,Materials,,Japan,JP,JP3728600002,nippon chutetsukan
2961,NITCHO CORPORATION,TSE,Stock,Industrials,,Japan,JP,JP3729300008,nitcho
9424,Japan Communications Inc.,TSE,Stock,Communication Services,,Japan,JP,JP3729600001,japan communications
9434,SoftBank Corp.,TSE,Stock,Communication Services,,Japan,JP,JP3732000009,softbank
94345,Series 1 Bond-Type Class Shares of SoftBank Corp.,TSE,Stock,Communication Services,,Japan,JP,JP3732000108,series 1 bond-type of softbank|1 bond-type of softbank|1 bond-type softbank
94346,Series 2 Bond-Type Class Shares of SoftBank Corp,TSE,Stock,Communication Services,,Japan,JP,JP3732000116,series 2 bond-type of softbank|2 bond-type of softbank|2 bond-type softbank
9404,"Nippon Television Holdings,Inc.",TSE,Stock,Communication Services,,Japan,JP,JP3732200005,nippon television holdings
9425,ReYuu Japan Inc.,TSE,Stock,Consumer Discretionary,,Japan,JP,JP3732400001,reyuu japan
6701,NEC Corporation,TSE,Stock,Information Technology,,Japan,JP,JP3733000008,
5214,"Nippon Electric Glass Co.,Ltd.",TSE,Stock,Materials,,Japan,JP,JP3733400000,nippon electric glass
5563,"Nippon Denko Co.,Ltd.",TSE,Stock,Materials,,Japan,JP,JP3734600004,nippon denko
6594,NIDEC CORPORATION,TSE,Stock,Industrials,,Japan,JP,JP3734800000,nidec
9432,"NTT,Inc.",TSE,Stock,Communication Services,,Japan,JP,JP3735400008,
1950,"NIPPON DENSETSU KOGYO CO.,LTD.",TSE,Stock,Industrials,,Japan,JP,JP3736200001,nippon densetsu kogyo
5817,"JMACS Japan Co.,Ltd.",TSE,Stock,Materials,,Japan,JP,JP3736400007,jmacs japan
6779,"NIHON DEMPA KOGYO CO.,LTD.",TSE,Stock,Information Technology,,Japan,JP,JP3737800007,nihon dempa kogyo
5334,"Niterra Co.,Ltd.",TSE,Stock,Materials,,Japan,JP,JP3738600000,niterra
4619,"Nihon Tokushu Toryo Co.,Ltd.",TSE,Stock,Materials,,Japan,JP,JP3739000002,nihon tokushu toryo
6480,"NIPPON THOMPSON CO.,LTD.",TSE,Stock,Industrials,,Japan,JP,JP3739400004,nippon thompson
9310,Japan Transcity Corporation,TSE,Stock,Industrials,,Japan,JP,JP3739600009,japan transcity
6039,"Japan Animal Referral Medical Center Co.,Ltd.",TSE,Stock,Health Care,,Japan,JP,JP3740000009,japan animal referral medical center
4997,"NIHON NOHYAKU CO.,LTD.",TSE,Stock,Materials,,Japan,JP,JP3741800001,nihon nohyaku
5991,"NHK SPRING CO.,LTD.",TSE,Stock,Consumer Discretionary,,Japan,JP,JP3742600004,nhk spring
2282,NH Foods Ltd.,TSE,Stock,Consumer Staples,,Japan,JP,JP3743000006,nh foods
7995,"VALQUA,LTD.",TSE,Stock,Industrials,,Japan,JP,JP3744200001,valqua
4095,"NIHON PARKERIZING CO.,LTD.",TSE,Stock,Materials,,Japan,JP,JP3744600002,nihon parkerizing
5950,"JAPAN POWER FASTENING CO.,LTD.",TSE,Stock,Industrials,,Japan,JP,JP3745200000,japan power fastening
9414,Nippon BS Broadcasting Corporation,TSE,Stock,Communication Services,,Japan,JP,JP3746000003,nippon bs broadcasting
9889,JBCC Holdings Inc.,TSE,Stock,Information Technology,,Japan,JP,JP3746800006,jbcc holdings
6490,PILLAR Corporation,TSE,Stock,Industrials,,Japan,JP,JP3747800005,pillar
3723,NIHON FALCOM CORPORATION,TSE,Stock,Communication Services,,Japan,JP,JP3748520008,nihon falcom
5942,"NIPPON FILCON CO.,LTD.",TSE,Stock,Industrials,,Japan,JP,JP3748600008,nippon filcon
7291,"NIHON PLAST CO.,LTD.",TSE,Stock,Consumer Discretionary,,Japan,JP,JP3749200006,nihon plast
2795,NIPPON PRIMEX INC.,TSE,Stock,Industrials,,Japan,JP,JP3749250001,nippon primex
9651,"Japan Process Development Co.,Ltd.",TSE,Stock,Information Technology,,Japan,JP,JP3749300004,japan process development
4612,"NIPPON PAINT HOLDINGS CO.,LTD.",TSE,Stock,Materials,,Japan,JP,JP3749400002,nippon paint holdings
7061,Japan Hospice Holdings Inc.,TSE,Stock,Health Care,,Japan,JP,JP3750000006,japan hospice holdings
6871,"MICRONICS JAPAN CO.,LTD.",TSE,Stock,Information Technology,,Japan,JP,JP3750400008,micronics japan
MDNDF,McDonald's Holdings Company (Japan) Ltd,OTC,Stock,Consumer Discretionary,,Japan,JP,JP3750500005,mcdonalds holdings japan|mcdonalds holdings
2162,nms Holdings Corporation,TSE,Stock,Industrials,,Japan,JP,JP3750800009,nms holdings
411A,"Nippon Maritime Bank Co.,Ltd.",TSE,Stock,Financials,,Japan,JP,JP3751100003,nippon maritime bank
5480,"Nippon Yakin kogyo Co.,Ltd.",TSE,Stock,Materials,,Japan,JP,JP3752600001,nippon yakin kogyo
5210,"Nihon Yamamura Glass Co.,Ltd.",TSE,Stock,Materials,,Japan,JP,JP3752800007,nihon yamamura glass
6178,"JAPAN POST HOLDINGS Co.,Ltd.",TSE,Stock,Financials,,Japan,JP,JP3752900005,japan post holdings
9101,Nippon Yusen Kabushiki Kaisha,TSE,Stock,Industrials,,Japan,JP,JP3753000003,nippon yusen kabushiki kaisha
4403,NOF CORPORATION,TSE,Stock,Materials,,Japan,JP,JP3753400005,
8056,BIPROGY Inc.,TSE,Stock,Information Technology,,Japan,JP,JP3754200008,biprogy
7320,Solvvy Inc.,TSE,Stock,Financials,,Japan,JP,JP3755100009,solvvy
8876,"Relo Group,Inc.",TSE,Stock,Industrials,,Japan,JP,JP3755200007,relo group
9060,JAPAN LOGISTIC SYSTEMS CORP.,TSE,Stock,Industrials,,Japan,JP,JP3756050005,japan logistic systems
2499,"NIHONWASOU HOLDINGS,INC.",TSE,Stock,Industrials,,Japan,JP,JP3756080002,nihonwasou holdings
9843,"Nitori Holdings Co.,Ltd.",TSE,Stock,Consumer Discretionary,,Japan,JP,JP3756100008,nitori holdings
7988,NIFCO INC.,TSE,Stock,Consumer Discretionary,,Japan,JP,JP3756200006,nifco
4262,"NIFTY Lifestyle Co.,Ltd.",TSE,Stock,Information Technology,,Japan,JP,JP3756210005,nifty lifestyle
7820,"NIHON FLUSH CO.,LTD.",TSE,Stock,Industrials,,Japan,JP,JP3756230003,nihon flush
484A,"NewsedTech Co.,Ltd.",TSE,Stock,Consumer Discretionary,,Japan,JP,JP3756260000,newsedtech
251A,"Neuromagic Co.,Ltd.",TSE,Stock,Industrials,,Japan,JP,JP3756360008,neuromagic
4056,Neural Group Inc.,TSE,Stock,Information Technology,,Japan,JP,JP3756370007,neural group
1245,NIRAKU,HKEX,Stock,Consumer Discretionary,,Japan,JP,JP3756380006,niraku
0R1E,Nintendo Co. Ltd.,LSE,Stock,Consumer Discretionary,,Japan,JP,JP3756600007,
5033,Nulab Inc.,TSE,Stock,Information Technology,,Japan,JP,JP3757010008,nulab
4346,NEXYZ.Group Corporation,TSE,Stock,Financials,,Japan,JP,JP3758020006,
4814,Nextware Ltd.,TSE,Stock,Information Technology,,Japan,JP,JP3758030005,nextware
2120,"LIFULL Co.,Ltd.",TSE,Stock,Communication Services,,Japan,JP,JP3758140002,lifull
3842,"Nextgen,Inc.",TSE,Stock,Information Technology,,Japan,JP,JP3758150001,
7NX,NEXON Co. Ltd,FSX,Stock,,,Japan,JP,JP3758190007,
3186,"NEXTAGE Co.,Ltd.",TSE,Stock,Consumer Discretionary,,Japan,JP,JP3758210003,nextage
3921,NEOJAPAN Inc.,TSE,Stock,Information Technology,,Japan,JP,JP3758230001,neojapan
4196,NEO MARKETING Inc.,TSE,Stock,Industrials,,Japan,JP,JP3758260008,neo marketing
7383,"Net Protections Holdings,Inc.",TSE,Stock,Financials,,Japan,JP,JP3758270007,net protections holdings
5590,"NETSTARS Co.,Ltd.",TSE,Stock,Information Technology,,Japan,JP,JP3758280006,netstars
172A,"NEO HOME Co.,Ltd.",TSE,Stock,Real Estate,,Japan,JP,JP3758290005,neo home
9421,NJ Holdings Inc.,TSE,Stock,Communication Services,,Japan,JP,JP3758300002,nj holdings
359A,"NEXT STAGE Co.,Ltd.",TSE,Stock,Industrials,,Japan,JP,JP3758310001,next stage
430A,"Next Hands Co.,Ltd.",TSE,Stock,Communication Services,,Japan,JP,JP3758320000,next hands
7985,NEPON Inc.,TSE,Stock,Industrials,,Japan,JP,JP3758400000,nepon
446A,"Northsand,Inc.",TSE,Stock,Industrials,,Japan,JP,JP3759250008,northsand
527A,NOSE SHOP Inc.,TSE,Stock,Consumer Discretionary,,Japan,JP,JP3759280005,nose shop
5243,note inc.,TSE,Stock,Communication Services,,Japan,JP,JP3759300001,
5943,NORITZ CORPORATION,TSE,Stock,Industrials,,Japan,JP,JP3759400009,noritz
7744,"Noritsu Koki Co.,Ltd.",TSE,Stock,Consumer Discretionary,,Japan,JP,JP3759500006,noritsu koki
4893,Noile-Immune Biotech Inc.,TSE,Stock,Health Care,,Japan,JP,JP3759560000,noile-immune biotech
4928,"Noevir Holdings Co.,Ltd.",TSE,Stock,Consumer Staples,,Japan,JP,JP3760450001,noevir holdings
7919,"Nozaki Insatsu Shigyo Co.,Ltd.",TSE,Stock,Industrials,,Japan,JP,JP3760600001,nozaki insatsu shigyo
5237,NOZAWA CORPORATION,TSE,Stock,Materials,,Japan,JP,JP3761400005,nozawa
7879,NODA CORPORATION,TSE,Stock,Industrials,,Japan,JP,JP3761700008,
9160,"On the Page, Inc.",TSE,Stock,Consumer Discretionary,,Japan,JP,JP3762110009,the page
9716,"NOMURA Co.,Ltd.",TSE,Stock,Industrials,,Japan,JP,JP3762400004,nomura
3940,"Nomura System Corporation Co,Ltd.",TSE,Stock,Information Technology,,Japan,JP,JP3762500001,nomura system
8604,"Nomura Holdings, Inc.",TSE,Stock,Financials,,Japan,JP,JP3762600009,
4307,"Nomura Research Institute,Ltd.",TSE,Stock,Information Technology,,Japan,JP,JP3762800005,nomura research institute
N9U,Nomura Real Estate Holdings Inc,FSX,Stock,,,Japan,JP,JP3762900003,nomura real estate holdings
510A,"Heart Up Co.,Ltd.",TSE,Stock,Industrials,,Japan,JP,JP3765090000,heart up
3676,"DIGITAL HEARTS HOLDINGS Co.,Ltd.",TSE,Stock,Information Technology,,Japan,JP,JP3765110006,digital hearts holdings
219A,Heartseed Inc.,TSE,Stock,Health Care,,Japan,JP,JP3765140003,heartseed
6324,Harmonic Drive Systems Inc.,TSE,Stock,Industrials,,Japan,JP,JP3765150002,harmonic drive systems
7611,HIDAY HIDAKA Corp.,TSE,Stock,Consumer Discretionary,,Japan,JP,JP3765180009,hiday hidaka
4260,"Hybrid Technologies Co.,Ltd.",TSE,Stock,Information Technology,,Japan,JP,JP3765230002,hybrid technologies|hybrid
4299,"HIMACS,Ltd.",TSE,Stock,Information Technology,,Japan,JP,JP3765250000,himacs
307A,Housing staff Inc.,TSE,Stock,Industrials,,Japan,JP,JP3765290006,housing staff
7506,"HOUSE OF ROSE Co.,Ltd.",TSE,Stock,Consumer Staples,,Japan,JP,JP3765300003,house of rose
2810,House Foods Group Inc.,TSE,Stock,Consumer Staples,,Japan,JP,JP3765400001,house foods group
3457,"&Do Holdings Co.,Ltd.",TSE,Stock,Real Estate,,Japan,JP,JP3765420009,do holdings
7064,"Howtelevision,Inc.",TSE,Stock,Industrials,,Japan,JP,JP3765460005,howtelevision
7856,HAGIHARA INDUSTRIES INC.,TSE,Stock,Materials,,Japan,JP,JP3765500008,hagihara industries
2173,Hakuten Corporation,TSE,Stock,Communication Services,,Japan,JP,JP3766300002,hakuten
7433,"Hakuto Co.,Ltd.",TSE,Stock,Information Technology,,Japan,JP,JP3766400000,hakuto
7637,"Hakudo Co.,Ltd.",TSE,Stock,Materials,,Japan,JP,JP3766500007,hakudo
9731,"Hakuyosha Company,Ltd.",TSE,Stock,Consumer Discretionary,,Japan,JP,JP3766600005,hakuyosha
2831,HAGOROMO FOODS CORPORATION,TSE,Stock,Consumer Staples,,Japan,JP,JP3767600004,hagoromo foods
1719,HAZAMA ANDO CORPORATION,TSE,Stock,Industrials,,Japan,JP,JP3767810009,hazama ando
7570,"HASHIMOTO SOGYO HOLDINGS CO.,LTD.",TSE,Stock,Industrials,,Japan,JP,JP3768000006,hashimoto sogyo holdings
8230,"HASEGAWA CO.,LTD.",TSE,Stock,Consumer Discretionary,,Japan,JP,JP3768400008,hasegawa
4958,T Hasegawa Co Ltd,TSE,Stock,Materials,,Japan,JP,JP3768500005,t hasegawa
HS6,HASEKO Corporation,FSX,Stock,,,Japan,JP,JP3768600003,haseko
5FI,HACHIJUNI BK,FSX,Stock,,,Japan,JP,JP3769000005,hachijuni bk|hachijuni bank
389A,"Hakko Automation Co.,Ltd.",TSE,Stock,Information Technology,,Japan,JP,JP3769320007,hakko automation
148A,"HATCH WORK CO.,LTD.",TSE,Stock,Real Estate,,Japan,JP,JP3769350004,hatch work
7425,"HATSUHO SHOUJI CO.,LTD.",TSE,Stock,Industrials,,Japan,JP,JP3769600002,hatsuho shouji
3930,"Hatena Co.,Ltd.",TSE,Stock,Communication Services,,Japan,JP,JP3769650007,hatena
9156,"HANA HOLDINGS Co.,Ltd.",TSE,Stock,Industrials,,Japan,JP,JP3770040008,hana holdings
2792,"HONEYS HOLDINGS CO.,LTD.",TSE,Stock,Consumer Discretionary,,Japan,JP,JP3770080004,honeys holdings
3895,HAVIX CORPORATION,TSE,Stock,Materials,,Japan,JP,JP3770250003,havix
7552,HAPPINET CORPORATION,TSE,Stock,Consumer Discretionary,,Japan,JP,JP3770300006,happinet
6497,HAMAI INDUSTRIES LTD,TSE,Stock,Industrials,,Japan,JP,JP3770400004,hamai industries
9037,"HAMAKYOREX CO.,LTD.",TSE,Stock,Industrials,,Japan,JP,JP3771150004,hamakyorex
HPHTF,Hamamatsu Photonics K.K,OTC,Stock,Information Technology,,Japan,JP,JP3771800004,
7682,"HAMAYUU CO.,LTD.",TSE,Stock,Consumer Discretionary,,Japan,JP,JP3771900002,hamayuu
3134,Hamee Corp.,TSE,Stock,Consumer Discretionary,,Japan,JP,JP3772000000,hamee
2286,"Hayashikane Sangyo Co.,Ltd.",TSE,Stock,Consumer Staples,,Japan,JP,JP3772200006,hayashikane sangyo
8894,"REVOLUTION CO.,LTD.",TSE,Stock,Real Estate,,Japan,JP,JP3772300004,revolution
6904,"HARADA INDUSTRY CO.,LTD.",TSE,Stock,Consumer Discretionary,,Japan,JP,JP3772500009,harada industry
4410,"HARIMA CHEMICALS GROUP,INC.",TSE,Stock,Materials,,Japan,JP,JP3772600007,harima chemicals group
7444,"Harima-Kyowa Co.,LTD.",TSE,Stock,Consumer Staples,,Japan,JP,JP3772800003,harima-kyowa
9780,HARIMA B.STEM CORPORATION,TSE,Stock,Industrials,,Japan,JP,JP3773200005,harima b.stem
7119,"halmek holdings Co.,Ltd.",TSE,Stock,Consumer Discretionary,,Japan,JP,JP3773350008,halmek holdings
7416,Haruyama Holdings Inc.,TSE,Stock,Consumer Discretionary,,Japan,JP,JP3773600006,haruyama holdings
2742,"HALOWS CO.,LTD.",TSE,Stock,Consumer Staples,,Japan,JP,JP3773750009,halows
9042,"Hankyu Hanshin Holdings,Inc.",TSE,Stock,Industrials,,Japan,JP,JP3774200004,hankyu hanshin holdings
8242,H2O RETAILING CORPORATION,TSE,Stock,Consumer Discretionary,,Japan,JP,JP3774600005,h2o retailing
6018,"THE HANSHIN DIESEL WORKS,LTD.",TSE,Stock,Industrials,,Japan,JP,JP3776600003,the hanshin diesel works
7636,"HANDSMAN CO.,LTD",TSE,Stock,Consumer Discretionary,,Japan,JP,JP3777500004,handsman
173A,Hammock Inc.,TSE,Stock,Information Technology,,Japan,JP,JP3777550009,hammock
8078,"HANWA CO.,LTD.",TSE,Stock,Industrials,,Japan,JP,JP3777800008,hanwa
9816,Striders Corporation,TSE,Stock,Real Estate,,Japan,JP,JP3778220008,striders
6193,"Virtualex Holdings,Inc.",TSE,Stock,Information Technology,,Japan,JP,JP3778230007,virtualex holdings
7685,"BuySell Technologies Co.,Ltd.",TSE,Stock,Consumer Discretionary,,Japan,JP,JP3778270003,buysell technologies|buysell
3151,"VITAL KSK HOLDINGS,INC.",TSE,Stock,Health Care,,Japan,JP,JP3778280002,vital ksk holdings
3352,"BUFFALO CO.,LTD.",TSE,Stock,Consumer Discretionary,,Japan,JP,JP3778360002,buffalo
9956,"VALOR HOLDINGS CO.,LTD.",TSE,Stock,Consumer Staples,,Japan,JP,JP3778400006,valor holdings
6078,"Value HR Co.,Ltd.",TSE,Stock,Industrials,,Japan,JP,JP3778410005,value hr
3418,"BALNIBARBI Co.,Ltd.",TSE,Stock,Consumer Discretionary,,Japan,JP,JP3778420004,balnibarbi
3931,VALUE GOLF Inc.,TSE,Stock,Communication Services,,Japan,JP,JP3778430003,value golf
4393,"Bank of Innovation,Inc.",TSE,Stock,Communication Services,,Japan,JP,JP3778460000,bank of innovation
4422,VALUENEX Japan Inc.,TSE,Stock,Information Technology,,Japan,JP,JP3778470009,valuenex japan
4494,Vario Secure Inc.,TSE,Stock,Information Technology,,Japan,JP,JP3778490007,vario secure
9238,"VALUE CREATION CO.,LTD.",TSE,Stock,Industrials,,Japan,JP,JP3778520001,value creation
239A,"Balleggs Co.,Ltd.",TSE,Stock,Real Estate,,Japan,JP,JP3778530000,balleggs
455A,Value Soft Holdings Corporation,TSE,Stock,Communication Services,,Japan,JP,JP3778540009,value soft holdings
7832,Bandai Namco Holdings Inc.,TSE,Stock,Consumer Discretionary,,Japan,JP,JP3778630008,bandai namco holdings
9845,PARKER CORPORATION,TSE,Stock,Industrials,,Japan,JP,JP3780000000,parker
3993,PKSHA Technology Inc.,TSE,Stock,Information Technology,,Japan,JP,JP3780050005,pksha technology|pksha
4666,"PARK24 Co.,Ltd.",TSE,Stock,Real Estate,,Japan,JP,JP3780100008,
5988,"PIOLAX,INC.",TSE,Stock,Consumer Discretionary,,Japan,JP,JP3780400002,piolax
7846,PILOT CORPORATION,TSE,Stock,Consumer Discretionary,,Japan,JP,JP3780610006,pilot
5695,"Powdertech Co.,Ltd.",TSE,Stock,Materials,,Japan,JP,JP3781200005,powdertech
2168,Pasona Group Inc.,TSE,Stock,Industrials,,Japan,JP,JP3781490002,pasona group
4833,"Def consulting,inc.",TSE,Stock,Industrials,,Japan,JP,JP3781520006,def consulting
3641,"PAPYLESS CO.,LTD.",TSE,Stock,Communication Services,,Japan,JP,JP3781540004,papyless
4809,Paraca Inc.,TSE,Stock,Real Estate,,Japan,JP,JP3781700004,paraca
8283,PALTAC CORPORATION,TSE,Stock,Consumer Staples,,Japan,JP,JP3782200004,paltac
3461,"Palma Co.,Ltd.",TSE,Stock,Real Estate,,Japan,JP,JP3782700003,palma
2778,"PALEMO HOLDINGS CO.,LTD.",TSE,Stock,Consumer Discretionary,,Japan,JP,JP3782800001,palemo holdings
485A,"PowerX,Inc.",TSE,Stock,Industrials,,Japan,JP,JP3782910008,powerx
4450,"Power Solutions,Ltd.",TSE,Stock,Information Technology,,Japan,JP,JP3782930006,power solutions
6433,"HEPHAIST CO.,LTD.",TSE,Stock,Industrials,,Japan,JP,JP3783050002,hephaist
4382,"HEROZ,Inc.",TSE,Stock,Information Technology,,Japan,JP,JP3783070000,heroz
6866,HIOKI E.E.CORPORATION,TSE,Stock,Information Technology,,Japan,JP,JP3783200003,
138A,"Hikari Food Service Co.,Ltd.",TSE,Stock,Consumer Discretionary,,Japan,JP,JP3783410008,hikari food service
9435,"HIKARI TSUSHIN,INC.",TSE,Stock,Industrials,,Japan,JP,JP3783420007,hikari tsushin
9029,"HIGASHI HOLDINGS CO.,LTD.",TSE,Stock,Industrials,,Japan,JP,JP3783480001,higashi holdings
1873,"NIHON HOUSE HOLDINGS CO.,LTD.",TSE,Stock,Consumer Discretionary,,Japan,JP,JP3783500006,nihon house holdings
139A,"Higashinihon Jisho Co.,Ltd.",TSE,Stock,Real Estate,,Japan,JP,JP3783510005,higashinihon jisho
9020,East Japan Railway Company,TSE,Stock,Industrials,,Japan,JP,JP3783600004,east japan railway
374A,"Higuchi Consulting Co.,Ltd.",TSE,Stock,Communication Services,,Japan,JP,JP3783770005,higuchi consulting
6247,"HISAKA WORKS,LTD.",TSE,Stock,Industrials,,Japan,JP,JP3784200002,hisaka works
6305,"Hitachi Construction Machinery Co.,Ltd.",TSE,Stock,Industrials,,Japan,JP,JP3787000003,hitachi construction machinery
6501,"Hitachi,Ltd.",TSE,Stock,Industrials,,Japan,JP,JP3788600009,hitachi
378A,"Hit Co.,Ltd.",TSE,Stock,Industrials,,Japan,JP,JP3791960002,
2136,HIP CORPORATION,TSE,Stock,Industrials,,Japan,JP,JP3791970001,
9248,"People, Dreams & Technologies Group Co.,Ltd.",TSE,Stock,Information Technology,,Japan,JP,JP3792010005,people dreams & technologies group
2469,Hibino Corporation,TSE,Stock,Information Technology,,Japan,JP,JP3793200001,hibino
1982,"Hibiya Engineering,Ltd.",TSE,Stock,Industrials,,Japan,JP,JP3793400007,hibiya engineering
7514,"HIMARAYA Co.,Ltd.",TSE,Stock,Consumer Discretionary,,Japan,JP,JP3793500004,himaraya
322A,"HIMEJI RIKA CO.,LTD.",TSE,Stock,Materials,,Japan,JP,JP3793700000,himeji rika
8368,"The Hyakugo Bank,Ltd.",TSE,Stock,Financials,,Japan,JP,JP3793800008,the hyakugo bank
8386,"The Hyakujushi Bank,Ltd.",TSE,Stock,Financials,,Japan,JP,JP3794200000,the hyakujushi bank
8836,RISE Inc.,TSE,Stock,Real Estate,,Japan,JP,JP3794400006,
456A,HUMAN MADE Inc.,TSE,Stock,Consumer Discretionary,,Japan,JP,JP3794430003,human made
321A,Human Stage Holdings Corporation,TSE,Stock,Industrials,,Japan,JP,JP3794440002,human stage holdings
249A,"HUMAN ADJUST Co.,Ltd.",TSE,Stock,Industrials,,Japan,JP,JP3794450001,human adjust
5621,"Human Technologies,Inc.",TSE,Stock,Information Technology,,Japan,JP,JP3794460000,human technologies
7361,"Human Creation Holdings,Inc.",TSE,Stock,Industrials,,Japan,JP,JP3794470009,human creation holdings
6090,"Human Metabolome Technologies,Inc.",TSE,Stock,Health Care,,Japan,JP,JP3794530000,human metabolome technologies
9362,"HYOKI KAIUN KAISHA,LTD.",TSE,Stock,Industrials,,Japan,JP,JP3794600001,hyoki kaiun kaisha
7368,"HYOJITO Co.,Ltd.",TSE,Stock,Industrials,,Japan,JP,JP3795060007,hyojito
5821,HIRAKAWA HEWTECH CORP.,TSE,Stock,Materials,,Japan,JP,JP3795080005,hirakawa hewtech
7863,"HIRAGA CO.,LTD.",TSE,Stock,Industrials,,Japan,JP,JP3795100001,hiraga
5989,"H-ONE CO.,LTD.",TSE,Stock,Consumer Discretionary,,Japan,JP,JP3795200009,
6258,HIRATA Corporation,TSE,Stock,Industrials,,Japan,JP,JP3795300007,hirata
3113,UNIVA Oak Holdings Limited,TSE,Stock,Financials,,Japan,JP,JP3795400005,univa oak holdings
2764,Hiramatsu Inc.,TSE,Stock,Consumer Discretionary,,Japan,JP,JP3796000002,hiramatsu
7781,"HIRAYAMA HOLDINGS Co.,Ltd.",TSE,Stock,Industrials,,Japan,JP,JP3796100000,hirayama holdings
7337,"Hirogin Holdings,Inc.",TSE,Stock,Financials,,Japan,JP,JP3796150005,hirogin holdings
9535,"HIROSHIMA GAS CO.,LTD.",TSE,Stock,Utilities,,Japan,JP,JP3796200008,hiroshima gas
9033,"Hiroshima Electric Railway Co.,Ltd.",TSE,Stock,Industrials,,Japan,JP,JP3798600007,hiroshima electric railway
7185,Hirose Tusyo Inc.,TSE,Stock,Financials,,Japan,JP,JP3798800003,hirose tusyo
HRO,Hirose Electric Co.Ltd,FSX,Stock,,,Japan,JP,JP3799000009,hirose electric
2268,"B-R 31 ICE CREAM CO.,LTD.",TSE,Stock,Consumer Staples,,Japan,JP,JP3799600006,b-r 31 ice cream
9439,M?H?GROUP LTD.,TSE,Stock,Consumer Discretionary,,Japan,JP,JP3799620004,mhgroup
7804,"B&P Co.,Ltd.",TSE,Stock,Consumer Discretionary,,Japan,JP,JP3799630003,
9145,"BEING HOLDINGS CO.,LTD.",TSE,Stock,Industrials,,Japan,JP,JP3799660000,being holdings
9216,"Bewith,Inc.",TSE,Stock,Industrials,,Japan,JP,JP3799670009,bewith
3800,UNIRITA Inc.,TSE,Stock,Information Technology,,Japan,JP,JP3799680008,unirita
4270,BeeX Inc.,TSE,Stock,Information Technology,,Japan,JP,JP3799690007,
4694,"BML,INC.",TSE,Stock,Health Care,,Japan,JP,JP3799700004,
3981,Beaglee Inc.,TSE,Stock,Communication Services,,Japan,JP,JP3799710003,beaglee
4020,BETREND CORPORATION,TSE,Stock,Information Technology,,Japan,JP,JP3799720002,betrend
3986,"bBreak Systems Company,Limited",TSE,Stock,Information Technology,,Japan,JP,JP3799760008,bbreak systems
3452,B-Lot Company Limited,TSE,Stock,Real Estate,,Japan,JP,JP3799770007,
4381,"BPLATS,Inc.",TSE,Stock,Information Technology,,Japan,JP,JP3799780006,bplats
7376,"BCC Co.,Ltd.",TSE,Stock,Industrials,,Japan,JP,JP3799790005,
302A,"b-style holdings,Inc.",TSE,Stock,Industrials,,Japan,JP,JP3799830009,b-style holdings
9791,BIKEN TECHNO CORPORATION,TSE,Stock,Industrials,,Japan,JP,JP3800000006,biken
4490,VisasQ Inc.,TSE,Stock,Industrials,,Japan,JP,JP3800220000,visasq
9562,Business Coach Inc.,TSE,Stock,Industrials,,Japan,JP,JP3800230009,business coach
334A,"Visual Processing Japan Co.,Ltd.",TSE,Stock,Information Technology,,Japan,JP,JP3800240008,visual processing japan
303A,visumo Inc.,TSE,Stock,Information Technology,,Japan,JP,JP3800260006,visumo
9658,BUSINESS BRAIN SHOWA?OTA INC.,TSE,Stock,Information Technology,,Japan,JP,JP3800300000,business brain showaota
9416,VISION INC.,TSE,Stock,Communication Services,,Japan,JP,JP3800330007,vision
9345,"Bizmates,Inc.",TSE,Stock,Consumer Discretionary,,Japan,JP,JP3800440004,bizmates
3180,BEAUTY GARAGE Inc.,TSE,Stock,Consumer Discretionary,,Japan,JP,JP3800480000,beauty garage
3922,PR TIMES Corporation,TSE,Stock,Communication Services,,Japan,JP,JP3801050000,pr times
2GY,PHC HOLDINGS CORP.,FSX,Stock,,,Japan,JP,JP3801300009,phc holdings
1871,"PS Construction Co.,Ltd.",TSE,Stock,Industrials,,Japan,JP,JP3801400007,ps construction
3649,FINDEX Inc.,TSE,Stock,Health Care,,Japan,JP,JP3801450002,findex
3918,"PCI Holdings,INC.",TSE,Stock,Information Technology,,Japan,JP,JP3801470000,pci holdings
4447,"PBsystems,Inc.",TSE,Stock,Information Technology,,Japan,JP,JP3801490008,pbsystems
9629,PCA CORPORATION,TSE,Stock,Information Technology,,Japan,JP,JP3801500004,
7865,"People Co.,Ltd.",TSE,Stock,Consumer Discretionary,,Japan,JP,JP3801560008,
4337,PIA CORPORATION,TSE,Stock,Communication Services,,Japan,JP,JP3801570007,
2818,"PIETRO Co.,Ltd.",TSE,Stock,Consumer Staples,,Japan,JP,JP3801590005,pietro
7956,PIGEON CORPORATION,TSE,Stock,Consumer Staples,,Japan,JP,JP3801600002,pigeon
6731,PIXELA CORPORATION,TSE,Stock,Information Technology,,Japan,JP,JP3801620000,pixela
3559,p-ban.com Corp.,TSE,Stock,Industrials,,Japan,JP,JP3801640008,
7044,PIALA INC.,TSE,Stock,Communication Services,,Japan,JP,JP3801650007,piala
2935,"PICKLES HOLDINGS CO.,LTD.",TSE,Stock,Consumer Staples,,Japan,JP,JP3801810007,pickles holdings
5588,"Fast Accounting Co.,Ltd.",TSE,Stock,Information Technology,,Japan,JP,JP3802130009,fast accounting
9514,EF-ON INC.,TSE,Stock,Utilities,,Japan,JP,JP3802140008,
1430,First-corporation Inc.,TSE,Stock,Industrials,,Japan,JP,JP3802210009,
2985,First Stage Corporation,TSE,Stock,Real Estate,,Japan,JP,JP3802240006,first stage
9983,"FAST RETAILING CO.,LTD.",TSE,Stock,Consumer Discretionary,,Japan,JP,JP3802300008,fast retailing
2796,Pharmarise Holdings Corporation,TSE,Stock,Health Care,,Japan,JP,JP3802320006,pharmarise holdings
6037,"RAKUMACHI,INC.",TSE,Stock,Real Estate,,Japan,JP,JP3802340004,rakumachi
9325,PHYZ Holdings Inc.,TSE,Stock,Industrials,,Japan,JP,JP3802360002,phyz holdings
9450,Fibergate Inc.,TSE,Stock,Communication Services,,Japan,JP,JP3802380000,fibergate
6954,FANUC CORPORATION,TSE,Stock,Industrials,,Japan,JP,JP3802400006,fanuc
4193,"Fabrica Holdings Co.,Ltd.",TSE,Stock,Communication Services,,Japan,JP,JP3802470009,fabrica holdings
220A,Faber Company Inc.,TSE,Stock,Information Technology,,Japan,JP,JP3802480008,faber
462A,"FUNDINNO,INC.",TSE,Stock,Financials,,Japan,JP,JP3802630008,fundinno
4881,FunPep Company Limited,TSE,Stock,Health Care,,Japan,JP,JP3802640007,funpep
4671,"FALCO HOLDINGS Co.,Ltd.",TSE,Stock,Health Care,,Japan,JP,JP3802650006,falco holdings
2767,TSUBURAYA FIELDS HOLDINGS INC.,TSE,Stock,Consumer Discretionary,,Japan,JP,JP3802680003,tsuburaya fields holdings
6890,Ferrotec Corp,TSE,Stock,Information Technology,,Japan,JP,JP3802720007,ferrotec
4662,Focus Systems Corporation,TSE,Stock,Information Technology,,Japan,JP,JP3802740005,focus systems
8275,FORVAL CORPORATION,TSE,Stock,Information Technology,,Japan,JP,JP3802750004,forval
9445,"FORVAL TELECOM,INC.",TSE,Stock,Communication Services,,Japan,JP,JP3802760003,forval telecom
8789,FinTech Global Incorporated,TSE,Stock,Financials,,Japan,JP,JP3802830004,fintech global
3396,FELISSIMO CORPORATION,TSE,Stock,Consumer Discretionary,,Japan,JP,JP3802860001,felissimo
3807,FISCO Ltd.,TSE,Stock,Financials,,Japan,JP,JP3802890008,fisco
3267,"Phil Company,Inc.",TSE,Stock,Real Estate,,Japan,JP,JP3802930002,
8713,FIDEA Holdings Co.Ltd.,TSE,Stock,Financials,,Japan,JP,JP3802940001,fidea holdings
2060,"FEED ONE CO.,LTD.",TSE,Stock,Consumer Staples,,Japan,JP,JP3802960009,feed one
3137,"Fundely Co.,Ltd.",TSE,Stock,Consumer Discretionary,,Japan,JP,JP3802970008,fundely
3477,"FORLIFE Co.,Ltd.",TSE,Stock,Real Estate,,Japan,JP,JP3803020001,forlife
7068,Feedforce Group Inc.,TSE,Stock,Communication Services,,Japan,JP,JP3803040009,feedforce group
4052,Ficha Inc.,TSE,Stock,Information Technology,,Japan,JP,JP3803080005,ficha
4379,Photosynth inc.,TSE,Stock,Information Technology,,Japan,JP,JP3803090004,photosynth
212A,FIT EASY Inc.,TSE,Stock,Consumer Discretionary,,Japan,JP,JP3803140007,fit easy
304A,"FORCIA,Inc.",TSE,Stock,Information Technology,,Japan,JP,JP3803150006,forcia
469A,Fitcrew Inc.,TSE,Stock,Consumer Discretionary,,Japan,JP,JP3803160005,fitcrew
9790,"Fukui Computer Holdings,Inc.",TSE,Stock,Information Technology,,Japan,JP,JP3803800006,fukui computer holdings
8562,"THE FUKUSHIMA BANK,LTD.",TSE,Stock,Financials,,Japan,JP,JP3805100009,the fukushima bank
6420,GALILEI CO.LTD.,TSE,Stock,Industrials,,Japan,JP,JP3805150004,galilei
6960,"FUKUDA DENSHI CO.,LTD.",TSE,Stock,Health Care,,Japan,JP,JP3806000000,fukuda denshi
7871,"FUKUVI CHEMICAL INDUSTRY CO.,LTD.",TSE,Stock,Materials,,Japan,JP,JP3806720003,fukuvi chemical industry
284A,"FUKUYA Construction Co.,Ltd.",TSE,Stock,Industrials,,Japan,JP,JP3806730002,fukuya construction
9361,"FUSHIKI KAIRIKU UNSO CO.,LTD.",TSE,Stock,Industrials,,Japan,JP,JP3807200005,fushiki kairiku unso
8278,"FUJI CO.,LTD.",TSE,Stock,Consumer Staples,,Japan,JP,JP3807400001,
7299,FUJI OOZX Inc.,TSE,Stock,Consumer Discretionary,,Japan,JP,JP3807750009,fuji oozx
F5M,Fuji Corporation,FSX,Stock,,,Japan,JP,JP3809200003,
9010,"FUJI KYUKO CO.,LTD.",TSE,Stock,Industrials,,Japan,JP,JP3810400006,fuji kyuko
7135,"JAPAN CRAFT HOLDINGS CO.,LTD.",TSE,Stock,Consumer Discretionary,,Japan,JP,JP3810600001,japan craft holdings
5803,Fujikura Ltd.,TSE,Stock,Materials,,Japan,JP,JP3811000003,fujikura
4620,"FUJIKURA KASEI CO.,LTD.",TSE,Stock,Materials,,Japan,JP,JP3811200009,fujikura kasei
7957,"FUJICOPIAN CO.,LTD.",TSE,Stock,Industrials,,Japan,JP,JP3813400003,fujicopian
5940,"FUJISASH CO.,LTD.",TSE,Stock,Industrials,,Japan,JP,JP3813500000,fujisash
7864,"FUJI SEAL INTERNATIONAL,INC.",TSE,Stock,Materials,,Japan,JP,JP3813800004,fuji seal international
4901,FUJIFILM Holdings Corporation,TSE,Stock,Industrials,,Japan,JP,JP3814000000,fujifilm holdings
7270,SUBARU CORPORATION,TSE,Stock,Consumer Discretionary,,Japan,JP,JP3814800003,
8860,FUJI CORPORATION LIMITED,TSE,Stock,Real Estate,,Japan,JP,JP3815000009,
6400,"FUJI SEIKI CO.,LTD.",TSE,Stock,Industrials,,Japan,JP,JP3815100007,fuji seiki
2607,"FUJI OIL CO.,LTD.",TSE,Stock,Consumer Staples,,Japan,JP,JP3816400000,fuji oil
1770,"FUJITA ENGINEERING CO.,LTD.",TSE,Stock,Industrials,,Japan,JP,JP3816750008,fujita engineering
9722,FUJITA KANKO INC.,TSE,Stock,Consumer Discretionary,,Japan,JP,JP3816800001,fujita kanko
3370,"FUJITA CORPORATION Co.,Ltd.",TSE,Stock,Consumer Discretionary,,Japan,JP,JP3817000007,fujita
6702,Fujitsu Limited,TSE,Stock,Information Technology,,Japan,JP,JP3818000006,fujitsu
3600,FUJIX Ltd.,TSE,Stock,Consumer Discretionary,,Japan,JP,JP3818650008,fujix
9243,"FT Holdings Co.,Inc.",TSE,Stock,Industrials,,Japan,JP,JP3818780003,ft holdings
4676,"FUJI MEDIA HOLDINGS,INC.",TSE,Stock,Communication Services,,Japan,JP,JP3819400007,fuji media holdings
1848,FUJI P.S CORPORATION,TSE,Stock,Industrials,,Japan,JP,JP3820650004,
4237,Fujipream Corporation,TSE,Stock,Information Technology,,Japan,JP,JP3820720005,fujipream
3104,"Fujibo Holdings,Inc.",TSE,Stock,Materials,,Japan,JP,JP3820800005,fujibo holdings
5965,FUJIMAK CORPORATION,TSE,Stock,Industrials,,Japan,JP,JP3820850000,fujimak
5384,FUJIMI INCORPORATED,TSE,Stock,Materials,,Japan,JP,JP3820900003,fujimi
7917,ZACROS Corporation,TSE,Stock,Materials,,Japan,JP,JP3821000001,zacros
416A,"FUJI UNITED HOLDINGS COMPANY,LTD.",TSE,Stock,Energy,,Japan,JP,JP3821300005,fuji united holdings
7254,UNIVANCE CORPORATION,TSE,Stock,Consumer Discretionary,,Japan,JP,JP3821400003,univance
MRCHF,"H.U. Group Holdings, Inc.",OTC,Stock,Health Care,,Japan,JP,JP3822000000,h.u. group holdings|h.u. group
4368,"FUSO CHEMICAL CO.,LTD.",TSE,Stock,Materials,,Japan,JP,JP3822600007,fuso chemical
7505,"FUSO DENTSU CO.,LTD.",TSE,Stock,Information Technology,,Japan,JP,JP3823400001,fuso dentsu
478A,Hutzper Inc.,TSE,Stock,Information Technology,,Japan,JP,JP3825050002,hutzper
9757,Funai Soken Holdings Incorporated,TSE,Stock,Industrials,,Japan,JP,JP3825800000,funai soken holdings
4998,FUMAKILLA LIMITED,TSE,Stock,Consumer Staples,,Japan,JP,JP3826000006,fumakilla
5256,"Fusic Co.,Ltd.",TSE,Stock,Information Technology,,Japan,JP,JP3826050001,fusic
9241,"Future Link Network Co.,Ltd.",TSE,Stock,Communication Services,,Japan,JP,JP3826240008,future link network
3753,FLIGHT SOLUTIONS Inc.,TSE,Stock,Information Technology,,Japan,JP,JP3826280004,flight solutions
387A,"Fuller,Inc.",TSE,Stock,Information Technology,,Japan,JP,JP3826290003,fuller
323A,Flier Inc.,TSE,Stock,Communication Services,,Japan,JP,JP3826330007,flier
7840,"FRANCE BED HOLDINGS CO.,LTD.",TSE,Stock,Consumer Discretionary,,Japan,JP,JP3826500005,france bed holdings
4478,freee K.K.,TSE,Stock,Information Technology,,Japan,JP,JP3826520003,freee
6094,"FreakOut Holdings,inc.",TSE,Stock,Communication Services,,Japan,JP,JP3826550000,freakout holdings
6343,FREESIA MACROSS CORPORATION,TSE,Stock,Industrials,,Japan,JP,JP3826600003,freesia macross
528A,"FREE STYLE,Inc.",TSE,Stock,Communication Services,,Japan,JP,JP3826650008,free style
3843,"FreeBit Co.,Ltd.",TSE,Stock,Communication Services,,Japan,JP,JP3826720009,freebit
6238,FURYU CORPORATION,TSE,Stock,Consumer Discretionary,,Japan,JP,JP3826770004,furyu
5715,"FURUKAWA CO.,LTD.",TSE,Stock,Materials,,Japan,JP,JP3826800009,furukawa
5741,UACJ Corporation,TSE,Stock,Materials,,Japan,JP,JP3826900007,
5801,"Furukawa Electric Co.,Ltd.",TSE,Stock,Materials,,Japan,JP,JP3827200001,furukawa electric
4848,"FULLCAST HOLDINGS CO.,LTD.",TSE,Stock,Industrials,,Japan,JP,JP3827800008,fullcast holdings
2586,FRUTA FRUTA INC.,TSE,Stock,Consumer Staples,,Japan,JP,JP3828300008,fruta fruta
FNOEF,"Furuno Electric Co., Ltd.",OTC,Stock,Information Technology,,Japan,JP,JP3828400006,furuno electric
9221,FULUHASHI EPO CORPORATION,TSE,Stock,Industrials,,Japan,JP,JP3828600001,fuluhashi epo
3944,"Furubayashi Shiko Co.,Ltd.",TSE,Stock,Materials,,Japan,JP,JP3828800007,furubayashi shiko
7826,"FURUYA METAL CO.,LTD.",TSE,Stock,Materials,,Japan,JP,JP3828850002,furuya metal
2226,KOIKE-YA Inc.,TSE,Stock,Consumer Staples,,Japan,JP,JP3829100001,koike-ya
5528,"Frontier House Co.,Ltd.",TSE,Stock,Real Estate,,Japan,JP,JP3829530009,frontier house
7038,Frontier Management Inc.,TSE,Stock,Financials,,Japan,JP,JP3829550007,frontier management
3681,"V-cube,Inc.",TSE,Stock,Information Technology,,Japan,JP,JP3829750003,v-cube
7717,"V Technology Co.,Ltd.",TSE,Stock,Industrials,,Japan,JP,JP3829900004,v technology
9278,BOOKOFF GROUP HOLDINGS LIMITED,TSE,Stock,Consumer Discretionary,,Japan,JP,JP3829940000,bookoff group holdings
324A,"Booking Resort Co.,Ltd.",TSE,Stock,Consumer Discretionary,,Japan,JP,JP3829960008,booking resort
9272,"Boutiques,Inc.",TSE,Stock,Financials,,Japan,JP,JP3829980006,boutiques
6448,"BROTHER INDUSTRIES,LTD.",TSE,Stock,Information Technology,,Japan,JP,JP3830000000,brother industries
460A,BRANU Inc.,TSE,Stock,Information Technology,,Japan,JP,JP3830650002,branu
7352,TWOSTONE&Sons Inc.,TSE,Stock,Industrials,,Japan,JP,JP3830720003,twostone&sons
7067,Branding Technology Inc.,TSE,Stock,Communication Services,,Japan,JP,JP3830750000,branding technology|branding
9162,"Bleach,Inc.",TSE,Stock,Industrials,,Japan,JP,JP3830770008,bleach
7039,BRIDGE International Group Corp.,TSE,Stock,Industrials,,Japan,JP,JP3831050004,bridge international group
9225,Bridge Consulting Group Inc.,TSE,Stock,Industrials,,Japan,JP,JP3831060003,bridge consulting group
5597,"Blue innovation Co.,Ltd.",TSE,Stock,Information Technology,,Japan,JP,JP3831080001,blue innovation
417A,"BLUE ZONES HOLDINGS CO.,LTD.",TSE,Stock,Consumer Discretionary,,Japan,JP,JP3831110006,blue zones holdings
4069,BlueMeme Inc.,TSE,Stock,Information Technology,,Japan,JP,JP3831120005,bluememe
2804,"BULL-DOG SAUCE CO.,LTD.",TSE,Stock,Consumer Staples,,Japan,JP,JP3831200005,bull-dog sauce
4075,"Brains Technology,Inc.",TSE,Stock,Information Technology,,Japan,JP,JP3831430008,brains technology|brains
4398,"BroadBand Security,Inc.",TSE,Stock,Information Technology,,Japan,JP,JP3831470004,broadband security
3776,"BroadBand Tower,Inc.",TSE,Stock,Information Technology,,Japan,JP,JP3831480003,broadband tower
BRDLF,Broadleaf Co. Ltd,OTC,Stock,Information Technology,,Japan,JP,JP3831490002,broadleaf
7343,"Broad-Minded Co.,Ltd.",TSE,Stock,Financials,,Japan,JP,JP3831510007,broad-minded
4415,"BROAD ENTERPRISE CO.,LTD.",TSE,Stock,Communication Services,,Japan,JP,JP3831520006,broad enterprise
3091,"BRONCO BILLY Co.,LTD.",TSE,Stock,Consumer Discretionary,,Japan,JP,JP3831550003,bronco billy
5930,"Bunka Shutter Co.,Ltd.",TSE,Stock,Industrials,,Japan,JP,JP3831600006,bunka shutter
9978,"BUNKYODO GROUP HOLDINGS CO.,LTD.",TSE,Stock,Consumer Discretionary,,Japan,JP,JP3831750009,bunkyodo group holdings
3627,TECMIRA HOLDINGS INC.,TSE,Stock,Information Technology,,Japan,JP,JP3832370005,tecmira holdings
6347,"PLACO CO.,LTD.",TSE,Stock,Industrials,,Japan,JP,JP3832400000,placo
7502,"PLAZA HOLDINGS CO.,LTD.",TSE,Stock,Consumer Discretionary,,Japan,JP,JP3832600005,plaza holdings
4071,"Plus Alpha Consulting Co.,LTD.",TSE,Stock,Information Technology,,Japan,JP,JP3832700003,plus alpha consulting
7813,"PLATZ Co.,Ltd.",TSE,Stock,Health Care,,Japan,JP,JP3832900009,platz
6836,"PLAT'HOME CO.,LTD.",TSE,Stock,Information Technology,,Japan,JP,JP3833000007,plathome
2391,"PLANET,INC.",TSE,Stock,Information Technology,,Japan,JP,JP3833120003,planet
458A,"PLAN DO Co.,Ltd.",TSE,Stock,Real Estate,,Japan,JP,JP3833170008,plan do
206A,"PRISM BioLab Co.,LTD",TSE,Stock,Health Care,,Japan,JP,JP3833190006,prism biolab
2281,"Prima Meat Packers,Ltd.",TSE,Stock,Consumer Staples,,Japan,JP,JP3833200003,prima meat packers
367A,"Primo Global Holdings Co.,Ltd.",TSE,Stock,Consumer Discretionary,,Japan,JP,JP3833220001,primo global holdings
7805,PRINTNET INC.,TSE,Stock,Industrials,,Japan,JP,JP3833250008,printnet
4165,"PLAID,Inc.",TSE,Stock,Information Technology,,Japan,JP,JP3833270006,plaid
501A,"PRECIOUS PARTNERS Co.,Ltd.",TSE,Stock,Industrials,,Japan,JP,JP3833500006,precious partners
4290,Prestige International Inc.,TSE,Stock,Industrials,,Japan,JP,JP3833620002,prestige international
3763,Pro-Ship Incorporated,TSE,Stock,Information Technology,,Japan,JP,JP3833730009,pro-ship
3791,"IG Port,Inc.",TSE,Stock,Communication Services,,Japan,JP,JP3833770005,ig port
4389,"Property Data Bank,Inc.",TSE,Stock,Information Technology,,Japan,JP,JP3833820008,property data bank
9246,"ProjectHoldings,Inc.",TSE,Stock,Information Technology,,Japan,JP,JP3833840006,projectholdings
7384,"Procrea Holdings,Inc.",TSE,Stock,Financials,,Japan,JP,JP3833850005,procrea holdings
9560,PROGRIT Inc.,TSE,Stock,Consumer Discretionary,,Japan,JP,JP3833860004,progrit
5527,property technologies Inc.,TSE,Stock,Real Estate,,Japan,JP,JP3833870003,property technologies
5580,"Prodelight Co.,Ltd.",TSE,Stock,Information Technology,,Japan,JP,JP3833880002,prodelight
339A,"PROGRESS TECHNOLOGIES GROUP,Inc.",TSE,Stock,Industrials,,Japan,JP,JP3833890001,progress technologies group
479A,PRONI Inc.,TSE,Stock,Information Technology,,Japan,JP,JP3833950003,proni
2694,Yakiniku Sakai Holdings Inc.,TSE,Stock,Consumer Discretionary,,Japan,JP,JP3834150009,yakiniku sakai holdings
8276,"HEIWADO CO.,LTD.",TSE,Stock,Consumer Staples,,Japan,JP,JP3834400008,heiwado
8803,"HEIWA REAL ESTATE CO.,LTD.",TSE,Stock,Real Estate,,Japan,JP,JP3834800009,heiwa real estate
4011,"Headwaters Co.,Ltd",TSE,Stock,Information Technology,,Japan,JP,JP3835050000,headwaters
4593,HEALIOS K.K.,TSE,Stock,Health Care,,Japan,JP,JP3835100003,healios
4475,HENNGE K.K.,TSE,Stock,Information Technology,,Japan,JP,JP3835150008,hennge
4481,"BASE CO.,LTD.",TSE,Stock,Information Technology,,Japan,JP,JP3835210000,
519A,Basic Inc.,TSE,Stock,Information Technology,,Japan,JP,JP3835220009,basic
2936,"BASE FOOD,Inc.",TSE,Stock,Consumer Staples,,Japan,JP,JP3835230008,base food
BYCRF,BayCurrent Consulting Inc,OTC,Stock,Industrials,,Japan,JP,JP3835250006,baycurrent consulting
4477,"BASE,Inc.",TSE,Stock,Consumer Discretionary,,Japan,JP,JP3835260005,
4068,Basis Corporation,TSE,Stock,Information Technology,,Japan,JP,JP3835270004,basis
3542,"Vega corporation Co.,Ltd.",TSE,Stock,Consumer Discretionary,,Japan,JP,JP3835300009,
2656,Vector HOLDINGS Inc.,TSE,Stock,Information Technology,,Japan,JP,JP3835400007,vector holdings
6058,VECTOR INC.,TSE,Stock,Communication Services,,Japan,JP,JP3835500004,vector
1433,"BESTERRA CO.,LTD",TSE,Stock,Industrials,,Japan,JP,JP3835550009,besterra
2418,TSUKADA GLOBAL HOLDINGS Inc.,TSE,Stock,Consumer Discretionary,,Japan,JP,JP3835670005,tsukada global holdings
3934,"BENEFIT JAPAN Co.,LTD.",TSE,Stock,Communication Services,,Japan,JP,JP3835680004,benefit japan
7363,baby calendar Inc.,TSE,Stock,Health Care,,Japan,JP,JP3835690003,baby calendar
9974,"Belc CO.,LTD.",TSE,Stock,Consumer Staples,,Japan,JP,JP3835700000,
293A,"BABY JOB Co.,Ltd.",TSE,Stock,Consumer Discretionary,,Japan,JP,JP3835710009,baby job
1383,"Berg Earth co.,ltd.",TSE,Stock,Consumer Staples,,Japan,JP,JP3835730007,berg earth
503A,"BellChild Co.,Ltd.",TSE,Stock,Communication Services,,Japan,JP,JP3835770003,bellchild
5290,Vertex Corporation,TSE,Stock,Materials,,Japan,JP,JP3835790001,
9441,"Bell-Park Co.,Ltd.",TSE,Stock,Consumer Discretionary,,Japan,JP,JP3835850003,bell-park
3053,"PEPPER FOOD SERVICE CO.,LTD.",TSE,Stock,Consumer Discretionary,,Japan,JP,JP3836400006,pepper food service
5015,BP Castrol K.K.,TSE,Stock,Energy,,Japan,JP,JP3836500003,bp castrol
PPTDF,PeptiDream Inc,OTC,Stock,Health Care,,Japan,JP,JP3836750004,peptidream
4882,Perseus Proteomics Inc.,TSE,Stock,Health Care,,Japan,JP,JP3836800007,perseus proteomics
6745,HOCHIKI CORPORATION,TSE,Stock,Industrials,,Japan,JP,JP3837400005,hochiki
1382,"HOB Co.,Ltd.",TSE,Stock,Consumer Staples,,Japan,JP,JP3837630007,
2999,"Home Position Co.,Ltd.",TSE,Stock,Real Estate,,Japan,JP,JP3837680002,home position
7741,HOYA CORPORATION,TSE,Stock,Health Care,,Japan,JP,JP3837800006,
403A,HOJYOGUMI.Co.Ltd,TSE,Stock,Industrials,,Japan,JP,JP3839200007,hojyogumi
6203,"Howa Machinery,Ltd.",TSE,Stock,Industrials,,Japan,JP,JP3840600005,howa machinery
6364,AIRMAN CORPORATION,TSE,Stock,Industrials,,Japan,JP,JP3841400009,airman
3865,Hokuetsu Corporation,TSE,Stock,Materials,,Japan,JP,JP3841800000,hokuetsu
5446,"HOKUETSU METAL Co.,Ltd.",TSE,Stock,Materials,,Japan,JP,JP3842200002,hokuetsu metal
8377,"Hokuhoku Financial Group, Inc.",TSE,Stock,Financials,,Japan,JP,JP3842400008,hokuhoku financial group
7897,"HOKUSHIN CO.,LTD.",TSE,Stock,Materials,,Japan,JP,JP3843000005,hokushin
1379,HOKUTO CORPORATION,TSE,Stock,Consumer Staples,,Japan,JP,JP3843250006,hokuto
2747,"Hokuyu Lucky Co.,Ltd.",TSE,Stock,Consumer Staples,,Japan,JP,JP3843370002,hokuyu lucky
9537,"HOKURIKU GAS CO.,LTD.",TSE,Stock,Utilities,,Japan,JP,JP3843800008,hokuriku gas
6989,"HOKURIKU ELECTRIC INDUSTRY CO.,LTD.",TSE,Stock,Information Technology,,Japan,JP,JP3844600001,hokuriku electric industry
1930,"HOKURIKU ELECTRICAL CONSTRUCTION CO.,LTD.",TSE,Stock,Industrials,,Japan,JP,JP3845000003,hokuriku electrical construction
9505,Hokuriku Electric Power Company,TSE,Stock,Utilities,,Japan,JP,JP3845400005,hokuriku
1384,"Hokuryo Co.,Ltd.",TSE,Stock,Consumer Staples,,Japan,JP,JP3845670003,hokuryo
7634,"HOSHIIRYO-SANKI CO.,LTD.",TSE,Stock,Health Care,,Japan,JP,JP3845750003,hoshiiryo-sanki
HS0,Hoshizaki Corporation,FSX,Stock,,,Japan,JP,JP3845770001,
4274,"HOSOYA PYRO-ENGINEERING CO.,LTD.",TSE,Stock,Materials,,Japan,JP,JP3846200008,hosoya pyro-engineering
9534,"HOKKAIDO GAS CO.,LTD.",TSE,Stock,Utilities,,Japan,JP,JP3847000001,hokkaido gas
2573,"HOKKAIDO COCA-COLA BOTTLING CO.,LTD.",TSE,Stock,Consumer Staples,,Japan,JP,JP3847800004,hokkaido coca-cola bottling
7693,"Hokkaido Shika Sangyo Co.,Ltd.",TSE,Stock,Industrials,,Japan,JP,JP3848000000,hokkaido shika sangyo
9509,"Hokkaido Electric Power Company,Incorporated",TSE,Stock,Utilities,,Japan,JP,JP3850200001,hokkaido
4992,"HOKKO CHEMICAL INDUSTRY CO.,LTD.",TSE,Stock,Materials,,Japan,JP,JP3851000004,hokko chemical industry
7381,"CCI Group,Inc.",TSE,Stock,Financials,,Japan,JP,JP3851600001,cci group
3190,"HOTMAN Co.,Ltd.",TSE,Stock,Consumer Discretionary,,Japan,JP,JP3851900005,hotman
3196,"HOTLAND HOLDINGS Co.,Ltd.",TSE,Stock,Consumer Discretionary,,Japan,JP,JP3851950000,hotland holdings
9720,"HOTEL NEWGRAND CO.,LTD.",TSE,Stock,Consumer Discretionary,,Japan,JP,JP3852200009,hotel newgrand
4112,"Hodogaya Chemical Co.,Ltd.",TSE,Stock,Materials,,Japan,JP,JP3852600000,hodogaya chemical
3560,"Hobonichi Co.,Ltd.",TSE,Stock,Consumer Discretionary,,Japan,JP,JP3852650005,hobonichi
3077,"Horiifoodservice Co.,Ltd.",TSE,Stock,Consumer Discretionary,,Japan,JP,JP3852850001,horiifoodservice
7267,"HONDA MOTOR CO.,LTD.",TSE,Stock,Consumer Discretionary,,Japan,JP,JP3854600008,
7593,"VT HOLDINGS CO.,LTD.",TSE,Stock,Consumer Discretionary,,Japan,JP,JP3854700006,vt holdings
3639,Voltage Incorporation,TSE,Stock,Communication Services,,Japan,JP,JP3855700005,voltage incorporation
4927,Pola Orbis Holdings Inc,TSE,Stock,Consumer Staples,,Japan,JP,JP3855900001,pola orbis holdings|pola orbis
3657,"Pole To Win Holdings,Inc.",TSE,Stock,Information Technology,,Japan,JP,JP3855950006,pole to win holdings
2685,"and ST HD Co.,Ltd.",TSE,Stock,Consumer Discretionary,,Japan,JP,JP3856000009,and st hd
9264,"Puequ CO.,LTD.",TSE,Stock,Industrials,,Japan,JP,JP3856100007,puequ
198A,PostPrime Inc.,TSE,Stock,Communication Services,,Japan,JP,JP3856150002,postprime
308A,"Postmate Holdings,Inc.",TSE,Stock,Industrials,,Japan,JP,JP3856160001,postmate holdings
4247,"POVAL KOGYO CO.,LTD.",TSE,Stock,Materials,,Japan,JP,JP3856400001,poval kogyo
7358,Poppins Corporation,TSE,Stock,Consumer Discretionary,,Japan,JP,JP3856500008,poppins
7601,"POPLAR CO.,Ltd.",TSE,Stock,Consumer Staples,,Japan,JP,JP3856600006,poplar
7347,"Mercuria Holdings Co.,Ltd.",TSE,Stock,Financials,,Japan,JP,JP3860160005,mercuria holdings
5619,"MRSO.,Inc",TSE,Stock,Health Care,,Japan,JP,JP3860180003,
3901,"MarkLines Co.,Ltd.",TSE,Stock,Information Technology,,Japan,JP,JP3860210008,marklines
7844,Marvelous Inc.,TSE,Stock,Communication Services,,Japan,JP,JP3860230006,marvelous
7925,"MAEZAWA KASEI INDUSTRIES CO.,LTD.",TSE,Stock,Materials,,Japan,JP,JP3860250004,maezawa kasei industries
7512,Aeon Hokkaido Corporation,TSE,Stock,Consumer Staples,,Japan,JP,JP3860270002,aeon hokkaido
3928,Mynet Inc.,TSE,Stock,Communication Services,,Japan,JP,JP3860330004,mynet
9227,"Microwave Chemical Co.,Ltd.",TSE,Stock,Industrials,,Japan,JP,JP3860340003,microwave chemical
9553,"MicroAd,Inc.",TSE,Stock,Communication Services,,Japan,JP,JP3860350002,microad
6489,"Maezawa Industries,Inc.",TSE,Stock,Industrials,,Japan,JP,JP3860400005,maezawa industries
5967,"TONE CO.,LTD.",TSE,Stock,Industrials,,Japan,JP,JP3860800006,
7821,"MAEDA KOSEN CO.,LTD.",TSE,Stock,Industrials,,Japan,JP,JP3861250003,maeda kosen
MK2A,Makita Corporation,FSX,Stock,,,Japan,JP,JP3862400003,makita
6135,"Makino Milling Machine Co.,Ltd.",TSE,Stock,Industrials,,Japan,JP,JP3862800004,makino milling machine
9890,"MAKIYA CO.,LTD.",TSE,Stock,Consumer Staples,,Japan,JP,JP3862900002,makiya
4479,"Makuake,Inc.",TSE,Stock,Financials,,Japan,JP,JP3862920000,makuake
3132,"MACNICA HOLDINGS,INC.",TSE,Stock,Information Technology,,Japan,JP,JP3862960006,macnica holdings
4784,"GMO internet,Inc.",TSE,Stock,Communication Services,,Japan,JP,JP3863050005,gmo internet
4059,"Magmag,Inc.",TSE,Stock,Communication Services,,Japan,JP,JP3863060004,magmag
8995,"Makoto Construction CO,Ltd",TSE,Stock,Real Estate,,Japan,JP,JP3863070003,makoto construction
514A,Magonote Inc.,TSE,Stock,Industrials,,Japan,JP,JP3863080002,magonote
8628,"MATSUI SECURITIES CO.,LTD.",TSE,Stock,Financials,,Japan,JP,JP3863800003,matsui securities
3611,MATSUOKA CORPORATION,TSE,Stock,Consumer Discretionary,,Japan,JP,JP3863900001,matsuoka
6969,"MATSUO ELECTRIC CO.,LTD.",TSE,Stock,Information Technology,,Japan,JP,JP3864400001,matsuo electric
6454,"MAX CO.,LTD.",TSE,Stock,Industrials,,Japan,JP,JP3864800002,
7603,"Gyet Co.,Ltd.",TSE,Stock,Consumer Discretionary,,Japan,JP,JP3865000008,
0QYR,Panasonic Corp,LSE,Stock,Consumer Discretionary,,Japan,JP,JP3866800000,panasonic
7261,Mazda Motor Corporation,TSE,Stock,Consumer Discretionary,,Japan,JP,JP3868400007,mazda motor
7456,"MATSUDA SANGYO Co.,Ltd.",TSE,Stock,Materials,,Japan,JP,JP3868500004,matsuda sangyo
5018,MORESCO Corporation,TSE,Stock,Materials,,Japan,JP,JP3868850003,moresco
7901,MATSUMOTO INC.,TSE,Stock,Materials,,Japan,JP,JP3868900006,matsumoto
MSMKF,MatsukiyoCocokara & Co.,OTC,Stock,Health Care,,Japan,JP,JP3869010003,matsukiyococokara
4365,"MATSUMOTO YUSHI-SEIYAKU CO.,LTD.",TSE,Stock,Materials,,Japan,JP,JP3869100002,matsumoto yushi-seiyaku
8237,"MATSUYA CO.,LTD.",TSE,Stock,Consumer Discretionary,,Japan,JP,JP3869200000,matsuya
7317,"Matsuya R&D Co.,Ltd",TSE,Stock,Industrials,,Japan,JP,JP3869400006,
9887,"MATSUYA FOODS HOLDINGS CO.,LTD.",TSE,Stock,Consumer Discretionary,,Japan,JP,JP3869800007,matsuya foods holdings
156A,Material Group Inc.,TSE,Stock,Communication Services,,Japan,JP,JP3869850002,material group
184A,"Manabi-aid Co.,Ltd.",TSE,Stock,Consumer Discretionary,,Japan,JP,JP3869870000,manabi-aid
9222,"manaby Co.,Ltd.",TSE,Stock,Industrials,,Japan,JP,JP3869890008,manaby
4360,"MANAC Chemical Partners Co.,Ltd",TSE,Stock,Materials,,Japan,JP,JP3869910004,manac chemical partners
MNICF,"Mani, Inc.",OTC,Stock,Health Care,,Japan,JP,JP3869920003,
3994,"Money Forward,Inc.",TSE,Stock,Information Technology,,Japan,JP,JP3869960009,money forward
8698,"Monex Group,Inc.",TSE,Stock,Financials,,Japan,JP,JP3869970008,monex group
525A,manebi Inc.,TSE,Stock,Communication Services,,Japan,JP,JP3869990006,manebi
V94,Mabuchi Motor Co. Ltd,FSX,Stock,,,Japan,JP,JP3870000001,mabuchi motor
9823,Mammy Mart Holdings Corporation,TSE,Stock,Consumer Staples,,Japan,JP,JP3870200007,mammy mart holdings
7991,"MAMIYA-OP CO.,LTD",TSE,Stock,Consumer Discretionary,,Japan,JP,JP3870300005,mamiya-op
8252,"MARUI GROUP CO.,LTD.",TSE,Stock,Financials,,Japan,JP,JP3870400003,marui group
5463,Maruichi Steel Tube Ltd.,TSE,Stock,Materials,,Japan,JP,JP3871200006,maruichi steel tube
9067,MARUWN CORPORATION,TSE,Stock,Industrials,,Japan,JP,JP3871600007,maruwn
8167,"RETAIL PARTNERS CO.,LTD.",TSE,Stock,Consumer Staples,,Japan,JP,JP3873200004,retail partners
9980,MRK HOLDINGS INC.,TSE,Stock,Consumer Discretionary,,Japan,JP,JP3873800001,mrk holdings
7524,MARCHE CORPORATION,TSE,Stock,Consumer Discretionary,,Japan,JP,JP3875000006,marche
3422,"J-MAX Co.,Ltd.",TSE,Stock,Industrials,,Japan,JP,JP3875400008,
5982,"MARUZEN CO.,LTD.",TSE,Stock,Industrials,,Japan,JP,JP3875610002,maruzen
9068,"Maruzen Showa Unyu Co.,Ltd.",TSE,Stock,Industrials,,Japan,JP,JP3876000005,maruzen showa unyu
2288,"MARUDAI FOOD CO.,LTD.",TSE,Stock,Consumer Staples,,Japan,JP,JP3876400007,marudai food
3399,Maruchiyo Yamaokaya Corporation,TSE,Stock,Consumer Discretionary,,Japan,JP,JP3876450002,maruchiyo yamaokaya
1333,Umios Corporation,TSE,Stock,Consumer Staples,,Japan,JP,JP3876600002,umios
8700,"Maruhachi Securities Co.,Ltd.",TSE,Stock,Financials,,Japan,JP,JP3876750005,maruhachi securities
9313,Maruhachi Warehouse Company Limited,TSE,Stock,Industrials,,Japan,JP,JP3876800008,maruhachi warehouse
7537,MARUBUN CORPORATION,TSE,Stock,Information Technology,,Japan,JP,JP3877500003,marubun
8002,Marubeni Corporation,TSE,Stock,Industrials,,Japan,JP,JP3877600001,marubeni
9763,"Maruken Lease Co.,Ltd.",TSE,Stock,Industrials,,Japan,JP,JP3878000003,maruken lease
6316,"MARUYAMA MFG.CO.,INC.",TSE,Stock,Industrials,,Japan,JP,JP3878800006,maruyama mfg
7515,Maruyoshi Center Inc.,TSE,Stock,Consumer Staples,,Japan,JP,JP3879020000,maruyoshi center
9090,AZ-COM MARUWA Holdings Inc.,TSE,Stock,Industrials,,Japan,JP,JP3879170003,az-com maruwa holdings
6X5,MARUWA CO. LTD.,FSX,Stock,,,Japan,JP,JP3879250003,maruwa
7565,MANSEI CORPORATION,TSE,Stock,Information Technology,,Japan,JP,JP3879320004,mansei
2652,MANDARAKE INC.,TSE,Stock,Consumer Discretionary,,Japan,JP,JP3879700007,mandarake
332A,MEEQ Inc.,TSE,Stock,Information Technology,,Japan,JP,JP3880100007,
5535,MIGALO HOLDINGS Inc.,TSE,Stock,Real Estate,,Japan,JP,JP3882500006,migalo holdings
2121,"MIXI,Inc.",TSE,Stock,Communication Services,,Japan,JP,JP3882750007,
7687,"MICREED Co.,Ltd.",TSE,Stock,Consumer Staples,,Japan,JP,JP3883650008,micreed
6159,"MICRON MACHINERY CO.,LTD.",TSE,Stock,Industrials,,Japan,JP,JP3883700001,micron machinery
5261,"RESOL HOLDINGS Co.,Ltd.",TSE,Stock,Consumer Discretionary,,Japan,JP,JP3884600002,resol holdings
8203,MrMax Holdings Ltd.,TSE,Stock,Consumer Discretionary,,Japan,JP,JP3885200000,mrmax holdings
9962,MISUMI Group Inc.,TSE,Stock,Industrials,,Japan,JP,JP3885400006,misumi group
MZ8,Mizuho Financial Group Inc,FSX,Stock,,,Japan,JP,JP3885780001,
4595,"MIZUHO MEDY CO.,LTD.",TSE,Stock,Health Care,,Japan,JP,JP3885900005,mizuho medy
8285,"MITANI SANGYO CO.,LTD.",TSE,Stock,Industrials,,Japan,JP,JP3886600000,mitani sangyo
MITCF,Mitani Corporation,OTC,Stock,Industrials,,Japan,JP,JP3886800006,mitani
9656,GREENLAND RESORT COMPANY LIMITED,TSE,Stock,Consumer Discretionary,,Japan,JP,JP3889000000,greenland resort
3315,"NIPPON COKE & ENGINEERING COMPANY,LIMITED",TSE,Stock,Materials,,Japan,JP,JP3889610006,nippon coke & engineering
8725,"MS&AD Insurance Group Holdings,Inc.",TSE,Stock,Financials,,Japan,JP,JP3890310000,ms&ad insurance group holdings
8316,"Sumitomo Mitsui Financial Group,Inc.",TSE,Stock,Financials,,Japan,JP,JP3890350006,
9302,"MITSUI-SOKO HOLDINGS Co.,Ltd.",TSE,Stock,Industrials,,Japan,JP,JP3891200002,mitsui-soko holdings
MIESF,Mitsui E&S Holdings Co. Ltd,OTC,Stock,Industrials,,Japan,JP,JP3891600003,mitsui e&s holdings
8309,"Sumitomo Mitsui Trust Group,Inc.",TSE,Stock,Financials,,Japan,JP,JP3892100003,sumitomo mitsui trust group|sumitomo mitsui group
6966,"Mitsui High-tec,Inc.",TSE,Stock,Information Technology,,Japan,JP,JP3892400007,mitsui high-tec
8801,"Mitsui Fudosan Co.,Ltd.",TSE,Stock,Real Estate,,Japan,JP,JP3893200000,mitsui fudosan
8031,"MITSUI & CO.,LTD.",TSE,Stock,Industrials,,Japan,JP,JP3893600001,mitsui
1518,"MITSUI MATSUSHIMA HOLDINGS CO.,LTD.",TSE,Stock,Energy,,Japan,JP,JP3894000003,mitsui matsushima holdings
300A,"MIC Co.,Ltd.",TSE,Stock,Industrials,,Japan,JP,JP3894500002,
3099,Isetan Mitsukoshi Holdings Ltd.,TSE,Stock,Consumer Discretionary,,Japan,JP,JP3894900004,isetan mitsukoshi holdings
7646,"PLANT Co.,Ltd.",TSE,Stock,Consumer Staples,,Japan,JP,JP3895000002,plant
3439,Mitsuchi Corporation,TSE,Stock,Consumer Discretionary,,Japan,JP,JP3895100000,mitsuchi
4016,"MIT Holdings CO.,LTD.",TSE,Stock,Information Technology,,Japan,JP,JP3895150005,mit holdings
7280,MITSUBA Corporation,TSE,Stock,Consumer Discretionary,,Japan,JP,JP3895200008,
161A,"Mitsuba Co.,Ltd.",TSE,Stock,Industrials,,Japan,JP,JP3895210007,
7976,"MITSUBISHI PENCIL COMPANY,LIMITED",TSE,Stock,Industrials,,Japan,JP,JP3895600009,mitsubishi pencil
6331,"Mitsubishi Kakoki Kaisha,Ltd.",TSE,Stock,Industrials,,Japan,JP,JP3896000001,mitsubishi kakoki kaisha
4182,"Mitsubishi Gas Chemical Company,Inc.",TSE,Stock,Materials,,Japan,JP,JP3896800004,mitsubishi gas chemical
M3C,Mitsubishi Chemical Holdings Corporation,FSX,Stock,,,Japan,JP,JP3897700005,mitsubishi chemical holdings|mitsubishi chemical group
8058,Mitsubishi Corporation,TSE,Stock,Industrials,,Japan,JP,JP3898400001,mitsubishi
8802,"Mitsubishi Estate Company,Limited",TSE,Stock,Real Estate,,Japan,JP,JP3899600005,mitsubishi estate
MMO,Mitsubishi Motors Corporation,FSX,Stock,,,Japan,JP,JP3899800001,mitsubishi motors
7011,"Mitsubishi Heavy Industries,Ltd.",TSE,Stock,Industrials,,Japan,JP,JP3900000005,mitsubishi heavy industries
5632,"Mitsubishi Steel Mfg.Co.,Ltd.",TSE,Stock,Materials,,Japan,JP,JP3900800008,mitsubishi steel mfg
3864,Mitsubishi Paper Mills Limited,TSE,Stock,Materials,,Japan,JP,JP3901200000,mitsubishi paper mills
9301,Mitsubishi Logistics Corporation,TSE,Stock,Industrials,,Japan,JP,JP3902000003,mitsubishi logistics
3636,"Mitsubishi Research Institute,Inc.",TSE,Stock,Information Technology,,Japan,JP,JP3902200009,mitsubishi research institute
6503,Mitsubishi Electric Corporation,TSE,Stock,Industrials,,Japan,JP,JP3902400005,mitsubishi electric
8306,"Mitsubishi UFJ Financial Group,Inc.",TSE,Stock,Financials,,Japan,JP,JP3902900004,
5711,Mitsubishi Materials Corporation,TSE,Stock,Materials,,Japan,JP,JP3903000002,mitsubishi materials
5820,"MITSUBOSHI CO.,LTD.",TSE,Stock,Materials,,Japan,JP,JP3903800005,mitsuboshi
7916,"MITSUMURA PRINTING CO.,LTD.",TSE,Stock,Industrials,,Japan,JP,JP3904800004,mitsumura printing
8022,Mizuno Corporation,TSE,Stock,Consumer Discretionary,,Japan,JP,JP3905200006,mizuno
8622,"Mito Securities Co.,Ltd.",TSE,Stock,Financials,,Japan,JP,JP3905400002,mito securities
6862,MINATO HOLDINGS INC.,TSE,Stock,Information Technology,,Japan,JP,JP3905800003,minato holdings
9946,"MINISTOP CO.,LTD.",TSE,Stock,Consumer Staples,,Japan,JP,JP3905950006,ministop
6479,MINEBEA MITSUMI Inc.,TSE,Stock,Industrials,,Japan,JP,JP3906000009,minebea mitsumi
386A,"MINOYA CO.,LTD.",TSE,Stock,Consumer Discretionary,,Japan,JP,JP3906200005,minoya
191A,"MIMOSA CO.,LTD.",TSE,Stock,Industrials,,Japan,JP,JP3907250009,mimosa
6495,"MIYAIRI VALVE MFG.CO.,LTD.",TSE,Stock,Industrials,,Japan,JP,JP3907600005,miyairi valve mfg
8393,"The Miyazaki Bank,Ltd.",TSE,Stock,Financials,,Japan,JP,JP3908000007,the miyazaki bank
3431,"MIYAJI ENGINEERING GROUP,INC.",TSE,Stock,Industrials,,Japan,JP,JP3908700002,miyaji engineering group
4404,"Miyoshi Oil & Fat Co.,Ltd.",TSE,Stock,Consumer Staples,,Japan,JP,JP3910400005,miyoshi oil & fat
4238,"Miraial Co.,Ltd.",TSE,Stock,Information Technology,,Japan,JP,JP3910570005,miraial
546A,Miraini Holdings Co Ltd,TSE,Stock,Information Technology,,Japan,JP,JP3910590003,miraini holdings|miraini
7931,"MIRAI INDUSTRY CO.,LTD.",TSE,Stock,Industrials,,Japan,JP,JP3910600000,mirai industry
472A,"Mirrativ,Inc.",TSE,Stock,Communication Services,,Japan,JP,JP3910610009,mirrativ
5FO,MIRAIT ONE CORP.,FSX,Stock,,,Japan,JP,JP3910620008,mirait one
6563,Mirai Works Inc.,TSE,Stock,Industrials,,Japan,JP,JP3910630007,mirai works
335A,Mirairo Inc.,TSE,Stock,Industrials,,Japan,JP,JP3910640006,mirairo
8766,"Tokio Marine Holdings,Inc.",TSE,Stock,Financials,,Japan,JP,JP3910660004,tokio marine holdings
7983,Miroku Corporation,TSE,Stock,Consumer Discretionary,,Japan,JP,JP3910800006,miroku
4436,"MINKABU THE INFONOID,Inc.",TSE,Stock,Communication Services,,Japan,JP,JP3911000002,minkabu the infonoid
421A,"Movin' Strategic Career CO.,LTD.",TSE,Stock,Industrials,,Japan,JP,JP3912300005,movin strategic career
8115,"MOONBAT Co.,Ltd.",TSE,Stock,Consumer Discretionary,,Japan,JP,JP3912400003,moonbat
3299,"MUGEN ESTATE Co.,Ltd.",TSE,Stock,Real Estate,,Japan,JP,JP3912500000,mugen estate
7521,"MUSASHI CO.,LTD.",TSE,Stock,Industrials,,Japan,JP,JP3912600008,musashi
7220,"MUSASHI SEIMITSU INDUSTRY CO.,LTD.",TSE,Stock,Consumer Discretionary,,Japan,JP,JP3912700006,musashi seimitsu industry
8336,"The Musashino Bank,Ltd.",TSE,Stock,Financials,,Japan,JP,JP3912800004,the musashino bank
9635,"Musashino Kogyo Co.,Ltd.",TSE,Stock,Real Estate,,Japan,JP,JP3913200006,musashino kogyo
7927,MUTO SEIKO CO.,TSE,Stock,Industrials,,Japan,JP,JP3913400002,muto seiko
8005,Scroll Corporation,TSE,Stock,Consumer Discretionary,,Japan,JP,JP3913600007,scroll
7999,"MUTOH HOLDINGS CO.,LTD.",TSE,Stock,Industrials,,Japan,JP,JP3914000009,mutoh holdings
547A,Muninova Holdings Inc,TSE,Stock,Financials,,Japan,JP,JP3914100007,muninova holdings|muninova
7292,MURAKAMI CORPORATION,TSE,Stock,Consumer Discretionary,,Japan,JP,JP3914200005,murakami
7477,MURAKI CORPORATION,TSE,Stock,Consumer Discretionary,,Japan,JP,JP3914300003,muraki
6981,"Murata Manufacturing Co.,Ltd.",TSE,Stock,Information Technology,,Japan,JP,JP3914400001,murata manufacturing
7264,MURO CORPORATION,TSE,Stock,Consumer Discretionary,,Japan,JP,JP3914700004,
4885,MUROMACHI CHEMICALS INC.,TSE,Stock,Health Care,,Japan,JP,JP3914800002,muromachi chemicals
4668,"MEIKO NETWORK JAPAN CO.,LTD.",TSE,Stock,Consumer Discretionary,,Japan,JP,JP3916100005,meiko network japan
9115,"Meiji Shipping Group Co.,Ltd.",TSE,Stock,Industrials,,Japan,JP,JP3916200003,meiji shipping group
6334,"Meiji Machine Co.,Ltd.",TSE,Stock,Industrials,,Japan,JP,JP3916600004,meiji machine
2269,"Meiji Holdings Co.,Ltd.",TSE,Stock,Consumer Staples,,Japan,JP,JP3918000005,meiji holdings
1976,"MEISEI INDUSTRIAL Co.,Ltd.",TSE,Stock,Industrials,,Japan,JP,JP3918200001,meisei industrial
9744,MEITEC Group Holdings Inc.,TSE,Stock,Industrials,,Japan,JP,JP3919200000,meitec group holdings
7369,"Meiho Holdings,Inc.",TSE,Stock,Industrials,,Japan,JP,JP3920280009,meiho holdings
7284,"MEIWA INDUSTRY CO.,LTD.",TSE,Stock,Consumer Discretionary,,Japan,JP,JP3920800004,meiwa industry
4971,MEC COMPANY LTD.,TSE,Stock,Materials,,Japan,JP,JP3920890005,
5644,METALART CORPORATION,TSE,Stock,Materials,,Japan,JP,JP3920900002,metalart
4350,"MEDICAL SYSTEM NETWORK Co.,Ltd.",TSE,Stock,Health Care,,Japan,JP,JP3920940008,medical system network
2370,"MEDINET Co.,Ltd.",TSE,Stock,Health Care,,Japan,JP,JP3920990003,medinet
3353,"Medical Ikkou Group Co.,Ltd.",TSE,Stock,Consumer Discretionary,,Japan,JP,JP3921040006,medical ikkou group
7749,Medikit Co Ltd,TSE,Stock,Health Care,,Japan,JP,JP3921060004,medikit
6659,"MEDIA LINKS CO.,LTD.",TSE,Stock,Information Technology,,Japan,JP,JP3921120006,media links
3815,"Media Kobo,Inc.",TSE,Stock,Communication Services,,Japan,JP,JP3921140004,media kobo
4586,"Medrx Co.,Ltd.",TSE,Stock,Health Care,,Japan,JP,JP3921220004,medrx
MDDCF,MEDIA DO Co. Ltd,OTC,Stock,Information Technology,,Japan,JP,JP3921230003,media do
9551,"METAWATER Co.,Ltd.",TSE,Stock,Utilities,,Japan,JP,JP3921260000,metawater
5FR,MENICON CO.LTD,FSX,Stock,,,Japan,JP,JP3921270009,menicon
4385,"Mercari,Inc.",TSE,Stock,Consumer Discretionary,,Japan,JP,JP3921290007,mercari
4480,"MEDLEY,INC.",TSE,Stock,Health Care,,Japan,JP,JP3921310003,medley
9242,"Media Research Institute,Inc.",TSE,Stock,Industrials,,Japan,JP,JP3921330001,media research institute
9218,"Mental Health Technologies Co.,Ltd.",TSE,Stock,Health Care,,Japan,JP,JP3921340000,mental health technologies
199A,Mediair corporation,TSE,Stock,Communication Services,,Japan,JP,JP3921360008,mediair
331A,Medix Inc.,TSE,Stock,Industrials,,Japan,JP,JP3921370007,medix
2130,"Members Co.,Ltd.",TSE,Stock,Communication Services,,Japan,JP,JP3921700005,
8153,"MOS FOOD SERVICES,INC.",TSE,Stock,Consumer Discretionary,,Japan,JP,JP3922400001,mos food services
4883,Modalis Therapeutics Corporation,TSE,Stock,Health Care,,Japan,JP,JP3922600006,modalis therapeutics|modalis
3912,"Mobile Factory,Inc.",TSE,Stock,Communication Services,,Japan,JP,JP3922980002,mobile factory
4370,Mobilus Corporation,TSE,Stock,Information Technology,,Japan,JP,JP3922990001,mobilus
6647,"MORIO DENKI CO.,LTD.",TSE,Stock,Industrials,,Japan,JP,JP3923200004,morio denki
1853,"Mori-Gumi Co.,Ltd.",TSE,Stock,Industrials,,Japan,JP,JP3923600005,mori-gumi
4524,"MORISHITA JINTAN CO.,LTD.",TSE,Stock,Health Care,,Japan,JP,JP3924400009,morishita jintan
0MO,DMG Mori Co. Ltd,FSX,Stock,,,Japan,JP,JP3924800000,
6455,MORITA HOLDINGS CORPORATION,TSE,Stock,Industrials,,Japan,JP,JP3925600003,morita holdings
5986,"MOLITEC STEEL CO.,LTD.",TSE,Stock,Materials,,Japan,JP,JP3925800009,molitec steel
6993,"Daikokuya Holdings Co.,Ltd.",TSE,Stock,Consumer Discretionary,,Japan,JP,JP3926000005,daikokuya holdings
9837,"MORITO CO.,LTD.",TSE,Stock,Consumer Discretionary,,Japan,JP,JP3926200001,morito
2264,"MORINAGA MILK INDUSTRY CO.,LTD.",TSE,Stock,Consumer Staples,,Japan,JP,JP3926800008,morinaga milk industry
1798,MORIYA CORPORATION,TSE,Stock,Industrials,,Japan,JP,JP3927400006,moriya
4249,"MORIROKU COMPANY,LTD.",TSE,Stock,Consumer Discretionary,,Japan,JP,JP3927450001,moriroku
2217,Morozoff Limited,TSE,Stock,Consumer Staples,,Japan,JP,JP3927600001,morozoff
6630,YA-MAN LTD.,TSE,Stock,Consumer Discretionary,,Japan,JP,JP3930050004,ya-man
8198,"Maxvalu Tokai Co.,Ltd.",TSE,Stock,Consumer Staples,,Japan,JP,JP3930400001,maxvalu tokai
7460,"YAGI & CO.,LTD.",TSE,Stock,Consumer Discretionary,,Japan,JP,JP3930600006,
7679,"YAKUODO HOLDINGS Co.,Ltd.",TSE,Stock,Health Care,,Japan,JP,JP3931410009,yakuodo holdings
2267,"YAKULT HONSHA CO.,LTD.",TSE,Stock,Consumer Staples,,Japan,JP,JP3931600005,yakult honsha
7677,"Yashima & Co.,Ltd.",TSE,Stock,Industrials,,Japan,JP,JP3931650000,yashima
3153,"Yashima Denki Co.,Ltd.",TSE,Stock,Industrials,,Japan,JP,JP3931700003,yashima denki
YASKF,YASKAWA Electric Corporation,OTC,Stock,Industrials,,Japan,JP,JP3932000007,
9324,Yasuda Logistics Corporation,TSE,Stock,Industrials,,Japan,JP,JP3932820008,yasuda logistics
7271,YASUNAGA CORPORATION,TSE,Stock,Consumer Discretionary,,Japan,JP,JP3932850005,yasunaga
8919,"KATITAS CO.,LTD",TSE,Stock,Real Estate,,Japan,JP,JP3932950003,katitas
1870,"YAHAGI CONSTRUCTION CO.,LTD.",TSE,Stock,Industrials,,Japan,JP,JP3933200002,yahagi construction
4689,LY Corporation,TSE,Stock,Communication Services,,Japan,JP,JP3933800009,
6941,"YAMAICHI ELECTRONICS CO.,LTD.",TSE,Stock,Information Technology,,Japan,JP,JP3934200001,yamaichi electronics
5284,"YAMAU HOLDINGS CO.,LTD.",TSE,Stock,Materials,,Japan,JP,JP3934250006,yamau holdings
8344,"The Yamagata Bank,Ltd.",TSE,Stock,Financials,,Japan,JP,JP3934800008,the yamagata bank
3598,"YAMAKI CO.,LTD.",TSE,Stock,Consumer Discretionary,,Japan,JP,JP3935000004,yamaki
8418,"Yamaguchi Financial Group,Inc.",TSE,Stock,Financials,,Japan,JP,JP3935300008,yamaguchi financial group
2212,"YAMAZAKI BAKING CO.,LTD.",TSE,Stock,Consumer Staples,,Japan,JP,JP3935600001,yamazaki baking
9993,"YAMAZAWA CO.,LTD.",TSE,Stock,Consumer Staples,,Japan,JP,JP3935800007,yamazawa
9265,"YAMASHITA HEALTH CARE HOLDINGS,INC.",TSE,Stock,Health Care,,Japan,JP,JP3936200009,yamashita health care holdings
5955,"WISE HOLDINGS CO.,LTD.",TSE,Stock,Industrials,,Japan,JP,JP3936400005,wise holdings
8051,YAMAZEN CORPORATION,TSE,Stock,Industrials,,Japan,JP,JP3936800006,yamazen
6845,Azbil Corporation,TSE,Stock,Industrials,,Japan,JP,JP3937200008,azbil
9305,Yamatane Corporation,TSE,Stock,Consumer Staples,,Japan,JP,JP3937600009,yamatane
7426,Yamadai Corporation,TSE,Stock,Consumer Staples,,Japan,JP,JP3938200007,yamadai
6392,YAMADA CORPORATION,TSE,Stock,Industrials,,Japan,JP,JP3938600008,yamada
4351,YAMADA SERVICER SYNTHETIC OFFICE,TSE,Stock,Financials,,Japan,JP,JP3938900002,yamada servicer synthetic office
9831,"YAMADA HOLDINGS CO.,LTD.",TSE,Stock,Consumer Discretionary,,Japan,JP,JP3939000000,yamada holdings
5285,YAMAX Corp.,TSE,Stock,Materials,,Japan,JP,JP3939400002,yamax
8127,YAMATO INTERNATIONAL INC.,TSE,Stock,Consumer Discretionary,,Japan,JP,JP3939600007,yamato international
7886,"YAMATO Mobility & Mfg. Co.,Ltd.",TSE,Stock,Industrials,,Japan,JP,JP3939800003,yamato mobility & mfg
9064,"YAMATO HOLDINGS CO.,LTD.",TSE,Stock,Industrials,,Japan,JP,JP3940000007,yamato holdings
5444,"YAMATO KOGYO CO.,LTD.",TSE,Stock,Materials,,Japan,JP,JP3940400009,yamato kogyo
1967,YAMATO CORPORATION,TSE,Stock,Industrials,,Japan,JP,JP3940800000,yamato
8360,"The Yamanashi Chuo Bank,Ltd.",TSE,Stock,Financials,,Japan,JP,JP3942000005,the yamanashi chuo bank
ALPMF,Astellas Pharma Inc,OTC,Stock,Health Care,,Japan,JP,JP3942400007,
7951,YAMAHA CORPORATION,TSE,Stock,Consumer Discretionary,,Japan,JP,JP3942600002,yamaha
7272,"Yamaha Motor Co.,Ltd.",TSE,Stock,Consumer Discretionary,,Japan,JP,JP3942800008,yamaha motor
6250,YAMABIKO CORPORATION,TSE,Stock,Industrials,,Japan,JP,JP3943000004,yamabiko
385A,"YAMAMOTO TRADING CO.,LTD.",TSE,Stock,Industrials,,Japan,JP,JP3943700009,yamamoto trading
9994,YAMAYA CORPORATION,TSE,Stock,Consumer Staples,,Japan,JP,JP3943800007,yamaya
4334,"YUKE'S Co.,Ltd.",TSE,Stock,Communication Services,,Japan,JP,JP3944350002,yukes
3156,Restar Corporation,TSE,Stock,Information Technology,,Japan,JP,JP3944360001,restar
2931,"Euglena Co.,Ltd.",TSE,Stock,Consumer Staples,,Japan,JP,JP3944370000,euglena
3984,"User Local,Inc.",TSE,Stock,Information Technology,,Japan,JP,JP3944410004,user local
431A,"uSonar Co.,Ltd.",TSE,Stock,Information Technology,,Japan,JP,JP3944590003,usonar
2158,"FRONTEO,Inc.",TSE,Stock,Information Technology,,Japan,JP,JP3944630007,fronteo
9418,"U-NEXT HOLDINGS Co.,Ltd.",TSE,Stock,Communication Services,,Japan,JP,JP3944640006,u-next holdings
9376,"EURASIA TRAVEL Co.,Ltd.",TSE,Stock,Consumer Discretionary,,Japan,JP,JP3944650005,eurasia travel
7065,UPR Corporation,TSE,Stock,Industrials,,Japan,JP,JP3944660004,
8006,"YUASA FUNASHOKU Co.,Ltd.",TSE,Stock,Consumer Staples,,Japan,JP,JP3946000001,yuasa funashoku
1934,YURTEC CORPORATION,TSE,Stock,Industrials,,Japan,JP,JP3946200007,yurtec
4531,"Yuki Gosei Kogyo Co.,Ltd.",TSE,Stock,Materials,,Japan,JP,JP3946400003,yuki gosei kogyo
7182,"JAPAN POST BANK Co.,Ltd.",TSE,Stock,Financials,,Japan,JP,JP3946750001,japan post bank
286A,EUCALIA Inc.,TSE,Stock,Industrials,,Japan,JP,JP3946900002,eucalia
1375,"YUKIGUNI FACTORY CO.,LTD.",TSE,Stock,Consumer Staples,,Japan,JP,JP3947010009,yukiguni factory
2270,"MEGMILK SNOW BRAND Co.,Ltd.",TSE,Stock,Consumer Staples,,Japan,JP,JP3947800003,megmilk snow brand
6393,"YUKEN KOGYO CO.,LTD.",TSE,Stock,Industrials,,Japan,JP,JP3948000009,yuken kogyo
8747,"YUTAKA TRUSTY SECURITIES CO.,LTD.",TSE,Stock,Financials,,Japan,JP,JP3949000008,yutaka trusty securities
2806,YUTAKA FOODS CORPORATION,TSE,Stock,Consumer Staples,,Japan,JP,JP3949200004,yutaka foods
5892,"yutori,Inc.",TSE,Stock,Consumer Discretionary,,Japan,JP,JP3949300002,yutori
7606,UNITED ARROWS LTD.,TSE,Stock,Consumer Discretionary,,Japan,JP,JP3949400000,united arrows
3557,UNITED&COLLECTIVE CO.LTD.,TSE,Stock,Consumer Discretionary,,Japan,JP,JP3949420008,united&collective
3222,United Super Markets Holdings Inc.,TSE,Stock,Consumer Staples,,Japan,JP,JP3949450005,united super markets holdings
2146,"UT Group Co.,Ltd.",TSE,Stock,Industrials,,Japan,JP,JP3949500007,ut group
4486,Unite and Grow Inc.,TSE,Stock,Information Technology,,Japan,JP,JP3949550002,unite and grow
407A,"UNICON Holdings Co.,Ltd.",TSE,Stock,Industrials,,Japan,JP,JP3950870000,unicon holdings
3103,UNITIKA LTD.,TSE,Stock,Materials,,Japan,JP,JP3951200009,unitika
8113,UNICHARM CORPORATION,TSE,Stock,Consumer Staples,,Japan,JP,JP3951600000,unicharm
6061,"UNIVERSAL ENGEISHA CO.,LTD",TSE,Stock,Industrials,,Japan,JP,JP3952300006,universal engeisha
3566,"UNIFORM NEXT CO.,LTD.",TSE,Stock,Consumer Discretionary,,Japan,JP,JP3952530008,uniform next
5949,UNIPRES CORPORATION,TSE,Stock,Consumer Discretionary,,Japan,JP,JP3952550006,unipres
3858,Ubiquitous AI Corporation,TSE,Stock,Information Technology,,Japan,JP,JP3952840001,ubiquitous ai
3185,"DREAM VISION CO.,LTD.",TSE,Stock,Consumer Discretionary,,Japan,JP,JP3952880007,dream vision
4372,"YMIRLINK,Inc.",TSE,Stock,Information Technology,,Japan,JP,JP3952890006,ymirlink
2673,"YUMEMITSUKETAI Co.,Ltd.",TSE,Stock,Consumer Discretionary,,Japan,JP,JP3952900003,yumemitsuketai
5357,"YOTAI REFRACTORIES CO.,LTD.",TSE,Stock,Materials,,Japan,JP,JP3953600008,yotai refractories
8946,ASIAN STAR CO.,TSE,Stock,Real Estate,,Japan,JP,JP3953650003,asian star
2152,Youji Corporation,TSE,Stock,Consumer Discretionary,,Japan,JP,JP3953750001,youji
6800,"YOKOWO CO.,LTD.",TSE,Stock,Information Technology,,Japan,JP,JP3954200006,yokowo
5911,Yokogawa Bridge Holdings Corp.,TSE,Stock,Industrials,,Japan,JP,JP3955200005,yokogawa bridge holdings
2874,"YOKOREI CO.,LTD.",TSE,Stock,Consumer Staples,,Japan,JP,JP3957000007,yokorei
9861,"YOSHINOYA HOLDINGS CO.,LTD.",TSE,Stock,Consumer Discretionary,,Japan,JP,JP3958000006,yoshinoya holdings
5598,"Yottavias Co.,Ltd.",TSE,Stock,Communication Services,,Japan,JP,JP3958800009,yottavias
5451,"YODOKO,Ltd.",TSE,Stock,Materials,,Japan,JP,JP3959400007,yodoko
7906,"YONEX CO.,LTD.",TSE,Stock,Consumer Discretionary,,Japan,JP,JP3960000002,yonex
7294,YOROZU CORPORATION,TSE,Stock,Consumer Discretionary,,Japan,JP,JP3961400003,yorozu
1939,YONDENKO CORPORATION,TSE,Stock,Industrials,,Japan,JP,JP3962600007,yondenko
207A,Rising Corporation Inc.,TSE,Stock,Industrials,,Japan,JP,JP3965410008,rising
9168,"Rise Consulting Group,Inc.",TSE,Stock,Industrials,,Japan,JP,JP3965420007,rise consulting group
195A,MUSCAT GROUP Inc.,TSE,Stock,Communication Services,,Japan,JP,JP3965430006,muscat group
423A,LION OFFICE PRODUCTS CORP.,TSE,Stock,Industrials,,Japan,JP,JP3965440005,lion office products
1926,"RAITO KOGYO CO.,LTD.",TSE,Stock,Industrials,,Japan,JP,JP3965800000,raito kogyo
6082,"RIDE ON EXPRESS HOLDINGS Co.,Ltd.",TSE,Stock,Consumer Discretionary,,Japan,JP,JP3966000006,ride express holdings
216A,"Life create Co.,Ltd",TSE,Stock,Consumer Discretionary,,Japan,JP,JP3966400008,life create
352A,"LOIVE Co.,Ltd.",TSE,Stock,Consumer Discretionary,,Japan,JP,JP3966410007,loive
8194,LIFE CORPORATION,TSE,Stock,Consumer Staples,,Japan,JP,JP3966600003,
3065,"Life Foods Co.,Ltd.",TSE,Stock,Consumer Discretionary,,Japan,JP,JP3966670006,life foods
2585,"LIFEDRINK COMPANY,INC.",TSE,Stock,Consumer Staples,,Japan,JP,JP3966680005,lifedrink
4680,ROUND ONE Corporation,TSE,Stock,Consumer Discretionary,,Japan,JP,JP3966800009,round one
5893,RAVIPA Ltd.,TSE,Stock,Consumer Discretionary,,Japan,JP,JP3966900007,ravipa
8202,"Laox Holdings CO.,LTD.",TSE,Stock,Consumer Discretionary,,Japan,JP,JP3967000005,laox holdings
4074,"LaKeel,Inc.",TSE,Stock,Information Technology,,Japan,JP,JP3967020003,lakeel
4579,RaQualia Pharma Inc.,TSE,Stock,Health Care,,Japan,JP,JP3967150008,raqualia pharma|raqualia
288A,Laxus Technologies Inc.,TSE,Stock,Consumer Discretionary,,Japan,JP,JP3967160007,laxus technologies|laxus
3923,"RAKUS Co.,Ltd.",TSE,Stock,Information Technology,,Japan,JP,JP3967170006,rakus
RKSLF,Raksul Inc.,OTC,Stock,Industrials,,Japan,JP,JP3967180005,raksul
5838,"Rakuten Bank,Ltd.",TSE,Stock,Financials,,Japan,JP,JP3967220009,rakuten bank
3139,"Lacto Japan Co.,Ltd.",TSE,Stock,Consumer Staples,,Japan,JP,JP3967250006,lacto japan
4060,rakumo Inc.,TSE,Stock,Information Technology,,Japan,JP,JP3967270004,rakumo
9252,"Last One Mile Co.,Ltd.",TSE,Stock,Industrials,,Japan,JP,JP3967550009,last one mile
9612,"LUCKLAND CO.,LTD.",TSE,Stock,Industrials,,Japan,JP,JP3968000004,luckland
9254,"Lovable Marketing Group,inc.",TSE,Stock,Communication Services,,Japan,JP,JP3968070007,lovable marketing group
8143,"LAPINE CO.,LTD.",TSE,Stock,Consumer Discretionary,,Japan,JP,JP3968200000,lapine
2986,"LA Holdings Co.,Ltd.",TSE,Stock,Real Estate,,Japan,JP,JP3968300008,la holdings
5586,Laboro.AI Inc.,TSE,Stock,Information Technology,,Japan,JP,JP3968350003,
9948,"ARCS COMPANY,LIMITED",TSE,Stock,Consumer Staples,,Japan,JP,JP3968600001,
419A,Runglobe Inc.,TSE,Stock,Consumer Discretionary,,Japan,JP,JP3968630008,runglobe
4484,"LANCERS,INC.",TSE,Stock,Industrials,,Japan,JP,JP3968650006,lancers
3326,"RUNSYSTEM CO.,LTD.",TSE,Stock,Consumer Discretionary,,Japan,JP,JP3968700009,runsystem
2981,Landix Inc.,TSE,Stock,Real Estate,,Japan,JP,JP3968750004,landix
8918,"LAND Co.,Ltd.",TSE,Stock,Real Estate,,Japan,JP,JP3968800007,
8944,"LAND BUSINESS CO.,LTD.",TSE,Stock,Real Estate,,Japan,JP,JP3968850002,land business
2991,LANDNET Inc.,TSE,Stock,Real Estate,,Japan,JP,JP3968860001,landnet
7938,REGAL CORPORATION,TSE,Stock,Consumer Discretionary,,Japan,JP,JP3969200009,regal
5532,REALGATE INC.,TSE,Stock,Real Estate,,Japan,JP,JP3969520000,realgate
3856,Abalance Corporation,TSE,Stock,Information Technology,,Japan,JP,JP3969530009,abalance
398A,"REAL Quality Co.,Ltd.",TSE,Stock,Industrials,,Japan,JP,JP3969540008,real quality
RIOXF,RION CO LTD.,OTC,Stock,Health Care,,Japan,JP,JP3969700008,
268A,Rigaku Holdings Corporation,TSE,Stock,Health Care,,Japan,JP,JP3969750003,rigaku holdings
9214,"Recovery International Co.,Ltd.",TSE,Stock,Health Care,,Japan,JP,JP3969900004,recovery international
8844,"COSMOS INITIA Co.,Ltd.",TSE,Stock,Real Estate,,Japan,JP,JP3970200006,cosmos initia
6098,"Recruit Holdings Co.,Ltd.",TSE,Stock,Industrials,,Japan,JP,JP3970300004,recruit holdings
7090,Ligua Inc.,TSE,Stock,Health Care,,Japan,JP,JP3970350009,ligua
8226,RIKEI CORPORATION,TSE,Stock,Information Technology,,Japan,JP,JP3970400002,rikei
4220,RIKEN TECHNOS CORPORATION,TSE,Stock,Materials,,Japan,JP,JP3973000007,riken technos
RICO,Ricoh Co. Ltd.,LSE,Stock,Industrials,,Japan,JP,JP3973400009,ricoh
8566,"RICOH LEASING COMPANY,LTD.",TSE,Stock,Financials,,Japan,JP,JP3974100004,ricoh leasing
185A,Recycle Tech Japan CORPORATION,TSE,Stock,Industrials,,Japan,JP,JP3974130001,recycle tech japan
291A,Reskill Corp.,TSE,Stock,Industrials,,Japan,JP,JP3974170007,reskill
3768,Riskmonster.com,TSE,Stock,Industrials,,Japan,JP,JP3974180006,
6413,RISO KAGAKU CORPORATION,TSE,Stock,Information Technology,,Japan,JP,JP3974400008,riso kagaku
393A,RitaX Inc.,TSE,Stock,Industrials,,Japan,JP,JP3974440004,ritax
4681,"RESORTTRUST,INC.",TSE,Stock,Consumer Discretionary,,Japan,JP,JP3974450003,resorttrust
7366,LITALICO Inc.,TSE,Stock,Health Care,,Japan,JP,JP3974470001,litalico
5572,Ridge-i Inc.,TSE,Stock,Information Technology,,Japan,JP,JP3974490009,ridge-i
7525,RIX CORPORATION,TSE,Stock,Industrials,,Japan,JP,JP3974500005,
4429,"Ricksoft Co.,Ltd.",TSE,Stock,Information Technology,,Japan,JP,JP3974510004,ricksoft
2183,"Linical Co.,Ltd.",TSE,Stock,Health Care,,Japan,JP,JP3974530002,linical
6666,RIVER ELETEC CORPORATION,TSE,Stock,Information Technology,,Japan,JP,JP3974550000,river eletec
7975,"LIHIT LAB.,INC.",TSE,Stock,Industrials,,Japan,JP,JP3974600003,lihit lab
373A,"LIPPS CO.,LTD",TSE,Stock,Consumer Staples,,Japan,JP,JP3974620001,lipps
370A,"REBIBLE Co.,Ltd.",TSE,Stock,Real Estate,,Japan,JP,JP3974650008,rebible
480A,"LiB Consulting Co.,Ltd.",TSE,Stock,Industrials,,Japan,JP,JP3974670006,lib consulting
361A,"LIVING HOUSE Co.,Ltd.",TSE,Stock,Consumer Discretionary,,Japan,JP,JP3974680005,living house
4445,Living Technologies Inc.,TSE,Stock,Information Technology,,Japan,JP,JP3974710000,living technologies|living
6054,Livesense Inc.,TSE,Stock,Communication Services,,Japan,JP,JP3974740007,livesense
4978,ReproCELL Incorporated,TSE,Stock,Health Care,,Japan,JP,JP3974770004,reprocell
8887,"SYLA Holdings Co.,Ltd.",TSE,Stock,Real Estate,,Japan,JP,JP3974800009,syla holdings
4935,Liberta Co Ltd,TSE,Stock,Consumer Staples,,Japan,JP,JP3974810008,liberta
7375,"REFINVERSE Group,Inc.",TSE,Stock,Industrials,,Japan,JP,JP3974820007,refinverse group
9245,Livero Inc.,TSE,Stock,Industrials,,Japan,JP,JP3974830006,livero
4591,RIBOMIC Inc.,TSE,Stock,Health Care,,Japan,JP,JP3974850004,ribomic
218A,"Liberaware Co.,Ltd.",TSE,Stock,Industrials,,Japan,JP,JP3974870002,liberaware
3825,"Remixpoint,inc.",TSE,Stock,Utilities,,Japan,JP,JP3974900007,remixpoint
7364,"RYUKYU ASTEEDA Sports Club Co.,Ltd.",TSE,Stock,Communication Services,,Japan,JP,JP3974950002,ryukyu asteeda sports club
8399,"Bank of The Ryukyus,Limited",TSE,Stock,Financials,,Japan,JP,JP3975000005,bank of the ryukyus
167A,"Ryoyo Ryosan Holdings,Inc.",TSE,Stock,Information Technology,,Japan,JP,JP3975410006,ryoyo ryosan holdings
5851,RYOBI LIMITED,TSE,Stock,Materials,,Japan,JP,JP3975800008,ryobi
RYOJ,"rYojbaba Co., Ltd. Common Shares",NASDAQ,Stock,Health Care,,Japan,JP,JP3976100002,ryojbaba common shares
7453,"RYOHIN KEIKAKU CO.,LTD.",TSE,Stock,Consumer Discretionary,,Japan,JP,JP3976300008,ryohin keikaku
9691,"RYOMO SYSTEMS CO.,LTD.",TSE,Stock,Information Technology,,Japan,JP,JP3976400006,ryomo systems
4685,"Ryoyu Systems Co.,Ltd.",TSE,Stock,Information Technology,,Japan,JP,JP3976500003,ryoyu systems
9827,"Lilycolor Co.,Ltd.",TSE,Stock,Consumer Discretionary,,Japan,JP,JP3976800007,lilycolor
8200,"RINGER HUT CO.,LTD.",TSE,Stock,Consumer Discretionary,,Japan,JP,JP3977000003,ringer hut
4428,sinops Inc.,TSE,Stock,Information Technology,,Japan,JP,JP3977010002,sinops
2170,Link and Motivation Inc.,TSE,Stock,Industrials,,Japan,JP,JP3977020001,link and motivation
6046,LINKBAL INC.,TSE,Stock,Communication Services,,Japan,JP,JP3977040009,linkbal
4446,Link-U Group Inc.,TSE,Stock,Communication Services,,Japan,JP,JP3977060007,link-u group
9355,RINKO CORPORATION,TSE,Stock,Industrials,,Japan,JP,JP3977100001,rinko
7966,LINTEC Corporation,TSE,Stock,Materials,,Japan,JP,JP3977200009,lintec
5947,RINNAI CORPORATION,TSE,Stock,Industrials,,Japan,JP,JP3977400005,rinnai
434A,LOOPLACE INC.,TSE,Stock,Real Estate,,Japan,JP,JP3978150005,looplace
2378,"RENAISSANCE,INCORPORATED",TSE,Stock,Consumer Discretionary,,Japan,JP,JP3978800005,renaissance
457A,"Le Lien Co.,Ltd.",TSE,Stock,Industrials,,Japan,JP,JP3978900003,le lien
LSRCF,Lasertec Corporation,OTC,Stock,Information Technology,,Japan,JP,JP3979200007,lasertec
6096,"RareJob,Inc.",TSE,Stock,Consumer Discretionary,,Japan,JP,JP3979210006,rarejob
4317,Ray Corporation,TSE,Stock,Information Technology,,Japan,JP,JP3979230004,
296A,"Reiwa Accounting Holdings Co.,Ltd.",TSE,Stock,Industrials,,Japan,JP,JP3979290008,reiwa accounting holdings
7681,"LEOCLAN Co.,Ltd.",TSE,Stock,Health Care,,Japan,JP,JP3979320003,leoclan
6272,"RHEON AUTOMATIC MACHINERY CO.,LTD.",TSE,Stock,Industrials,,Japan,JP,JP3979400003,rheon automatic machinery
7213,LECIP HOLDINGS CORPORATION,TSE,Stock,Industrials,,Japan,JP,JP3979550005,lecip holdings
7356,Retty Inc.,TSE,Stock,Communication Services,,Japan,JP,JP3980350007,retty
8029,LOOK HOLDINGS INCORPORATED,TSE,Stock,Consumer Discretionary,,Japan,JP,JP3981000007,look holdings
4889,Renascience Inc.,TSE,Stock,Health Care,,Japan,JP,JP3981100005,renascience
9519,"RENOVA,Inc.",TSE,Stock,Utilities,,Japan,JP,JP3981200003,renova
3941,"Rengo Co.,Ltd.",TSE,Stock,Materials,,Japan,JP,JP3981400009,rengo
372A,RENT CORPORATION,TSE,Stock,Industrials,,Japan,JP,JP3981550001,
6045,"Rentracks CO.,LTD.",TSE,Stock,Communication Services,,Japan,JP,JP3981850005,rentracks
470A,"LOCAL,Inc.",TSE,Stock,Consumer Discretionary,,Japan,JP,JP3982050001,local
6323,RORZE CORPORATION,TSE,Stock,Information Technology,,Japan,JP,JP3982200002,rorze
3482,Loadstar Capital K.K.,TSE,Stock,Real Estate,,Japan,JP,JP3982600003,loadstar capital
ROHCF,ROHM Co. Ltd,OTC,Stock,Information Technology,,Japan,JP,JP3982800009,
7944,Roland Corporation,TSE,Stock,Consumer Discretionary,,Japan,JP,JP3983400007,roland
8179,"ROYAL HOLDINGS Co., Ltd.",TSE,Stock,Consumer Discretionary,,Japan,JP,JP3983600002,royal holdings
9713,"THE ROYAL HOTEL,LIMITED",TSE,Stock,Consumer Discretionary,,Japan,JP,JP3984000004,the royal hotel
LGPS,LogProstyle Inc.,NYSE MKT,Stock,Real Estate,,Japan,JP,JP3984070007,logprostyle
205A,LOGOS HOLDINGS INC.,TSE,Stock,Consumer Discretionary,,Japan,JP,JP3984080006,logos holdings
5868,Rococo Co.Ltd.,TSE,Stock,Information Technology,,Japan,JP,JP3984090005,rococo
4391,"Logizard Co.,Ltd.",TSE,Stock,Information Technology,,Japan,JP,JP3984140008,logizard
3690,YRGLM Inc.,TSE,Stock,Communication Services,,Japan,JP,JP3984180004,yrglm
241A,"ROXX,inc.",TSE,Stock,Industrials,,Japan,JP,JP3984210009,
2266,"ROKKO BUTTER CO.,LTD.",TSE,Stock,Consumer Staples,,Japan,JP,JP3984800007,rokko butter
5969,"LOBTEX Co.,Ltd.",TSE,Stock,Industrials,,Japan,JP,JP3985000003,lobtex
4374,ROBOT PAYMENT INC.,TSE,Stock,Information Technology,,Japan,JP,JP3985100001,robot payment
4224,LONSEAL CORPORATION,TSE,Stock,Industrials,,Japan,JP,JP3985200009,lonseal
7564,"WORKMAN CO.,LTD.",TSE,Stock,Consumer Discretionary,,Japan,JP,JP3990100004,workman
3612,"WORLD CO.,LTD.",TSE,Stock,Consumer Discretionary,,Japan,JP,JP3990210001,
2429,"WORLD HOLDINGS CO.,LTD.",TSE,Stock,Industrials,,Japan,JP,JP3990220000,world holdings
375A,"YAK Holdings Co.,Ltd",TSE,Stock,Real Estate,,Japan,JP,JP3990500005,yak holdings
6298,"Y.A.C.HOLDINGS CO.,LTD.",TSE,Stock,Industrials,,Japan,JP,JP3990600003,y.a.c.holdings
3358,"Trailhead Global Holdings,Inc.",TSE,Stock,Consumer Discretionary,,Japan,JP,JP3990650008,trailhead global holdings
9419,"WirelessGate,Inc.",TSE,Stock,Communication Services,,Japan,JP,JP3990740007,wirelessgate
2693,YKT CORPORATION,TSE,Stock,Industrials,,Japan,JP,JP3990750006,
2798,Y's table corporation,TSE,Stock,Consumer Discretionary,,Japan,JP,JP3990760005,ys table
4839,WOWOW INC.,TSE,Stock,Communication Services,,Japan,JP,JP3990770004,wowow
1888,"WAKACHIKU CONSTRUCTION CO.,LTD.",TSE,Stock,Industrials,,Japan,JP,JP3990800009,wakachiku construction
4512,"WAKAMOTO PHARMACEUTICAL CO.,LTD.",TSE,Stock,Health Care,,Japan,JP,JP3991200001,wakamoto pharmaceutical|wakamoto
8125,"Wakita & Co.,LTD.",TSE,Stock,Industrials,,Japan,JP,JP3992000004,wakita
4937,Waqoo Inc.,TSE,Stock,Consumer Staples,,Japan,JP,JP3992050009,waqoo
2813,"Wakou Shokuhin Co.,Ltd.",TSE,Stock,Consumer Staples,,Japan,JP,JP3993000003,wakou shokuhin
11W,Wacom Co. Ltd,FSX,Stock,,,Japan,JP,JP3993400005,wacom
9271,"Wagokoro co.,ltd.",TSE,Stock,Consumer Discretionary,,Japan,JP,JP3993500002,wagokoro
4691,WASHINGTON HOTEL CORPORATION,TSE,Stock,Consumer Discretionary,,Japan,JP,JP3993700008,washington hotel
4718,"WASEDA ACADEMY CO.,LTD.",TSE,Stock,Consumer Discretionary,,Japan,JP,JP3993750003,waseda academy
5869,"WASEDA GAKUSHUKENKYUKAI CO.,LTD.",TSE,Stock,Consumer Discretionary,,Japan,JP,JP3993770001,waseda gakushukenkyukai
1807,"WATANABE SATO CO.,LTD.",TSE,Stock,Industrials,,Japan,JP,JP3993800006,watanabe sato
3199,"Watahan & Co.,Ltd.",TSE,Stock,Consumer Discretionary,,Japan,JP,JP3993830003,watahan
7522,"WATAMI CO.,LTD.",TSE,Stock,Consumer Discretionary,,Japan,JP,JP3993900004,watami
2735,"WATTS CO.,LTD.",TSE,Stock,Consumer Staples,,Japan,JP,JP3993950009,watts
2918,"WARABEYA NICHIYO HOLDINGS CO.,LTD.",TSE,Stock,Consumer Staples,,Japan,JP,JP3994400004,warabeya nichiyo holdings
4377,ONE CAREER Inc.,TSE,Stock,Industrials,,Japan,JP,JP3994450009,one career
4199,WonderPlanet Inc.,TSE,Stock,Communication Services,,Japan,JP,JP3994700007,wonderplanet
162A,AI Select Megatrend Japan Equity Net Return ETN,TSE,ETF,,Equity,Japan,JP,JP5392050000,ai select megatrend japan equity net return
163A,Semiconductor Focus Japan Equity Net Return ETN,TSE,ETF,,Equity,Japan,JP,JP5392060009,semiconductor focus japan equity net return
345A,High Dividend Growth Japan Equity Net Return ETN,TSE,ETF,,Equity,Japan,JP,JP5392070008,high dividend growth japan equity net return
497A,Inbound Consumer Related Japan Equity Net Return ETN,TSE,ETF,,Equity,Japan,JP,JP5392080007,inbound consumer related japan equity net return
498A,Defense Aerospace Europe Equity Net Return ETN,TSE,ETF,,Equity,Japan,JP,JP5392090006,defense aerospace europe equity net return
499A,Luxury Select 10 Europe Equity Net Return ETN,TSE,ETF,,Equity,Japan,JP,JP5392100003,luxury select 10 europe equity net return
2036,NEXT NOTES Gold Futures Double Bull ETN,TSE,ETF,,Other,Japan,JP,JP5528240004,next notes gold futures double bull
2037,NEXT NOTES Gold Futures Bear ETN,TSE,ETF,,Other,Japan,JP,JP5528250003,next notes gold futures bear
2038,NEXT NOTES Dubai Crude Oil Futures Double Bull ETN,TSE,ETF,,Other,Japan,JP,JP5528260002,next notes dubai crude oil futures double bull
2039,NEXT NOTES Dubai Crude Oil Futures Bear ETN,TSE,ETF,,Other,Japan,JP,JP5528270001,next notes dubai crude oil futures bear
2040,NEXT NOTES DJIA PR JPY-Monthly Hedged Leveraged (x2) ETN,TSE,ETF,,Other,Japan,JP,JP5528280000,next notes djia pr -monthly leveraged x2
2041,NEXT NOTES DJIA TR JPY-Monthly Hedged Inverse (x1) ETN,TSE,ETF,,Other,Japan,JP,JP5528290009,next notes djia tr -monthly inverse x1
2042,NEXT NOTES Tokyo Stock Exchange Growth Market 250 Index ETN,TSE,ETF,,Equity,Japan,JP,JP5528300006,next notes tokyo stock exchange growth market 250
2043,NEXT NOTES STOXX ASEAN-Five Select Dividend 50(NR-JPY) ETN,TSE,ETF,,Equity,Japan,JP,JP5528310005,next notes stoxx asean-five select dividend 50 nr
2044,NEXT NOTES S&P 500 Dividend Aristocrats Net Total Return Index ETN,TSE,ETF,,Equity,Japan,JP,JP5528320004,next notes s&p 500 dividend aristocrats net total return
2045,NEXT NOTES S&P Singapore REIT Net Total Return Index ETN,TSE,ETF,,Real Estate,Japan,JP,JP5528330003,next notes s&p singapore reit net total return
2046,NEXT NOTES Nifty PR 2x Leverage Index ETN,TSE,ETF,,Other,Japan,JP,JP5528340002,next notes nifty pr 2x leverage
2047,NEXT NOTES Nifty Total Returns(TR) Daily Inverse Index ETN,TSE,ETF,,Other,Japan,JP,JP5528350001,next notes nifty total returns tr inverse
2048,"NEXT NOTES Nomura Japan Equity High Dividend 70,Net Total Return US Dollar Hedged Index ETN",TSE,ETF,,Equity,Japan,JP,JP5528360000,next notes nomura japan equity high dividend 70 net total return us dollar
2068,"NEXT NOTES Japan Equity High Beta Select 30,Net Total Return ETN",TSE,ETF,,Equity,Japan,JP,JP5528410003,next notes japan equity high beta select 30 net total return
2050,"NEXT NOTES Niche Top Mid Small Cap Japan Equity, Net Total Return ETN",TSE,ETF,,Equity,Japan,JP,JP5528440000,next notes niche top mid small cap japan equity net total return
7699,OMNI-PLUS SYSTEM LIMITED,TSE,Stock,Industrials,,Japan,JP,JP5702090001,omni-plus system
9257,YCP Holdings (Global) Limited,TSE,Stock,Industrials,,Japan,JP,JP5702100008,ycp holdings global
ADTTF,Advantest Corporation,OTC,Stock,Information Technology,,Japan,JP,US00762U2006,
AMDLY,Amada Co. Ltd,OTC,Stock,Industrials,,Japan,JP,US0226312041,
AITUY,Anritsu Corporation,OTC,Stock,Information Technology,,Japan,JP,US0363351075,
ALPMY,Astellas Pharma Inc,OTC,Stock,Health Care,,Japan,JP,US04623U1025,
NCBDY,BANDAI NAMCO Holdings Inc,OTC,Stock,Consumer Discretionary,,Japan,JP,US0598311076,bandai namco
CJPRY,Central Japan Railway Co,OTC,Stock,Industrials,,Japan,JP,US1537661001,
DFKCY,Daifuku Co. Ltd,OTC,Stock,Industrials,,Japan,JP,US2338021072,
DLICY,Dai-ichi Life Holdings Inc,OTC,Stock,Financials,,Japan,JP,US23380Y1073,
ESAIY,Eisai Co. Ltd.,OTC,Stock,Health Care,,Japan,JP,US28258A1079,
FANUY,Fanuc Corporation,OTC,Stock,Industrials,,Japan,JP,US3073051027,
6288,FAST RETAIL-DRS,HKEX,Stock,Consumer Discretionary,,Japan,JP,US31188H2004,fast retail-drs
HPHTY,Hamamatsu Photonics K.K,OTC,Stock,Information Technology,,Japan,JP,US40652R1077,
HROEY,Hirose Electric Co.Ltd,OTC,Stock,Information Technology,,Japan,JP,US4335441030,
HSHZY,Hoshizaki Corporation,OTC,Stock,Industrials,,Japan,JP,US44101L1098,
IBIDY,Ibiden Co.Ltd.,OTC,Stock,Information Technology,,Japan,JP,US45107P1012,
IMHDY,Isetan Mitsukoshi Holdings Ltd,OTC,Stock,Consumer Discretionary,,Japan,JP,US46429H1086,isetan mitsukoshi
JPPTY,JAPAN POST BANK Co.Ltd,OTC,Stock,Financials,,Japan,JP,US47109X1081,
KPTCY,Kansai Paint Co. Ltd,OTC,Stock,Materials,,Japan,JP,US4846051005,
KNBWY,Kirin Holdings Co Ltd,OTC,Stock,Consumer Staples,,Japan,JP,US4973503067,
KNCAY,Konica Minolta Inc,OTC,Stock,Industrials,,Japan,JP,US50048B1044,
KTWIY,Kurita Water Industries Ltd,OTC,Stock,Industrials,,Japan,JP,US5012831054,
LIOPY,Lion Corporation,OTC,Stock,Consumer Staples,,Japan,JP,US5361971063,
MTHRY,M3 Inc,OTC,Stock,Health Care,,Japan,JP,US55379N1063,
MBUMY,Mabuchi Motor Co Ltd,OTC,Stock,Consumer Discretionary,,Japan,JP,US5541411014,
MPJPY,Metaplanet Inc.,OTC,Stock,Financials,,Japan,JP,US59141L1098,
MITEF,Mitsubishi Estate Co. Ltd,OTC,Stock,Real Estate,,Japan,JP,US6067832070,
MHVIY,"Mitsubishi Heavy Industries, Ltd.",OTC,Stock,Industrials,,Japan,JP,US6067934041,
MUFG,"Mitsubishi UFJ Financial Group, Inc.",NYSE,Stock,Financials,,Japan,JP,US6068221042,
MFG,Mizuho Financial Group Inc.,NYSE,Stock,Financials,,Japan,JP,US60687Y1091,mizuho financial group
MRAAY,"Murata Manufacturing Co., Ltd.",OTC,Stock,Information Technology,,Japan,JP,US6264251025,
NCTKY,Nabtesco Corporation,OTC,Stock,Industrials,,Japan,JP,US62957T1097,
NCHEY,Nichirei Corporation,OTC,Stock,Consumer Staples,,Japan,JP,US65370E1047,
NJDCY,Nidec Corporation,OTC,Stock,Industrials,,Japan,JP,US6540901096,
0K85,"Nintendo Co., Ltd.",LSE,Stock,Consumer Discretionary,,Japan,JP,US6544453037,
NPNGY,"Nippon Gas Co., Ltd.",OTC,Stock,Utilities,,Japan,JP,US6545661083,
NPNYY,Nippon Yusen Kabushiki Kaisha,OTC,Stock,Industrials,,Japan,JP,US6546333047,
NCLTY,Nitori Holdings Co. Ltd,OTC,Stock,Consumer Discretionary,,Japan,JP,US65479L1089,
PCRHY,Panasonic Holdings Corporation,OTC,Stock,Information Technology,,Japan,JP,US69832A2050,
NEN0,Renesas Electronics Corporation,FSX,Stock,,,Japan,JP,US75972B1017,
RYKKY,Ryohin Keikaku Co Ltd,OTC,Stock,Consumer Discretionary,,Japan,JP,US78392U1051,
SHCAF,Sharp Corporation,OTC,Stock,Information Technology,,Japan,JP,US8198823093,
SKPJY,SKY Perfect JSAT Holdings Inc,OTC,Stock,Communication Services,,Japan,JP,US83083K1016,
0L7L,SoftBank Group Corp.,LSE,Stock,Communication Services,,Japan,JP,US83404D1090,
SONY,Sony Group Corp,NYSE,Stock,Consumer Discretionary,,Japan,JP,US8356993076,
SFGYY,Sony Financial Group Inc.,OTC,Stock,Financials,,Japan,JP,US83571B1008,sony financial
SQNNY,Square Enix Holdings Co. Ltd,OTC,Stock,Communication Services,,Japan,JP,US85223E1010,
STAEY,Stanley Electric Co. Ltd,OTC,Stock,Consumer Discretionary,,Japan,JP,US8545131083,
SSUMY,Sumitomo Corporation,OTC,Stock,Industrials,,Japan,JP,US8656131039,
SMDPY,Sumitomo Pharma Co. Ltd,OTC,Stock,Health Care,,Japan,JP,US8656141012,
SMFG,Sumitomo Mitsui Financial Group Inc,NYSE,Stock,Financials,,Japan,JP,US86562M2098,
CMTDF,Sumitomo Mitsui Trust Holdings Inc,OTC,Stock,Financials,,Japan,JP,US86562X1063,sumitomo mitsui trust
TAK,Takeda Pharmaceutical Company Limited,NYSE,Stock,Health Care,,Japan,JP,US8740602052,
TKGSY,Tokyo Gas Co Ltd,OTC,Stock,Utilities,,Japan,JP,US8891151016,
TOMYY,TOMY Company Ltd,OTC,Stock,Consumer Discretionary,,Japan,JP,US8901411046,
TOPPY,TOPPAN Holdings Inc.,OTC,Stock,Industrials,,Japan,JP,US8907473065,toppan printing
TOTDY,Toto Ltd,OTC,Stock,Industrials,,Japan,JP,US8915152073,
TYIDY,Toyota Industries Corporation,OTC,Stock,Industrials,,Japan,JP,US8923301019,
TYHOY,Toyota Tsusho Corp,OTC,Stock,,,Japan,JP,US89240C2052,
THDDY,TV Asahi Holdings Corporation,OTC,Stock,Communication Services,,Japan,JP,US90114T1007,tv asahi
UNICY,Unicharm Corp,OTC,Stock,Consumer Staples,,Japan,JP,US90460M2044,
UTDAY,United Arrows Ltd.,OTC,Stock,Consumer Discretionary,,Japan,JP,US90938Q1004,
WACLY,Wacoal Holdings Corp,OTC,Stock,,,Japan,JP,US9300043042,
SRTTY,ZOZO Inc,OTC,Stock,Consumer Discretionary,,Japan,JP,US98979Y1064,
DSCSY,Disco Corporation,OTC,Stock,Information Technology,,Japan,JP,,
MRUWY,"Maruwa Co., Ltd./ADR",OTC,Stock,Information Technology,,Japan,JP,,
NIPKF,Nippon Konpo Unyu Soko Co. Ltd.,OTC,Stock,Industrials,,Japan,JP,,nippon konpo unyu soko
NISUF,Nippon Suisan Kaisha Ltd.,OTC,Stock,Consumer Staples,,Japan,JP,,
SCSXY,SCSK Corporation/ADR,OTC,Stock,Information Technology,,Japan,JP,,
