Ticker,Name,Fee,Bought,ISIN,ROA,Net Margin,Operating Margin,Debt To Equity,Earnings Growth,Vol 1D,Vol 3D,Vol 5D,Vol 30D,Dividend yield,Notional Volume,Market cap,PE ratio,Forward PE ratio,PB,Price 1D,Price 3D,Price 5D,Price 7D,Price 30D,Target high %,Target low %,Target mean %,Current price,Avg Rating 1D,Avg Rating 7D,Avg Rating Score,Avg Rating Label,Growth,Sector,Note
6857,JP3122400009,,,JP3122400009,0.03754,0.02954,0.04834,0.95197,0.172,1.22475757729045,-0.208658927675548,-0.0443303855711269,0.0849928503299429,0.0275,2170634830,352705150976,12.9035845,13.092423,1.1541122,-0.0348547717842324,-0.0222782681799075,-0.00598290598290598,-0.0189793336145086,-0.0791765637371338,0.676698194325022,-0.0885640584694755,0.340130180567498,1163,,,1.7,Buy,0.985576504822675,Consumer Defensive,
8411,JP3885780001,,,JP3885780001,0.02385,0,0.02398,1.14996,-0.472,0.1512717582666,-0.315039437926692,-0.275889668985026,-0.124183352156873,0.0348,504087925,195404414976,8.810498,4.927564,0.78822845,-0.0103369065849923,0.00583657587548638,0.016515926071569,0.0209320695102686,0.0209320695102686,,,,1292.5,,,,,1.78800275349037,Consumer Defensive,
8035,JP3571400005,,,JP3571400005,0.08535,0.085310005,-0.054229997,1.14213,,-0.0454815813473969,-0.423915413124046,-0.365212645367144,-0.210932661145121,0.017,35558640,47021850624,15.898058,7.462025,3.4290001,0.000848896434634975,0.00597269624573379,0.00769230769230769,0.00855431993156544,0.0333041191936897,,,,1179,,,,,2.13052864336423,Consumer Defensive,
8316,JP3890350006,,,JP3890350006,0.02112,0.01956,0.04966,0.02991,0.063,-0.50807055050775,-0.0456928838951311,-0.0913431452080195,-0.167389574214087,0.0299,19155850,17578575872,13.351658,,0.65729046,-0.00865800865800866,0.0113564668769716,0.0402336145360156,0.0203691915977085,0.0552995391705069,,,,1603,,,,,,Basic Materials,
9984,JP3436100006,,,JP3436100006,0.04023,0.116639994,0.12015,0.03119,0.874,0.178238805970149,-0.313990973565442,-0.294562106468231,-0.383361854006747,0.0227,386977500,185840533504,15.503603,20.905428,1.0442791,-0.00451467268623025,0.008,0.0114678899082569,0.029171528588098,0.0126291618828932,0.473922902494331,0.473922902494331,0.473922902494331,4410,,,2,Buy,0.741606581793016,Consumer Defensive,
8306,JP3902900004,,,JP3902900004,0.04028,0.07033,0.021659998,0.45986,-0.668,-0.489692950843304,-0.442636133637674,-0.371271666380642,0.222167367089641,0.029,135550560,67002421248,11.13602,,1.0387326,-0.000935453695042095,0.0200573065902579,0.0293975903614458,0.0348837209302326,0.126582278481013,,,,2136,,,,,,Consumer Defensive,
6981,JP3914400001,,,JP3914400001,0.04789,0.12636,0.23391001,2.63342,7.555,-0.0564200170557774,-0.285708786202826,-0.230534987869019,-0.29085359430211,0.0313,969568600,88558886912,17.12292,8.442024,2.526061,-0.003125,0.019634703196347,0.00585585585585586,-0.0645161290322581,-0.163449577090745,0.61218092252575,0.0792655620241827,0.285266457680251,2233,,,,,2.02829558409216,Utilities,
8031,JP3893600001,,,JP3893600001,0.0075,0.25367,0.01704,,,-0.215513380360542,-0.336151600211934,-0.392992933802442,0.368314231943834,0.0235,155085300,38226993152,14.493082,,1.3634967,-0.0108359133126935,0.00313971742543171,0.00947867298578199,-0.0405405405405405,0.0721476510067114,,,,639,,,,,,Energy,
8058,JP3898400001,,,JP3898400001,0.04479,0.07022,0.08863,0.41877,0.462,0.317260370430912,-0.375885787549595,-0.249785781715199,0.292764033143867,0.0178,2072459800,274206457856,19.53147,,1.7077105,0.0641221374045802,0.0449775112443778,0.0434131736526946,-0.0681818181818182,-0.00428571428571429,,,,3485,,,,,,Basic Materials,
6503,JP3902400005,,,JP3902400005,0.08093,0.22082001,0.60152,0.24637,0.629,0.104683768606043,0.008817406459559,0.268412335630388,0.123362170257283,0.0286,22739342990,4524691423232,10.570819,14.578987,0.8912698,-0.00407228302367015,-0.00584349593495935,-0.00432569974554707,0.000255623721881391,0.130924855491329,0.277791975466394,-0.263991822131357,0.0879818553539484,3913,,,2.1,Buy,0.725072256392025,Energy,
8766,JP3910660004,,,JP3910660004,0.0231,0.12694,0.09526,0.09263,-0.794,-0.206795030687873,0.00652142425338396,0.146595443112644,-0.00655790091102586,0.0233,2785032330,492360073216,9.242046,12.793474,0.83497494,-0.00515729757607014,0.00994764397905759,0.00416449765747007,0.00941915227629513,0.122817229336438,0.088646967340591,-0.0150336962156558,0.0393986521513738,1929,,,3,Hold,0.722403156484314,Energy,
6861,JP3236200006,,,JP3236200006,0.05187,0.081020005,0.13063,,-0.09,0.329283857612029,-0.176680263706737,-0.250938748335553,0.0088540755467197,0.03,334076160,103424745472,14.10462,12.898067,0.9372003,-0.0177574835109082,0.0020703933747412,0.00519210799584631,-0.0290872617853561,0.0761534185658699,,,,1936,,,,,1.09354525759558,Utilities,
6098,JP3970300004,,,JP3970300004,0.05702,0.06836,0.061750002,0.12671,0.348,0.0624270668604149,-0.0382824396786319,-0.0305697002285253,-0.0191547419641837,0.0439,1281967530,300509528064,10.10125,19.911644,1.3928761,-0.010844306738962,0.0254282655246253,0.0287325456498389,-0.00441787941787942,0.0359653866955111,0.0180109631949883,-0.0707387105194466,-0.0263638736622292,1915.5,,,,,0.507303666136257,Industrials,
8001,JP3143600009,,,JP3143600009,0.06258,0.06086,0.070760004,0.00687,0.486,3.85999294420885,-0.20926689606262,-0.0992769167167183,-0.166384639107524,0.023,3687803280,671611092992,18.939419,23.2056,1.7023321,0.0389518413597734,0.0892890291442361,0.0923306031273269,0.0733491860252424,0.109682299546142,0.0395364689843218,-0.301295160190866,-0.0882753919563736,5868,,,,,0.816157263763919,Industrials,
9983,JP3802300008,,,JP3802300008,0.06157,0.039,0.04824,,-0.086,0.442844501649103,-0.00347428184052201,0.17100312082033,-0.260000946835203,0.0301,283955000,147642105856,10.741138,15.964471,1.2778944,-0.0191740412979351,0.00910470409711684,-0.0140845070422535,-0.036231884057971,0.0160427807486631,,,,13300,,,0,Strong Buy,0.672815153098402,Real Estate,
6501,JP3788600009,,,JP3788600009,,0.078990005,0.08695,0.45852,0.093,0.5238902748031,-0.0899937034990555,0.323810781368633,0.132088531829427,0.0301,11141819400,2057175040000,12.300075,26.512606,2.2044103,-0.00864100549882168,0.0293637846655791,0.0120288692862871,-0.0539730134932534,-0.0703499079189687,0.751188589540412,-0.0966719492868463,0.285940649762282,12620,,,1.6,Buy,0.463933081493385,Industrials,
4063,JP3371200001,,,JP3371200001,0.043909997,0.072519995,0.052449998,0.27364,1.223,0.532773108101865,-0.260790296455343,-0.13998873358448,0.0621482218717711,0.0305,7834087980,2119320469504,12.361172,22.347055,1.7030383,-0.0147011824864174,0.0208609271523179,0.0235723771580345,-0.00804375804375804,-0.0252924438823901,0.524489133960428,-0.0269218293869608,0.236620175154071,3083,,,1.6,Buy,0.553145459211516,Industrials,
6752,JP3866800000,,,JP3866800000,0.029690001,0.08135,0.03994,0.55696,3.982,0.238632063497879,-0.0236989116312423,-1.02933607823434E-05,-0.127740003245877,0.0327,8536502340,1600494764032,12.626506,28.714075,1.5778655,-0.0227932034811438,0.0174757281553398,-0.000847457627118644,-0.0692717584369449,-0.0258211113406321,0.441899915182358,-0.0245971162001696,0.22682663273961,2358,,,2.4,Buy,0.439732291567811,Industrials,
7203,JP3633400001,,,JP3633400001,0.050180003,0.048860002,0.095649995,0.73346,0.735,0.503383832587322,-0.287256753509561,-0.104819114890267,-0.0604473145535657,0.0366,2502444120,723852918784,13.36888,12.855732,1.270185,-0.0188476036618201,0.00718629076838032,0.00496414782129068,-0.0313662945241893,0.0165519806583597,0.390413465056714,0.0976948408342481,0.21569703622393,2733,,,,,1.03991589121491,Consumer Cyclical,
7011,JP3900000005,,,JP3900000005,,0.059439998,0.06331,0.58946,0.179,0.43034556773309,-0.261840239286979,-0.142929670360124,0.332057152703438,0.0293,10511465640,2300872491008,13.106081,18.681526,1.6777421,-0.0177549812586309,0.0223819301848049,0.0167449458852359,-0.0401002506265664,-0.030379746835443,0.847760594496887,0.0845551315525206,0.407339425587467,4979,,,1.4,Strong Buy,0.701553020882769,Industrials,
7741,JP3837800006,,,JP3837800006,0.03187,0.06511,0.06814,1.11804,1.82,-0.0816802152983936,0.146996893083798,-0.0329917475287929,0.136467167677743,0.044,664633350,224468992000,9.328389,12.978563,1.167593,-0.00768022342468145,0.0219306129786087,0.0375981018434021,0.00815747472956198,0.0684081939485059,0.372031662269129,0.0158311345646438,0.18117854001759,5685,,,2.4,Buy,0.718753609317149,Industrials,
2914,JP3726800000,,,JP3726800000,,0,0.04024,0.3475,-0.07,0.637019820704191,-0.131697687535251,-0.0410675552481846,0.334827289912356,0.052,782008100,207173140480,11.273935,,1.079288,-0.011986301369863,0.0212389380530973,0.0212389380530973,-0.00517241379310345,-0.00345423143350604,,,,5770,,,,,,Industrials,
8002,JP3877600001,,,JP3877600001,0.06799,0.07825,0.07169,,-0.033,0.522972972972973,-0.334029161527027,-0.240107869575876,0.10208813293466,0.0384,268765200,136389066752,10.615768,15.376849,1.0417324,-0.00251889168765743,0.0179948586118252,0.0259067357512953,-0.00126103404791929,-0.0503597122302158,0.313131313131313,0.262626262626263,0.287878787878788,3960,,,2,Buy,0.690373430863501,Industrials,
8053,JP3404600003,,,JP3404600003,0.04504,0.03299,0.04555,0.28746,0.596,-0.16488049500546,-0.390917400967932,-0.370279909835364,-0.0787615512202828,0.0617,300720520,72129380352,14.143303,,1.511278,-0.0043859649122807,0.0236753100338219,0.0424799081515499,0.028312570781427,0.0377142857142857,,,,908,,,,,,Industrials,
6758,JP3435000009,,,JP3435000009,0.02606,0.067540005,0.0478,0.4299,2.376,0.154041887941245,-0.505346399456309,-0.415242884627631,-0.130115316706489,0.0395,1061294835,449536458752,12.315491,16.650219,0.933892,-0.00491480996068152,0.0280974949221395,0.0315896739130435,-0.00686723348593852,0.0157190635451505,0.251234771155746,-0.143891998682911,0.126111294040171,1518.5,,,,,0.739659400275756,Industrials,
9433,JP3496400007,,,JP3496400007,0.040149998,0.04217,0.02868,0.31467,0.247,-0.0225995684413169,-0.191058005373795,-0.197278342945194,0.549729713529467,0.0377,1109597590,225509212160,11.350612,3.5361207,1.2259929,0.00226586102719033,0.0302795031055901,0.0383411580594679,0.0106626047220107,-0.0713785864240728,0.695553880934439,0.243406179351922,0.489073097211756,1327,,,,,3.20990513700508,Industrials,
9432,JP3735400008,,,JP3735400008,0.05208,0.05544,0.048800003,0.1918,0.149,-0.0476372406217913,-0.165305027877215,-0.276019160211985,0.224625835611248,0.0502,221207910,94697455616,11.148391,,1.2471019,0,0.0286116322701689,0.0423003802281369,0.0339462517680339,0.158478605388273,,,,2193,,,,,,Industrials,
8591,JP3200450009,,,JP3200450009,0.06617,0.06611,0.09826,0.40505,0.22,-0.0233138730987863,0.0335900553979193,0.182051773729626,0.00714976603142248,0.0463,203574540,102113189888,10.941106,24.89726,1.588593,-0.00863636363636364,0.023943661971831,0.0205896116050538,-0.0245974955277281,-0.0525629887054735,,,,2181,,,,,0.439450204560662,Industrials,
8750,JP3476480003,,,JP3476480003,0.0672,0.049629997,0.08203,0.6069,-0.001,0.345220695703011,-0.352701948617218,-0.270199180340139,-0.164617332507567,0.0486,4280772160,1091854598144,11.210702,2.402747,2.2097,-0.0117924528301887,0.00872705386698766,0.0163735597331716,0.0154498636776734,0.0377708978328173,0.10381861575179,-0.045346062052506,0.0187947494033413,3352,,,,,4.66578545306684,Real Estate,
9434,JP3732000009,,,JP3732000009,0.07359,0.10519,0.1167,,0.044,0.0840406927145539,0.0896122071238318,0.49699854298203,0.703440353460972,0.0337,449266300,135520190464,8.904688,,1.0006132,-0.00813356164383562,0.0225066195939982,0.0362254025044723,0.0135608048993876,0.0189094107299912,,,,2317,,,,,,Industrials,
8630,JP3165000005,,,JP3165000005,0.04757,0.02842,-0.014090001,0.00967,,0.00780736734350884,-0.273880385112601,-0.133861092009352,0.154589717512862,0.0559,499518600,74394214400,21.692266,,1.4491906,-0.00617283950617284,0.00750938673341677,0.0157728706624606,0.00311526479750779,0.013215859030837,,,,1610,,,,,,Industrials,
6954,JP3802400006,,,JP3802400006,0.052399997,0.055749997,0.06723,0.25509,0.092,0.104931694959396,-0.220773882195283,-0.0992497210501341,0.128243456646542,0.0352,893921930,169276735488,8.810626,16.372477,1.4590182,-0.0072562358276644,0.0228971962616822,0.0590227382680213,0.0228971962616822,0.0595353339787028,-0.0406578346276839,-0.0406578346276839,-0.0406578346276839,2189,,,,,0.538136410269503,Industrials,
6301,JP3304200003,,,JP3304200003,0.04792,0.0435,0.06099,1.27205,0.061,0.345624170089377,0.470486313795909,0.416877499387905,0.394235175741659,0.0329,3986845660,427661492224,12.594539,22.805246,2.2310255,-0.000631711939355654,0.018018018018018,0.100139082058414,0.047682119205298,0.0209745079057761,0.580278128950695,-0.115044247787611,0.337968836915297,1582,,,1.5,Strong Buy,0.552264992011049,Industrials,
6702,JP3818000006,,,JP3818000006,0.05037,0.04711,0.02347,0.15503,-0.496,0.230102451438888,-0.389693191815953,-0.231770736253495,0.0176415431327023,0.051,203536410,54618521600,11.695952,,1.2681612,-0.00732356857523302,0.00471698113207547,0.0122199592668024,0.000671140939597315,0.0289855072463768,,,,1491,,,,,,Industrials,
6723,JP3164720009,,,JP3164720009,0.0312,0.03461,0.04926,1.28861,-0.643,0.594135207929879,-0.220176147815634,0.240927742848116,0.220320883753888,0.0408,6219422055,752067477504,8.920649,1.9583892,0.68703866,-0.0227091633466135,-0.00527169505271695,0.00697865353037767,-0.0258141382049245,-0.0934959349593496,0.565430085609458,0.141459437423563,0.332246229107216,1226.5,,,2.3,Buy,4.55509507507496,Consumer Cyclical,
5803,JP3811000003,,,JP3811000003,0.04947,0.062800005,0.09276,1.15364,0.09,0.740382757443664,-0.203525999453278,-0.225113123823147,-0.179953524082832,0.0202,7984476500,2823864713216,8.045044,9.683245,0.97023636,-0.0146995244271509,-0.00632221495530848,-0.00869943453675511,-0.0157633340531203,-0.00653879686137751,0.261518209741115,0.00921456779289162,0.112086156208864,4558,,,2.6,Hold,0.830821072894469,Real Estate,
6701,JP3733000008,,,JP3733000008,0.09677,0.0928,0.112799995,0.02119,0.249,0.103493853297931,-0.317870811560114,-0.185856603773585,-0.0411486486486487,0.0135,519238250,161132232704,13.605325,18.626614,1.9081696,-0.00883838383838384,0.0261437908496732,0.0438829787234043,0.0194805194805195,0.0288335517693316,0.105732484076433,-0.13375796178344,0.021656050955414,3925,,,3.3,Hold,0.730423951449254,Industrials,
5802,JP3407400005,,,JP3407400005,0.046830002,0.0616,0.09866,0.81733,-0.024,0.303882635064754,-0.289847144411119,-0.118698906208541,-0.249735510725389,0.0436,8830868000,2172151398400,8.503402,8.875113,0.9655979,-0.0155744930943285,0.00239377618192699,-0.00327283546563523,0.00873230954531768,-0.0190336749633968,0.298507462686567,0.0149253731343284,0.147595313432836,3350,,,2.1,Buy,0.958117603685722,Consumer Cyclical,
6367,JP3481800005,,,JP3481800005,0.04911,0.045739997,0.05503,0.05805,1.524,0.203057405337092,-0.270755995521773,-0.276153676594531,0.0516758429959658,0.0295,315111340,181470543872,17.574669,24.553904,1.1736088,-0.0119670905011219,0.0134253931722286,0.0212601468882876,-0.00751314800901578,0.0722402597402597,0.211203633610901,0.211203633610901,0.211203633610901,2642,,,,,0.715758642698937,Industrials,
7267,JP3854600008,,,JP3854600008,0.052059997,0.078260005,0.03032,0.00739,21.256,-0.219424922472797,-0.506014716592581,-0.389228383094223,0.254636813403047,0.0371,173086850,64801132544,11.668377,,0.95716935,-0.00418888042650419,0.0171139634383508,0.0179057999221487,0.000765403750478377,0.0426634768740032,,,,2615,,,,,,Industrials,
8725,JP3890310000,,,JP3890310000,0.0678,0.08141,0.11686,0.07127,0.862,0.195547577630556,-0.352723048742349,-0.335528228499587,0.115307559452637,0.0365,189744170,109011607552,14.534554,,1.5442271,0.00217580504786771,0.0285841893702546,0.0149845747025121,-0.00518358531317495,0.0888888888888889,,,,2303,,,,,,Industrials,
6146,JP3548600000,,,JP3548600000,0.056360003,0.0796,0.10309,,0.061,0.136982340183827,-0.237104241017042,-0.136597443733131,0.0201378275881587,0.0272,385477500,272653893632,15.060242,,1.0778261,-0.00961538461538462,0.0117878192534381,0.005859375,-0.0152963671128107,0.0117878192534381,,,,5150,,,,,,Industrials,
4578,JP3188220002,,,JP3188220002,0.09071,0.0872,0.12478,0.02919,0.07,0.166756821784662,-0.501969756960139,-0.491002785664637,-0.319741741043308,0.0235,3750005790,1103134326784,17.7934,32.690495,2.861751,-0.019978783592645,0.0270520659625718,0.0202466408982146,-0.0363351877607789,-0.0175469691598724,0.515424860184016,0.172650189428108,0.355635143424139,5543,,,,,0.544298885654683,Industrials,
8308,JP3500610005,,,JP3500610005,0.07358,0.09716,0.08377,0.56624,1.371,0.103261726514214,-0.536447475032546,-0.502652046647772,-0.218067411998966,0.0202,3741521420,1139693846528,19.762701,34.86114,2.6327689,-0.0101428571428571,0.0272794662713121,0.0256068679692126,-0.0313155319446386,-0.0379061371841155,0.472073892336557,0.219512195121951,0.34098239284168,6929,,,,,0.566897726236147,Industrials,
6762,JP3538800008,,,JP3538800008,0.04887,0.073860005,0.08247,0.47019,1.119,0.333725790310237,-0.28657091440019,-0.109462817816861,-0.127937965399474,0.0337,368967680,210484019200,11.737114,,1.3475896,0.0035650623885918,0.0416281221091582,0.0454967502321263,-0.0148731408573928,0.0647754137115839,,,,2252,,,0,Strong Buy,,Industrials,
3382,JP3422950000,,,JP3422950000,0.05975,0.08084,0.03091,0.00045,1.441,0.617360965962989,-0.400297594353451,-0.311388941148301,-0.211228223844282,0.0308,394061250,240957210624,13.3331175,23.161144,1.1531845,-0.0072202166064982,0.0261194029850746,0.0403530895334174,0.00121359223300971,0.0456273764258555,0.260606060606061,0.260606060606061,0.260606060606061,4125,,,,,0.57566748430043,Industrials,
8604,JP3762600009,,,JP3762600009,0.059510004,0.042579997,0.06865,0.34938,0.903,0.113180615407878,-0.402876388130348,-0.315570733966196,-0.142998820934124,0.0305,1142677370,532861157376,17.361065,22.138695,1.5529772,-0.00455753892897835,0.0252298063759046,0.0316866758512104,0.0125555340931041,-0.00738496496875592,0.220908050362457,-0.0843189622281572,0.121709271270507,2621,,,,,0.784195500231608,Industrials,
2802,JP3119600009,,,JP3119600009,0.0793,0.083330005,0.026919998,0.03022,0.73,0.270401767890138,-0.541852567090631,-0.470551107474724,-0.00275288776543234,0.037,419418000,147583860736,12.13574,,1.8183461,-0.00917431192660551,0.0172684458398744,0.0318471337579618,0.00934579439252336,-0.0442477876106195,,,,3240,,,1,Strong Buy,,Industrials,
4568,JP3475350009,,,JP3475350009,0.07043,0.08592,0.108739994,0.08336,0.09,0.411082517018097,-0.387833840613881,-0.335908778484694,-0.235610790668173,0.0272,1386111800,572032548864,14.285713,16.278181,1.6454844,-0.000247249350970454,0.0290113245960046,0.0253581843540003,-0.0128173828125,-0.0243696465194837,0.681711388648448,-0.0478545814269816,0.39112155310993,8087,,,1.8,Buy,0.877598854564893,Industrials,
7974,JP3756600007,,,JP3756600007,0.03136,0.06696,0.07756,0.08387,1.072,-0.0634305015519086,-0.222286131653428,-0.128734445483714,-0.119548647092689,0.0223,3336327330,565126365184,13.494999,19.166666,1.3276924,-0.0105954651409197,0.0130180082447386,0.0097318339100346,-0.0432377049180328,0.0123590633130963,0.285071749839366,-0.22895695009638,0.0794602698650675,2334.5,,,2.6,Hold,0.704086928837806,Industrials,
8802,JP3899600005,,,JP3899600005,0.11571,0.121070005,0.12684,0.01257,0.253,0.255990879903215,-0.0180731743155214,-0.121284089765523,0.0633947329848047,0.0084,488048500,146190172160,12.484461,,2.163504,-0.0027972027972028,0.0273775216138329,0.0229555236728838,-0.00418994413407821,0.126382306477093,,,,7130,,,,,,Industrials,
4901,JP3814000000,,,JP3814000000,0.06337,0.08821,0.09137,0.11969,1.083,0.501832521973554,-0.37549264533757,-0.371857649735362,0.136301286867169,0.0293,319698840,161421000704,13.550164,4.973751,1.2902529,-0.012736395214203,0.0150793650793651,0.0179068842021488,-0.0161538461538462,0.0557160544779199,,,,2558,,,0,Strong Buy,2.72433501395627,Industrials,
8309,JP3892100003,,,JP3892100003,0.088549994,0.08422,0.09962,0.19125,-0.28,0.273028197084972,-0.162966629243776,-0.243963950598969,-0.00709293361048491,0.0261,2502650130,616756477952,16.501524,14.059004,2.980495,0.0109395109395109,0.0424684804246848,0.0723549488054608,0.0468680586406042,0.123480333730632,0.464035646085296,0.113940165499682,0.267769997878209,4713,,,1.3,Strong Buy,1.17373350203187,Industrials,
8801,JP3893200000,,,JP3893200000,0.09232,0,0.11323,0.1304,0.107,-0.0395424297420668,-0.574397339983375,-0.436063423479033,-0.288039983446344,0.0368,238893300,101303304192,10.929038,,1.9831973,-0.018796992481203,0.0289093298291721,0.0467914438502674,-0.00508259212198221,-0.00760456273764259,,,,3915,,,,,,Industrials,
4519,JP3519400000,,,JP3519400000,0.057189997,0.09314,0.08276,0.01165,0.107,0.229098078604245,-0.411563059606037,-0.373444848961921,-0.0771593043689026,0.0467,113760330,78630289408,14.641026,,1.1540016,-0.0166475315729047,0.00234055002925688,0.0160142348754448,-0.0115406809001731,-0.0745542949756888,,,,1713,,,,,,Industrials,
5108,JP3830800003,,,JP3830800003,0.052389998,0.05217,0.057740003,0.01983,-0.265,0.141676281990656,-0.444424966075174,-0.385293882447021,-0.0734768220098294,0.0359,703788800,241662148608,15.674046,10.074147,1.3879964,-0.00645994832041344,0.0145118733509235,0.0391891891891892,0.00391644908616188,-0.119129438717068,0.508452535760728,0.157347204161248,0.337234460338102,3845,,,2.3,Buy,1.55586830329158,Industrials,
4062,JP3148800000,,,JP3148800000,0.11166,0.10268,0.17727,0.02518,-0.051,0.0310043540516057,-0.411233298896656,-0.325097165889057,-0.204298039139714,0.0294,1490036240,378560217088,14.104604,9.932111,2.9065723,0.0065359477124183,0.0663265306122449,0.102902374670185,0.0212914485165794,0.104567761419404,0.367053998632946,0.367053998632946,0.367053998632946,2926,,,,,1.42010132589134,Industrials,
6273,JP3162600005,,,JP3162600005,0.07517,0.09759,0.12158,,0.331,0.272861733054521,-0.498146564014828,-0.4230380744296,0.215986590405998,0.0311,290122000,132873428992,16.129032,,1.8408868,-0.00155038759689922,0.0488599348534202,0.0471544715447155,0.00625,0.0776439089692102,,,,3220,,,,,,Industrials,
7751,JP3242800005,,,JP3242800005,0.029660001,0.05076,0.040149998,0.27091,-0.025,0.114386163420351,-0.405331776610235,-0.295781535176831,-0.447189226958013,0.0228,449382150,246257647616,11.587382,12.90169,0.8755453,-0.0135761589403974,-0.00501002004008016,0.00303030303030303,0.00573936529372046,0.0482054890921886,,,,2979,,,0,Strong Buy,0.898129004804797,Consumer Defensive,
7936,JP3118000003,,,JP3118000003,0.035720002,0.03496,0.05144,0.16757,-0.167,1.35213306845348,-0.428277867255656,-0.122929752163457,0.138319042854185,0.0325,1923534540,558669430784,17.636154,15.676736,1.0830871,-0.0414967618133845,-0.0286825473991249,-0.0203481245403285,-0.0193865030674847,0.0162767039674466,0.0760760760760761,0.001001001001001,0.0460460460460461,1998,,,,,1.12498890075077,Consumer Defensive,
4503,JP3942400007,,,JP3942400007,0.03636,0.04526,0.05396,0.0081,-0.035,-0.20513365950507,-0.271101942582087,-0.185511666920848,-0.156428982428186,0.0365,39163040,69779087360,21.008772,,1.4158821,-0.00312174817898023,0.00842105263157895,0.0301075268817204,0.0475669764898852,0.108796296296296,,,,1916,,,,,,Consumer Defensive,
6902,JP3551500006,,,JP3551500006,0.02764,0.03091,0.03767,0.3446,-0.003,-0.0891999038923594,-0.208123310687413,-0.0829325513196481,-0.170364996093314,0.0355,189675600,128200032256,12.0771475,12.816765,0.84310204,-0.00879396984924623,0.0102432778489117,0.00509554140127389,0.0313725490196078,0.131994261119082,,,,3945,,,,,0.942292965502605,Consumer Defensive,
4661,JP3198900007,,,JP3198900007,0.04008,0.03703,0.02192,0.09712,2.482,0.358064605266794,0.0931250670332777,0.154889425870982,-0.071304473460837,0.0369,131279820,59056926720,10.799181,14.0190735,0.78807545,-0.00962463907603465,0.00341296928327645,0.0238805970149254,0.0264339152119701,0.0865892291446674,,,,2058,,,,,0.770320592156108,Consumer Defensive,
8015,JP3635000007,,,JP3635000007,0.041789997,0.021879999,0.027290002,0.39762,0.074,0.247375387572302,-0.150357030015798,-0.198987203708393,0.315552226027397,0.0353,117029850,56370450432,8.834113,82.752815,0.9013447,-0.0100806451612903,0.0089041095890411,0.0137646249139711,0.0179682100898411,0.160756501182033,,,,1473,,,,,0.106753021030161,Consumer Defensive,
5020,JP3386450005,,,JP3386450005,0.0656,0.06145,0.10762,0.20299,0.213,-0.00341767992113052,-0.497300215982721,-0.442383190489356,-0.254263204874452,0.0411,52474900,93468573696,14.430123,,1.206155,-0.00487974904147787,0.0124113475177305,0.0145700071073205,0.0142095914742451,0.040831206707984,,,,2855,,,,,,Consumer Defensive,
5401,JP3381000003,,,JP3381000003,0.06506,0.11587,0.11535,0.22649,3.286,-0.416029241949348,-0.13053644825278,-0.0934230524904124,-0.0809602041450017,0.0499,1178585400,248828608512,14.770877,19.67772,1.3146262,-0.0078125,-0.00392156862745098,0.0438356164383562,0.101156069364162,0.186915887850467,-0.0551181102362205,-0.0551181102362205,-0.0551181102362205,3810,,,,,0.750639657439988,Communication Services,
1605,JP3294460005,,,JP3294460005,0.2787,0.18529,0.22097,0.01109,-0.028,-0.0980126246534756,-0.205369310438812,-0.181356051373395,0.255553190601394,0.0362,494267820,166742360064,18.448822,7.374341,7.641206,-0.00190294957183635,0.0334975369458128,0.0972803347280335,0.0972803347280335,0.148959474260679,0.239275500476644,0.239275500476644,0.239275500476644,1049,,,,,2.50175873342445,Industrials,
9022,JP3566800003,,,JP3566800003,0.21545,0.25821,0.25812998,0.05866,0.338,-0.0674413652342278,-0.105378198728451,0.405086168979168,0.447619226850125,0.0381,2652266826,208211542016,16.692934,16.916538,4.3828506,-0.000456621004566141,0.014835457852351,0.0458671356364619,0.0505519527247498,0.027699530516432,0.370488807674737,-0.0102025277904676,0.20907568143749,656.7,,,2.2,Buy,0.986781929021175,Financial Services,
6920,JP3979200007,,,JP3979200007,0.11412,0.046680003,0.083009996,0.28649,0.46,-0.0437799073129443,-0.26166738336025,-0.234015300518308,0.184059308358236,0.0554,1065089860,137783623680,20.668955,0.80266446,4.488147,-0.00413223140495868,0.0478260869565217,0.100456621004566,0.0904977375565611,0.324175824175824,-0.170124481327801,-0.253112033195021,-0.211618257261411,241,,,,,25.7504300115642,Industrials,
4452,JP3205800000,,,JP3205800000,0.082779996,0.07063,0.07142,0.12433,-0.432,-0.0784464123840737,-0.357562143428785,-0.13249464610484,-0.189233032945027,0.0494,307698750,172044353536,14.576735,13.227513,2.1443095,-0.00881057268722467,0.0109835247129306,0.0530421216848674,0.051948051948052,0.0310590631364562,0.283950617283951,0.135802469135802,0.218107012345679,2025,,,,,1.10200118495442,Industrials,
4543,JP3546800008,,,JP3546800008,0.0473,0.07854,-0.109680004,1.04006,,-0.114138152479671,-0.064751845801198,-0.140049802255749,-0.0055733954774268,,102797170,25115344896,46.281586,59.906544,6.7081785,0.0223285486443381,0.0388978930307942,0.0525451559934319,0.0439739413680782,0.00470219435736677,,,,641,,,,,0.772563110968311,Technology,
7269,JP3397200001,,,JP3397200001,-0.0066000004,-0.20045,0.51208997,0.07628,,1.29969578563531,-0.0340486615808243,-0.09034052200717,0.299473578299191,,3324555000,213897396224,,16.880486,4.486682,0.0858670230537922,0.122625215889465,0.121850189851571,0.114540466392318,0.195292386906951,0.538461538461538,0.169230769230769,0.353846153846154,3250,,,,,,Healthcare,
7013,JP3134800006,,,JP3134800006,0.07381,-0.21922001,0.21319,0.19986,-0.037,-0.485916880047272,-0.449750142628348,-0.316942408376963,-0.165505737259634,0.0114,1029425760,219401043968,,24.865116,7.7663755,-0.00112107623318386,0.00262565641410353,0.0348432055749129,0.0561043065981825,0.161164205039096,-0.176954732510288,-0.427609427609428,-0.295735129068462,2673,,,,,,Healthcare,
6326,JP3266400005,,,JP3266400005,0.073520005,0.02753,0.04453,0.34607,0.135,1.20145035692248,-0.249571603881531,-0.142836752600612,0.415983799545306,0.0445,3101889945,651127095296,15.218978,16.35294,2.9407022,-0.0299102495149288,-0.00545144804088594,0.0274550993625897,0.0462365591397849,0.122692307692308,0.301815690304899,-0.0750256937307296,0.0913718396711203,291.9,,,2.3,Buy,0.930656995011295,Industrials,
6361,JP3166000004,,,JP3166000004,0.0448,0.04473,0.0223,0.33788,0.255,0.73169720587016,-0.182576085388721,-0.0723687764472855,0.0017558669593112,0.0161,48831300,30188238848,12.6420145,,1.1999935,-0.00422119037568594,-0.0025369978858351,0.00254993625159371,-0.0100713386487621,0.0198875918720277,,,,2359,,,,,,Consumer Defensive,
9503,JP3228600007,,,JP3228600007,0.043730002,0.03148,0.051269997,0.18655,0.025,1.00858695239181,-0.196828074784063,-0.104729324634103,-0.0342458767361112,0.0165,2375655800,718111834112,17.093977,18.822254,1.5228626,-0.0339072847682119,-0.0455378173253075,-0.0568916472717869,-0.0522349272349272,0.0393274437161585,0.192761173567316,-0.0265972031806965,0.0865094598299973,3647,,,2.4,Buy,0.908179062932633,Consumer Defensive,
9735,JP3421800008,,,JP3421800008,0.020920001,0.0117999995,-0.03091,0.10109,,0.373224913087031,-0.192147701891355,-0.0883833865814697,-0.0368584088146493,0.0067,39123840,29960230912,69.93433,6.568282,1.5016149,0.00134318334452653,0.00471698113207547,0.0087956698240866,0.00404040404040404,0.000671140939597315,,,,1491,,,,,10.647278847041,Consumer Defensive,
4004,JP3368000000,,,JP3368000000,0.02803,0.02891,0.0583,0.40638,-0.937,0.419538036425813,0.0799869725427497,0.012886042764229,0.248582224010356,0.0182,303008200,83362381824,3.3818283,,0.79907215,-0.0112528132033008,-0.0237037037037037,-0.0229799851742031,-0.0208023774145617,0.0345368916797488,,,,1318,,,,,,Consumer Defensive,
8601,JP3502200003,,,JP3502200003,0.23072,0.16136,0.22247,,0.185,-0.0701694204098295,-0.412548859061711,-0.175304844556739,-0.0178636611303529,0.0135,2225680940,401062592512,31.94735,28.222126,8.856982,0.004642166344294,0.0303511208093632,0.0210340082563397,0.0578411405295316,-0.0125475285171103,0.232190989603389,0.155179052753177,0.193685021178283,2597,,,,,1.13199657601982,Consumer Defensive,
1925,JP3505000004,,,JP3505000004,0.05441,0.05184,0.07591,0.16774,0.184,-0.175763172247693,-0.347115798416079,-0.256982240665816,-0.296813121890547,0.0228,802366890,368046440448,21.644619,18.321026,1.7735006,-0.0159297789336801,-0.00099009900990099,0.00598205383848455,0.00231788079470199,0.0338114754098361,0.189296333002973,-0.141063759497853,-0.0116727122563594,3027,,,,,1.18140867219991,Consumer Defensive,
2503,JP3258000003,,,JP3258000003,0.03971,0.03891,0.06783,0.47077,2.993,0.161465135808136,0.0452118246310573,0.266065016113096,-0.0496514620052043,0.0219,2392775500,368632168448,16.555523,4.603539,0.33288512,-0.0138169257340242,0.0173719376391982,0.0325497287522604,0.0395994538006372,-0.0730519480519481,0.48861646234676,0.225919439579685,0.313485113835377,1142,,,1.5,Strong Buy,3.59625996434482,Consumer Defensive,
2502,JP3116000005,,,JP3116000005,,0.03822,0.03129,0.3414,0.764,6.63405574566406,-0.184615384615385,-0.0714140515817558,1.11532699241577,0.0546,106019380,20479131648,11.389429,,0.6297589,-0.0026857654431513,0.0036036036036036,0.00450856627592426,0.0154968094804011,0.0773694390715667,,,,1114,,,,,,Consumer Defensive,
7832,JP3778630008,,,JP3778630008,0.031659998,0.09427,0.083739996,0.17337,0.194,0.163832183051873,-0.19453461519978,-0.207873853447387,-0.0840198109010956,0.0256,2851144230,801637990400,18.691496,15.892413,1.3470944,-0.0189895470383275,-0.0131440588853838,-0.000177556818181818,0.00769506084466714,-0.0082775625220148,0.207600781388741,-0.289646599183094,-0.108506481974782,2815.5,,,3.7,Underperform,1.17612699846147,Consumer Defensive,
9101,JP3753000003,,,JP3753000003,0.04938,0.03384,0.07835,0.16913,0.512,0.406664910308833,-0.21903768872922,-0.21971798026263,0.111083970522864,0.0253,4224797280,1181202513920,33.670868,20.802294,1.5290117,-0.00320366132723112,0.0168067226890756,0.0232558139534884,0.00276243093922652,0.0857427716849452,0.216712580348944,-0.104683195592287,0.0571625344352617,4356,,,2.1,Buy,1.61861321640777,Consumer Defensive,
8697,JP3183200009,,,JP3183200009,0.02747,0.062179998,0.02372,0.16788,0.752,0.203080605523529,-0.311255099592033,-0.286864889607417,-0.180777410207939,0.0267,520425000,223406784512,7.142857,17.355486,0.92388904,-0.0183246073298429,0.00536193029490617,0.0135135135135135,0.00942126514131898,0.0176390773405699,0.213333333333333,-0.0666666666666667,0.0533333333333333,3750,,,,,0.41156191189345,Consumer Defensive,
1812,JP3210200006,,,JP3210200006,0.023599999,0.00939,0.02025,0.14804,-0.033,1.52252575930607,0.439886480908153,0.345753124188288,0.0419515099806252,0.0332,432634180,120981471232,26.383863,13.913295,0.99574566,-0.0167483660130719,-0.00496072757337743,0.00711297071129707,0.00166458593424886,0.0246913580246914,0.0386373078520981,0.0386373078520981,0.0386373078520981,2407,,,,,1.89630587147042,Consumer Defensive,
5713,JP3402600005,,,JP3402600005,0.03444,0.02313,0.04478,0.45995,-0.008,1.15669882484077,-0.332018262810361,-0.143166509042481,-0.0879431884662391,0.0296,3646313760,564344520704,16.835167,17.669119,1.0693567,-0.0340114431023522,-0.0276755719084946,-0.0270529854330078,-0.0104200586128297,0.0133377792597533,0.332675222112537,-0.0457387298453439,0.110562685093781,6078,,,3,Hold,0.952801721466701,Consumer Defensive,
9104,JP3362700001,,,JP3362700001,0.0337,0.03916,0.022149999,0.19846,-0.274,1.05491578146199,0.534887607587532,0.594242746468176,0.650986453992861,0.0346,348105930,55397416960,5.7803903,,0.74674684,-0.00301984469370147,0.00872981230903536,0.0312360553324409,0.0271111111111111,0.0900943396226415,,,,2311,,,,,,Consumer Defensive,
7012,JP3224200000,,,JP3224200000,0.02858,0.01912,0.022880001,0.3786,-0.009,-0.353835867008931,-0.610122503635356,-0.487742911883563,0.313180107185799,0.0401,327770800,86911492096,9.407248,12.088106,0.6644406,-0.0203498750446269,-0.00399274047186933,0.00993743099006257,-0.00399274047186933,0.0329528857440417,,,,2744,,,,,0.778223486789411,Consumer Defensive,
4507,JP3347200002,,,JP3347200002,0.042480003,0.018960001,0.0078100003,,-0.891,-0.285575898479124,-0.117513780392952,0.534152007965483,0.0603290676416819,0.034,57973180,23966834688,29.499882,,1.6259729,-0.00119808306709265,0.00643863179074447,0.00846774193548387,-0.0211350293542074,-0.0176747839748625,,,,2501,,,,,,Consumer Defensive,
8473,JP3436120004,,,JP3436120004,0.03424,0.01893,0.03233,0.36613,-0.039,2.51499461465592,-0.319103148663735,-0.267279151943463,-0.365852208421083,0.0312,687594750,282334101504,13.966481,17.653738,0.96070963,-0.016798418972332,-0.00698602794411178,-0.005,-0.005,0.0173824130879346,0.0452261306532663,0.0251256281407035,0.0385259296482413,4975,,,3,Hold,0.791134489477526,Consumer Defensive,
6504,JP3820000002,,,JP3820000002,0.18304001,0.1191,0.1611,0.0396,0.031,-0.320027504679831,-0.444138971650704,-0.276582495458001,-0.163272108114682,0.0409,351859200,157280567296,13.906447,17.460318,3.9633214,-0.00226757369614512,-0.00226757369614512,0.0352941176470588,0.0377358490566038,0.0551558752997602,0.113636363636364,0.113636363636364,0.113636363636364,440,,,2,Buy,0.796460121745778,Technology,
9502,JP3526600006,,,JP3526600006,0.0959,0.14251,0.15619001,0.93028,0.584,-0.170159266943197,-0.0800818883329189,0.17144621980797,-0.317274890692904,0.0735,608556480,84315848704,14.90411,16.190477,4.1147285,0.003690036900369,0.0149253731343284,0.0542635658914729,0.0187265917602996,0.101214574898785,0.25,0.25,0.25,272,,,,,0.920547924560839,Industrials,
6383,JP3497400006,,,JP3497400006,0.17989999,0.18889,0.26782,0.12468,-0.067,0.178882796165529,-0.379593700068478,-0.25435414285654,-0.609433342195439,0.013,1056810950,758702080000,40.32173,30.912462,11.707815,0.0105401844532279,-0.00104193800468872,0.0102739726027397,0.0359265262020529,0.0334141740770682,-0.348109517601043,-0.470664928292047,-0.405149934810952,3835,,,2.4,Buy,1.30438429653387,Communication Services,
1928,JP3420600003,,,JP3420600003,0.05985,0.03583,0.03433,0.74624,0.589,0.557634817719455,-0.238549348419032,-0.371022412128433,-0.261995070518965,0.0456,329223400,208913350656,10.4822645,18.652483,1.9979087,0.0154440154440154,0.0701932858596134,0.0935550935550936,0.0823045267489712,0.231850117096019,0.140684410646388,0.121673003802281,0.131178707224335,5260,,,,,0.561976896051855,Industrials,
9531,JP3573000001,,,JP3573000001,,0.12988,0.20062,,,-0.235156352324502,-0.485118036116723,-0.397839909401261,0.384156027376717,0.0124,5469119910,1181378805760,24.44843,24.745289,2.8988113,-0.0136300417246175,0.0175035868005739,0.049112426035503,0.0642256902761104,-0.0369364475828354,0.607445008460237,-0.0975747320924986,0.165632656514383,1773,,,2.2,Buy,0.988003413498222,Healthcare,
6988,JP3684000007,,,JP3684000007,0.03888,0.28841,0.19935,0.07139,2.316,0.269093130837043,-0.278824578467029,-0.184942619990486,-0.0143900146000521,0.0259,2693113545,235488378880,14.880744,26.7188,1.0920464,-0.0126066718386346,-0.00508110220832519,0.0198317307692308,0.0226998794696665,0.052947259565667,0.217835395796504,-0.186800235710077,0.00766057748968768,2545.5,,,2.5,Buy,0.556939084090603,Industrials,
8830,JP3409000001,,,JP3409000001,0.010570001,0.6287,-0.0297,0.28817,48.364,0.176121127004239,-0.250096596111808,-0.249299382989,-0.120107635581303,0.0216,1965348000,720670097408,76.3321,10.741063,1.4049737,-0.0319539025667889,-0.00618445818768486,0.00544069640914037,0.0016260162601626,-0.0404984423676012,0.128246753246753,-0.458874458874459,-0.252705627705628,1848,,,3.8,Underperform,7.10656850257745,Consumer Defensive,
7733,JP3201200007,,,JP3201200007,0.028770002,0.05402,0.13619,0.52869,1.142,0.114106043800647,-0.322851623237039,-0.305285144462306,-0.150159888266335,0.0385,8927707600,2354886213632,14.641688,11.253232,0.73847556,-0.0212765957446809,-0.0067859346082665,0.0148124803025528,0.00311526479750779,-0.0353505092869982,0.677018633540373,0.0372670807453416,0.276894409937888,1610,,,1.9,Buy,1.30110958345123,Consumer Defensive,
1802,JP3190000004,,,JP3190000004,0.055159997,0.078099996,0.12544,0.50194,1.649,0.264470087220844,-0.258262283627725,-0.223722243696536,-0.189137775281164,0.0267,8318132730,2257182261248,11.709694,16.561047,1.666656,-0.0152117545375972,0.00956937799043062,0.0264864864864865,0.0158701854493581,-0.0268192688759822,0.357556608741443,-0.104791995787256,0.041881692118659,2848.5,,,2.5,Buy,0.707062421838426,Consumer Defensive,
7453,JP3976300008,,,JP3976300008,0.02153,0.029660001,0.04324,0.2288,-0.64,0.610481159497944,-0.280278421197851,-0.0253368091305396,-0.0586364016939218,0.0124,1326460320,478993776640,41.321224,26.73077,1.8607764,-0.00969720957846824,0.0212244897959184,-0.0130177514792899,0.0228945216680294,0.19512777645092,,,,2502,,,,,1.54582991810561,Consumer Defensive,
7532,JP3639650005,,,JP3639650005,0.049850002,0.03613,0.057529997,0.16909,-0.207,-0.455172229019496,-0.133531453064937,-0.292750092776736,-0.173684065221112,0.0248,65248040,26315280384,8.460059,29.333334,0.9822325,-0.00819672131147541,0.0386266094420601,0.0408602150537634,0.0544662309368192,0.0925507900677201,,,,484,,,,,0.28841109571793,Consumer Defensive,
1801,JP3443600006,,,JP3443600006,0.028870001,0.02214,0.03928,0.47463,,0.128158286365941,-0.206267966110644,-0.220919881305638,-0.345059504983229,0.0188,2736266900,619594645504,34.72348,40.940674,1.7032139,-0.0151709951144253,0.01162176439514,0.0396308360477742,0.0202450719232818,-0.0085425834843386,0.344647519582245,-0.268929503916449,0.087467362924282,3830,,,2.3,Buy,0.848141386240979,Consumer Defensive,
9532,JP3180400008,,,JP3180400008,0.07603,0.06302,0.11209,1.89297,0.116,0.533479201705428,-0.279704868209637,-0.197244808120566,0.251939452052549,0.0112,844441110,69583388672,20.201868,15.055574,4.1193094,-0.0289645184648805,-0.0317689530685921,-0.0044543429844098,-0.0674547983310153,-0.108970099667774,0.565995525727069,0.118568232662192,0.416853094705444,1341,,,1.7,Buy,1.34181984692181,Consumer Defensive,
7186,JP3305990008,,,JP3305990008,0.045890003,0.049569998,0.09512,0.01087,0.056,-0.195694215208728,-0.21977580162912,-0.235188937072704,-0.0520807221320373,0.0266,3930732740,1394515378176,15.55188,13.604847,1.0297235,-0.0214657415437988,-0.00199026979212738,0.0127917414721724,0.0112032265292404,-0.0118239544558791,0.384888101041436,-0.0915134057168181,0.0682271216485707,4513,,,2.9,Hold,1.14311318605788,Consumer Defensive,
7735,JP3494600004,,,JP3494600004,0.03283,-0.1074,0.08005,0.45395,0.809,-0.466522618736324,-0.406511222818627,-0.359991836258674,-0.270810597646756,0.01,252719600,95438782464,,29.617239,1.3813093,-0.0147299509001637,0.0144927536231884,-0.00165837479270315,-0.0147299509001637,0.0350756533700138,-0.302325581395349,-0.302325581395349,-0.302325581395349,3010,,,4,Underperform,,Consumer Defensive,
9766,JP3300200007,,,JP3300200007,0.01279,0.013409999,0.03247,0.59236,0.953,0.171184330252383,-0.215662790891096,-0.0191563275434243,0.0674930296617285,0.006,137527920,43018293248,43.482025,,1.3362205,-0.00347394540942928,0.00049825610363727,0.00349825087456272,-0.00297914597815293,0.0229240957717779,,,,2008,,,,,,Consumer Defensive,
4307,JP3762800005,,,JP3762800005,0.02855,0.01878,0.04217,0.54791,-0.781,2.34578529920953,-0.175087643084196,0.0241584507559618,-0.0977434992626804,0.0285,674345350,192796344320,8.285164,4.005627,0.90921956,-0.0066006600660066,0.00620821394460363,0.00476871721506915,0.0139557266602502,0.135237068965517,-0.0507831039392501,-0.0507831039392501,-0.0507831039392501,2107,,,3,Hold,2.06838130459975,Consumer Defensive,
7309,JP3358000002,,,JP3358000002,0.03697,0.01763,0.04976,1.14175,0.715,-0.174689945392931,-0.213004361218701,0.00593349925463378,0.196382296959855,0.0139,1180401240,382880022528,34.364872,23.924139,1.5467772,-0.0180815876515987,-0.0213186813186813,0.0185269899359561,0.0131968145620023,0.10359355638166,0.36986301369863,0.0330114529530654,0.166147990119021,4453,,,1.7,Buy,1.43640997905923,Consumer Defensive,
9202,JP3429800000,,,JP3429800000,0.05475,0.04241,0.07283,,0.049,0.455554746272384,-0.152059696946623,0.0401578755247309,-0.270048212133387,0.0324,566841900,201501933568,19.646479,17.322433,1.3878648,-0.00732064421669107,-0.0102189781021898,0.0164917541229385,0.018018018018018,0.0398773006134969,0.0914454277286136,0.0471976401179941,0.0693215339233038,3390,,,2.5,Buy,1.13416394798583,Consumer Cyclical,
4684,JP3173400007,,,JP3173400007,0.02131,0.011410001,0.01994,0.1438,0.055,-0.327401078314905,-0.514770800615678,-0.133803859631805,0.510961470898232,0.0269,243697200,81431543808,25.974026,,0.7235276,0.00269541778975741,0.0122448979591837,0.0122448979591837,0.00953475105693222,0.0444909755785579,,,,3720,,,,,,Healthcare,
4188,JP3897700005,,,JP3897700005,0.090299994,0.12342,0.19261,0.0109,0.104,-0.310237610187044,-0.429400343233662,-0.377012794668203,-0.424886069601586,0.0298,1276966680,664603000832,14.347569,14.7246,1.6559151,-0.00904559719401883,0.00336448598130841,0.0162817114729269,0.0052434456928839,-0.0207722169427261,0.304023845007452,-0.0126676602086438,0.147127049180328,2684,,,2.3,Buy,0.974394482702416,Consumer Cyclical,
7270,JP3814800003,,,JP3814800003,0.060650002,0.05116,0.04976,0.0498,2.075,-0.137723521320495,-0.27307371680362,-0.24078027235922,-0.263763945681256,0.0367,29173760,38703992832,Infinity,,2.3055935,-0.00861244019138756,-0.00240731824747232,0.00974658869395711,0.0107317073170732,0.00436257876878333,,,,2072,,,,,,Industrials,
5706,JP3888400003,,,JP3888400003,-0.0555,-0.05895,-0.0037200002,1.2915,,0.0287283094295748,0.372396478959532,0.269008049337231,-0.246057822695337,0.0161,535546550,111290228736,,9.917817,2.399827,-0.0127084988085782,0.012214983713355,0.0358333333333333,0.0016116035455278,-0.00798084596967279,0.0539018503620274,-0.19549477071601,-0.0541317779565568,1243,,,3.7,Underperform,,Consumer Cyclical,
9697,JP3218900003,,,JP3218900003,0.03402,0.01891,0.04242,1.48315,0.309,-0.323565429527419,-0.298148722515149,-0.179926961862472,0.310864741652846,0.0144,394420380,93769646080,10.740977,8.765341,0.9310579,0.000424448217317487,0.0319614711033275,0.0636281588447654,0.0447695035460993,0.148635477582846,,,,2357,,,,,1.2253918016424,Consumer Cyclical,
3402,JP3621000003,,,JP3621000003,0.079959996,0.0294,0.09807,0.07176,-0.105,-0.226313898583453,-0.454214098940863,-0.462174867657161,0.28512319295414,0.0288,531912200,144381247488,15.197864,10.288268,1.735366,-0.0141732283464567,-0.0234009360374415,-0.0110584518167457,-0.0279503105590062,-0.0850337247367786,0.309904153354633,0.0223642172523962,0.120340798722045,3130,,,2.5,Buy,1.47720335434497,Consumer Cyclical,
5334,JP3738600000,,,JP3738600000,0.01208,0.008590001,0.0057099997,0.47027,-0.871,-0.127273981512506,0.225181326836372,0.862632658366793,0.507643022903844,0.009,1280179600,132980531200,38.1702,14.811864,1.9458103,-0.0187683284457478,0.00119688809096349,-0.00119402985074627,-0.0250582750582751,0.0188794153471376,-0.0735206216377765,-0.276748356246264,-0.141263239689181,1673,,,3.3,Hold,2.57700178721598,Consumer Cyclical,
8331,JP3511800009,,,JP3511800009,0.10248999,0.0881,0.13551,0.00026,-0.057,-0.193396940784492,-0.323803900081037,-0.328544553321664,-0.237685577557301,0.0081,3634071000,1045055012864,28.409294,32.932503,3.5708232,-0.00757575757575758,-0.0284301606922126,-0.0211706102117061,-0.0355828220858896,-0.0236024844720497,0.208651399491094,0.132315521628499,0.170483460559796,7860,,,,,0.862652134275977,Consumer Cyclical,
8593,JP3499800005,,,JP3499800005,0.105129994,0.0754,0.12962,0.15721,0.034,-0.246088557711855,-0.332650358966468,-0.245488424618859,-0.263375055395969,0.0269,1285092800,257161969664,14.577202,7.6499357,3.1525397,-0.00402144772117963,-0.0145888594164456,0.00337609723160027,-0.0171957671957672,0.00202292650033715,0.379542395693136,0.211305518169583,0.303835800807537,1486,,,1,Strong Buy,1.90553261774475,Consumer Cyclical,
9021,JP3659000008,,,JP3659000008,0.04513,0.024419999,0.054980002,0.24884,1.375,0.191328782174829,0.173233270794246,0.110837118754056,-0.190416666666667,0.0199,658487520,266041114624,17.241144,20.25765,1.1092042,-0.00316957210776545,0.0104417670682731,0.0231801545343636,0.0277777777777778,-0.00277447483154974,-0.125596184419714,-0.125596184419714,-0.125596184419714,2516,,,,,0.851092994498375,Consumer Cyclical,
4689,JP3933800009,,,JP3933800009,0.022550002,0.00922,0.011729999,0.47254,-0.271,1.19753063324291,0.176364528231847,0.217110384879582,-0.169339130434783,0.0414,281779850,90554507264,8.936536,7.3745914,0.7325664,-0.0124132895217233,0.00371057513914657,0.0207547169811321,0.0188323917137476,0.0607843137254902,,,,2705,,,,,1.21180083278919,Consumer Cyclical,
7167,JP3117700009,,,JP3117700009,0.08653,0.0251,0.05633,2.00077,10.433,1.28391927909633,0.227106722575409,0.190774867306518,0.0938527670063426,0.089,5138732500,250611056640,25,,3.554151,0.0236111111111111,-0.0027063599458728,0.0589080459770115,0.1,0.177316293929712,,,,36850,,,,,,Technology,
3563,JP3397150008,,,JP3397150008,0.05786,0.0385,0.048660003,0.14036,-0.07,0.188728048282434,-0.282220442014985,-0.249424896869692,0.405277808707271,0.0182,118632800,84645937152,9.460749,10.995563,1.071834,-0.013681592039801,-0.00998751560549313,0.0166666666666667,0.0089058524173028,0.0799438132164487,,,,3965,,,,,0.860415151093218,Consumer Defensive,
9201,JP3705200008,,,JP3705200008,,0,0.15917,0.19757,0.213,0.0979549336194691,0.71955030417337,0.377389287401744,0.176083448269391,0.02,196614000,57805975552,13.475743,8.676092,2.5109553,-0.00881057268722467,0.00446428571428571,0.0465116279069767,0.0321100917431193,0.102941176470588,,,,675,,,,,1.55320425371239,Industrials,
8136,JP3343200006,,,JP3343200006,0.052259997,0.04237,0.06745,0.61683,1.183,-0.45474216380182,-0.470304630987165,-0.507419702704417,-0.279290950380647,0.0325,372144800,124865798144,15.948843,12.394036,2.3398306,0.0143540669856459,0.0366748166259169,0.0354090354090354,0.053416149068323,-0.0514541387024609,,,,4240,,,,,1.28681593308265,Technology,
7272,JP3942800008,,,JP3942800008,0.0941,0.07526,0.15743,0.12741,-0.149,-0.464050696232091,-0.414890265672582,-0.418305151166669,-0.333276359882712,0.0264,1136118870,164782227456,12.658409,9.858473,2.6884968,-0.00712678169542386,0.015343306482547,0.056686626746507,0.0703598867771937,0.0592236894757903,0.159803551190026,-0.244427653947866,-0.0423120513789195,2647,,,,,1.28401315294975,Consumer Cyclical,
3436,JP3322930003,,,JP3322930003,0.01417,0.03768,0.03451,1.25907,0.443,0.184598961923396,-0.224816433306579,-0.171792732452279,-0.0691727104734105,0.0307,6516686880,1221729714176,11.862387,11.107958,1.0673041,-0.00271739130434783,0.0249607261302147,0.0231747691235407,0.00136425648021828,0.059927797833935,0.345367847411444,-0.114441416893733,0.0955137942779292,5872,,,2.4,Buy,1.06791788373705,Industrials,
4091,JP3711600001,,,JP3711600001,0.0145000005,0.012510001,0.00709,0.06169,-0.497,1.11621264121264,-0.171824654547355,-0.191800034582797,-0.175324067326505,0.0306,1049085050,412739829760,10.246027,14.654044,0.8499157,-0.0123819517313746,0.00706184463941793,0.0252723311546841,0.0266143106457243,0.0707622298065984,0.0624734381640459,-0.073523161920952,-0.00552486187845304,2353,,,,,0.69919450221386,Healthcare,
6586,JP3862400003,,,JP3862400003,0.07305,0.08465,0.12189,0.10577,0.264,0.475227450862311,-0.208009680303015,-0.112580178842265,0.00873781399265974,0.0151,6172769350,1535408734208,25.064365,25.75074,2.6703973,-0.0172209026128266,-0.0128243364151506,-0.00957510472770796,-0.0235988200589971,-0.0649717514124294,0.329305135951662,-0.0936555891238671,0.141490392749245,1655,,,2.2,Buy,0.973345426189694,Consumer Defensive,
6479,JP3906000009,,,JP3906000009,0.0672,0.08513,0.12911999,0.66233,0.168,-0.153460596276938,-0.319459896028848,-0.266247693697975,-0.248077011525973,0.0102,13811233280,4672319913984,35.46171,21.126093,6.0437107,-0.00989299414496265,0.00698151950718686,-0.0140731805388018,-0.035405192761605,-0.0561970746728253,0.48858075040783,-0.255709624796085,0.253350061174551,4904,,,1.8,Buy,1.67857397958061,Consumer Defensive,
4612,JP3749400002,,,JP3749400002,0.01135,0.086780004,0.04177,0.16293,-0.648,-0.0495784992905434,-0.283295776275495,-0.323742793791574,-0.202518405686723,0.0267,27075000,22894532608,9.861673,,0.9307183,-0.00793650793650794,0.00698174006444683,0.0146103896103896,0.0118726389638424,0.0605203619909502,,,,1875,,,,,,Consumer Defensive,
4523,JP3160400002,,,JP3160400002,0.050100002,0.047620002,0.08916,0.07205,0.317,1.84425649292822,-0.239574520670349,-0.182523174871415,-0.335072045961418,0.0146,1654699200,600600084480,24.510075,24.812786,1.8609502,-0.0335219851980845,-0.0192180251822399,-0.0231023102310231,-0.0451612903225806,-0.0295081967213115,0.306306306306306,-0.00900900900900901,0.145833333333333,4440,,,2,Buy,0.987800201073753,Consumer Defensive,
8113,JP3951600000,,,JP3951600000,0.026659999,0.033800002,0.051030003,0.05919,1.967,0.641593700787401,0.219341099837154,0.0917156808345356,-0.116745827004525,0.0252,1077748800,354527936512,49.749626,25.238155,1.2373344,-0.0119343610144207,0.0101677681748856,0.0263429752066116,0.0348958333333333,0.0740540540540541,0.107196779063915,-0.169602415702063,-0.0270088827377956,3974,,,2,Buy,1.97120692855718,Consumer Defensive,
7912,JP3493800001,,,JP3493800001,0.03832,0.04443,0.06509,0.30977,-0.207,3.66866007973652,-0.162498136943607,-0.121492962201487,-0.172758465858448,0.2184,1028774720,243465764864,18.415653,12.056611,1.2618012,-0.0164413591523566,-0.0162616480906267,-0.0235763511062749,-0.0191291674257606,0.0312200727829918,0.00297176820208024,0.00297176820208024,0.00297176820208024,2692,,,3,Hold,1.52743196243123,Consumer Defensive,
7202,JP3137200006,,,JP3137200006,0.04987,0.13611001,0.15948,0.00006,-0.113,0.308290965975753,0.0416830109214031,0.126151454298115,-0.110985985985986,0.0457,478485000,164530896896,17.667845,18.787575,1.2684888,-0.00190114068441065,0,0,-0.0131578947368421,-0.00190114068441065,0.295238095238095,-0.00952380952380953,0.174603142857143,5250,,,2,Buy,0.940400504056537,Consumer Defensive,
9107,JP3223800008,,,JP3223800008,0.03255,0.04473,0.06524,0.01338,2.934,-0.554506842850401,-0.292952380952381,-0.11990472949983,0.350490196078431,0.0199,25351200,24493678592,13.77403,12.9974165,0.67002916,0.00119426751592357,0.0153411384739604,0.0349794238683128,0.0161616161616162,0.0202839756592292,,,,2515,,,,,1.0597513744366,Consumer Defensive,
6841,JP3955000009,,,JP3955000009,0.04423,0.036930002,0.03602,0.49471,0.225,0.402335028397273,-0.424287042607887,-0.300286777716761,-0.328345946879227,0.0335,2841949500,553864134656,20.243656,9.379111,1.922913,-0.00807899461400359,0.00775193798449612,0.0179640718562874,0.0317460317460317,0.00158622252435985,0.131221719457014,-0.0497737556561086,0.0369532579185521,2210,,,,,2.15837684403138,Consumer Defensive,
5411,JP3386030005,,,JP3386030005,0.01924,0.01933,0.061189998,1.24339,,-0.300794452003687,-0.315053283947471,-0.244475753050241,-0.179213604735469,0.0129,315229880,128092856320,40.486435,32.688824,1.5057862,-0.00688389169343736,-0.00642791551882461,-0.0212573496155586,-0.0114207400639561,0.0169172932330827,-0.0757855822550832,-0.0757855822550832,-0.0757855822550832,2164,,,,,1.23854057888409,Consumer Defensive,
5333,JP3695200000,,,JP3695200000,0.09099,0.13387999,0.16639,0.00574,0.225,0.875812568259764,0.0331291822615403,0.0098688936385871,-0.167414536325812,0.0226,4792259290,925103357952,13.642606,15.3932495,1.7614731,-0.0236638925097764,-0.0296960637767813,-0.0267866066966517,-0.0368941641938675,-0.0605885190545104,0.468624833110814,-0.12293314162473,0.199376912806819,9737,,,2.8,Hold,0.886271998644601,Consumer Defensive,
8354,JP3805010000,,,JP3805010000,0.03425,0.058870003,0.07285,0.34874,0.205,-0.124366070798423,-0.170586593796564,-0.107737480437651,-0.184953142869532,0.0238,3420082085,843542560768,18.832373,14.230118,1.6064876,-0.0160454621427378,-0.0175233644859813,0.00204255319148936,0.00925767186696383,0.0204541514993933,0.596738576524546,-0.116697808731102,0.0976162051978936,2943.5,,,2.5,Buy,1.32341650294116,Consumer Defensive,
9962,JP3885400006,,,JP3885400006,0.07413,0.16726999,0.31737,0.3791,0.446,0.119268390400446,-0.267180508934006,-0.259147094888463,-0.371030229917028,0.0395,23020655460,12225112702976,20.53377,22.868721,2.7823842,-0.00433776749566223,0.0156342182890855,0.0288360974152099,0.0417549167927383,-0.0204836415362731,0.219866395585245,-0.114144641301191,0.0502580598315423,6886,,,1.9,Buy,0.897897613075957,Consumer Defensive,
9147,JP3688370000,,,JP3688370000,0.0323,0.020380002,0.027679998,0.54374,-0.361,-0.400311986863711,-0.549217453697475,-0.430989421281892,-0.124100156494523,0.0442,174159700,47047249920,8.84181,13.557884,0.7903857,-0.0177151120751988,-0.0148658448150834,-0.000735564545788893,-0.00730727073438071,0.00941072707150008,0.324990798675009,0.324990798675009,0.324990798675009,2717,,,,,0.65215265154946,Consumer Defensive,
1878,JP3486800000,,,JP3486800000,0.0416,0.04033,0.07029,0.13068,,-0.339305711086226,-0.530201342281879,-0.355253308991328,-0.175440276669327,0.0151,24800400,25064247296,18.656927,16.301146,0.89270115,-0.00598802395209581,0.0035264483627204,0.0142566191446029,0.00656897422940879,0.0321243523316062,,,,1992,,,,,1.14451628124796,Consumer Defensive,
2768,JP3663900003,,,JP3663900003,0.030350002,-0.00331,0.07769,0.73052,,-0.42802283390826,-0.418079233129678,-0.231550187522684,-0.0331058459549607,0.0057,182812000,48825294848,,-140,1.4715713,-0.00568181818181818,-0.00568181818181818,0.0355029585798817,0.0204081632653061,0.0447761194029851,0.142857142857143,0.142857142857143,0.142857142857143,350,,,,,,Consumer Defensive,
7701,JP3357200009,,,JP3357200009,0.02438,0.0081400005,0.00095,0.96947,,0.495353421571388,0.340117281821318,0.258374882091362,0.872231411468179,0.0204,60260690,25729044480,23.420616,12.25,1.030563,-0.00879507475813545,-0.00353669319186561,0.00177777777777778,-0.000886524822695035,0.0199095022624434,,,,1127,,,,,1.91188702040816,Consumer Defensive,
7259,JP3102000001,,,JP3102000001,0.04323,0.03549,0.066199996,0.16966,0.11,0.323675804175024,-0.115468409586057,-0.134232065479056,0.082514435695538,0.0239,24223610,15196742656,11.324806,14.170561,0.7532412,-0.00246710526315789,-0.000823723228995058,0.0176174496644295,0.019327731092437,0.0927846207512701,,,,1213,,,,,0.799178381152306,Consumer Defensive,
5019,JP3142500002,,,JP3142500002,0.02559,0.42075002,0.54033,0.96997,-0.078,2.80515953835709,-0.32235823835655,0.0739657084364072,0.0888705575032653,0.0659,122457600,38338904064,14.7710495,,0.9474349,-0.00654205607476636,-0.0129990714948932,0.00283018867924528,-0.00561272217025257,-0.0345140781108084,,,,106300,,,0,Strong Buy,,Real Estate,
7550,JP3429300001,,,JP3429300001,0.01809,-0.52906,0.55876,1.08968,,2.3440200114649,-0.330504662268911,-0.114696197392756,-0.204256532066508,0.0564,198135000,49045393408,,47.16981,1.079673,0.00478468899521531,-0.00756143667296786,0.0184287099903007,0.00574712643678161,-0.00527559194983747,,,,105000,,,,,,Real Estate,
6532,JP3835250006,,,JP3835250006,0.050869998,0.077470005,0.14995,2.87487,0.884,-0.286165767103597,-0.205441204686952,0.149809885931559,-0.204759178291346,0.0359,280489500,53947916288,7.9874177,,1.436738,-0.00628930817610063,0.0356882738528769,0.0455882352941176,0.0128205128205128,-0.0878768441308531,0.476793248945148,0.476793248945148,0.476793248945148,1422,,,,,,Real Estate,
2801,JP3240400006,,,JP3240400006,0.01811,0.41147,0.48435003,0.83421,-0.115,1.08240387437628,-0.356957007611698,-0.108340835672298,0.570565702607561,0.0546,283179200,71731503104,19.230768,,0.9160877,-0.014985014985015,-0.0100401606425703,-0.00202429149797571,-0.00804828973843058,-0.068932955618508,0.0953346855983773,0.0953346855983773,0.0953346855983773,98600,,,,,,Real Estate,
6506,JP3932000007,,,JP3932000007,0.087,0.08011,0.21348,1.70032,,-0.259488738639856,-0.528412650184366,-0.436948500753521,0.0139717237139989,0.0085,523943860,37881561088,20.704535,15.236552,2.3033664,0.00901287553648069,0.0221739130434783,0.0594862550698513,0.0164288802421098,-0.0762278978388998,0.318587834963845,0.318587834963845,0.318587834963845,2351,,,,,1.35887272921065,Real Estate,
4528,JP3197600004,,,JP3197600004,,0.45931998,0.56261003,0.98514,-0.003,2.61797041086381,-0.301653028952762,-0.00117737394420269,0.232245754626979,0.0652,216595200,35813470208,14.880952,,0.8861723,-0.0282722513089005,-0.0282722513089005,-0.0148619957537155,-0.0262329485834208,-0.0559511698880977,,,,92800,,,,,,Real Estate,
6856,JP3853000002,,,JP3853000002,0.02784,0.18649,0.17639999,0.06497,0.654,0.499062662039807,-0.448071947763952,-0.39689197725837,-0.40249343832021,0.0192,87562500,98904809472,13.020833,,0.99016833,0.0245901639344262,0.0611205432937182,0.0787021056265102,0.0768435561681599,0.0702054794520548,,,,3125,,,,,,Industrials,
4204,JP3419400001,,,JP3419400001,0.03422,0.1415,0.25898,2.32092,0.149,0.245607920431501,-0.376984722013962,-0.360265448520753,-0.351033858832173,0.0385,3026121000,1321216376832,11.061666,12.773455,1.3946532,-0.0133257726112844,0.00403923831506059,-0.000287273771904625,-0.00684931506849315,0.0101596516690856,0.270114942528736,0.0344827586206897,0.128078850574713,1740,,,2.7,Hold,0.86598856769762,Real Estate,
2702,JP3750500005,,,JP3750500005,0.061290003,0.083859995,0.060060002,0.09746,0.288,-0.242531183449954,-0.353687965585983,-0.283877246480244,-0.0299158844325247,0.0384,42264600,21861347328,9.33716,,0.9384372,-0.00382775119617225,0.0136319376825706,0.0451807228915663,0.0306930693069307,0.075968992248062,,,,2082,,,,,,Basic Materials,
2269,JP3918000005,,,JP3918000005,0.06745,0.0292,0.08347999,0.62252,0.617,-0.229960506306957,-0.244859784716136,-0.201762300860003,0.103480698794993,0.023,259188660,88269709312,11.90452,7.1790953,1.4850217,-0.0142677297524129,0.0177642980935875,0.0682128240109141,0.0706472196900638,0.146412884333821,-0.191145168156662,-0.191145168156662,-0.191145168156662,2349,,,,,1.65822008241066,Healthcare,
3659,JP3758190007,,,JP3758190007,0.03326,0.041810002,0.0956,0.60783,3.468,-0.216252370040363,-0.509305573793976,-0.42133166660539,0.551464557703573,0.0281,326710800,101606375424,18.148624,,0.8995869,0.00595238095238095,0.0368098159509203,0.027355623100304,-0.0245310245310245,-0.0451977401129944,,,,3380,,,,,,Basic Materials,
3003,JP3360800001,,,JP3360800001,0.095649995,0.05066,0.06998,0.14318,-0.423,0.201875107357038,0.0735188135897756,0.449933132359808,0.255248090442808,0.0105,8174115870,673684127744,19.841892,29.583088,3.9090154,-0.0337257397391028,-0.0407454200884397,0.0241106052942168,-0.0228442728442728,0.084449205499018,0.613434310174514,-0.0945011524530787,0.101415870925255,3037,,,2.6,Hold,0.670717404484616,Consumer Defensive,
6448,JP3830000000,,,JP3830000000,,0.076630004,0.13449,0.21778,0.139,-0.532240056541736,-0.404844071218311,-0.464743003967017,-0.182851022272627,0.0195,1152568200,137971384320,17.391048,24.282017,3.8656356,0.00510204081632653,-0.00168918918918919,0.0497335701598579,0.053475935828877,-0.105474340240322,0.692047377326565,0.0152284263959391,0.319796954314721,5910,,,1.7,Buy,0.716211013277851,Healthcare,
2875,JP3613000003,,,JP3613000003,0.18093,0.09701,0.14508,0.17301,0.239,-0.187747719827513,-0.334188135633833,-0.175824530924253,-0.193604934031653,0.0186,3661048000,968611790848,27.395353,32.364056,8.020324,-0.00880503144654088,-0.00126742712294043,0.033307107264621,0.0548862115127175,0.0306042375098091,0.319796954314721,-0.142131979695431,0.0899861421319797,1970,,,3.1,Hold,0.846474650766888,Consumer Cyclical,
3088,JP3869010003,,,JP3869010003,0.04699,0.14039999,0.10113,0.00673,-0.43,-0.0358073680997442,-0.442071917394143,-0.381612362688512,-0.262671854197278,0.0465,306297600,160351518720,13.4411,8.612304,1.3629426,-0.0066006600660066,0.0144927536231884,0.0117647058823529,0.0172355525515377,0.0245064669843431,,,,3010,,,,,1.56068573519931,Industrials,
6645,JP3197800000,,,JP3197800000,0.0255,0.06239,0.13268,0.83507,-0.05,-0.124874724393666,-0.299677379466945,-0.293966502372075,-0.160104765260212,0.021,3357886350,650942087168,23.641521,20.966982,1.5903693,-0.0147765053564832,0.0121442125237192,0.0230149597238205,0.0257692307692308,-0.0854702715083803,0.0498687664041995,-0.250093738282715,-0.0757405324334458,2667,,,3,Hold,1.12755956007403,Consumer Cyclical,
9684,JP3164630000,,,JP3164630000,0.05104,0.04856,0.08866999,0.01753,0.355,-0.0713936848274683,-0.420970029626273,-0.332220046934357,-0.319391038979054,0.0184,314876600,137203015680,19.120403,21.28145,1.2856234,0.00461538461538462,0.00153374233128834,-0.00305343511450382,-0.00457317073170732,0.0574986586980614,0.0107197549770291,0.0107197549770291,0.0107197549770291,3265,,,,,0.898453958729316,Consumer Cyclical,
9005,JP3574200006,,,JP3574200006,0.07574,0.05092,0.07427,0.00282,0.164,0.281973918068829,0.0239731724614967,0.0833228113637272,-0.103526176858777,0.0221,4270241790,994705080320,18.08366,18.211277,1.8526006,-0.0101761252446184,-0.00256359692368369,0.0224378411158278,-0.000395256916996047,0.0324556031843233,0.482799525504152,-0.0431000395413207,0.20007908264136,2529,,,1.8,Buy,0.992992418928118,Healthcare,
5332,JP3596200000,,,JP3596200000,0.084300004,0.075289994,0.109680004,0.01872,0.272,-0.289687877923172,-0.667745415318231,-0.614551697932646,-0.607322836651763,0.0072,162056160,83321462784,34.48446,17.174446,3.6448586,-0.00178507675830061,-0.00886210563629919,-0.00320855614973262,-0.00886210563629919,0.0833010461061604,-0.186337625178827,-0.186337625178827,-0.186337625178827,2796,,,,,2.00789358795038,Consumer Cyclical,
9843,JP3756100008,,,JP3756100008,0.25377,0.21019,0.31862,0.20357,0.052,-0.16071391240203,-0.387721564690232,-0.315713156064518,-0.454211634920858,0.0344,2875032020,1011603275776,21.45891,6.790953,10.391236,0.000861326442721792,0.00562527044569451,0.0430879712746858,0.0501581563488477,0.0117544623421855,0.462994836488812,-0.242685025817556,0.0664169535283993,1162,,,2.9,Hold,3.15992615469434,Consumer Cyclical,
5406,JP3289800009,,,JP3289800009,,0.14458999,0.14643,0.12073,0.23,0.555002054443438,-0.16308022178669,-0.202877196762158,0.169374392049808,0.0182,7230567040,1143656022016,15.408349,20.41246,1.9226876,0.000911023382933495,0.0335528378802132,0.0460171374166931,0.0557335041639974,-0.0884955752212389,0.304611650485437,-0.271844660194175,0.145159071601942,3296,,,2.3,Buy,0.754850174844188,Consumer Cyclical,
7747,JP3110650003,,,JP3110650003,0.0299,0.02954,0.064619996,1.02185,0.951,-0.102618614551591,-0.47953424627969,-0.442848152973128,-0.126274805701855,0.0243,708030240,145427382272,13.004024,13.762004,0.682504,-0.00543150271575136,0.0332288401253919,0.017283950617284,0.0104230533415083,0.0104230533415083,0.516990291262136,0.0922330097087379,0.304611650485437,1648,,,,,0.944922265681655,Basic Materials,
4186,JP3571800006,,,JP3571800006,0.07873,0.12276,0.18843001,0.0037,0.186,0.0280258185344972,-0.574973966053254,-0.446254453403338,-0.373616622574956,0.0258,325682500,109582483456,19.53125,8.373267,2.0873516,0.00154083204930663,0.015625,0.0108864696734059,-0.0284005979073244,-0.123989218328841,0.969230769230769,0.969230769230769,0.969230769230769,3250,,,,,2.33257222061592,Consumer Cyclical,
6869,JP3351100007,,,JP3351100007,0.037720002,0.04617,0.07981,0.3652,,0.174244477897169,-0.216631810059537,-0.211235829886433,-0.151645061806385,0.0148,1876771945,380497231872,15.847866,22.292906,1.1961259,0.0272037115141291,0.0800443458980044,0.0897091722595078,0.0550140784058913,-0.0236520344758469,0.519195237117635,0.149661260521454,0.334428248819544,2435.5,,,,,0.710892783560833,Industrials,
9508,JP3246400000,,,JP3246400000,0.0312,0.07892,0.07581,0.05396,-0.225,0.159898710865562,-0.311150363616111,-0.157355568790947,-0.309523809523809,0.0058,313677200,177849171968,14.471817,,1.3214911,0.0125223613595707,0.0491195551436515,0.0659133709981168,0.0281562216167121,0.113077679449361,,,,11320,,,,,,Industrials,
6845,JP3937200008,,,JP3937200008,0.0585,0.0223,0.024600001,0.21659,-0.167,0.502675539395603,1.50526952837937,1.08785313239779,-0.0168580873308734,0.0294,1511317540,319713968128,10.319783,12.506694,1.9003296,-0.0118984664198837,0.00673491379310345,0.00863697705802969,0.00511027434104357,0.000535475234270415,-0.0634198554990634,-0.0634198554990634,-0.0634198554990634,3737,,,,,0.825140760619873,Technology,
3391,JP3536150000,,,JP3536150000,0.06099,0.35814,0.23341998,0.26786,0.842,0.131364759961144,-0.321419194279728,-0.251726942445429,0.0632966793941371,0.0091,14757265600,560638853120,13.422818,10.391012,3.1631432,0.0709318497913769,0.0679611650485437,0.0864197530864198,0.00489396411092985,0.0555174777244688,0.948051948051948,0.0714285714285714,0.57323237012987,3080,,,1.8,Buy,1.29177196600293,Consumer Cyclical,
6113,JP3122800000,,,JP3122800000,0.02996,0.01018,0.030079998,0.33826,-0.189,-0.0737865312551978,-0.474842885919712,-0.390345312326381,-0.337887755045967,0.0385,1176399000,399572402176,17.182697,8.069637,0.81208473,-0.0141062376019396,0.0056205035971223,-0.0031201248049922,0.00970654627539503,0.0172845121673869,0.251956181533646,-0.105745584618824,0.0356583948133244,2236.5,,,3.5,Hold,2.12930234656156,Consumer Cyclical,
4042,JP3595200001,,,JP3595200001,0.047519997,0.025339998,0.04196,0.33573,1.145,0.534166001292727,-0.120259317135966,-0.0189880925224691,-0.173223407694795,0.0196,3439357040,729965789184,26.316467,14.961206,2.5456243,0.0388818297331639,0.0679205851619645,0.0869449614464238,0.15122500704027,0.103373819163293,,,,4088,,,,,1.75898032551654,Technology,
4732,JP3944130008,,,JP3944130008,0.03337,0.01763,0.030150002,1.30094,-0.387,-0.253684943988851,-0.45422114341406,-0.345528963674606,-0.185598130225821,0.0382,76286400,34586652672,10.570922,10.379428,1.0359938,0.00144927536231884,0.00582241630276565,0.022189349112426,0.0206794682422452,0.0647149460708783,0.186685962373372,0.186685962373372,0.186685962373372,3455,,,1,Strong Buy,1.01844937890604,Consumer Defensive,
7261,JP3868400007,,,JP3868400007,0.06091,0.03418,0.05485,0.00881,0.063,-0.0880015405083678,-0.475919660211648,-0.41819791897277,-0.444703526082722,0.0291,199947000,213187477504,12.547051,,1.3814635,-0.0149253731343284,-0.0134529147982063,-0.00302114803625378,-0.0119760479041916,0.0107197549770291,,,,3300,,,,,,Healthcare,
6806,JP3799000009,,,JP3799000009,0.17712,0.14563,0.23301001,0.17117,0.105,-0.157822747518676,-0.378318958227634,-0.280457878198414,-0.022217519106408,0.0536,89616440,56099799040,11.454743,10.575415,2.894128,-0.00573770491803279,0.00165152766308836,0.0120984564038381,0.00873180873180873,-0.0146222583265638,,,,2426,,,,,1.08314832089332,Utilities,
3626,JP3104890003,,,JP3104890003,0.0075499997,0.011390001,0.0040599997,0.04809,-0.482,-0.217141599735945,-0.38872223737236,-0.23992745601432,0.0223837121555132,0.0429,94688640,77744537600,10.717804,,0.68523777,-0.0109090909090909,0.0124069478908189,0.0388287714831318,0.0290037831021438,0.0375079465988557,,,,1632,,,,,,Healthcare,
9602,JP3598600009,,,JP3598600009,0.083780006,0.07113,0.07633,0.01974,0.893,0.892769547728834,0.735363499892773,0.62662903908565,0.283700658520803,0.0153,322255500,68918452224,13.587182,,1.9552443,-0.00457317073170732,0.0847176079734219,0.0971102150537634,0.0757825370675453,0.0775577557755776,,,,3265,,,,,,Industrials,
9435,JP3783420007,,,JP3783420007,0.00987,0.00312,-0.0019,0.88647,,-0.679305316187193,-0.607514024876295,-0.463456721402728,-0.560024007030631,0.0253,15348960,17611909120,18.692472,,0.8492824,0.00763358778625954,0.0193050193050193,0.0421052631578947,0.0206185567010309,0.0127877237851662,,,,792,,,,,,Healthcare,
4183,JP3888300005,,,JP3888300005,0.04443,0.01854,0.05037,1.308,14.604,0.271193198809507,-0.0915317683133227,-0.033338504980296,0.202302670117477,0.0255,619981400,165613420544,21.551409,18.921871,1.6911063,0.0333333333333333,0.130518234165067,0.105065666041276,0.16403162055336,0.335600907029479,,,,5890,,,,,1.1389681813178,Technology,
5101,JP3955800002,,,JP3955800002,0.05644,0.045739997,0.075440004,0.45948,0.233,2.21771424195838,1.35817891917832,1.27762490638708,0.514381604607919,0.0274,711156510,165828182016,16.80601,19.026062,1.7308574,-0.0121082621082621,0.0183553597650514,0.0491679273827534,0.0452147701582517,0.245062836624776,0.0454217736121125,0.0454217736121125,0.0454217736121125,1387,,,,,0.883315212575256,Industrials,
4021,JP3670800006,,,JP3670800006,0.056350004,0.03855,0.05609,0.02532,0.565,0.190694521542337,-0.137974037963987,-0.103698950836729,1.23496915162551,0.0251,374106790,68213501952,15.575384,5.644049,1.2263486,-0.00502933780385583,0.0321739130434783,0.0384951881014873,0.0330722367275892,0.168307086614173,,,,1187,,,,,2.75961176098932,Industrials,
4768,JP3188200004,,,JP3188200004,0.063200004,0.025969999,0.04634,0.31554,0.684,0.0270668485675307,0.281237850866962,0.628409947249435,1.1291331702202,0.0111,116167800,20411054080,22.37041,14.899268,2.386978,-0.0139393939393939,0.0343293070565798,0.0633986928104575,0.016875,0.130646282140375,,,,1627,,,,,1.50144356085145,Consumer Defensive,
2587,JP3336560002,,,JP3336560002,0.03773,0,0.02489,,-0.138,-0.202702702702703,-0.371851851851852,-0.11345962113659,0.11866902237927,0.0432,19616930,35006017536,16.528175,,1.576699,0,0.00712025316455696,0.0224899598393574,0.0184,0.0200320512820513,,,,1273,,,,,,Healthcare,
6724,JP3414750004,,,JP3414750004,0.06883,0.023729999,0.03838,1.37051,0.604,-0.186227778096426,-0.0494010852059006,-0.03364588643502,-0.390607532676763,0.0155,1665547950,228042440704,13.105965,15.31617,2.6894023,-0.00308430431802605,-0.0155668358714044,-0.00205831903945112,-0.0138983050847458,-0.156811594202899,1.16569267789618,0.0312822275696116,0.497078033688553,2909,,,,,0.855694667792274,Consumer Cyclical,
9041,JP3260800002,,,JP3260800002,0.04414,0.03974,0.065570004,0.70461,0.324,-0.257844649617094,-0.460889461899688,-0.463127926560011,-0.378174104691484,0.0083,2998136820,741850021888,38.912083,62.347095,3.8086567,-0.0045773573390296,-0.0139056831922612,-0.0118146016358679,-0.0317601662214307,0.0512407347728005,0.226241569589209,-0.386879215205396,-0.0374003678724709,3262,,,3,Hold,0.624120225649647,Consumer Cyclical,
9024,JP3417200007,,,JP3417200007,0.04188,0.08349,0.10744,0.10852,0.337,0.243408728231458,-0.505789489302353,-0.393591880850752,-0.442023910486143,0.0323,132761850,129158840320,13.298016,,0.9539268,-0.00501756146512795,0.00813421453990849,-0.00701051577366049,-0.00301659125188537,0.00506842372022301,,,,1983,,,,,,Consumer Cyclical,
3086,JP3386380004,,,JP3386380004,0.0054,-0.0051200003,-0.0029499999,0.2828,,-0.333395566770958,-0.353099036224659,-0.346411908039076,0.635520104623483,0.019,314937680,174172094464,,56.82432,0.8465176,-0.00825471698113208,-0.0175233644859813,-0.00237247924080664,-0.00237247924080664,0.0625663576505397,0.0107015457788347,0.0107015457788347,0.0107015457788347,841,,,,,,Consumer Cyclical,
2413,JP3435750009,,,JP3435750009,0.02517,0.45327,0.50244,1.11011,0.097,3.5883766391355,-0.0361399828358921,0.167449392712551,-0.00453735932399741,0.0419,984127500,288237715456,45.045048,6.0410047,1.8855333,-0.0112262521588946,-0.0188517566409597,-0.0137812230835487,-0.023037542662116,-0.0161155387552868,0.337117903930131,0.0305676855895197,0.197707423580786,114500,,,3.3,Hold,7.45654907369961,Real Estate,
6965,JP3771800004,,,JP3771800004,0.028889999,0.08158,0.13367,2.11464,-0.361,0.638479475888809,-0.0978636135619227,-0.0352924943622558,0.00482508621457763,0.0484,3368419600,777330425856,9.41639,2.052647,0.97213393,-0.0151515151515152,0.00408254690154146,0.00886917960088692,-0.00741708975077378,0.00931679751721759,0.351648351648352,-0.010989010989011,0.192407692307692,910,,,2.3,Buy,4.58743758668685,Real Estate,
3289,JP3569200003,,,JP3569200003,0.02071,0.52557,0.6012,0.9443,-0.037,5.90211221066188,0.312198483804273,0.419156441717791,-0.125494879077373,0.0511,861715200,227975462912,19.15709,24.991812,1.1293403,-0.0138211382113821,-0.0225624496373892,-0.0296,-0.0365369340746624,-0.0441292356185973,0.236603462489695,0.0717230008244023,0.175597691673537,121300,,,3,Hold,0.766534655430347,Real Estate,
2267,JP3931600005,,,JP3931600005,0.07058,0.07096,0.15626,0.96606,1.08,0.679666467027568,0.0790405484923228,0.0141615886625874,0.402027527641628,0.0587,362980900,54859239424,11.300021,,1.6095308,-0.00999091734786558,0.00646352723915051,0.0205992509363296,0.010194624652456,0.013953488372093,,,,1090,,,,,,Real Estate,
1911,JP3409800004,,,JP3409800004,0.024719998,0.44316003,0.51988,1.18829,0.248,0.236677020111056,-0.24367197770292,-0.0215076717811874,-0.241038593028774,0.059,1008513000,339319455744,16.233767,20.572315,1.3703787,-0.00959409594095941,-0.0168498168498169,-0.0117820324005891,-0.0139603232916973,-0.0303468208092486,0.289120715350224,0.102831594634873,0.184798807749627,134200,,,2,Buy,0.789107448529735,Real Estate,
6465,JP3845770001,,,JP3845770001,0.02575,0.44561002,0.49659002,0.9961,0.266,2.99981400071336,-0.108838796060234,0.032446609576233,-0.180291934399006,0.0466,1414111500,397896122368,22.321428,12.47909,1.616347,-0.0203651685393258,-0.0210526315789474,-0.0244755244755245,-0.0305767894371091,-0.043865661411926,0.376344086021505,0.139784946236559,0.271889462365591,139500,,,2.7,Hold,1.78870638804592,Real Estate,
5929,JP3344400001,,,JP3344400001,0.020380002,0.46251,0.54929,0.98467,0.223,0.00235646603010048,-0.116384227857885,0.0717608312324215,-0.0534029982594703,0.0499,739180000,308921335808,19.493177,7.427044,1.148966,-0.00914634146341463,-0.00763358778625954,-0.00459418070444104,-0.0144048521607278,-0.0793201133144476,0.307692307692308,0.130769230769231,0.216666692307692,130000,,,,,2.62462118172452,Real Estate,
4704,JP3637300009,,,JP3637300009,0.02118,0.60415,0.51084,0.88241,0,1.76403275684343,-0.474032578363498,-0.316137360904243,-0.062737277761235,0.053,1952004600,636179120128,20.53388,26.483347,1.4155934,-0.00970873786407767,-0.00599700149925038,0.000754716981132075,-0.0045045045045045,-0.0323349764771333,0.319758672699849,0.085972850678733,0.21078431372549,132600,,,1.8,Buy,0.77535063827091,Real Estate,
7459,JP3268950007,,,JP3268950007,0.021659998,0.40478,0.49363,1.15698,0.09,-0.0100100221212616,-0.300818620959458,-0.229851326653618,-0.374007466496561,0.0441,647521800,234944806912,50,8.393013,1.3898302,-0.0062047569803516,-0.0143589743589744,-0.0102986611740474,-0.0203873598369011,-0.0283114256825076,0.269510926118626,0.196670135275754,0.238293444328824,96100,,,3,Hold,5.95733617951027,Real Estate,
7729,JP3580200008,,,JP3580200008,0.022880001,0.43245998,0.47377998,0.72955,-0.058,1.60056069718075,-0.43549789654281,-0.121655451657407,-0.00492128132378331,0.046,1374692800,711396294656,24.038462,9.652916,1.4325062,0.00236406619385343,0.004739336492891,0.00952380952380953,0.00593119810201661,-0.0396375990939977,0.273584905660377,-0.0212264150943396,0.163207547169811,84800,,,2.1,Buy,2.4902798283959,Real Estate,
2897,JP3675600005,,,JP3675600005,0.02239,0.42242,0.52091,0.71792,0.431,0.550056120067145,-0.287004286416494,-0.0478210116731517,-0.0414223541048467,0.0567,409035300,138432577536,19.455252,21.431162,0.9460776,0.00127118644067797,-0.00126796280642435,0.0154705629565965,0.0038232795242141,-0.00253271422541157,0.28650021159543,0.100296233601354,0.169064748201439,236300,,,,,0.907802012788667,Real Estate,
4403,JP3753400005,,,JP3753400005,0.07067,0.07839,0.10939,1.3642,0.04,0.470969254164809,-0.242317340392833,-0.181401527731651,0.34311271998725,0.027,2041358220,833265205248,7.739941,9.918815,1.4240557,-0.026184058529072,-0.00157915515199368,0.0231962238705327,0.00251057082452431,-0.1,0.687096349018057,0.146698299723211,0.379552787663108,7587,,,2,Buy,0.780329202631564,Real Estate,
9506,JP3605400005,,,JP3605400005,0.031630002,0.07361,0.16304001,2.06122,-0.163,0.236309431463784,-0.418713027471935,-0.357903796301929,-0.186962802699424,0.0391,3028070400,912936075264,9.452075,11.77878,1.002434,-0.019532746074301,-0.00233826968043648,-0.00427849085958771,-0.0180283851169927,-0.00813638124757846,0.3828125,-0.140625,0.18892046875,1280,,,2.3,Buy,0.802466384464266,Real Estate,
4151,JP3256000005,,,JP3256000005,0.02412,0.43889,0.50192,1.06018,-0.098,0.345635802840033,-0.246798979007137,0.0706504570645504,-0.0161837408230618,0.0644,267953000,73804185600,12.836971,,0.9897478,0.00264550264550265,0.0120160213618158,0.0298913043478261,0.0243243243243243,0.0134464658686723,0.0949868073878628,0.0949868073878628,0.0949868073878628,75800,,,,,,Real Estate,
3861,JP3174410005,,,JP3174410005,0.03383,0.04508,0.06765,0.82629,0.892,1.16198845832627,-0.294382154273258,-0.220087056930385,-0.0787271530596811,0.0415,1077389690,613314658304,9.690023,10.801012,0.5994634,-0.0314204669430504,-0.0157427937915743,-0.00157444894287,-0.0117987533392698,-0.00359147025813693,0.220995719756702,-0.00878576255913494,0.121874296012615,2219.5,,,3.4,Hold,0.897140286484267,Consumer Cyclical,
4182,JP3896800004,,,JP3896800004,,0,0.33574,0.77554,,4.55097237240061,0.40166677898331,0.529690854443967,0.0342123643881057,0.0575,1049326500,234436444160,16.920473,17.119291,0.96761626,-0.00888888888888889,-0.019349164467898,-0.0227870289219982,-0.0354671280276817,-0.0731504571903574,0.312107623318386,0.201793721973094,0.237309417040359,111500,,,2.6,Hold,0.988386318101608,Real Estate,
3064,JP3922950005,,,JP3922950005,,0.47472,0.55394,0.9759,0.022,0.342835045851287,-0.0934367454452331,0.225414872608372,0.140529429162969,0.0547,511078400,211968000000,17.54386,21.59916,1.0797629,-0.000678886625933469,-0.0040595399188092,-0.00203389830508475,-0.00540540540540541,-0.0176265788069786,0.263586956521739,0.120923913043478,0.20414402173913,147200,,,,,0.812247328136835,Real Estate,
5105,JP3610600003,,,JP3610600003,0.02963,0.53744,0.59453,1.00916,-0.199,0.248249878990601,-0.368143782941336,5.36751704975947E-05,-0.136754147235404,0.057,366297300,147707625472,11.210762,4.73286,1.0553001,-0.00247218788627936,-0.0037037037037037,0.00749063670411985,0,-0.0158536585365854,0.27633209417596,0.115241635687732,0.177199504337051,80700,,,3,Hold,2.36870771584201,Real Estate,
8804,JP3582600007,,,JP3582600007,0.03945,0.12053,0.0014599999,0.00046,,-0.0770849214819332,-0.357032457496136,-0.321324863883848,0.170295472418829,0.0208,122727300,80208044032,17.007174,,1.0818018,-0.00476947535771065,0.0228758169934641,0.0364238410596027,0.0212071778140294,-0.0398773006134969,0.150159744408946,0.150159744408946,0.150159744408946,3130,,,1,Strong Buy,,Industrials,
1942,JP3230600003,,,JP3230600003,0.026129998,0.51674,0.60523,0.97944,0.206,2.41310192578422,-0.359646291242382,-0.0556140618939599,-0.100904161646927,0.0753,1083074600,303860285440,13.10616,19.96104,1.0478158,-0.0139664804469274,-0.0180806675938804,-0.00842696629213483,-0.0208044382801664,-0.0485175202156334,0.31728045325779,0.0198300283286119,0.201133144475921,70600,,,,,0.656587031537435,Real Estate,
5991,JP3742600004,,,JP3742600004,0.0052300002,-0.082609996,-0.01302,2.00062,,-0.117979839992386,0.330965713461564,0.395552468650556,0.614946352708487,,783926550,28811251712,,,0.846617,-0.0198019801980198,-0.0198019801980198,-0.0294117647058824,-0.0198019801980198,-0.0198019801980198,,,,99,,,,,,Basic Materials,
4980,JP3548770001,,,JP3548770001,0.04088,0.0184,0.015700001,0.17914,0.056,0.171901833334413,-0.242331467619754,-0.113203366058906,-0.0643868866954031,0.0264,582762840,224251166720,17.064621,13.33243,1.5346164,-0.0122539172358377,0.00655066530194473,0.0144419228388694,0.031682752832564,0.00285539465633286,0.492780150498271,-0.0929428513321131,0.138905836892414,2458.5,,,2.7,Hold,1.27993329048043,Healthcare,
7276,JP3284600008,,,JP3284600008,0.02795,0.03562,0.0519,1.04359,0.382,0.198793454721312,-0.300606662593449,-0.238732390818033,-0.0711161906461269,0.0297,14299862800,4579458547712,17.00623,17.51344,1.2658354,-0.0167924069116573,-0.00980392156862745,0.00597609561752988,-0.00419028839043628,-0.000458339101834154,0.485148514851485,-0.0693069306930693,0.124381188118812,2020,,,2.5,Buy,0.971038813619711,Consumer Defensive,
9513,JP3551200003,,,JP3551200003,,0,0.07806,1.33997,0.062,-0.370871124798619,-0.52320300648676,-0.529537749256141,0.00634581004421325,0.0066,728284610,343211769856,68.49685,20.026316,7.049952,-0.00522875816993464,-0.00911458333333333,0,-0.0231065468549422,0.0125628465141315,,,,761,,,,,3.42034201397801,Consumer Cyclical,
9142,JP3247010006,,,JP3247010006,0.03783,0.03395,0.0021799998,,-0.776,-0.16952264381885,-0.212029842668831,-0.197633136094675,-0.15016204913748,0.0451,59960130,26802790400,9.532987,10.980899,0.70062935,-0.00561009817671809,0.0133396855645546,0.0325242718446602,0.0325242718446602,0.0255544840887175,,,,2127,,,,,0.868142672107266,Technology,
9007,JP3196000008,,,JP3196000008,,0.02481,0.038039997,0.22553,-0.347,1.30813591022444,-0.177126169354661,-0.115392757488786,-0.323258567513631,0.0222,3529794345,979358318592,14.992717,3.46067,1.1177243,-0.0263513513513514,-0.0507246376811594,-0.0371937639198218,-0.0750962772785623,-0.0860055627327054,0.387925052047189,0.0964607911172797,0.234739301411057,2161.5,,,2.4,Buy,4.33231628557476,Healthcare,
5076,JP3153850007,,,JP3153850007,,0,0.07591,1.72517,-0.321,-0.179230595950242,-0.0731156240968919,-0.0562815711548511,-0.0476373140409632,0.0027,1524556520,391381581824,208.38014,41.076042,4.094248,0.0255760368663594,0.0262854507724233,0.0455719990603712,0.0490219184539241,0.0630523047528063,0.0334756234554033,-0.258593574477645,-0.0938365985171872,4451,,,,,5.07303357027437,Consumer Cyclical,
9143,JP3162770006,,,JP3162770006,0.04227,-0.04948,0.27015,0.77463,,0.490765791727976,-0.325375469263394,-0.279637193019679,-0.165841800249551,0.0296,1081949400,326413713408,,4.7074537,0.78626764,-0.0261870503597122,0.00924545183417835,0.0257653834495302,0.0282588878760255,0.00564635958395245,0.099290780141844,-0.261229314420804,-0.0650118203309693,1692,,,,,,Industrials,
6269,JP3888250002,,,JP3888250002,0.02977,0.03509,0.06971,0.4626,0.925,0.147803316953001,-0.237290648715669,-0.251004081555667,0.159092002442545,0.0184,4881140160,1817914376192,23.582767,18.445166,1.0004264,-0.0196386488609584,0.0175295556461476,0.00889248181083266,0.0212765957446809,-0.039630627164294,0.362179487179487,-0.22275641025641,0.125437019230769,1248,,,2,Buy,1.27853373615613,Consumer Cyclical,
5393,JP3660400007,,,JP3660400007,0.029460002,0.00912,0.060700003,0.41476,2.377,1.40942885597394,-0.404957987578936,-0.380148654640499,-0.0546487178647692,0.0306,2730552030,531186384896,64.93555,9.364211,0.7028878,-0.0310524869469635,-0.0089938167509837,-0.00198131899235777,-0.0126015121814618,-0.0649695041103156,0.588201928530913,-0.21724333522405,-0.00737379466817924,1763,,,3.1,Hold,6.93443900399083,Basic Materials,
3288,JP3173540000,,,JP3173540000,0.038429998,0.06098,0.098409995,0.56856,1.736,0.168541084548003,-0.174533058996798,-0.191307961187579,-0.147509799154108,0.0275,6902144000,2133725020160,13.679891,15.958508,1.0175223,-0.00744416873449132,0.0204081632653061,0.0309278350515464,0.021059349074665,-0.0396158463385354,0.5625,-0.125,0.227083375,1600,,,1.6,Buy,0.857216163315518,Industrials,
6141,JP3924800000,,,JP3924800000,0.027509999,0.051960003,0.029930001,0.00614,-0.533,0.958119824436228,-0.34927915631829,-0.318576748034754,-0.0692300074976304,0.0478,104240640,41012449280,12.7386465,,0.9961855,-0.00947567909033481,0.00127713920817369,0.0116129032258065,0.00319897632757518,-0.0101010101010101,,,,1568,,,,,,Industrials,
4527,JP3982400008,,,JP3982400008,0.10014,0.16827999,0.22908,0.16579,0.014,0.197008589199329,-0.43172512017091,-0.353080671004872,-0.309290056846233,0.0336,582097590,169664184320,16.863697,20.947138,2.5401502,0.0134991119005329,0.0292207792207792,0.0367005813953488,0.0277377521613833,-0.0676470588235294,0.43708377146863,0.402032947774273,0.419558359621451,2853,,,,,0.805059717465937,Industrials,
3231,JP3762900003,,,JP3762900003,-0.011519999,-0.06612,-0.02728,0.57301,,-0.296020586209329,-0.419206135712452,-0.392518296194148,-0.404089367140995,0.0066,31811925760,1058989473792,,61.50721,1.8639065,0.0559721011333915,0.0439579382865023,0.023318688746198,-0.0301089045483664,-0.145598194130926,0.816380449141347,-0.52443857331572,0.283437912813738,3028,,,2.7,Hold,,Technology,
9064,JP3940000007,,,JP3940000007,0.04778,0.12163,0.19145,0.07188,0.063,-0.240705260499128,-0.163764860359288,-0.208259938109974,-0.160648995392271,0.0095,1172006000,154259177472,16,16.185293,1.7168907,0.0157618213660245,0.0881801125703565,0.0964083175803403,0.045045045045045,-0.150805270863836,,,,5800,,,,,0.988551767335939,Technology,
5444,JP3940400009,,,JP3940400009,,0.39203998,0.48698002,1.01045,0.03,0.49029619755541,-0.222881169788823,0.142707240293809,-0.0322407089248576,0.0591,112924000,48750923776,16.611296,36.183292,1.1324257,0.00465477114041893,0.00856697819314642,0.0140955364134691,0.0196850393700787,-0.00613967766692249,0.0888030888030888,0.0888030888030888,0.0888030888030888,129500,,,,,0.459087470537507,Real Estate,
8227,JP3358200008,,,JP3358200008,0.01939,0.39173,0.50434,1.20923,-0.001,-0.190180382731842,-0.497430181435383,-0.392408794988331,6.10729388698522,0.0689,370848000,34511998976,16.638935,,0.8961353,-0.0062111801242236,-0.0062111801242236,0.00734522560335782,0.00418410041841004,-0.0706679574056147,,,,96000,,,0,Strong Buy,,Real Estate,
3405,JP3269600007,,,JP3269600007,0.01002,0.029260002,-0.00693,2.32781,,-0.650692679486991,-0.523018898246777,-0.244202021472248,-0.107383441650184,0.0498,81814720,18431023104,12.690774,8.815664,0.96918553,-0.00323974082073434,0.00764192139737991,0.013172338090011,0.00544662309368192,-0.00216216216216216,,,,923,,,,,1.4395709727594,Real Estate,
2181,JP3547670004,,,JP3547670004,0.02308,0.3957,0.44407,1.08417,-0.134,5.4706130221628,0.731997957382498,0.739270660846003,0.554392972371331,0.0626,347342100,73078620160,10000,,0.904389,-0.00810185185185185,-0.0115340253748558,-0.0149425287356322,-0.0261363636363636,-0.0359955005624297,,,,85700,,,0,Strong Buy,,Real Estate,
2371,JP3206000006,,,JP3206000006,0.01818,0.347,0.38504001,0.87031,-0.163,1.12529365700861,-0.341423488047992,-0.0109360734680726,-0.00895697540858836,0.0487,1304711100,653743423488,22.172949,23.576725,1.0894929,-0.0147058823529412,-0.0188284518828452,-0.0126315789473684,-0.0201949860724234,-0.0378616526516876,0.350390902629709,0.151385927505331,0.292679459843639,140700,,,1.8,Buy,0.940459245293823,Real Estate,
7003,JP3891600003,,,JP3891600003,0.02708,0.44055,0.54765,0.92614,-0.592,1.39664979933694,-0.486956989440092,-0.207693892457813,-0.14927117847106,0.0556,105700800,35467059200,13.717422,,0.8639545,-0.0260791366906475,-0.021680216802168,-0.0225631768953069,-0.021680216802168,-0.0118613138686131,,,,108300,,,,,,Real Estate,
1808,JP3768600003,,,JP3768600003,,0.48266,0.55444,0.83958,-0.012,4.98944732484595,-0.157575198768733,-0.036093493591165,0.17051359954789,0.0559,1003135800,241242210304,19.569471,20.559504,1.1843116,-0.0259467040673212,-0.0238931834153197,-0.0211416490486258,-0.0327298050139276,-0.042518713462071,0.331893448524118,0.259899208063355,0.303095752339813,138900,,,,,0.951845482264553,Real Estate,
3132,JP3862960006,,,JP3862960006,0.01222,0.47403,0.083450004,0.96061,,2.14395837786459,1.64851142795072,1.30958845124072,0.0504490312376433,0.0644,720435500,146441502720,15.698587,17.671854,1.0129132,-0.00909090909090909,0.0130111524163569,0.0400763358778626,0.0321969696969697,0.0263653483992467,0.192660550458716,0.192660550458716,0.192660550458716,54500,,,,,0.888338427875196,Real Estate,
1951,JP3254200003,,,JP3254200003,0.021949999,0.33244,0.46307,1.11096,-0.017,0.633583521929699,0.0574886611877122,0.256143268308283,0.10329213058103,0.0725,156195000,27445665792,15.797789,34.83387,0.91455066,-0.00408580183861083,-0.0081383519837233,0.00102669404517454,-0.00306748466257669,-0.0394088669950739,,,,97500,,,0,Strong Buy,0.453518055846221,Real Estate,
6323,JP3982200002,,,JP3982200002,,0.34297,0.49305,0.65094,,0.704687643125401,-0.279115916624449,-0.0997901171473794,-0.0610182142126235,0.0515,729091600,327765360640,28.248589,27.61382,1.0147641,-0.0029382957884427,-0.00779727095516569,-0.00196078431372549,-0.00876338851022395,-0.0387157695939566,0.306483300589391,0.18860510805501,0.239685658153242,101800,,,3.2,Hold,1.02298736647085,Real Estate,
1721,JP3305530002,,,JP3305530002,,0.39703,0.55459,0.93964,0.027,-0.217187038895119,-0.400981956847504,-0.0507993990060486,-0.119275251158034,0.0297,95533200,28921337856,13.5685215,39.964157,0.8232942,-0.00888888888888889,-0.00149253731343284,0.0245022970903522,0.0182648401826484,0.0229357798165138,,,,66900,,,,,0.339517270438108,Real Estate,
5344,JP3879250003,,,JP3879250003,0.04583,0.03664,0.0114400005,3.40332,,0.611997507599932,0.863410447037976,0.734323844586155,0.274234731098077,0.031,219126600,42629623808,22.026106,10.040568,3.0391092,-0.0132890365448505,0.00405679513184584,0.0399159663865546,0.0421052631578947,-0.0249507550886408,,,,1485,,,,,2.19371115259615,Real Estate,
5714,JP3638600001,,,JP3638600001,,0.41222998,0.50265,1.06939,0,0.179078670821431,-0.192326464853283,0.147046804912989,0.627775772961999,0.0636,302327500,79158763520,15.673982,21.380732,0.9005525,-0.00717703349282297,-0.00598802395209581,0.00241545893719807,0.00484261501210654,0.0184049079754601,,,,41500,,,,,0.733089119680281,Real Estate,
4626,JP3449100001,,,JP3449100001,0.05545,0.083409995,0.30651,0.69232,0.121,,,,,0.000235,286795200,188578775040,28.40891,33.24656,4.087145,-0.00334448160535117,0,0,-0.00111731843575419,-0.0044543429844098,,,,8940,,,,,0.854491712826831,Real Estate,
3769,JP3385890003,,,JP3385890003,0.01873,0.47344002,0.52959,0.78408,-0.181,0.562808910045395,-0.219477078438234,0.137408904305763,0.288603905675657,0.0529,453150000,167063732224,21.881838,8.023107,1.0706376,-0.00706090026478376,-0.00793650793650794,0.00626118067978533,0.000889679715302491,-0.0398976530898194,0.288888888888889,0.173333333333333,0.226666666666667,112500,,,3,Hold,2.72735213427915,Real Estate,
4613,JP3229400001,,,JP3229400001,0.06745,0.15418,0.17653999,2.07809,-0.432,-0.339677136520708,-0.496751412429379,-0.418572166209202,-0.40366787585651,0.038,210566670,43579387904,5.4704084,5.234613,1.2025214,-0.0054033191817831,0.0141676505312869,0.0441653160453809,0.0242448330683625,-0.066304347826087,,,,2577,,,,,1.04504543124774,Real Estate,
3038,JP3291200008,,,JP3291200008,0.01095,0.4559,0.55674,0.85675,0.018,0.395809229156413,-0.340427972645047,-0.187394495917301,0.316309883252818,0.0557,313404000,83727597568,18.867924,38.54843,1.1155846,-0.00582665695557174,0,0.00589535740604274,0.00589535740604274,-0.00146305779078274,0.318681318681319,0.17948717948718,0.249084249084249,136500,,,,,0.489460245203242,Real Estate,
1969,JP3455200000,,,JP3455200000,,0.4168,0.43414003,0.75357,-0.131,-0.355421265404899,-0.321020228671944,-0.0499642351652031,0.282376488966999,0.0636,111826400,26238214144,14.064698,,1.0072647,-0.0037914691943128,-0.00189933523266857,0.0184108527131783,0.0223735408560311,0.058821881206494,,,,105100,,,,,,Real Estate,
6728,JP3126190002,,,JP3126190002,,0.47396,0.59713,1.06088,-0.035,0.906628026907439,-0.295526638190788,-0.109467549119921,0.842193280115707,0.0688,585667000,80957718528,27.247955,,0.8046829,0.00376884422110553,0.00756620428751576,0.0191326530612245,0.0191326530612245,0.0208059887710543,,,,79900,,,,,,Real Estate,
9009,JP3278600006,,,JP3278600006,0.23334,0.13439,0.17167,0.01177,0.166,-0.38860103626943,-0.556790435295108,-0.473937512128857,-0.386231007126529,0.0257,183848000,60443160576,28.985506,27.450981,9.57482,0.00102145045965271,0.0261780104712042,0.0414452709883103,0.00823045267489712,0.0458911419423693,,,,4900,,,,,1.05590055233363,Real Estate,
5021,JP3298000005,,,JP3298000005,0.07559,0.02497,0.030450001,0.15618,-0.49,-0.4246428397289,-0.307278497777392,-0.0150997605746209,-0.50717140273016,0.0184,271433040,72156233728,14.555922,7.16962,1.5061107,-0.023448275862069,-0.0180305131761442,0.0598802395209581,0.0411764705882353,0.0335766423357664,,,,1416,,,,,2.03022224329881,Consumer Defensive,
6460,JP3419050004,,,JP3419050004,0.055949997,0.113409996,0.17167,0.82508,0.147,-0.395564922569413,-0.478010407639526,-0.425416596965759,0.343384428223844,0.0215,501439180,131160408064,Infinity,18.675478,2.6054568,-0.000693481276005548,-0.00207756232686981,0.00945709281961471,0.00804477089891571,0.0301863908116515,0.179736294240111,0.0409437890353921,0.148507980569049,2882,,,,,,Consumer Cyclical,
8253,JP3271400008,,,JP3271400008,0.04437,0.03022,0.04028,1.06195,-0.511,0.709162732710437,0.136091977936787,0.0969153614690225,-0.122682129528187,0.016,1064520000,379852259328,22.624434,19.472301,2.6932817,-0.024390243902439,-0.0140497904855805,0,-0.0037359900373599,0.00806451612903226,0.05,-0.0625,-0.005,4000,,,3,Hold,1.16187778732467,Healthcare,
6305,JP3787000003,,,JP3787000003,0.051999997,0.14229,0.064780004,,,0.438508729180403,1.76946627710794,1.14082044500167,-0.16640595455779,0.0288,181792530,22411726848,10.977666,,3.4028711,0,0.0610997963340122,0.0945378151260504,0.0831600831600832,0.243436754176611,,,,521,,,,,,Technology,
8088,JP3151600008,,,JP3151600008,0.06584,0.08967,0.13568,0.05364,0.138,0.0876066146124874,-0.427025476544369,-0.235843881427904,-0.0116131962033412,0.0229,462476000,193753333760,12.578616,12.65485,1.1779357,0.0106544901065449,0.0278637770897833,0.0391236306729265,0.00758725341426404,-0.0334788937409025,-0.036144578313253,-0.036144578313253,-0.036144578313253,3320,,,,,0.993975906470642,Consumer Cyclical,
4203,JP3409400003,,,JP3409400003,0.022330001,0.0221,0.05409,0.52009,0.289,0.899795097839022,-0.434626582707022,-0.333240630677103,-0.069468781957381,0.0571,251076000,69788696576,20.241243,17.77939,0.7419404,-0.0207833733013589,-0.0112994350282486,0.0115606936416185,-0.00162999185004075,0.0174418604651163,0.142857142857143,0.142857142857143,0.142857142857143,1225,,,,,1.1384666740535,Consumer Cyclical,
4912,JP3965400009,,,JP3965400009,0.03955,0.045339998,0.09762,1.3039,0.115,-0.0281079277701323,-0.488763420896451,-0.424673980946431,0.75843326279489,0.0419,403891410,121845088256,9.32851,4.6120563,1.2268922,-0.0141800246609125,0,0.0236875800256082,0.0191204588910134,0.0205444931494853,0.125703564727955,0.125703564727955,0.125703564727955,1599,,,,,2.02263576010553,Consumer Cyclical,
9065,JP3326000001,,,JP3326000001,0.0932,0.080019996,0.12222999,0.20591,0.248,0.824447198510608,-0.195210861491164,-0.115160517887807,-0.239881906157143,0.022,3730147140,856729255936,19.919989,17.562046,2.930981,0.00122609122118686,0.0230518667000752,0.0517774343122102,0.0744736842105263,0.111322808927599,0.27357335292677,-0.240754347293657,-0.00587803085966201,4083,,,2.8,Hold,1.13426357042909,Technology,
6368,JP3201600008,,,JP3201600008,0.01948,0.07965,0.124689996,0.17252,6.423,-0.238249275688448,-0.394423572957946,-0.443990815080906,-0.0728645238429219,0.0518,238029750,73016434688,17.91737,15.151516,0.7640161,-0.00234741784037559,0,0.0340632603406326,0.0493827160493827,0.0732323232323232,0.0352941176470588,0.0352941176470588,0.0352941176470588,425,,,3,Hold,1.1825463537774,Communication Services,
7988,JP3756200006,,,JP3756200006,0.08444,0.52886003,0.31132,0.03572,0.769,0.909042114211607,-0.353334060943796,-0.339456174256018,-0.327095332440499,0.0282,1490917000,568203673600,12.903226,14.959521,2.0286517,-0.00758902510215995,0.0101010101010101,0.0337488598358164,0.0388023220287198,0.0739102969046115,0.470588235294118,-0.235294117647059,0.116339882352941,1700,,,2.2,Buy,0.862542724462902,Communication Services,
7951,JP3942600002,,,JP3942600002,0.06163,0.26353002,0.25838,0.04546,0.804,2.62554559643559,-0.128881575549703,-0.0771199212016745,0.290324249406323,0.0188,11377856000,2492408004608,18.726591,19.131891,2.3308597,0.0230179028132992,0.00723953415171546,0.0423452768729642,0.0272873194221509,0.343408900083963,0.125,-0.290625,-0.07392365625,3200,,,2.3,Buy,0.978815476211944,Communication Services,
8439,JP3424950008,,,JP3424950008,0.0681,0.03681,0.05436,0.25988,0.856,-0.269053207860268,-0.469807115602282,-0.376307700154972,1.2517288328745,0.0078,472933200,49710870528,16.949152,20.078741,2.1582644,0.0119047619047619,0.0429447852760736,0.0828025477707006,0.0493827160493827,0.172413793103448,,,,510,,,,,0.844134201442212,Consumer Cyclical,
3774,JP3152820001,,,JP3152820001,0.113859996,0,0.17819999,,-0.199,-0.406918240625657,-0.477790018111545,-0.411900351587616,-0.284759449628817,0.0297,340014610,56520355840,19.340185,13.573826,6.6659527,0.00621890547263682,0.0074719800747198,0.0398457583547558,0.0305732484076433,0.0163316582914573,,,,809,,,,,1.42481456591531,Communication Services,
3291,JP3131090007,,,JP3131090007,0.21090999,0.16766001,0.36605,,2.811,-0.282443670338079,-0.293004161093773,-0.330157960766423,-0.350703693314633,0.0222,338316960,56162979840,24.451046,,10.3273325,-0.00941915227629513,0.0215866162978953,0.0810965162764135,0.0725212464589235,0.051082731815658,,,,1893,,,,,,Technology,
3092,JP3399310006,,,JP3399310006,0.0139,0.07948,0.14041,0.00027,,-0.0694260752346313,0.0693898679968941,-0.109344639729087,0.027558056659627,0.0441,192382500,58369720320,172.62357,,0.8698785,-0.0043859649122807,0.0365296803652968,0.0732860520094563,0.0783847980997625,0.137844611528822,,,,454,,,0,Strong Buy,,Communication Services,
2871,JP3665200006,,,JP3665200006,0.1691,0.15616,0.23735,0.00322,-0.196,-0.449737242280336,-0.60457340250038,-0.5804841146713,-0.542108620819931,0.0084,1433062800,72650031104,42.19512,29.475752,7.9836426,0.0250683682771194,0.0199546485260771,0.0292906178489703,0.00222816399286988,-0.00662544169611307,,,,2249,,,,,1.43151971152424,Technology,
6951,JP3735000006,,,JP3735000006,0.155,0.23492001,0.20397,0.00213,-0.383,0.6715621407033,2.71449503422505,2.56582311354783,0.996423623809999,0.0024,2393104100,59874951168,54.34705,145.57692,15.936942,-0.0257400257400257,0.0513888888888889,0.195892575039494,0.261666666666667,0.444656488549618,,,,7570,,,,,0.373321883716183,Technology,
5947,JP3977400005,,,JP3977400005,0.10339,0.04417,0.10456,0.89776,,-0.163348401166654,-0.496242011081043,-0.427604360499675,-0.449492907282932,0.0093,4039913988,225213644800,27.397387,1.1994935,5.854718,0.00216104159075167,0.00985673352435533,0.0558418214499701,0.0604163847766616,0.0699546334757055,0.418681193962093,-0.114742934967654,0.117110089660651,881.1,,,2.3,Buy,22.8407965528784,Technology,
6787,JP3915350007,,,JP3915350007,0.04388,0.072,0.08509,0.14843,0.238,0.133803924934203,0.439237889817561,0.263807758675784,-0.117547699828536,0.0253,640520040,101271494656,19.724236,20.411123,3.8751917,-0.00471698113207547,0.00277227722772277,0.0647603027754416,0.0989583333333333,0.104230266027039,0.13349131121643,0.13349131121643,0.13349131121643,2532,,,1,Strong Buy,0.966347417533078,Technology,
8020,JP3217100001,,,JP3217100001,0.02404,0.02545,0.10678001,,1.117,-0.0414765682735708,-0.31887883756312,-0.258961740787636,0.180955353225595,0.0356,550578600,132488216576,55.86222,11.871246,1.1450616,-0.0015785319652723,-0.00511207235548565,0.00836986847349542,0.0326530612244898,0.0853710853710854,0.185770750988142,-0.0513833992094862,0.0671936758893281,2530,,,2.5,Buy,4.70567453492245,Communication Services,
4385,JP3921290007,,,JP3921290007,0.05804,0.27649,0.43646,0.41874,0.212,0.268309955681455,-0.0272017689862579,-0.0439150544586462,0.311234775587107,0.0193,2712107070,669741940736,28.169418,32.50046,5.354584,-0.00563761416168677,0.0128632135063742,0.0634269866152177,0.0416961965509095,-0.107117545813506,0.496768341081755,0.0545413312166912,0.183996711645311,8819,,,2.1,Buy,0.866739055385678,Technology,
8252,JP3870400003,,,JP3870400003,0.065409996,0.067729995,0.06752,0.47228,,0.258623180667492,-0.403817648304444,-0.3039223290584,0.00937944082044959,0.0125,1464712900,608241909760,24.63019,23.975954,3.777741,-0.00174621653084983,0.00912032950867902,0.0269461077844311,0.0615908387496131,-0.0236265300313123,0.253644314868805,-0.0670553935860058,0.041603498542274,3430,,,2.2,Buy,1.02728717280655,Communication Services,
1959,JP3247050002,,,JP3247050002,0.121029995,0.097950004,0.44705,0.00045,-0.597,-0.330951122130864,-0.429380229470414,-0.339547301218804,-0.101642631023567,0.0556,86001360,42137673728,14.66251,11.067873,2.8919368,0,0.00410509031198686,0.0277310924369748,0.0285954583683768,0.0690559440559441,,,,1223,,,,,1.32478119327896,Technology,
8060,JP3243600008,,,JP3243600008,0.008169999,0.03412,0.00829,0.92148,,0.430973190648596,-0.375554455316165,-0.348760588291667,-0.225428829717984,0.0411,2620059372,743674478592,14.327553,11.469548,0.6858279,-0.0148498414349392,0.00678318267398691,0.00968524423528119,0.0135416666666667,0.0021744246207079,0.141943587986753,-0.0750256937307298,0.00871679799017924,875.7,,,2.9,Hold,1.24918200786988,Basic Materials,
7867,JP3630550006,,,JP3630550006,0.00825,0.00791,0.00925,1.5381,,0.170975318094615,-0.486288488695103,-0.46984476534296,-0.280779694923731,0.0113,647154300,152899076096,13.038348,10.994113,0.29674172,-0.00599700149925038,0.00151057401812689,0.0207852193995381,0.02,-0.0285714285714286,0.0105580693815988,-0.245852187028658,-0.100050226244344,1326,,,3.2,Hold,1.18593905665696,Basic Materials,
9008,JP3277800003,,,JP3277800003,0.0068699997,0.02343,0.0094800005,0.42013,-0.209,0.284658779283867,-0.274956996424056,-0.0400778077329967,-0.017911862265045,0.0283,175181940,145834901504,21.050217,9.189189,0.58368987,-0.00108813928182807,0.00768386388583974,0.022271714922049,0.02,0.00657894736842105,-0.0958605664488017,-0.0958605664488017,-0.0958605664488017,918,,,,,2.29075895598621,Basic Materials,
7164,JP3429250008,,,JP3429250008,0.01713,0.01208,0.00928,1.6453,,5.45049809651902,0.17864577021987,0.104605075801994,0.00528118799603176,0.0137,361912320,157924786176,19.047619,19.475084,0.6903693,0.00589390962671906,0.0438328236493374,0.0655567117585848,0.0882040382571732,0.0534979423868313,0.318359375,-0.013671875,0.1165365234375,1024,,,2.7,Hold,0.978050672335996,Basic Materials,
7762,JP3352400000,,,JP3352400000,0.28893998,0.40366,0.33476,,3.222,-0.379605686094638,-0.349973309015573,-0.168001166946248,0.00272420303157945,0.0074,1802503800,383146295296,29.322493,18.114851,9.99049,-0.00642791551882461,-0.0018450184501845,0.0592266275085658,0.0602645761881431,0.0398846708313311,0.340110905730129,-0.0757855822550832,0.12927449168207,1082,,,2.1,Buy,1.61869909942952,Technology,
9006,JP3280200001,,,JP3280200001,0.021540001,0.02569,0.06491,0.92044,0.94,0.614251163980013,-0.145570298016422,-0.112872040537502,-0.102363217729498,0.0325,1382831180,369556979712,18.149635,9.774388,0.74742335,-0.0112504018000643,0.00984898227183191,0.0249916694435188,0.0111768573307035,-0.0360388592917581,0.202860858257477,0.163849154746424,0.176853055916775,1538,,,1.5,Strong Buy,1.85685640881045,Consumer Cyclical,
6417,JP3326410002,,,JP3326410002,0.046430003,0.05321,0.06499,0.00507,-0.168,-0.397296220800825,-0.518848312243893,-0.461374789378528,-0.457667526165963,0.0286,122000520,79476760576,14.556648,,1.0450475,-0.00945945945945946,0.0027359781121751,0.00825309491059147,0.0124309392265193,0.0117322291235335,,,,1466,,,,,,Consumer Cyclical,
4681,JP3974450003,,,JP3974450003,,0.075229995,0.13829,0.21239,0.341,-0.509628044766294,-0.551224219351555,-0.506971376508997,0.298688643608272,0.0032,662999600,96931708928,40.162685,34.53552,2.729543,-0.00628930817610063,-0.0047244094488189,0.0160771704180064,0.0326797385620915,0.102966841186736,0.424050632911392,-0.145569620253165,0.139240506329114,3160,,,,,1.16293847609649,Technology,
7282,JP3634200004,,,JP3634200004,-0.0062800003,0.0773,-0.02633,0.82127,,0.811336735406351,-0.297637722520071,-0.183588892952301,0.0613742898631952,,3130952580,327299203072,75.19113,828.7922,7.344311,-0.0262376237623762,-0.0382985658409387,-0.006732873253661,0.00374213301581902,0.104642456008985,0.423487544483986,-0.271309947466531,-0.028978139298424,5901,,,2.6,Hold,0.0907237423325171,Technology,
4716,JP3689500001,,,JP3689500001,0.029070001,0.04185,0.13868,1.18836,1.704,-0.119371493523295,-0.261349037937485,0.0014116947539571,-0.120271575836314,0.0047,29083068700,2635978768384,47.618233,55.760666,3.3423424,0.0247050147492625,0.0134938001458789,-0.0279818118223155,-0.135345364032358,-0.0831408775981524,1.01511335012594,-0.568189996401583,0.48998445483987,13895,,,1.6,Buy,0.853975327339168,Basic Materials,
5805,JP3368400002,,,JP3368400002,0.037550002,0.04463,0.08444,0.80157,,0.14355457091183,-0.346859355659609,-0.288793149359673,-0.121527075173586,0.0276,6247906908,958416355328,15.626178,14.896021,0.8687827,-0.029116426199444,0.0351471900089207,0.0388540734109222,0.0111537336061089,0.162492472259485,0.499482936918304,-0.138228197173389,0.116473285074112,580.2,,,2.1,Buy,1.04901691532256,Basic Materials,
2531,JP3459600007,,,JP3459600007,0.12125,0.18252,0.27804002,0.17367,0.23,0.2790051071168,-0.339037913021184,-0.230161008398585,-0.0883243977042308,0.0257,4429467650,1101469188096,22.421658,25.606277,4.387489,0.00731975112846163,0.0367905575087896,0.0481086570195481,0.0318670332416896,0.0917625280973159,0.332202979290299,-0.0311251059706915,0.100749545839893,8257,,,1.9,Buy,0.875631314931101,Basic Materials,
2264,JP3926800008,,,JP3926800008,0.02981,-0.05061,0.10471,0.72059,1.474,1.14433215755806,0.677514510071697,0.292166532215636,0.0140847722361298,0.0519,1360777600,158999592960,,22.124128,0.93965286,-0.0153846153846154,-0.0556186152099887,-0.038150289017341,-0.0693512304250559,-0.0436781609195402,0.360576923076923,-0.302884615384615,-0.05,4160,,,3.3,Hold,,Basic Materials,
8729,JP3435350008,,,JP3435350008,0.04237,0.085159995,0.056149997,0.52461,-0.786,-0.0117205459523629,-0.215281353088115,-0.207103712433707,-0.180841848161389,0.0446,568599900,111542059008,6.7023816,11.877114,0.8745379,-0.0121992544900034,0.0146188652975983,0.0121527777777778,-0.0283333333333333,-0.0566343042071197,0.451114922813036,0.0634648370497427,0.257289879931389,2915,,,,,0.564310622934157,Basic Materials,
5471,JP3491000000,,,JP3491000000,0.03187,0.1193,0.109060004,0.26273,0.046,0.674953642166757,-0.309759611566779,-0.145501230720193,-0.182233733187932,0.0413,371171700,207445655552,11.494253,15.229625,0.9818704,-0.010230179028133,0.010443864229765,0.0051948051948052,0.0051948051948052,0.00389105058365759,0.0335917312661499,0.00775193798449612,0.020671834625323,3870,,,2.5,Buy,0.754729876802613,Basic Materials,
4967,JP3301100008,,,JP3301100008,,0.051999997,0.11374,0.3038,2.083,0.201519756838906,-0.375001921273881,-0.346436904659808,-0.332820856035041,0.0385,2454135960,800361480192,19.647041,11.772031,0.9514269,-0.0168305597579425,0.0150331901600937,0.0130553390491037,0.00212027756360833,-0.0409518539014942,0.461819580688594,-0.0382765916522408,0.147816887863051,2599.5,,,2.6,Hold,1.66895933250601,Basic Materials,
8056,JP3754200008,,,JP3754200008,,0,0.07096,0.54545,,-0.397158922758212,-0.37357775842285,-0.371753409606611,-0.233791619271988,0.0344,2082388860,300802703360,13.550039,9.937726,1.04815,-0.00428673493688974,0.0338773491592483,0.0290425793748462,0.0369543650793651,0.0295493720758434,0.506816551064339,-0.122219564697441,0.161604042095193,4181,,,,,1.3634949283166,Basic Materials,
7649,JP3397060009,,,JP3397060009,,0,0.10484,0.21704,3.682,0.273578011087146,1.80681321084864,0.997625887124028,0.271877321885578,0.0375,573633900,112311312384,13.422621,11.115201,0.8792057,0.00554938956714761,0.0571761960326721,0.0658823529411765,0.0646298472385429,0.0608899297423888,-0.00662251655629139,-0.00662251655629139,-0.00662251655629139,4530,,,3,Hold,1.20759138768611,Basic Materials,
9069,JP3423800006,,,JP3423800006,0.03326,0.07951,0.10751,0.09306,-0.097,-0.108793514603971,-0.305387107537645,-0.0766236136174699,-0.244460590732277,0.0398,581329970,191011864576,14.837014,15.31356,0.8703975,-0.0152588555858311,0.00472616068946344,0.00808926080892608,-0.00440771349862259,-0.0221861471861472,0.0237963475373547,0.0237963475373547,0.0237963475373547,1807,,,,,0.968880782783363,Basic Materials,
1332,JP3718800000,,,JP3718800000,0.07683,0.16624,0.21691,0.05903,0.673,0.3435895890466,-0.270214553748036,-0.22384938815283,-0.0120889908971194,0.0149,594324680,242567593984,16.233662,18.679789,1.8709143,-0.00886699507389163,0.0100401606425703,0.0218384966988319,0.00650325162581291,0.0852211434735707,0.292246520874752,0.0934393638170974,0.180417495029821,2012,,,,,0.869049537979257,Basic Materials,
9507,JP3350800003,,,JP3350800003,0.041079998,0.092659995,0.20127001,0.53656,5.103,1.48667162315305,-0.354442353456602,-0.247417267631299,0.261710872242005,0.0154,1661843040,134380298240,35.462387,25.889503,1.7657459,0.0963968179691156,0.097423887587822,0.0969101123595506,0.0679124886052872,-0.185610010427529,-0.359795134443022,-0.359795134443022,-0.359795134443022,2343,,,,,1.36975928043115,Basic Materials,
4202,JP3485800001,,,JP3485800001,0.11164,0.0853,0.12009,0.61082,0.431,-0.594750013311325,-0.15647318530061,0.286449767608152,0.170972173162212,0.0206,207615600,50035445760,30.395748,36.673927,7.1997237,-0.0178282009724473,0.0271186440677966,0.0358974358974359,0.0306122448979592,-0.106194690265487,0.377887788778878,0.336633663366337,0.357260726072607,6060,,,1,Strong Buy,0.828810833374893,Technology,
1662,JP3421100003,,,JP3421100003,0.03234,0.03497,0.11337,0.70616,,-0.119383766583807,-0.36353152258545,-0.262291504432207,0.0269848914494906,0.0302,2097508920,285234855936,18.181318,18.030731,0.9207898,-0.0072007200720072,0.0197226502311248,0.00699939135727328,0.00030229746070133,-0.119712689545092,0.601692354185555,-0.0450287095799335,0.360682985796313,3309,,,1.8,Buy,1.00835168579688,Basic Materials,
2670,JP3152740001,,,JP3152740001,0.03952,0.1559,0.21139,0.31919,0.417,0.176390971875811,-0.110715540647778,-0.0582698036204195,-0.0461974519761567,0.001,170225297250,5496825184256,90.906975,63.292984,9.5893755,0.0584573748308525,0.0230185718022495,-0.000255623721881391,-0.0870681605975724,0.0286691215149921,0.534134492457172,-0.46305292763999,0.26460813091281,19555,,,1.5,Strong Buy,1.43628834121646,Technology,
6005,JP3880800002,,,JP3880800002,0.07294,0.18361999,0.26237,0.05487,0.057,0.248577169939782,-0.274663820467066,-0.202289932742986,-0.309091351925594,0.0198,38235597240,10607238578176,23.14822,17.72359,2.384079,0.0142311697327317,0.0265238011593185,0.0184733356570234,0.0218569680013988,-0.0523755472677153,0.627310061601643,0.112251882272416,0.330374058863792,5844,,,1.6,Buy,1.30606835296912,Basic Materials,
8078,JP3777800008,,,JP3777800008,0.03195,0.044460002,0.044120003,0.02301,0.413,0.257490208047205,-0.139821564767023,-0.118173314993122,0.253132422224818,0.0309,99662400,34769948672,11.025284,11.889908,1.3539174,0.00934579439252336,0.0351437699680511,0.0640394088669951,0.0693069306930693,0.0960757780784844,0.296296296296296,0.296296296296296,0.296296296296296,3240,,,,,0.927280850280759,Technology,
6544,JP3389510003,,,JP3389510003,0.03215,0.04192,0.07947,0.14965,0.605,-0.28696364975713,-0.389269896108007,-0.440020040897413,-0.418736271370838,0.0434,698012700,57138237440,23.36419,13.577745,0.7519871,0.0151515151515152,0.0307692307692308,0.0307692307692308,0.00958904109589041,-0.120525059665871,,,,3685,,,,,1.72077101168125,Basic Materials,
4401,JP3114800000,,,JP3114800000,0.048109997,0.09897,0.14629,0.66209,0.54,0.616399128951992,0.32262431105136,0.294079366919822,-0.105752045180848,0.012,3622193060,2376797519872,19.193933,19.842445,1.8753114,-0.00308641975308642,0.00900404263138552,0.0208217140732478,0.00974623023170283,-0.0899900563473649,0.384083044982699,-0.0894190493534875,0.142779093061373,5491,,,2.5,Buy,0.967316930952814,Basic Materials,
3107,JP3505400006,,,JP3505400006,0.03836,0.09861,0.14072,0.00112,0.38,0.648210745279033,-0.260448168860205,-0.134581965630431,-0.0957538490571972,0.0281,355003200,186993885184,15.198087,,0.9264117,-0.00503074343208496,0.0200573065902579,0.0183066361556064,0.0183066361556064,0.0409356725146199,,,,1780,,,,,,Basic Materials,
5857,JP3116700000,,,JP3116700000,0.065359995,0.13831,0.20009,0.26025,1.037,0.454080722222362,0.933346461752385,0.589141033366297,0.774746258018532,0.0182,2236652000,190296571904,16.722408,11.671087,1.8613434,0.0189902732746642,0.0481181515007146,0.0227801022780102,0.0242085661080074,-0.284552845528455,,,,2200,,,,,1.43280638727138,Basic Materials,
7211,JP3899800001,,,JP3899800001,0.02523,0.04265,0.06701,0.43026,1.19,0.37165982606699,-0.328972407231208,-0.313342440453931,0.135912162689432,0.0346,1115102780,363830935552,12.135835,13.850232,0.7219059,-0.0162311313098523,0.0174584522410609,0.0226084022270963,0.015583109919571,0.027636486944727,0.039432436891602,-0.249298795578287,-0.102183385579937,6061,,,3,Hold,0.876218896549892,Basic Materials,
4666,JP3780100008,,,JP3780100008,0.06199,0.15353,0.100209996,,0.83,0.420082377184471,0.0449366049551435,0.0922634840688823,0.333805085720861,0.031,3917904960,1181211164672,14.5136385,16.260632,1.2892976,-0.00287292817679558,0.00669344042838019,0.0294318959616701,0.0143884892086331,-0.102625298329356,0.285460992907801,-0.202127659574468,0.0114441489361703,2256,,,3.6,Underperform,0.89256300124128,Healthcare,
8174,JP3695600001,,,JP3695600001,0.03739,0.06856,0.11462,0.30891,1.373,-0.154757588906749,-0.262399176248498,-0.19273682002098,0.734389227243164,0.0015,2145700920,154797211648,46.079025,32.75713,3.8750575,-0.00785340314136126,-0.010443864229765,0.0676056338028169,0.0882986360373295,0.554871794871795,-0.0105540897097625,-0.386543535620053,-0.198548812664908,1516,,,3,Hold,1.40668688007771,Technology,
6590,JP3355000005,,,JP3355000005,0.033299997,-0.03877,0.1243,0.31299,1.178,-0.0458383048475943,-0.278866341606418,0.000430192646649614,0.743882180660834,0.0291,5430157780,737575895040,,13.685049,1.1077158,-0.0073490813648294,0.0166666666666667,-0.00708847466526647,-0.0196993260756869,-0.159181858603824,0.824431517715495,0.110523532522475,0.46627567424643,3782,,,1.7,Buy,,Basic Materials,
6432,JP3462660006,,,JP3462660006,0.032390002,0.03837,0.09017,0.82395,44.629,0.0962018948604007,-0.241630428965963,-0.187379444267146,0.0492434282996633,0.0343,4117986800,790320381952,23.867235,4.7970157,0.9049268,-0.0192911619560341,0.0313753243689549,0.0424415832141154,0.0210182157870154,0.0101663585951941,0.646843549862763,-0.176578225068618,0.142809698078682,2186,,,2.5,Buy,4.97543399743303,Basic Materials,
1719,JP3767810009,,,JP3767810009,0.107880004,0.15141,0.18983,0.10027,0.422,0.108746114958287,-0.193833473167713,-0.126686045410248,-0.140396949785263,0.0099,5894500950,968565522432,24.154749,41.3597,3.9059002,0.0164945857466633,0.00723643169058016,0.00235907623541098,-0.0364048698973502,-0.0939393939393939,0.734175647219125,-0.256781865477518,0.37123745819398,8073,,,2,Buy,0.584016542673182,Technology,
7014,JP3651400008,,,JP3651400008,0.07497,0.20156999,0.23638001,0.0192,0.646,-0.302430812346736,-0.453889272825002,-0.320007861228627,-0.477444969142743,0.021,490319000,83382812672,10.660981,23.61343,1.5347832,0.0161090458488228,0.0301507537688442,0.0199004975124378,-0.029585798816568,-0.176706827309237,0.804878048780488,0.339024390243902,0.529878048780488,4100,,,,,0.451479560572098,Basic Materials,
7419,JP3761600000,,,JP3761600000,0.00964,0.013040001,0.11695,0.73776,2.043,0.74691818503159,-0.254181169358053,-0.244484991620373,-0.170143316062356,0.0269,6198899060,1615479832576,,13.04014,0.88692486,-0.0230073952341824,0.0303292894280763,0.0281020319930826,0.0140724946695096,0.00379907133811735,0.513877207737595,-0.335576114381834,0.0841808242220352,1189,,,2.5,Buy,,Basic Materials,
8111,JP3306600002,,,JP3306600002,0.061739996,0.08343001,0.19507,0.2116,0.863,-0.0623502737850787,-0.377832788141337,-0.382375686859779,-0.389751507644353,0.0466,367273200,112757686272,12.345678,12.632405,1.5104238,-0.00770416024653313,0.010989010989011,0.010989010989011,0.0015552099533437,-0.0865248226950355,0.304347826086957,0.0869565217391304,0.195652173913044,3220,,,,,0.97730226350406,Basic Materials,
2811,JP3208200000,,,JP3208200000,0.14097999,0.18697001,0.18937999,0.0018,0.28,-0.103313500279697,-0.0231695259064453,1.15237813112612,0.0955545567730371,,2854877840,344299110400,18.939444,19.663792,3.9872503,-0.00561272217025257,-0.0111627906976744,0.0592924763328351,-0.0167649439241531,-0.0421266050912368,0.411100658513641,-0.000470366886171214,0.276710136406397,8504,,,2.3,Buy,0.963163361369974,Communication Services,
2222,JP3299600001,,,JP3299600001,0.031570002,0.01674,0.092159994,0.8107,0.01,0.731535714444548,-0.268872066476259,-0.321636129593362,-0.369030264274403,0.049,1274668000,365126647808,36.89646,6.5496383,0.992109,-0.00209497206703911,0.0167200284596229,0.0258435032304379,0.0163584637268848,-0.0232399179767601,0.679496151154654,-0.118264520643807,0.0593072078376487,1429,,,3.1,Hold,5.63335841003617,Basic Materials,
2229,JP3220580009,,,JP3220580009,,0.09336001,0.14932999,0.08326,,0.487812239289395,0.4455701021552,0.428883560559123,0.155468709318883,0.0154,7232026100,683107942400,24.389938,28.073845,1.9003304,0.00542355371900827,-0.00230650948231676,0.0260938323668951,0.0164490861618799,0.00270444301352222,0.310043668122271,-0.267916773696378,0.0751899563318777,7786,,,1.3,Strong Buy,0.868777967535263,Basic Materials,
6849,JP3706800004,,,JP3706800004,0.050300002,0.055960003,0.076519996,0.21463,0.003,0.251133336402265,-0.477989763510061,-0.352971424934767,-0.387258717140403,0.0328,3294231610,1008089038848,13.661486,12.917162,1.1842198,-0.0161576354679803,0.0030132583366814,0.00929856478673944,-0.0012002400480096,-0.0618188650883127,0.24173843380733,-0.118766272781895,0.0582815942319247,2496.5,,,,,1.05762287412669,Industrials,
6101,JP3531800005,,,JP3531800005,0.06328,0.071339995,0.12836,0.20281,0.075,0.217288731747073,-0.392824302550216,-0.389453648493795,-0.184305373525557,0.0339,922226250,268605177856,15.384337,16.163424,1.3871901,-0.00305307656176609,0.0226451457480125,0.0308402136959689,0.0270989595935156,0.0494437577255871,0.177856301531213,-0.0459363957597173,0.0325873969375736,4245,,,1.3,Strong Buy,0.951799383595951,Industrials,
9744,JP3919200000,,,JP3919200000,0.015149999,0.049000002,0.045560002,0.72836,-0.039,1.55794796282662,-0.25950623295274,-0.215860399873137,0.0202238238777194,0.0463,2808374600,335343288320,14.045081,10.051831,0.76362073,-0.0154021677124929,0.0129107981220657,0.021301775147929,0.0105386416861827,0.0524390243902439,0.158748551564311,-0.101969872537659,-0.015063731170336,3452,,,,,1.39726593095328,Basic Materials,
7716,JP3642500007,,,JP3642500007,0.027520001,0.05934,0.05404,0.12567,3.052,-0.0511601411012029,-0.356044636853359,-0.265594945594946,-0.501628202999613,0.0295,155226600,89600393216,22.882524,,0.8948953,-0.0138613861386139,0.00945945945945946,0.0407523510971787,0.0282174810736407,0.0204918032786885,,,,2988,,,,,,Industrials,
8424,JP3826270005,,,JP3826270005,0.045619998,0.04413,0.11068,0.08839,0.189,-0.145924577669075,-0.349539898365609,-0.129401641107594,-0.327491640946502,0.0213,326302200,114393899008,34.364067,10.935535,1.3975123,-0.0161550888529887,0.00661157024793388,0.00164473684210526,0.0392491467576792,-0.00490196078431373,,,,6090,,,,,3.14242211286416,Industrials,
9449,JP3152750000,,,JP3152750000,0.0681,0.06677,0.117939994,0.15119,1.067,0.0989817344381477,-0.206725431813991,-0.233113687748613,-0.037471274726265,0.036,258370420,110804246528,15.361113,20.96717,1.6267551,-0.00630782169890664,0.00681721346399659,0.0198532585239534,-0.0125365649811952,-0.165017667844523,,,,2363,,,,,0.732626911500217,Basic Materials,
4194,JP3800270005,,,JP3800270005,0.09458999,0.11956,0.05829,0.2111,0.154,0.163833893317699,-0.372174642790443,-0.44575771224126,-0.0626808623023341,0.0105,1099844850,90874609664,52.61708,298.4375,8.955532,0.0471491228070175,0.0815402038505096,0.173218673218673,0.179012345679012,0.139618138424821,,,,955,,,0,Strong Buy,0.176308540314136,Technology,
4680,JP3966800009,,,JP3966800009,,0,0.1,0.24036,,3.9386156692947,-0.199048892851835,-0.217541998231653,-0.328354913386533,0.0319,1420496550,298109468672,12.820115,20.480436,1.0774627,-0.0224586288416076,0.00681762843925006,0.0154715127701375,0.0167199409884436,0.0187238236018724,,,,2067.5,,,,,0.625968851444374,Basic Materials,
9989,JP3336600006,,,JP3336600006,0.03734,0.18020001,0.07846,,3.355,-0.367331146137936,-0.448652286981796,-0.324012701684716,-0.307897946778609,0.0356,168396800,104967225344,18.313429,19.796558,1.5846372,-0.0155642023346304,-0.01364522417154,0,0,-0.0269230769230769,0.146245059288538,0.00790513833992095,0.0935440711462451,506,,,2.3,Buy,0.925081471233535,Communication Services,
4812,JP3551530003,,,JP3551530003,0.04201,0.02227,0.19665001,0.62286,0.132,0.251898430134431,-0.310702753770468,-0.233434900493988,-0.226849243603777,0.0163,11999455680,2887881326592,192.3163,29.521902,7.727945,0.000193986420950533,-0.00270793036750484,0.0520301979187921,0.0701535907015359,0.0882228788518362,0.299456943366951,0.00659425911559348,0.146930042668735,5156,,,1.4,Strong Buy,6.51436008425203,Technology,
9509,JP3850200001,,,JP3850200001,0.03195,-0.14140001,0.07713,0.92676,,-0.218086111779688,-0.376052605815663,-0.324923930475489,-0.170095386841957,,3240159300,932174036992,,11.12109,2.1953595,-0.0115606936416185,-0.0115606936416185,0.00391389432485323,0.0158415841584158,0.0118343195266272,0.113895850737956,-0.164578111946533,0.00807574491785018,3591,,,2.6,Hold,,Communication Services,
4816,JP3560200002,,,JP3560200002,0.01555,0.041500002,0.07275,1.44462,-0.64,-0.454752760441671,-0.35927833985062,-0.303181295515523,0.136000522125049,0.0114,49409740,40485089280,12.194896,,3.760111,-0.00452830188679245,0.012279355333845,0.0181397143959861,-0.00151400454201363,-0.0462762111352133,0.360879454131918,0.360879454131918,0.360879454131918,2638,,,,,,Communication Services,
3349,JP3298400007,,,JP3298400007,0.06086,0.03783,0.0544,5.9125,5.786,-0.321188878235858,-0.391874261331369,-0.41860989708163,0.322111357477211,0.0073,156901530,54063583232,19.38023,25.073395,6.8695784,-0.01085776330076,-0.00328227571115974,0.00737191301142647,0.0010989010989011,-0.0120122963975114,,,,2733,,,,,0.772940002739956,Consumer Cyclical,
417A,JP3831110006,,,JP3831110006,0.08359,0.22067,0.27048,0.12926,1.153,-0.0128176452314384,-0.187595451742481,-0.0159853569249542,0.350597823838484,0.0094,2222151880,314955825152,22.025747,10.353342,2.5605319,0.0219704771713011,0.0369209334726576,0.0632142857142857,0.0354782608695652,-0.251069182389937,0.981860933825999,0.746724890829694,0.892285354383608,2977,,,,,2.12740456173475,Basic Materials,
9302,JP3891200002,,,JP3891200002,0.090270005,0.23316999,0.24513,0.15115,-0.032,0.117187105249861,-0.177038099477389,-0.0556077927697438,-0.00333677551221117,0.012,1390135500,95052873728,15.551892,17.31794,2.4850705,0.00550017188037126,-0.00544032641958518,0.00102669404517454,-0.0441176470588235,-0.148471615720524,0.606837606837607,0.299145299145299,0.426495726495727,2925,,,1.8,Buy,0.898022051121554,Basic Materials,
3116,JP3635400009,,,JP3635400009,0.11699,0.17322999,0.2124,0.44158,0.064,0.460726575671493,0.125414950619154,0.169009470181725,0.121661058844196,0.0207,1703143400,260121640960,25.707964,7.607699,5.2322783,-0.00768573868488471,0,0.0496838301716351,0.0573248407643312,0.0729455216989843,0.437177280550775,0.0154905335628227,0.247848537005164,1162,,,,,3.37920361991188,Technology,
1414,JP3360250009,,,JP3360250009,0.0432,0.15439,0.15141,1.99554,0.102,0.820431482692546,0.365241708841111,0.175406591347393,0.268504449279167,,8285020200,603605106688,17.699411,36.758423,4.4587,0.00735294117647059,-0.04344453064391,-0.0331939362258233,-0.0675573481220066,-0.248323511481406,0.567991349013247,0.189510678561773,0.354212219518789,3699,,,2.2,Buy,0.481506265924411,Consumer Cyclical,
2327,JP3379900008,,,JP3379900008,0.05192,0.072519995,0.13405,0.12725,0.546,-0.211109637415654,-0.416267724433502,-0.399267572356763,0.0127077887542293,0.0289,1126998000,443374174208,16.447226,16.675177,1.3790125,-0.000874125874125874,0.0343891402714932,0.0450285714285714,0.0200803212851406,0.109708737864078,0.200787401574803,-0.300087489063867,0.0144356955380577,4572,,,,,0.986329920216139,Basic Materials,
2127,JP3689050007,,,JP3689050007,0.07655,0.14583999,0.15469,0.01465,-0.094,0.16115273946694,0.0218165734232295,-0.0444489678846029,0.231545628515648,0.027,2422137105,579154870272,14.684026,15.639539,1.9837301,-0.0091866028708134,0.00154768814083962,-0.00404001539053482,-0.0246797287113791,-0.0592404143194621,0.622561328954993,0.352134440795828,0.468031678578327,2588.5,,,,,0.93890401756727,Basic Materials,
6436,JP3124400007,,,JP3124400007,,0,0.28476998,0.01017,0.813,-0.26679005817028,0.572427413318044,0.27219467340974,-0.0528437787795066,0.0087,348863000,64336068608,28.902735,38.34673,6.542631,-0.0304789550072569,0,0.0229709035222052,0.00451127819548872,0.0198473282442748,-0.101796407185629,-0.101796407185629,-0.101796407185629,3340,,,2,Buy,0.753720982206306,Technology,
2201,JP3926400007,,,JP3926400007,0.0994,0.12607999,0.15439,0.12967,,0.0147493178337987,-0.420586630588624,-0.386713583692289,-0.335390387540498,0.0023,2465827560,268449005568,40.323795,60.525574,12.859922,0.0108541764983483,0.0298076923076923,0.0922998470168282,0.0840080971659919,0.130939809926082,0.400560224089636,-0.34640522875817,0.0795985060690943,2142,,,2,Buy,0.666227386790252,Technology,
8425,JP3286500008,,,JP3286500008,0.06555,0.07771,0.11102,0.20635,0.329,-0.00971421693702767,-0.430541138051044,-0.348471988485503,0.0570681454854936,0.0224,8702929840,3146748264448,24.874838,13.447262,2.8109798,-0.00429430289149728,0.0101655532965437,0.0268674343076469,0.0190448285965426,-0.0330831248262441,0.265094882116159,0.0350776308223117,0.161144738355377,3478,,,1.7,Buy,1.84980689749333,Consumer Defensive,
3635,JP3283460008,,,JP3283460008,0.07986,0.09088001,0.18607001,0.45002,1.858,0.0963760028236461,-0.503691952131931,-0.29870272356939,0.138945684245522,0.0115,2239699000,138896113664,20.789988,37.98607,2.525889,0.0388888888888889,0.089018302828619,0.0488782051282051,-0.00380517503805175,-0.0959944751381216,,,,13090,,,,,0.547305578071119,Basic Materials,
3549,JP3266190002,,,JP3266190002,0.043169998,0.08416,0.13267,0.02248,-0.48,0.341960073153114,-0.105657014633727,-0.107262774329878,1.65222944594672,0.0196,641764200,140818333696,9.025322,21.188972,0.8691977,0.00156985871271586,0.0615640599001664,0.0686767169179229,0.0704697986577181,0.0831918505942275,-0.0282131661442006,-0.0282131661442006,-0.0282131661442006,6380,,,,,0.42594430725568,Basic Materials,
9759,JP3712600000,,,JP3712600000,0.02878,0.09156,0.065910004,0.03951,1.414,0.0687319782290939,-0.047467008788747,-0.0443556560454016,0.368349946948121,0.0297,295222110,38810058752,17.859035,40.848484,2.549978,-0.00589970501474926,-0.00589970501474926,0.00297619047619048,-0.00589970501474926,0.190812720848057,,,,337,,,,,0.437201904481939,Technology,
3360,JP3274150006,,,JP3274150006,0.0109,0.0254,0.03994,0.67496,1.084,-0.321660341111423,-0.400295608491037,-0.272546206430922,0.574321432420366,,1863007300,230408798208,212.71326,140.34132,10.832794,-0.00897435897435897,-0.0165394402035623,0.0038961038961039,0.0361930294906166,0.435735512630015,0.397153945666235,-0.430789133247089,-0.0168175937904269,3865,,,2.3,Buy,1.51568518808288,Technology,
8410,JP3105220002,,,JP3105220002,0.04223,0.044510003,0.20121999,1.25867,1.312,-0.245282425857712,-0.230932013883889,-0.02602689034168,1.32541762107622,0.0152,603508480,71563051008,39.525955,19.009392,4.783307,0.00254022015241321,-0.00504201680672269,0.00424088210347752,-0.0271158586688578,0.0942698706099815,0.870777027027027,0.140202702702703,0.386824324324324,2368,,,1.8,Buy,2.07928559735104,Healthcare,
3923,JP3967170006,,,JP3967170006,0.044460002,0.13239999,0.14478,0.61328,0.17,0.148074921956295,-0.573007179765061,-0.439893331210571,-0.0539066765249999,0.005,1113947100,233631481856,34.842865,28.147915,2.8128042,-0.00418410041841004,-0.0110803324099723,0.0142045454545455,0.0317919075144509,0.00140252454417952,0.554621848739496,0.00840336134453782,0.233053221288515,3570,,,1.5,Strong Buy,1.23784887797196,Healthcare,
7004,JP3789000001,,,JP3789000001,0.02694,-0.035380002,0.16445999,0.73245,-0.098,0.620941985484567,0.0968384759781037,0.00893073707413336,-0.0721047877145439,0.0342,24869551200,9529412550656,,42.51015,1.2478635,0.00369996636394215,0.0206943731828288,0.0533003882809742,0.0628673196794301,0.100092165898618,0.273458445040215,-0.0281501340482574,0.109594922922252,5968,,,1.9,Buy,,Healthcare,
8098,JP3146000009,,,JP3146000009,0.0841,0.16046,0.2892,0.30336,1.072,0.23037452445028,-0.284752729909183,-0.229859972740501,-0.127242197948397,0.0336,12345767280,4273648173056,14.683957,31.457043,2.1998663,0.00782241014799154,0.0295896328293737,0.0638250390537826,0.0654894948591864,0.0415119073629015,0.300608349066499,-0.286763163415146,0.0521741976085588,2383.5,,,2.4,Buy,0.466793938641976,Healthcare,
8876,JP3755200007,,,JP3755200007,0.039219998,0.23728001,0.13708,0.39323,0.383,-0.205569218734093,-0.0927697581179449,-0.0908279033741589,-0.126763075062968,,5730946650,722011095040,5.9843836,93.95797,1.7672306,0.00719649561952441,0.0170616113744076,0.0540275049115914,0.041747572815534,0.253992987923646,0.677539608574091,-0.0680335507921715,0.313628828828829,1609.5,,,2.1,Buy,0.0636921338338834,Healthcare,
8154,JP3206200002,,,JP3206200002,0.03216,0.46785998,0.11417,0.38591,1.482,0.476725503984238,-0.0975760779416435,-0.053739980841035,-0.0589991946523895,0.0257,8076598470,2514801655808,12.25476,15.452406,1.4186586,-0.00938809723386421,0.0173898071625344,0.0451008135833039,0.0379413314596873,0.0456556361705893,0.353866982568963,-0.0184464376375021,0.133863597901506,2954.5,,,2.2,Buy,0.793064846988877,Healthcare,
3186,JP3758210003,,,JP3758210003,0.06932,0.17513001,0.25094998,0.00865,0.224,1.52280070327852,-0.259354838709677,-0.209563132658498,-0.233806716353344,0.0359,1347833400,232668004352,7.824648,8.4074135,0.7876078,-0.00804597701149425,0.00670749489647127,0.019492025989368,0.0264644662503717,-0.0245832155976264,0.216685979142526,-0.188876013904983,0.00847334878331402,3452,,,3.1,Hold,0.930684329966642,Healthcare,
7906,JP3960000002,,,JP3960000002,0.17055,0.35103,0.47092,,0.197,0.120972869224464,-0.135152122028616,-0.111332206697927,-0.140550754013467,0.0196,17404612540,11101064396800,23.529001,28.59565,5.473894,0.00927588270496709,0.0378461538461539,0.0504515727187792,0.041692402717727,-0.00266114725014784,0.971538689593833,0.0524755410613697,0.382053513193003,6746,,,2,Buy,0.822817491471605,Healthcare,
8919,JP3932950003,,,JP3932950003,0.03433,0.116969995,0.36163,0.02518,30.284,-0.0873955336347445,-0.285176439348678,-0.265144863915716,-0.0626539295319822,0.0477,379413400,150715891712,70.41755,41.28631,0.985834,-0.00624219725343321,0.0192061459667093,0.0391644908616188,0.0297542043984476,0.0405228758169935,0.407035175879397,0.0050251256281407,0.149497487437186,3980,,,2.8,Hold,1.70559078784227,Healthcare,
7564,JP3990100004,,,JP3990100004,0.02395,0.049390003,0.10553,0.29077,0.26,0.396085051604598,-0.288124466618526,-0.260816238383015,-0.379514519126362,0.0325,5983393100,1391423520768,36.10135,24.337265,1.5329511,-0.00464365031294165,0.0341934130480386,0.0583941605839416,0.0670995670995671,0.0509486250266468,0.115618661257606,-0.350912778904665,-0.0720081135902637,4930,,,2.5,Buy,1.48337744606882,Healthcare,
4516,JP3717600005,,,JP3717600005,0.05824,0.093739994,0.14812,0.17689,-0.095,1.43515119782993,-0.365906498171209,-0.314737333126013,0.383785403511148,0.018,2967525185,627712589824,19.157206,16.663673,2.0330472,-0.0228110194771012,-0.0280977312390925,-0.00125538020086083,-0.0178130511463845,0.178624338624339,0.379062668342611,-0.0662596516430239,0.170113844496319,2784.5,,,1.9,Buy,1.1496388581317,Consumer Defensive,
6632,JP3386410009,,,JP3386410009,0.05983,0.15116,0.26389,0.13418,0.367,0.662328549155538,-0.235752459143366,-0.157190650309686,-0.120448028007763,0.0335,3275486230,1122608480256,16.102722,14.12356,1.2950714,-0.000627483790002092,0.0150839175695772,0.0297413793103448,0.0152996175095623,0.0218135158254919,0.339472582670573,-0.204688154039347,0.0499511511092506,2389,,,3,Hold,1.14013194973505,Healthcare,
3697,JP3355400007,,,JP3355400007,0.04058,0.075279996,0.112390004,0.07128,0.68,-0.0779016234552945,-0.235488854557493,-0.245844269466317,-0.360937814449587,0.0258,130548000,116124426240,14.792899,17.628206,0.8315977,-0.00900900900900901,0.0153846153846154,0.0443037974683544,0.0377358490566038,0.0526315789473684,,,,3300,,,,,0.839160774499685,Healthcare,
8850,JP3399200009,,,JP3399200009,0.07095,0.13255,0.11771,,0.291,2.45206306059897,-0.13451558858776,-0.135000076139427,-0.0210443724939912,0.0246,2349830700,549276450816,15.036933,15.826006,1.8291802,-0.0317100792751982,-0.0183696900114811,-0.00869565217391304,-0.027580324139892,-0.0884861407249467,0.637426900584795,0.111111111111111,0.390513333333333,1710,,,1.8,Buy,0.950140736708933,Healthcare,
6707,JP3329600005,,,JP3329600005,0.02162,0.03486,0.06064,0.7877,0.39,0.0577831617201696,-0.0718887758562224,0.0618946248004258,0.100647668393782,0.0397,29898000,19334768640,9.615385,,0.5408176,-0.00351957765068192,0.0152398027790229,0.038038496791934,0.015695067264574,0.0613870665417057,,,,2265,,,,,,Healthcare,
8572,JP3108600002,,,JP3108600002,0.04142,0.15162,0.15858,0.39086,0.49,2.12752851110848,0.295100484310887,0.286114006111886,0.397726943680324,0.0411,2692561040,286850908160,10.225069,9.213456,0.8776011,-0.00977869274318065,0.0217737652681891,0.035243475921442,0.049645390070922,0.022588360350784,0.49948024948025,-0.142411642411642,0.128508316008316,3848,,,,,1.10979734423218,Healthcare,
8130,JP3330000005,,,JP3330000005,0.06922,0.13897,0.28698,0.26357,0.683,0.387888678435686,-0.380052260513731,-0.0693689036506208,0.0984996127494787,0.0161,10624591680,3301276909568,24.270687,21.977806,1.9863,-0.0233471525201833,-0.0020066889632107,-0.00356188780053428,-0.0132275132275132,-0.0320069204152249,0.697944593386953,0.0947274352100089,0.389633601429848,2238,,,1.5,Strong Buy,1.10432711072252,Healthcare,
7846,JP3780610006,,,JP3780610006,-0.00958,0.14181,0.04686,0.00542,0.056,0.644444444444445,-0.398551781114837,-0.337564022485946,-0.32823551317347,0.0325,229326300,167590379520,12.077441,18.18636,0.7248521,-0.00373134328358209,-0.0024906600249066,0.0037593984962406,0.00628140703517588,-0.00124688279301746,0.373283395755306,0.0237203495630462,0.20266329588015,4005,,,2.2,Buy,0.664093364477554,Healthcare,
6254,JP3762950008,,,JP3762950008,-0.00939,0.045229997,-0.106759995,0.00476,,0.113611615245009,0.284464863025353,1.89242506811989,1.05649489668907,0.044,205629820,37239070720,25.249907,13.777778,0.5019482,-0.00583090379008746,0.0148809523809524,0.0590062111801242,-0.0257142857142857,-0.018705035971223,,,,682,,,,,1.83265451076364,Healthcare,
547A,JP3914100007,,,JP3914100007,0.02871,0.083739996,0.06227,0.13507,-0.252,-0.186431073157294,-0.228628643395922,-0.339550499862193,-0.203154090985235,0.0245,366591600,78128406528,21.141838,25.929977,1.7962207,0.00381194409148666,0.0486725663716814,0.0694945848375451,0.0477453580901857,0.0846681922196796,,,,2370,,,,,0.815343492205951,Healthcare,
7994,JP3192400004,,,JP3192400004,-0.00601,0.019709999,-0.2168,1.23635,,-0.386515905482064,-0.520054734636914,-0.303232374010305,-0.262013119384315,0.0388,210104880,62960685056,28.907562,14.090661,1.4570674,0.00194174757281553,0,0.0078125,-0.0152671755725191,0.0466531440162272,0.744186046511628,-0.0310077519379845,0.204780426356589,516,,,,,2.0515405203489,Healthcare,
7740,JP3471800007,,,JP3471800007,0.03193,0.02953,0.09134,1.26005,1.201,0.240831396143854,0.0758068792633838,0.0133329344720822,-0.0902941827029419,0.0229,447203400,182635397120,34.842224,12.586511,1.0008789,-0.0211081794195251,0.023448275862069,0.0539772727272727,0.061516452074392,-0.0583756345177665,0.590296495956873,0.132075471698113,0.415094339622642,3710,,,,,2.76821940567962,Healthcare,
2726,JP3781650001,,,JP3781650001,0.04573,0.04975,0.06351,0.55695,0.907,-0.263432876863004,0.0696903619712168,-0.0964733227051269,-0.159923592194754,0.0264,170008350,48504393728,18.79745,11.934447,0.9350246,-0.00375536480686695,0.0305216426193119,0.0690846286701209,0.0752750434279097,-0.00695187165775401,0.938610662358643,0.238556812062466,0.588583737210555,1857,,,,,1.57505831648505,Healthcare,
2154,JP3635580008,,,JP3635580008,0.04911,0.09032,0.090950005,0.33688,-0.205,0.10745929463207,0.108446218781904,0.173707123379419,0.515477421578766,0.0248,272793240,88952225792,10.526316,9.669382,0.8233331,-0.00688976377952756,0.00198609731876862,0.0181634712411705,0.020738492665655,-0.0218128938439166,0.238850346878097,0.238850346878097,0.238850346878097,2018,,,,,1.08862345080585,Healthcare,
4722,JP3826200002,,,JP3826200002,-0.01638,-0.23337999,-0.17808,0.83956,,0.903270167587348,-0.0622377885737958,0.0935453680265689,1.01098058708199,,1745167530,119158767616,,28.976131,1.8316619,0.0260663507109005,0.0535279805352798,0.0789036544850498,0.0915966386554622,0.49482163406214,2.46420323325635,-0.230177059276366,0.551193225558122,1299,,,1.6,Buy,,Healthcare,
2317,JP3351050004,,,JP3351050004,0.03317,0.10931,0.14806,0.29393,-0.181,0.443918067929224,-0.211416345562274,-0.124307531264097,-0.182320271381248,0.0339,16676287980,5374345740288,21.05282,20.57328,3.1576078,0.00698943061711558,0.0412480169222634,0.0654761904761905,0.0896513558384062,0.110338345864662,0.760622989673269,-0.068901303538175,0.386913831047909,2953.5,,,1.5,Strong Buy,1.02330887442352,Healthcare,
8923,JP3595070008,,,JP3595070008,0.00694,0.017280001,0.032509997,0.16566,-0.608,-0.0907862250175548,-0.288781594059768,-0.219815414507772,0.531932734842571,0.0222,206909040,64799420416,18.796867,10.742857,0.46184987,-0.0157068062827225,0.00355871886120996,0.0339138405132906,0.0254545454545455,0.0502793296089386,-0.024822695035461,-0.024822695035461,-0.024822695035461,1128,,,,,1.7497083876291,Healthcare,
8848,JP3167500002,,,JP3167500002,0.02355,0.10391,0.06686,0.01412,,-0.319811376889206,-0.56060375366688,-0.44548255422968,-0.0910872514214795,0.0136,16656170,12929176576,18.759125,55.869568,1.5346215,-0.00387596899224806,-0.00387596899224806,0.028,0.028,0.0362903225806452,,,,257,,,,,0.335766422965719,Healthcare,
7148,JP3166990006,,,JP3166990006,0.030050002,0.06241,0.06351,0.17556,0.352,0.457471694582203,-0.238753763624116,-0.130846223839854,-0.144501278772379,0.0338,92656830,37670342656,12.406924,6.177016,0.7244105,0.0052790346907994,0.0341349883630722,0.0638467677573823,0.0537549407114625,0.0732689210950081,0.0502625656414104,0.0502625656414104,0.0502625656414104,1333,,,,,2.00856271053855,Healthcare,
7944,JP3983400007,,,JP3983400007,0.07002,0.15464,0.20536,0.05873,0.329,0.596995444606882,0.0594965126229338,0.0694619790732773,-0.202957287274313,0.0178,14946280800,5833658728448,14.471817,21.41839,1.8033637,-0.0102358700489542,-0.0266958424507659,-0.0189677988531098,-0.0475374732334047,-0.0862777321281841,0.672661870503597,-0.0107913669064748,0.297961600719425,11120,,,1.6,Buy,0.675672494524565,Healthcare,
4686,JP3388450003,,,JP3388450003,-0.040359996,-0.18881,-0.31281,0.3231,,0.180222725981457,-0.359496431677319,-0.317696327437395,0.0895159960310701,,751375400,137567469568,,9.434793,2.8332286,0.0200190657769304,0.00895803866100896,0.00895803866100896,-0.0115473441108545,0.114351162671402,3.11214953271028,0.0280373831775701,1.4376946728972,1070,,,1.5,Strong Buy,,Healthcare,
9418,JP3944640006,,,JP3944640006,-0.28278,0,0,0.09595,,0.236544194791569,0.496661108704905,0.195057455350962,0.0437659329928534,,792802920,73999310848,,-23.229599,5.8368635,0.0349344978165939,0.0463576158940397,0.0281995661605206,0.0149892933618844,-0.0114702815432742,1.10970464135021,0.160337552742616,0.645569620253165,948,,,2.6,Hold,,Healthcare,
8133,JP3144000001,,,JP3144000001,0.04422,0.10151,0.14854,0.70361,0.076,0.164679327949844,-0.335734534535105,-0.285278596502201,-0.198196466939885,0.0148,3241636750,2673178312704,18.314,19.428524,1.3352921,-0.00259627866724362,0.0336322869955157,0.0505925250683683,0.0350246969016614,-0.089652448657188,0.344902386117137,-0.0629067245119306,0.165056225596529,1152.5,,,2.4,Buy,0.942634654078714,Basic Materials,
7744,JP3759500006,,,JP3759500006,0.03771,0.04916,0.06647,0.6393,-0.239,0.94753404568988,-0.147699902313893,0.0126249239500857,-0.163230986194868,0.0409,2641831005,502809165824,19.120323,15.624657,1.6729658,-0.0205455801104972,-0.00804336422451478,0.00853333333333333,0.0141222738648552,-0.0300906137801334,0.374933897408778,-0.0375462718138551,0.129472942005993,2836.5,,,2,Buy,1.22372753526685,Basic Materials,
9119,JP3131200002,,,JP3131200002,0.080369994,0.08492,0.15028,0.15466,0.506,-0.118939235447312,0.0769340332885688,-0.047909127304984,-0.514839012586453,0.0283,629866300,175531540480,15.949287,19.915493,1.8123864,-0.0125698324022346,0.0128939828080229,0.0261248185776488,0.00855920114122682,-0.0497311827956989,0.414427157001414,0.0466760961810467,0.230551626591231,3535,,,2.5,Buy,0.800848214001029,Basic Materials,
8194,JP3966600003,,,JP3966600003,0.11193,0.18709,0.26925,0.4248,0.616,0.11274499868253,-0.322887348596233,-0.22722267470272,-0.33309842069058,0.0332,1302133120,527896576000,28.817884,17.474583,4.179334,0.00295983086680761,0.00338409475465313,0.00508474576271186,0.00508474576271186,-0.0153590701535907,0.0539629005059022,0.0539629005059022,0.0539629005059022,4744,,,,,1.64913142705608,Basic Materials,
5423,JP3579800008,,,JP3579800008,0.03799,0.05031,0.08804,0.8188,1.573,-0.0172927502198115,-0.174285204437,-0.131202687329883,0.550105966664753,0.0336,2894463600,448335183872,7.974441,14.504469,0.88300097,-0.0181705554408425,0.0254474875997412,0.0310060711188205,0.0234610417563495,0.00976852834996815,0.472134595162986,-0.0956887486855941,0.188222923238696,4755,,,,,0.549791998590228,Basic Materials,
4587,JP3836750004,,,JP3836750004,0.04552,0.044099998,0.06562,0.2882,0.08,0.0412548218965635,-0.326662056434664,-0.363391817728255,-0.199045140446917,0.0377,314726720,129239261184,10.775985,9.782288,1.0250006,-0.00971236458722451,0.0207932229495572,0.0437007874015748,0.0449349625541979,0.00760167236792094,-0.0569596378725009,-0.0569596378725009,-0.0569596378725009,2651,,,,,1.10158124561452,Basic Materials,
9110,JP3385000009,,,JP3385000009,,0.18807,0.26402,0.28924,0.502,0.0728209208769411,-0.31143556283008,-0.237378324967066,-0.331177395909756,0.0053,15774048300,4976540123136,40.814953,34.705547,4.4115744,-0.0107561929595828,-0.0058958401572224,-0.0162074554294976,-0.0343620744511613,0.0274204468517265,0.647446457990115,-0.245469522240527,0.0804695222405272,3035,,,2.6,Hold,1.17603543318306,Consumer Cyclical,
3148,JP3269940007,,,JP3269940007,0.03243,0.051680002,0.07545,0.00002,0.534,0.682208506641621,-0.040135430627072,-0.0612804433425696,0.148202644357196,0.0317,467663560,222776573952,24.213274,22.936357,1.4257951,-0.00315989045713082,0.0185105467068446,0.0331877729257642,0.028695652173913,0.095877721167207,0.0777683854606932,0.0777683854606932,0.0777683854606932,4732,,,,,1.05567218019845,Industrials,
2685,JP3856000009,,,JP3856000009,0.07828,0.102139995,0.11447,1.46116,0.358,-0.118237887594945,-0.217341722320056,-0.144402700808414,0.0938339488206861,0.0321,1603276200,345303777280,9.242334,14.266065,2.9306753,-0.00369458128078818,0.013022789882294,0.0371794871794872,0.0361168032786885,0.0369136118943861,0.433868974042027,0.255871446229914,0.368603213844252,2022.5,,,1.4,Strong Buy,0.647854471432732,Industrials,
3765,JP3235900002,,,JP3235900002,0.00865,0.02675,0.10767,1.17067,12.819,0.34273050067917,-0.230554504457002,-0.241640153278202,-0.184886353445452,0.0495,1969618350,575539707904,123.441315,24.507008,1.0669196,-0.0276841598459316,-0.0170357751277683,0.00123946455131383,0.00422675285927399,-0.00296223154776598,0.126516464471404,-0.108690269868779,0.0342022777915326,4039,,,2.9,Hold,5.03698023846893,Communication Services,
2767,JP3802680003,,,JP3802680003,0.06379,0,0.1234,2.36902,-0.011,0.172651691410001,-0.286741660181567,-0.323400685788289,-0.0397955529586235,0.0152,3019927625,310846947328,18.692698,16.39401,3.6232548,0.000423011844331641,0,0.00766936514699617,-0.0117007939824488,-0.0607625099285147,0.353065539112051,0.226215644820296,0.280338266384778,1182.5,,,,,1.14021511515486,Consumer Cyclical,
6966,JP3892400007,,,JP3892400007,0.03938,0.08592,0.13248,0.23894,0.786,0.0378794141556098,-0.425036364260412,-0.345893320961361,0.169109100272199,0.0201,728770920,379681243136,18.1486,10.339444,2.3308809,-0.00278862242052426,0.00364861072130227,0.0176437108708025,0.0118845500848896,0.0272910083309394,0.342281879194631,0.0906040268456376,0.21923937360179,1788,,,1.6,Buy,1.75527813681277,Consumer Cyclical,
8584,JP3388600003,,,JP3388600003,0.10511,0.56193,0.67745,,0.195,-0.0334697117398215,-0.266611986906003,-0.118624594220874,-0.101481337709238,0.0184,9077643000,2189908639744,29.761904,31.871016,4.4600377,-0.00215222070045001,0.00651272942569568,0.0423053341508277,0.0576524263790958,0.140429338103757,0.215686274509804,-0.117647058823529,0.0810457843137254,5100,,,1.6,Buy,0.933823509109343,Technology,
2760,JP3571600000,,,JP3571600000,0.10583,0.29949,0.48924,,0.074,3.16703531385859,0.27902854465068,0.22767407784927,0.0155764092538285,0.0069,521530350,279052320768,18.484642,,2.2859843,-0.00912200684150513,0.0046242774566474,0.0175644028103045,0.0469879518072289,0.0675675675675676,,,,4345,,,,,,Technology,
5032,JP3164780003,,,JP3164780003,0.01741,0.09665,0.18263,0.61313,0.241,0.582184263330898,-0.0741371340143402,-0.0316218448272757,0.23161491181686,0.0205,9309894176,3682181054464,19.267767,25.06069,1.2254057,-0.030696981162311,-0.0497433584698621,-0.0139603675114498,0.0395042111182788,0.142127659574468,0.397168405365127,-0.124441132637854,0.101541915052161,536.8,,,1.8,Buy,0.768844233738177,Consumer Cyclical,
7599,JP3235700006,,,JP3235700006,0.03738,0.051999997,0.07688,,0.107,0.185899851762518,-0.366204256940476,-0.289428020565553,-0.314771084682209,0.0341,199868200,137564815360,18.050364,24.697172,1.0822414,-0.00944669365721997,0.00824175824175824,0.0323488045007032,0.0251396648044693,0.0485714285714286,0.0354223433242507,0.0354223433242507,0.0354223433242507,3670,,,,,0.730867647518509,Healthcare,
1518,JP3894000003,,,JP3894000003,0.08185001,0.12185001,0.083409995,,-0.356,0.82059306628203,0.33441329223818,0.270406193846086,0.197501805321532,0.028,8103889710,857797558272,24.50955,22.152578,7.20899,0.024016114037806,0.043746051800379,0.136934457250989,0.174724493423391,-0.0165178571428571,0.361779391738538,-0.24345589347859,-0.0366671962475412,6609,,,2.9,Hold,1.10639718772235,Technology,
2384,JP3163500006,,,JP3163500006,0.16389999,0.22288,0.29045,,0.046,0.128718886170466,-0.259374096850196,-0.191910437838351,-0.409291751935226,0.0213,2306492100,1192634220544,18.761719,17.973577,5.8253593,-0.00427990584207148,0.00746995777849951,0.0345747637576431,0.0515254237288136,0.0304506699147381,0.998710509348807,-0.0651192778852353,0.278744895766172,9306,,,2.1,Buy,1.04385003608352,Technology,
5480,JP3752600001,,,JP3752600001,0.072909996,0.35673,0.47553003,,0.197,0.027200932073798,-0.53143958415331,-0.347871317361487,-0.458729355556015,0.0157,1430708500,624417701888,34.483334,34.417603,3.7015252,-0.00859393650035808,0.000602337067823154,0.0245466880473665,0.0369538077403246,0.0515255095581719,0.372501805923429,-0.0609198169997592,0.159621719239104,8306,,,1.6,Buy,1.0019098076063,Technology,
2124,JP3386130003,,,JP3386130003,0.10414,0.04583,0.06498,0.32514,0.058,-0.293895553638747,-0.366002576411013,-0.258015575995124,0.663363612509767,0.0159,5567625000,638944804864,15.673592,24.585365,3.0571542,-0.00943396226415094,-0.00237529691211401,0.023142509135201,0.0349075975359343,-0.142857142857143,0.746031746031746,0.0317460317460317,0.435019841269841,1260,,,1.6,Buy,0.637517157056647,Communication Services,
2379,JP3548640006,,,JP3548640006,0.0032300001,-0.024330001,0.022650002,3.63838,,0.100325214871333,-0.30727761575882,-0.281815542250593,0.335345189330837,,9470806794,1545500360704,,-93.0749,1.6879236,-0.00839981505740669,-0.0344874269737129,-0.0111684879649628,-0.0135097493036212,-0.176395348837209,0.976563602993082,-0.188197091627841,0.325238881829733,708.3,,,2.5,Buy,,Consumer Cyclical,
3465,JP3277620005,,,JP3277620005,0.07554,0.04848,0.071669996,0.01431,0.03,0.429470077756663,-0.329313441898513,-0.263217996690469,-0.335737214705051,0.0288,4353870900,1382567510016,20.660736,23.9758,3.3411071,0,0.0110926234054354,0.0334467120181406,0.0417142857142857,0.0723529411764706,0.234229292375206,-0.157981349424026,0.0539570213933077,3646,,,2.1,Buy,0.861732914021639,Technology,
9090,JP3879170003,,,JP3879170003,0.24851999,0.19067,0.28109,0.00165,0.135,-0.0626637627002465,-0.474638628398219,-0.471203423442229,-0.192901773035258,0.0162,626131600,139008491520,18.553043,49.439102,7.9891853,0.0148026315789474,0.00488599348534202,0.0507493188010899,0.0685833044683062,0.143015931826602,0.296596434359806,0.296596434359806,0.296596434359806,3085,,,,,0.375270630926913,Technology,
1419,JP3470900006,,,JP3470900006,0.03881,0.104890004,0.15617,1.36015,-0.112,0.126546517291768,0.042583830487554,-0.0212069698257545,-0.0617264990081271,0.0355,33813940,20457236480,10.362641,,0.9536285,-0.00783545543584721,-0.00442260442260442,0.0160481444332999,0.00745897563401293,0.0109780439121756,,,,2026,,,,,,Industrials,
2678,JP3119920001,,,JP3119920001,0.0925,0.10139,0.12835,0.02348,0.187,-0.16604313842327,-0.304390389593151,-0.245447233084894,0.38015530895122,0.0157,2295282500,560166993920,31.846426,10.103499,5.314775,0.00209497206703911,0.00209497206703911,0.00384749912556838,0.00560616678346181,0.0673112681294161,-0.024390243902439,-0.0940766550522648,-0.0592334494773519,2870,,,,,3.15201951323992,Technology,
2168,JP3781490002,,,JP3781490002,0.10394,0.26885998,0.33886,,0.154,0.661758054812141,-0.295665727990631,-0.201552487812703,-0.0420776538620405,0.0147,1212120900,611713024000,24.391039,27.082767,3.6315954,-0.0357487922705314,-0.0449760765550239,-0.0167487684729064,0.00638655462184874,0.0727337871730563,0.302605210420842,-0.0647962591850367,0.0980293921175685,2994,,,2.1,Buy,0.900611041700429,Communication Services,
8306,JP3902900004,,,JP3902900004,0.03193,0.02953,0.09134,1.26005,1.201,0.240831396143854,0.0758068792633838,0.0133329344720822,-0.0902941827029419,0.0229,447203400,182635397120,34.842224,12.586511,1.0008789,-0.0211081794195251,0.023448275862069,0.0539772727272727,0.061516452074392,-0.0583756345177665,0.590296495956873,0.132075471698113,0.415094339622642,3710,,,,,2.76821940567962,Healthcare,
8316,JP3890350006,,,JP3890350006,0.04573,0.04975,0.06351,0.55695,0.907,-0.263432876863004,0.0696903619712168,-0.0964733227051269,-0.159923592194754,0.0264,170008350,48504393728,18.79745,11.934447,0.9350246,-0.00375536480686695,0.0305216426193119,0.0690846286701209,0.0752750434279097,-0.00695187165775401,0.938610662358643,0.238556812062466,0.588583737210555,1857,,,,,1.57505831648505,Healthcare,
8411,JP3885780001,,,JP3885780001,0.04911,0.09032,0.090950005,0.33688,-0.205,0.10745929463207,0.108446218781904,0.173707123379419,0.515477421578766,0.0248,272793240,88952225792,10.526316,9.669382,0.8233331,-0.00688976377952756,0.00198609731876862,0.0181634712411705,0.020738492665655,-0.0218128938439166,0.238850346878097,0.238850346878097,0.238850346878097,2018,,,,,1.08862345080585,Healthcare,
7182,JP3946750001,,,JP3946750001,-0.01638,-0.23337999,-0.17808,0.83956,,0.903270167587348,-0.0622377885737958,0.0935453680265689,1.01098058708199,,1745167530,119158767616,,28.976131,1.8316619,0.0260663507109005,0.0535279805352798,0.0789036544850498,0.0915966386554622,0.49482163406214,2.46420323325635,-0.230177059276366,0.551193225558122,1299,,,1.6,Buy,,Healthcare,
8308,JP3500610005,,,JP3500610005,0.03317,0.10931,0.14806,0.29393,-0.181,0.443918067929224,-0.211416345562274,-0.124307531264097,-0.182320271381248,0.0339,16676287980,5374345740288,21.05282,20.57328,3.1576078,0.00698943061711558,0.0412480169222634,0.0654761904761905,0.0896513558384062,0.110338345864662,0.760622989673269,-0.068901303538175,0.386913831047909,2953.5,,,1.5,Strong Buy,1.02330887442352,Healthcare,
8309,JP3892100003,,,JP3892100003,0.00694,0.017280001,0.032509997,0.16566,-0.608,-0.0907862250175548,-0.288781594059768,-0.219815414507772,0.531932734842571,0.0222,206909040,64799420416,18.796867,10.742857,0.46184987,-0.0157068062827225,0.00355871886120996,0.0339138405132906,0.0254545454545455,0.0502793296089386,-0.024822695035461,-0.024822695035461,-0.024822695035461,1128,,,,,1.7497083876291,Healthcare,
7186,JP3305990008,,,JP3305990008,0.02355,0.10391,0.06686,0.01412,,-0.319811376889206,-0.56060375366688,-0.44548255422968,-0.0910872514214795,0.0136,16656170,12929176576,18.759125,55.869568,1.5346215,-0.00387596899224806,-0.00387596899224806,0.028,0.028,0.0362903225806452,,,,257,,,,,0.335766422965719,Healthcare,
8331,JP3511800009,,,JP3511800009,0.030050002,0.06241,0.06351,0.17556,0.352,0.457471694582203,-0.238753763624116,-0.130846223839854,-0.144501278772379,0.0338,92656830,37670342656,12.406924,6.177016,0.7244105,0.0052790346907994,0.0341349883630722,0.0638467677573823,0.0537549407114625,0.0732689210950081,0.0502625656414104,0.0502625656414104,0.0502625656414104,1333,,,,,2.00856271053855,Healthcare,
5831,JP3351500008,,,JP3351500008,0.07002,0.15464,0.20536,0.05873,0.329,0.596995444606882,0.0594965126229338,0.0694619790732773,-0.202957287274313,0.0178,14946280800,5833658728448,14.471817,21.41839,1.8033637,-0.0102358700489542,-0.0266958424507659,-0.0189677988531098,-0.0475374732334047,-0.0862777321281841,0.672661870503597,-0.0107913669064748,0.297961600719425,11120,,,1.6,Buy,0.675672494524565,Healthcare,
7167,JP3117700009,,,JP3117700009,-0.040359996,-0.18881,-0.31281,0.3231,,0.180222725981457,-0.359496431677319,-0.317696327437395,0.0895159960310701,,751375400,137567469568,,9.434793,2.8332286,0.0200190657769304,0.00895803866100896,0.00895803866100896,-0.0115473441108545,0.114351162671402,3.11214953271028,0.0280373831775701,1.4376946728972,1070,,,1.5,Strong Buy,,Healthcare,
5844,JP3252200005,,,JP3252200005,-0.28278,0,0,0.09595,,0.236544194791569,0.496661108704905,0.195057455350962,0.0437659329928534,,792802920,73999310848,,-23.229599,5.8368635,0.0349344978165939,0.0463576158940397,0.0281995661605206,0.0149892933618844,-0.0114702815432742,1.10970464135021,0.160337552742616,0.645569620253165,948,,,2.6,Hold,,Healthcare,
8354,JP3805010000,,,JP3805010000,0.04422,0.10151,0.14854,0.70361,0.076,0.164679327949844,-0.335734534535105,-0.285278596502201,-0.198196466939885,0.0148,3241636750,2673178312704,18.314,19.428524,1.3352921,-0.00259627866724362,0.0336322869955157,0.0505925250683683,0.0350246969016614,-0.089652448657188,0.344902386117137,-0.0629067245119306,0.165056225596529,1152.5,,,2.4,Buy,0.942634654078714,Basic Materials,
8359,JP3769000005,,,JP3769000005,0.03771,0.04916,0.06647,0.6393,-0.239,0.94753404568988,-0.147699902313893,0.0126249239500857,-0.163230986194868,0.0409,2641831005,502809165824,19.120323,15.624657,1.6729658,-0.0205455801104972,-0.00804336422451478,0.00853333333333333,0.0141222738648552,-0.0300906137801334,0.374933897408778,-0.0375462718138551,0.129472942005993,2836.5,,,2,Buy,1.22372753526685,Basic Materials,
8334,JP3276400003,,,JP3276400003,0.080369994,0.08492,0.15028,0.15466,0.506,-0.118939235447312,0.0769340332885688,-0.047909127304984,-0.514839012586453,0.0283,629866300,175531540480,15.949287,19.915493,1.8123864,-0.0125698324022346,0.0128939828080229,0.0261248185776488,0.00855920114122682,-0.0497311827956989,0.414427157001414,0.0466760961810467,0.230551626591231,3535,,,2.5,Buy,0.800848214001029,Basic Materials,
5830,JP3149700001,,,JP3149700001,0.11193,0.18709,0.26925,0.4248,0.616,0.11274499868253,-0.322887348596233,-0.22722267470272,-0.33309842069058,0.0332,1302133120,527896576000,28.817884,17.474583,4.179334,0.00295983086680761,0.00338409475465313,0.00508474576271186,0.00508474576271186,-0.0153590701535907,0.0539629005059022,0.0539629005059022,0.0539629005059022,4744,,,,,1.64913142705608,Basic Materials,
8377,JP3842400008,,,JP3842400008,0.03799,0.05031,0.08804,0.8188,1.573,-0.0172927502198115,-0.174285204437,-0.131202687329883,0.550105966664753,0.0336,2894463600,448335183872,7.974441,14.504469,0.88300097,-0.0181705554408425,0.0254474875997412,0.0310060711188205,0.0234610417563495,0.00976852834996815,0.472134595162986,-0.0956887486855941,0.188222923238696,4755,,,,,0.549791998590228,Basic Materials,
8341,JP3352000008,,,JP3352000008,0.04552,0.044099998,0.06562,0.2882,0.08,0.0412548218965635,-0.326662056434664,-0.363391817728255,-0.199045140446917,0.0377,314726720,129239261184,10.775985,9.782288,1.0250006,-0.00971236458722451,0.0207932229495572,0.0437007874015748,0.0449349625541979,0.00760167236792094,-0.0569596378725009,-0.0569596378725009,-0.0569596378725009,2651,,,,,1.10158124561452,Basic Materials,
7337,JP3796150005,,,JP3796150005,,0.18807,0.26402,0.28924,0.502,0.0728209208769411,-0.31143556283008,-0.237378324967066,-0.331177395909756,0.0053,15774048300,4976540123136,40.814953,34.705547,4.4115744,-0.0107561929595828,-0.0058958401572224,-0.0162074554294976,-0.0343620744511613,0.0274204468517265,0.647446457990115,-0.245469522240527,0.0804695222405272,3035,,,2.6,Hold,1.17603543318306,Consumer Cyclical,
8418,JP3935300008,,,JP3935300008,0.03243,0.051680002,0.07545,0.00002,0.534,0.682208506641621,-0.040135430627072,-0.0612804433425696,0.148202644357196,0.0317,467663560,222776573952,24.213274,22.936357,1.4257951,-0.00315989045713082,0.0185105467068446,0.0331877729257642,0.028695652173913,0.095877721167207,0.0777683854606932,0.0777683854606932,0.0777683854606932,4732,,,,,1.05567218019845,Industrials,
7180,JP3246500007,,,JP3246500007,0.07828,0.102139995,0.11447,1.46116,0.358,-0.118237887594945,-0.217341722320056,-0.144402700808414,0.0938339488206861,0.0321,1603276200,345303777280,9.242334,14.266065,2.9306753,-0.00369458128078818,0.013022789882294,0.0371794871794872,0.0361168032786885,0.0369136118943861,0.433868974042027,0.255871446229914,0.368603213844252,2022.5,,,1.4,Strong Buy,0.647854471432732,Industrials,
5832,JP3520700000,,,JP3520700000,0.00865,0.02675,0.10767,1.17067,12.819,0.34273050067917,-0.230554504457002,-0.241640153278202,-0.184886353445452,0.0495,1969618350,575539707904,123.441315,24.507008,1.0669196,-0.0276841598459316,-0.0170357751277683,0.00123946455131383,0.00422675285927399,-0.00296223154776598,0.126516464471404,-0.108690269868779,0.0342022777915326,4039,,,2.9,Hold,5.03698023846893,Communication Services,
5838,JP3967220009,,,JP3967220009,0.06379,0,0.1234,2.36902,-0.011,0.172651691410001,-0.286741660181567,-0.323400685788289,-0.0397955529586235,0.0152,3019927625,310846947328,18.692698,16.39401,3.6232548,0.000423011844331641,0,0.00766936514699617,-0.0117007939824488,-0.0607625099285147,0.353065539112051,0.226215644820296,0.280338266384778,1182.5,,,,,1.14021511515486,Consumer Cyclical,
7189,JP3658850007,,,JP3658850007,0.03938,0.08592,0.13248,0.23894,0.786,0.0378794141556098,-0.425036364260412,-0.345893320961361,0.169109100272199,0.0201,728770920,379681243136,18.1486,10.339444,2.3308809,-0.00278862242052426,0.00364861072130227,0.0176437108708025,0.0118845500848896,0.0272910083309394,0.342281879194631,0.0906040268456376,0.21923937360179,1788,,,1.6,Buy,1.75527813681277,Consumer Cyclical,
8303,JP3729000004,,,JP3729000004,0.10511,0.56193,0.67745,,0.195,-0.0334697117398215,-0.266611986906003,-0.118624594220874,-0.101481337709238,0.0184,9077643000,2189908639744,29.761904,31.871016,4.4600377,-0.00215222070045001,0.00651272942569568,0.0423053341508277,0.0576524263790958,0.140429338103757,0.215686274509804,-0.117647058823529,0.0810457843137254,5100,,,1.6,Buy,0.933823509109343,Technology,
7327,JP3483850008,,,JP3483850008,0.10583,0.29949,0.48924,,0.074,3.16703531385859,0.27902854465068,0.22767407784927,0.0155764092538285,0.0069,521530350,279052320768,18.484642,,2.2859843,-0.00912200684150513,0.0046242774566474,0.0175644028103045,0.0469879518072289,0.0675675675675676,,,,4345,,,,,,Technology,
8368,JP3793800008,,,JP3793800008,0.01741,0.09665,0.18263,0.61313,0.241,0.582184263330898,-0.0741371340143402,-0.0316218448272757,0.23161491181686,0.0205,9309894176,3682181054464,19.267767,25.06069,1.2254057,-0.030696981162311,-0.0497433584698621,-0.0139603675114498,0.0395042111182788,0.142127659574468,0.397168405365127,-0.124441132637854,0.101541915052161,536.8,,,1.8,Buy,0.768844233738177,Consumer Cyclical,
8304,JP3711200000,,,JP3711200000,0.03738,0.051999997,0.07688,,0.107,0.185899851762518,-0.366204256940476,-0.289428020565553,-0.314771084682209,0.0341,199868200,137564815360,18.050364,24.697172,1.0822414,-0.00944669365721997,0.00824175824175824,0.0323488045007032,0.0251396648044693,0.0485714285714286,0.0354223433242507,0.0354223433242507,0.0354223433242507,3670,,,,,0.730867647518509,Healthcare,
8358,JP3411000007,,,JP3411000007,0.08185001,0.12185001,0.083409995,,-0.356,0.82059306628203,0.33441329223818,0.270406193846086,0.197501805321532,0.028,8103889710,857797558272,24.50955,22.152578,7.20899,0.024016114037806,0.043746051800379,0.136934457250989,0.174724493423391,-0.0165178571428571,0.361779391738538,-0.24345589347859,-0.0366671962475412,6609,,,2.9,Hold,1.10639718772235,Technology,
7380,JP3392650002,,,JP3392650002,0.16389999,0.22288,0.29045,,0.046,0.128718886170466,-0.259374096850196,-0.191910437838351,-0.409291751935226,0.0213,2306492100,1192634220544,18.761719,17.973577,5.8253593,-0.00427990584207148,0.00746995777849951,0.0345747637576431,0.0515254237288136,0.0304506699147381,0.998710509348807,-0.0651192778852353,0.278744895766172,9306,,,2.1,Buy,1.04385003608352,Technology,
7173,JP3584400000,,,JP3584400000,0.072909996,0.35673,0.47553003,,0.197,0.027200932073798,-0.53143958415331,-0.347871317361487,-0.458729355556015,0.0157,1430708500,624417701888,34.483334,34.417603,3.7015252,-0.00859393650035808,0.000602337067823154,0.0245466880473665,0.0369538077403246,0.0515255095581719,0.372501805923429,-0.0609198169997592,0.159621719239104,8306,,,1.6,Buy,1.0019098076063,Technology,
8361,JP3176000002,,,JP3176000002,0.10414,0.04583,0.06498,0.32514,0.058,-0.293895553638747,-0.366002576411013,-0.258015575995124,0.663363612509767,0.0159,5567625000,638944804864,15.673592,24.585365,3.0571542,-0.00943396226415094,-0.00237529691211401,0.023142509135201,0.0349075975359343,-0.142857142857143,0.746031746031746,0.0317460317460317,0.435019841269841,1260,,,1.6,Buy,0.637517157056647,Communication Services,
8370,JP3248000006,,,JP3248000006,0.0032300001,-0.024330001,0.022650002,3.63838,,0.100325214871333,-0.30727761575882,-0.281815542250593,0.335345189330837,,9470806794,1545500360704,,-93.0749,1.6879236,-0.00839981505740669,-0.0344874269737129,-0.0111684879649628,-0.0135097493036212,-0.176395348837209,0.976563602993082,-0.188197091627841,0.325238881829733,708.3,,,2.5,Buy,,Consumer Cyclical,
7389,JP3104790005,,,JP3104790005,0.07554,0.04848,0.071669996,0.01431,0.03,0.429470077756663,-0.329313441898513,-0.263217996690469,-0.335737214705051,0.0288,4353870900,1382567510016,20.660736,23.9758,3.3411071,0,0.0110926234054354,0.0334467120181406,0.0417142857142857,0.0723529411764706,0.234229292375206,-0.157981349424026,0.0539570213933077,3646,,,2.1,Buy,0.861732914021639,Technology,
8366,JP3347600003,,,JP3347600003,0.24851999,0.19067,0.28109,0.00165,0.135,-0.0626637627002465,-0.474638628398219,-0.471203423442229,-0.192901773035258,0.0162,626131600,139008491520,18.553043,49.439102,7.9891853,0.0148026315789474,0.00488599348534202,0.0507493188010899,0.0685833044683062,0.143015931826602,0.296596434359806,0.296596434359806,0.296596434359806,3085,,,,,0.375270630926913,Technology,
8714,JP3132600002,,,JP3132600002,0.03881,0.104890004,0.15617,1.36015,-0.112,0.126546517291768,0.042583830487554,-0.0212069698257545,-0.0617264990081271,0.0355,33813940,20457236480,10.362641,,0.9536285,-0.00783545543584721,-0.00442260442260442,0.0160481444332999,0.00745897563401293,0.0109780439121756,,,,2026,,,,,,Industrials,
8381,JP3324000003,,,JP3324000003,0.0925,0.10139,0.12835,0.02348,0.187,-0.16604313842327,-0.304390389593151,-0.245447233084894,0.38015530895122,0.0157,2295282500,560166993920,31.846426,10.103499,5.314775,0.00209497206703911,0.00209497206703911,0.00384749912556838,0.00560616678346181,0.0673112681294161,-0.024390243902439,-0.0940766550522648,-0.0592334494773519,2870,,,,,3.15201951323992,Technology,
8367,JP3653400006,,,JP3653400006,0.10394,0.26885998,0.33886,,0.154,0.661758054812141,-0.295665727990631,-0.201552487812703,-0.0420776538620405,0.0147,1212120900,611713024000,24.391039,27.082767,3.6315954,-0.0357487922705314,-0.0449760765550239,-0.0167487684729064,0.00638655462184874,0.0727337871730563,0.302605210420842,-0.0647962591850367,0.0980293921175685,2994,,,2.1,Buy,0.900611041700429,Communication Services,
8524,JP3843400007,,,JP3843400007,0.03193,0.02953,0.09134,1.26005,1.201,0.240831396143854,0.0758068792633838,0.0133329344720822,-0.0902941827029419,0.0229,447203400,182635397120,34.842224,12.586511,1.0008789,-0.0211081794195251,0.023448275862069,0.0539772727272727,0.061516452074392,-0.0583756345177665,0.590296495956873,0.132075471698113,0.415094339622642,3710,,,,,2.76821940567962,Healthcare,
8544,JP3281600001,,,JP3281600001,0.04573,0.04975,0.06351,0.55695,0.907,-0.263432876863004,0.0696903619712168,-0.0964733227051269,-0.159923592194754,0.0264,170008350,48504393728,18.79745,11.934447,0.9350246,-0.00375536480686695,0.0305216426193119,0.0690846286701209,0.0752750434279097,-0.00695187165775401,0.938610662358643,0.238556812062466,0.588583737210555,1857,,,,,1.57505831648505,Healthcare,
8522,JP3648800005,,,JP3648800005,0.04911,0.09032,0.090950005,0.33688,-0.205,0.10745929463207,0.108446218781904,0.173707123379419,0.515477421578766,0.0248,272793240,88952225792,10.526316,9.669382,0.8233331,-0.00688976377952756,0.00198609731876862,0.0181634712411705,0.020738492665655,-0.0218128938439166,0.238850346878097,0.238850346878097,0.238850346878097,2018,,,,,1.08862345080585,Healthcare,
7381,JP3851600001,,,JP3851600001,-0.01638,-0.23337999,-0.17808,0.83956,,0.903270167587348,-0.0622377885737958,0.0935453680265689,1.01098058708199,,1745167530,119158767616,,28.976131,1.8316619,0.0260663507109005,0.0535279805352798,0.0789036544850498,0.0915966386554622,0.49482163406214,2.46420323325635,-0.230177059276366,0.551193225558122,1299,,,1.6,Buy,,Healthcare,
8336,JP3912800004,,,JP3912800004,0.03317,0.10931,0.14806,0.29393,-0.181,0.443918067929224,-0.211416345562274,-0.124307531264097,-0.182320271381248,0.0339,16676287980,5374345740288,21.05282,20.57328,3.1576078,0.00698943061711558,0.0412480169222634,0.0654761904761905,0.0896513558384062,0.110338345864662,0.760622989673269,-0.068901303538175,0.386913831047909,2953.5,,,1.5,Strong Buy,1.02330887442352,Healthcare,
8388,JP3126800006,,,JP3126800006,0.00694,0.017280001,0.032509997,0.16566,-0.608,-0.0907862250175548,-0.288781594059768,-0.219815414507772,0.531932734842571,0.0222,206909040,64799420416,18.796867,10.742857,0.46184987,-0.0157068062827225,0.00355871886120996,0.0339138405132906,0.0254545454545455,0.0502793296089386,-0.024822695035461,-0.024822695035461,-0.024822695035461,1128,,,,,1.7497083876291,Healthcare,
8386,JP3794200000,,,JP3794200000,0.02355,0.10391,0.06686,0.01412,,-0.319811376889206,-0.56060375366688,-0.44548255422968,-0.0910872514214795,0.0136,16656170,12929176576,18.759125,55.869568,1.5346215,-0.00387596899224806,-0.00387596899224806,0.028,0.028,0.0362903225806452,,,,257,,,,,0.335766422965719,Healthcare,
8346,JP3601000007,,,JP3601000007,0.030050002,0.06241,0.06351,0.17556,0.352,0.457471694582203,-0.238753763624116,-0.130846223839854,-0.144501278772379,0.0338,92656830,37670342656,12.406924,6.177016,0.7244105,0.0052790346907994,0.0341349883630722,0.0638467677573823,0.0537549407114625,0.0732689210950081,0.0502625656414104,0.0502625656414104,0.0502625656414104,1333,,,,,2.00856271053855,Healthcare,
8410,JP3105220002,,,JP3105220002,0.07002,0.15464,0.20536,0.05873,0.329,0.596995444606882,0.0594965126229338,0.0694619790732773,-0.202957287274313,0.0178,14946280800,5833658728448,14.471817,21.41839,1.8033637,-0.0102358700489542,-0.0266958424507659,-0.0189677988531098,-0.0475374732334047,-0.0862777321281841,0.672661870503597,-0.0107913669064748,0.297961600719425,11120,,,1.6,Buy,0.675672494524565,Healthcare,
8600,JP3631700006,,,JP3631700006,-0.040359996,-0.18881,-0.31281,0.3231,,0.180222725981457,-0.359496431677319,-0.317696327437395,0.0895159960310701,,751375400,137567469568,,9.434793,2.8332286,0.0200190657769304,0.00895803866100896,0.00895803866100896,-0.0115473441108545,0.114351162671402,3.11214953271028,0.0280373831775701,1.4376946728972,1070,,,1.5,Strong Buy,,Healthcare,
7184,JP3632150003,,,JP3632150003,-0.28278,0,0,0.09595,,0.236544194791569,0.496661108704905,0.195057455350962,0.0437659329928534,,792802920,73999310848,,-23.229599,5.8368635,0.0349344978165939,0.0463576158940397,0.0281995661605206,0.0149892933618844,-0.0114702815432742,1.10970464135021,0.160337552742616,0.645569620253165,948,,,2.6,Hold,,Healthcare,
8360,JP3942000005,,,JP3942000005,0.04422,0.10151,0.14854,0.70361,0.076,0.164679327949844,-0.335734534535105,-0.285278596502201,-0.198196466939885,0.0148,3241636750,2673178312704,18.314,19.428524,1.3352921,-0.00259627866724362,0.0336322869955157,0.0505925250683683,0.0350246969016614,-0.089652448657188,0.344902386117137,-0.0629067245119306,0.165056225596529,1152.5,,,2.4,Buy,0.942634654078714,Basic Materials,
8392,JP3175200009,,,JP3175200009,0.03771,0.04916,0.06647,0.6393,-0.239,0.94753404568988,-0.147699902313893,0.0126249239500857,-0.163230986194868,0.0409,2641831005,502809165824,19.120323,15.624657,1.6729658,-0.0205455801104972,-0.00804336422451478,0.00853333333333333,0.0141222738648552,-0.0300906137801334,0.374933897408778,-0.0375462718138551,0.129472942005993,2836.5,,,2,Buy,1.22372753526685,Basic Materials,
7322,JP3333500001,,,JP3333500001,0.080369994,0.08492,0.15028,0.15466,0.506,-0.118939235447312,0.0769340332885688,-0.047909127304984,-0.514839012586453,0.0283,629866300,175531540480,15.949287,19.915493,1.8123864,-0.0125698324022346,0.0128939828080229,0.0261248185776488,0.00855920114122682,-0.0497311827956989,0.414427157001414,0.0466760961810467,0.230551626591231,3535,,,2.5,Buy,0.800848214001029,Basic Materials,
8393,JP3908000007,,,JP3908000007,0.11193,0.18709,0.26925,0.4248,0.616,0.11274499868253,-0.322887348596233,-0.22722267470272,-0.33309842069058,0.0332,1302133120,527896576000,28.817884,17.474583,4.179334,0.00295983086680761,0.00338409475465313,0.00508474576271186,0.00508474576271186,-0.0153590701535907,0.0539629005059022,0.0539629005059022,0.0539629005059022,4744,,,,,1.64913142705608,Basic Materials,
8399,JP3975000005,,,JP3975000005,0.03799,0.05031,0.08804,0.8188,1.573,-0.0172927502198115,-0.174285204437,-0.131202687329883,0.550105966664753,0.0336,2894463600,448335183872,7.974441,14.504469,0.88300097,-0.0181705554408425,0.0254474875997412,0.0310060711188205,0.0234610417563495,0.00976852834996815,0.472134595162986,-0.0956887486855941,0.188222923238696,4755,,,,,0.549791998590228,Basic Materials,
7350,JP3194750000,,,JP3194750000,0.04552,0.044099998,0.06562,0.2882,0.08,0.0412548218965635,-0.326662056434664,-0.363391817728255,-0.199045140446917,0.0377,314726720,129239261184,10.775985,9.782288,1.0250006,-0.00971236458722451,0.0207932229495572,0.0437007874015748,0.0449349625541979,0.00760167236792094,-0.0569596378725009,-0.0569596378725009,-0.0569596378725009,2651,,,,,1.10158124561452,Basic Materials,
8550,JP3627800000,,,JP3627800000,,0.18807,0.26402,0.28924,0.502,0.0728209208769411,-0.31143556283008,-0.237378324967066,-0.331177395909756,0.0053,15774048300,4976540123136,40.814953,34.705547,4.4115744,-0.0107561929595828,-0.0058958401572224,-0.0162074554294976,-0.0343620744511613,0.0274204468517265,0.647446457990115,-0.245469522240527,0.0804695222405272,3035,,,2.6,Hold,1.17603543318306,Consumer Cyclical,
7384,JP3833850005,,,JP3833850005,0.03243,0.051680002,0.07545,0.00002,0.534,0.682208506641621,-0.040135430627072,-0.0612804433425696,0.148202644357196,0.0317,467663560,222776573952,24.213274,22.936357,1.4257951,-0.00315989045713082,0.0185105467068446,0.0331877729257642,0.028695652173913,0.095877721167207,0.0777683854606932,0.0777683854606932,0.0777683854606932,4732,,,,,1.05567218019845,Industrials,
8345,JP3152400002,,,JP3152400002,0.07828,0.102139995,0.11447,1.46116,0.358,-0.118237887594945,-0.217341722320056,-0.144402700808414,0.0938339488206861,0.0321,1603276200,345303777280,9.242334,14.266065,2.9306753,-0.00369458128078818,0.013022789882294,0.0371794871794872,0.0361168032786885,0.0369136118943861,0.433868974042027,0.255871446229914,0.368603213844252,2022.5,,,1.4,Strong Buy,0.647854471432732,Industrials,
8362,JP3803600000,,,JP3803600000,0.00865,0.02675,0.10767,1.17067,12.819,0.34273050067917,-0.230554504457002,-0.241640153278202,-0.184886353445452,0.0495,1969618350,575539707904,123.441315,24.507008,1.0669196,-0.0276841598459316,-0.0170357751277683,0.00123946455131383,0.00422675285927399,-0.00296223154776598,0.126516464471404,-0.108690269868779,0.0342022777915326,4039,,,2.9,Hold,5.03698023846893,Communication Services,
8387,JP3350000000,,,JP3350000000,0.06379,0,0.1234,2.36902,-0.011,0.172651691410001,-0.286741660181567,-0.323400685788289,-0.0397955529586235,0.0152,3019927625,310846947328,18.692698,16.39401,3.6232548,0.000423011844331641,0,0.00766936514699617,-0.0117007939824488,-0.0607625099285147,0.353065539112051,0.226215644820296,0.280338266384778,1182.5,,,,,1.14021511515486,Consumer Cyclical,
8337,JP3512200001,,,JP3512200001,0.03938,0.08592,0.13248,0.23894,0.786,0.0378794141556098,-0.425036364260412,-0.345893320961361,0.169109100272199,0.0201,728770920,379681243136,18.1486,10.339444,2.3308809,-0.00278862242052426,0.00364861072130227,0.0176437108708025,0.0118845500848896,0.0272910083309394,0.342281879194631,0.0906040268456376,0.21923937360179,1788,,,1.6,Buy,1.75527813681277,Consumer Cyclical,
8343,JP3107600003,,,JP3107600003,0.10511,0.56193,0.67745,,0.195,-0.0334697117398215,-0.266611986906003,-0.118624594220874,-0.101481337709238,0.0184,9077643000,2189908639744,29.761904,31.871016,4.4600377,-0.00215222070045001,0.00651272942569568,0.0423053341508277,0.0576524263790958,0.140429338103757,0.215686274509804,-0.117647058823529,0.0810457843137254,5100,,,1.6,Buy,0.933823509109343,Technology,
8344,JP3934800008,,,JP3934800008,0.10583,0.29949,0.48924,,0.074,3.16703531385859,0.27902854465068,0.22767407784927,0.0155764092538285,0.0069,521530350,279052320768,18.484642,,2.2859843,-0.00912200684150513,0.0046242774566474,0.0175644028103045,0.0469879518072289,0.0675675675675676,,,,4345,,,,,,Technology,
8395,JP3315200000,,,JP3315200000,0.01741,0.09665,0.18263,0.61313,0.241,0.582184263330898,-0.0741371340143402,-0.0316218448272757,0.23161491181686,0.0205,9309894176,3682181054464,19.267767,25.06069,1.2254057,-0.030696981162311,-0.0497433584698621,-0.0139603675114498,0.0395042111182788,0.142127659574468,0.397168405365127,-0.124441132637854,0.101541915052161,536.8,,,1.8,Buy,0.768844233738177,Consumer Cyclical,
8541,JP3166400006,,,JP3166400006,0.03738,0.051999997,0.07688,,0.107,0.185899851762518,-0.366204256940476,-0.289428020565553,-0.314771084682209,0.0341,199868200,137564815360,18.050364,24.697172,1.0822414,-0.00944669365721997,0.00824175824175824,0.0323488045007032,0.0251396648044693,0.0485714285714286,0.0354223433242507,0.0354223433242507,0.0354223433242507,3670,,,,,0.730867647518509,Healthcare,
8338,JP3231000005,,,JP3231000005,0.08185001,0.12185001,0.083409995,,-0.356,0.82059306628203,0.33441329223818,0.270406193846086,0.197501805321532,0.028,8103889710,857797558272,24.50955,22.152578,7.20899,0.024016114037806,0.043746051800379,0.136934457250989,0.174724493423391,-0.0165178571428571,0.361779391738538,-0.24345589347859,-0.0366671962475412,6609,,,2.9,Hold,1.10639718772235,Technology,
8558,JP3622400004,,,JP3622400004,0.16389999,0.22288,0.29045,,0.046,0.128718886170466,-0.259374096850196,-0.191910437838351,-0.409291751935226,0.0213,2306492100,1192634220544,18.761719,17.973577,5.8253593,-0.00427990584207148,0.00746995777849951,0.0345747637576431,0.0515254237288136,0.0304506699147381,0.998710509348807,-0.0651192778852353,0.278744895766172,9306,,,2.1,Buy,1.04385003608352,Technology,
8713,JP3802940001,,,JP3802940001,0.072909996,0.35673,0.47553003,,0.197,0.027200932073798,-0.53143958415331,-0.347871317361487,-0.458729355556015,0.0157,1430708500,624417701888,34.483334,34.417603,3.7015252,-0.00859393650035808,0.000602337067823154,0.0245466880473665,0.0369538077403246,0.0515255095581719,0.372501805923429,-0.0609198169997592,0.159621719239104,8306,,,1.6,Buy,1.0019098076063,Technology,
8551,JP3238200004,,,JP3238200004,0.10414,0.04583,0.06498,0.32514,0.058,-0.293895553638747,-0.366002576411013,-0.258015575995124,0.663363612509767,0.0159,5567625000,638944804864,15.673592,24.585365,3.0571542,-0.00943396226415094,-0.00237529691211401,0.023142509135201,0.0349075975359343,-0.142857142857143,0.746031746031746,0.0317460317460317,0.435019841269841,1260,,,1.6,Buy,0.637517157056647,Communication Services,
8364,JP3358400004,,,JP3358400004,0.0032300001,-0.024330001,0.022650002,3.63838,,0.100325214871333,-0.30727761575882,-0.281815542250593,0.335345189330837,,9470806794,1545500360704,,-93.0749,1.6879236,-0.00839981505740669,-0.0344874269737129,-0.0111684879649628,-0.0135097493036212,-0.176395348837209,0.976563602993082,-0.188197091627841,0.325238881829733,708.3,,,2.5,Buy,,Consumer Cyclical,
2914,JP3726800000,,,JP3726800000,0.03754,0.02954,0.04834,0.95197,0.172,1.22475757729045,-0.208658927675548,-0.0443303855711269,0.0849928503299429,0.0275,2170634830,352705150976,12.9035845,13.092423,1.1541122,-0.0348547717842324,-0.0222782681799075,-0.00598290598290598,-0.0189793336145086,-0.0791765637371338,0.676698194325022,-0.0885640584694755,0.340130180567498,1163,,,1.7,Buy,0.985576504822675,Consumer Defensive,
2802,JP3119600009,,,JP3119600009,0.02385,0,0.02398,1.14996,-0.472,0.1512717582666,-0.315039437926692,-0.275889668985026,-0.124183352156873,0.0348,504087925,195404414976,8.810498,4.927564,0.78822845,-0.0103369065849923,0.00583657587548638,0.016515926071569,0.0209320695102686,0.0209320695102686,,,,1292.5,,,,,1.78800275349037,Consumer Defensive,
2503,JP3258000003,,,JP3258000003,0.08535,0.085310005,-0.054229997,1.14213,,-0.0454815813473969,-0.423915413124046,-0.365212645367144,-0.210932661145121,0.017,35558640,47021850624,15.898058,7.462025,3.4290001,0.000848896434634975,0.00597269624573379,0.00769230769230769,0.00855431993156544,0.0333041191936897,,,,1179,,,,,2.13052864336423,Consumer Defensive,
2502,JP3116000005,,,JP3116000005,0.02112,0.01956,0.04966,0.02991,0.063,-0.50807055050775,-0.0456928838951311,-0.0913431452080195,-0.167389574214087,0.0299,19155850,17578575872,13.351658,,0.65729046,-0.00865800865800866,0.0113564668769716,0.0402336145360156,0.0203691915977085,0.0552995391705069,,,,1603,,,,,,Basic Materials,
2801,JP3240400006,,,JP3240400006,0.04023,0.116639994,0.12015,0.03119,0.874,0.178238805970149,-0.313990973565442,-0.294562106468231,-0.383361854006747,0.0227,386977500,185840533504,15.503603,20.905428,1.0442791,-0.00451467268623025,0.008,0.0114678899082569,0.029171528588098,0.0126291618828932,0.473922902494331,0.473922902494331,0.473922902494331,4410,,,2,Buy,0.741606581793016,Consumer Defensive,
2269,JP3918000005,,,JP3918000005,0.04028,0.07033,0.021659998,0.45986,-0.668,-0.489692950843304,-0.442636133637674,-0.371271666380642,0.222167367089641,0.029,135550560,67002421248,11.13602,,1.0387326,-0.000935453695042095,0.0200573065902579,0.0293975903614458,0.0348837209302326,0.126582278481013,,,,2136,,,,,,Consumer Defensive,
2875,JP3613000003,,,JP3613000003,0.04789,0.12636,0.23391001,2.63342,7.555,-0.0564200170557774,-0.285708786202826,-0.230534987869019,-0.29085359430211,0.0313,969568600,88558886912,17.12292,8.442024,2.526061,-0.003125,0.019634703196347,0.00585585585585586,-0.0645161290322581,-0.163449577090745,0.61218092252575,0.0792655620241827,0.285266457680251,2233,,,,,2.02829558409216,Utilities,
2587,JP3336560002,,,JP3336560002,0.0075,0.25367,0.01704,,,-0.215513380360542,-0.336151600211934,-0.392992933802442,0.368314231943834,0.0235,155085300,38226993152,14.493082,,1.3634967,-0.0108359133126935,0.00313971742543171,0.00947867298578199,-0.0405405405405405,0.0721476510067114,,,,639,,,,,,Energy,
2267,JP3931600005,,,JP3931600005,0.04479,0.07022,0.08863,0.41877,0.462,0.317260370430912,-0.375885787549595,-0.249785781715199,0.292764033143867,0.0178,2072459800,274206457856,19.53147,,1.7077105,0.0641221374045802,0.0449775112443778,0.0434131736526946,-0.0681818181818182,-0.00428571428571429,,,,3485,,,,,,Basic Materials,
2501,JP3320800000,,,JP3320800000,0.08093,0.22082001,0.60152,0.24637,0.629,0.104683768606043,0.008817406459559,0.268412335630388,0.123362170257283,0.0286,22739342990,4524691423232,10.570819,14.578987,0.8912698,-0.00407228302367015,-0.00584349593495935,-0.00432569974554707,0.000255623721881391,0.130924855491329,0.277791975466394,-0.263991822131357,0.0879818553539484,3913,,,2.1,Buy,0.725072256392025,Energy,
2897,JP3675600005,,,JP3675600005,0.0231,0.12694,0.09526,0.09263,-0.794,-0.206795030687873,0.00652142425338396,0.146595443112644,-0.00655790091102586,0.0233,2785032330,492360073216,9.242046,12.793474,0.83497494,-0.00515729757607014,0.00994764397905759,0.00416449765747007,0.00941915227629513,0.122817229336438,0.088646967340591,-0.0150336962156558,0.0393986521513738,1929,,,3,Hold,0.722403156484314,Energy,
2579,JP3293200006,,,JP3293200006,0.05187,0.081020005,0.13063,,-0.09,0.329283857612029,-0.176680263706737,-0.250938748335553,0.0088540755467197,0.03,334076160,103424745472,14.10462,12.898067,0.9372003,-0.0177574835109082,0.0020703933747412,0.00519210799584631,-0.0290872617853561,0.0761534185658699,,,,1936,,,,,1.09354525759558,Utilities,
2809,JP3244800003,,,JP3244800003,0.05702,0.06836,0.061750002,0.12671,0.348,0.0624270668604149,-0.0382824396786319,-0.0305697002285253,-0.0191547419641837,0.0439,1281967530,300509528064,10.10125,19.911644,1.3928761,-0.010844306738962,0.0254282655246253,0.0287325456498389,-0.00441787941787942,0.0359653866955111,0.0180109631949883,-0.0707387105194466,-0.0263638736622292,1915.5,,,,,0.507303666136257,Industrials,
2212,JP3935600001,,,JP3935600001,0.06258,0.06086,0.070760004,0.00687,0.486,3.85999294420885,-0.20926689606262,-0.0992769167167183,-0.166384639107524,0.023,3687803280,671611092992,18.939419,23.2056,1.7023321,0.0389518413597734,0.0892890291442361,0.0923306031273269,0.0733491860252424,0.109682299546142,0.0395364689843218,-0.301295160190866,-0.0882753919563736,5868,,,,,0.816157263763919,Industrials,
2282,JP3743000006,,,JP3743000006,0.06157,0.039,0.04824,,-0.086,0.442844501649103,-0.00347428184052201,0.17100312082033,-0.260000946835203,0.0301,283955000,147642105856,10.741138,15.964471,1.2778944,-0.0191740412979351,0.00910470409711684,-0.0140845070422535,-0.036231884057971,0.0160427807486631,,,,13300,,,0,Strong Buy,0.672815153098402,Real Estate,
2002,JP3676800000,,,JP3676800000,,0.078990005,0.08695,0.45852,0.093,0.5238902748031,-0.0899937034990555,0.323810781368633,0.132088531829427,0.0301,11141819400,2057175040000,12.300075,26.512606,2.2044103,-0.00864100549882168,0.0293637846655791,0.0120288692862871,-0.0539730134932534,-0.0703499079189687,0.751188589540412,-0.0966719492868463,0.285940649762282,12620,,,1.6,Buy,0.463933081493385,Industrials,
2871,JP3665200006,,,JP3665200006,0.043909997,0.072519995,0.052449998,0.27364,1.223,0.532773108101865,-0.260790296455343,-0.13998873358448,0.0621482218717711,0.0305,7834087980,2119320469504,12.361172,22.347055,1.7030383,-0.0147011824864174,0.0208609271523179,0.0235723771580345,-0.00804375804375804,-0.0252924438823901,0.524489133960428,-0.0269218293869608,0.236620175154071,3083,,,1.6,Buy,0.553145459211516,Industrials,
2531,JP3459600007,,,JP3459600007,0.029690001,0.08135,0.03994,0.55696,3.982,0.238632063497879,-0.0236989116312423,-1.02933607823434E-05,-0.127740003245877,0.0327,8536502340,1600494764032,12.626506,28.714075,1.5778655,-0.0227932034811438,0.0174757281553398,-0.000847457627118644,-0.0692717584369449,-0.0258211113406321,0.441899915182358,-0.0245971162001696,0.22682663273961,2358,,,2.4,Buy,0.439732291567811,Industrials,
2264,JP3926800008,,,JP3926800008,0.050180003,0.048860002,0.095649995,0.73346,0.735,0.503383832587322,-0.287256753509561,-0.104819114890267,-0.0604473145535657,0.0366,2502444120,723852918784,13.36888,12.855732,1.270185,-0.0188476036618201,0.00718629076838032,0.00496414782129068,-0.0313662945241893,0.0165519806583597,0.390413465056714,0.0976948408342481,0.21569703622393,2733,,,,,1.03991589121491,Consumer Cyclical,
1332,JP3718800000,,,JP3718800000,,0.059439998,0.06331,0.58946,0.179,0.43034556773309,-0.261840239286979,-0.142929670360124,0.332057152703438,0.0293,10511465640,2300872491008,13.106081,18.681526,1.6777421,-0.0177549812586309,0.0223819301848049,0.0167449458852359,-0.0401002506265664,-0.030379746835443,0.847760594496887,0.0845551315525206,0.407339425587467,4979,,,1.4,Strong Buy,0.701553020882769,Industrials,
2206,JP3161200005,,,JP3161200005,0.03187,0.06511,0.06814,1.11804,1.82,-0.0816802152983936,0.146996893083798,-0.0329917475287929,0.136467167677743,0.044,664633350,224468992000,9.328389,12.978563,1.167593,-0.00768022342468145,0.0219306129786087,0.0375981018434021,0.00815747472956198,0.0684081939485059,0.372031662269129,0.0158311345646438,0.18117854001759,5685,,,2.4,Buy,0.718753609317149,Industrials,
2811,JP3208200000,,,JP3208200000,,0,0.04024,0.3475,-0.07,0.637019820704191,-0.131697687535251,-0.0410675552481846,0.334827289912356,0.052,782008100,207173140480,11.273935,,1.079288,-0.011986301369863,0.0212389380530973,0.0212389380530973,-0.00517241379310345,-0.00345423143350604,,,,5770,,,,,,Industrials,
2222,JP3299600001,,,JP3299600001,0.06799,0.07825,0.07169,,-0.033,0.522972972972973,-0.334029161527027,-0.240107869575876,0.10208813293466,0.0384,268765200,136389066752,10.615768,15.376849,1.0417324,-0.00251889168765743,0.0179948586118252,0.0259067357512953,-0.00126103404791929,-0.0503597122302158,0.313131313131313,0.262626262626263,0.287878787878788,3960,,,2,Buy,0.690373430863501,Industrials,
2810,JP3765400001,,,JP3765400001,0.04504,0.03299,0.04555,0.28746,0.596,-0.16488049500546,-0.390917400967932,-0.370279909835364,-0.0787615512202828,0.0617,300720520,72129380352,14.143303,,1.511278,-0.0043859649122807,0.0236753100338219,0.0424799081515499,0.028312570781427,0.0377142857142857,,,,908,,,,,,Industrials,
2229,JP3220580009,,,JP3220580009,0.02606,0.067540005,0.0478,0.4299,2.376,0.154041887941245,-0.505346399456309,-0.415242884627631,-0.130115316706489,0.0395,1061294835,449536458752,12.315491,16.650219,0.933892,-0.00491480996068152,0.0280974949221395,0.0315896739130435,-0.00686723348593852,0.0157190635451505,0.251234771155746,-0.143891998682911,0.126111294040171,1518.5,,,,,0.739659400275756,Industrials,
2201,JP3926400007,,,JP3926400007,0.040149998,0.04217,0.02868,0.31467,0.247,-0.0225995684413169,-0.191058005373795,-0.197278342945194,0.549729713529467,0.0377,1109597590,225509212160,11.350612,3.5361207,1.2259929,0.00226586102719033,0.0302795031055901,0.0383411580594679,0.0106626047220107,-0.0713785864240728,0.695553880934439,0.243406179351922,0.489073097211756,1327,,,,,3.20990513700508,Industrials,
2001,JP3723000000,,,JP3723000000,0.05208,0.05544,0.048800003,0.1918,0.149,-0.0476372406217913,-0.165305027877215,-0.276019160211985,0.224625835611248,0.0502,221207910,94697455616,11.148391,,1.2471019,0,0.0286116322701689,0.0423003802281369,0.0339462517680339,0.158478605388273,,,,2193,,,,,,Industrials,
2593,JP3143000002,,,JP3143000002,0.06617,0.06611,0.09826,0.40505,0.22,-0.0233138730987863,0.0335900553979193,0.182051773729626,0.00714976603142248,0.0463,203574540,102113189888,10.941106,24.89726,1.588593,-0.00863636363636364,0.023943661971831,0.0205896116050538,-0.0245974955277281,-0.0525629887054735,,,,2181,,,,,0.439450204560662,Industrials,
1333,JP3876600002,,,JP3876600002,0.0672,0.049629997,0.08203,0.6069,-0.001,0.345220695703011,-0.352701948617218,-0.270199180340139,-0.164617332507567,0.0486,4280772160,1091854598144,11.210702,2.402747,2.2097,-0.0117924528301887,0.00872705386698766,0.0163735597331716,0.0154498636776734,0.0377708978328173,0.10381861575179,-0.045346062052506,0.0187947494033413,3352,,,,,4.66578545306684,Real Estate,
2270,JP3947800003,,,JP3947800003,0.07359,0.10519,0.1167,,0.044,0.0840406927145539,0.0896122071238318,0.49699854298203,0.703440353460972,0.0337,449266300,135520190464,8.904688,,1.0006132,-0.00813356164383562,0.0225066195939982,0.0362254025044723,0.0135608048993876,0.0189094107299912,,,,2317,,,,,,Industrials,
2296,JP3144500000,,,JP3144500000,0.04757,0.02842,-0.014090001,0.00967,,0.00780736734350884,-0.273880385112601,-0.133861092009352,0.154589717512862,0.0559,499518600,74394214400,21.692266,,1.4491906,-0.00617283950617284,0.00750938673341677,0.0157728706624606,0.00311526479750779,0.013215859030837,,,,1610,,,,,,Industrials,
2607,JP3816400000,,,JP3816400000,0.052399997,0.055749997,0.06723,0.25509,0.092,0.104931694959396,-0.220773882195283,-0.0992497210501341,0.128243456646542,0.0352,893921930,169276735488,8.810626,16.372477,1.4590182,-0.0072562358276644,0.0228971962616822,0.0590227382680213,0.0228971962616822,0.0595353339787028,-0.0406578346276839,-0.0406578346276839,-0.0406578346276839,2189,,,,,0.538136410269503,Industrials,
2602,JP3677200002,,,JP3677200002,0.04792,0.0435,0.06099,1.27205,0.061,0.345624170089377,0.470486313795909,0.416877499387905,0.394235175741659,0.0329,3986845660,427661492224,12.594539,22.805246,2.2310255,-0.000631711939355654,0.018018018018018,0.100139082058414,0.047682119205298,0.0209745079057761,0.580278128950695,-0.115044247787611,0.337968836915297,1582,,,1.5,Strong Buy,0.552264992011049,Industrials,
1377,JP3315000004,,,JP3315000004,0.05037,0.04711,0.02347,0.15503,-0.496,0.230102451438888,-0.389693191815953,-0.231770736253495,0.0176415431327023,0.051,203536410,54618521600,11.695952,,1.2681612,-0.00732356857523302,0.00471698113207547,0.0122199592668024,0.000671140939597315,0.0289855072463768,,,,1491,,,,,,Industrials,
2815,JP3125800007,,,JP3125800007,0.0312,0.03461,0.04926,1.28861,-0.643,0.594135207929879,-0.220176147815634,0.240927742848116,0.220320883753888,0.0408,6219422055,752067477504,8.920649,1.9583892,0.68703866,-0.0227091633466135,-0.00527169505271695,0.00697865353037767,-0.0258141382049245,-0.0934959349593496,0.565430085609458,0.141459437423563,0.332246229107216,1226.5,,,2.3,Buy,4.55509507507496,Consumer Cyclical,
2590,JP3488400007,,,JP3488400007,0.04947,0.062800005,0.09276,1.15364,0.09,0.740382757443664,-0.203525999453278,-0.225113123823147,-0.179953524082832,0.0202,7984476500,2823864713216,8.045044,9.683245,0.97023636,-0.0146995244271509,-0.00632221495530848,-0.00869943453675511,-0.0157633340531203,-0.00653879686137751,0.261518209741115,0.00921456779289162,0.112086156208864,4558,,,2.6,Hold,0.830821072894469,Real Estate,
2281,JP3833200003,,,JP3833200003,0.09677,0.0928,0.112799995,0.02119,0.249,0.103493853297931,-0.317870811560114,-0.185856603773585,-0.0411486486486487,0.0135,519238250,161132232704,13.605325,18.626614,1.9081696,-0.00883838383838384,0.0261437908496732,0.0438829787234043,0.0194805194805195,0.0288335517693316,0.105732484076433,-0.13375796178344,0.021656050955414,3925,,,3.3,Hold,0.730423951449254,Industrials,
2292,JP3399300007,,,JP3399300007,0.046830002,0.0616,0.09866,0.81733,-0.024,0.303882635064754,-0.289847144411119,-0.118698906208541,-0.249735510725389,0.0436,8830868000,2172151398400,8.503402,8.875113,0.9655979,-0.0155744930943285,0.00239377618192699,-0.00327283546563523,0.00873230954531768,-0.0190336749633968,0.298507462686567,0.0149253731343284,0.147595313432836,3350,,,2.1,Buy,0.958117603685722,Consumer Cyclical,
2004,JP3366400004,,,JP3366400004,0.04911,0.045739997,0.05503,0.05805,1.524,0.203057405337092,-0.270755995521773,-0.276153676594531,0.0516758429959658,0.0295,315111340,181470543872,17.574669,24.553904,1.1736088,-0.0119670905011219,0.0134253931722286,0.0212601468882876,-0.00751314800901578,0.0722402597402597,0.211203633610901,0.211203633610901,0.211203633610901,2642,,,,,0.715758642698937,Industrials,
409A,JP3200010001,,,JP3200010001,0.052059997,0.078260005,0.03032,0.00739,21.256,-0.219424922472797,-0.506014716592581,-0.389228383094223,0.254636813403047,0.0371,173086850,64801132544,11.668377,,0.95716935,-0.00418888042650419,0.0171139634383508,0.0179057999221487,0.000765403750478377,0.0426634768740032,,,,2615,,,,,,Industrials,
2109,JP3890400009,,,JP3890400009,0.0678,0.08141,0.11686,0.07127,0.862,0.195547577630556,-0.352723048742349,-0.335528228499587,0.115307559452637,0.0365,189744170,109011607552,14.534554,,1.5442271,0.00217580504786771,0.0285841893702546,0.0149845747025121,-0.00518358531317495,0.0888888888888889,,,,2303,,,,,,Industrials,
4526,JP3972600005,,,JP3972600005,0.056360003,0.0796,0.10309,,0.061,0.136982340183827,-0.237104241017042,-0.136597443733131,0.0201378275881587,0.0272,385477500,272653893632,15.060242,,1.0778261,-0.00961538461538462,0.0117878192534381,0.005859375,-0.0152963671128107,0.0117878192534381,,,,5150,,,,,,Industrials,
1301,JP3257200000,,,JP3257200000,0.09071,0.0872,0.12478,0.02919,0.07,0.166756821784662,-0.501969756960139,-0.491002785664637,-0.319741741043308,0.0235,3750005790,1103134326784,17.7934,32.690495,2.861751,-0.019978783592645,0.0270520659625718,0.0202466408982146,-0.0363351877607789,-0.0175469691598724,0.515424860184016,0.172650189428108,0.355635143424139,5543,,,,,0.544298885654683,Industrials,
2585,JP3966680005,,,JP3966680005,0.07358,0.09716,0.08377,0.56624,1.371,0.103261726514214,-0.536447475032546,-0.502652046647772,-0.218067411998966,0.0202,3741521420,1139693846528,19.762701,34.86114,2.6327689,-0.0101428571428571,0.0272794662713121,0.0256068679692126,-0.0313155319446386,-0.0379061371841155,0.472073892336557,0.219512195121951,0.34098239284168,6929,,,,,0.566897726236147,Industrials,
2931,JP3944370000,,,JP3944370000,0.04887,0.073860005,0.08247,0.47019,1.119,0.333725790310237,-0.28657091440019,-0.109462817816861,-0.127937965399474,0.0337,368967680,210484019200,11.737114,,1.3475896,0.0035650623885918,0.0416281221091582,0.0454967502321263,-0.0148731408573928,0.0647754137115839,,,,2252,,,0,Strong Buy,,Industrials,
1379,JP3843250006,,,JP3843250006,0.05975,0.08084,0.03091,0.00045,1.441,0.617360965962989,-0.400297594353451,-0.311388941148301,-0.211228223844282,0.0308,394061250,240957210624,13.3331175,23.161144,1.1531845,-0.0072202166064982,0.0261194029850746,0.0403530895334174,0.00121359223300971,0.0456273764258555,0.260606060606061,0.260606060606061,0.260606060606061,4125,,,,,0.57566748430043,Industrials,
2613,JP3840000008,,,JP3840000008,0.059510004,0.042579997,0.06865,0.34938,0.903,0.113180615407878,-0.402876388130348,-0.315570733966196,-0.142998820934124,0.0305,1142677370,532861157376,17.361065,22.138695,1.5529772,-0.00455753892897835,0.0252298063759046,0.0316866758512104,0.0125555340931041,-0.00738496496875592,0.220908050362457,-0.0843189622281572,0.121709271270507,2621,,,,,0.784195500231608,Industrials,
2220,JP3219800004,,,JP3219800004,0.0793,0.083330005,0.026919998,0.03022,0.73,0.270401767890138,-0.541852567090631,-0.470551107474724,-0.00275288776543234,0.037,419418000,147583860736,12.13574,,1.8183461,-0.00917431192660551,0.0172684458398744,0.0318471337579618,0.00934579439252336,-0.0442477876106195,,,,3240,,,1,Strong Buy,,Industrials,
2053,JP3525400002,,,JP3525400002,0.07043,0.08592,0.108739994,0.08336,0.09,0.411082517018097,-0.387833840613881,-0.335908778484694,-0.235610790668173,0.0272,1386111800,572032548864,14.285713,16.278181,1.6454844,-0.000247249350970454,0.0290113245960046,0.0253581843540003,-0.0128173828125,-0.0243696465194837,0.681711388648448,-0.0478545814269816,0.39112155310993,8087,,,1.8,Buy,0.877598854564893,Industrials,
2288,JP3876400007,,,JP3876400007,0.03136,0.06696,0.07756,0.08387,1.072,-0.0634305015519086,-0.222286131653428,-0.128734445483714,-0.119548647092689,0.0223,3336327330,565126365184,13.494999,19.166666,1.3276924,-0.0105954651409197,0.0130180082447386,0.0097318339100346,-0.0432377049180328,0.0123590633130963,0.285071749839366,-0.22895695009638,0.0794602698650675,2334.5,,,2.6,Hold,0.704086928837806,Industrials,
2594,JP3236300004,,,JP3236300004,0.11571,0.121070005,0.12684,0.01257,0.253,0.255990879903215,-0.0180731743155214,-0.121284089765523,0.0633947329848047,0.0084,488048500,146190172160,12.484461,,2.163504,-0.0027972027972028,0.0273775216138329,0.0229555236728838,-0.00418994413407821,0.126382306477093,,,,7130,,,,,,Industrials,
2108,JP3732600006,,,JP3732600006,0.06337,0.08821,0.09137,0.11969,1.083,0.501832521973554,-0.37549264533757,-0.371857649735362,0.136301286867169,0.0293,319698840,161421000704,13.550164,4.973751,1.2902529,-0.012736395214203,0.0150793650793651,0.0179068842021488,-0.0161538461538462,0.0557160544779199,,,,2558,,,0,Strong Buy,2.72433501395627,Industrials,
2918,JP3994400004,,,JP3994400004,0.088549994,0.08422,0.09962,0.19125,-0.28,0.273028197084972,-0.162966629243776,-0.243963950598969,-0.00709293361048491,0.0261,2502650130,616756477952,16.501524,14.059004,2.980495,0.0109395109395109,0.0424684804246848,0.0723549488054608,0.0468680586406042,0.123480333730632,0.464035646085296,0.113940165499682,0.267769997878209,4713,,,1.3,Strong Buy,1.17373350203187,Industrials,
2908,JP3818700001,,,JP3818700001,0.09232,0,0.11323,0.1304,0.107,-0.0395424297420668,-0.574397339983375,-0.436063423479033,-0.288039983446344,0.0368,238893300,101303304192,10.929038,,1.9831973,-0.018796992481203,0.0289093298291721,0.0467914438502674,-0.00508259212198221,-0.00760456273764259,,,,3915,,,,,,Industrials,
2060,JP3802960009,,,JP3802960009,0.057189997,0.09314,0.08276,0.01165,0.107,0.229098078604245,-0.411563059606037,-0.373444848961921,-0.0771593043689026,0.0467,113760330,78630289408,14.641026,,1.1540016,-0.0166475315729047,0.00234055002925688,0.0160142348754448,-0.0115406809001731,-0.0745542949756888,,,,1713,,,,,,Industrials,
2211,JP3821200007,,,JP3821200007,0.052389998,0.05217,0.057740003,0.01983,-0.265,0.141676281990656,-0.444424966075174,-0.385293882447021,-0.0734768220098294,0.0359,703788800,241662148608,15.674046,10.074147,1.3879964,-0.00645994832041344,0.0145118733509235,0.0391891891891892,0.00391644908616188,-0.119129438717068,0.508452535760728,0.157347204161248,0.337234460338102,3845,,,2.3,Buy,1.55586830329158,Industrials,
2117,JP3676600004,,,JP3676600004,0.11166,0.10268,0.17727,0.02518,-0.051,0.0310043540516057,-0.411233298896656,-0.325097165889057,-0.204298039139714,0.0294,1490036240,378560217088,14.104604,9.932111,2.9065723,0.0065359477124183,0.0663265306122449,0.102902374670185,0.0212914485165794,0.104567761419404,0.367053998632946,0.367053998632946,0.367053998632946,2926,,,,,1.42010132589134,Industrials,
2910,JP3984200000,,,JP3984200000,0.07517,0.09759,0.12158,,0.331,0.272861733054521,-0.498146564014828,-0.4230380744296,0.215986590405998,0.0311,290122000,132873428992,16.129032,,1.8408868,-0.00155038759689922,0.0488599348534202,0.0471544715447155,0.00625,0.0776439089692102,,,,3220,,,,,,Industrials,
2533,JP3307400006,,,JP3307400006,0.029660001,0.05076,0.040149998,0.27091,-0.025,0.114386163420351,-0.405331776610235,-0.295781535176831,-0.447189226958013,0.0228,449382150,246257647616,11.587382,12.90169,0.8755453,-0.0135761589403974,-0.00501002004008016,0.00303030303030303,0.00573936529372046,0.0482054890921886,,,,2979,,,0,Strong Buy,0.898129004804797,Consumer Defensive,
2217,JP3927600001,,,JP3927600001,0.035720002,0.03496,0.05144,0.16757,-0.167,1.35213306845348,-0.428277867255656,-0.122929752163457,0.138319042854185,0.0325,1923534540,558669430784,17.636154,15.676736,1.0830871,-0.0414967618133845,-0.0286825473991249,-0.0203481245403285,-0.0193865030674847,0.0162767039674466,0.0760760760760761,0.001001001001001,0.0460460460460461,1998,,,,,1.12498890075077,Consumer Defensive,
1375,JP3947010009,,,JP3947010009,0.03636,0.04526,0.05396,0.0081,-0.035,-0.20513365950507,-0.271101942582087,-0.185511666920848,-0.156428982428186,0.0365,39163040,69779087360,21.008772,,1.4158821,-0.00312174817898023,0.00842105263157895,0.0301075268817204,0.0475669764898852,0.108796296296296,,,,1916,,,,,,Consumer Defensive,
2207,JP3920200007,,,JP3920200007,0.02764,0.03091,0.03767,0.3446,-0.003,-0.0891999038923594,-0.208123310687413,-0.0829325513196481,-0.170364996093314,0.0355,189675600,128200032256,12.0771475,12.816765,0.84310204,-0.00879396984924623,0.0102432778489117,0.00509554140127389,0.0313725490196078,0.131994261119082,,,,3945,,,,,0.942292965502605,Consumer Defensive,
2003,JP3683200004,,,JP3683200004,0.04008,0.03703,0.02192,0.09712,2.482,0.358064605266794,0.0931250670332777,0.154889425870982,-0.071304473460837,0.0369,131279820,59056926720,10.799181,14.0190735,0.78807545,-0.00962463907603465,0.00341296928327645,0.0238805970149254,0.0264339152119701,0.0865892291446674,,,,2058,,,,,0.770320592156108,Consumer Defensive,
2209,JP3149200002,,,JP3149200002,0.041789997,0.021879999,0.027290002,0.39762,0.074,0.247375387572302,-0.150357030015798,-0.198987203708393,0.315552226027397,0.0353,117029850,56370450432,8.834113,82.752815,0.9013447,-0.0100806451612903,0.0089041095890411,0.0137646249139711,0.0179682100898411,0.160756501182033,,,,1473,,,,,0.106753021030161,Consumer Defensive,
2915,JP3281850002,,,JP3281850002,0.0656,0.06145,0.10762,0.20299,0.213,-0.00341767992113052,-0.497300215982721,-0.442383190489356,-0.254263204874452,0.0411,52474900,93468573696,14.430123,,1.206155,-0.00487974904147787,0.0124113475177305,0.0145700071073205,0.0142095914742451,0.040831206707984,,,,2855,,,,,,Consumer Defensive,
2922,JP3651060000,,,JP3651060000,0.06506,0.11587,0.11535,0.22649,3.286,-0.416029241949348,-0.13053644825278,-0.0934230524904124,-0.0809602041450017,0.0499,1178585400,248828608512,14.770877,19.67772,1.3146262,-0.0078125,-0.00392156862745098,0.0438356164383562,0.101156069364162,0.186915887850467,-0.0551181102362205,-0.0551181102362205,-0.0551181102362205,3810,,,,,0.750639657439988,Communication Services,
2294,JP3206500005,,,JP3206500005,0.2787,0.18529,0.22097,0.01109,-0.028,-0.0980126246534756,-0.205369310438812,-0.181356051373395,0.255553190601394,0.0362,494267820,166742360064,18.448822,7.374341,7.641206,-0.00190294957183635,0.0334975369458128,0.0972803347280335,0.0972803347280335,0.148959474260679,0.239275500476644,0.239275500476644,0.239275500476644,1049,,,,,2.50175873342445,Industrials,
2882,JP3130740008,,,JP3130740008,0.21545,0.25821,0.25812998,0.05866,0.338,-0.0674413652342278,-0.105378198728451,0.405086168979168,0.447619226850125,0.0381,2652266826,208211542016,16.692934,16.916538,4.3828506,-0.000456621004566141,0.014835457852351,0.0458671356364619,0.0505519527247498,0.027699530516432,0.370488807674737,-0.0102025277904676,0.20907568143749,656.7,,,2.2,Buy,0.986781929021175,Financial Services,
2804,JP3831200005,,,JP3831200005,0.11412,0.046680003,0.083009996,0.28649,0.46,-0.0437799073129443,-0.26166738336025,-0.234015300518308,0.184059308358236,0.0554,1065089860,137783623680,20.668955,0.80266446,4.488147,-0.00413223140495868,0.0478260869565217,0.100456621004566,0.0904977375565611,0.324175824175824,-0.170124481327801,-0.253112033195021,-0.211618257261411,241,,,,,25.7504300115642,Industrials,
2933,JP3241500002,,,JP3241500002,0.082779996,0.07063,0.07142,0.12433,-0.432,-0.0784464123840737,-0.357562143428785,-0.13249464610484,-0.189233032945027,0.0494,307698750,172044353536,14.576735,13.227513,2.1443095,-0.00881057268722467,0.0109835247129306,0.0530421216848674,0.051948051948052,0.0310590631364562,0.283950617283951,0.135802469135802,0.218107012345679,2025,,,,,1.10200118495442,Industrials,
2266,JP3984800007,,,JP3984800007,0.0473,0.07854,-0.109680004,1.04006,,-0.114138152479671,-0.064751845801198,-0.140049802255749,-0.0055733954774268,,102797170,25115344896,46.281586,59.906544,6.7081785,0.0223285486443381,0.0388978930307942,0.0525451559934319,0.0439739413680782,0.00470219435736677,,,,641,,,,,0.772563110968311,Technology,
2204,JP3646000004,,,JP3646000004,-0.0066000004,-0.20045,0.51208997,0.07628,,1.29969578563531,-0.0340486615808243,-0.09034052200717,0.299473578299191,,3324555000,213897396224,,16.880486,4.486682,0.0858670230537922,0.122625215889465,0.121850189851571,0.114540466392318,0.195292386906951,0.538461538461538,0.169230769230769,0.353846153846154,3250,,,,,,Healthcare,
250A,JP3356550008,,,JP3356550008,0.07381,-0.21922001,0.21319,0.19986,-0.037,-0.485916880047272,-0.449750142628348,-0.316942408376963,-0.165505737259634,0.0114,1029425760,219401043968,,24.865116,7.7663755,-0.00112107623318386,0.00262565641410353,0.0348432055749129,0.0561043065981825,0.161164205039096,-0.176954732510288,-0.427609427609428,-0.295735129068462,2673,,,,,,Healthcare,
2935,JP3801810007,,,JP3801810007,0.073520005,0.02753,0.04453,0.34607,0.135,1.20145035692248,-0.249571603881531,-0.142836752600612,0.415983799545306,0.0445,3101889945,651127095296,15.218978,16.35294,2.9407022,-0.0299102495149288,-0.00545144804088594,0.0274550993625897,0.0462365591397849,0.122692307692308,0.301815690304899,-0.0750256937307296,0.0913718396711203,291.9,,,2.3,Buy,0.930656995011295,Industrials,
2929,JP3802310007,,,JP3802310007,0.0448,0.04473,0.0223,0.33788,0.255,0.73169720587016,-0.182576085388721,-0.0723687764472855,0.0017558669593112,0.0161,48831300,30188238848,12.6420145,,1.1999935,-0.00422119037568594,-0.0025369978858351,0.00254993625159371,-0.0100713386487621,0.0198875918720277,,,,2359,,,,,,Consumer Defensive,
2819,JP3165930003,,,JP3165930003,0.043730002,0.03148,0.051269997,0.18655,0.025,1.00858695239181,-0.196828074784063,-0.104729324634103,-0.0342458767361112,0.0165,2375655800,718111834112,17.093977,18.822254,1.5228626,-0.0339072847682119,-0.0455378173253075,-0.0568916472717869,-0.0522349272349272,0.0393274437161585,0.192761173567316,-0.0265972031806965,0.0865094598299973,3647,,,2.4,Buy,0.908179062932633,Consumer Defensive,
1376,JP3216200000,,,JP3216200000,0.020920001,0.0117999995,-0.03091,0.10109,,0.373224913087031,-0.192147701891355,-0.0883833865814697,-0.0368584088146493,0.0067,39123840,29960230912,69.93433,6.568282,1.5016149,0.00134318334452653,0.00471698113207547,0.0087956698240866,0.00404040404040404,0.000671140939597315,,,,1491,,,,,10.647278847041,Consumer Defensive,
2884,JP3958400008,,,JP3958400008,0.02803,0.02891,0.0583,0.40638,-0.937,0.419538036425813,0.0799869725427497,0.012886042764229,0.248582224010356,0.0182,303008200,83362381824,3.3818283,,0.79907215,-0.0112528132033008,-0.0237037037037037,-0.0229799851742031,-0.0208023774145617,0.0345368916797488,,,,1318,,,,,,Consumer Defensive,
1925,JP3505000004,,,JP3505000004,0.23072,0.16136,0.22247,,0.185,-0.0701694204098295,-0.412548859061711,-0.175304844556739,-0.0178636611303529,0.0135,2225680940,401062592512,31.94735,28.222126,8.856982,0.004642166344294,0.0303511208093632,0.0210340082563397,0.0578411405295316,-0.0125475285171103,0.232190989603389,0.155179052753177,0.193685021178283,2597,,,,,1.13199657601982,Consumer Defensive,
1812,JP3210200006,,,JP3210200006,0.05441,0.05184,0.07591,0.16774,0.184,-0.175763172247693,-0.347115798416079,-0.256982240665816,-0.296813121890547,0.0228,802366890,368046440448,21.644619,18.321026,1.7735006,-0.0159297789336801,-0.00099009900990099,0.00598205383848455,0.00231788079470199,0.0338114754098361,0.189296333002973,-0.141063759497853,-0.0116727122563594,3027,,,,,1.18140867219991,Consumer Defensive,
1928,JP3420600003,,,JP3420600003,0.03971,0.03891,0.06783,0.47077,2.993,0.161465135808136,0.0452118246310573,0.266065016113096,-0.0496514620052043,0.0219,2392775500,368632168448,16.555523,4.603539,0.33288512,-0.0138169257340242,0.0173719376391982,0.0325497287522604,0.0395994538006372,-0.0730519480519481,0.48861646234676,0.225919439579685,0.313485113835377,1142,,,1.5,Strong Buy,3.59625996434482,Consumer Defensive,
1802,JP3190000004,,,JP3190000004,,0.03822,0.03129,0.3414,0.764,6.63405574566406,-0.184615384615385,-0.0714140515817558,1.11532699241577,0.0546,106019380,20479131648,11.389429,,0.6297589,-0.0026857654431513,0.0036036036036036,0.00450856627592426,0.0154968094804011,0.0773694390715667,,,,1114,,,,,,Consumer Defensive,
1801,JP3443600006,,,JP3443600006,0.031659998,0.09427,0.083739996,0.17337,0.194,0.163832183051873,-0.19453461519978,-0.207873853447387,-0.0840198109010956,0.0256,2851144230,801637990400,18.691496,15.892413,1.3470944,-0.0189895470383275,-0.0131440588853838,-0.000177556818181818,0.00769506084466714,-0.0082775625220148,0.207600781388741,-0.289646599183094,-0.108506481974782,2815.5,,,3.7,Underperform,1.17612699846147,Consumer Defensive,
5334,JP3738600000,,,JP3738600000,0.04938,0.03384,0.07835,0.16913,0.512,0.406664910308833,-0.21903768872922,-0.21971798026263,0.111083970522864,0.0253,4224797280,1181202513920,33.670868,20.802294,1.5290117,-0.00320366132723112,0.0168067226890756,0.0232558139534884,0.00276243093922652,0.0857427716849452,0.216712580348944,-0.104683195592287,0.0571625344352617,4356,,,2.1,Buy,1.61861321640777,Consumer Defensive,
3436,JP3322930003,,,JP3322930003,0.02747,0.062179998,0.02372,0.16788,0.752,0.203080605523529,-0.311255099592033,-0.286864889607417,-0.180777410207939,0.0267,520425000,223406784512,7.142857,17.355486,0.92388904,-0.0183246073298429,0.00536193029490617,0.0135135135135135,0.00942126514131898,0.0176390773405699,0.213333333333333,-0.0666666666666667,0.0533333333333333,3750,,,,,0.41156191189345,Consumer Defensive,
5201,JP3112000009,,,JP3112000009,0.023599999,0.00939,0.02025,0.14804,-0.033,1.52252575930607,0.439886480908153,0.345753124188288,0.0419515099806252,0.0332,432634180,120981471232,26.383863,13.913295,0.99574566,-0.0167483660130719,-0.00496072757337743,0.00711297071129707,0.00166458593424886,0.0246913580246914,0.0386373078520981,0.0386373078520981,0.0386373078520981,2407,,,,,1.89630587147042,Consumer Defensive,
1803,JP3358800005,,,JP3358800005,0.03444,0.02313,0.04478,0.45995,-0.008,1.15669882484077,-0.332018262810361,-0.143166509042481,-0.0879431884662391,0.0296,3646313760,564344520704,16.835167,17.669119,1.0693567,-0.0340114431023522,-0.0276755719084946,-0.0270529854330078,-0.0104200586128297,0.0133377792597533,0.332675222112537,-0.0457387298453439,0.110562685093781,6078,,,3,Hold,0.952801721466701,Consumer Defensive,
5333,JP3695200000,,,JP3695200000,0.0337,0.03916,0.022149999,0.19846,-0.274,1.05491578146199,0.534887607587532,0.594242746468176,0.650986453992861,0.0346,348105930,55397416960,5.7803903,,0.74674684,-0.00301984469370147,0.00872981230903536,0.0312360553324409,0.0271111111111111,0.0900943396226415,,,,2311,,,,,,Consumer Defensive,
5332,JP3596200000,,,JP3596200000,0.02858,0.01912,0.022880001,0.3786,-0.009,-0.353835867008931,-0.610122503635356,-0.487742911883563,0.313180107185799,0.0401,327770800,86911492096,9.407248,12.088106,0.6644406,-0.0203498750446269,-0.00399274047186933,0.00993743099006257,-0.00399274047186933,0.0329528857440417,,,,2744,,,,,0.778223486789411,Consumer Defensive,
1944,JP3263000006,,,JP3263000006,0.042480003,0.018960001,0.0078100003,,-0.891,-0.285575898479124,-0.117513780392952,0.534152007965483,0.0603290676416819,0.034,57973180,23966834688,29.499882,,1.6259729,-0.00119808306709265,0.00643863179074447,0.00846774193548387,-0.0211350293542074,-0.0176747839748625,,,,2501,,,,,,Consumer Defensive,
1911,JP3409800004,,,JP3409800004,0.03424,0.01893,0.03233,0.36613,-0.039,2.51499461465592,-0.319103148663735,-0.267279151943463,-0.365852208421083,0.0312,687594750,282334101504,13.966481,17.653738,0.96070963,-0.016798418972332,-0.00698602794411178,-0.005,-0.005,0.0173824130879346,0.0452261306532663,0.0251256281407035,0.0385259296482413,4975,,,3,Hold,0.791134489477526,Consumer Defensive,
5929,JP3344400001,,,JP3344400001,0.18304001,0.1191,0.1611,0.0396,0.031,-0.320027504679831,-0.444138971650704,-0.276582495458001,-0.163272108114682,0.0409,351859200,157280567296,13.906447,17.460318,3.9633214,-0.00226757369614512,-0.00226757369614512,0.0352941176470588,0.0377358490566038,0.0551558752997602,0.113636363636364,0.113636363636364,0.113636363636364,440,,,2,Buy,0.796460121745778,Technology,
1942,JP3230600003,,,JP3230600003,0.0959,0.14251,0.15619001,0.93028,0.584,-0.170159266943197,-0.0800818883329189,0.17144621980797,-0.317274890692904,0.0735,608556480,84315848704,14.90411,16.190477,4.1147285,0.003690036900369,0.0149253731343284,0.0542635658914729,0.0187265917602996,0.101214574898785,0.25,0.25,0.25,272,,,,,0.920547924560839,Industrials,
5991,JP3742600004,,,JP3742600004,0.17989999,0.18889,0.26782,0.12468,-0.067,0.178882796165529,-0.379593700068478,-0.25435414285654,-0.609433342195439,0.013,1056810950,758702080000,40.32173,30.912462,11.707815,0.0105401844532279,-0.00104193800468872,0.0102739726027397,0.0359265262020529,0.0334141740770682,-0.348109517601043,-0.470664928292047,-0.405149934810952,3835,,,2.4,Buy,1.30438429653387,Communication Services,
5938,JP3626800001,,,JP3626800001,0.05985,0.03583,0.03433,0.74624,0.589,0.557634817719455,-0.238549348419032,-0.371022412128433,-0.261995070518965,0.0456,329223400,208913350656,10.4822645,18.652483,1.9979087,0.0154440154440154,0.0701932858596134,0.0935550935550936,0.0823045267489712,0.231850117096019,0.140684410646388,0.121673003802281,0.131178707224335,5260,,,,,0.561976896051855,Industrials,
5076,JP3153850007,,,JP3153850007,,0.12988,0.20062,,,-0.235156352324502,-0.485118036116723,-0.397839909401261,0.384156027376717,0.0124,5469119910,1181378805760,24.44843,24.745289,2.8988113,-0.0136300417246175,0.0175035868005739,0.049112426035503,0.0642256902761104,-0.0369364475828354,0.607445008460237,-0.0975747320924986,0.165632656514383,1773,,,2.2,Buy,0.988003413498222,Healthcare,
5393,JP3660400007,,,JP3660400007,0.03888,0.28841,0.19935,0.07139,2.316,0.269093130837043,-0.278824578467029,-0.184942619990486,-0.0143900146000521,0.0259,2693113545,235488378880,14.880744,26.7188,1.0920464,-0.0126066718386346,-0.00508110220832519,0.0198317307692308,0.0226998794696665,0.052947259565667,0.217835395796504,-0.186800235710077,0.00766057748968768,2545.5,,,2.5,Buy,0.556939084090603,Industrials,
5233,JP3449020001,,,JP3449020001,0.010570001,0.6287,-0.0297,0.28817,48.364,0.176121127004239,-0.250096596111808,-0.249299382989,-0.120107635581303,0.0216,1965348000,720670097408,76.3321,10.741063,1.4049737,-0.0319539025667889,-0.00618445818768486,0.00544069640914037,0.0016260162601626,-0.0404984423676012,0.128246753246753,-0.458874458874459,-0.252705627705628,1848,,,3.8,Underperform,7.10656850257745,Consumer Defensive,
1808,JP3768600003,,,JP3768600003,0.028770002,0.05402,0.13619,0.52869,1.142,0.114106043800647,-0.322851623237039,-0.305285144462306,-0.150159888266335,0.0385,8927707600,2354886213632,14.641688,11.253232,0.73847556,-0.0212765957446809,-0.0067859346082665,0.0148124803025528,0.00311526479750779,-0.0353505092869982,0.677018633540373,0.0372670807453416,0.276894409937888,1610,,,1.9,Buy,1.30110958345123,Consumer Defensive,
1951,JP3254200003,,,JP3254200003,0.055159997,0.078099996,0.12544,0.50194,1.649,0.264470087220844,-0.258262283627725,-0.223722243696536,-0.189137775281164,0.0267,8318132730,2257182261248,11.709694,16.561047,1.666656,-0.0152117545375972,0.00956937799043062,0.0264864864864865,0.0158701854493581,-0.0268192688759822,0.357556608741443,-0.104791995787256,0.041881692118659,2848.5,,,2.5,Buy,0.707062421838426,Consumer Defensive,
1721,JP3305530002,,,JP3305530002,0.02153,0.029660001,0.04324,0.2288,-0.64,0.610481159497944,-0.280278421197851,-0.0253368091305396,-0.0586364016939218,0.0124,1326460320,478993776640,41.321224,26.73077,1.8607764,-0.00969720957846824,0.0212244897959184,-0.0130177514792899,0.0228945216680294,0.19512777645092,,,,2502,,,,,1.54582991810561,Consumer Defensive,
5344,JP3879250003,,,JP3879250003,0.049850002,0.03613,0.057529997,0.16909,-0.207,-0.455172229019496,-0.133531453064937,-0.292750092776736,-0.173684065221112,0.0248,65248040,26315280384,8.460059,29.333334,0.9822325,-0.00819672131147541,0.0386266094420601,0.0408602150537634,0.0544662309368192,0.0925507900677201,,,,484,,,,,0.28841109571793,Consumer Defensive,
1963,JP3667600005,,,JP3667600005,0.028870001,0.02214,0.03928,0.47463,,0.128158286365941,-0.206267966110644,-0.220919881305638,-0.345059504983229,0.0188,2736266900,619594645504,34.72348,40.940674,1.7032139,-0.0151709951144253,0.01162176439514,0.0396308360477742,0.0202450719232818,-0.0085425834843386,0.344647519582245,-0.268929503916449,0.087467362924282,3830,,,2.3,Buy,0.848141386240979,Consumer Defensive,
1969,JP3455200000,,,JP3455200000,0.07603,0.06302,0.11209,1.89297,0.116,0.533479201705428,-0.279704868209637,-0.197244808120566,0.251939452052549,0.0112,844441110,69583388672,20.201868,15.055574,4.1193094,-0.0289645184648805,-0.0317689530685921,-0.0044543429844098,-0.0674547983310153,-0.108970099667774,0.565995525727069,0.118568232662192,0.416853094705444,1341,,,1.7,Buy,1.34181984692181,Consumer Defensive,
5901,JP3613400005,,,JP3613400005,0.045890003,0.049569998,0.09512,0.01087,0.056,-0.195694215208728,-0.21977580162912,-0.235188937072704,-0.0520807221320373,0.0266,3930732740,1394515378176,15.55188,13.604847,1.0297235,-0.0214657415437988,-0.00199026979212738,0.0127917414721724,0.0112032265292404,-0.0118239544558791,0.384888101041436,-0.0915134057168181,0.0682271216485707,4513,,,2.9,Hold,1.14311318605788,Consumer Defensive,
1893,JP3309000002,,,JP3309000002,0.03283,-0.1074,0.08005,0.45395,0.809,-0.466522618736324,-0.406511222818627,-0.359991836258674,-0.270810597646756,0.01,252719600,95438782464,,29.617239,1.3813093,-0.0147299509001637,0.0144927536231884,-0.00165837479270315,-0.0147299509001637,0.0350756533700138,-0.302325581395349,-0.302325581395349,-0.302325581395349,3010,,,4,Underperform,,Consumer Defensive,
5947,JP3977400005,,,JP3977400005,0.01279,0.013409999,0.03247,0.59236,0.953,0.171184330252383,-0.215662790891096,-0.0191563275434243,0.0674930296617285,0.006,137527920,43018293248,43.482025,,1.3362205,-0.00347394540942928,0.00049825610363727,0.00349825087456272,-0.00297914597815293,0.0229240957717779,,,,2008,,,,,,Consumer Defensive,
1959,JP3247050002,,,JP3247050002,0.02855,0.01878,0.04217,0.54791,-0.781,2.34578529920953,-0.175087643084196,0.0241584507559618,-0.0977434992626804,0.0285,674345350,192796344320,8.285164,4.005627,0.90921956,-0.0066006600660066,0.00620821394460363,0.00476871721506915,0.0139557266602502,0.135237068965517,-0.0507831039392501,-0.0507831039392501,-0.0507831039392501,2107,,,3,Hold,2.06838130459975,Consumer Defensive,
5214,JP3733400000,,,JP3733400000,0.03697,0.01763,0.04976,1.14175,0.715,-0.174689945392931,-0.213004361218701,0.00593349925463378,0.196382296959855,0.0139,1180401240,382880022528,34.364872,23.924139,1.5467772,-0.0180815876515987,-0.0213186813186813,0.0185269899359561,0.0131968145620023,0.10359355638166,0.36986301369863,0.0330114529530654,0.166147990119021,4453,,,1.7,Buy,1.43640997905923,Consumer Defensive,
3110,JP3684400009,,,JP3684400009,0.05475,0.04241,0.07283,,0.049,0.455554746272384,-0.152059696946623,0.0401578755247309,-0.270048212133387,0.0324,566841900,201501933568,19.646479,17.322433,1.3878648,-0.00732064421669107,-0.0102189781021898,0.0164917541229385,0.018018018018018,0.0398773006134969,0.0914454277286136,0.0471976401179941,0.0693215339233038,3390,,,2.5,Buy,1.13416394798583,Consumer Cyclical,
1860,JP3627000007,,,JP3627000007,0.02131,0.011410001,0.01994,0.1438,0.055,-0.327401078314905,-0.514770800615678,-0.133803859631805,0.510961470898232,0.0269,243697200,81431543808,25.974026,,0.7235276,0.00269541778975741,0.0122448979591837,0.0122448979591837,0.00953475105693222,0.0444909755785579,,,,3720,,,,,,Healthcare,
1417,JP3910620008,,,JP3910620008,0.090299994,0.12342,0.19261,0.0109,0.104,-0.310237610187044,-0.429400343233662,-0.377012794668203,-0.424886069601586,0.0298,1276966680,664603000832,14.347569,14.7246,1.6559151,-0.00904559719401883,0.00336448598130841,0.0162817114729269,0.0052434456928839,-0.0207722169427261,0.304023845007452,-0.0126676602086438,0.147127049180328,2684,,,2.3,Buy,0.974394482702416,Consumer Cyclical,
5301,JP3560800009,,,JP3560800009,0.060650002,0.05116,0.04976,0.0498,2.075,-0.137723521320495,-0.27307371680362,-0.24078027235922,-0.263763945681256,0.0367,29173760,38703992832,Infinity,,2.3055935,-0.00861244019138756,-0.00240731824747232,0.00974658869395711,0.0107317073170732,0.00436257876878333,,,,2072,,,,,,Industrials,
1961,JP3325600009,,,JP3325600009,-0.0555,-0.05895,-0.0037200002,1.2915,,0.0287283094295748,0.372396478959532,0.269008049337231,-0.246057822695337,0.0161,535546550,111290228736,,9.917817,2.399827,-0.0127084988085782,0.012214983713355,0.0358333333333333,0.0016116035455278,-0.00798084596967279,0.0539018503620274,-0.19549477071601,-0.0541317779565568,1243,,,3.7,Underperform,,Consumer Cyclical,
1980,JP3486000007,,,JP3486000007,0.03402,0.01891,0.04242,1.48315,0.309,-0.323565429527419,-0.298148722515149,-0.179926961862472,0.310864741652846,0.0144,394420380,93769646080,10.740977,8.765341,0.9310579,0.000424448217317487,0.0319614711033275,0.0636281588447654,0.0447695035460993,0.148635477582846,,,,2357,,,,,1.2253918016424,Consumer Cyclical,
1719,JP3767810009,,,JP3767810009,0.079959996,0.0294,0.09807,0.07176,-0.105,-0.226313898583453,-0.454214098940863,-0.462174867657161,0.28512319295414,0.0288,531912200,144381247488,15.197864,10.288268,1.735366,-0.0141732283464567,-0.0234009360374415,-0.0110584518167457,-0.0279503105590062,-0.0850337247367786,0.309904153354633,0.0223642172523962,0.120340798722045,3130,,,2.5,Buy,1.47720335434497,Consumer Cyclical,
5384,JP3820900003,,,JP3820900003,0.01208,0.008590001,0.0057099997,0.47027,-0.871,-0.127273981512506,0.225181326836372,0.862632658366793,0.507643022903844,0.009,1280179600,132980531200,38.1702,14.811864,1.9458103,-0.0187683284457478,0.00119688809096349,-0.00119402985074627,-0.0250582750582751,0.0188794153471376,-0.0735206216377765,-0.276748356246264,-0.141263239689181,1673,,,3.3,Hold,2.57700178721598,Consumer Cyclical,
1414,JP3360250009,,,JP3360250009,0.10248999,0.0881,0.13551,0.00026,-0.057,-0.193396940784492,-0.323803900081037,-0.328544553321664,-0.237685577557301,0.0081,3634071000,1045055012864,28.409294,32.932503,3.5708232,-0.00757575757575758,-0.0284301606922126,-0.0211706102117061,-0.0355828220858896,-0.0236024844720497,0.208651399491094,0.132315521628499,0.170483460559796,7860,,,,,0.862652134275977,Consumer Cyclical,
1979,JP3441200007,,,JP3441200007,0.105129994,0.0754,0.12962,0.15721,0.034,-0.246088557711855,-0.332650358966468,-0.245488424618859,-0.263375055395969,0.0269,1285092800,257161969664,14.577202,7.6499357,3.1525397,-0.00402144772117963,-0.0145888594164456,0.00337609723160027,-0.0171957671957672,0.00202292650033715,0.379542395693136,0.211305518169583,0.303835800807537,1486,,,1,Strong Buy,1.90553261774475,Consumer Cyclical,
1833,JP3194800003,,,JP3194800003,0.04513,0.024419999,0.054980002,0.24884,1.375,0.191328782174829,0.173233270794246,0.110837118754056,-0.190416666666667,0.0199,658487520,266041114624,17.241144,20.25765,1.1092042,-0.00316957210776545,0.0104417670682731,0.0231801545343636,0.0277777777777778,-0.00277447483154974,-0.125596184419714,-0.125596184419714,-0.125596184419714,2516,,,,,0.851092994498375,Consumer Cyclical,
5232,JP3400900001,,,JP3400900001,0.022550002,0.00922,0.011729999,0.47254,-0.271,1.19753063324291,0.176364528231847,0.217110384879582,-0.169339130434783,0.0414,281779850,90554507264,8.936536,7.3745914,0.7325664,-0.0124132895217233,0.00371057513914657,0.0207547169811321,0.0188323917137476,0.0607843137254902,,,,2705,,,,,1.21180083278919,Consumer Cyclical,
3433,JP3552290003,,,JP3552290003,0.08653,0.0251,0.05633,2.00077,10.433,1.28391927909633,0.227106722575409,0.190774867306518,0.0938527670063426,0.089,5138732500,250611056640,25,,3.554151,0.0236111111111111,-0.0027063599458728,0.0589080459770115,0.1,0.177316293929712,,,,36850,,,,,,Technology,
1861,JP3266800006,,,JP3266800006,0.05786,0.0385,0.048660003,0.14036,-0.07,0.188728048282434,-0.282220442014985,-0.249424896869692,0.405277808707271,0.0182,118632800,84645937152,9.460749,10.995563,1.071834,-0.013681592039801,-0.00998751560549313,0.0166666666666667,0.0089058524173028,0.0799438132164487,,,,3965,,,,,0.860415151093218,Consumer Defensive,
1820,JP3659200004,,,JP3659200004,,0,0.15917,0.19757,0.213,0.0979549336194691,0.71955030417337,0.377389287401744,0.176083448269391,0.02,196614000,57805975552,13.475743,8.676092,2.5109553,-0.00881057268722467,0.00446428571428571,0.0465116279069767,0.0321100917431193,0.102941176470588,,,,675,,,,,1.55320425371239,Industrials,
1950,JP3736200001,,,JP3736200001,0.052259997,0.04237,0.06745,0.61683,1.183,-0.45474216380182,-0.470304630987165,-0.507419702704417,-0.279290950380647,0.0325,372144800,124865798144,15.948843,12.394036,2.3398306,0.0143540669856459,0.0366748166259169,0.0354090354090354,0.053416149068323,-0.0514541387024609,,,,4240,,,,,1.28681593308265,Technology,
1885,JP3556000002,,,JP3556000002,0.0941,0.07526,0.15743,0.12741,-0.149,-0.464050696232091,-0.414890265672582,-0.418305151166669,-0.333276359882712,0.0264,1136118870,164782227456,12.658409,9.858473,2.6884968,-0.00712678169542386,0.015343306482547,0.056686626746507,0.0703598867771937,0.0592236894757903,0.159803551190026,-0.244427653947866,-0.0423120513789195,2647,,,,,1.28401315294975,Consumer Cyclical,
5331,JP3763000001,,,JP3763000001,0.01417,0.03768,0.03451,1.25907,0.443,0.184598961923396,-0.224816433306579,-0.171792732452279,-0.0691727104734105,0.0307,6516686880,1221729714176,11.862387,11.107958,1.0673041,-0.00271739130434783,0.0249607261302147,0.0231747691235407,0.00136425648021828,0.059927797833935,0.345367847411444,-0.114441416893733,0.0955137942779292,5872,,,2.4,Buy,1.06791788373705,Industrials,
1926,JP3965800000,,,JP3965800000,0.0145000005,0.012510001,0.00709,0.06169,-0.497,1.11621264121264,-0.171824654547355,-0.191800034582797,-0.175324067326505,0.0306,1049085050,412739829760,10.246027,14.654044,0.8499157,-0.0123819517313746,0.00706184463941793,0.0252723311546841,0.0266143106457243,0.0707622298065984,0.0624734381640459,-0.073523161920952,-0.00552486187845304,2353,,,,,0.69919450221386,Healthcare,
1941,JP3524000001,,,JP3524000001,0.07305,0.08465,0.12189,0.10577,0.264,0.475227450862311,-0.208009680303015,-0.112580178842265,0.00873781399265974,0.0151,6172769350,1535408734208,25.064365,25.75074,2.6703973,-0.0172209026128266,-0.0128243364151506,-0.00957510472770796,-0.0235988200589971,-0.0649717514124294,0.329305135951662,-0.0936555891238671,0.141490392749245,1655,,,2.2,Buy,0.973345426189694,Consumer Defensive,
5930,JP3831600006,,,JP3831600006,0.0672,0.08513,0.12911999,0.66233,0.168,-0.153460596276938,-0.319459896028848,-0.266247693697975,-0.248077011525973,0.0102,13811233280,4672319913984,35.46171,21.126093,6.0437107,-0.00989299414496265,0.00698151950718686,-0.0140731805388018,-0.035405192761605,-0.0561970746728253,0.48858075040783,-0.255709624796085,0.253350061174551,4904,,,1.8,Buy,1.67857397958061,Consumer Defensive,
5310,JP3616000000,,,JP3616000000,0.01135,0.086780004,0.04177,0.16293,-0.648,-0.0495784992905434,-0.283295776275495,-0.323742793791574,-0.202518405686723,0.0267,27075000,22894532608,9.861673,,0.9307183,-0.00793650793650794,0.00698174006444683,0.0146103896103896,0.0118726389638424,0.0605203619909502,,,,1875,,,,,,Consumer Defensive,
5911,JP3955200005,,,JP3955200005,0.050100002,0.047620002,0.08916,0.07205,0.317,1.84425649292822,-0.239574520670349,-0.182523174871415,-0.335072045961418,0.0146,1654699200,600600084480,24.510075,24.812786,1.8609502,-0.0335219851980845,-0.0192180251822399,-0.0231023102310231,-0.0451612903225806,-0.0295081967213115,0.306306306306306,-0.00900900900900901,0.145833333333333,4440,,,2,Buy,0.987800201073753,Consumer Defensive,
5975,JP3598200008,,,JP3598200008,0.026659999,0.033800002,0.051030003,0.05919,1.967,0.641593700787401,0.219341099837154,0.0917156808345356,-0.116745827004525,0.0252,1077748800,354527936512,49.749626,25.238155,1.2373344,-0.0119343610144207,0.0101677681748856,0.0263429752066116,0.0348958333333333,0.0740540540540541,0.107196779063915,-0.169602415702063,-0.0270088827377956,3974,,,2,Buy,1.97120692855718,Consumer Defensive,
1720,JP3567410000,,,JP3567410000,0.03832,0.04443,0.06509,0.30977,-0.207,3.66866007973652,-0.162498136943607,-0.121492962201487,-0.172758465858448,0.2184,1028774720,243465764864,18.415653,12.056611,1.2618012,-0.0164413591523566,-0.0162616480906267,-0.0235763511062749,-0.0191291674257606,0.0312200727829918,0.00297176820208024,0.00297176820208024,0.00297176820208024,2692,,,3,Hold,1.52743196243123,Consumer Defensive,
1934,JP3946200007,,,JP3946200007,0.04987,0.13611001,0.15948,0.00006,-0.113,0.308290965975753,0.0416830109214031,0.126151454298115,-0.110985985985986,0.0457,478485000,164530896896,17.667845,18.787575,1.2684888,-0.00190114068441065,0,0,-0.0131578947368421,-0.00190114068441065,0.295238095238095,-0.00952380952380953,0.174603142857143,5250,,,2,Buy,0.940400504056537,Consumer Defensive,
1968,JP3447200001,,,JP3447200001,0.03255,0.04473,0.06524,0.01338,2.934,-0.554506842850401,-0.292952380952381,-0.11990472949983,0.350490196078431,0.0199,25351200,24493678592,13.77403,12.9974165,0.67002916,0.00119426751592357,0.0153411384739604,0.0349794238683128,0.0161616161616162,0.0202839756592292,,,,2515,,,,,1.0597513744366,Consumer Defensive,
1835,JP3595400007,,,JP3595400007,0.04423,0.036930002,0.03602,0.49471,0.225,0.402335028397273,-0.424287042607887,-0.300286777716761,-0.328345946879227,0.0335,2841949500,553864134656,20.243656,9.379111,1.922913,-0.00807899461400359,0.00775193798449612,0.0179640718562874,0.0317460317460317,0.00158622252435985,0.131221719457014,-0.0497737556561086,0.0369532579185521,2210,,,,,2.15837684403138,Consumer Defensive,
3445,JP3100350002,,,JP3100350002,0.01924,0.01933,0.061189998,1.24339,,-0.300794452003687,-0.315053283947471,-0.244475753050241,-0.179213604735469,0.0129,315229880,128092856320,40.486435,32.688824,1.5057862,-0.00688389169343736,-0.00642791551882461,-0.0212573496155586,-0.0114207400639561,0.0169172932330827,-0.0757855822550832,-0.0757855822550832,-0.0757855822550832,2164,,,,,1.23854057888409,Consumer Defensive,
5943,JP3759400009,,,JP3759400009,0.09099,0.13387999,0.16639,0.00574,0.225,0.875812568259764,0.0331291822615403,0.0098688936385871,-0.167414536325812,0.0226,4792259290,925103357952,13.642606,15.3932495,1.7614731,-0.0236638925097764,-0.0296960637767813,-0.0267866066966517,-0.0368941641938675,-0.0605885190545104,0.468624833110814,-0.12293314162473,0.199376912806819,9737,,,2.8,Hold,0.886271998644601,Consumer Defensive,
6330,JP3607800004,,,JP3607800004,0.03425,0.058870003,0.07285,0.34874,0.205,-0.124366070798423,-0.170586593796564,-0.107737480437651,-0.184953142869532,0.0238,3420082085,843542560768,18.832373,14.230118,1.6064876,-0.0160454621427378,-0.0175233644859813,0.00204255319148936,0.00925767186696383,0.0204541514993933,0.596738576524546,-0.116697808731102,0.0976162051978936,2943.5,,,2.5,Buy,1.32341650294116,Consumer Defensive,
1952,JP3380250005,,,JP3380250005,0.07413,0.16726999,0.31737,0.3791,0.446,0.119268390400446,-0.267180508934006,-0.259147094888463,-0.371030229917028,0.0395,23020655460,12225112702976,20.53377,22.868721,2.7823842,-0.00433776749566223,0.0156342182890855,0.0288360974152099,0.0417549167927383,-0.0204836415362731,0.219866395585245,-0.114144641301191,0.0502580598315423,6886,,,1.9,Buy,0.897897613075957,Consumer Defensive,
6379,JP3331600001,,,JP3331600001,0.0323,0.020380002,0.027679998,0.54374,-0.361,-0.400311986863711,-0.549217453697475,-0.430989421281892,-0.124100156494523,0.0442,174159700,47047249920,8.84181,13.557884,0.7903857,-0.0177151120751988,-0.0148658448150834,-0.000735564545788893,-0.00730727073438071,0.00941072707150008,0.324990798675009,0.324990798675009,0.324990798675009,2717,,,,,0.65215265154946,Consumer Defensive,
1766,JP3590900001,,,JP3590900001,0.0416,0.04033,0.07029,0.13068,,-0.339305711086226,-0.530201342281879,-0.355253308991328,-0.175440276669327,0.0151,24800400,25064247296,18.656927,16.301146,0.89270115,-0.00598802395209581,0.0035264483627204,0.0142566191446029,0.00656897422940879,0.0321243523316062,,,,1992,,,,,1.14451628124796,Consumer Defensive,
1975,JP3112800002,,,JP3112800002,0.030350002,-0.00331,0.07769,0.73052,,-0.42802283390826,-0.418079233129678,-0.231550187522684,-0.0331058459549607,0.0057,182812000,48825294848,,-140,1.4715713,-0.00568181818181818,-0.00568181818181818,0.0355029585798817,0.0204081632653061,0.0447761194029851,0.142857142857143,0.142857142857143,0.142857142857143,350,,,,,,Consumer Defensive,
1946,JP3552230009,,,JP3552230009,0.02438,0.0081400005,0.00095,0.96947,,0.495353421571388,0.340117281821318,0.258374882091362,0.872231411468179,0.0204,60260690,25729044480,23.420616,12.25,1.030563,-0.00879507475813545,-0.00353669319186561,0.00177777777777778,-0.000886524822695035,0.0199095022624434,,,,1127,,,,,1.91188702040816,Consumer Defensive,
1762,JP3457900003,,,JP3457900003,0.04323,0.03549,0.066199996,0.16966,0.11,0.323675804175024,-0.115468409586057,-0.134232065479056,0.082514435695538,0.0239,24223610,15196742656,11.324806,14.170561,0.7532412,-0.00246710526315789,-0.000823723228995058,0.0176174496644295,0.019327731092437,0.0927846207512701,,,,1213,,,,,0.799178381152306,Consumer Defensive,
1982,JP3793400007,,,JP3793400007,0.02559,0.42075002,0.54033,0.96997,-0.078,2.80515953835709,-0.32235823835655,0.0739657084364072,0.0888705575032653,0.0659,122457600,38338904064,14.7710495,,0.9474349,-0.00654205607476636,-0.0129990714948932,0.00283018867924528,-0.00561272217025257,-0.0345140781108084,,,,106300,,,0,Strong Buy,,Real Estate,
7943,JP3662200009,,,JP3662200009,0.01809,-0.52906,0.55876,1.08968,,2.3440200114649,-0.330504662268911,-0.114696197392756,-0.204256532066508,0.0564,198135000,49045393408,,47.16981,1.079673,0.00478468899521531,-0.00756143667296786,0.0184287099903007,0.00574712643678161,-0.00527559194983747,,,,105000,,,,,,Real Estate,
1870,JP3933200002,,,JP3933200002,0.050869998,0.077470005,0.14995,2.87487,0.884,-0.286165767103597,-0.205441204686952,0.149809885931559,-0.204759178291346,0.0359,280489500,53947916288,7.9874177,,1.436738,-0.00628930817610063,0.0356882738528769,0.0455882352941176,0.0128205128205128,-0.0878768441308531,0.476793248945148,0.476793248945148,0.476793248945148,1422,,,,,,Real Estate,
1852,JP3110000001,,,JP3110000001,0.01811,0.41147,0.48435003,0.83421,-0.115,1.08240387437628,-0.356957007611698,-0.108340835672298,0.570565702607561,0.0546,283179200,71731503104,19.230768,,0.9160877,-0.014985014985015,-0.0100401606425703,-0.00202429149797571,-0.00804828973843058,-0.068932955618508,0.0953346855983773,0.0953346855983773,0.0953346855983773,98600,,,,,,Real Estate,
1899,JP3805600008,,,JP3805600008,0.087,0.08011,0.21348,1.70032,,-0.259488738639856,-0.528412650184366,-0.436948500753521,0.0139717237139989,0.0085,523943860,37881561088,20.704535,15.236552,2.3033664,0.00901287553648069,0.0221739130434783,0.0594862550698513,0.0164288802421098,-0.0762278978388998,0.318587834963845,0.318587834963845,0.318587834963845,2351,,,,,1.35887272921065,Real Estate,
1976,JP3918200001,,,JP3918200001,,0.45931998,0.56261003,0.98514,-0.003,2.61797041086381,-0.301653028952762,-0.00117737394420269,0.232245754626979,0.0652,216595200,35813470208,14.880952,,0.8861723,-0.0282722513089005,-0.0282722513089005,-0.0148619957537155,-0.0262329485834208,-0.0559511698880977,,,,92800,,,,,,Real Estate,
5273,JP3887600009,,,JP3887600009,0.02784,0.18649,0.17639999,0.06497,0.654,0.499062662039807,-0.448071947763952,-0.39689197725837,-0.40249343832021,0.0192,87562500,98904809472,13.020833,,0.99016833,0.0245901639344262,0.0611205432937182,0.0787021056265102,0.0768435561681599,0.0702054794520548,,,,3125,,,,,,Industrials,
3443,JP3226300006,,,JP3226300006,0.03422,0.1415,0.25898,2.32092,0.149,0.245607920431501,-0.376984722013962,-0.360265448520753,-0.351033858832173,0.0385,3026121000,1321216376832,11.061666,12.773455,1.3946532,-0.0133257726112844,0.00403923831506059,-0.000287273771904625,-0.00684931506849315,0.0101596516690856,0.270114942528736,0.0344827586206897,0.128078850574713,1740,,,2.7,Hold,0.86598856769762,Real Estate,
1879,JP3380300008,,,JP3380300008,0.061290003,0.083859995,0.060060002,0.09746,0.288,-0.242531183449954,-0.353687965585983,-0.283877246480244,-0.0299158844325247,0.0384,42264600,21861347328,9.33716,,0.9384372,-0.00382775119617225,0.0136319376825706,0.0451807228915663,0.0306930693069307,0.075968992248062,,,,2082,,,,,,Basic Materials,
5970,JP3236750000,,,JP3236750000,0.06745,0.0292,0.08347999,0.62252,0.617,-0.229960506306957,-0.244859784716136,-0.201762300860003,0.103480698794993,0.023,259188660,88269709312,11.90452,7.1790953,1.4850217,-0.0142677297524129,0.0177642980935875,0.0682128240109141,0.0706472196900638,0.146412884333821,-0.191145168156662,-0.191145168156662,-0.191145168156662,2349,,,,,1.65822008241066,Healthcare,
5202,JP3686800008,,,JP3686800008,0.03326,0.041810002,0.0956,0.60783,3.468,-0.216252370040363,-0.509305573793976,-0.42133166660539,0.551464557703573,0.0281,326710800,101606375424,18.148624,,0.8995869,0.00595238095238095,0.0368098159509203,0.027355623100304,-0.0245310245310245,-0.0451977401129944,,,,3380,,,,,,Basic Materials,
5302,JP3690400001,,,JP3690400001,0.095649995,0.05066,0.06998,0.14318,-0.423,0.201875107357038,0.0735188135897756,0.449933132359808,0.255248090442808,0.0105,8174115870,673684127744,19.841892,29.583088,3.9090154,-0.0337257397391028,-0.0407454200884397,0.0241106052942168,-0.0228442728442728,0.084449205499018,0.613434310174514,-0.0945011524530787,0.101415870925255,3037,,,2.6,Hold,0.670717404484616,Consumer Defensive,
1815,JP3545600003,,,JP3545600003,,0.076630004,0.13449,0.21778,0.139,-0.532240056541736,-0.404844071218311,-0.464743003967017,-0.182851022272627,0.0195,1152568200,137971384320,17.391048,24.282017,3.8656356,0.00510204081632653,-0.00168918918918919,0.0497335701598579,0.053475935828877,-0.105474340240322,0.692047377326565,0.0152284263959391,0.319796954314721,5910,,,1.7,Buy,0.716211013277851,Healthcare,
1419,JP3470900006,,,JP3470900006,0.18093,0.09701,0.14508,0.17301,0.239,-0.187747719827513,-0.334188135633833,-0.175824530924253,-0.193604934031653,0.0186,3661048000,968611790848,27.395353,32.364056,8.020324,-0.00880503144654088,-0.00126742712294043,0.033307107264621,0.0548862115127175,0.0306042375098091,0.319796954314721,-0.142131979695431,0.0899861421319797,1970,,,3.1,Hold,0.846474650766888,Consumer Cyclical,
5351,JP3353200003,,,JP3353200003,0.04699,0.14039999,0.10113,0.00673,-0.43,-0.0358073680997442,-0.442071917394143,-0.381612362688512,-0.262671854197278,0.0465,306297600,160351518720,13.4411,8.612304,1.3629426,-0.0066006600660066,0.0144927536231884,0.0117647058823529,0.0172355525515377,0.0245064669843431,,,,3010,,,,,1.56068573519931,Industrials,
5992,JP3517800003,,,JP3517800003,0.0255,0.06239,0.13268,0.83507,-0.05,-0.124874724393666,-0.299677379466945,-0.293966502372075,-0.160104765260212,0.021,3357886350,650942087168,23.641521,20.966982,1.5903693,-0.0147765053564832,0.0121442125237192,0.0230149597238205,0.0257692307692308,-0.0854702715083803,0.0498687664041995,-0.250093738282715,-0.0757405324334458,2667,,,3,Hold,1.12755956007403,Consumer Cyclical,
1939,JP3962600007,,,JP3962600007,0.05104,0.04856,0.08866999,0.01753,0.355,-0.0713936848274683,-0.420970029626273,-0.332220046934357,-0.319391038979054,0.0184,314876600,137203015680,19.120403,21.28145,1.2856234,0.00461538461538462,0.00153374233128834,-0.00305343511450382,-0.00457317073170732,0.0574986586980614,0.0107197549770291,0.0107197549770291,0.0107197549770291,3265,,,,,0.898453958729316,Consumer Cyclical,
1882,JP3558000000,,,JP3558000000,0.07574,0.05092,0.07427,0.00282,0.164,0.281973918068829,0.0239731724614967,0.0833228113637272,-0.103526176858777,0.0221,4270241790,994705080320,18.08366,18.211277,1.8526006,-0.0101761252446184,-0.00256359692368369,0.0224378411158278,-0.000395256916996047,0.0324556031843233,0.482799525504152,-0.0431000395413207,0.20007908264136,2529,,,1.8,Buy,0.992992418928118,Healthcare,
5288,JP3389640008,,,JP3389640008,0.084300004,0.075289994,0.109680004,0.01872,0.272,-0.289687877923172,-0.667745415318231,-0.614551697932646,-0.607322836651763,0.0072,162056160,83321462784,34.48446,17.174446,3.6448586,-0.00178507675830061,-0.00886210563629919,-0.00320855614973262,-0.00886210563629919,0.0833010461061604,-0.186337625178827,-0.186337625178827,-0.186337625178827,2796,,,,,2.00789358795038,Consumer Cyclical,
1898,JP3414600001,,,JP3414600001,0.25377,0.21019,0.31862,0.20357,0.052,-0.16071391240203,-0.387721564690232,-0.315713156064518,-0.454211634920858,0.0344,2875032020,1011603275776,21.45891,6.790953,10.391236,0.000861326442721792,0.00562527044569451,0.0430879712746858,0.0501581563488477,0.0117544623421855,0.462994836488812,-0.242685025817556,0.0664169535283993,1162,,,2.9,Hold,3.15992615469434,Consumer Cyclical,
5946,JP3527800001,,,JP3527800001,,0.14458999,0.14643,0.12073,0.23,0.555002054443438,-0.16308022178669,-0.202877196762158,0.169374392049808,0.0182,7230567040,1143656022016,15.408349,20.41246,1.9226876,0.000911023382933495,0.0335528378802132,0.0460171374166931,0.0557335041639974,-0.0884955752212389,0.304611650485437,-0.271844660194175,0.145159071601942,3296,,,2.3,Buy,0.754850174844188,Consumer Cyclical,
3431,JP3908700002,,,JP3908700002,0.0299,0.02954,0.064619996,1.02185,0.951,-0.102618614551591,-0.47953424627969,-0.442848152973128,-0.126274805701855,0.0243,708030240,145427382272,13.004024,13.762004,0.682504,-0.00543150271575136,0.0332288401253919,0.017283950617284,0.0104230533415083,0.0104230533415083,0.516990291262136,0.0922330097087379,0.304611650485437,1648,,,,,0.944922265681655,Basic Materials,
256A,JP3629810007,,,JP3629810007,0.07873,0.12276,0.18843001,0.0037,0.186,0.0280258185344972,-0.574973966053254,-0.446254453403338,-0.373616622574956,0.0258,325682500,109582483456,19.53125,8.373267,2.0873516,0.00154083204930663,0.015625,0.0108864696734059,-0.0284005979073244,-0.123989218328841,0.969230769230769,0.969230769230769,0.969230769230769,3250,,,,,2.33257222061592,Consumer Cyclical,
5976,JP3288200003,,,JP3288200003,0.037720002,0.04617,0.07981,0.3652,,0.174244477897169,-0.216631810059537,-0.211235829886433,-0.151645061806385,0.0148,1876771945,380497231872,15.847866,22.292906,1.1961259,0.0272037115141291,0.0800443458980044,0.0897091722595078,0.0550140784058913,-0.0236520344758469,0.519195237117635,0.149661260521454,0.334428248819544,2435.5,,,,,0.710892783560833,Industrials,
1871,JP3801400007,,,JP3801400007,0.0312,0.07892,0.07581,0.05396,-0.225,0.159898710865562,-0.311150363616111,-0.157355568790947,-0.309523809523809,0.0058,313677200,177849171968,14.471817,,1.3214911,0.0125223613595707,0.0491195551436515,0.0659133709981168,0.0281562216167121,0.113077679449361,,,,11320,,,,,,Industrials,
5988,JP3780400002,,,JP3780400002,0.0585,0.0223,0.024600001,0.21659,-0.167,0.502675539395603,1.50526952837937,1.08785313239779,-0.0168580873308734,0.0294,1511317540,319713968128,10.319783,12.506694,1.9003296,-0.0118984664198837,0.00673491379310345,0.00863697705802969,0.00511027434104357,0.000535475234270415,-0.0634198554990634,-0.0634198554990634,-0.0634198554990634,3737,,,,,0.825140760619873,Technology,
1786,JP3197950003,,,JP3197950003,0.06099,0.35814,0.23341998,0.26786,0.842,0.131364759961144,-0.321419194279728,-0.251726942445429,0.0632966793941371,0.0091,14757265600,560638853120,13.422818,10.391012,3.1631432,0.0709318497913769,0.0679611650485437,0.0864197530864198,0.00489396411092985,0.0555174777244688,0.948051948051948,0.0714285714285714,0.57323237012987,3080,,,1.8,Buy,1.29177196600293,Consumer Cyclical,
5262,JP3745800007,,,JP3745800007,0.02996,0.01018,0.030079998,0.33826,-0.189,-0.0737865312551978,-0.474842885919712,-0.390345312326381,-0.337887755045967,0.0385,1176399000,399572402176,17.182697,8.069637,0.81208473,-0.0141062376019396,0.0056205035971223,-0.0031201248049922,0.00970654627539503,0.0172845121673869,0.251956181533646,-0.105745584618824,0.0356583948133244,2236.5,,,3.5,Hold,2.12930234656156,Consumer Cyclical,
1938,JP3510600004,,,JP3510600004,0.047519997,0.025339998,0.04196,0.33573,1.145,0.534166001292727,-0.120259317135966,-0.0189880925224691,-0.173223407694795,0.0196,3439357040,729965789184,26.316467,14.961206,2.5456243,0.0388818297331639,0.0679205851619645,0.0869449614464238,0.15122500704027,0.103373819163293,,,,4088,,,,,1.75898032551654,Technology,
5959,JP3192000002,,,JP3192000002,0.03337,0.01763,0.030150002,1.30094,-0.387,-0.253684943988851,-0.45422114341406,-0.345528963674606,-0.185598130225821,0.0382,76286400,34586652672,10.570922,10.379428,1.0359938,0.00144927536231884,0.00582241630276565,0.022189349112426,0.0206794682422452,0.0647149460708783,0.186685962373372,0.186685962373372,0.186685962373372,3455,,,1,Strong Buy,1.01844937890604,Consumer Defensive,
5074,JP3545270005,,,JP3545270005,0.06091,0.03418,0.05485,0.00881,0.063,-0.0880015405083678,-0.475919660211648,-0.41819791897277,-0.444703526082722,0.0291,199947000,213187477504,12.547051,,1.3814635,-0.0149253731343284,-0.0134529147982063,-0.00302114803625378,-0.0119760479041916,0.0107197549770291,,,,3300,,,,,,Healthcare,
1945,JP3585400009,,,JP3585400009,0.17712,0.14563,0.23301001,0.17117,0.105,-0.157822747518676,-0.378318958227634,-0.280457878198414,-0.022217519106408,0.0536,89616440,56099799040,11.454743,10.575415,2.894128,-0.00573770491803279,0.00165152766308836,0.0120984564038381,0.00873180873180873,-0.0146222583265638,,,,2426,,,,,1.08314832089332,Utilities,
5989,JP3795200009,,,JP3795200009,0.0075499997,0.011390001,0.0040599997,0.04809,-0.482,-0.217141599735945,-0.38872223737236,-0.23992745601432,0.0223837121555132,0.0429,94688640,77744537600,10.717804,,0.68523777,-0.0109090909090909,0.0124069478908189,0.0388287714831318,0.0290037831021438,0.0375079465988557,,,,1632,,,,,,Healthcare,
1887,JP3707200006,,,JP3707200006,0.083780006,0.07113,0.07633,0.01974,0.893,0.892769547728834,0.735363499892773,0.62662903908565,0.283700658520803,0.0153,322255500,68918452224,13.587182,,1.9552443,-0.00457317073170732,0.0847176079734219,0.0971102150537634,0.0757825370675453,0.0775577557755776,,,,3265,,,,,,Industrials,
1813,JP3825600004,,,JP3825600004,0.00987,0.00312,-0.0019,0.88647,,-0.679305316187193,-0.607514024876295,-0.463456721402728,-0.560024007030631,0.0253,15348960,17611909120,18.692472,,0.8492824,0.00763358778625954,0.0193050193050193,0.0421052631578947,0.0206185567010309,0.0127877237851662,,,,792,,,,,,Healthcare,
5957,JP3682800002,,,JP3682800002,0.04443,0.01854,0.05037,1.308,14.604,0.271193198809507,-0.0915317683133227,-0.033338504980296,0.202302670117477,0.0255,619981400,165613420544,21.551409,18.921871,1.6911063,0.0333333333333333,0.130518234165067,0.105065666041276,0.16403162055336,0.335600907029479,,,,5890,,,,,1.1389681813178,Technology,
7989,JP3466200007,,,JP3466200007,0.05644,0.045739997,0.075440004,0.45948,0.233,2.21771424195838,1.35817891917832,1.27762490638708,0.514381604607919,0.0274,711156510,165828182016,16.80601,19.026062,1.7308574,-0.0121082621082621,0.0183553597650514,0.0491679273827534,0.0452147701582517,0.245062836624776,0.0454217736121125,0.0454217736121125,0.0454217736121125,1387,,,,,0.883315212575256,Industrials,
5902,JP3846600009,,,JP3846600009,0.056350004,0.03855,0.05609,0.02532,0.565,0.190694521542337,-0.137974037963987,-0.103698950836729,1.23496915162551,0.0251,374106790,68213501952,15.575384,5.644049,1.2263486,-0.00502933780385583,0.0321739130434783,0.0384951881014873,0.0330722367275892,0.168307086614173,,,,1187,,,,,2.75961176098932,Industrials,
5985,JP3330600002,,,JP3330600002,0.063200004,0.025969999,0.04634,0.31554,0.684,0.0270668485675307,0.281237850866962,0.628409947249435,1.1291331702202,0.0111,116167800,20411054080,22.37041,14.899268,2.386978,-0.0139393939393939,0.0343293070565798,0.0633986928104575,0.016875,0.130646282140375,,,,1627,,,,,1.50144356085145,Consumer Defensive,
5981,JP3579400007,,,JP3579400007,0.03773,0,0.02489,,-0.138,-0.202702702702703,-0.371851851851852,-0.11345962113659,0.11866902237927,0.0432,19616930,35006017536,16.528175,,1.576699,0,0.00712025316455696,0.0224899598393574,0.0184,0.0200320512820513,,,,1273,,,,,,Healthcare,
1780,JP3934300009,,,JP3934300009,0.06883,0.023729999,0.03838,1.37051,0.604,-0.186227778096426,-0.0494010852059006,-0.03364588643502,-0.390607532676763,0.0155,1665547950,228042440704,13.105965,15.31617,2.6894023,-0.00308430431802605,-0.0155668358714044,-0.00205831903945112,-0.0138983050847458,-0.156811594202899,1.16569267789618,0.0312822275696116,0.497078033688553,2909,,,,,0.855694667792274,Consumer Cyclical,
1810,JP3863600007,,,JP3863600007,0.04414,0.03974,0.065570004,0.70461,0.324,-0.257844649617094,-0.460889461899688,-0.463127926560011,-0.378174104691484,0.0083,2998136820,741850021888,38.912083,62.347095,3.8086567,-0.0045773573390296,-0.0139056831922612,-0.0118146016358679,-0.0317601662214307,0.0512407347728005,0.226241569589209,-0.386879215205396,-0.0374003678724709,3262,,,3,Hold,0.624120225649647,Consumer Cyclical,
1929,JP3684800000,,,JP3684800000,0.04188,0.08349,0.10744,0.10852,0.337,0.243408728231458,-0.505789489302353,-0.393591880850752,-0.442023910486143,0.0323,132761850,129158840320,13.298016,,0.9539268,-0.00501756146512795,0.00813421453990849,-0.00701051577366049,-0.00301659125188537,0.00506842372022301,,,,1983,,,,,,Consumer Cyclical,
1888,JP3990800009,,,JP3990800009,0.0054,-0.0051200003,-0.0029499999,0.2828,,-0.333395566770958,-0.353099036224659,-0.346411908039076,0.635520104623483,0.019,314937680,174172094464,,56.82432,0.8465176,-0.00825471698113208,-0.0175233644859813,-0.00237247924080664,-0.00237247924080664,0.0625663576505397,0.0107015457788347,0.0107015457788347,0.0107015457788347,841,,,,,,Consumer Cyclical,
1964,JP3519800001,,,JP3519800001,0.02517,0.45327,0.50244,1.11011,0.097,3.5883766391355,-0.0361399828358921,0.167449392712551,-0.00453735932399741,0.0419,984127500,288237715456,45.045048,6.0410047,1.8855333,-0.0112262521588946,-0.0188517566409597,-0.0137812230835487,-0.023037542662116,-0.0161155387552868,0.337117903930131,0.0305676855895197,0.197707423580786,114500,,,3.3,Hold,7.45654907369961,Real Estate,
1822,JP3498600000,,,JP3498600000,0.028889999,0.08158,0.13367,2.11464,-0.361,0.638479475888809,-0.0978636135619227,-0.0352924943622558,0.00482508621457763,0.0484,3368419600,777330425856,9.41639,2.052647,0.97213393,-0.0151515151515152,0.00408254690154146,0.00886917960088692,-0.00741708975077378,0.00931679751721759,0.351648351648352,-0.010989010989011,0.192407692307692,910,,,2.3,Buy,4.58743758668685,Real Estate,
5357,JP3953600008,,,JP3953600008,0.02071,0.52557,0.6012,0.9443,-0.037,5.90211221066188,0.312198483804273,0.419156441717791,-0.125494879077373,0.0511,861715200,227975462912,19.15709,24.991812,1.1293403,-0.0138211382113821,-0.0225624496373892,-0.0296,-0.0365369340746624,-0.0441292356185973,0.236603462489695,0.0717230008244023,0.175597691673537,121300,,,3,Hold,0.766534655430347,Real Estate,
5933,JP3126100001,,,JP3126100001,0.07058,0.07096,0.15626,0.96606,1.08,0.679666467027568,0.0790405484923228,0.0141615886625874,0.402027527641628,0.0587,362980900,54859239424,11.300021,,1.6095308,-0.00999091734786558,0.00646352723915051,0.0205992509363296,0.010194624652456,0.013953488372093,,,,1090,,,,,,Real Estate,
3421,JP3145800003,,,JP3145800003,0.024719998,0.44316003,0.51988,1.18829,0.248,0.236677020111056,-0.24367197770292,-0.0215076717811874,-0.241038593028774,0.059,1008513000,339319455744,16.233767,20.572315,1.3703787,-0.00959409594095941,-0.0168498168498169,-0.0117820324005891,-0.0139603232916973,-0.0303468208092486,0.289120715350224,0.102831594634873,0.184798807749627,134200,,,2,Buy,0.789107448529735,Real Estate,
5932,JP3326800004,,,JP3326800004,0.02575,0.44561002,0.49659002,0.9961,0.266,2.99981400071336,-0.108838796060234,0.032446609576233,-0.180291934399006,0.0466,1414111500,397896122368,22.321428,12.47909,1.616347,-0.0203651685393258,-0.0210526315789474,-0.0244755244755245,-0.0305767894371091,-0.043865661411926,0.376344086021505,0.139784946236559,0.271889462365591,139500,,,2.7,Hold,1.78870638804592,Real Estate,
1930,JP3845000003,,,JP3845000003,0.020380002,0.46251,0.54929,0.98467,0.223,0.00235646603010048,-0.116384227857885,0.0717608312324215,-0.0534029982594703,0.0499,739180000,308921335808,19.493177,7.427044,1.148966,-0.00914634146341463,-0.00763358778625954,-0.00459418070444104,-0.0144048521607278,-0.0793201133144476,0.307692307692308,0.130769230769231,0.216666692307692,130000,,,,,2.62462118172452,Real Estate,
5218,JP3197630001,,,JP3197630001,0.02118,0.60415,0.51084,0.88241,0,1.76403275684343,-0.474032578363498,-0.316137360904243,-0.062737277761235,0.053,1952004600,636179120128,20.53388,26.483347,1.4155934,-0.00970873786407767,-0.00599700149925038,0.000754716981132075,-0.0045045045045045,-0.0323349764771333,0.319758672699849,0.085972850678733,0.21078431372549,132600,,,1.8,Buy,0.77535063827091,Real Estate,
5269,JP3708400001,,,JP3708400001,0.021659998,0.40478,0.49363,1.15698,0.09,-0.0100100221212616,-0.300818620959458,-0.229851326653618,-0.374007466496561,0.0441,647521800,234944806912,50,8.393013,1.3898302,-0.0062047569803516,-0.0143589743589744,-0.0102986611740474,-0.0203873598369011,-0.0283114256825076,0.269510926118626,0.196670135275754,0.238293444328824,96100,,,3,Hold,5.95733617951027,Real Estate,
1873,JP3783500006,,,JP3783500006,0.022880001,0.43245998,0.47377998,0.72955,-0.058,1.60056069718075,-0.43549789654281,-0.121655451657407,-0.00492128132378331,0.046,1374692800,711396294656,24.038462,9.652916,1.4325062,0.00236406619385343,0.004739336492891,0.00952380952380953,0.00593119810201661,-0.0396375990939977,0.273584905660377,-0.0212264150943396,0.163207547169811,84800,,,2.1,Buy,2.4902798283959,Real Estate,
5909,JP3305950002,,,JP3305950002,0.02239,0.42242,0.52091,0.71792,0.431,0.550056120067145,-0.287004286416494,-0.0478210116731517,-0.0414223541048467,0.0567,409035300,138432577536,19.455252,21.431162,0.9460776,0.00127118644067797,-0.00126796280642435,0.0154705629565965,0.0038232795242141,-0.00253271422541157,0.28650021159543,0.100296233601354,0.169064748201439,236300,,,,,0.907802012788667,Real Estate,
1716,JP3473700007,,,JP3473700007,0.07067,0.07839,0.10939,1.3642,0.04,0.470969254164809,-0.242317340392833,-0.181401527731651,0.34311271998725,0.027,2041358220,833265205248,7.739941,9.918815,1.4240557,-0.026184058529072,-0.00157915515199368,0.0231962238705327,0.00251057082452431,-0.1,0.687096349018057,0.146698299723211,0.379552787663108,7587,,,2,Buy,0.780329202631564,Real Estate,
3267,JP3802930002,,,JP3802930002,0.031630002,0.07361,0.16304001,2.06122,-0.163,0.236309431463784,-0.418713027471935,-0.357903796301929,-0.186962802699424,0.0391,3028070400,912936075264,9.452075,11.77878,1.002434,-0.019532746074301,-0.00233826968043648,-0.00427849085958771,-0.0180283851169927,-0.00813638124757846,0.3828125,-0.140625,0.18892046875,1280,,,2.3,Buy,0.802466384464266,Real Estate,
4063,JP3371200001,,,JP3371200001,0.02412,0.43889,0.50192,1.06018,-0.098,0.345635802840033,-0.246798979007137,0.0706504570645504,-0.0161837408230618,0.0644,267953000,73804185600,12.836971,,0.9897478,0.00264550264550265,0.0120160213618158,0.0298913043478261,0.0243243243243243,0.0134464658686723,0.0949868073878628,0.0949868073878628,0.0949868073878628,75800,,,,,,Real Estate,
4901,JP3814000000,,,JP3814000000,0.03383,0.04508,0.06765,0.82629,0.892,1.16198845832627,-0.294382154273258,-0.220087056930385,-0.0787271530596811,0.0415,1077389690,613314658304,9.690023,10.801012,0.5994634,-0.0314204669430504,-0.0157427937915743,-0.00157444894287,-0.0117987533392698,-0.00359147025813693,0.220995719756702,-0.00878576255913494,0.121874296012615,2219.5,,,3.4,Hold,0.897140286484267,Consumer Cyclical,
4452,JP3205800000,,,JP3205800000,,0,0.33574,0.77554,,4.55097237240061,0.40166677898331,0.529690854443967,0.0342123643881057,0.0575,1049326500,234436444160,16.920473,17.119291,0.96761626,-0.00888888888888889,-0.019349164467898,-0.0227870289219982,-0.0354671280276817,-0.0731504571903574,0.312107623318386,0.201793721973094,0.237309417040359,111500,,,2.6,Hold,0.988386318101608,Real Estate,
4004,JP3368000000,,,JP3368000000,,0.47472,0.55394,0.9759,0.022,0.342835045851287,-0.0934367454452331,0.225414872608372,0.140529429162969,0.0547,511078400,211968000000,17.54386,21.59916,1.0797629,-0.000678886625933469,-0.0040595399188092,-0.00203389830508475,-0.00540540540540541,-0.0176265788069786,0.263586956521739,0.120923913043478,0.20414402173913,147200,,,,,0.812247328136835,Real Estate,
3407,JP3111200006,,,JP3111200006,0.02963,0.53744,0.59453,1.00916,-0.199,0.248249878990601,-0.368143782941336,5.36751704975947E-05,-0.136754147235404,0.057,366297300,147707625472,11.210762,4.73286,1.0553001,-0.00247218788627936,-0.0037037037037037,0.00749063670411985,0,-0.0158536585365854,0.27633209417596,0.115241635687732,0.177199504337051,80700,,,3,Hold,2.36870771584201,Real Estate,
6988,JP3684000007,,,JP3684000007,0.03945,0.12053,0.0014599999,0.00046,,-0.0770849214819332,-0.357032457496136,-0.321324863883848,0.170295472418829,0.0208,122727300,80208044032,17.007174,,1.0818018,-0.00476947535771065,0.0228758169934641,0.0364238410596027,0.0212071778140294,-0.0398773006134969,0.150159744408946,0.150159744408946,0.150159744408946,3130,,,1,Strong Buy,,Industrials,
4188,JP3897700005,,,JP3897700005,0.026129998,0.51674,0.60523,0.97944,0.206,2.41310192578422,-0.359646291242382,-0.0556140618939599,-0.100904161646927,0.0753,1083074600,303860285440,13.10616,19.96104,1.0478158,-0.0139664804469274,-0.0180806675938804,-0.00842696629213483,-0.0208044382801664,-0.0485175202156334,0.31728045325779,0.0198300283286119,0.201133144475921,70600,,,,,0.656587031537435,Real Estate,
3402,JP3621000003,,,JP3621000003,0.0052300002,-0.082609996,-0.01302,2.00062,,-0.117979839992386,0.330965713461564,0.395552468650556,0.614946352708487,,783926550,28811251712,,,0.846617,-0.0198019801980198,-0.0198019801980198,-0.0294117647058824,-0.0198019801980198,-0.0198019801980198,,,,99,,,,,,Basic Materials,
4911,JP3351600006,,,JP3351600006,0.04088,0.0184,0.015700001,0.17914,0.056,0.171901833334413,-0.242331467619754,-0.113203366058906,-0.0643868866954031,0.0264,582762840,224251166720,17.064621,13.33243,1.5346164,-0.0122539172358377,0.00655066530194473,0.0144419228388694,0.031682752832564,0.00285539465633286,0.492780150498271,-0.0929428513321131,0.138905836892414,2458.5,,,2.7,Hold,1.27993329048043,Healthcare,
4091,JP3711600001,,,JP3711600001,0.02795,0.03562,0.0519,1.04359,0.382,0.198793454721312,-0.300606662593449,-0.238732390818033,-0.0711161906461269,0.0297,14299862800,4579458547712,17.00623,17.51344,1.2658354,-0.0167924069116573,-0.00980392156862745,0.00597609561752988,-0.00419028839043628,-0.000458339101834154,0.485148514851485,-0.0693069306930693,0.124381188118812,2020,,,2.5,Buy,0.971038813619711,Consumer Defensive,
4612,JP3749400002,,,JP3749400002,,0,0.07806,1.33997,0.062,-0.370871124798619,-0.52320300648676,-0.529537749256141,0.00634581004421325,0.0066,728284610,343211769856,68.49685,20.026316,7.049952,-0.00522875816993464,-0.00911458333333333,0,-0.0231065468549422,0.0125628465141315,,,,761,,,,,3.42034201397801,Consumer Cyclical,
8113,JP3951600000,,,JP3951600000,0.03783,0.03395,0.0021799998,,-0.776,-0.16952264381885,-0.212029842668831,-0.197633136094675,-0.15016204913748,0.0451,59960130,26802790400,9.532987,10.980899,0.70062935,-0.00561009817671809,0.0133396855645546,0.0325242718446602,0.0325242718446602,0.0255544840887175,,,,2127,,,,,0.868142672107266,Technology,
4204,JP3419400001,,,JP3419400001,,0.02481,0.038039997,0.22553,-0.347,1.30813591022444,-0.177126169354661,-0.115392757488786,-0.323258567513631,0.0222,3529794345,979358318592,14.992717,3.46067,1.1177243,-0.0263513513513514,-0.0507246376811594,-0.0371937639198218,-0.0750962772785623,-0.0860055627327054,0.387925052047189,0.0964607911172797,0.234739301411057,2161.5,,,2.4,Buy,4.33231628557476,Healthcare,
4186,JP3571800006,,,JP3571800006,,0,0.07591,1.72517,-0.321,-0.179230595950242,-0.0731156240968919,-0.0562815711548511,-0.0476373140409632,0.0027,1524556520,391381581824,208.38014,41.076042,4.094248,0.0255760368663594,0.0262854507724233,0.0455719990603712,0.0490219184539241,0.0630523047528063,0.0334756234554033,-0.258593574477645,-0.0938365985171872,4451,,,,,5.07303357027437,Consumer Cyclical,
4005,JP3401400001,,,JP3401400001,0.04227,-0.04948,0.27015,0.77463,,0.490765791727976,-0.325375469263394,-0.279637193019679,-0.165841800249551,0.0296,1081949400,326413713408,,4.7074537,0.78626764,-0.0261870503597122,0.00924545183417835,0.0257653834495302,0.0282588878760255,0.00564635958395245,0.099290780141844,-0.261229314420804,-0.0650118203309693,1692,,,,,,Industrials,
4042,JP3595200001,,,JP3595200001,0.02977,0.03509,0.06971,0.4626,0.925,0.147803316953001,-0.237290648715669,-0.251004081555667,0.159092002442545,0.0184,4881140160,1817914376192,23.582767,18.445166,1.0004264,-0.0196386488609584,0.0175295556461476,0.00889248181083266,0.0212765957446809,-0.039630627164294,0.362179487179487,-0.22275641025641,0.125437019230769,1248,,,2,Buy,1.27853373615613,Consumer Cyclical,
4021,JP3670800006,,,JP3670800006,0.029460002,0.00912,0.060700003,0.41476,2.377,1.40942885597394,-0.404957987578936,-0.380148654640499,-0.0546487178647692,0.0306,2730552030,531186384896,64.93555,9.364211,0.7028878,-0.0310524869469635,-0.0089938167509837,-0.00198131899235777,-0.0126015121814618,-0.0649695041103156,0.588201928530913,-0.21724333522405,-0.00737379466817924,1763,,,3.1,Hold,6.93443900399083,Basic Materials,
4183,JP3888300005,,,JP3888300005,0.038429998,0.06098,0.098409995,0.56856,1.736,0.168541084548003,-0.174533058996798,-0.191307961187579,-0.147509799154108,0.0275,6902144000,2133725020160,13.679891,15.958508,1.0175223,-0.00744416873449132,0.0204081632653061,0.0309278350515464,0.021059349074665,-0.0396158463385354,0.5625,-0.125,0.227083375,1600,,,1.6,Buy,0.857216163315518,Industrials,
4403,JP3753400005,,,JP3753400005,0.027509999,0.051960003,0.029930001,0.00614,-0.533,0.958119824436228,-0.34927915631829,-0.318576748034754,-0.0692300074976304,0.0478,104240640,41012449280,12.7386465,,0.9961855,-0.00947567909033481,0.00127713920817369,0.0116129032258065,0.00319897632757518,-0.0101010101010101,,,,1568,,,,,,Industrials,
3861,JP3174410005,,,JP3174410005,0.10014,0.16827999,0.22908,0.16579,0.014,0.197008589199329,-0.43172512017091,-0.353080671004872,-0.309290056846233,0.0336,582097590,169664184320,16.863697,20.947138,2.5401502,0.0134991119005329,0.0292207792207792,0.0367005813953488,0.0277377521613833,-0.0676470588235294,0.43708377146863,0.402032947774273,0.419558359621451,2853,,,,,0.805059717465937,Industrials,
4182,JP3896800004,,,JP3896800004,-0.011519999,-0.06612,-0.02728,0.57301,,-0.296020586209329,-0.419206135712452,-0.392518296194148,-0.404089367140995,0.0066,31811925760,1058989473792,,61.50721,1.8639065,0.0559721011333915,0.0439579382865023,0.023318688746198,-0.0301089045483664,-0.145598194130926,0.816380449141347,-0.52443857331572,0.283437912813738,3028,,,2.7,Hold,,Technology,
4980,JP3548770001,,,JP3548770001,0.04778,0.12163,0.19145,0.07188,0.063,-0.240705260499128,-0.163764860359288,-0.208259938109974,-0.160648995392271,0.0095,1172006000,154259177472,16,16.185293,1.7168907,0.0157618213660245,0.0881801125703565,0.0964083175803403,0.045045045045045,-0.150805270863836,,,,5800,,,,,0.988551767335939,Technology,
3405,JP3269600007,,,JP3269600007,,0.39203998,0.48698002,1.01045,0.03,0.49029619755541,-0.222881169788823,0.142707240293809,-0.0322407089248576,0.0591,112924000,48750923776,16.611296,36.183292,1.1324257,0.00465477114041893,0.00856697819314642,0.0140955364134691,0.0196850393700787,-0.00613967766692249,0.0888030888030888,0.0888030888030888,0.0888030888030888,129500,,,,,0.459087470537507,Real Estate,
4613,JP3229400001,,,JP3229400001,0.01939,0.39173,0.50434,1.20923,-0.001,-0.190180382731842,-0.497430181435383,-0.392408794988331,6.10729388698522,0.0689,370848000,34511998976,16.638935,,0.8961353,-0.0062111801242236,-0.0062111801242236,0.00734522560335782,0.00418410041841004,-0.0706679574056147,,,,96000,,,0,Strong Buy,,Real Estate,
4626,JP3449100001,,,JP3449100001,0.01002,0.029260002,-0.00693,2.32781,,-0.650692679486991,-0.523018898246777,-0.244202021472248,-0.107383441650184,0.0498,81814720,18431023104,12.690774,8.815664,0.96918553,-0.00323974082073434,0.00764192139737991,0.013172338090011,0.00544662309368192,-0.00216216216216216,,,,923,,,,,1.4395709727594,Real Estate,
4912,JP3965400009,,,JP3965400009,0.02308,0.3957,0.44407,1.08417,-0.134,5.4706130221628,0.731997957382498,0.739270660846003,0.554392972371331,0.0626,347342100,73078620160,10000,,0.904389,-0.00810185185185185,-0.0115340253748558,-0.0149425287356322,-0.0261363636363636,-0.0359955005624297,,,,85700,,,0,Strong Buy,,Real Estate,
4203,JP3409400003,,,JP3409400003,0.01818,0.347,0.38504001,0.87031,-0.163,1.12529365700861,-0.341423488047992,-0.0109360734680726,-0.00895697540858836,0.0487,1304711100,653743423488,22.172949,23.576725,1.0894929,-0.0147058823529412,-0.0188284518828452,-0.0126315789473684,-0.0201949860724234,-0.0378616526516876,0.350390902629709,0.151385927505331,0.292679459843639,140700,,,1.8,Buy,0.940459245293823,Real Estate,
7988,JP3756200006,,,JP3756200006,0.02708,0.44055,0.54765,0.92614,-0.592,1.39664979933694,-0.486956989440092,-0.207693892457813,-0.14927117847106,0.0556,105700800,35467059200,13.717422,,0.8639545,-0.0260791366906475,-0.021680216802168,-0.0225631768953069,-0.021680216802168,-0.0118613138686131,,,,108300,,,,,,Real Estate,
4631,JP3493400000,,,JP3493400000,,0.48266,0.55444,0.83958,-0.012,4.98944732484595,-0.157575198768733,-0.036093493591165,0.17051359954789,0.0559,1003135800,241242210304,19.569471,20.559504,1.1843116,-0.0259467040673212,-0.0238931834153197,-0.0211416490486258,-0.0327298050139276,-0.042518713462071,0.331893448524118,0.259899208063355,0.303095752339813,138900,,,,,0.951845482264553,Real Estate,
4967,JP3301100008,,,JP3301100008,0.01222,0.47403,0.083450004,0.96061,,2.14395837786459,1.64851142795072,1.30958845124072,0.0504490312376433,0.0644,720435500,146441502720,15.698587,17.671854,1.0129132,-0.00909090909090909,0.0130111524163569,0.0400763358778626,0.0321969696969697,0.0263653483992467,0.192660550458716,0.192660550458716,0.192660550458716,54500,,,,,0.888338427875196,Real Estate,
4208,JP3158800007,,,JP3158800007,0.021949999,0.33244,0.46307,1.11096,-0.017,0.633583521929699,0.0574886611877122,0.256143268308283,0.10329213058103,0.0725,156195000,27445665792,15.797789,34.83387,0.91455066,-0.00408580183861083,-0.0081383519837233,0.00102669404517454,-0.00306748466257669,-0.0394088669950739,,,,97500,,,0,Strong Buy,0.453518055846221,Real Estate,
4205,JP3725400000,,,JP3725400000,,0.34297,0.49305,0.65094,,0.704687643125401,-0.279115916624449,-0.0997901171473794,-0.0610182142126235,0.0515,729091600,327765360640,28.248589,27.61382,1.0147641,-0.0029382957884427,-0.00779727095516569,-0.00196078431372549,-0.00876338851022395,-0.0387157695939566,0.306483300589391,0.18860510805501,0.239685658153242,101800,,,3.2,Hold,1.02298736647085,Real Estate,
4202,JP3485800001,,,JP3485800001,,0.39703,0.55459,0.93964,0.027,-0.217187038895119,-0.400981956847504,-0.0507993990060486,-0.119275251158034,0.0297,95533200,28921337856,13.5685215,39.964157,0.8232942,-0.00888888888888889,-0.00149253731343284,0.0245022970903522,0.0182648401826484,0.0229357798165138,,,,66900,,,,,0.339517270438108,Real Estate,
3941,JP3981400009,,,JP3981400009,0.04583,0.03664,0.0114400005,3.40332,,0.611997507599932,0.863410447037976,0.734323844586155,0.274234731098077,0.031,219126600,42629623808,22.026106,10.040568,3.0391092,-0.0132890365448505,0.00405679513184584,0.0399159663865546,0.0421052631578947,-0.0249507550886408,,,,1485,,,,,2.19371115259615,Real Estate,
4401,JP3114800000,,,JP3114800000,,0.41222998,0.50265,1.06939,0,0.179078670821431,-0.192326464853283,0.147046804912989,0.627775772961999,0.0636,302327500,79158763520,15.673982,21.380732,0.9005525,-0.00717703349282297,-0.00598802395209581,0.00241545893719807,0.00484261501210654,0.0184049079754601,,,,41500,,,,,0.733089119680281,Real Estate,
3401,JP3544000007,,,JP3544000007,0.05545,0.083409995,0.30651,0.69232,0.121,,,,,0.000235,286795200,188578775040,28.40891,33.24656,4.087145,-0.00334448160535117,0,0,-0.00111731843575419,-0.0044543429844098,,,,8940,,,,,0.854491712826831,Real Estate,
4061,JP3549600009,,,JP3549600009,0.01873,0.47344002,0.52959,0.78408,-0.181,0.562808910045395,-0.219477078438234,0.137408904305763,0.288603905675657,0.0529,453150000,167063732224,21.881838,8.023107,1.0706376,-0.00706090026478376,-0.00793650793650794,0.00626118067978533,0.000889679715302491,-0.0398976530898194,0.288888888888889,0.173333333333333,0.226666666666667,112500,,,3,Hold,2.72735213427915,Real Estate,
4043,JP3625000009,,,JP3625000009,0.06745,0.15418,0.17653999,2.07809,-0.432,-0.339677136520708,-0.496751412429379,-0.418572166209202,-0.40366787585651,0.038,210566670,43579387904,5.4704084,5.234613,1.2025214,-0.0054033191817831,0.0141676505312869,0.0441653160453809,0.0242448330683625,-0.066304347826087,,,,2577,,,,,1.04504543124774,Real Estate,
8111,JP3306600002,,,JP3306600002,0.01095,0.4559,0.55674,0.85675,0.018,0.395809229156413,-0.340427972645047,-0.187394495917301,0.316309883252818,0.0557,313404000,83727597568,18.867924,38.54843,1.1155846,-0.00582665695557174,0,0.00589535740604274,0.00589535740604274,-0.00146305779078274,0.318681318681319,0.17948717948718,0.249084249084249,136500,,,,,0.489460245203242,Real Estate,
4114,JP3715200006,,,JP3715200006,,0.4168,0.43414003,0.75357,-0.131,-0.355421265404899,-0.321020228671944,-0.0499642351652031,0.282376488966999,0.0636,111826400,26238214144,14.064698,,1.0072647,-0.0037914691943128,-0.00189933523266857,0.0184108527131783,0.0223735408560311,0.058821881206494,,,,105100,,,,,,Real Estate,
4118,JP3215800008,,,JP3215800008,,0.47396,0.59713,1.06088,-0.035,0.906628026907439,-0.295526638190788,-0.109467549119921,0.842193280115707,0.0688,585667000,80957718528,27.247955,,0.8046829,0.00376884422110553,0.00756620428751576,0.0191326530612245,0.0191326530612245,0.0208059887710543,,,,79900,,,,,,Real Estate,
4272,JP3694400007,,,JP3694400007,0.23334,0.13439,0.17167,0.01177,0.166,-0.38860103626943,-0.556790435295108,-0.473937512128857,-0.386231007126529,0.0257,183848000,60443160576,28.985506,27.450981,9.57482,0.00102145045965271,0.0261780104712042,0.0414452709883103,0.00823045267489712,0.0458911419423693,,,,4900,,,,,1.05590055233363,Real Estate,
4368,JP3822600007,,,JP3822600007,0.07559,0.02497,0.030450001,0.15618,-0.49,-0.4246428397289,-0.307278497777392,-0.0150997605746209,-0.50717140273016,0.0184,271433040,72156233728,14.555922,7.16962,1.5061107,-0.023448275862069,-0.0180305131761442,0.0598802395209581,0.0411764705882353,0.0335766423357664,,,,1416,,,,,2.03022224329881,Consumer Defensive,
4922,JP3283650004,,,JP3283650004,0.055949997,0.113409996,0.17167,0.82508,0.147,-0.395564922569413,-0.478010407639526,-0.425416596965759,0.343384428223844,0.0215,501439180,131160408064,Infinity,18.675478,2.6054568,-0.000693481276005548,-0.00207756232686981,0.00945709281961471,0.00804477089891571,0.0301863908116515,0.179736294240111,0.0409437890353921,0.148507980569049,2882,,,,,,Consumer Cyclical,
4206,JP3100800006,,,JP3100800006,0.04437,0.03022,0.04028,1.06195,-0.511,0.709162732710437,0.136091977936787,0.0969153614690225,-0.122682129528187,0.016,1064520000,379852259328,22.624434,19.472301,2.6932817,-0.024390243902439,-0.0140497904855805,0,-0.0037359900373599,0.00806451612903226,0.05,-0.0625,-0.005,4000,,,3,Hold,1.16187778732467,Healthcare,
3591,JP3992400006,,,JP3992400006,0.051999997,0.14229,0.064780004,,,0.438508729180403,1.76946627710794,1.14082044500167,-0.16640595455779,0.0288,181792530,22411726848,10.977666,,3.4028711,0,0.0610997963340122,0.0945378151260504,0.0831600831600832,0.243436754176611,,,,521,,,,,,Technology,
4095,JP3744600002,,,JP3744600002,0.06584,0.08967,0.13568,0.05364,0.138,0.0876066146124874,-0.427025476544369,-0.235843881427904,-0.0116131962033412,0.0229,462476000,193753333760,12.578616,12.65485,1.1779357,0.0106544901065449,0.0278637770897833,0.0391236306729265,0.00758725341426404,-0.0334788937409025,-0.036144578313253,-0.036144578313253,-0.036144578313253,3320,,,,,0.993975906470642,Consumer Cyclical,
4927,JP3855900001,,,JP3855900001,0.022330001,0.0221,0.05409,0.52009,0.289,0.899795097839022,-0.434626582707022,-0.333240630677103,-0.069468781957381,0.0571,251076000,69788696576,20.241243,17.77939,0.7419404,-0.0207833733013589,-0.0112994350282486,0.0115606936416185,-0.00162999185004075,0.0174418604651163,0.142857142857143,0.142857142857143,0.142857142857143,1225,,,,,1.1384666740535,Consumer Cyclical,
4045,JP3556400004,,,JP3556400004,0.03955,0.045339998,0.09762,1.3039,0.115,-0.0281079277701323,-0.488763420896451,-0.424673980946431,0.75843326279489,0.0419,403891410,121845088256,9.32851,4.6120563,1.2268922,-0.0141800246609125,0,0.0236875800256082,0.0191204588910134,0.0205444931494853,0.125703564727955,0.125703564727955,0.125703564727955,1599,,,,,2.02263576010553,Consumer Cyclical,
3863,JP3721600009,,,JP3721600009,0.0932,0.080019996,0.12222999,0.20591,0.248,0.824447198510608,-0.195210861491164,-0.115160517887807,-0.239881906157143,0.022,3730147140,856729255936,19.919989,17.562046,2.930981,0.00122609122118686,0.0230518667000752,0.0517774343122102,0.0744736842105263,0.111322808927599,0.27357335292677,-0.240754347293657,-0.00587803085966201,4083,,,2.8,Hold,1.13426357042909,Technology,
4041,JP3726200003,,,JP3726200003,0.01948,0.07965,0.124689996,0.17252,6.423,-0.238249275688448,-0.394423572957946,-0.443990815080906,-0.0728645238429219,0.0518,238029750,73016434688,17.91737,15.151516,0.7640161,-0.00234741784037559,0,0.0340632603406326,0.0493827160493827,0.0732323232323232,0.0352941176470588,0.0352941176470588,0.0352941176470588,425,,,3,Hold,1.1825463537774,Communication Services,
3106,JP3268800004,,,JP3268800004,0.08444,0.52886003,0.31132,0.03572,0.769,0.909042114211607,-0.353334060943796,-0.339456174256018,-0.327095332440499,0.0282,1490917000,568203673600,12.903226,14.959521,2.0286517,-0.00758902510215995,0.0101010101010101,0.0337488598358164,0.0388023220287198,0.0739102969046115,0.470588235294118,-0.235294117647059,0.116339882352941,1700,,,2.2,Buy,0.862542724462902,Communication Services,
4634,JP3606600009,,,JP3606600009,0.06163,0.26353002,0.25838,0.04546,0.804,2.62554559643559,-0.128881575549703,-0.0771199212016745,0.290324249406323,0.0188,11377856000,2492408004608,18.726591,19.131891,2.3308597,0.0230179028132992,0.00723953415171546,0.0423452768729642,0.0272873194221509,0.343408900083963,0.125,-0.290625,-0.07392365625,3200,,,2.3,Buy,0.978815476211944,Communication Services,
4617,JP3522600000,,,JP3522600000,0.0681,0.03681,0.05436,0.25988,0.856,-0.269053207860268,-0.469807115602282,-0.376307700154972,1.2517288328745,0.0078,472933200,49710870528,16.949152,20.078741,2.1582644,0.0119047619047619,0.0429447852760736,0.0828025477707006,0.0493827160493827,0.172413793103448,,,,510,,,,,0.844134201442212,Consumer Cyclical,
3569,JP3413800008,,,JP3413800008,0.113859996,0,0.17819999,,-0.199,-0.406918240625657,-0.477790018111545,-0.411900351587616,-0.284759449628817,0.0297,340014610,56520355840,19.340185,13.573826,6.6659527,0.00621890547263682,0.0074719800747198,0.0398457583547558,0.0305732484076433,0.0163316582914573,,,,809,,,,,1.42481456591531,Communication Services,
4971,JP3920890005,,,JP3920890005,0.21090999,0.16766001,0.36605,,2.811,-0.282443670338079,-0.293004161093773,-0.330157960766423,-0.350703693314633,0.0222,338316960,56162979840,24.451046,,10.3273325,-0.00941915227629513,0.0215866162978953,0.0810965162764135,0.0725212464589235,0.051082731815658,,,,1893,,,,,,Technology,
3101,JP3619800000,,,JP3619800000,0.0139,0.07948,0.14041,0.00027,,-0.0694260752346313,0.0693898679968941,-0.109344639729087,0.027558056659627,0.0441,192382500,58369720320,172.62357,,0.8698785,-0.0043859649122807,0.0365296803652968,0.0732860520094563,0.0783847980997625,0.137844611528822,,,,454,,,0,Strong Buy,,Communication Services,
4975,JP3166200000,,,JP3166200000,0.1691,0.15616,0.23735,0.00322,-0.196,-0.449737242280336,-0.60457340250038,-0.5804841146713,-0.542108620819931,0.0084,1433062800,72650031104,42.19512,29.475752,7.9836426,0.0250683682771194,0.0199546485260771,0.0292906178489703,0.00222816399286988,-0.00662544169611307,,,,2249,,,,,1.43151971152424,Technology,
4046,JP3485900009,,,JP3485900009,0.155,0.23492001,0.20397,0.00213,-0.383,0.6715621407033,2.71449503422505,2.56582311354783,0.996423623809999,0.0024,2393104100,59874951168,54.34705,145.57692,15.936942,-0.0257400257400257,0.0513888888888889,0.195892575039494,0.261666666666667,0.444656488549618,,,,7570,,,,,0.373321883716183,Technology,
4189,JP3277040006,,,JP3277040006,0.10339,0.04417,0.10456,0.89776,,-0.163348401166654,-0.496242011081043,-0.427604360499675,-0.449492907282932,0.0093,4039913988,225213644800,27.397387,1.1994935,5.854718,0.00216104159075167,0.00985673352435533,0.0558418214499701,0.0604163847766616,0.0699546334757055,0.418681193962093,-0.114742934967654,0.117110089660651,881.1,,,2.3,Buy,22.8407965528784,Technology,
4958,JP3768500005,,,JP3768500005,0.04388,0.072,0.08509,0.14843,0.238,0.133803924934203,0.439237889817561,0.263807758675784,-0.117547699828536,0.0253,640520040,101271494656,19.724236,20.411123,3.8751917,-0.00471698113207547,0.00277227722772277,0.0647603027754416,0.0989583333333333,0.104230266027039,0.13349131121643,0.13349131121643,0.13349131121643,2532,,,1,Strong Buy,0.966347417533078,Technology,
4461,JP3475000000,,,JP3475000000,0.02404,0.02545,0.10678001,,1.117,-0.0414765682735708,-0.31887883756312,-0.258961740787636,0.180955353225595,0.0356,550578600,132488216576,55.86222,11.871246,1.1450616,-0.0015785319652723,-0.00511207235548565,0.00836986847349542,0.0326530612244898,0.0853710853710854,0.185770750988142,-0.0513833992094862,0.0671936758893281,2530,,,2.5,Buy,4.70567453492245,Communication Services,
4099,JP3349600001,,,JP3349600001,0.05804,0.27649,0.43646,0.41874,0.212,0.268309955681455,-0.0272017689862579,-0.0439150544586462,0.311234775587107,0.0193,2712107070,669741940736,28.169418,32.50046,5.354584,-0.00563761416168677,0.0128632135063742,0.0634269866152177,0.0416961965509095,-0.107117545813506,0.496768341081755,0.0545413312166912,0.183996711645311,8819,,,2.1,Buy,0.866739055385678,Technology,
3002,JP3275200008,,,JP3275200008,0.065409996,0.067729995,0.06752,0.47228,,0.258623180667492,-0.403817648304444,-0.3039223290584,0.00937944082044959,0.0125,1464712900,608241909760,24.63019,23.975954,3.777741,-0.00174621653084983,0.00912032950867902,0.0269461077844311,0.0615908387496131,-0.0236265300313123,0.253644314868805,-0.0670553935860058,0.041603498542274,3430,,,2.2,Buy,1.02728717280655,Communication Services,
4633,JP3314800008,,,JP3314800008,0.121029995,0.097950004,0.44705,0.00045,-0.597,-0.330951122130864,-0.429380229470414,-0.339547301218804,-0.101642631023567,0.0556,86001360,42137673728,14.66251,11.067873,2.8919368,0,0.00410509031198686,0.0277310924369748,0.0285954583683768,0.0690559440559441,,,,1223,,,,,1.32478119327896,Technology,
4047,JP3232600001,,,JP3232600001,0.008169999,0.03412,0.00829,0.92148,,0.430973190648596,-0.375554455316165,-0.348760588291667,-0.225428829717984,0.0411,2620059372,743674478592,14.327553,11.469548,0.6858279,-0.0148498414349392,0.00678318267398691,0.00968524423528119,0.0135416666666667,0.0021744246207079,0.141943587986753,-0.0750256937307298,0.00871679799017924,875.7,,,2.9,Hold,1.24918200786988,Basic Materials,
3201,JP3700800000,,,JP3700800000,0.00825,0.00791,0.00925,1.5381,,0.170975318094615,-0.486288488695103,-0.46984476534296,-0.280779694923731,0.0113,647154300,152899076096,13.038348,10.994113,0.29674172,-0.00599700149925038,0.00151057401812689,0.0207852193995381,0.02,-0.0285714285714286,0.0105580693815988,-0.245852187028658,-0.100050226244344,1326,,,3.2,Hold,1.18593905665696,Basic Materials,
4023,JP3271600003,,,JP3271600003,0.0068699997,0.02343,0.0094800005,0.42013,-0.209,0.284658779283867,-0.274956996424056,-0.0400778077329967,-0.017911862265045,0.0283,175181940,145834901504,21.050217,9.189189,0.58368987,-0.00108813928182807,0.00768386388583974,0.022271714922049,0.02,0.00657894736842105,-0.0958605664488017,-0.0958605664488017,-0.0958605664488017,918,,,,,2.29075895598621,Basic Materials,
3612,JP3990210001,,,JP3990210001,0.01713,0.01208,0.00928,1.6453,,5.45049809651902,0.17864577021987,0.104605075801994,0.00528118799603176,0.0137,361912320,157924786176,19.047619,19.475084,0.6903693,0.00589390962671906,0.0438328236493374,0.0655567117585848,0.0882040382571732,0.0534979423868313,0.318359375,-0.013671875,0.1165365234375,1024,,,2.7,Hold,0.978050672335996,Basic Materials,
3880,JP3440400004,,,JP3440400004,0.28893998,0.40366,0.33476,,3.222,-0.379605686094638,-0.349973309015573,-0.168001166946248,0.00272420303157945,0.0074,1802503800,383146295296,29.322493,18.114851,9.99049,-0.00642791551882461,-0.0018450184501845,0.0592266275085658,0.0602645761881431,0.0398846708313311,0.340110905730129,-0.0757855822550832,0.12927449168207,1082,,,2.1,Buy,1.61869909942952,Technology,
4028,JP3136800004,,,JP3136800004,0.021540001,0.02569,0.06491,0.92044,0.94,0.614251163980013,-0.145570298016422,-0.112872040537502,-0.102363217729498,0.0325,1382831180,369556979712,18.149635,9.774388,0.74742335,-0.0112504018000643,0.00984898227183191,0.0249916694435188,0.0111768573307035,-0.0360388592917581,0.202860858257477,0.163849154746424,0.176853055916775,1538,,,1.5,Strong Buy,1.85685640881045,Consumer Cyclical,
7995,JP3744200001,,,JP3744200001,0.046430003,0.05321,0.06499,0.00507,-0.168,-0.397296220800825,-0.518848312243893,-0.461374789378528,-0.457667526165963,0.0286,122000520,79476760576,14.556648,,1.0450475,-0.00945945945945946,0.0027359781121751,0.00825309491059147,0.0124309392265193,0.0117322291235335,,,,1466,,,,,,Consumer Cyclical,
4044,JP3425000001,,,JP3425000001,,0.075229995,0.13829,0.21239,0.341,-0.509628044766294,-0.551224219351555,-0.506971376508997,0.298688643608272,0.0032,662999600,96931708928,40.162685,34.53552,2.729543,-0.00628930817610063,-0.0047244094488189,0.0160771704180064,0.0326797385620915,0.102966841186736,0.424050632911392,-0.145569620253165,0.139240506329114,3160,,,,,1.16293847609649,Technology,
3104,JP3820800005,,,JP3820800005,-0.0062800003,0.0773,-0.02633,0.82127,,0.811336735406351,-0.297637722520071,-0.183588892952301,0.0613742898631952,,3130952580,327299203072,75.19113,828.7922,7.344311,-0.0262376237623762,-0.0382985658409387,-0.006732873253661,0.00374213301581902,0.104642456008985,0.423487544483986,-0.271309947466531,-0.028978139298424,5901,,,2.6,Hold,0.0907237423325171,Technology,
7947,JP3167000003,,,JP3167000003,0.029070001,0.04185,0.13868,1.18836,1.704,-0.119371493523295,-0.261349037937485,0.0014116947539571,-0.120271575836314,0.0047,29083068700,2635978768384,47.618233,55.760666,3.3423424,0.0247050147492625,0.0134938001458789,-0.0279818118223155,-0.135345364032358,-0.0831408775981524,1.01511335012594,-0.568189996401583,0.48998445483987,13895,,,1.6,Buy,0.853975327339168,Basic Materials,
7970,JP3371600002,,,JP3371600002,0.037550002,0.04463,0.08444,0.80157,,0.14355457091183,-0.346859355659609,-0.288793149359673,-0.121527075173586,0.0276,6247906908,958416355328,15.626178,14.896021,0.8687827,-0.029116426199444,0.0351471900089207,0.0388540734109222,0.0111537336061089,0.162492472259485,0.499482936918304,-0.138228197173389,0.116473285074112,580.2,,,2.1,Buy,1.04901691532256,Basic Materials,
4928,JP3760450001,,,JP3760450001,0.12125,0.18252,0.27804002,0.17367,0.23,0.2790051071168,-0.339037913021184,-0.230161008398585,-0.0883243977042308,0.0257,4429467650,1101469188096,22.421658,25.606277,4.387489,0.00731975112846163,0.0367905575087896,0.0481086570195481,0.0318670332416896,0.0917625280973159,0.332202979290299,-0.0311251059706915,0.100749545839893,8257,,,1.9,Buy,0.875631314931101,Basic Materials,
3865,JP3841800000,,,JP3841800000,0.02981,-0.05061,0.10471,0.72059,1.474,1.14433215755806,0.677514510071697,0.292166532215636,0.0140847722361298,0.0519,1360777600,158999592960,,22.124128,0.93965286,-0.0153846153846154,-0.0556186152099887,-0.038150289017341,-0.0693512304250559,-0.0436781609195402,0.360576923076923,-0.302884615384615,-0.05,4160,,,3.3,Hold,,Basic Materials,
4914,JP3454400007,,,JP3454400007,0.04237,0.085159995,0.056149997,0.52461,-0.786,-0.0117205459523629,-0.215281353088115,-0.207103712433707,-0.180841848161389,0.0446,568599900,111542059008,6.7023816,11.877114,0.8745379,-0.0121992544900034,0.0146188652975983,0.0121527777777778,-0.0283333333333333,-0.0566343042071197,0.451114922813036,0.0634648370497427,0.257289879931389,2915,,,,,0.564310622934157,Basic Materials,
8016,JP3203500008,,,JP3203500008,0.03187,0.1193,0.109060004,0.26273,0.046,0.674953642166757,-0.309759611566779,-0.145501230720193,-0.182233733187932,0.0413,371171700,207445655552,11.494253,15.229625,0.9818704,-0.010230179028133,0.010443864229765,0.0051948051948052,0.0051948051948052,0.00389105058365759,0.0335917312661499,0.00775193798449612,0.020671834625323,3870,,,2.5,Buy,0.754729876802613,Basic Materials,
4985,JP3100190002,,,JP3100190002,,0.051999997,0.11374,0.3038,2.083,0.201519756838906,-0.375001921273881,-0.346436904659808,-0.332820856035041,0.0385,2454135960,800361480192,19.647041,11.772031,0.9514269,-0.0168305597579425,0.0150331901600937,0.0130553390491037,0.00212027756360833,-0.0409518539014942,0.461819580688594,-0.0382765916522408,0.147816887863051,2599.5,,,2.6,Hold,1.66895933250601,Basic Materials,
4956,JP3300800004,,,JP3300800004,,0,0.07096,0.54545,,-0.397158922758212,-0.37357775842285,-0.371753409606611,-0.233791619271988,0.0344,2082388860,300802703360,13.550039,9.937726,1.04815,-0.00428673493688974,0.0338773491592483,0.0290425793748462,0.0369543650793651,0.0295493720758434,0.506816551064339,-0.122219564697441,0.161604042095193,4181,,,,,1.3634949283166,Basic Materials,
4919,JP3910650005,,,JP3910650005,,0,0.10484,0.21704,3.682,0.273578011087146,1.80681321084864,0.997625887124028,0.271877321885578,0.0375,573633900,112311312384,13.422621,11.115201,0.8792057,0.00554938956714761,0.0571761960326721,0.0658823529411765,0.0646298472385429,0.0608899297423888,-0.00662251655629139,-0.00662251655629139,-0.00662251655629139,4530,,,3,Hold,1.20759138768611,Basic Materials,
7917,JP3821000001,,,JP3821000001,0.03326,0.07951,0.10751,0.09306,-0.097,-0.108793514603971,-0.305387107537645,-0.0766236136174699,-0.244460590732277,0.0398,581329970,191011864576,14.837014,15.31356,0.8703975,-0.0152588555858311,0.00472616068946344,0.00808926080892608,-0.00440771349862259,-0.0221861471861472,0.0237963475373547,0.0237963475373547,0.0237963475373547,1807,,,,,0.968880782783363,Basic Materials,
5208,JP3126000003,,,JP3126000003,0.07683,0.16624,0.21691,0.05903,0.673,0.3435895890466,-0.270214553748036,-0.22384938815283,-0.0120889908971194,0.0149,594324680,242567593984,16.233662,18.679789,1.8709143,-0.00886699507389163,0.0100401606425703,0.0218384966988319,0.00650325162581291,0.0852211434735707,0.292246520874752,0.0934393638170974,0.180417495029821,2012,,,,,0.869049537979257,Basic Materials,
4369,JP3636000006,,,JP3636000006,0.041079998,0.092659995,0.20127001,0.53656,5.103,1.48667162315305,-0.354442353456602,-0.247417267631299,0.261710872242005,0.0154,1661843040,134380298240,35.462387,25.889503,1.7657459,0.0963968179691156,0.097423887587822,0.0969101123595506,0.0679124886052872,-0.185610010427529,-0.359795134443022,-0.359795134443022,-0.359795134443022,2343,,,,,1.36975928043115,Basic Materials,
4220,JP3973000007,,,JP3973000007,0.11164,0.0853,0.12009,0.61082,0.431,-0.594750013311325,-0.15647318530061,0.286449767608152,0.170972173162212,0.0206,207615600,50035445760,30.395748,36.673927,7.1997237,-0.0178282009724473,0.0271186440677966,0.0358974358974359,0.0306122448979592,-0.106194690265487,0.377887788778878,0.336633663366337,0.357260726072607,6060,,,1,Strong Buy,0.828810833374893,Technology,
4216,JP3117200000,,,JP3117200000,0.03234,0.03497,0.11337,0.70616,,-0.119383766583807,-0.36353152258545,-0.262291504432207,0.0269848914494906,0.0302,2097508920,285234855936,18.181318,18.030731,0.9207898,-0.0072007200720072,0.0197226502311248,0.00699939135727328,0.00030229746070133,-0.119712689545092,0.601692354185555,-0.0450287095799335,0.360682985796313,3309,,,1.8,Buy,1.00835168579688,Basic Materials,
4078,JP3312800000,,,JP3312800000,0.03952,0.1559,0.21139,0.31919,0.417,0.176390971875811,-0.110715540647778,-0.0582698036204195,-0.0461974519761567,0.001,170225297250,5496825184256,90.906975,63.292984,9.5893755,0.0584573748308525,0.0230185718022495,-0.000255623721881391,-0.0870681605975724,0.0286691215149921,0.534134492457172,-0.46305292763999,0.26460813091281,19555,,,1.5,Strong Buy,1.43628834121646,Technology,
4212,JP3420200002,,,JP3420200002,0.07294,0.18361999,0.26237,0.05487,0.057,0.248577169939782,-0.274663820467066,-0.202289932742986,-0.309091351925594,0.0198,38235597240,10607238578176,23.14822,17.72359,2.384079,0.0142311697327317,0.0265238011593185,0.0184733356570234,0.0218569680013988,-0.0523755472677153,0.627310061601643,0.112251882272416,0.330374058863792,5844,,,1.6,Buy,1.30606835296912,Basic Materials,
3708,JP3624900001,,,JP3624900001,0.03195,0.044460002,0.044120003,0.02301,0.413,0.257490208047205,-0.139821564767023,-0.118173314993122,0.253132422224818,0.0309,99662400,34769948672,11.025284,11.889908,1.3539174,0.00934579439252336,0.0351437699680511,0.0640394088669951,0.0693069306930693,0.0960757780784844,0.296296296296296,0.296296296296296,0.296296296296296,3240,,,,,0.927280850280759,Technology,
4187,JP3187000009,,,JP3187000009,0.03215,0.04192,0.07947,0.14965,0.605,-0.28696364975713,-0.389269896108007,-0.440020040897413,-0.418736271370838,0.0434,698012700,57138237440,23.36419,13.577745,0.7519871,0.0151515151515152,0.0307692307692308,0.0307692307692308,0.00958904109589041,-0.120525059665871,,,,3685,,,,,1.72077101168125,Basic Materials,
3001,JP3211400001,,,JP3211400001,0.048109997,0.09897,0.14629,0.66209,0.54,0.616399128951992,0.32262431105136,0.294079366919822,-0.105752045180848,0.012,3622193060,2376797519872,19.193933,19.842445,1.8753114,-0.00308641975308642,0.00900404263138552,0.0208217140732478,0.00974623023170283,-0.0899900563473649,0.384083044982699,-0.0894190493534875,0.142779093061373,5491,,,2.5,Buy,0.967316930952814,Basic Materials,
4996,JP3267600009,,,JP3267600009,0.03836,0.09861,0.14072,0.00112,0.38,0.648210745279033,-0.260448168860205,-0.134581965630431,-0.0957538490571972,0.0281,355003200,186993885184,15.198087,,0.9264117,-0.00503074343208496,0.0200573065902579,0.0183066361556064,0.0183066361556064,0.0409356725146199,,,,1780,,,,,,Basic Materials,
3608,JP3538690003,,,JP3538690003,0.065359995,0.13831,0.20009,0.26025,1.037,0.454080722222362,0.933346461752385,0.589141033366297,0.774746258018532,0.0182,2236652000,190296571904,16.722408,11.671087,1.8613434,0.0189902732746642,0.0481181515007146,0.0227801022780102,0.0242085661080074,-0.284552845528455,,,,2200,,,,,1.43280638727138,Basic Materials,
3302,JP3540800004,,,JP3540800004,0.02523,0.04265,0.06701,0.43026,1.19,0.37165982606699,-0.328972407231208,-0.313342440453931,0.135912162689432,0.0346,1115102780,363830935552,12.135835,13.850232,0.7219059,-0.0162311313098523,0.0174584522410609,0.0226084022270963,0.015583109919571,0.027636486944727,0.039432436891602,-0.249298795578287,-0.102183385579937,6061,,,3,Hold,0.876218896549892,Basic Materials,
3950,JP3345900009,,,JP3345900009,0.06199,0.15353,0.100209996,,0.83,0.420082377184471,0.0449366049551435,0.0922634840688823,0.333805085720861,0.031,3917904960,1181211164672,14.5136385,16.260632,1.2892976,-0.00287292817679558,0.00669344042838019,0.0294318959616701,0.0143884892086331,-0.102625298329356,0.285460992907801,-0.202127659574468,0.0114441489361703,2256,,,3.6,Underperform,0.89256300124128,Healthcare,
4022,JP3967400007,,,JP3967400007,0.03739,0.06856,0.11462,0.30891,1.373,-0.154757588906749,-0.262399176248498,-0.19273682002098,0.734389227243164,0.0015,2145700920,154797211648,46.079025,32.75713,3.8750575,-0.00785340314136126,-0.010443864229765,0.0676056338028169,0.0882986360373295,0.554871794871795,-0.0105540897097625,-0.386543535620053,-0.198548812664908,1516,,,3,Hold,1.40668688007771,Technology,
4471,JP3337600005,,,JP3337600005,0.033299997,-0.03877,0.1243,0.31299,1.178,-0.0458383048475943,-0.278866341606418,0.000430192646649614,0.743882180660834,0.0291,5430157780,737575895040,,13.685049,1.1077158,-0.0073490813648294,0.0166666666666667,-0.00708847466526647,-0.0196993260756869,-0.159181858603824,0.824431517715495,0.110523532522475,0.46627567424643,3782,,,1.7,Buy,,Basic Materials,
4116,JP3492200005,,,JP3492200005,0.032390002,0.03837,0.09017,0.82395,44.629,0.0962018948604007,-0.241630428965963,-0.187379444267146,0.0492434282996633,0.0343,4117986800,790320381952,23.867235,4.7970157,0.9049268,-0.0192911619560341,0.0313753243689549,0.0424415832141154,0.0210182157870154,0.0101663585951941,0.646843549862763,-0.176578225068618,0.142809698078682,2186,,,2.5,Buy,4.97543399743303,Basic Materials,
3103,JP3951200009,,,JP3951200009,0.107880004,0.15141,0.18983,0.10027,0.422,0.108746114958287,-0.193833473167713,-0.126686045410248,-0.140396949785263,0.0099,5894500950,968565522432,24.154749,41.3597,3.9059002,0.0164945857466633,0.00723643169058016,0.00235907623541098,-0.0364048698973502,-0.0939393939393939,0.734175647219125,-0.256781865477518,0.37123745819398,8073,,,2,Buy,0.584016542673182,Technology,
3946,JP3554000004,,,JP3554000004,0.07497,0.20156999,0.23638001,0.0192,0.646,-0.302430812346736,-0.453889272825002,-0.320007861228627,-0.477444969142743,0.021,490319000,83382812672,10.660981,23.61343,1.5347832,0.0161090458488228,0.0301507537688442,0.0199004975124378,-0.029585798816568,-0.176706827309237,0.804878048780488,0.339024390243902,0.529878048780488,4100,,,,,0.451479560572098,Basic Materials,
4092,JP3691600005,,,JP3691600005,0.00964,0.013040001,0.11695,0.73776,2.043,0.74691818503159,-0.254181169358053,-0.244484991620373,-0.170143316062356,0.0269,6198899060,1615479832576,,13.04014,0.88692486,-0.0230073952341824,0.0303292894280763,0.0281020319930826,0.0140724946695096,0.00379907133811735,0.513877207737595,-0.335576114381834,0.0841808242220352,1189,,,2.5,Buy,,Basic Materials,
4221,JP3178400002,,,JP3178400002,0.061739996,0.08343001,0.19507,0.2116,0.863,-0.0623502737850787,-0.377832788141337,-0.382375686859779,-0.389751507644353,0.0466,367273200,112757686272,12.345678,12.632405,1.5104238,-0.00770416024653313,0.010989010989011,0.010989010989011,0.0015552099533437,-0.0865248226950355,0.304347826086957,0.0869565217391304,0.195652173913044,3220,,,,,0.97730226350406,Basic Materials,
4109,JP3399720006,,,JP3399720006,0.14097999,0.18697001,0.18937999,0.0018,0.28,-0.103313500279697,-0.0231695259064453,1.15237813112612,0.0955545567730371,,2854877840,344299110400,18.939444,19.663792,3.9872503,-0.00561272217025257,-0.0111627906976744,0.0592924763328351,-0.0167649439241531,-0.0421266050912368,0.411100658513641,-0.000470366886171214,0.276710136406397,8504,,,2.3,Buy,0.963163361369974,Communication Services,
4025,JP3461000006,,,JP3461000006,0.031570002,0.01674,0.092159994,0.8107,0.01,0.731535714444548,-0.268872066476259,-0.321636129593362,-0.369030264274403,0.049,1274668000,365126647808,36.89646,6.5496383,0.992109,-0.00209497206703911,0.0167200284596229,0.0258435032304379,0.0163584637268848,-0.0232399179767601,0.679496151154654,-0.118264520643807,0.0593072078376487,1429,,,3.1,Hold,5.63335841003617,Basic Materials,
8011,JP3339400008,,,JP3339400008,,0.09336001,0.14932999,0.08326,,0.487812239289395,0.4455701021552,0.428883560559123,0.155468709318883,0.0154,7232026100,683107942400,24.389938,28.073845,1.9003304,0.00542355371900827,-0.00230650948231676,0.0260938323668951,0.0164490861618799,0.00270444301352222,0.310043668122271,-0.267916773696378,0.0751899563318777,7786,,,1.3,Strong Buy,0.868777967535263,Basic Materials,
4008,JP3405600002,,,JP3405600002,0.050300002,0.055960003,0.076519996,0.21463,0.003,0.251133336402265,-0.477989763510061,-0.352971424934767,-0.387258717140403,0.0328,3294231610,1008089038848,13.661486,12.917162,1.1842198,-0.0161576354679803,0.0030132583366814,0.00929856478673944,-0.0012002400480096,-0.0618188650883127,0.24173843380733,-0.118766272781895,0.0582815942319247,2496.5,,,,,1.05762287412669,Industrials,
4246,JP3481300006,,,JP3481300006,0.06328,0.071339995,0.12836,0.20281,0.075,0.217288731747073,-0.392824302550216,-0.389453648493795,-0.184305373525557,0.0339,922226250,268605177856,15.384337,16.163424,1.3871901,-0.00305307656176609,0.0226451457480125,0.0308402136959689,0.0270989595935156,0.0494437577255871,0.177856301531213,-0.0459363957597173,0.0325873969375736,4245,,,1.3,Strong Buy,0.951799383595951,Industrials,
4275,JP3205320009,,,JP3205320009,0.015149999,0.049000002,0.045560002,0.72836,-0.039,1.55794796282662,-0.25950623295274,-0.215860399873137,0.0202238238777194,0.0463,2808374600,335343288320,14.045081,10.051831,0.76362073,-0.0154021677124929,0.0129107981220657,0.021301775147929,0.0105386416861827,0.0524390243902439,0.158748551564311,-0.101969872537659,-0.015063731170336,3452,,,,,1.39726593095328,Basic Materials,
4997,JP3741800001,,,JP3741800001,0.027520001,0.05934,0.05404,0.12567,3.052,-0.0511601411012029,-0.356044636853359,-0.265594945594946,-0.501628202999613,0.0295,155226600,89600393216,22.882524,,0.8948953,-0.0138613861386139,0.00945945945945946,0.0407523510971787,0.0282174810736407,0.0204918032786885,,,,2988,,,,,,Industrials,
4082,JP3474350000,,,JP3474350000,0.045619998,0.04413,0.11068,0.08839,0.189,-0.145924577669075,-0.349539898365609,-0.129401641107594,-0.327491640946502,0.0213,326302200,114393899008,34.364067,10.935535,1.3975123,-0.0161550888529887,0.00661157024793388,0.00164473684210526,0.0392491467576792,-0.00490196078431373,,,,6090,,,,,3.14242211286416,Industrials,
4362,JP3720000003,,,JP3720000003,0.0681,0.06677,0.117939994,0.15119,1.067,0.0989817344381477,-0.206725431813991,-0.233113687748613,-0.037471274726265,0.036,258370420,110804246528,15.361113,20.96717,1.6267551,-0.00630782169890664,0.00681721346399659,0.0198532585239534,-0.0125365649811952,-0.165017667844523,,,,2363,,,,,0.732626911500217,Basic Materials,
7931,JP3910600000,,,JP3910600000,0.09458999,0.11956,0.05829,0.2111,0.154,0.163833893317699,-0.372174642790443,-0.44575771224126,-0.0626808623023341,0.0105,1099844850,90874609664,52.61708,298.4375,8.955532,0.0471491228070175,0.0815402038505096,0.173218673218673,0.179012345679012,0.139618138424821,,,,955,,,0,Strong Buy,0.176308540314136,Technology,
7942,JP3386000008,,,JP3386000008,,0,0.1,0.24036,,3.9386156692947,-0.199048892851835,-0.217541998231653,-0.328354913386533,0.0319,1420496550,298109468672,12.820115,20.480436,1.0774627,-0.0224586288416076,0.00681762843925006,0.0154715127701375,0.0167199409884436,0.0187238236018724,,,,2067.5,,,,,0.625968851444374,Basic Materials,
4611,JP3495400008,,,JP3495400008,0.03734,0.18020001,0.07846,,3.355,-0.367331146137936,-0.448652286981796,-0.324012701684716,-0.307897946778609,0.0356,168396800,104967225344,18.313429,19.796558,1.5846372,-0.0155642023346304,-0.01364522417154,0,0,-0.0269230769230769,0.146245059288538,0.00790513833992095,0.0935440711462451,506,,,2.3,Buy,0.925081471233535,Communication Services,
4097,JP3285800003,,,JP3285800003,0.04201,0.02227,0.19665001,0.62286,0.132,0.251898430134431,-0.310702753770468,-0.233434900493988,-0.226849243603777,0.0163,11999455680,2887881326592,192.3163,29.521902,7.727945,0.000193986420950533,-0.00270793036750484,0.0520301979187921,0.0701535907015359,0.0882228788518362,0.299456943366951,0.00659425911559348,0.146930042668735,5156,,,1.4,Strong Buy,6.51436008425203,Technology,
4064,JP3690000009,,,JP3690000009,0.03195,-0.14140001,0.07713,0.92676,,-0.218086111779688,-0.376052605815663,-0.324923930475489,-0.170095386841957,,3240159300,932174036992,,11.12109,2.1953595,-0.0115606936416185,-0.0115606936416185,0.00391389432485323,0.0158415841584158,0.0118343195266272,0.113895850737956,-0.164578111946533,0.00807574491785018,3591,,,2.6,Hold,,Communication Services,
4992,JP3851000004,,,JP3851000004,0.01555,0.041500002,0.07275,1.44462,-0.64,-0.454752760441671,-0.35927833985062,-0.303181295515523,0.136000522125049,0.0114,49409740,40485089280,12.194896,,3.760111,-0.00452830188679245,0.012279355333845,0.0181397143959861,-0.00151400454201363,-0.0462762111352133,0.360879454131918,0.360879454131918,0.360879454131918,2638,,,,,,Communication Services,
4968,JP3125000004,,,JP3125000004,0.06086,0.03783,0.0544,5.9125,5.786,-0.321188878235858,-0.391874261331369,-0.41860989708163,0.322111357477211,0.0073,156901530,54063583232,19.38023,25.073395,6.8695784,-0.01085776330076,-0.00328227571115974,0.00737191301142647,0.0010989010989011,-0.0120122963975114,,,,2733,,,,,0.772940002739956,Consumer Cyclical,
4951,JP3162800001,,,JP3162800001,0.08359,0.22067,0.27048,0.12926,1.153,-0.0128176452314384,-0.187595451742481,-0.0159853569249542,0.350597823838484,0.0094,2222151880,314955825152,22.025747,10.353342,2.5605319,0.0219704771713011,0.0369209334726576,0.0632142857142857,0.0354782608695652,-0.251069182389937,0.981860933825999,0.746724890829694,0.892285354383608,2977,,,,,2.12740456173475,Basic Materials,
4027,JP3539300008,,,JP3539300008,0.090270005,0.23316999,0.24513,0.15115,-0.032,0.117187105249861,-0.177038099477389,-0.0556077927697438,-0.00333677551221117,0.012,1390135500,95052873728,15.551892,17.31794,2.4850705,0.00550017188037126,-0.00544032641958518,0.00102669404517454,-0.0441176470588235,-0.148471615720524,0.606837606837607,0.299145299145299,0.426495726495727,2925,,,1.8,Buy,0.898022051121554,Basic Materials,
4229,JP3274800006,,,JP3274800006,0.11699,0.17322999,0.2124,0.44158,0.064,0.460726575671493,0.125414950619154,0.169009470181725,0.121661058844196,0.0207,1703143400,260121640960,25.707964,7.607699,5.2322783,-0.00768573868488471,0,0.0496838301716351,0.0573248407643312,0.0729455216989843,0.437177280550775,0.0154905335628227,0.247848537005164,1162,,,,,3.37920361991188,Technology,
4462,JP3136900002,,,JP3136900002,0.0432,0.15439,0.15141,1.99554,0.102,0.820431482692546,0.365241708841111,0.175406591347393,0.268504449279167,,8285020200,603605106688,17.699411,36.758423,4.4587,0.00735294117647059,-0.04344453064391,-0.0331939362258233,-0.0675573481220066,-0.248323511481406,0.567991349013247,0.189510678561773,0.354212219518789,3699,,,2.2,Buy,0.481506265924411,Consumer Cyclical,
4973,JP3706600008,,,JP3706600008,0.05192,0.072519995,0.13405,0.12725,0.546,-0.211109637415654,-0.416267724433502,-0.399267572356763,0.0127077887542293,0.0289,1126998000,443374174208,16.447226,16.675177,1.3790125,-0.000874125874125874,0.0343891402714932,0.0450285714285714,0.0200803212851406,0.109708737864078,0.200787401574803,-0.300087489063867,0.0144356955380577,4572,,,,,0.986329920216139,Basic Materials,
4923,JP3298900006,,,JP3298900006,0.07655,0.14583999,0.15469,0.01465,-0.094,0.16115273946694,0.0218165734232295,-0.0444489678846029,0.231545628515648,0.027,2422137105,579154870272,14.684026,15.639539,1.9837301,-0.0091866028708134,0.00154768814083962,-0.00404001539053482,-0.0246797287113791,-0.0592404143194621,0.622561328954993,0.352134440795828,0.468031678578327,2588.5,,,,,0.93890401756727,Basic Materials,
4112,JP3852600000,,,JP3852600000,,0,0.28476998,0.01017,0.813,-0.26679005817028,0.572427413318044,0.27219467340974,-0.0528437787795066,0.0087,348863000,64336068608,28.902735,38.34673,6.542631,-0.0304789550072569,0,0.0229709035222052,0.00451127819548872,0.0198473282442748,-0.101796407185629,-0.101796407185629,-0.101796407185629,3340,,,2,Buy,0.753720982206306,Technology,
4931,JP3381200009,,,JP3381200009,0.0994,0.12607999,0.15439,0.12967,,0.0147493178337987,-0.420586630588624,-0.386713583692289,-0.335390387540498,0.0023,2465827560,268449005568,40.323795,60.525574,12.859922,0.0108541764983483,0.0298076923076923,0.0922998470168282,0.0840080971659919,0.130939809926082,0.400560224089636,-0.34640522875817,0.0795985060690943,2142,,,2,Buy,0.666227386790252,Technology,
4218,JP3662400005,,,JP3662400005,0.06555,0.07771,0.11102,0.20635,0.329,-0.00971421693702767,-0.430541138051044,-0.348471988485503,0.0570681454854936,0.0224,8702929840,3146748264448,24.874838,13.447262,2.8109798,-0.00429430289149728,0.0101655532965437,0.0268674343076469,0.0190448285965426,-0.0330831248262441,0.265094882116159,0.0350776308223117,0.161144738355377,3478,,,1.7,Buy,1.84980689749333,Consumer Defensive,
7888,JP3330900006,,,JP3330900006,0.07986,0.09088001,0.18607001,0.45002,1.858,0.0963760028236461,-0.503691952131931,-0.29870272356939,0.138945684245522,0.0115,2239699000,138896113664,20.789988,37.98607,2.525889,0.0388888888888889,0.089018302828619,0.0488782051282051,-0.00380517503805175,-0.0959944751381216,,,,13090,,,,,0.547305578071119,Basic Materials,
4249,JP3927450001,,,JP3927450001,0.043169998,0.08416,0.13267,0.02248,-0.48,0.341960073153114,-0.105657014633727,-0.107262774329878,1.65222944594672,0.0196,641764200,140818333696,9.025322,21.188972,0.8691977,0.00156985871271586,0.0615640599001664,0.0686767169179229,0.0704697986577181,0.0831918505942275,-0.0282131661442006,-0.0282131661442006,-0.0282131661442006,6380,,,,,0.42594430725568,Basic Materials,
3580,JP3304600004,,,JP3304600004,0.02878,0.09156,0.065910004,0.03951,1.414,0.0687319782290939,-0.047467008788747,-0.0443556560454016,0.368349946948121,0.0297,295222110,38810058752,17.859035,40.848484,2.549978,-0.00589970501474926,-0.00589970501474926,0.00297619047619048,-0.00589970501474926,0.190812720848057,,,,337,,,,,0.437201904481939,Technology,
4620,JP3811200009,,,JP3811200009,0.0109,0.0254,0.03994,0.67496,1.084,-0.321660341111423,-0.400295608491037,-0.272546206430922,0.574321432420366,,1863007300,230408798208,212.71326,140.34132,10.832794,-0.00897435897435897,-0.0165394402035623,0.0038961038961039,0.0361930294906166,0.435735512630015,0.397153945666235,-0.430789133247089,-0.0168175937904269,3865,,,2.3,Buy,1.51568518808288,Technology,
7874,JP3410800001,,,JP3410800001,0.04223,0.044510003,0.20121999,1.25867,1.312,-0.245282425857712,-0.230932013883889,-0.02602689034168,1.32541762107622,0.0152,603508480,71563051008,39.525955,19.009392,4.783307,0.00254022015241321,-0.00504201680672269,0.00424088210347752,-0.0271158586688578,0.0942698706099815,0.870777027027027,0.140202702702703,0.386824324324324,2368,,,1.8,Buy,2.07928559735104,Healthcare,
4410,JP3772600007,,,JP3772600007,0.044460002,0.13239999,0.14478,0.61328,0.17,0.148074921956295,-0.573007179765061,-0.439893331210571,-0.0539066765249999,0.005,1113947100,233631481856,34.842865,28.147915,2.8128042,-0.00418410041841004,-0.0110803324099723,0.0142045454545455,0.0317919075144509,0.00140252454417952,0.554621848739496,0.00840336134453782,0.233053221288515,3570,,,1.5,Strong Buy,1.23784887797196,Healthcare,
4228,JP3419800002,,,JP3419800002,0.02694,-0.035380002,0.16445999,0.73245,-0.098,0.620941985484567,0.0968384759781037,0.00893073707413336,-0.0721047877145439,0.0342,24869551200,9529412550656,,42.51015,1.2478635,0.00369996636394215,0.0206943731828288,0.0533003882809742,0.0628673196794301,0.100092165898618,0.273458445040215,-0.0281501340482574,0.109594922922252,5968,,,1.9,Buy,,Healthcare,
5142,JP3108000005,,,JP3108000005,0.0841,0.16046,0.2892,0.30336,1.072,0.23037452445028,-0.284752729909183,-0.229859972740501,-0.127242197948397,0.0336,12345767280,4273648173056,14.683957,31.457043,2.1998663,0.00782241014799154,0.0295896328293737,0.0638250390537826,0.0654894948591864,0.0415119073629015,0.300608349066499,-0.286763163415146,0.0521741976085588,2383.5,,,2.4,Buy,0.466793938641976,Healthcare,
8029,JP3981000007,,,JP3981000007,0.039219998,0.23728001,0.13708,0.39323,0.383,-0.205569218734093,-0.0927697581179449,-0.0908279033741589,-0.126763075062968,,5730946650,722011095040,5.9843836,93.95797,1.7672306,0.00719649561952441,0.0170616113744076,0.0540275049115914,0.041747572815534,0.253992987923646,0.677539608574091,-0.0680335507921715,0.313628828828829,1609.5,,,2.1,Buy,0.0636921338338834,Healthcare,
4994,JP3444900009,,,JP3444900009,0.03216,0.46785998,0.11417,0.38591,1.482,0.476725503984238,-0.0975760779416435,-0.053739980841035,-0.0589991946523895,0.0257,8076598470,2514801655808,12.25476,15.452406,1.4186586,-0.00938809723386421,0.0173898071625344,0.0451008135833039,0.0379413314596873,0.0456556361705893,0.353866982568963,-0.0184464376375021,0.133863597901506,2954.5,,,2.2,Buy,0.793064846988877,Healthcare,
4251,JP3281610000,,,JP3281610000,0.06932,0.17513001,0.25094998,0.00865,0.224,1.52280070327852,-0.259354838709677,-0.209563132658498,-0.233806716353344,0.0359,1347833400,232668004352,7.824648,8.4074135,0.7876078,-0.00804597701149425,0.00670749489647127,0.019492025989368,0.0264644662503717,-0.0245832155976264,0.216685979142526,-0.188876013904983,0.00847334878331402,3452,,,3.1,Hold,0.930684329966642,Healthcare,
4979,JP3174220008,,,JP3174220008,0.17055,0.35103,0.47092,,0.197,0.120972869224464,-0.135152122028616,-0.111332206697927,-0.140550754013467,0.0196,17404612540,11101064396800,23.529001,28.59565,5.473894,0.00927588270496709,0.0378461538461539,0.0504515727187792,0.041692402717727,-0.00266114725014784,0.971538689593833,0.0524755410613697,0.382053513193003,6746,,,2,Buy,0.822817491471605,Healthcare,
3109,JP3348400007,,,JP3348400007,0.03433,0.116969995,0.36163,0.02518,30.284,-0.0873955336347445,-0.285176439348678,-0.265144863915716,-0.0626539295319822,0.0477,379413400,150715891712,70.41755,41.28631,0.985834,-0.00624219725343321,0.0192061459667093,0.0391644908616188,0.0297542043984476,0.0405228758169935,0.407035175879397,0.0050251256281407,0.149497487437186,3980,,,2.8,Hold,1.70559078784227,Healthcare,
4933,JP3100680002,,,JP3100680002,0.02395,0.049390003,0.10553,0.29077,0.26,0.396085051604598,-0.288124466618526,-0.260816238383015,-0.379514519126362,0.0325,5983393100,1391423520768,36.10135,24.337265,1.5329511,-0.00464365031294165,0.0341934130480386,0.0583941605839416,0.0670995670995671,0.0509486250266468,0.115618661257606,-0.350912778904665,-0.0720081135902637,4930,,,2.5,Buy,1.48337744606882,Healthcare,
2930,JP3240100002,,,JP3240100002,0.05824,0.093739994,0.14812,0.17689,-0.095,1.43515119782993,-0.365906498171209,-0.314737333126013,0.383785403511148,0.018,2967525185,627712589824,19.157206,16.663673,2.0330472,-0.0228110194771012,-0.0280977312390925,-0.00125538020086083,-0.0178130511463845,0.178624338624339,0.379062668342611,-0.0662596516430239,0.170113844496319,2784.5,,,1.9,Buy,1.1496388581317,Consumer Defensive,
4100,JP3627400009,,,JP3627400009,0.05983,0.15116,0.26389,0.13418,0.367,0.662328549155538,-0.235752459143366,-0.157190650309686,-0.120448028007763,0.0335,3275486230,1122608480256,16.102722,14.12356,1.2950714,-0.000627483790002092,0.0150839175695772,0.0297413793103448,0.0152996175095623,0.0218135158254919,0.339472582670573,-0.204688154039347,0.0499511511092506,2389,,,3,Hold,1.14013194973505,Healthcare,
4936,JP3108220009,,,JP3108220009,0.04058,0.075279996,0.112390004,0.07128,0.68,-0.0779016234552945,-0.235488854557493,-0.245844269466317,-0.360937814449587,0.0258,130548000,116124426240,14.792899,17.628206,0.8315977,-0.00900900900900901,0.0153846153846154,0.0443037974683544,0.0377358490566038,0.0526315789473684,,,,3300,,,,,0.839160774499685,Healthcare,
4502,JP3463000004,,,JP3463000004,0.07095,0.13255,0.11771,,0.291,2.45206306059897,-0.13451558858776,-0.135000076139427,-0.0210443724939912,0.0246,2349830700,549276450816,15.036933,15.826006,1.8291802,-0.0317100792751982,-0.0183696900114811,-0.00869565217391304,-0.027580324139892,-0.0884861407249467,0.637426900584795,0.111111111111111,0.390513333333333,1710,,,1.8,Buy,0.950140736708933,Healthcare,
4578,JP3188220002,,,JP3188220002,0.02162,0.03486,0.06064,0.7877,0.39,0.0577831617201696,-0.0718887758562224,0.0618946248004258,0.100647668393782,0.0397,29898000,19334768640,9.615385,,0.5408176,-0.00351957765068192,0.0152398027790229,0.038038496791934,0.015695067264574,0.0613870665417057,,,,2265,,,,,,Healthcare,
4568,JP3475350009,,,JP3475350009,0.04142,0.15162,0.15858,0.39086,0.49,2.12752851110848,0.295100484310887,0.286114006111886,0.397726943680324,0.0411,2692561040,286850908160,10.225069,9.213456,0.8776011,-0.00977869274318065,0.0217737652681891,0.035243475921442,0.049645390070922,0.022588360350784,0.49948024948025,-0.142411642411642,0.128508316008316,3848,,,,,1.10979734423218,Healthcare,
4519,JP3519400000,,,JP3519400000,0.06922,0.13897,0.28698,0.26357,0.683,0.387888678435686,-0.380052260513731,-0.0693689036506208,0.0984996127494787,0.0161,10624591680,3301276909568,24.270687,21.977806,1.9863,-0.0233471525201833,-0.0020066889632107,-0.00356188780053428,-0.0132275132275132,-0.0320069204152249,0.697944593386953,0.0947274352100089,0.389633601429848,2238,,,1.5,Strong Buy,1.10432711072252,Healthcare,
4503,JP3942400007,,,JP3942400007,-0.00958,0.14181,0.04686,0.00542,0.056,0.644444444444445,-0.398551781114837,-0.337564022485946,-0.32823551317347,0.0325,229326300,167590379520,12.077441,18.18636,0.7248521,-0.00373134328358209,-0.0024906600249066,0.0037593984962406,0.00628140703517588,-0.00124688279301746,0.373283395755306,0.0237203495630462,0.20266329588015,4005,,,2.2,Buy,0.664093364477554,Healthcare,
4507,JP3347200002,,,JP3347200002,-0.00939,0.045229997,-0.106759995,0.00476,,0.113611615245009,0.284464863025353,1.89242506811989,1.05649489668907,0.044,205629820,37239070720,25.249907,13.777778,0.5019482,-0.00583090379008746,0.0148809523809524,0.0590062111801242,-0.0257142857142857,-0.018705035971223,,,,682,,,,,1.83265451076364,Healthcare,
4523,JP3160400002,,,JP3160400002,0.02871,0.083739996,0.06227,0.13507,-0.252,-0.186431073157294,-0.228628643395922,-0.339550499862193,-0.203154090985235,0.0245,366591600,78128406528,21.141838,25.929977,1.7962207,0.00381194409148666,0.0486725663716814,0.0694945848375451,0.0477453580901857,0.0846681922196796,,,,2370,,,,,0.815343492205951,Healthcare,
4528,JP3197600004,,,JP3197600004,-0.00601,0.019709999,-0.2168,1.23635,,-0.386515905482064,-0.520054734636914,-0.303232374010305,-0.262013119384315,0.0388,210104880,62960685056,28.907562,14.090661,1.4570674,0.00194174757281553,0,0.0078125,-0.0152671755725191,0.0466531440162272,0.744186046511628,-0.0310077519379845,0.204780426356589,516,,,,,2.0515405203489,Healthcare,
4536,JP3336000009,,,JP3336000009,0.03193,0.02953,0.09134,1.26005,1.201,0.240831396143854,0.0758068792633838,0.0133329344720822,-0.0902941827029419,0.0229,447203400,182635397120,34.842224,12.586511,1.0008789,-0.0211081794195251,0.023448275862069,0.0539772727272727,0.061516452074392,-0.0583756345177665,0.590296495956873,0.132075471698113,0.415094339622642,3710,,,,,2.76821940567962,Healthcare,
4151,JP3256000005,,,JP3256000005,0.04573,0.04975,0.06351,0.55695,0.907,-0.263432876863004,0.0696903619712168,-0.0964733227051269,-0.159923592194754,0.0264,170008350,48504393728,18.79745,11.934447,0.9350246,-0.00375536480686695,0.0305216426193119,0.0690846286701209,0.0752750434279097,-0.00695187165775401,0.938610662358643,0.238556812062466,0.588583737210555,1857,,,,,1.57505831648505,Healthcare,
4527,JP3982400008,,,JP3982400008,0.04911,0.09032,0.090950005,0.33688,-0.205,0.10745929463207,0.108446218781904,0.173707123379419,0.515477421578766,0.0248,272793240,88952225792,10.526316,9.669382,0.8233331,-0.00688976377952756,0.00198609731876862,0.0181634712411705,0.020738492665655,-0.0218128938439166,0.238850346878097,0.238850346878097,0.238850346878097,2018,,,,,1.08862345080585,Healthcare,
4506,JP3495000006,,,JP3495000006,-0.01638,-0.23337999,-0.17808,0.83956,,0.903270167587348,-0.0622377885737958,0.0935453680265689,1.01098058708199,,1745167530,119158767616,,28.976131,1.8316619,0.0260663507109005,0.0535279805352798,0.0789036544850498,0.0915966386554622,0.49482163406214,2.46420323325635,-0.230177059276366,0.551193225558122,1299,,,1.6,Buy,,Healthcare,
4540,JP3535800001,,,JP3535800001,0.03317,0.10931,0.14806,0.29393,-0.181,0.443918067929224,-0.211416345562274,-0.124307531264097,-0.182320271381248,0.0339,16676287980,5374345740288,21.05282,20.57328,3.1576078,0.00698943061711558,0.0412480169222634,0.0654761904761905,0.0896513558384062,0.110338345864662,0.760622989673269,-0.068901303538175,0.386913831047909,2953.5,,,1.5,Strong Buy,1.02330887442352,Healthcare,
4516,JP3717600005,,,JP3717600005,0.00694,0.017280001,0.032509997,0.16566,-0.608,-0.0907862250175548,-0.288781594059768,-0.219815414507772,0.531932734842571,0.0222,206909040,64799420416,18.796867,10.742857,0.46184987,-0.0157068062827225,0.00355871886120996,0.0339138405132906,0.0254545454545455,0.0502793296089386,-0.024822695035461,-0.024822695035461,-0.024822695035461,1128,,,,,1.7497083876291,Healthcare,
4887,JP3323040000,,,JP3323040000,0.02355,0.10391,0.06686,0.01412,,-0.319811376889206,-0.56060375366688,-0.44548255422968,-0.0910872514214795,0.0136,16656170,12929176576,18.759125,55.869568,1.5346215,-0.00387596899224806,-0.00387596899224806,0.028,0.028,0.0362903225806452,,,,257,,,,,0.335766422965719,Healthcare,
4547,JP3240600001,,,JP3240600001,0.030050002,0.06241,0.06351,0.17556,0.352,0.457471694582203,-0.238753763624116,-0.130846223839854,-0.144501278772379,0.0338,92656830,37670342656,12.406924,6.177016,0.7244105,0.0052790346907994,0.0341349883630722,0.0638467677573823,0.0537549407114625,0.0732689210950081,0.0502625656414104,0.0502625656414104,0.0502625656414104,1333,,,,,2.00856271053855,Healthcare,
4521,JP3207000005,,,JP3207000005,0.07002,0.15464,0.20536,0.05873,0.329,0.596995444606882,0.0594965126229338,0.0694619790732773,-0.202957287274313,0.0178,14946280800,5833658728448,14.471817,21.41839,1.8033637,-0.0102358700489542,-0.0266958424507659,-0.0189677988531098,-0.0475374732334047,-0.0862777321281841,0.672661870503597,-0.0107913669064748,0.297961600719425,11120,,,1.6,Buy,0.675672494524565,Healthcare,
4587,JP3836750004,,,JP3836750004,-0.040359996,-0.18881,-0.31281,0.3231,,0.180222725981457,-0.359496431677319,-0.317696327437395,0.0895159960310701,,751375400,137567469568,,9.434793,2.8332286,0.0200190657769304,0.00895803866100896,0.00895803866100896,-0.0115473441108545,0.114351162671402,3.11214953271028,0.0280373831775701,1.4376946728972,1070,,,1.5,Strong Buy,,Healthcare,
4553,JP3623150004,,,JP3623150004,-0.28278,0,0,0.09595,,0.236544194791569,0.496661108704905,0.195057455350962,0.0437659329928534,,792802920,73999310848,,-23.229599,5.8368635,0.0349344978165939,0.0463576158940397,0.0281995661605206,0.0149892933618844,-0.0114702815432742,1.10970464135021,0.160337552742616,0.645569620253165,948,,,2.6,Hold,,Healthcare,
4565,JP3431300007,,,JP3431300007,0.04422,0.10151,0.14854,0.70361,0.076,0.164679327949844,-0.335734534535105,-0.285278596502201,-0.198196466939885,0.0148,3241636750,2673178312704,18.314,19.428524,1.3352921,-0.00259627866724362,0.0336322869955157,0.0505925250683683,0.0350246969016614,-0.089652448657188,0.344902386117137,-0.0629067245119306,0.165056225596529,1152.5,,,2.4,Buy,0.942634654078714,Basic Materials,
4534,JP3922800002,,,JP3922800002,0.03771,0.04916,0.06647,0.6393,-0.239,0.94753404568988,-0.147699902313893,0.0126249239500857,-0.163230986194868,0.0409,2641831005,502809165824,19.120323,15.624657,1.6729658,-0.0205455801104972,-0.00804336422451478,0.00853333333333333,0.0141222738648552,-0.0300906137801334,0.374933897408778,-0.0375462718138551,0.129472942005993,2836.5,,,2,Buy,1.22372753526685,Basic Materials,
4549,JP3160700005,,,JP3160700005,0.080369994,0.08492,0.15028,0.15466,0.506,-0.118939235447312,0.0769340332885688,-0.047909127304984,-0.514839012586453,0.0283,629866300,175531540480,15.949287,19.915493,1.8123864,-0.0125698324022346,0.0128939828080229,0.0261248185776488,0.00855920114122682,-0.0497311827956989,0.414427157001414,0.0466760961810467,0.230551626591231,3535,,,2.5,Buy,0.800848214001029,Basic Materials,
4559,JP3428850006,,,JP3428850006,0.11193,0.18709,0.26925,0.4248,0.616,0.11274499868253,-0.322887348596233,-0.22722267470272,-0.33309842069058,0.0332,1302133120,527896576000,28.817884,17.474583,4.179334,0.00295983086680761,0.00338409475465313,0.00508474576271186,0.00508474576271186,-0.0153590701535907,0.0539629005059022,0.0539629005059022,0.0539629005059022,4744,,,,,1.64913142705608,Basic Materials,
4569,JP3247090008,,,JP3247090008,0.03799,0.05031,0.08804,0.8188,1.573,-0.0172927502198115,-0.174285204437,-0.131202687329883,0.550105966664753,0.0336,2894463600,448335183872,7.974441,14.504469,0.88300097,-0.0181705554408425,0.0254474875997412,0.0310060711188205,0.0234610417563495,0.00976852834996815,0.472134595162986,-0.0956887486855941,0.188222923238696,4755,,,,,0.549791998590228,Basic Materials,
4886,JP3119660003,,,JP3119660003,0.04552,0.044099998,0.06562,0.2882,0.08,0.0412548218965635,-0.326662056434664,-0.363391817728255,-0.199045140446917,0.0377,314726720,129239261184,10.775985,9.782288,1.0250006,-0.00971236458722451,0.0207932229495572,0.0437007874015748,0.0449349625541979,0.00760167236792094,-0.0569596378725009,-0.0569596378725009,-0.0569596378725009,2651,,,,,1.10158124561452,Basic Materials,
4552,JP3701000006,,,JP3701000006,,0.18807,0.26402,0.28924,0.502,0.0728209208769411,-0.31143556283008,-0.237378324967066,-0.331177395909756,0.0053,15774048300,4976540123136,40.814953,34.705547,4.4115744,-0.0107561929595828,-0.0058958401572224,-0.0162074554294976,-0.0343620744511613,0.0274204468517265,0.647446457990115,-0.245469522240527,0.0804695222405272,3035,,,2.6,Hold,1.17603543318306,Consumer Cyclical,
4554,JP3816200004,,,JP3816200004,0.03243,0.051680002,0.07545,0.00002,0.534,0.682208506641621,-0.040135430627072,-0.0612804433425696,0.148202644357196,0.0317,467663560,222776573952,24.213274,22.936357,1.4257951,-0.00315989045713082,0.0185105467068446,0.0331877729257642,0.028695652173913,0.095877721167207,0.0777683854606932,0.0777683854606932,0.0777683854606932,4732,,,,,1.05567218019845,Industrials,
4577,JP3486150000,,,JP3486150000,0.07828,0.102139995,0.11447,1.46116,0.358,-0.118237887594945,-0.217341722320056,-0.144402700808414,0.0938339488206861,0.0321,1603276200,345303777280,9.242334,14.266065,2.9306753,-0.00369458128078818,0.013022789882294,0.0371794871794872,0.0361168032786885,0.0369136118943861,0.433868974042027,0.255871446229914,0.368603213844252,2022.5,,,1.4,Strong Buy,0.647854471432732,Industrials,
4548,JP3414000004,,,JP3414000004,0.00865,0.02675,0.10767,1.17067,12.819,0.34273050067917,-0.230554504457002,-0.241640153278202,-0.184886353445452,0.0495,1969618350,575539707904,123.441315,24.507008,1.0669196,-0.0276841598459316,-0.0170357751277683,0.00123946455131383,0.00422675285927399,-0.00296223154776598,0.126516464471404,-0.108690269868779,0.0342022777915326,4039,,,2.9,Hold,5.03698023846893,Communication Services,
4538,JP3823600006,,,JP3823600006,0.06379,0,0.1234,2.36902,-0.011,0.172651691410001,-0.286741660181567,-0.323400685788289,-0.0397955529586235,0.0152,3019927625,310846947328,18.692698,16.39401,3.6232548,0.000423011844331641,0,0.00766936514699617,-0.0117007939824488,-0.0607625099285147,0.353065539112051,0.226215644820296,0.280338266384778,1182.5,,,,,1.14021511515486,Consumer Cyclical,
4574,JP3442200006,,,JP3442200006,0.03938,0.08592,0.13248,0.23894,0.786,0.0378794141556098,-0.425036364260412,-0.345893320961361,0.169109100272199,0.0201,728770920,379681243136,18.1486,10.339444,2.3308809,-0.00278862242052426,0.00364861072130227,0.0176437108708025,0.0118845500848896,0.0272910083309394,0.342281879194631,0.0906040268456376,0.21923937360179,1788,,,1.6,Buy,1.75527813681277,Consumer Cyclical,
4880,JP3423580004,,,JP3423580004,0.10511,0.56193,0.67745,,0.195,-0.0334697117398215,-0.266611986906003,-0.118624594220874,-0.101481337709238,0.0184,9077643000,2189908639744,29.761904,31.871016,4.4600377,-0.00215222070045001,0.00651272942569568,0.0423053341508277,0.0576524263790958,0.140429338103757,0.215686274509804,-0.117647058823529,0.0810457843137254,5100,,,1.6,Buy,0.933823509109343,Technology,
7203,JP3633400001,,,JP3633400001,0.10583,0.29949,0.48924,,0.074,3.16703531385859,0.27902854465068,0.22767407784927,0.0155764092538285,0.0069,521530350,279052320768,18.484642,,2.2859843,-0.00912200684150513,0.0046242774566474,0.0175644028103045,0.0469879518072289,0.0675675675675676,,,,4345,,,,,,Technology,
7267,JP3854600008,,,JP3854600008,0.01741,0.09665,0.18263,0.61313,0.241,0.582184263330898,-0.0741371340143402,-0.0316218448272757,0.23161491181686,0.0205,9309894176,3682181054464,19.267767,25.06069,1.2254057,-0.030696981162311,-0.0497433584698621,-0.0139603675114498,0.0395042111182788,0.142127659574468,0.397168405365127,-0.124441132637854,0.101541915052161,536.8,,,1.8,Buy,0.768844233738177,Consumer Cyclical,
5108,JP3830800003,,,JP3830800003,0.03738,0.051999997,0.07688,,0.107,0.185899851762518,-0.366204256940476,-0.289428020565553,-0.314771084682209,0.0341,199868200,137564815360,18.050364,24.697172,1.0822414,-0.00944669365721997,0.00824175824175824,0.0323488045007032,0.0251396648044693,0.0485714285714286,0.0354223433242507,0.0354223433242507,0.0354223433242507,3670,,,,,0.730867647518509,Healthcare,
6902,JP3551500006,,,JP3551500006,0.08185001,0.12185001,0.083409995,,-0.356,0.82059306628203,0.33441329223818,0.270406193846086,0.197501805321532,0.028,8103889710,857797558272,24.50955,22.152578,7.20899,0.024016114037806,0.043746051800379,0.136934457250989,0.174724493423391,-0.0165178571428571,0.361779391738538,-0.24345589347859,-0.0366671962475412,6609,,,2.9,Hold,1.10639718772235,Technology,
7269,JP3397200001,,,JP3397200001,0.16389999,0.22288,0.29045,,0.046,0.128718886170466,-0.259374096850196,-0.191910437838351,-0.409291751935226,0.0213,2306492100,1192634220544,18.761719,17.973577,5.8253593,-0.00427990584207148,0.00746995777849951,0.0345747637576431,0.0515254237288136,0.0304506699147381,0.998710509348807,-0.0651192778852353,0.278744895766172,9306,,,2.1,Buy,1.04385003608352,Technology,
7012,JP3224200000,,,JP3224200000,0.072909996,0.35673,0.47553003,,0.197,0.027200932073798,-0.53143958415331,-0.347871317361487,-0.458729355556015,0.0157,1430708500,624417701888,34.483334,34.417603,3.7015252,-0.00859393650035808,0.000602337067823154,0.0245466880473665,0.0369538077403246,0.0515255095581719,0.372501805923429,-0.0609198169997592,0.159621719239104,8306,,,1.6,Buy,1.0019098076063,Technology,
7309,JP3358000002,,,JP3358000002,0.10414,0.04583,0.06498,0.32514,0.058,-0.293895553638747,-0.366002576411013,-0.258015575995124,0.663363612509767,0.0159,5567625000,638944804864,15.673592,24.585365,3.0571542,-0.00943396226415094,-0.00237529691211401,0.023142509135201,0.0349075975359343,-0.142857142857143,0.746031746031746,0.0317460317460317,0.435019841269841,1260,,,1.6,Buy,0.637517157056647,Communication Services,
7270,JP3814800003,,,JP3814800003,0.0032300001,-0.024330001,0.022650002,3.63838,,0.100325214871333,-0.30727761575882,-0.281815542250593,0.335345189330837,,9470806794,1545500360704,,-93.0749,1.6879236,-0.00839981505740669,-0.0344874269737129,-0.0111684879649628,-0.0135097493036212,-0.176395348837209,0.976563602993082,-0.188197091627841,0.325238881829733,708.3,,,2.5,Buy,,Consumer Cyclical,
7272,JP3942800008,,,JP3942800008,0.07554,0.04848,0.071669996,0.01431,0.03,0.429470077756663,-0.329313441898513,-0.263217996690469,-0.335737214705051,0.0288,4353870900,1382567510016,20.660736,23.9758,3.3411071,0,0.0110926234054354,0.0334467120181406,0.0417142857142857,0.0723529411764706,0.234229292375206,-0.157981349424026,0.0539570213933077,3646,,,2.1,Buy,0.861732914021639,Technology,
7202,JP3137200006,,,JP3137200006,0.24851999,0.19067,0.28109,0.00165,0.135,-0.0626637627002465,-0.474638628398219,-0.471203423442229,-0.192901773035258,0.0162,626131600,139008491520,18.553043,49.439102,7.9891853,0.0148026315789474,0.00488599348534202,0.0507493188010899,0.0685833044683062,0.143015931826602,0.296596434359806,0.296596434359806,0.296596434359806,3085,,,,,0.375270630926913,Technology,
7259,JP3102000001,,,JP3102000001,0.03881,0.104890004,0.15617,1.36015,-0.112,0.126546517291768,0.042583830487554,-0.0212069698257545,-0.0617264990081271,0.0355,33813940,20457236480,10.362641,,0.9536285,-0.00783545543584721,-0.00442260442260442,0.0160481444332999,0.00745897563401293,0.0109780439121756,,,,2026,,,,,,Industrials,
7201,JP3672400003,,,JP3672400003,0.0925,0.10139,0.12835,0.02348,0.187,-0.16604313842327,-0.304390389593151,-0.245447233084894,0.38015530895122,0.0157,2295282500,560166993920,31.846426,10.103499,5.314775,0.00209497206703911,0.00209497206703911,0.00384749912556838,0.00560616678346181,0.0673112681294161,-0.024390243902439,-0.0940766550522648,-0.0592334494773519,2870,,,,,3.15201951323992,Technology,
7261,JP3868400007,,,JP3868400007,0.10394,0.26885998,0.33886,,0.154,0.661758054812141,-0.295665727990631,-0.201552487812703,-0.0420776538620405,0.0147,1212120900,611713024000,24.391039,27.082767,3.6315954,-0.0357487922705314,-0.0449760765550239,-0.0167487684729064,0.00638655462184874,0.0727337871730563,0.302605210420842,-0.0647962591850367,0.0980293921175685,2994,,,2.1,Buy,0.900611041700429,Communication Services,
5101,JP3955800002,,,JP3955800002,0.03193,0.02953,0.09134,1.26005,1.201,0.240831396143854,0.0758068792633838,0.0133329344720822,-0.0902941827029419,0.0229,447203400,182635397120,34.842224,12.586511,1.0008789,-0.0211081794195251,0.023448275862069,0.0539772727272727,0.061516452074392,-0.0583756345177665,0.590296495956873,0.132075471698113,0.415094339622642,3710,,,,,2.76821940567962,Healthcare,
5105,JP3610600003,,,JP3610600003,0.04573,0.04975,0.06351,0.55695,0.907,-0.263432876863004,0.0696903619712168,-0.0964733227051269,-0.159923592194754,0.0264,170008350,48504393728,18.79745,11.934447,0.9350246,-0.00375536480686695,0.0305216426193119,0.0690846286701209,0.0752750434279097,-0.00695187165775401,0.938610662358643,0.238556812062466,0.588583737210555,1857,,,,,1.57505831648505,Healthcare,
5110,JP3404200002,,,JP3404200002,0.04911,0.09032,0.090950005,0.33688,-0.205,0.10745929463207,0.108446218781904,0.173707123379419,0.515477421578766,0.0248,272793240,88952225792,10.526316,9.669382,0.8233331,-0.00688976377952756,0.00198609731876862,0.0181634712411705,0.020738492665655,-0.0218128938439166,0.238850346878097,0.238850346878097,0.238850346878097,2018,,,,,1.08862345080585,Healthcare,
7282,JP3634200004,,,JP3634200004,-0.01638,-0.23337999,-0.17808,0.83956,,0.903270167587348,-0.0622377885737958,0.0935453680265689,1.01098058708199,,1745167530,119158767616,,28.976131,1.8316619,0.0260663507109005,0.0535279805352798,0.0789036544850498,0.0915966386554622,0.49482163406214,2.46420323325635,-0.230177059276366,0.551193225558122,1299,,,1.6,Buy,,Healthcare,
7211,JP3899800001,,,JP3899800001,0.03317,0.10931,0.14806,0.29393,-0.181,0.443918067929224,-0.211416345562274,-0.124307531264097,-0.182320271381248,0.0339,16676287980,5374345740288,21.05282,20.57328,3.1576078,0.00698943061711558,0.0412480169222634,0.0654761904761905,0.0896513558384062,0.110338345864662,0.760622989673269,-0.068901303538175,0.386913831047909,2953.5,,,1.5,Strong Buy,1.02330887442352,Healthcare,
7014,JP3651400008,,,JP3651400008,0.00694,0.017280001,0.032509997,0.16566,-0.608,-0.0907862250175548,-0.288781594059768,-0.219815414507772,0.531932734842571,0.0222,206909040,64799420416,18.796867,10.742857,0.46184987,-0.0157068062827225,0.00355871886120996,0.0339138405132906,0.0254545454545455,0.0502793296089386,-0.024822695035461,-0.024822695035461,-0.024822695035461,1128,,,,,1.7497083876291,Healthcare,
7240,JP3164800009,,,JP3164800009,0.02355,0.10391,0.06686,0.01412,,-0.319811376889206,-0.56060375366688,-0.44548255422968,-0.0910872514214795,0.0136,16656170,12929176576,18.759125,55.869568,1.5346215,-0.00387596899224806,-0.00387596899224806,0.028,0.028,0.0362903225806452,,,,257,,,,,0.335766422965719,Healthcare,
3116,JP3635400009,,,JP3635400009,0.030050002,0.06241,0.06351,0.17556,0.352,0.457471694582203,-0.238753763624116,-0.130846223839854,-0.144501278772379,0.0338,92656830,37670342656,12.406924,6.177016,0.7244105,0.0052790346907994,0.0341349883630722,0.0638467677573823,0.0537549407114625,0.0732689210950081,0.0502625656414104,0.0502625656414104,0.0502625656414104,1333,,,,,2.00856271053855,Healthcare,
7278,JP3161160001,,,JP3161160001,0.07002,0.15464,0.20536,0.05873,0.329,0.596995444606882,0.0594965126229338,0.0694619790732773,-0.202957287274313,0.0178,14946280800,5833658728448,14.471817,21.41839,1.8033637,-0.0102358700489542,-0.0266958424507659,-0.0189677988531098,-0.0475374732334047,-0.0862777321281841,0.672661870503597,-0.0107913669064748,0.297961600719425,11120,,,1.6,Buy,0.675672494524565,Healthcare,
6995,JP3566600007,,,JP3566600007,-0.040359996,-0.18881,-0.31281,0.3231,,0.180222725981457,-0.359496431677319,-0.317696327437395,0.0895159960310701,,751375400,137567469568,,9.434793,2.8332286,0.0200190657769304,0.00895803866100896,0.00895803866100896,-0.0115473441108545,0.114351162671402,3.11214953271028,0.0280373831775701,1.4376946728972,1070,,,1.5,Strong Buy,,Healthcare,
7242,JP3220200004,,,JP3220200004,-0.28278,0,0,0.09595,,0.236544194791569,0.496661108704905,0.195057455350962,0.0437659329928534,,792802920,73999310848,,-23.229599,5.8368635,0.0349344978165939,0.0463576158940397,0.0281995661605206,0.0149892933618844,-0.0114702815432742,1.10970464135021,0.160337552742616,0.645569620253165,948,,,2.6,Hold,,Healthcare,
7296,JP3166900005,,,JP3166900005,0.04422,0.10151,0.14854,0.70361,0.076,0.164679327949844,-0.335734534535105,-0.285278596502201,-0.198196466939885,0.0148,3241636750,2673178312704,18.314,19.428524,1.3352921,-0.00259627866724362,0.0336322869955157,0.0505925250683683,0.0350246969016614,-0.089652448657188,0.344902386117137,-0.0629067245119306,0.165056225596529,1152.5,,,2.4,Buy,0.942634654078714,Basic Materials,
7220,JP3912700006,,,JP3912700006,0.03771,0.04916,0.06647,0.6393,-0.239,0.94753404568988,-0.147699902313893,0.0126249239500857,-0.163230986194868,0.0409,2641831005,502809165824,19.120323,15.624657,1.6729658,-0.0205455801104972,-0.00804336422451478,0.00853333333333333,0.0141222738648552,-0.0300906137801334,0.374933897408778,-0.0375462718138551,0.129472942005993,2836.5,,,2,Buy,1.22372753526685,Basic Materials,
7313,JP3539230007,,,JP3539230007,0.080369994,0.08492,0.15028,0.15466,0.506,-0.118939235447312,0.0769340332885688,-0.047909127304984,-0.514839012586453,0.0283,629866300,175531540480,15.949287,19.915493,1.8123864,-0.0125698324022346,0.0128939828080229,0.0261248185776488,0.00855920114122682,-0.0497311827956989,0.414427157001414,0.0466760961810467,0.230551626591231,3535,,,2.5,Buy,0.800848214001029,Basic Materials,
5186,JP3679850002,,,JP3679850002,0.11193,0.18709,0.26925,0.4248,0.616,0.11274499868253,-0.322887348596233,-0.22722267470272,-0.33309842069058,0.0332,1302133120,527896576000,28.817884,17.474583,4.179334,0.00295983086680761,0.00338409475465313,0.00508474576271186,0.00508474576271186,-0.0153590701535907,0.0539629005059022,0.0539629005059022,0.0539629005059022,4744,,,,,1.64913142705608,Basic Materials,
7224,JP3384600007,,,JP3384600007,0.03799,0.05031,0.08804,0.8188,1.573,-0.0172927502198115,-0.174285204437,-0.131202687329883,0.550105966664753,0.0336,2894463600,448335183872,7.974441,14.504469,0.88300097,-0.0181705554408425,0.0254474875997412,0.0310060711188205,0.0234610417563495,0.00976852834996815,0.472134595162986,-0.0956887486855941,0.188222923238696,4755,,,,,0.549791998590228,Basic Materials,
5192,JP3904000001,,,JP3904000001,0.04552,0.044099998,0.06562,0.2882,0.08,0.0412548218965635,-0.326662056434664,-0.363391817728255,-0.199045140446917,0.0377,314726720,129239261184,10.775985,9.782288,1.0250006,-0.00971236458722451,0.0207932229495572,0.0437007874015748,0.0449349625541979,0.00760167236792094,-0.0569596378725009,-0.0569596378725009,-0.0569596378725009,2651,,,,,1.10158124561452,Basic Materials,
7239,JP3465400004,,,JP3465400004,,0.18807,0.26402,0.28924,0.502,0.0728209208769411,-0.31143556283008,-0.237378324967066,-0.331177395909756,0.0053,15774048300,4976540123136,40.814953,34.705547,4.4115744,-0.0107561929595828,-0.0058958401572224,-0.0162074554294976,-0.0343620744511613,0.0274204468517265,0.647446457990115,-0.245469522240527,0.0804695222405272,3035,,,2.6,Hold,1.17603543318306,Consumer Cyclical,
7283,JP3101600009,,,JP3101600009,0.03243,0.051680002,0.07545,0.00002,0.534,0.682208506641621,-0.040135430627072,-0.0612804433425696,0.148202644357196,0.0317,467663560,222776573952,24.213274,22.936357,1.4257951,-0.00315989045713082,0.0185105467068446,0.0331877729257642,0.028695652173913,0.095877721167207,0.0777683854606932,0.0777683854606932,0.0777683854606932,4732,,,,,1.05567218019845,Industrials,
543A,JP3100020001,,,JP3100020001,0.07828,0.102139995,0.11447,1.46116,0.358,-0.118237887594945,-0.217341722320056,-0.144402700808414,0.0938339488206861,0.0321,1603276200,345303777280,9.242334,14.266065,2.9306753,-0.00369458128078818,0.013022789882294,0.0371794871794872,0.0361168032786885,0.0369136118943861,0.433868974042027,0.255871446229914,0.368603213844252,2022.5,,,1.4,Strong Buy,0.647854471432732,Industrials,
6455,JP3925600003,,,JP3925600003,0.00865,0.02675,0.10767,1.17067,12.819,0.34273050067917,-0.230554504457002,-0.241640153278202,-0.184886353445452,0.0495,1969618350,575539707904,123.441315,24.507008,1.0669196,-0.0276841598459316,-0.0170357751277683,0.00123946455131383,0.00422675285927399,-0.00296223154776598,0.126516464471404,-0.108690269868779,0.0342022777915326,4039,,,2.9,Hold,5.03698023846893,Communication Services,
7226,JP3256900006,,,JP3256900006,0.06379,0,0.1234,2.36902,-0.011,0.172651691410001,-0.286741660181567,-0.323400685788289,-0.0397955529586235,0.0152,3019927625,310846947328,18.692698,16.39401,3.6232548,0.000423011844331641,0,0.00766936514699617,-0.0117007939824488,-0.0607625099285147,0.353065539112051,0.226215644820296,0.280338266384778,1182.5,,,,,1.14021511515486,Consumer Cyclical,
5195,JP3779000003,,,JP3779000003,0.03938,0.08592,0.13248,0.23894,0.786,0.0378794141556098,-0.425036364260412,-0.345893320961361,0.169109100272199,0.0201,728770920,379681243136,18.1486,10.339444,2.3308809,-0.00278862242052426,0.00364861072130227,0.0176437108708025,0.0118845500848896,0.0272910083309394,0.342281879194631,0.0906040268456376,0.21923937360179,1788,,,1.6,Buy,1.75527813681277,Consumer Cyclical,
7246,JP3833600004,,,JP3833600004,0.10511,0.56193,0.67745,,0.195,-0.0334697117398215,-0.266611986906003,-0.118624594220874,-0.101481337709238,0.0184,9077643000,2189908639744,29.761904,31.871016,4.4600377,-0.00215222070045001,0.00651272942569568,0.0423053341508277,0.0576524263790958,0.140429338103757,0.215686274509804,-0.117647058823529,0.0810457843137254,5100,,,1.6,Buy,0.933823509109343,Technology,
5122,JP3192800005,,,JP3192800005,0.10583,0.29949,0.48924,,0.074,3.16703531385859,0.27902854465068,0.22767407784927,0.0155764092538285,0.0069,521530350,279052320768,18.484642,,2.2859843,-0.00912200684150513,0.0046242774566474,0.0175644028103045,0.0469879518072289,0.0675675675675676,,,,4345,,,,,,Technology,
7241,JP3824000008,,,JP3824000008,0.01741,0.09665,0.18263,0.61313,0.241,0.582184263330898,-0.0741371340143402,-0.0316218448272757,0.23161491181686,0.0205,9309894176,3682181054464,19.267767,25.06069,1.2254057,-0.030696981162311,-0.0497433584698621,-0.0139603675114498,0.0395042111182788,0.142127659574468,0.397168405365127,-0.124441132637854,0.101541915052161,536.8,,,1.8,Buy,0.768844233738177,Consumer Cyclical,
7245,JP3491800003,,,JP3491800003,0.03738,0.051999997,0.07688,,0.107,0.185899851762518,-0.366204256940476,-0.289428020565553,-0.314771084682209,0.0341,199868200,137564815360,18.050364,24.697172,1.0822414,-0.00944669365721997,0.00824175824175824,0.0323488045007032,0.0251396648044693,0.0485714285714286,0.0354223433242507,0.0354223433242507,0.0354223433242507,3670,,,,,0.730867647518509,Healthcare,
7236,JP3620200000,,,JP3620200000,0.08185001,0.12185001,0.083409995,,-0.356,0.82059306628203,0.33441329223818,0.270406193846086,0.197501805321532,0.028,8103889710,857797558272,24.50955,22.152578,7.20899,0.024016114037806,0.043746051800379,0.136934457250989,0.174724493423391,-0.0165178571428571,0.361779391738538,-0.24345589347859,-0.0366671962475412,6609,,,2.9,Hold,1.10639718772235,Technology,
5949,JP3952550006,,,JP3952550006,0.16389999,0.22288,0.29045,,0.046,0.128718886170466,-0.259374096850196,-0.191910437838351,-0.409291751935226,0.0213,2306492100,1192634220544,18.761719,17.973577,5.8253593,-0.00427990584207148,0.00746995777849951,0.0345747637576431,0.0515254237288136,0.0304506699147381,0.998710509348807,-0.0651192778852353,0.278744895766172,9306,,,2.1,Buy,1.04385003608352,Technology,
7231,JP3630200008,,,JP3630200008,0.072909996,0.35673,0.47553003,,0.197,0.027200932073798,-0.53143958415331,-0.347871317361487,-0.458729355556015,0.0157,1430708500,624417701888,34.483334,34.417603,3.7015252,-0.00859393650035808,0.000602337067823154,0.0245466880473665,0.0369538077403246,0.0515255095581719,0.372501805923429,-0.0609198169997592,0.159621719239104,8306,,,1.6,Buy,1.0019098076063,Technology,
5121,JP3811600000,,,JP3811600000,0.10414,0.04583,0.06498,0.32514,0.058,-0.293895553638747,-0.366002576411013,-0.258015575995124,0.663363612509767,0.0159,5567625000,638944804864,15.673592,24.585365,3.0571542,-0.00943396226415094,-0.00237529691211401,0.023142509135201,0.0349075975359343,-0.142857142857143,0.746031746031746,0.0317460317460317,0.435019841269841,1260,,,1.6,Buy,0.637517157056647,Communication Services,
7222,JP3672000001,,,JP3672000001,0.0032300001,-0.024330001,0.022650002,3.63838,,0.100325214871333,-0.30727761575882,-0.281815542250593,0.335345189330837,,9470806794,1545500360704,,-93.0749,1.6879236,-0.00839981505740669,-0.0344874269737129,-0.0111684879649628,-0.0135097493036212,-0.176395348837209,0.976563602993082,-0.188197091627841,0.325238881829733,708.3,,,2.5,Buy,,Consumer Cyclical,
7102,JP3713600009,,,JP3713600009,0.07554,0.04848,0.071669996,0.01431,0.03,0.429470077756663,-0.329313441898513,-0.263217996690469,-0.335737214705051,0.0288,4353870900,1382567510016,20.660736,23.9758,3.3411071,0,0.0110926234054354,0.0334467120181406,0.0417142857142857,0.0723529411764706,0.234229292375206,-0.157981349424026,0.0539570213933077,3646,,,2.1,Buy,0.861732914021639,Technology,
6584,JP3325200008,,,JP3325200008,0.24851999,0.19067,0.28109,0.00165,0.135,-0.0626637627002465,-0.474638628398219,-0.471203423442229,-0.192901773035258,0.0162,626131600,139008491520,18.553043,49.439102,7.9891853,0.0148026315789474,0.00488599348534202,0.0507493188010899,0.0685833044683062,0.143015931826602,0.296596434359806,0.296596434359806,0.296596434359806,3085,,,,,0.375270630926913,Technology,
5185,JP3807000009,,,JP3807000009,0.03881,0.104890004,0.15617,1.36015,-0.112,0.126546517291768,0.042583830487554,-0.0212069698257545,-0.0617264990081271,0.0355,33813940,20457236480,10.362641,,0.9536285,-0.00783545543584721,-0.00442260442260442,0.0160481444332999,0.00745897563401293,0.0109780439121756,,,,2026,,,,,,Industrials,
7294,JP3961400003,,,JP3961400003,0.0925,0.10139,0.12835,0.02348,0.187,-0.16604313842327,-0.304390389593151,-0.245447233084894,0.38015530895122,0.0157,2295282500,560166993920,31.846426,10.103499,5.314775,0.00209497206703911,0.00209497206703911,0.00384749912556838,0.00560616678346181,0.0673112681294161,-0.024390243902439,-0.0940766550522648,-0.0592334494773519,2870,,,,,3.15201951323992,Technology,
7238,JP3108400007,,,JP3108400007,0.10394,0.26885998,0.33886,,0.154,0.661758054812141,-0.295665727990631,-0.201552487812703,-0.0420776538620405,0.0147,1212120900,611713024000,24.391039,27.082767,3.6315954,-0.0357487922705314,-0.0449760765550239,-0.0167487684729064,0.00638655462184874,0.0727337871730563,0.302605210420842,-0.0647962591850367,0.0980293921175685,2994,,,2.1,Buy,0.900611041700429,Communication Services,
5803,JP3811000003,,,JP3811000003,0.03193,0.02953,0.09134,1.26005,1.201,0.240831396143854,0.0758068792633838,0.0133329344720822,-0.0902941827029419,0.0229,447203400,182635397120,34.842224,12.586511,1.0008789,-0.0211081794195251,0.023448275862069,0.0539772727272727,0.061516452074392,-0.0583756345177665,0.590296495956873,0.132075471698113,0.415094339622642,3710,,,,,2.76821940567962,Healthcare,
5802,JP3407400005,,,JP3407400005,0.04573,0.04975,0.06351,0.55695,0.907,-0.263432876863004,0.0696903619712168,-0.0964733227051269,-0.159923592194754,0.0264,170008350,48504393728,18.79745,11.934447,0.9350246,-0.00375536480686695,0.0305216426193119,0.0690846286701209,0.0752750434279097,-0.00695187165775401,0.938610662358643,0.238556812062466,0.588583737210555,1857,,,,,1.57505831648505,Healthcare,
5401,JP3381000003,,,JP3381000003,0.04911,0.09032,0.090950005,0.33688,-0.205,0.10745929463207,0.108446218781904,0.173707123379419,0.515477421578766,0.0248,272793240,88952225792,10.526316,9.669382,0.8233331,-0.00688976377952756,0.00198609731876862,0.0181634712411705,0.020738492665655,-0.0218128938439166,0.238850346878097,0.238850346878097,0.238850346878097,2018,,,,,1.08862345080585,Healthcare,
5016,JP3379550001,,,JP3379550001,-0.01638,-0.23337999,-0.17808,0.83956,,0.903270167587348,-0.0622377885737958,0.0935453680265689,1.01098058708199,,1745167530,119158767616,,28.976131,1.8316619,0.0260663507109005,0.0535279805352798,0.0789036544850498,0.0915966386554622,0.49482163406214,2.46420323325635,-0.230177059276366,0.551193225558122,1299,,,1.6,Buy,,Healthcare,
5713,JP3402600005,,,JP3402600005,0.03317,0.10931,0.14806,0.29393,-0.181,0.443918067929224,-0.211416345562274,-0.124307531264097,-0.182320271381248,0.0339,16676287980,5374345740288,21.05282,20.57328,3.1576078,0.00698943061711558,0.0412480169222634,0.0654761904761905,0.0896513558384062,0.110338345864662,0.760622989673269,-0.068901303538175,0.386913831047909,2953.5,,,1.5,Strong Buy,1.02330887442352,Healthcare,
5801,JP3827200001,,,JP3827200001,0.00694,0.017280001,0.032509997,0.16566,-0.608,-0.0907862250175548,-0.288781594059768,-0.219815414507772,0.531932734842571,0.0222,206909040,64799420416,18.796867,10.742857,0.46184987,-0.0157068062827225,0.00355871886120996,0.0339138405132906,0.0254545454545455,0.0502793296089386,-0.024822695035461,-0.024822695035461,-0.024822695035461,1128,,,,,1.7497083876291,Healthcare,
5706,JP3888400003,,,JP3888400003,0.02355,0.10391,0.06686,0.01412,,-0.319811376889206,-0.56060375366688,-0.44548255422968,-0.0910872514214795,0.0136,16656170,12929176576,18.759125,55.869568,1.5346215,-0.00387596899224806,-0.00387596899224806,0.028,0.028,0.0362903225806452,,,,257,,,,,0.335766422965719,Healthcare,
5411,JP3386030005,,,JP3386030005,0.030050002,0.06241,0.06351,0.17556,0.352,0.457471694582203,-0.238753763624116,-0.130846223839854,-0.144501278772379,0.0338,92656830,37670342656,12.406924,6.177016,0.7244105,0.0052790346907994,0.0341349883630722,0.0638467677573823,0.0537549407114625,0.0732689210950081,0.0502625656414104,0.0502625656414104,0.0502625656414104,1333,,,,,2.00856271053855,Healthcare,
5406,JP3289800009,,,JP3289800009,0.07002,0.15464,0.20536,0.05873,0.329,0.596995444606882,0.0594965126229338,0.0694619790732773,-0.202957287274313,0.0178,14946280800,5833658728448,14.471817,21.41839,1.8033637,-0.0102358700489542,-0.0266958424507659,-0.0189677988531098,-0.0475374732334047,-0.0862777321281841,0.672661870503597,-0.0107913669064748,0.297961600719425,11120,,,1.6,Buy,0.675672494524565,Healthcare,
5711,JP3903000002,,,JP3903000002,-0.040359996,-0.18881,-0.31281,0.3231,,0.180222725981457,-0.359496431677319,-0.317696327437395,0.0895159960310701,,751375400,137567469568,,9.434793,2.8332286,0.0200190657769304,0.00895803866100896,0.00895803866100896,-0.0115473441108545,0.114351162671402,3.11214953271028,0.0280373831775701,1.4376946728972,1070,,,1.5,Strong Buy,,Healthcare,
5444,JP3940400009,,,JP3940400009,-0.28278,0,0,0.09595,,0.236544194791569,0.496661108704905,0.195057455350962,0.0437659329928534,,792802920,73999310848,,-23.229599,5.8368635,0.0349344978165939,0.0463576158940397,0.0281995661605206,0.0149892933618844,-0.0114702815432742,1.10970464135021,0.160337552742616,0.645569620253165,948,,,2.6,Hold,,Healthcare,
5714,JP3638600001,,,JP3638600001,0.04422,0.10151,0.14854,0.70361,0.076,0.164679327949844,-0.335734534535105,-0.285278596502201,-0.198196466939885,0.0148,3241636750,2673178312704,18.314,19.428524,1.3352921,-0.00259627866724362,0.0336322869955157,0.0505925250683683,0.0350246969016614,-0.089652448657188,0.344902386117137,-0.0629067245119306,0.165056225596529,1152.5,,,2.4,Buy,0.942634654078714,Basic Materials,
5463,JP3871200006,,,JP3871200006,0.03771,0.04916,0.06647,0.6393,-0.239,0.94753404568988,-0.147699902313893,0.0126249239500857,-0.163230986194868,0.0409,2641831005,502809165824,19.120323,15.624657,1.6729658,-0.0205455801104972,-0.00804336422451478,0.00853333333333333,0.0141222738648552,-0.0300906137801334,0.374933897408778,-0.0375462718138551,0.129472942005993,2836.5,,,2,Buy,1.22372753526685,Basic Materials,
5805,JP3368400002,,,JP3368400002,0.080369994,0.08492,0.15028,0.15466,0.506,-0.118939235447312,0.0769340332885688,-0.047909127304984,-0.514839012586453,0.0283,629866300,175531540480,15.949287,19.915493,1.8123864,-0.0125698324022346,0.0128939828080229,0.0261248185776488,0.00855920114122682,-0.0497311827956989,0.414427157001414,0.0466760961810467,0.230551626591231,3535,,,2.5,Buy,0.800848214001029,Basic Materials,
5471,JP3491000000,,,JP3491000000,0.11193,0.18709,0.26925,0.4248,0.616,0.11274499868253,-0.322887348596233,-0.22722267470272,-0.33309842069058,0.0332,1302133120,527896576000,28.817884,17.474583,4.179334,0.00295983086680761,0.00338409475465313,0.00508474576271186,0.00508474576271186,-0.0153590701535907,0.0539629005059022,0.0539629005059022,0.0539629005059022,4744,,,,,1.64913142705608,Basic Materials,
5741,JP3826900007,,,JP3826900007,0.03799,0.05031,0.08804,0.8188,1.573,-0.0172927502198115,-0.174285204437,-0.131202687329883,0.550105966664753,0.0336,2894463600,448335183872,7.974441,14.504469,0.88300097,-0.0181705554408425,0.0254474875997412,0.0310060711188205,0.0234610417563495,0.00976852834996815,0.472134595162986,-0.0956887486855941,0.188222923238696,4755,,,,,0.549791998590228,Basic Materials,
5857,JP3116700000,,,JP3116700000,0.04552,0.044099998,0.06562,0.2882,0.08,0.0412548218965635,-0.326662056434664,-0.363391817728255,-0.199045140446917,0.0377,314726720,129239261184,10.775985,9.782288,1.0250006,-0.00971236458722451,0.0207932229495572,0.0437007874015748,0.0449349625541979,0.00760167236792094,-0.0569596378725009,-0.0569596378725009,-0.0569596378725009,2651,,,,,1.10158124561452,Basic Materials,
5703,JP3700200003,,,JP3700200003,,0.18807,0.26402,0.28924,0.502,0.0728209208769411,-0.31143556283008,-0.237378324967066,-0.331177395909756,0.0053,15774048300,4976540123136,40.814953,34.705547,4.4115744,-0.0107561929595828,-0.0058958401572224,-0.0162074554294976,-0.0343620744511613,0.0274204468517265,0.647446457990115,-0.245469522240527,0.0804695222405272,3035,,,2.6,Hold,1.17603543318306,Consumer Cyclical,
5451,JP3959400007,,,JP3959400007,0.03243,0.051680002,0.07545,0.00002,0.534,0.682208506641621,-0.040135430627072,-0.0612804433425696,0.148202644357196,0.0317,467663560,222776573952,24.213274,22.936357,1.4257951,-0.00315989045713082,0.0185105467068446,0.0331877729257642,0.028695652173913,0.095877721167207,0.0777683854606932,0.0777683854606932,0.0777683854606932,4732,,,,,1.05567218019845,Industrials,
5482,JP3103600007,,,JP3103600007,0.07828,0.102139995,0.11447,1.46116,0.358,-0.118237887594945,-0.217341722320056,-0.144402700808414,0.0938339488206861,0.0321,1603276200,345303777280,9.242334,14.266065,2.9306753,-0.00369458128078818,0.013022789882294,0.0371794871794872,0.0361168032786885,0.0369136118943861,0.433868974042027,0.255871446229914,0.368603213844252,2022.5,,,1.4,Strong Buy,0.647854471432732,Industrials,
5423,JP3579800008,,,JP3579800008,0.00865,0.02675,0.10767,1.17067,12.819,0.34273050067917,-0.230554504457002,-0.241640153278202,-0.184886353445452,0.0495,1969618350,575539707904,123.441315,24.507008,1.0669196,-0.0276841598459316,-0.0170357751277683,0.00123946455131383,0.00422675285927399,-0.00296223154776598,0.126516464471404,-0.108690269868779,0.0342022777915326,4039,,,2.9,Hold,5.03698023846893,Communication Services,
5726,JP3407200009,,,JP3407200009,0.06379,0,0.1234,2.36902,-0.011,0.172651691410001,-0.286741660181567,-0.323400685788289,-0.0397955529586235,0.0152,3019927625,310846947328,18.692698,16.39401,3.6232548,0.000423011844331641,0,0.00766936514699617,-0.0117007939824488,-0.0607625099285147,0.353065539112051,0.226215644820296,0.280338266384778,1182.5,,,,,1.14021511515486,Consumer Cyclical,
5715,JP3826800009,,,JP3826800009,0.03938,0.08592,0.13248,0.23894,0.786,0.0378794141556098,-0.425036364260412,-0.345893320961361,0.169109100272199,0.0201,728770920,379681243136,18.1486,10.339444,2.3308809,-0.00278862242052426,0.00364861072130227,0.0176437108708025,0.0118845500848896,0.0272910083309394,0.342281879194631,0.0906040268456376,0.21923937360179,1788,,,1.6,Buy,1.75527813681277,Consumer Cyclical,
5602,JP3270800000,,,JP3270800000,0.10511,0.56193,0.67745,,0.195,-0.0334697117398215,-0.266611986906003,-0.118624594220874,-0.101481337709238,0.0184,9077643000,2189908639744,29.761904,31.871016,4.4600377,-0.00215222070045001,0.00651272942569568,0.0423053341508277,0.0576524263790958,0.140429338103757,0.215686274509804,-0.117647058823529,0.0810457843137254,5100,,,1.6,Buy,0.933823509109343,Technology,
5480,JP3752600001,,,JP3752600001,0.10583,0.29949,0.48924,,0.074,3.16703531385859,0.27902854465068,0.22767407784927,0.0155764092538285,0.0069,521530350,279052320768,18.484642,,2.2859843,-0.00912200684150513,0.0046242774566474,0.0175644028103045,0.0469879518072289,0.0675675675675676,,,,4345,,,,,,Technology,
5851,JP3975800008,,,JP3975800008,0.01741,0.09665,0.18263,0.61313,0.241,0.582184263330898,-0.0741371340143402,-0.0316218448272757,0.23161491181686,0.0205,9309894176,3682181054464,19.267767,25.06069,1.2254057,-0.030696981162311,-0.0497433584698621,-0.0139603675114498,0.0395042111182788,0.142127659574468,0.397168405365127,-0.124441132637854,0.101541915052161,536.8,,,1.8,Buy,0.768844233738177,Consumer Cyclical,
5440,JP3247400009,,,JP3247400009,0.03738,0.051999997,0.07688,,0.107,0.185899851762518,-0.366204256940476,-0.289428020565553,-0.314771084682209,0.0341,199868200,137564815360,18.050364,24.697172,1.0822414,-0.00944669365721997,0.00824175824175824,0.0323488045007032,0.0251396648044693,0.0485714285714286,0.0354223433242507,0.0354223433242507,0.0354223433242507,3670,,,,,0.730867647518509,Healthcare,
5563,JP3734600004,,,JP3734600004,0.08185001,0.12185001,0.083409995,,-0.356,0.82059306628203,0.33441329223818,0.270406193846086,0.197501805321532,0.028,8103889710,857797558272,24.50955,22.152578,7.20899,0.024016114037806,0.043746051800379,0.136934457250989,0.174724493423391,-0.0165178571428571,0.361779391738538,-0.24345589347859,-0.0366671962475412,6609,,,2.9,Hold,1.10639718772235,Technology,
5445,JP3584600005,,,JP3584600005,0.16389999,0.22288,0.29045,,0.046,0.128718886170466,-0.259374096850196,-0.191910437838351,-0.409291751935226,0.0213,2306492100,1192634220544,18.761719,17.973577,5.8253593,-0.00427990584207148,0.00746995777849951,0.0345747637576431,0.0515254237288136,0.0304506699147381,0.998710509348807,-0.0651192778852353,0.278744895766172,9306,,,2.1,Buy,1.04385003608352,Technology,
5541,JP3448000004,,,JP3448000004,0.072909996,0.35673,0.47553003,,0.197,0.027200932073798,-0.53143958415331,-0.347871317361487,-0.458729355556015,0.0157,1430708500,624417701888,34.483334,34.417603,3.7015252,-0.00859393650035808,0.000602337067823154,0.0245466880473665,0.0369538077403246,0.0515255095581719,0.372501805923429,-0.0609198169997592,0.159621719239104,8306,,,1.6,Buy,1.0019098076063,Technology,
5702,JP3480600000,,,JP3480600000,0.10414,0.04583,0.06498,0.32514,0.058,-0.293895553638747,-0.366002576411013,-0.258015575995124,0.663363612509767,0.0159,5567625000,638944804864,15.673592,24.585365,3.0571542,-0.00943396226415094,-0.00237529691211401,0.023142509135201,0.0349075975359343,-0.142857142857143,0.746031746031746,0.0317460317460317,0.435019841269841,1260,,,1.6,Buy,0.637517157056647,Communication Services,
5821,JP3795080005,,,JP3795080005,0.0032300001,-0.024330001,0.022650002,3.63838,,0.100325214871333,-0.30727761575882,-0.281815542250593,0.335345189330837,,9470806794,1545500360704,,-93.0749,1.6879236,-0.00839981505740669,-0.0344874269737129,-0.0111684879649628,-0.0135097493036212,-0.176395348837209,0.976563602993082,-0.188197091627841,0.325238881829733,708.3,,,2.5,Buy,,Consumer Cyclical,
5461,JP3524600008,,,JP3524600008,0.03754,0.02954,0.04834,0.95197,0.172,1.22475757729045,-0.208658927675548,-0.0443303855711269,0.0849928503299429,0.0275,2170634830,352705150976,12.9035845,13.092423,1.1541122,-0.0348547717842324,-0.0222782681799075,-0.00598290598290598,-0.0189793336145086,-0.0791765637371338,0.676698194325022,-0.0885640584694755,0.340130180567498,1163,,,1.7,Buy,0.985576504822675,Consumer Defensive,
5410,JP3307800007,,,JP3307800007,0.02385,0,0.02398,1.14996,-0.472,0.1512717582666,-0.315039437926692,-0.275889668985026,-0.124183352156873,0.0348,504087925,195404414976,8.810498,4.927564,0.78822845,-0.0103369065849923,0.00583657587548638,0.016515926071569,0.0209320695102686,0.0209320695102686,,,,1292.5,,,,,1.78800275349037,Consumer Defensive,
5632,JP3900800008,,,JP3900800008,0.08535,0.085310005,-0.054229997,1.14213,,-0.0454815813473969,-0.423915413124046,-0.365212645367144,-0.210932661145121,0.017,35558640,47021850624,15.898058,7.462025,3.4290001,0.000848896434634975,0.00597269624573379,0.00769230769230769,0.00855431993156544,0.0333041191936897,,,,1179,,,,,2.13052864336423,Consumer Defensive,
5408,JP3646400006,,,JP3646400006,0.02112,0.01956,0.04966,0.02991,0.063,-0.50807055050775,-0.0456928838951311,-0.0913431452080195,-0.167389574214087,0.0299,19155850,17578575872,13.351658,,0.65729046,-0.00865800865800866,0.0113564668769716,0.0402336145360156,0.0203691915977085,0.0552995391705069,,,,1603,,,,,,Basic Materials,
5757,JP3325100000,,,JP3325100000,0.04023,0.116639994,0.12015,0.03119,0.874,0.178238805970149,-0.313990973565442,-0.294562106468231,-0.383361854006747,0.0227,386977500,185840533504,15.503603,20.905428,1.0442791,-0.00451467268623025,0.008,0.0114678899082569,0.029171528588098,0.0126291618828932,0.473922902494331,0.473922902494331,0.473922902494331,4410,,,2,Buy,0.741606581793016,Consumer Defensive,
5449,JP3184600009,,,JP3184600009,0.04028,0.07033,0.021659998,0.45986,-0.668,-0.489692950843304,-0.442636133637674,-0.371271666380642,0.222167367089641,0.029,135550560,67002421248,11.13602,,1.0387326,-0.000935453695042095,0.0200573065902579,0.0293975903614458,0.0348837209302326,0.126582278481013,,,,2136,,,,,,Consumer Defensive,
5464,JP3924000007,,,JP3924000007,0.04789,0.12636,0.23391001,2.63342,7.555,-0.0564200170557774,-0.285708786202826,-0.230534987869019,-0.29085359430211,0.0313,969568600,88558886912,17.12292,8.442024,2.526061,-0.003125,0.019634703196347,0.00585585585585586,-0.0645161290322581,-0.163449577090745,0.61218092252575,0.0792655620241827,0.285266457680251,2233,,,,,2.02829558409216,Utilities,
5659,JP3721800005,,,JP3721800005,0.0075,0.25367,0.01704,,,-0.215513380360542,-0.336151600211934,-0.392992933802442,0.368314231943834,0.0235,155085300,38226993152,14.493082,,1.3634967,-0.0108359133126935,0.00313971742543171,0.00947867298578199,-0.0405405405405405,0.0721476510067114,,,,639,,,,,,Energy,
5707,JP3599000001,,,JP3599000001,0.04479,0.07022,0.08863,0.41877,0.462,0.317260370430912,-0.375885787549595,-0.249785781715199,0.292764033143867,0.0178,2072459800,274206457856,19.53147,,1.7077105,0.0641221374045802,0.0449775112443778,0.0434131736526946,-0.0681818181818182,-0.00428571428571429,,,,3485,,,,,,Basic Materials,
5698,JP3169750001,,,JP3169750001,0.08093,0.22082001,0.60152,0.24637,0.629,0.104683768606043,0.008817406459559,0.268412335630388,0.123362170257283,0.0286,22739342990,4524691423232,10.570819,14.578987,0.8912698,-0.00407228302367015,-0.00584349593495935,-0.00432569974554707,0.000255623721881391,0.130924855491329,0.277791975466394,-0.263991822131357,0.0879818553539484,3913,,,2.1,Buy,0.725072256392025,Energy,
7011,JP3900000005,,,JP3900000005,0.0231,0.12694,0.09526,0.09263,-0.794,-0.206795030687873,0.00652142425338396,0.146595443112644,-0.00655790091102586,0.0233,2785032330,492360073216,9.242046,12.793474,0.83497494,-0.00515729757607014,0.00994764397905759,0.00416449765747007,0.00941915227629513,0.122817229336438,0.088646967340591,-0.0150336962156558,0.0393986521513738,1929,,,3,Hold,0.722403156484314,Energy,
6301,JP3304200003,,,JP3304200003,0.05187,0.081020005,0.13063,,-0.09,0.329283857612029,-0.176680263706737,-0.250938748335553,0.0088540755467197,0.03,334076160,103424745472,14.10462,12.898067,0.9372003,-0.0177574835109082,0.0020703933747412,0.00519210799584631,-0.0290872617853561,0.0761534185658699,,,,1936,,,,,1.09354525759558,Utilities,
6367,JP3481800005,,,JP3481800005,0.05702,0.06836,0.061750002,0.12671,0.348,0.0624270668604149,-0.0382824396786319,-0.0305697002285253,-0.0191547419641837,0.0439,1281967530,300509528064,10.10125,19.911644,1.3928761,-0.010844306738962,0.0254282655246253,0.0287325456498389,-0.00441787941787942,0.0359653866955111,0.0180109631949883,-0.0707387105194466,-0.0263638736622292,1915.5,,,,,0.507303666136257,Industrials,
6146,JP3548600000,,,JP3548600000,0.06258,0.06086,0.070760004,0.00687,0.486,3.85999294420885,-0.20926689606262,-0.0992769167167183,-0.166384639107524,0.023,3687803280,671611092992,18.939419,23.2056,1.7023321,0.0389518413597734,0.0892890291442361,0.0923306031273269,0.0733491860252424,0.109682299546142,0.0395364689843218,-0.301295160190866,-0.0882753919563736,5868,,,,,0.816157263763919,Industrials,
6273,JP3162600005,,,JP3162600005,0.06157,0.039,0.04824,,-0.086,0.442844501649103,-0.00347428184052201,0.17100312082033,-0.260000946835203,0.0301,283955000,147642105856,10.741138,15.964471,1.2778944,-0.0191740412979351,0.00910470409711684,-0.0140845070422535,-0.036231884057971,0.0160427807486631,,,,13300,,,0,Strong Buy,0.672815153098402,Real Estate,
7013,JP3134800006,,,JP3134800006,,0.078990005,0.08695,0.45852,0.093,0.5238902748031,-0.0899937034990555,0.323810781368633,0.132088531829427,0.0301,11141819400,2057175040000,12.300075,26.512606,2.2044103,-0.00864100549882168,0.0293637846655791,0.0120288692862871,-0.0539730134932534,-0.0703499079189687,0.751188589540412,-0.0966719492868463,0.285940649762282,12620,,,1.6,Buy,0.463933081493385,Industrials,
6326,JP3266400005,,,JP3266400005,0.043909997,0.072519995,0.052449998,0.27364,1.223,0.532773108101865,-0.260790296455343,-0.13998873358448,0.0621482218717711,0.0305,7834087980,2119320469504,12.361172,22.347055,1.7030383,-0.0147011824864174,0.0208609271523179,0.0235723771580345,-0.00804375804375804,-0.0252924438823901,0.524489133960428,-0.0269218293869608,0.236620175154071,3083,,,1.6,Buy,0.553145459211516,Industrials,
6361,JP3166000004,,,JP3166000004,0.029690001,0.08135,0.03994,0.55696,3.982,0.238632063497879,-0.0236989116312423,-1.02933607823434E-05,-0.127740003245877,0.0327,8536502340,1600494764032,12.626506,28.714075,1.5778655,-0.0227932034811438,0.0174757281553398,-0.000847457627118644,-0.0692717584369449,-0.0258211113406321,0.441899915182358,-0.0245971162001696,0.22682663273961,2358,,,2.4,Buy,0.439732291567811,Industrials,
6383,JP3497400006,,,JP3497400006,0.050180003,0.048860002,0.095649995,0.73346,0.735,0.503383832587322,-0.287256753509561,-0.104819114890267,-0.0604473145535657,0.0366,2502444120,723852918784,13.36888,12.855732,1.270185,-0.0188476036618201,0.00718629076838032,0.00496414782129068,-0.0313662945241893,0.0165519806583597,0.390413465056714,0.0976948408342481,0.21569703622393,2733,,,,,1.03991589121491,Consumer Cyclical,
6586,JP3862400003,,,JP3862400003,,0.059439998,0.06331,0.58946,0.179,0.43034556773309,-0.261840239286979,-0.142929670360124,0.332057152703438,0.0293,10511465640,2300872491008,13.106081,18.681526,1.6777421,-0.0177549812586309,0.0223819301848049,0.0167449458852359,-0.0401002506265664,-0.030379746835443,0.847760594496887,0.0845551315525206,0.407339425587467,4979,,,1.4,Strong Buy,0.701553020882769,Industrials,
6370,JP3270000007,,,JP3270000007,0.03187,0.06511,0.06814,1.11804,1.82,-0.0816802152983936,0.146996893083798,-0.0329917475287929,0.136467167677743,0.044,664633350,224468992000,9.328389,12.978563,1.167593,-0.00768022342468145,0.0219306129786087,0.0375981018434021,0.00815747472956198,0.0684081939485059,0.372031662269129,0.0158311345646438,0.18117854001759,5685,,,2.4,Buy,0.718753609317149,Industrials,
6113,JP3122800000,,,JP3122800000,,0,0.04024,0.3475,-0.07,0.637019820704191,-0.131697687535251,-0.0410675552481846,0.334827289912356,0.052,782008100,207173140480,11.273935,,1.079288,-0.011986301369863,0.0212389380530973,0.0212389380530973,-0.00517241379310345,-0.00345423143350604,,,,5770,,,,,,Industrials,
6465,JP3845770001,,,JP3845770001,0.06799,0.07825,0.07169,,-0.033,0.522972972972973,-0.334029161527027,-0.240107869575876,0.10208813293466,0.0384,268765200,136389066752,10.615768,15.376849,1.0417324,-0.00251889168765743,0.0179948586118252,0.0259067357512953,-0.00126103404791929,-0.0503597122302158,0.313131313131313,0.262626262626263,0.287878787878788,3960,,,2,Buy,0.690373430863501,Industrials,
6481,JP3539250005,,,JP3539250005,0.04504,0.03299,0.04555,0.28746,0.596,-0.16488049500546,-0.390917400967932,-0.370279909835364,-0.0787615512202828,0.0617,300720520,72129380352,14.143303,,1.511278,-0.0043859649122807,0.0236753100338219,0.0424799081515499,0.028312570781427,0.0377142857142857,,,,908,,,,,,Industrials,
6134,JP3809200003,,,JP3809200003,0.02606,0.067540005,0.0478,0.4299,2.376,0.154041887941245,-0.505346399456309,-0.415242884627631,-0.130115316706489,0.0395,1061294835,449536458752,12.315491,16.650219,0.933892,-0.00491480996068152,0.0280974949221395,0.0315896739130435,-0.00686723348593852,0.0157190635451505,0.251234771155746,-0.143891998682911,0.126111294040171,1518.5,,,,,0.739659400275756,Industrials,
6302,JP3405400007,,,JP3405400007,0.040149998,0.04217,0.02868,0.31467,0.247,-0.0225995684413169,-0.191058005373795,-0.197278342945194,0.549729713529467,0.0377,1109597590,225509212160,11.350612,3.5361207,1.2259929,0.00226586102719033,0.0302795031055901,0.0383411580594679,0.0106626047220107,-0.0713785864240728,0.695553880934439,0.243406179351922,0.489073097211756,1327,,,,,3.20990513700508,Industrials,
6268,JP3651210001,,,JP3651210001,0.05208,0.05544,0.048800003,0.1918,0.149,-0.0476372406217913,-0.165305027877215,-0.276019160211985,0.224625835611248,0.0502,221207910,94697455616,11.148391,,1.2471019,0,0.0286116322701689,0.0423003802281369,0.0339462517680339,0.158478605388273,,,,2193,,,,,,Industrials,
6269,JP3888250002,,,JP3888250002,0.06617,0.06611,0.09826,0.40505,0.22,-0.0233138730987863,0.0335900553979193,0.182051773729626,0.00714976603142248,0.0463,203574540,102113189888,10.941106,24.89726,1.588593,-0.00863636363636364,0.023943661971831,0.0205896116050538,-0.0245974955277281,-0.0525629887054735,,,,2181,,,,,0.439450204560662,Industrials,
6141,JP3924800000,,,JP3924800000,0.0672,0.049629997,0.08203,0.6069,-0.001,0.345220695703011,-0.352701948617218,-0.270199180340139,-0.164617332507567,0.0486,4280772160,1091854598144,11.210702,2.402747,2.2097,-0.0117924528301887,0.00872705386698766,0.0163735597331716,0.0154498636776734,0.0377708978328173,0.10381861575179,-0.045346062052506,0.0187947494033413,3352,,,,,4.66578545306684,Real Estate,
7003,JP3891600003,,,JP3891600003,0.07359,0.10519,0.1167,,0.044,0.0840406927145539,0.0896122071238318,0.49699854298203,0.703440353460972,0.0337,449266300,135520190464,8.904688,,1.0006132,-0.00813356164383562,0.0225066195939982,0.0362254025044723,0.0135608048993876,0.0189094107299912,,,,2317,,,,,,Industrials,
6323,JP3982200002,,,JP3982200002,0.04757,0.02842,-0.014090001,0.00967,,0.00780736734350884,-0.273880385112601,-0.133861092009352,0.154589717512862,0.0559,499518600,74394214400,21.692266,,1.4491906,-0.00617283950617284,0.00750938673341677,0.0157728706624606,0.00311526479750779,0.013215859030837,,,,1610,,,,,,Industrials,
5631,JP3721400004,,,JP3721400004,0.052399997,0.055749997,0.06723,0.25509,0.092,0.104931694959396,-0.220773882195283,-0.0992497210501341,0.128243456646542,0.0352,893921930,169276735488,8.810626,16.372477,1.4590182,-0.0072562358276644,0.0228971962616822,0.0590227382680213,0.0228971962616822,0.0595353339787028,-0.0406578346276839,-0.0406578346276839,-0.0406578346276839,2189,,,,,0.538136410269503,Industrials,
6460,JP3419050004,,,JP3419050004,0.04792,0.0435,0.06099,1.27205,0.061,0.345624170089377,0.470486313795909,0.416877499387905,0.394235175741659,0.0329,3986845660,427661492224,12.594539,22.805246,2.2310255,-0.000631711939355654,0.018018018018018,0.100139082058414,0.047682119205298,0.0209745079057761,0.580278128950695,-0.115044247787611,0.337968836915297,1582,,,1.5,Strong Buy,0.552264992011049,Industrials,
6305,JP3787000003,,,JP3787000003,0.05037,0.04711,0.02347,0.15503,-0.496,0.230102451438888,-0.389693191815953,-0.231770736253495,0.0176415431327023,0.051,203536410,54618521600,11.695952,,1.2681612,-0.00732356857523302,0.00471698113207547,0.0122199592668024,0.000671140939597315,0.0289855072463768,,,,1491,,,,,,Industrials,
6471,JP3720800006,,,JP3720800006,0.0312,0.03461,0.04926,1.28861,-0.643,0.594135207929879,-0.220176147815634,0.240927742848116,0.220320883753888,0.0408,6219422055,752067477504,8.920649,1.9583892,0.68703866,-0.0227091633466135,-0.00527169505271695,0.00697865353037767,-0.0258141382049245,-0.0934959349593496,0.565430085609458,0.141459437423563,0.332246229107216,1226.5,,,2.3,Buy,4.55509507507496,Consumer Cyclical,
6473,JP3292200007,,,JP3292200007,0.04947,0.062800005,0.09276,1.15364,0.09,0.740382757443664,-0.203525999453278,-0.225113123823147,-0.179953524082832,0.0202,7984476500,2823864713216,8.045044,9.683245,0.97023636,-0.0146995244271509,-0.00632221495530848,-0.00869943453675511,-0.0157633340531203,-0.00653879686137751,0.261518209741115,0.00921456779289162,0.112086156208864,4558,,,2.6,Hold,0.830821072894469,Real Estate,
6368,JP3201600008,,,JP3201600008,0.09677,0.0928,0.112799995,0.02119,0.249,0.103493853297931,-0.317870811560114,-0.185856603773585,-0.0411486486486487,0.0135,519238250,161132232704,13.605325,18.626614,1.9081696,-0.00883838383838384,0.0261437908496732,0.0438829787234043,0.0194805194805195,0.0288335517693316,0.105732484076433,-0.13375796178344,0.021656050955414,3925,,,3.3,Hold,0.730423951449254,Industrials,
6407,JP3346800000,,,JP3346800000,0.046830002,0.0616,0.09866,0.81733,-0.024,0.303882635064754,-0.289847144411119,-0.118698906208541,-0.249735510725389,0.0436,8830868000,2172151398400,8.503402,8.875113,0.9655979,-0.0155744930943285,0.00239377618192699,-0.00327283546563523,0.00873230954531768,-0.0190336749633968,0.298507462686567,0.0149253731343284,0.147595313432836,3350,,,2.1,Buy,0.958117603685722,Consumer Cyclical,
6417,JP3326410002,,,JP3326410002,0.04911,0.045739997,0.05503,0.05805,1.524,0.203057405337092,-0.270755995521773,-0.276153676594531,0.0516758429959658,0.0295,315111340,181470543872,17.574669,24.553904,1.1736088,-0.0119670905011219,0.0134253931722286,0.0212601468882876,-0.00751314800901578,0.0722402597402597,0.211203633610901,0.211203633610901,0.211203633610901,2642,,,,,0.715758642698937,Industrials,
6324,JP3765150002,,,JP3765150002,0.052059997,0.078260005,0.03032,0.00739,21.256,-0.219424922472797,-0.506014716592581,-0.389228383094223,0.254636813403047,0.0371,173086850,64801132544,11.668377,,0.95716935,-0.00418888042650419,0.0171139634383508,0.0179057999221487,0.000765403750478377,0.0426634768740032,,,,2615,,,,,,Industrials,
6005,JP3880800002,,,JP3880800002,0.0678,0.08141,0.11686,0.07127,0.862,0.195547577630556,-0.352723048742349,-0.335528228499587,0.115307559452637,0.0365,189744170,109011607552,14.534554,,1.5442271,0.00217580504786771,0.0285841893702546,0.0149845747025121,-0.00518358531317495,0.0888888888888889,,,,2303,,,,,,Industrials,
6432,JP3462660006,,,JP3462660006,0.056360003,0.0796,0.10309,,0.061,0.136982340183827,-0.237104241017042,-0.136597443733131,0.0201378275881587,0.0272,385477500,272653893632,15.060242,,1.0778261,-0.00961538461538462,0.0117878192534381,0.005859375,-0.0152963671128107,0.0117878192534381,,,,5150,,,,,,Industrials,
6135,JP3862800004,,,JP3862800004,0.09071,0.0872,0.12478,0.02919,0.07,0.166756821784662,-0.501969756960139,-0.491002785664637,-0.319741741043308,0.0235,3750005790,1103134326784,17.7934,32.690495,2.861751,-0.019978783592645,0.0270520659625718,0.0202466408982146,-0.0363351877607789,-0.0175469691598724,0.515424860184016,0.172650189428108,0.355635143424139,5543,,,,,0.544298885654683,Industrials,
6136,JP3170800001,,,JP3170800001,0.07358,0.09716,0.08377,0.56624,1.371,0.103261726514214,-0.536447475032546,-0.502652046647772,-0.218067411998966,0.0202,3741521420,1139693846528,19.762701,34.86114,2.6327689,-0.0101428571428571,0.0272794662713121,0.0256068679692126,-0.0313155319446386,-0.0379061371841155,0.472073892336557,0.219512195121951,0.34098239284168,6929,,,,,0.566897726236147,Industrials,
6101,JP3531800005,,,JP3531800005,0.04887,0.073860005,0.08247,0.47019,1.119,0.333725790310237,-0.28657091440019,-0.109462817816861,-0.127937965399474,0.0337,368967680,210484019200,11.737114,,1.3475896,0.0035650623885918,0.0416281221091582,0.0454967502321263,-0.0148731408573928,0.0647754137115839,,,,2252,,,0,Strong Buy,,Industrials,
6457,JP3274400005,,,JP3274400005,0.05975,0.08084,0.03091,0.00045,1.441,0.617360965962989,-0.400297594353451,-0.311388941148301,-0.211228223844282,0.0308,394061250,240957210624,13.3331175,23.161144,1.1531845,-0.0072202166064982,0.0261194029850746,0.0403530895334174,0.00121359223300971,0.0456273764258555,0.260606060606061,0.260606060606061,0.260606060606061,4125,,,,,0.57566748430043,Industrials,
6371,JP3535400000,,,JP3535400000,0.059510004,0.042579997,0.06865,0.34938,0.903,0.113180615407878,-0.402876388130348,-0.315570733966196,-0.142998820934124,0.0305,1142677370,532861157376,17.361065,22.138695,1.5529772,-0.00455753892897835,0.0252298063759046,0.0316866758512104,0.0125555340931041,-0.00738496496875592,0.220908050362457,-0.0843189622281572,0.121709271270507,2621,,,,,0.784195500231608,Industrials,
6472,JP3165600002,,,JP3165600002,0.0793,0.083330005,0.026919998,0.03022,0.73,0.270401767890138,-0.541852567090631,-0.470551107474724,-0.00275288776543234,0.037,419418000,147583860736,12.13574,,1.8183461,-0.00917431192660551,0.0172684458398744,0.0318471337579618,0.00934579439252336,-0.0442477876106195,,,,3240,,,1,Strong Buy,,Industrials,
6454,JP3864800002,,,JP3864800002,0.07043,0.08592,0.108739994,0.08336,0.09,0.411082517018097,-0.387833840613881,-0.335908778484694,-0.235610790668173,0.0272,1386111800,572032548864,14.285713,16.278181,1.6454844,-0.000247249350970454,0.0290113245960046,0.0253581843540003,-0.0128173828125,-0.0243696465194837,0.681711388648448,-0.0478545814269816,0.39112155310993,8087,,,1.8,Buy,0.877598854564893,Industrials,
6436,JP3124400007,,,JP3124400007,0.03136,0.06696,0.07756,0.08387,1.072,-0.0634305015519086,-0.222286131653428,-0.128734445483714,-0.119548647092689,0.0223,3336327330,565126365184,13.494999,19.166666,1.3276924,-0.0105954651409197,0.0130180082447386,0.0097318339100346,-0.0432377049180328,0.0123590633130963,0.285071749839366,-0.22895695009638,0.0794602698650675,2334.5,,,2.6,Hold,0.704086928837806,Industrials,
7004,JP3789000001,,,JP3789000001,0.11571,0.121070005,0.12684,0.01257,0.253,0.255990879903215,-0.0180731743155214,-0.121284089765523,0.0633947329848047,0.0084,488048500,146190172160,12.484461,,2.163504,-0.0027972027972028,0.0273775216138329,0.0229555236728838,-0.00418994413407821,0.126382306477093,,,,7130,,,,,,Industrials,
6013,JP3462600002,,,JP3462600002,0.06337,0.08821,0.09137,0.11969,1.083,0.501832521973554,-0.37549264533757,-0.371857649735362,0.136301286867169,0.0293,319698840,161421000704,13.550164,4.973751,1.2902529,-0.012736395214203,0.0150793650793651,0.0179068842021488,-0.0161538461538462,0.0557160544779199,,,,2558,,,0,Strong Buy,2.72433501395627,Industrials,
6315,JP3555700008,,,JP3555700008,0.088549994,0.08422,0.09962,0.19125,-0.28,0.273028197084972,-0.162966629243776,-0.243963950598969,-0.00709293361048491,0.0261,2502650130,616756477952,16.501524,14.059004,2.980495,0.0109395109395109,0.0424684804246848,0.0723549488054608,0.0468680586406042,0.123480333730632,0.464035646085296,0.113940165499682,0.267769997878209,4713,,,1.3,Strong Buy,1.17373350203187,Industrials,
6490,JP3747800005,,,JP3747800005,0.09232,0,0.11323,0.1304,0.107,-0.0395424297420668,-0.574397339983375,-0.436063423479033,-0.288039983446344,0.0368,238893300,101303304192,10.929038,,1.9831973,-0.018796992481203,0.0289093298291721,0.0467914438502674,-0.00508259212198221,-0.00760456273764259,,,,3915,,,,,,Industrials,
6103,JP3172100004,,,JP3172100004,0.057189997,0.09314,0.08276,0.01165,0.107,0.229098078604245,-0.411563059606037,-0.373444848961921,-0.0771593043689026,0.0467,113760330,78630289408,14.641026,,1.1540016,-0.0166475315729047,0.00234055002925688,0.0160142348754448,-0.0115406809001731,-0.0745542949756888,,,,1713,,,,,,Industrials,
6498,JP3240700009,,,JP3240700009,0.052389998,0.05217,0.057740003,0.01983,-0.265,0.141676281990656,-0.444424966075174,-0.385293882447021,-0.0734768220098294,0.0359,703788800,241662148608,15.674046,10.074147,1.3879964,-0.00645994832041344,0.0145118733509235,0.0391891891891892,0.00391644908616188,-0.119129438717068,0.508452535760728,0.157347204161248,0.337234460338102,3845,,,2.3,Buy,1.55586830329158,Industrials,
6395,JP3465000002,,,JP3465000002,0.11166,0.10268,0.17727,0.02518,-0.051,0.0310043540516057,-0.411233298896656,-0.325097165889057,-0.204298039139714,0.0294,1490036240,378560217088,14.104604,9.932111,2.9065723,0.0065359477124183,0.0663265306122449,0.102902374670185,0.0212914485165794,0.104567761419404,0.367053998632946,0.367053998632946,0.367053998632946,2926,,,,,1.42010132589134,Industrials,
6278,JP3950600001,,,JP3950600001,0.07517,0.09759,0.12158,,0.331,0.272861733054521,-0.498146564014828,-0.4230380744296,0.215986590405998,0.0311,290122000,132873428992,16.129032,,1.8408868,-0.00155038759689922,0.0488599348534202,0.0471544715447155,0.00625,0.0776439089692102,,,,3220,,,,,,Industrials,
6254,JP3762950008,,,JP3762950008,0.029660001,0.05076,0.040149998,0.27091,-0.025,0.114386163420351,-0.405331776610235,-0.295781535176831,-0.447189226958013,0.0228,449382150,246257647616,11.587382,12.90169,0.8755453,-0.0135761589403974,-0.00501002004008016,0.00303030303030303,0.00573936529372046,0.0482054890921886,,,,2979,,,0,Strong Buy,0.898129004804797,Consumer Defensive,
6250,JP3943000004,,,JP3943000004,0.035720002,0.03496,0.05144,0.16757,-0.167,1.35213306845348,-0.428277867255656,-0.122929752163457,0.138319042854185,0.0325,1923534540,558669430784,17.636154,15.676736,1.0830871,-0.0414967618133845,-0.0286825473991249,-0.0203481245403285,-0.0193865030674847,0.0162767039674466,0.0760760760760761,0.001001001001001,0.0460460460460461,1998,,,,,1.12498890075077,Consumer Defensive,
6412,JP3834200002,,,JP3834200002,0.03636,0.04526,0.05396,0.0081,-0.035,-0.20513365950507,-0.271101942582087,-0.185511666920848,-0.156428982428186,0.0365,39163040,69779087360,21.008772,,1.4158821,-0.00312174817898023,0.00842105263157895,0.0301075268817204,0.0475669764898852,0.108796296296296,,,,1916,,,,,,Consumer Defensive,
6420,JP3805150004,,,JP3805150004,0.02764,0.03091,0.03767,0.3446,-0.003,-0.0891999038923594,-0.208123310687413,-0.0829325513196481,-0.170364996093314,0.0355,189675600,128200032256,12.0771475,12.816765,0.84310204,-0.00879396984924623,0.0102432778489117,0.00509554140127389,0.0313725490196078,0.131994261119082,,,,3945,,,,,0.942292965502605,Consumer Defensive,
6235,JP3197760006,,,JP3197760006,0.04008,0.03703,0.02192,0.09712,2.482,0.358064605266794,0.0931250670332777,0.154889425870982,-0.071304473460837,0.0369,131279820,59056926720,10.799181,14.0190735,0.78807545,-0.00962463907603465,0.00341296928327645,0.0238805970149254,0.0264339152119701,0.0865892291446674,,,,2058,,,,,0.770320592156108,Consumer Defensive,
6480,JP3739400004,,,JP3739400004,0.041789997,0.021879999,0.027290002,0.39762,0.074,0.247375387572302,-0.150357030015798,-0.198987203708393,0.315552226027397,0.0353,117029850,56370450432,8.834113,82.752815,0.9013447,-0.0100806451612903,0.0089041095890411,0.0137646249139711,0.0179682100898411,0.160756501182033,,,,1473,,,,,0.106753021030161,Consumer Defensive,
6104,JP3592600005,,,JP3592600005,0.0656,0.06145,0.10762,0.20299,0.213,-0.00341767992113052,-0.497300215982721,-0.442383190489356,-0.254263204874452,0.0411,52474900,93468573696,14.430123,,1.206155,-0.00487974904147787,0.0124113475177305,0.0145700071073205,0.0142095914742451,0.040831206707984,,,,2855,,,,,,Consumer Defensive,
6474,JP3813200007,,,JP3813200007,0.06506,0.11587,0.11535,0.22649,3.286,-0.416029241949348,-0.13053644825278,-0.0934230524904124,-0.0809602041450017,0.0499,1178585400,248828608512,14.770877,19.67772,1.3146262,-0.0078125,-0.00392156862745098,0.0438356164383562,0.101156069364162,0.186915887850467,-0.0551181102362205,-0.0551181102362205,-0.0551181102362205,3810,,,,,0.750639657439988,Communication Services,
6209,JP3970700005,,,JP3970700005,0.2787,0.18529,0.22097,0.01109,-0.028,-0.0980126246534756,-0.205369310438812,-0.181356051373395,0.255553190601394,0.0362,494267820,166742360064,18.448822,7.374341,7.641206,-0.00190294957183635,0.0334975369458128,0.0972803347280335,0.0972803347280335,0.148959474260679,0.239275500476644,0.239275500476644,0.239275500476644,1049,,,,,2.50175873342445,Industrials,
6349,JP3305800009,,,JP3305800009,0.21545,0.25821,0.25812998,0.05866,0.338,-0.0674413652342278,-0.105378198728451,0.405086168979168,0.447619226850125,0.0381,2652266826,208211542016,16.692934,16.916538,4.3828506,-0.000456621004566141,0.014835457852351,0.0458671356364619,0.0505519527247498,0.027699530516432,0.370488807674737,-0.0102025277904676,0.20907568143749,656.7,,,2.2,Buy,0.986781929021175,Financial Services,
6340,JP3356000004,,,JP3356000004,0.11412,0.046680003,0.083009996,0.28649,0.46,-0.0437799073129443,-0.26166738336025,-0.234015300518308,0.184059308358236,0.0554,1065089860,137783623680,20.668955,0.80266446,4.488147,-0.00413223140495868,0.0478260869565217,0.100456621004566,0.0904977375565611,0.324175824175824,-0.170124481327801,-0.253112033195021,-0.211618257261411,241,,,,,25.7504300115642,Industrials,
6258,JP3795300007,,,JP3795300007,0.082779996,0.07063,0.07142,0.12433,-0.432,-0.0784464123840737,-0.357562143428785,-0.13249464610484,-0.189233032945027,0.0494,307698750,172044353536,14.576735,13.227513,2.1443095,-0.00881057268722467,0.0109835247129306,0.0530421216848674,0.051948051948052,0.0310590631364562,0.283950617283951,0.135802469135802,0.218107012345679,2025,,,,,1.10200118495442,Industrials,
6143,JP3434200006,,,JP3434200006,0.0473,0.07854,-0.109680004,1.04006,,-0.114138152479671,-0.064751845801198,-0.140049802255749,-0.0055733954774268,,102797170,25115344896,46.281586,59.906544,6.7081785,0.0223285486443381,0.0388978930307942,0.0525451559934319,0.0439739413680782,0.00470219435736677,,,,641,,,,,0.772563110968311,Technology,
6277,JP3846000002,,,JP3846000002,-0.0066000004,-0.20045,0.51208997,0.07628,,1.29969578563531,-0.0340486615808243,-0.09034052200717,0.299473578299191,,3324555000,213897396224,,16.880486,4.486682,0.0858670230537922,0.122625215889465,0.121850189851571,0.114540466392318,0.195292386906951,0.538461538461538,0.169230769230769,0.353846153846154,3250,,,,,,Healthcare,
6332,JP3532200007,,,JP3532200007,0.07381,-0.21922001,0.21319,0.19986,-0.037,-0.485916880047272,-0.449750142628348,-0.316942408376963,-0.165505737259634,0.0114,1029425760,219401043968,,24.865116,7.7663755,-0.00112107623318386,0.00262565641410353,0.0348432055749129,0.0561043065981825,0.161164205039096,-0.176954732510288,-0.427609427609428,-0.295735129068462,2673,,,,,,Healthcare,
6282,JP3174200000,,,JP3174200000,0.073520005,0.02753,0.04453,0.34607,0.135,1.20145035692248,-0.249571603881531,-0.142836752600612,0.415983799545306,0.0445,3101889945,651127095296,15.218978,16.35294,2.9407022,-0.0299102495149288,-0.00545144804088594,0.0274550993625897,0.0462365591397849,0.122692307692308,0.301815690304899,-0.0750256937307296,0.0913718396711203,291.9,,,2.3,Buy,0.930656995011295,Industrials,
6284,JP3678200001,,,JP3678200001,0.0448,0.04473,0.0223,0.33788,0.255,0.73169720587016,-0.182576085388721,-0.0723687764472855,0.0017558669593112,0.0161,48831300,30188238848,12.6420145,,1.1999935,-0.00422119037568594,-0.0025369978858351,0.00254993625159371,-0.0100713386487621,0.0198875918720277,,,,2359,,,,,,Consumer Defensive,
6237,JP3150100000,,,JP3150100000,0.043730002,0.03148,0.051269997,0.18655,0.025,1.00858695239181,-0.196828074784063,-0.104729324634103,-0.0342458767361112,0.0165,2375655800,718111834112,17.093977,18.822254,1.5228626,-0.0339072847682119,-0.0455378173253075,-0.0568916472717869,-0.0522349272349272,0.0393274437161585,0.192761173567316,-0.0265972031806965,0.0865094598299973,3647,,,2.4,Buy,0.908179062932633,Consumer Defensive,
6331,JP3896000001,,,JP3896000001,0.020920001,0.0117999995,-0.03091,0.10109,,0.373224913087031,-0.192147701891355,-0.0883833865814697,-0.0368584088146493,0.0067,39123840,29960230912,69.93433,6.568282,1.5016149,0.00134318334452653,0.00471698113207547,0.0087956698240866,0.00404040404040404,0.000671140939597315,,,,1491,,,,,10.647278847041,Consumer Defensive,
6463,JP3542400001,,,JP3542400001,0.02803,0.02891,0.0583,0.40638,-0.937,0.419538036425813,0.0799869725427497,0.012886042764229,0.248582224010356,0.0182,303008200,83362381824,3.3818283,,0.79907215,-0.0112528132033008,-0.0237037037037037,-0.0229799851742031,-0.0208023774145617,0.0345368916797488,,,,1318,,,,,,Consumer Defensive,
6287,JP3321400008,,,JP3321400008,0.23072,0.16136,0.22247,,0.185,-0.0701694204098295,-0.412548859061711,-0.175304844556739,-0.0178636611303529,0.0135,2225680940,401062592512,31.94735,28.222126,8.856982,0.004642166344294,0.0303511208093632,0.0210340082563397,0.0578411405295316,-0.0125475285171103,0.232190989603389,0.155179052753177,0.193685021178283,2597,,,,,1.13199657601982,Consumer Defensive,
6458,JP3372800007,,,JP3372800007,0.05441,0.05184,0.07591,0.16774,0.184,-0.175763172247693,-0.347115798416079,-0.256982240665816,-0.296813121890547,0.0228,802366890,368046440448,21.644619,18.321026,1.7735006,-0.0159297789336801,-0.00099009900990099,0.00598205383848455,0.00231788079470199,0.0338114754098361,0.189296333002973,-0.141063759497853,-0.0116727122563594,3027,,,,,1.18140867219991,Consumer Defensive,
6381,JP3122450004,,,JP3122450004,0.03971,0.03891,0.06783,0.47077,2.993,0.161465135808136,0.0452118246310573,0.266065016113096,-0.0496514620052043,0.0219,2392775500,368632168448,16.555523,4.603539,0.33288512,-0.0138169257340242,0.0173719376391982,0.0325497287522604,0.0395994538006372,-0.0730519480519481,0.48861646234676,0.225919439579685,0.313485113835377,1142,,,1.5,Strong Buy,3.59625996434482,Consumer Defensive,
6486,JP3130400009,,,JP3130400009,,0.03822,0.03129,0.3414,0.764,6.63405574566406,-0.184615384615385,-0.0714140515817558,1.11532699241577,0.0546,106019380,20479131648,11.389429,,0.6297589,-0.0026857654431513,0.0036036036036036,0.00450856627592426,0.0154968094804011,0.0773694390715667,,,,1114,,,,,,Consumer Defensive,
6459,JP3505800007,,,JP3505800007,0.031659998,0.09427,0.083739996,0.17337,0.194,0.163832183051873,-0.19453461519978,-0.207873853447387,-0.0840198109010956,0.0256,2851144230,801637990400,18.691496,15.892413,1.3470944,-0.0189895470383275,-0.0131440588853838,-0.000177556818181818,0.00769506084466714,-0.0082775625220148,0.207600781388741,-0.289646599183094,-0.108506481974782,2815.5,,,3.7,Underperform,1.17612699846147,Consumer Defensive,
6351,JP3536200003,,,JP3536200003,0.04938,0.03384,0.07835,0.16913,0.512,0.406664910308833,-0.21903768872922,-0.21971798026263,0.111083970522864,0.0253,4224797280,1181202513920,33.670868,20.802294,1.5290117,-0.00320366132723112,0.0168067226890756,0.0232558139534884,0.00276243093922652,0.0857427716849452,0.216712580348944,-0.104683195592287,0.0571625344352617,4356,,,2.1,Buy,1.61861321640777,Consumer Defensive,
6419,JP3860220007,,,JP3860220007,0.02747,0.062179998,0.02372,0.16788,0.752,0.203080605523529,-0.311255099592033,-0.286864889607417,-0.180777410207939,0.0267,520425000,223406784512,7.142857,17.355486,0.92388904,-0.0183246073298429,0.00536193029490617,0.0135135135135135,0.00942126514131898,0.0176390773405699,0.213333333333333,-0.0666666666666667,0.0533333333333333,3750,,,,,0.41156191189345,Consumer Defensive,
6266,JP3468000009,,,JP3468000009,0.023599999,0.00939,0.02025,0.14804,-0.033,1.52252575930607,0.439886480908153,0.345753124188288,0.0419515099806252,0.0332,432634180,120981471232,26.383863,13.913295,0.99574566,-0.0167483660130719,-0.00496072757337743,0.00711297071129707,0.00166458593424886,0.0246913580246914,0.0386373078520981,0.0386373078520981,0.0386373078520981,2407,,,,,1.89630587147042,Consumer Defensive,
6309,JP3631600008,,,JP3631600008,0.03444,0.02313,0.04478,0.45995,-0.008,1.15669882484077,-0.332018262810361,-0.143166509042481,-0.0879431884662391,0.0296,3646313760,564344520704,16.835167,17.669119,1.0693567,-0.0340114431023522,-0.0276755719084946,-0.0270529854330078,-0.0104200586128297,0.0133377792597533,0.332675222112537,-0.0457387298453439,0.110562685093781,6078,,,3,Hold,0.952801721466701,Consumer Defensive,
6140,JP3114400009,,,JP3114400009,0.0337,0.03916,0.022149999,0.19846,-0.274,1.05491578146199,0.534887607587532,0.594242746468176,0.650986453992861,0.0346,348105930,55397416960,5.7803903,,0.74674684,-0.00301984469370147,0.00872981230903536,0.0312360553324409,0.0271111111111111,0.0900943396226415,,,,2311,,,,,,Consumer Defensive,
6328,JP3165950001,,,JP3165950001,0.02858,0.01912,0.022880001,0.3786,-0.009,-0.353835867008931,-0.610122503635356,-0.487742911883563,0.313180107185799,0.0401,327770800,86911492096,9.407248,12.088106,0.6644406,-0.0203498750446269,-0.00399274047186933,0.00993743099006257,-0.00399274047186933,0.0329528857440417,,,,2744,,,,,0.778223486789411,Consumer Defensive,
6387,JP3322950001,,,JP3322950001,0.042480003,0.018960001,0.0078100003,,-0.891,-0.285575898479124,-0.117513780392952,0.534152007965483,0.0603290676416819,0.034,57973180,23966834688,29.499882,,1.6259729,-0.00119808306709265,0.00643863179074447,0.00846774193548387,-0.0211350293542074,-0.0176747839748625,,,,2501,,,,,,Consumer Defensive,
6364,JP3841400009,,,JP3841400009,0.03424,0.01893,0.03233,0.36613,-0.039,2.51499461465592,-0.319103148663735,-0.267279151943463,-0.365852208421083,0.0312,687594750,282334101504,13.966481,17.653738,0.96070963,-0.016798418972332,-0.00698602794411178,-0.005,-0.005,0.0173824130879346,0.0452261306532663,0.0251256281407035,0.0385259296482413,4975,,,3,Hold,0.791134489477526,Consumer Defensive,
6339,JP3378200004,,,JP3378200004,0.18304001,0.1191,0.1611,0.0396,0.031,-0.320027504679831,-0.444138971650704,-0.276582495458001,-0.163272108114682,0.0409,351859200,157280567296,13.906447,17.460318,3.9633214,-0.00226757369614512,-0.00226757369614512,0.0352941176470588,0.0377358490566038,0.0551558752997602,0.113636363636364,0.113636363636364,0.113636363636364,440,,,2,Buy,0.796460121745778,Technology,
6333,JP3541800003,,,JP3541800003,0.0959,0.14251,0.15619001,0.93028,0.584,-0.170159266943197,-0.0800818883329189,0.17144621980797,-0.317274890692904,0.0735,608556480,84315848704,14.90411,16.190477,4.1147285,0.003690036900369,0.0149253731343284,0.0542635658914729,0.0187265917602996,0.101214574898785,0.25,0.25,0.25,272,,,,,0.920547924560839,Industrials,
6264,JP3878150006,,,JP3878150006,0.17989999,0.18889,0.26782,0.12468,-0.067,0.178882796165529,-0.379593700068478,-0.25435414285654,-0.609433342195439,0.013,1056810950,758702080000,40.32173,30.912462,11.707815,0.0105401844532279,-0.00104193800468872,0.0102739726027397,0.0359265262020529,0.0334141740770682,-0.348109517601043,-0.470664928292047,-0.405149934810952,3835,,,2.4,Buy,1.30438429653387,Communication Services,
6363,JP3636600003,,,JP3636600003,0.05985,0.03583,0.03433,0.74624,0.589,0.557634817719455,-0.238549348419032,-0.371022412128433,-0.261995070518965,0.0456,329223400,208913350656,10.4822645,18.652483,1.9979087,0.0154440154440154,0.0701932858596134,0.0935550935550936,0.0823045267489712,0.231850117096019,0.140684410646388,0.121673003802281,0.131178707224335,5260,,,,,0.561976896051855,Industrials,
6369,JP3554400006,,,JP3554400006,,0.12988,0.20062,,,-0.235156352324502,-0.485118036116723,-0.397839909401261,0.384156027376717,0.0124,5469119910,1181378805760,24.44843,24.745289,2.8988113,-0.0136300417246175,0.0175035868005739,0.049112426035503,0.0642256902761104,-0.0369364475828354,0.607445008460237,-0.0975747320924986,0.165632656514383,1773,,,2.2,Buy,0.988003413498222,Healthcare,
6345,JP3103200006,,,JP3103200006,0.03888,0.28841,0.19935,0.07139,2.316,0.269093130837043,-0.278824578467029,-0.184942619990486,-0.0143900146000521,0.0259,2693113545,235488378880,14.880744,26.7188,1.0920464,-0.0126066718386346,-0.00508110220832519,0.0198317307692308,0.0226998794696665,0.052947259565667,0.217835395796504,-0.186800235710077,0.00766057748968768,2545.5,,,2.5,Buy,0.556939084090603,Industrials,
6118,JP3102400003,,,JP3102400003,0.010570001,0.6287,-0.0297,0.28817,48.364,0.176121127004239,-0.250096596111808,-0.249299382989,-0.120107635581303,0.0216,1965348000,720670097408,76.3321,10.741063,1.4049737,-0.0319539025667889,-0.00618445818768486,0.00544069640914037,0.0016260162601626,-0.0404984423676012,0.128246753246753,-0.458874458874459,-0.252705627705628,1848,,,3.8,Underperform,7.10656850257745,Consumer Defensive,
6306,JP3669200002,,,JP3669200002,0.028770002,0.05402,0.13619,0.52869,1.142,0.114106043800647,-0.322851623237039,-0.305285144462306,-0.150159888266335,0.0385,8927707600,2354886213632,14.641688,11.253232,0.73847556,-0.0212765957446809,-0.0067859346082665,0.0148124803025528,0.00311526479750779,-0.0353505092869982,0.677018633540373,0.0372670807453416,0.276894409937888,1610,,,1.9,Buy,1.30110958345123,Consumer Defensive,
6247,JP3784200002,,,JP3784200002,0.055159997,0.078099996,0.12544,0.50194,1.649,0.264470087220844,-0.258262283627725,-0.223722243696536,-0.189137775281164,0.0267,8318132730,2257182261248,11.709694,16.561047,1.666656,-0.0152117545375972,0.00956937799043062,0.0264864864864865,0.0158701854493581,-0.0268192688759822,0.357556608741443,-0.104791995787256,0.041881692118659,2848.5,,,2.5,Buy,0.707062421838426,Consumer Defensive,
6310,JP3139600005,,,JP3139600005,0.02153,0.029660001,0.04324,0.2288,-0.64,0.610481159497944,-0.280278421197851,-0.0253368091305396,-0.0586364016939218,0.0124,1326460320,478993776640,41.321224,26.73077,1.8607764,-0.00969720957846824,0.0212244897959184,-0.0130177514792899,0.0228945216680294,0.19512777645092,,,,2502,,,,,1.54582991810561,Consumer Defensive,
6272,JP3979400003,,,JP3979400003,0.049850002,0.03613,0.057529997,0.16909,-0.207,-0.455172229019496,-0.133531453064937,-0.292750092776736,-0.173684065221112,0.0248,65248040,26315280384,8.460059,29.333334,0.9822325,-0.00819672131147541,0.0386266094420601,0.0408602150537634,0.0544662309368192,0.0925507900677201,,,,484,,,,,0.28841109571793,Consumer Defensive,
6289,JP3264200001,,,JP3264200001,0.028870001,0.02214,0.03928,0.47463,,0.128158286365941,-0.206267966110644,-0.220919881305638,-0.345059504983229,0.0188,2736266900,619594645504,34.72348,40.940674,1.7032139,-0.0151709951144253,0.01162176439514,0.0396308360477742,0.0202450719232818,-0.0085425834843386,0.344647519582245,-0.268929503916449,0.087467362924282,3830,,,2.3,Buy,0.848141386240979,Consumer Defensive,
6413,JP3974400008,,,JP3974400008,0.07603,0.06302,0.11209,1.89297,0.116,0.533479201705428,-0.279704868209637,-0.197244808120566,0.251939452052549,0.0112,844441110,69583388672,20.201868,15.055574,4.1193094,-0.0289645184648805,-0.0317689530685921,-0.0044543429844098,-0.0674547983310153,-0.108970099667774,0.565995525727069,0.118568232662192,0.416853094705444,1341,,,1.7,Buy,1.34181984692181,Consumer Defensive,
6238,JP3826770004,,,JP3826770004,0.045890003,0.049569998,0.09512,0.01087,0.056,-0.195694215208728,-0.21977580162912,-0.235188937072704,-0.0520807221320373,0.0266,3930732740,1394515378176,15.55188,13.604847,1.0297235,-0.0214657415437988,-0.00199026979212738,0.0127917414721724,0.0112032265292404,-0.0118239544558791,0.384888101041436,-0.0915134057168181,0.0682271216485707,4513,,,2.9,Hold,1.14311318605788,Consumer Defensive,
6222,JP3356500003,,,JP3356500003,0.03283,-0.1074,0.08005,0.45395,0.809,-0.466522618736324,-0.406511222818627,-0.359991836258674,-0.270810597646756,0.01,252719600,95438782464,,29.617239,1.3813093,-0.0147299509001637,0.0144927536231884,-0.00165837479270315,-0.0147299509001637,0.0350756533700138,-0.302325581395349,-0.302325581395349,-0.302325581395349,3010,,,4,Underperform,,Consumer Defensive,
6418,JP3697800005,,,JP3697800005,0.01279,0.013409999,0.03247,0.59236,0.953,0.171184330252383,-0.215662790891096,-0.0191563275434243,0.0674930296617285,0.006,137527920,43018293248,43.482025,,1.3362205,-0.00347394540942928,0.00049825610363727,0.00349825087456272,-0.00297914597815293,0.0229240957717779,,,,2008,,,,,,Consumer Defensive,
575A,JP3860410004,,,JP3860410004,0.02855,0.01878,0.04217,0.54791,-0.781,2.34578529920953,-0.175087643084196,0.0241584507559618,-0.0977434992626804,0.0285,674345350,192796344320,8.285164,4.005627,0.90921956,-0.0066006600660066,0.00620821394460363,0.00476871721506915,0.0139557266602502,0.135237068965517,-0.0507831039392501,-0.0507831039392501,-0.0507831039392501,2107,,,3,Hold,2.06838130459975,Consumer Defensive,
6430,JP3483100008,,,JP3483100008,0.03697,0.01763,0.04976,1.14175,0.715,-0.174689945392931,-0.213004361218701,0.00593349925463378,0.196382296959855,0.0139,1180401240,382880022528,34.364872,23.924139,1.5467772,-0.0180815876515987,-0.0213186813186813,0.0185269899359561,0.0131968145620023,0.10359355638166,0.36986301369863,0.0330114529530654,0.166147990119021,4453,,,1.7,Buy,1.43640997905923,Consumer Defensive,
6240,JP3936600000,,,JP3936600000,0.05475,0.04241,0.07283,,0.049,0.455554746272384,-0.152059696946623,0.0401578755247309,-0.270048212133387,0.0324,566841900,201501933568,19.646479,17.322433,1.3878648,-0.00732064421669107,-0.0102189781021898,0.0164917541229385,0.018018018018018,0.0398773006134969,0.0914454277286136,0.0471976401179941,0.0693215339233038,3390,,,2.5,Buy,1.13416394798583,Consumer Cyclical,
6485,JP3860300007,,,JP3860300007,0.02131,0.011410001,0.01994,0.1438,0.055,-0.327401078314905,-0.514770800615678,-0.133803859631805,0.510961470898232,0.0269,243697200,81431543808,25.974026,,0.7235276,0.00269541778975741,0.0122448979591837,0.0122448979591837,0.00953475105693222,0.0444909755785579,,,,3720,,,,,,Healthcare,
6298,JP3990600003,,,JP3990600003,0.090299994,0.12342,0.19261,0.0109,0.104,-0.310237610187044,-0.429400343233662,-0.377012794668203,-0.424886069601586,0.0298,1276966680,664603000832,14.347569,14.7246,1.6559151,-0.00904559719401883,0.00336448598130841,0.0162817114729269,0.0052434456928839,-0.0207722169427261,0.304023845007452,-0.0126676602086438,0.147127049180328,2684,,,2.3,Buy,0.974394482702416,Consumer Cyclical,
6378,JP3242000002,,,JP3242000002,0.060650002,0.05116,0.04976,0.0498,2.075,-0.137723521320495,-0.27307371680362,-0.24078027235922,-0.263763945681256,0.0367,29173760,38703992832,Infinity,,2.3055935,-0.00861244019138756,-0.00240731824747232,0.00974658869395711,0.0107317073170732,0.00436257876878333,,,,2072,,,,,,Industrials,
6445,JP3389400007,,,JP3389400007,-0.0555,-0.05895,-0.0037200002,1.2915,,0.0287283094295748,0.372396478959532,0.269008049337231,-0.246057822695337,0.0161,535546550,111290228736,,9.917817,2.399827,-0.0127084988085782,0.012214983713355,0.0358333333333333,0.0016116035455278,-0.00798084596967279,0.0539018503620274,-0.19549477071601,-0.0541317779565568,1243,,,3.7,Underperform,,Consumer Cyclical,
6470,JP3449080005,,,JP3449080005,0.03402,0.01891,0.04242,1.48315,0.309,-0.323565429527419,-0.298148722515149,-0.179926961862472,0.310864741652846,0.0144,394420380,93769646080,10.740977,8.765341,0.9310579,0.000424448217317487,0.0319614711033275,0.0636281588447654,0.0447695035460993,0.148635477582846,,,,2357,,,,,1.2253918016424,Consumer Cyclical,
6358,JP3313200002,,,JP3313200002,0.079959996,0.0294,0.09807,0.07176,-0.105,-0.226313898583453,-0.454214098940863,-0.462174867657161,0.28512319295414,0.0288,531912200,144381247488,15.197864,10.288268,1.735366,-0.0141732283464567,-0.0234009360374415,-0.0110584518167457,-0.0279503105590062,-0.0850337247367786,0.309904153354633,0.0223642172523962,0.120340798722045,3130,,,2.5,Buy,1.47720335434497,Consumer Cyclical,
6157,JP3675320000,,,JP3675320000,0.01208,0.008590001,0.0057099997,0.47027,-0.871,-0.127273981512506,0.225181326836372,0.862632658366793,0.507643022903844,0.009,1280179600,132980531200,38.1702,14.811864,1.9458103,-0.0187683284457478,0.00119688809096349,-0.00119402985074627,-0.0250582750582751,0.0188794153471376,-0.0735206216377765,-0.276748356246264,-0.141263239689181,1673,,,3.3,Hold,2.57700178721598,Consumer Cyclical,
6440,JP3390400004,,,JP3390400004,0.10248999,0.0881,0.13551,0.00026,-0.057,-0.193396940784492,-0.323803900081037,-0.328544553321664,-0.237685577557301,0.0081,3634071000,1045055012864,28.409294,32.932503,3.5708232,-0.00757575757575758,-0.0284301606922126,-0.0211706102117061,-0.0355828220858896,-0.0236024844720497,0.208651399491094,0.132315521628499,0.170483460559796,7860,,,,,0.862652134275977,Consumer Cyclical,
6279,JP3411900008,,,JP3411900008,0.105129994,0.0754,0.12962,0.15721,0.034,-0.246088557711855,-0.332650358966468,-0.245488424618859,-0.263375055395969,0.0269,1285092800,257161969664,14.577202,7.6499357,3.1525397,-0.00402144772117963,-0.0145888594164456,0.00337609723160027,-0.0171957671957672,0.00202292650033715,0.379542395693136,0.211305518169583,0.303835800807537,1486,,,1,Strong Buy,1.90553261774475,Consumer Cyclical,
6464,JP3534410000,,,JP3534410000,0.04513,0.024419999,0.054980002,0.24884,1.375,0.191328782174829,0.173233270794246,0.110837118754056,-0.190416666666667,0.0199,658487520,266041114624,17.241144,20.25765,1.1092042,-0.00316957210776545,0.0104417670682731,0.0231801545343636,0.0277777777777778,-0.00277447483154974,-0.125596184419714,-0.125596184419714,-0.125596184419714,2516,,,,,0.851092994498375,Consumer Cyclical,
6167,JP3817400009,,,JP3817400009,0.022550002,0.00922,0.011729999,0.47254,-0.271,1.19753063324291,0.176364528231847,0.217110384879582,-0.169339130434783,0.0414,281779850,90554507264,8.936536,7.3745914,0.7325664,-0.0124132895217233,0.00371057513914657,0.0207547169811321,0.0188323917137476,0.0607843137254902,,,,2705,,,,,1.21180083278919,Consumer Cyclical,
6151,JP3682300003,,,JP3682300003,0.08653,0.0251,0.05633,2.00077,10.433,1.28391927909633,0.227106722575409,0.190774867306518,0.0938527670063426,0.089,5138732500,250611056640,25,,3.554151,0.0236111111111111,-0.0027063599458728,0.0589080459770115,0.1,0.177316293929712,,,,36850,,,,,,Technology,
6291,JP3688100001,,,JP3688100001,0.05786,0.0385,0.048660003,0.14036,-0.07,0.188728048282434,-0.282220442014985,-0.249424896869692,0.405277808707271,0.0182,118632800,84645937152,9.460749,10.995563,1.071834,-0.013681592039801,-0.00998751560549313,0.0166666666666667,0.0089058524173028,0.0799438132164487,,,,3965,,,,,0.860415151093218,Consumer Defensive,
6317,JP3237200005,,,JP3237200005,,0,0.15917,0.19757,0.213,0.0979549336194691,0.71955030417337,0.377389287401744,0.176083448269391,0.02,196614000,57805975552,13.475743,8.676092,2.5109553,-0.00881057268722467,0.00446428571428571,0.0465116279069767,0.0321100917431193,0.102941176470588,,,,675,,,,,1.55320425371239,Industrials,
6262,JP3836300008,,,JP3836300008,0.052259997,0.04237,0.06745,0.61683,1.183,-0.45474216380182,-0.470304630987165,-0.507419702704417,-0.279290950380647,0.0325,372144800,124865798144,15.948843,12.394036,2.3398306,0.0143540669856459,0.0366748166259169,0.0354090354090354,0.053416149068323,-0.0514541387024609,,,,4240,,,,,1.28681593308265,Technology,
6482,JP3944500002,,,JP3944500002,0.0941,0.07526,0.15743,0.12741,-0.149,-0.464050696232091,-0.414890265672582,-0.418305151166669,-0.333276359882712,0.0264,1136118870,164782227456,12.658409,9.858473,2.6884968,-0.00712678169542386,0.015343306482547,0.056686626746507,0.0703598867771937,0.0592236894757903,0.159803551190026,-0.244427653947866,-0.0423120513789195,2647,,,,,1.28401315294975,Consumer Cyclical,
544A,JP3387040003,,,JP3387040003,0.01417,0.03768,0.03451,1.25907,0.443,0.184598961923396,-0.224816433306579,-0.171792732452279,-0.0691727104734105,0.0307,6516686880,1221729714176,11.862387,11.107958,1.0673041,-0.00271739130434783,0.0249607261302147,0.0231747691235407,0.00136425648021828,0.059927797833935,0.345367847411444,-0.114441416893733,0.0955137942779292,5872,,,2.4,Buy,1.06791788373705,Industrials,
6501,JP3788600009,,,JP3788600009,0.0145000005,0.012510001,0.00709,0.06169,-0.497,1.11621264121264,-0.171824654547355,-0.191800034582797,-0.175324067326505,0.0306,1049085050,412739829760,10.246027,14.654044,0.8499157,-0.0123819517313746,0.00706184463941793,0.0252723311546841,0.0266143106457243,0.0707622298065984,0.0624734381640459,-0.073523161920952,-0.00552486187845304,2353,,,,,0.69919450221386,Healthcare,
6758,JP3435000009,,,JP3435000009,0.07305,0.08465,0.12189,0.10577,0.264,0.475227450862311,-0.208009680303015,-0.112580178842265,0.00873781399265974,0.0151,6172769350,1535408734208,25.064365,25.75074,2.6703973,-0.0172209026128266,-0.0128243364151506,-0.00957510472770796,-0.0235988200589971,-0.0649717514124294,0.329305135951662,-0.0936555891238671,0.141490392749245,1655,,,2.2,Buy,0.973345426189694,Consumer Defensive,
8035,JP3571400005,,,JP3571400005,0.0672,0.08513,0.12911999,0.66233,0.168,-0.153460596276938,-0.319459896028848,-0.266247693697975,-0.248077011525973,0.0102,13811233280,4672319913984,35.46171,21.126093,6.0437107,-0.00989299414496265,0.00698151950718686,-0.0140731805388018,-0.035405192761605,-0.0561970746728253,0.48858075040783,-0.255709624796085,0.253350061174551,4904,,,1.8,Buy,1.67857397958061,Consumer Defensive,
6857,JP3122400009,,,JP3122400009,0.01135,0.086780004,0.04177,0.16293,-0.648,-0.0495784992905434,-0.283295776275495,-0.323742793791574,-0.202518405686723,0.0267,27075000,22894532608,9.861673,,0.9307183,-0.00793650793650794,0.00698174006444683,0.0146103896103896,0.0118726389638424,0.0605203619909502,,,,1875,,,,,,Consumer Defensive,
6861,JP3236200006,,,JP3236200006,0.050100002,0.047620002,0.08916,0.07205,0.317,1.84425649292822,-0.239574520670349,-0.182523174871415,-0.335072045961418,0.0146,1654699200,600600084480,24.510075,24.812786,1.8609502,-0.0335219851980845,-0.0192180251822399,-0.0231023102310231,-0.0451612903225806,-0.0295081967213115,0.306306306306306,-0.00900900900900901,0.145833333333333,4440,,,2,Buy,0.987800201073753,Consumer Defensive,
6981,JP3914400001,,,JP3914400001,0.026659999,0.033800002,0.051030003,0.05919,1.967,0.641593700787401,0.219341099837154,0.0917156808345356,-0.116745827004525,0.0252,1077748800,354527936512,49.749626,25.238155,1.2373344,-0.0119343610144207,0.0101677681748856,0.0263429752066116,0.0348958333333333,0.0740540540540541,0.107196779063915,-0.169602415702063,-0.0270088827377956,3974,,,2,Buy,1.97120692855718,Consumer Defensive,
6503,JP3902400005,,,JP3902400005,0.03832,0.04443,0.06509,0.30977,-0.207,3.66866007973652,-0.162498136943607,-0.121492962201487,-0.172758465858448,0.2184,1028774720,243465764864,18.415653,12.056611,1.2618012,-0.0164413591523566,-0.0162616480906267,-0.0235763511062749,-0.0191291674257606,0.0312200727829918,0.00297176820208024,0.00297176820208024,0.00297176820208024,2692,,,3,Hold,1.52743196243123,Consumer Defensive,
6752,JP3866800000,,,JP3866800000,0.04987,0.13611001,0.15948,0.00006,-0.113,0.308290965975753,0.0416830109214031,0.126151454298115,-0.110985985985986,0.0457,478485000,164530896896,17.667845,18.787575,1.2684888,-0.00190114068441065,0,0,-0.0131578947368421,-0.00190114068441065,0.295238095238095,-0.00952380952380953,0.174603142857143,5250,,,2,Buy,0.940400504056537,Consumer Defensive,
7741,JP3837800006,,,JP3837800006,0.03255,0.04473,0.06524,0.01338,2.934,-0.554506842850401,-0.292952380952381,-0.11990472949983,0.350490196078431,0.0199,25351200,24493678592,13.77403,12.9974165,0.67002916,0.00119426751592357,0.0153411384739604,0.0349794238683128,0.0161616161616162,0.0202839756592292,,,,2515,,,,,1.0597513744366,Consumer Defensive,
6954,JP3802400006,,,JP3802400006,0.04423,0.036930002,0.03602,0.49471,0.225,0.402335028397273,-0.424287042607887,-0.300286777716761,-0.328345946879227,0.0335,2841949500,553864134656,20.243656,9.379111,1.922913,-0.00807899461400359,0.00775193798449612,0.0179640718562874,0.0317460317460317,0.00158622252435985,0.131221719457014,-0.0497737556561086,0.0369532579185521,2210,,,,,2.15837684403138,Consumer Defensive,
6702,JP3818000006,,,JP3818000006,0.01924,0.01933,0.061189998,1.24339,,-0.300794452003687,-0.315053283947471,-0.244475753050241,-0.179213604735469,0.0129,315229880,128092856320,40.486435,32.688824,1.5057862,-0.00688389169343736,-0.00642791551882461,-0.0212573496155586,-0.0114207400639561,0.0169172932330827,-0.0757855822550832,-0.0757855822550832,-0.0757855822550832,2164,,,,,1.23854057888409,Consumer Defensive,
6723,JP3164720009,,,JP3164720009,0.09099,0.13387999,0.16639,0.00574,0.225,0.875812568259764,0.0331291822615403,0.0098688936385871,-0.167414536325812,0.0226,4792259290,925103357952,13.642606,15.3932495,1.7614731,-0.0236638925097764,-0.0296960637767813,-0.0267866066966517,-0.0368941641938675,-0.0605885190545104,0.468624833110814,-0.12293314162473,0.199376912806819,9737,,,2.8,Hold,0.886271998644601,Consumer Defensive,
6701,JP3733000008,,,JP3733000008,0.03425,0.058870003,0.07285,0.34874,0.205,-0.124366070798423,-0.170586593796564,-0.107737480437651,-0.184953142869532,0.0238,3420082085,843542560768,18.832373,14.230118,1.6064876,-0.0160454621427378,-0.0175233644859813,0.00204255319148936,0.00925767186696383,0.0204541514993933,0.596738576524546,-0.116697808731102,0.0976162051978936,2943.5,,,2.5,Buy,1.32341650294116,Consumer Defensive,
285A,JP3236330001,,,JP3236330001,0.07413,0.16726999,0.31737,0.3791,0.446,0.119268390400446,-0.267180508934006,-0.259147094888463,-0.371030229917028,0.0395,23020655460,12225112702976,20.53377,22.868721,2.7823842,-0.00433776749566223,0.0156342182890855,0.0288360974152099,0.0417549167927383,-0.0204836415362731,0.219866395585245,-0.114144641301191,0.0502580598315423,6886,,,1.9,Buy,0.897897613075957,Consumer Defensive,
6762,JP3538800008,,,JP3538800008,0.0323,0.020380002,0.027679998,0.54374,-0.361,-0.400311986863711,-0.549217453697475,-0.430989421281892,-0.124100156494523,0.0442,174159700,47047249920,8.84181,13.557884,0.7903857,-0.0177151120751988,-0.0148658448150834,-0.000735564545788893,-0.00730727073438071,0.00941072707150008,0.324990798675009,0.324990798675009,0.324990798675009,2717,,,,,0.65215265154946,Consumer Defensive,
6971,JP3249600002,,,JP3249600002,0.0416,0.04033,0.07029,0.13068,,-0.339305711086226,-0.530201342281879,-0.355253308991328,-0.175440276669327,0.0151,24800400,25064247296,18.656927,16.301146,0.89270115,-0.00598802395209581,0.0035264483627204,0.0142566191446029,0.00656897422940879,0.0321243523316062,,,,1992,,,,,1.14451628124796,Consumer Defensive,
4062,JP3148800000,,,JP3148800000,0.030350002,-0.00331,0.07769,0.73052,,-0.42802283390826,-0.418079233129678,-0.231550187522684,-0.0331058459549607,0.0057,182812000,48825294848,,-140,1.4715713,-0.00568181818181818,-0.00568181818181818,0.0355029585798817,0.0204081632653061,0.0447761194029851,0.142857142857143,0.142857142857143,0.142857142857143,350,,,,,,Consumer Defensive,
7751,JP3242800005,,,JP3242800005,0.02438,0.0081400005,0.00095,0.96947,,0.495353421571388,0.340117281821318,0.258374882091362,0.872231411468179,0.0204,60260690,25729044480,23.420616,12.25,1.030563,-0.00879507475813545,-0.00353669319186561,0.00177777777777778,-0.000886524822695035,0.0199095022624434,,,,1127,,,,,1.91188702040816,Consumer Defensive,
6920,JP3979200007,,,JP3979200007,0.04323,0.03549,0.066199996,0.16966,0.11,0.323675804175024,-0.115468409586057,-0.134232065479056,0.082514435695538,0.0239,24223610,15196742656,11.324806,14.170561,0.7532412,-0.00246710526315789,-0.000823723228995058,0.0176174496644295,0.019327731092437,0.0927846207512701,,,,1213,,,,,0.799178381152306,Consumer Defensive,
4543,JP3546800008,,,JP3546800008,0.02559,0.42075002,0.54033,0.96997,-0.078,2.80515953835709,-0.32235823835655,0.0739657084364072,0.0888705575032653,0.0659,122457600,38338904064,14.7710495,,0.9474349,-0.00654205607476636,-0.0129990714948932,0.00283018867924528,-0.00561272217025257,-0.0345140781108084,,,,106300,,,0,Strong Buy,,Real Estate,
6504,JP3820000002,,,JP3820000002,0.01809,-0.52906,0.55876,1.08968,,2.3440200114649,-0.330504662268911,-0.114696197392756,-0.204256532066508,0.0564,198135000,49045393408,,47.16981,1.079673,0.00478468899521531,-0.00756143667296786,0.0184287099903007,0.00574712643678161,-0.00527559194983747,,,,105000,,,,,,Real Estate,
7733,JP3201200007,,,JP3201200007,0.050869998,0.077470005,0.14995,2.87487,0.884,-0.286165767103597,-0.205441204686952,0.149809885931559,-0.204759178291346,0.0359,280489500,53947916288,7.9874177,,1.436738,-0.00628930817610063,0.0356882738528769,0.0455882352941176,0.0128205128205128,-0.0878768441308531,0.476793248945148,0.476793248945148,0.476793248945148,1422,,,,,,Real Estate,
7735,JP3494600004,,,JP3494600004,0.01811,0.41147,0.48435003,0.83421,-0.115,1.08240387437628,-0.356957007611698,-0.108340835672298,0.570565702607561,0.0546,283179200,71731503104,19.230768,,0.9160877,-0.014985014985015,-0.0100401606425703,-0.00202429149797571,-0.00804828973843058,-0.068932955618508,0.0953346855983773,0.0953346855983773,0.0953346855983773,98600,,,,,,Real Estate,
6525,JP3293330001,,,JP3293330001,0.087,0.08011,0.21348,1.70032,,-0.259488738639856,-0.528412650184366,-0.436948500753521,0.0139717237139989,0.0085,523943860,37881561088,20.704535,15.236552,2.3033664,0.00901287553648069,0.0221739130434783,0.0594862550698513,0.0164288802421098,-0.0762278978388998,0.318587834963845,0.318587834963845,0.318587834963845,2351,,,,,1.35887272921065,Real Estate,
6963,JP3982800009,,,JP3982800009,,0.45931998,0.56261003,0.98514,-0.003,2.61797041086381,-0.301653028952762,-0.00117737394420269,0.232245754626979,0.0652,216595200,35813470208,14.880952,,0.8861723,-0.0282722513089005,-0.0282722513089005,-0.0148619957537155,-0.0262329485834208,-0.0559511698880977,,,,92800,,,,,,Real Estate,
6479,JP3906000009,,,JP3906000009,0.02784,0.18649,0.17639999,0.06497,0.654,0.499062662039807,-0.448071947763952,-0.39689197725837,-0.40249343832021,0.0192,87562500,98904809472,13.020833,,0.99016833,0.0245901639344262,0.0611205432937182,0.0787021056265102,0.0768435561681599,0.0702054794520548,,,,3125,,,,,,Industrials,
6841,JP3955000009,,,JP3955000009,0.03422,0.1415,0.25898,2.32092,0.149,0.245607920431501,-0.376984722013962,-0.360265448520753,-0.351033858832173,0.0385,3026121000,1321216376832,11.061666,12.773455,1.3946532,-0.0133257726112844,0.00403923831506059,-0.000287273771904625,-0.00684931506849315,0.0101596516690856,0.270114942528736,0.0344827586206897,0.128078850574713,1740,,,2.7,Hold,0.86598856769762,Real Estate,
6976,JP3452000007,,,JP3452000007,0.061290003,0.083859995,0.060060002,0.09746,0.288,-0.242531183449954,-0.353687965585983,-0.283877246480244,-0.0299158844325247,0.0384,42264600,21861347328,9.33716,,0.9384372,-0.00382775119617225,0.0136319376825706,0.0451807228915663,0.0306930693069307,0.075968992248062,,,,2082,,,,,,Basic Materials,
7701,JP3357200009,,,JP3357200009,0.06745,0.0292,0.08347999,0.62252,0.617,-0.229960506306957,-0.244859784716136,-0.201762300860003,0.103480698794993,0.023,259188660,88269709312,11.90452,7.1790953,1.4850217,-0.0142677297524129,0.0177642980935875,0.0682128240109141,0.0706472196900638,0.146412884333821,-0.191145168156662,-0.191145168156662,-0.191145168156662,2349,,,,,1.65822008241066,Healthcare,
6506,JP3932000007,,,JP3932000007,0.03326,0.041810002,0.0956,0.60783,3.468,-0.216252370040363,-0.509305573793976,-0.42133166660539,0.551464557703573,0.0281,326710800,101606375424,18.148624,,0.8995869,0.00595238095238095,0.0368098159509203,0.027355623100304,-0.0245310245310245,-0.0451977401129944,,,,3380,,,,,,Basic Materials,
6856,JP3853000002,,,JP3853000002,0.095649995,0.05066,0.06998,0.14318,-0.423,0.201875107357038,0.0735188135897756,0.449933132359808,0.255248090442808,0.0105,8174115870,673684127744,19.841892,29.583088,3.9090154,-0.0337257397391028,-0.0407454200884397,0.0241106052942168,-0.0228442728442728,0.084449205499018,0.613434310174514,-0.0945011524530787,0.101415870925255,3037,,,2.6,Hold,0.670717404484616,Consumer Defensive,
6448,JP3830000000,,,JP3830000000,,0.076630004,0.13449,0.21778,0.139,-0.532240056541736,-0.404844071218311,-0.464743003967017,-0.182851022272627,0.0195,1152568200,137971384320,17.391048,24.282017,3.8656356,0.00510204081632653,-0.00168918918918919,0.0497335701598579,0.053475935828877,-0.105474340240322,0.692047377326565,0.0152284263959391,0.319796954314721,5910,,,1.7,Buy,0.716211013277851,Healthcare,
6645,JP3197800000,,,JP3197800000,0.18093,0.09701,0.14508,0.17301,0.239,-0.187747719827513,-0.334188135633833,-0.175824530924253,-0.193604934031653,0.0186,3661048000,968611790848,27.395353,32.364056,8.020324,-0.00880503144654088,-0.00126742712294043,0.033307107264621,0.0548862115127175,0.0306042375098091,0.319796954314721,-0.142131979695431,0.0899861421319797,1970,,,3.1,Hold,0.846474650766888,Consumer Cyclical,
7747,JP3110650003,,,JP3110650003,0.04699,0.14039999,0.10113,0.00673,-0.43,-0.0358073680997442,-0.442071917394143,-0.381612362688512,-0.262671854197278,0.0465,306297600,160351518720,13.4411,8.612304,1.3629426,-0.0066006600660066,0.0144927536231884,0.0117647058823529,0.0172355525515377,0.0245064669843431,,,,3010,,,,,1.56068573519931,Industrials,
6869,JP3351100007,,,JP3351100007,0.0255,0.06239,0.13268,0.83507,-0.05,-0.124874724393666,-0.299677379466945,-0.293966502372075,-0.160104765260212,0.021,3357886350,650942087168,23.641521,20.966982,1.5903693,-0.0147765053564832,0.0121442125237192,0.0230149597238205,0.0257692307692308,-0.0854702715083803,0.0498687664041995,-0.250093738282715,-0.0757405324334458,2667,,,3,Hold,1.12755956007403,Consumer Cyclical,
6845,JP3937200008,,,JP3937200008,0.05104,0.04856,0.08866999,0.01753,0.355,-0.0713936848274683,-0.420970029626273,-0.332220046934357,-0.319391038979054,0.0184,314876600,137203015680,19.120403,21.28145,1.2856234,0.00461538461538462,0.00153374233128834,-0.00305343511450382,-0.00457317073170732,0.0574986586980614,0.0107197549770291,0.0107197549770291,0.0107197549770291,3265,,,,,0.898453958729316,Consumer Cyclical,
6806,JP3799000009,,,JP3799000009,0.07574,0.05092,0.07427,0.00282,0.164,0.281973918068829,0.0239731724614967,0.0833228113637272,-0.103526176858777,0.0221,4270241790,994705080320,18.08366,18.211277,1.8526006,-0.0101761252446184,-0.00256359692368369,0.0224378411158278,-0.000395256916996047,0.0324556031843233,0.482799525504152,-0.0431000395413207,0.20007908264136,2529,,,1.8,Buy,0.992992418928118,Healthcare,
6724,JP3414750004,,,JP3414750004,0.084300004,0.075289994,0.109680004,0.01872,0.272,-0.289687877923172,-0.667745415318231,-0.614551697932646,-0.607322836651763,0.0072,162056160,83321462784,34.48446,17.174446,3.6448586,-0.00178507675830061,-0.00886210563629919,-0.00320855614973262,-0.00886210563629919,0.0833010461061604,-0.186337625178827,-0.186337625178827,-0.186337625178827,2796,,,,,2.00789358795038,Consumer Cyclical,
7752,JP3973400009,,,JP3973400009,0.25377,0.21019,0.31862,0.20357,0.052,-0.16071391240203,-0.387721564690232,-0.315713156064518,-0.454211634920858,0.0344,2875032020,1011603275776,21.45891,6.790953,10.391236,0.000861326442721792,0.00562527044569451,0.0430879712746858,0.0501581563488477,0.0117544623421855,0.462994836488812,-0.242685025817556,0.0664169535283993,1162,,,2.9,Hold,3.15992615469434,Consumer Cyclical,
6965,JP3771800004,,,JP3771800004,,0.14458999,0.14643,0.12073,0.23,0.555002054443438,-0.16308022178669,-0.202877196762158,0.169374392049808,0.0182,7230567040,1143656022016,15.408349,20.41246,1.9226876,0.000911023382933495,0.0335528378802132,0.0460171374166931,0.0557335041639974,-0.0884955752212389,0.304611650485437,-0.271844660194175,0.145159071601942,3296,,,2.3,Buy,0.754850174844188,Consumer Cyclical,
7729,JP3580200008,,,JP3580200008,0.0299,0.02954,0.064619996,1.02185,0.951,-0.102618614551591,-0.47953424627969,-0.442848152973128,-0.126274805701855,0.0243,708030240,145427382272,13.004024,13.762004,0.682504,-0.00543150271575136,0.0332288401253919,0.017283950617284,0.0104230533415083,0.0104230533415083,0.516990291262136,0.0922330097087379,0.304611650485437,1648,,,,,0.944922265681655,Basic Materials,
7276,JP3284600008,,,JP3284600008,0.07873,0.12276,0.18843001,0.0037,0.186,0.0280258185344972,-0.574973966053254,-0.446254453403338,-0.373616622574956,0.0258,325682500,109582483456,19.53125,8.373267,2.0873516,0.00154083204930663,0.015625,0.0108864696734059,-0.0284005979073244,-0.123989218328841,0.969230769230769,0.969230769230769,0.969230769230769,3250,,,,,2.33257222061592,Consumer Cyclical,
7731,JP3657400002,,,JP3657400002,0.037720002,0.04617,0.07981,0.3652,,0.174244477897169,-0.216631810059537,-0.211235829886433,-0.151645061806385,0.0148,1876771945,380497231872,15.847866,22.292906,1.1961259,0.0272037115141291,0.0800443458980044,0.0897091722595078,0.0550140784058913,-0.0236520344758469,0.519195237117635,0.149661260521454,0.334428248819544,2435.5,,,,,0.710892783560833,Industrials,
6754,JP3128800004,,,JP3128800004,0.0312,0.07892,0.07581,0.05396,-0.225,0.159898710865562,-0.311150363616111,-0.157355568790947,-0.309523809523809,0.0058,313677200,177849171968,14.471817,,1.3214911,0.0125223613595707,0.0491195551436515,0.0659133709981168,0.0281562216167121,0.113077679449361,,,,11320,,,,,,Industrials,
6674,JP3385820000,,,JP3385820000,0.0585,0.0223,0.024600001,0.21659,-0.167,0.502675539395603,1.50526952837937,1.08785313239779,-0.0168580873308734,0.0294,1511317540,319713968128,10.319783,12.506694,1.9003296,-0.0118984664198837,0.00673491379310345,0.00863697705802969,0.00511027434104357,0.000535475234270415,-0.0634198554990634,-0.0634198554990634,-0.0634198554990634,3737,,,,,0.825140760619873,Technology,
8050,JP3414700009,,,JP3414700009,0.06099,0.35814,0.23341998,0.26786,0.842,0.131364759961144,-0.321419194279728,-0.251726942445429,0.0632966793941371,0.0091,14757265600,560638853120,13.422818,10.391012,3.1631432,0.0709318497913769,0.0679611650485437,0.0864197530864198,0.00489396411092985,0.0555174777244688,0.948051948051948,0.0714285714285714,0.57323237012987,3080,,,1.8,Buy,1.29177196600293,Consumer Cyclical,
6728,JP3126190002,,,JP3126190002,0.02996,0.01018,0.030079998,0.33826,-0.189,-0.0737865312551978,-0.474842885919712,-0.390345312326381,-0.337887755045967,0.0385,1176399000,399572402176,17.182697,8.069637,0.81208473,-0.0141062376019396,0.0056205035971223,-0.0031201248049922,0.00970654627539503,0.0172845121673869,0.251956181533646,-0.105745584618824,0.0356583948133244,2236.5,,,3.5,Hold,2.12930234656156,Consumer Cyclical,
6871,JP3750400008,,,JP3750400008,0.047519997,0.025339998,0.04196,0.33573,1.145,0.534166001292727,-0.120259317135966,-0.0189880925224691,-0.173223407694795,0.0196,3439357040,729965789184,26.316467,14.961206,2.5456243,0.0388818297331639,0.0679205851619645,0.0869449614464238,0.15122500704027,0.103373819163293,,,,4088,,,,,1.75898032551654,Technology,
6951,JP3735000006,,,JP3735000006,0.03337,0.01763,0.030150002,1.30094,-0.387,-0.253684943988851,-0.45422114341406,-0.345528963674606,-0.185598130225821,0.0382,76286400,34586652672,10.570922,10.379428,1.0359938,0.00144927536231884,0.00582241630276565,0.022189349112426,0.0206794682422452,0.0647149460708783,0.186685962373372,0.186685962373372,0.186685962373372,3455,,,1,Strong Buy,1.01844937890604,Consumer Defensive,
6508,JP3919800007,,,JP3919800007,0.06091,0.03418,0.05485,0.00881,0.063,-0.0880015405083678,-0.475919660211648,-0.41819791897277,-0.444703526082722,0.0291,199947000,213187477504,12.547051,,1.3814635,-0.0149253731343284,-0.0134529147982063,-0.00302114803625378,-0.0119760479041916,0.0107197549770291,,,,3300,,,,,,Healthcare,
6787,JP3915350007,,,JP3915350007,0.17712,0.14563,0.23301001,0.17117,0.105,-0.157822747518676,-0.378318958227634,-0.280457878198414,-0.022217519106408,0.0536,89616440,56099799040,11.454743,10.575415,2.894128,-0.00573770491803279,0.00165152766308836,0.0120984564038381,0.00873180873180873,-0.0146222583265638,,,,2426,,,,,1.08314832089332,Utilities,
3105,JP3678000005,,,JP3678000005,0.0075499997,0.011390001,0.0040599997,0.04809,-0.482,-0.217141599735945,-0.38872223737236,-0.23992745601432,0.0223837121555132,0.0429,94688640,77744537600,10.717804,,0.68523777,-0.0109090909090909,0.0124069478908189,0.0388287714831318,0.0290037831021438,0.0375079465988557,,,,1632,,,,,,Healthcare,
7762,JP3352400000,,,JP3352400000,0.083780006,0.07113,0.07633,0.01974,0.893,0.892769547728834,0.735363499892773,0.62662903908565,0.283700658520803,0.0153,322255500,68918452224,13.587182,,1.9552443,-0.00457317073170732,0.0847176079734219,0.0971102150537634,0.0757825370675453,0.0775577557755776,,,,3265,,,,,,Industrials,
6770,JP3126400005,,,JP3126400005,0.00987,0.00312,-0.0019,0.88647,,-0.679305316187193,-0.607514024876295,-0.463456721402728,-0.560024007030631,0.0253,15348960,17611909120,18.692472,,0.8492824,0.00763358778625954,0.0193050193050193,0.0421052631578947,0.0206185567010309,0.0127877237851662,,,,792,,,,,,Healthcare,
6526,JP3433500000,,,JP3433500000,0.04443,0.01854,0.05037,1.308,14.604,0.271193198809507,-0.0915317683133227,-0.033338504980296,0.202302670117477,0.0255,619981400,165613420544,21.551409,18.921871,1.6911063,0.0333333333333333,0.130518234165067,0.105065666041276,0.16403162055336,0.335600907029479,,,,5890,,,,,1.1389681813178,Technology,
6592,JP3870000001,,,JP3870000001,0.05644,0.045739997,0.075440004,0.45948,0.233,2.21771424195838,1.35817891917832,1.27762490638708,0.514381604607919,0.0274,711156510,165828182016,16.80601,19.026062,1.7308574,-0.0121082621082621,0.0183553597650514,0.0491679273827534,0.0452147701582517,0.245062836624776,0.0454217736121125,0.0454217736121125,0.0454217736121125,1387,,,,,0.883315212575256,Industrials,
6507,JP3375400003,,,JP3375400003,0.056350004,0.03855,0.05609,0.02532,0.565,0.190694521542337,-0.137974037963987,-0.103698950836729,1.23496915162551,0.0251,374106790,68213501952,15.575384,5.644049,1.2263486,-0.00502933780385583,0.0321739130434783,0.0384951881014873,0.0330722367275892,0.168307086614173,,,,1187,,,,,2.75961176098932,Industrials,
6923,JP3399400005,,,JP3399400005,0.063200004,0.025969999,0.04634,0.31554,0.684,0.0270668485675307,0.281237850866962,0.628409947249435,1.1291331702202,0.0111,116167800,20411054080,22.37041,14.899268,2.386978,-0.0139393939393939,0.0343293070565798,0.0633986928104575,0.016875,0.130646282140375,,,,1627,,,,,1.50144356085145,Consumer Defensive,
6925,JP3156400008,,,JP3156400008,0.03773,0,0.02489,,-0.138,-0.202702702702703,-0.371851851851852,-0.11345962113659,0.11866902237927,0.0432,19616930,35006017536,16.528175,,1.576699,0,0.00712025316455696,0.0224899598393574,0.0184,0.0200320512820513,,,,1273,,,,,,Healthcare,
6952,JP3209000003,,,JP3209000003,0.06883,0.023729999,0.03838,1.37051,0.604,-0.186227778096426,-0.0494010852059006,-0.03364588643502,-0.390607532676763,0.0155,1665547950,228042440704,13.105965,15.31617,2.6894023,-0.00308430431802605,-0.0155668358714044,-0.00205831903945112,-0.0138983050847458,-0.156811594202899,1.16569267789618,0.0312822275696116,0.497078033688553,2909,,,,,0.855694667792274,Consumer Cyclical,
6590,JP3355000005,,,JP3355000005,0.04414,0.03974,0.065570004,0.70461,0.324,-0.257844649617094,-0.460889461899688,-0.463127926560011,-0.378174104691484,0.0083,2998136820,741850021888,38.912083,62.347095,3.8086567,-0.0045773573390296,-0.0139056831922612,-0.0118146016358679,-0.0317601662214307,0.0512407347728005,0.226241569589209,-0.386879215205396,-0.0374003678724709,3262,,,3,Hold,0.624120225649647,Consumer Cyclical,
8086,JP3673600007,,,JP3673600007,0.04188,0.08349,0.10744,0.10852,0.337,0.243408728231458,-0.505789489302353,-0.393591880850752,-0.442023910486143,0.0323,132761850,129158840320,13.298016,,0.9539268,-0.00501756146512795,0.00813421453990849,-0.00701051577366049,-0.00301659125188537,0.00506842372022301,,,,1983,,,,,,Consumer Cyclical,
4902,JP3300600008,,,JP3300600008,0.0054,-0.0051200003,-0.0029499999,0.2828,,-0.333395566770958,-0.353099036224659,-0.346411908039076,0.635520104623483,0.019,314937680,174172094464,,56.82432,0.8465176,-0.00825471698113208,-0.0175233644859813,-0.00237247924080664,-0.00237247924080664,0.0625663576505397,0.0107015457788347,0.0107015457788347,0.0107015457788347,841,,,,,,Consumer Cyclical,
6703,JP3194000000,,,JP3194000000,0.02517,0.45327,0.50244,1.11011,0.097,3.5883766391355,-0.0361399828358921,0.167449392712551,-0.00453735932399741,0.0419,984127500,288237715456,45.045048,6.0410047,1.8855333,-0.0112262521588946,-0.0188517566409597,-0.0137812230835487,-0.023037542662116,-0.0161155387552868,0.337117903930131,0.0305676855895197,0.197707423580786,114500,,,3.3,Hold,7.45654907369961,Real Estate,
6622,JP3497800007,,,JP3497800007,0.028889999,0.08158,0.13367,2.11464,-0.361,0.638479475888809,-0.0978636135619227,-0.0352924943622558,0.00482508621457763,0.0484,3368419600,777330425856,9.41639,2.052647,0.97213393,-0.0151515151515152,0.00408254690154146,0.00886917960088692,-0.00741708975077378,0.00931679751721759,0.351648351648352,-0.010989010989011,0.192407692307692,910,,,2.3,Buy,4.58743758668685,Real Estate,
6849,JP3706800004,,,JP3706800004,0.02071,0.52557,0.6012,0.9443,-0.037,5.90211221066188,0.312198483804273,0.419156441717791,-0.125494879077373,0.0511,861715200,227975462912,19.15709,24.991812,1.1293403,-0.0138211382113821,-0.0225624496373892,-0.0296,-0.0365369340746624,-0.0441292356185973,0.236603462489695,0.0717230008244023,0.175597691673537,121300,,,3,Hold,0.766534655430347,Real Estate,
268A,JP3969750003,,,JP3969750003,0.07058,0.07096,0.15626,0.96606,1.08,0.679666467027568,0.0790405484923228,0.0141615886625874,0.402027527641628,0.0587,362980900,54859239424,11.300021,,1.6095308,-0.00999091734786558,0.00646352723915051,0.0205992509363296,0.010194624652456,0.013953488372093,,,,1090,,,,,,Real Estate,
6814,JP3828400006,,,JP3828400006,0.024719998,0.44316003,0.51988,1.18829,0.248,0.236677020111056,-0.24367197770292,-0.0215076717811874,-0.241038593028774,0.059,1008513000,339319455744,16.233767,20.572315,1.3703787,-0.00959409594095941,-0.0168498168498169,-0.0117820324005891,-0.0139603232916973,-0.0303468208092486,0.289120715350224,0.102831594634873,0.184798807749627,134200,,,2,Buy,0.789107448529735,Real Estate,
6632,JP3386410009,,,JP3386410009,0.02575,0.44561002,0.49659002,0.9961,0.266,2.99981400071336,-0.108838796060234,0.032446609576233,-0.180291934399006,0.0466,1414111500,397896122368,22.321428,12.47909,1.616347,-0.0203651685393258,-0.0210526315789474,-0.0244755244755245,-0.0305767894371091,-0.043865661411926,0.376344086021505,0.139784946236559,0.271889462365591,139500,,,2.7,Hold,1.78870638804592,Real Estate,
6376,JP3668000007,,,JP3668000007,0.020380002,0.46251,0.54929,0.98467,0.223,0.00235646603010048,-0.116384227857885,0.0717608312324215,-0.0534029982594703,0.0499,739180000,308921335808,19.493177,7.427044,1.148966,-0.00914634146341463,-0.00763358778625954,-0.00459418070444104,-0.0144048521607278,-0.0793201133144476,0.307692307692308,0.130769230769231,0.216666692307692,130000,,,,,2.62462118172452,Real Estate,
6707,JP3329600005,,,JP3329600005,0.02118,0.60415,0.51084,0.88241,0,1.76403275684343,-0.474032578363498,-0.316137360904243,-0.062737277761235,0.053,1952004600,636179120128,20.53388,26.483347,1.4155934,-0.00970873786407767,-0.00599700149925038,0.000754716981132075,-0.0045045045045045,-0.0323349764771333,0.319758672699849,0.085972850678733,0.21078431372549,132600,,,1.8,Buy,0.77535063827091,Real Estate,
6941,JP3934200001,,,JP3934200001,0.021659998,0.40478,0.49363,1.15698,0.09,-0.0100100221212616,-0.300818620959458,-0.229851326653618,-0.374007466496561,0.0441,647521800,234944806912,50,8.393013,1.3898302,-0.0062047569803516,-0.0143589743589744,-0.0102986611740474,-0.0203873598369011,-0.0283114256825076,0.269510926118626,0.196670135275754,0.238293444328824,96100,,,3,Hold,5.95733617951027,Real Estate,
6996,JP3661800007,,,JP3661800007,0.022880001,0.43245998,0.47377998,0.72955,-0.058,1.60056069718075,-0.43549789654281,-0.121655451657407,-0.00492128132378331,0.046,1374692800,711396294656,24.038462,9.652916,1.4325062,0.00236406619385343,0.004739336492891,0.00952380952380953,0.00593119810201661,-0.0396375990939977,0.273584905660377,-0.0212264150943396,0.163207547169811,84800,,,2.1,Buy,2.4902798283959,Real Estate,
6753,JP3359600008,,,JP3359600008,0.02239,0.42242,0.52091,0.71792,0.431,0.550056120067145,-0.287004286416494,-0.0478210116731517,-0.0414223541048467,0.0567,409035300,138432577536,19.455252,21.431162,0.9460776,0.00127118644067797,-0.00126796280642435,0.0154705629565965,0.0038232795242141,-0.00253271422541157,0.28650021159543,0.100296233601354,0.169064748201439,236300,,,,,0.907802012788667,Real Estate,
7730,JP3869920003,,,JP3869920003,0.07067,0.07839,0.10939,1.3642,0.04,0.470969254164809,-0.242317340392833,-0.181401527731651,0.34311271998725,0.027,2041358220,833265205248,7.739941,9.918815,1.4240557,-0.026184058529072,-0.00157915515199368,0.0231962238705327,0.00251057082452431,-0.1,0.687096349018057,0.146698299723211,0.379552787663108,7587,,,2,Buy,0.780329202631564,Real Estate,
6516,JP3340800006,,,JP3340800006,0.031630002,0.07361,0.16304001,2.06122,-0.163,0.236309431463784,-0.418713027471935,-0.357903796301929,-0.186962802699424,0.0391,3028070400,912936075264,9.452075,11.77878,1.002434,-0.019532746074301,-0.00233826968043648,-0.00427849085958771,-0.0180283851169927,-0.00813638124757846,0.3828125,-0.140625,0.18892046875,1280,,,2.3,Buy,0.802466384464266,Real Estate,
7780,JP3921270009,,,JP3921270009,0.02412,0.43889,0.50192,1.06018,-0.098,0.345635802840033,-0.246798979007137,0.0706504570645504,-0.0161837408230618,0.0644,267953000,73804185600,12.836971,,0.9897478,0.00264550264550265,0.0120160213618158,0.0298913043478261,0.0243243243243243,0.0134464658686723,0.0949868073878628,0.0949868073878628,0.0949868073878628,75800,,,,,,Real Estate,
7740,JP3471800007,,,JP3471800007,0.03383,0.04508,0.06765,0.82629,0.892,1.16198845832627,-0.294382154273258,-0.220087056930385,-0.0787271530596811,0.0415,1077389690,613314658304,9.690023,10.801012,0.5994634,-0.0314204669430504,-0.0157427937915743,-0.00157444894287,-0.0117987533392698,-0.00359147025813693,0.220995719756702,-0.00878576255913494,0.121874296012615,2219.5,,,3.4,Hold,0.897140286484267,Consumer Cyclical,
6914,JP3197700002,,,JP3197700002,,0,0.33574,0.77554,,4.55097237240061,0.40166677898331,0.529690854443967,0.0342123643881057,0.0575,1049326500,234436444160,16.920473,17.119291,0.96761626,-0.00888888888888889,-0.019349164467898,-0.0227870289219982,-0.0354671280276817,-0.0731504571903574,0.312107623318386,0.201793721973094,0.237309417040359,111500,,,2.6,Hold,0.988386318101608,Real Estate,
6866,JP3783200003,,,JP3783200003,,0.47472,0.55394,0.9759,0.022,0.342835045851287,-0.0934367454452331,0.225414872608372,0.140529429162969,0.0547,511078400,211968000000,17.54386,21.59916,1.0797629,-0.000678886625933469,-0.0040595399188092,-0.00203389830508475,-0.00540540540540541,-0.0176265788069786,0.263586956521739,0.120923913043478,0.20414402173913,147200,,,,,0.812247328136835,Real Estate,
6744,JP3759800000,,,JP3759800000,0.02963,0.53744,0.59453,1.00916,-0.199,0.248249878990601,-0.368143782941336,5.36751704975947E-05,-0.136754147235404,0.057,366297300,147707625472,11.210762,4.73286,1.0553001,-0.00247218788627936,-0.0037037037037037,0.00749063670411985,0,-0.0158536585365854,0.27633209417596,0.115241635687732,0.177199504337051,80700,,,3,Hold,2.36870771584201,Real Estate,
6875,JP3920860008,,,JP3920860008,0.03945,0.12053,0.0014599999,0.00046,,-0.0770849214819332,-0.357032457496136,-0.321324863883848,0.170295472418829,0.0208,122727300,80208044032,17.007174,,1.0818018,-0.00476947535771065,0.0228758169934641,0.0364238410596027,0.0212071778140294,-0.0398773006134969,0.150159744408946,0.150159744408946,0.150159744408946,3130,,,1,Strong Buy,,Industrials,
6804,JP3845800006,,,JP3845800006,0.026129998,0.51674,0.60523,0.97944,0.206,2.41310192578422,-0.359646291242382,-0.0556140618939599,-0.100904161646927,0.0753,1083074600,303860285440,13.10616,19.96104,1.0478158,-0.0139664804469274,-0.0180806675938804,-0.00842696629213483,-0.0208044382801664,-0.0485175202156334,0.31728045325779,0.0198300283286119,0.201133144475921,70600,,,,,0.656587031537435,Real Estate,
6807,JP3705600009,,,JP3705600009,0.0052300002,-0.082609996,-0.01302,2.00062,,-0.117979839992386,0.330965713461564,0.395552468650556,0.614946352708487,,783926550,28811251712,,,0.846617,-0.0198019801980198,-0.0198019801980198,-0.0294117647058824,-0.0198019801980198,-0.0198019801980198,,,,99,,,,,,Basic Materials,
7744,JP3759500006,,,JP3759500006,0.04088,0.0184,0.015700001,0.17914,0.056,0.171901833334413,-0.242331467619754,-0.113203366058906,-0.0643868866954031,0.0264,582762840,224251166720,17.064621,13.33243,1.5346164,-0.0122539172358377,0.00655066530194473,0.0144419228388694,0.031682752832564,0.00285539465633286,0.492780150498271,-0.0929428513321131,0.138905836892414,2458.5,,,2.7,Hold,1.27993329048043,Healthcare,
7721,JP3624000000,,,JP3624000000,0.02795,0.03562,0.0519,1.04359,0.382,0.198793454721312,-0.300606662593449,-0.238732390818033,-0.0711161906461269,0.0297,14299862800,4579458547712,17.00623,17.51344,1.2658354,-0.0167924069116573,-0.00980392156862745,0.00597609561752988,-0.00419028839043628,-0.000458339101834154,0.485148514851485,-0.0693069306930693,0.124381188118812,2020,,,2.5,Buy,0.971038813619711,Consumer Defensive,
6651,JP3682400001,,,JP3682400001,,0,0.07806,1.33997,0.062,-0.370871124798619,-0.52320300648676,-0.529537749256141,0.00634581004421325,0.0066,728284610,343211769856,68.49685,20.026316,7.049952,-0.00522875816993464,-0.00911458333333333,0,-0.0231065468549422,0.0125628465141315,,,,761,,,,,3.42034201397801,Consumer Cyclical,
7734,JP3971000009,,,JP3971000009,0.03783,0.03395,0.0021799998,,-0.776,-0.16952264381885,-0.212029842668831,-0.197633136094675,-0.15016204913748,0.0451,59960130,26802790400,9.532987,10.980899,0.70062935,-0.00561009817671809,0.0133396855645546,0.0325242718446602,0.0325242718446602,0.0255544840887175,,,,2127,,,,,0.868142672107266,Technology,
6997,JP3701200002,,,JP3701200002,,0.02481,0.038039997,0.22553,-0.347,1.30813591022444,-0.177126169354661,-0.115392757488786,-0.323258567513631,0.0222,3529794345,979358318592,14.992717,3.46067,1.1177243,-0.0263513513513514,-0.0507246376811594,-0.0371937639198218,-0.0750962772785623,-0.0860055627327054,0.387925052047189,0.0964607911172797,0.234739301411057,2161.5,,,2.4,Buy,4.33231628557476,Healthcare,
6727,JP3993400005,,,JP3993400005,,0,0.07591,1.72517,-0.321,-0.179230595950242,-0.0731156240968919,-0.0562815711548511,-0.0476373140409632,0.0027,1524556520,391381581824,208.38014,41.076042,4.094248,0.0255760368663594,0.0262854507724233,0.0455719990603712,0.0490219184539241,0.0630523047528063,0.0334756234554033,-0.258593574477645,-0.0938365985171872,4451,,,,,5.07303357027437,Consumer Cyclical,
6966,JP3892400007,,,JP3892400007,0.04227,-0.04948,0.27015,0.77463,,0.490765791727976,-0.325375469263394,-0.279637193019679,-0.165841800249551,0.0296,1081949400,326413713408,,4.7074537,0.78626764,-0.0261870503597122,0.00924545183417835,0.0257653834495302,0.0282588878760255,0.00564635958395245,0.099290780141844,-0.261229314420804,-0.0650118203309693,1692,,,,,,Industrials,
6745,JP3837400005,,,JP3837400005,0.02977,0.03509,0.06971,0.4626,0.925,0.147803316953001,-0.237290648715669,-0.251004081555667,0.159092002442545,0.0184,4881140160,1817914376192,23.582767,18.445166,1.0004264,-0.0196386488609584,0.0175295556461476,0.00889248181083266,0.0212765957446809,-0.039630627164294,0.362179487179487,-0.22275641025641,0.125437019230769,1248,,,2,Buy,1.27853373615613,Consumer Cyclical,
6652,JP3138800002,,,JP3138800002,0.029460002,0.00912,0.060700003,0.41476,2.377,1.40942885597394,-0.404957987578936,-0.380148654640499,-0.0546487178647692,0.0306,2730552030,531186384896,64.93555,9.364211,0.7028878,-0.0310524869469635,-0.0089938167509837,-0.00198131899235777,-0.0126015121814618,-0.0649695041103156,0.588201928530913,-0.21724333522405,-0.00737379466817924,1763,,,3.1,Hold,6.93443900399083,Basic Materials,
6750,JP3168200008,,,JP3168200008,0.038429998,0.06098,0.098409995,0.56856,1.736,0.168541084548003,-0.174533058996798,-0.191307961187579,-0.147509799154108,0.0275,6902144000,2133725020160,13.679891,15.958508,1.0175223,-0.00744416873449132,0.0204081632653061,0.0309278350515464,0.021059349074665,-0.0396158463385354,0.5625,-0.125,0.227083375,1600,,,1.6,Buy,0.857216163315518,Industrials,
6855,JP3735300000,,,JP3735300000,0.027509999,0.051960003,0.029930001,0.00614,-0.533,0.958119824436228,-0.34927915631829,-0.318576748034754,-0.0692300074976304,0.0478,104240640,41012449280,12.7386465,,0.9961855,-0.00947567909033481,0.00127713920817369,0.0116129032258065,0.00319897632757518,-0.0101010101010101,,,,1568,,,,,,Industrials,
6737,JP3651080008,,,JP3651080008,0.10014,0.16827999,0.22908,0.16579,0.014,0.197008589199329,-0.43172512017091,-0.353080671004872,-0.309290056846233,0.0336,582097590,169664184320,16.863697,20.947138,2.5401502,0.0134991119005329,0.0292207792207792,0.0367005813953488,0.0277377521613833,-0.0676470588235294,0.43708377146863,0.402032947774273,0.419558359621451,2853,,,,,0.805059717465937,Industrials,
6999,JP3283400004,,,JP3283400004,-0.011519999,-0.06612,-0.02728,0.57301,,-0.296020586209329,-0.419206135712452,-0.392518296194148,-0.404089367140995,0.0066,31811925760,1058989473792,,61.50721,1.8639065,0.0559721011333915,0.0439579382865023,0.023318688746198,-0.0301089045483664,-0.145598194130926,0.816380449141347,-0.52443857331572,0.283437912813738,3028,,,2.7,Hold,,Technology,
6741,JP3716000009,,,JP3716000009,0.04778,0.12163,0.19145,0.07188,0.063,-0.240705260499128,-0.163764860359288,-0.208259938109974,-0.160648995392271,0.0095,1172006000,154259177472,16,16.185293,1.7168907,0.0157618213660245,0.0881801125703565,0.0964083175803403,0.045045045045045,-0.150805270863836,,,,5800,,,,,0.988551767335939,Technology,
7745,JP3160130005,,,JP3160130005,,0.39203998,0.48698002,1.01045,0.03,0.49029619755541,-0.222881169788823,0.142707240293809,-0.0322407089248576,0.0591,112924000,48750923776,16.611296,36.183292,1.1324257,0.00465477114041893,0.00856697819314642,0.0140955364134691,0.0196850393700787,-0.00613967766692249,0.0888030888030888,0.0888030888030888,0.0888030888030888,129500,,,,,0.459087470537507,Real Estate,
6588,JP3594000006,,,JP3594000006,0.01939,0.39173,0.50434,1.20923,-0.001,-0.190180382731842,-0.497430181435383,-0.392408794988331,6.10729388698522,0.0689,370848000,34511998976,16.638935,,0.8961353,-0.0062111801242236,-0.0062111801242236,0.00734522560335782,0.00418410041841004,-0.0706679574056147,,,,96000,,,0,Strong Buy,,Real Estate,
7965,JP3437400009,,,JP3437400009,0.01002,0.029260002,-0.00693,2.32781,,-0.650692679486991,-0.523018898246777,-0.244202021472248,-0.107383441650184,0.0498,81814720,18431023104,12.690774,8.815664,0.96918553,-0.00323974082073434,0.00764192139737991,0.013172338090011,0.00544662309368192,-0.00216216216216216,,,,923,,,,,1.4395709727594,Real Estate,
6617,JP3591600006,,,JP3591600006,0.02308,0.3957,0.44407,1.08417,-0.134,5.4706130221628,0.731997957382498,0.739270660846003,0.554392972371331,0.0626,347342100,73078620160,10000,,0.904389,-0.00810185185185185,-0.0115340253748558,-0.0149425287356322,-0.0261363636363636,-0.0359955005624297,,,,85700,,,0,Strong Buy,,Real Estate,
6947,JP3412000006,,,JP3412000006,0.01818,0.347,0.38504001,0.87031,-0.163,1.12529365700861,-0.341423488047992,-0.0109360734680726,-0.00895697540858836,0.0487,1304711100,653743423488,22.172949,23.576725,1.0894929,-0.0147058823529412,-0.0188284518828452,-0.0126315789473684,-0.0201949860724234,-0.0378616526516876,0.350390902629709,0.151385927505331,0.292679459843639,140700,,,1.8,Buy,0.940459245293823,Real Estate,
6810,JP3791800000,,,JP3791800000,0.02708,0.44055,0.54765,0.92614,-0.592,1.39664979933694,-0.486956989440092,-0.207693892457813,-0.14927117847106,0.0556,105700800,35467059200,13.717422,,0.8639545,-0.0260791366906475,-0.021680216802168,-0.0225631768953069,-0.021680216802168,-0.0118613138686131,,,,108300,,,,,,Real Estate,
6859,JP3469800001,,,JP3469800001,,0.48266,0.55444,0.83958,-0.012,4.98944732484595,-0.157575198768733,-0.036093493591165,0.17051359954789,0.0559,1003135800,241242210304,19.569471,20.559504,1.1843116,-0.0259467040673212,-0.0238931834153197,-0.0211416490486258,-0.0327298050139276,-0.042518713462071,0.331893448524118,0.259899208063355,0.303095752339813,138900,,,,,0.951845482264553,Real Estate,
6961,JP3169800004,,,JP3169800004,0.01222,0.47403,0.083450004,0.96061,,2.14395837786459,1.64851142795072,1.30958845124072,0.0504490312376433,0.0644,720435500,146441502720,15.698587,17.671854,1.0129132,-0.00909090909090909,0.0130111524163569,0.0400763358778626,0.0321969696969697,0.0263653483992467,0.192660550458716,0.192660550458716,0.192660550458716,54500,,,,,0.888338427875196,Real Estate,
6800,JP3954200006,,,JP3954200006,0.021949999,0.33244,0.46307,1.11096,-0.017,0.633583521929699,0.0574886611877122,0.256143268308283,0.10329213058103,0.0725,156195000,27445665792,15.797789,34.83387,0.91455066,-0.00408580183861083,-0.0081383519837233,0.00102669404517454,-0.00306748466257669,-0.0394088669950739,,,,97500,,,0,Strong Buy,0.453518055846221,Real Estate,
6768,JP3471000004,,,JP3471000004,,0.34297,0.49305,0.65094,,0.704687643125401,-0.279115916624449,-0.0997901171473794,-0.0610182142126235,0.0515,729091600,327765360640,28.248589,27.61382,1.0147641,-0.0029382957884427,-0.00779727095516569,-0.00196078431372549,-0.00876338851022395,-0.0387157695939566,0.306483300589391,0.18860510805501,0.239685658153242,101800,,,3.2,Hold,1.02298736647085,Real Estate,
6740,JP3389660006,,,JP3389660006,,0.39703,0.55459,0.93964,0.027,-0.217187038895119,-0.400981956847504,-0.0507993990060486,-0.119275251158034,0.0297,95533200,28921337856,13.5685215,39.964157,0.8232942,-0.00888888888888889,-0.00149253731343284,0.0245022970903522,0.0182648401826484,0.0229357798165138,,,,66900,,,,,0.339517270438108,Real Estate,
6779,JP3737800007,,,JP3737800007,0.04583,0.03664,0.0114400005,3.40332,,0.611997507599932,0.863410447037976,0.734323844586155,0.274234731098077,0.031,219126600,42629623808,22.026106,10.040568,3.0391092,-0.0132890365448505,0.00405679513184584,0.0399159663865546,0.0421052631578947,-0.0249507550886408,,,,1485,,,,,2.19371115259615,Real Estate,
6517,JP3551600004,,,JP3551600004,,0.41222998,0.50265,1.06939,0,0.179078670821431,-0.192326464853283,0.147046804912989,0.627775772961999,0.0636,302327500,79158763520,15.673982,21.380732,0.9005525,-0.00717703349282297,-0.00598802395209581,0.00241545893719807,0.00484261501210654,0.0184049079754601,,,,41500,,,,,0.733089119680281,Real Estate,
6644,JP3187600006,,,JP3187600006,0.05545,0.083409995,0.30651,0.69232,0.121,,,,,0.000235,286795200,188578775040,28.40891,33.24656,4.087145,-0.00334448160535117,0,0,-0.00111731843575419,-0.0044543429844098,,,,8940,,,,,0.854491712826831,Real Estate,
6877,JP3197650009,,,JP3197650009,0.01873,0.47344002,0.52959,0.78408,-0.181,0.562808910045395,-0.219477078438234,0.137408904305763,0.288603905675657,0.0529,453150000,167063732224,21.881838,8.023107,1.0706376,-0.00706090026478376,-0.00793650793650794,0.00626118067978533,0.000889679715302491,-0.0398976530898194,0.288888888888889,0.173333333333333,0.226666666666667,112500,,,3,Hold,2.72735213427915,Real Estate,
6794,JP3802800007,,,JP3802800007,0.06745,0.15418,0.17653999,2.07809,-0.432,-0.339677136520708,-0.496751412429379,-0.418572166209202,-0.40366787585651,0.038,210566670,43579387904,5.4704084,5.234613,1.2025214,-0.0054033191817831,0.0141676505312869,0.0441653160453809,0.0242448330683625,-0.066304347826087,,,,2577,,,,,1.04504543124774,Real Estate,
6929,JP3725200004,,,JP3725200004,0.01095,0.4559,0.55674,0.85675,0.018,0.395809229156413,-0.340427972645047,-0.187394495917301,0.316309883252818,0.0557,313404000,83727597568,18.867924,38.54843,1.1155846,-0.00582665695557174,0,0.00589535740604274,0.00589535740604274,-0.00146305779078274,0.318681318681319,0.17948717948718,0.249084249084249,136500,,,,,0.489460245203242,Real Estate,
7717,JP3829900004,,,JP3829900004,,0.4168,0.43414003,0.75357,-0.131,-0.355421265404899,-0.321020228671944,-0.0499642351652031,0.282376488966999,0.0636,111826400,26238214144,14.064698,,1.0072647,-0.0037914691943128,-0.00189933523266857,0.0184108527131783,0.0223735408560311,0.058821881206494,,,,105100,,,,,,Real Estate,
7979,JP3363600002,,,JP3363600002,,0.47396,0.59713,1.06088,-0.035,0.906628026907439,-0.295526638190788,-0.109467549119921,0.842193280115707,0.0688,585667000,80957718528,27.247955,,0.8046829,0.00376884422110553,0.00756620428751576,0.0191326530612245,0.0191326530612245,0.0208059887710543,,,,79900,,,,,,Real Estate,
7715,JP3648350001,,,JP3648350001,0.23334,0.13439,0.17167,0.01177,0.166,-0.38860103626943,-0.556790435295108,-0.473937512128857,-0.386231007126529,0.0257,183848000,60443160576,28.985506,27.450981,9.57482,0.00102145045965271,0.0261780104712042,0.0414452709883103,0.00823045267489712,0.0458911419423693,,,,4900,,,,,1.05590055233363,Real Estate,
7280,JP3895200008,,,JP3895200008,0.07559,0.02497,0.030450001,0.15618,-0.49,-0.4246428397289,-0.307278497777392,-0.0150997605746209,-0.50717140273016,0.0184,271433040,72156233728,14.555922,7.16962,1.5061107,-0.023448275862069,-0.0180305131761442,0.0598802395209581,0.0411764705882353,0.0335766423357664,,,,1416,,,,,2.03022224329881,Consumer Defensive,
6817,JP3400800003,,,JP3400800003,0.055949997,0.113409996,0.17167,0.82508,0.147,-0.395564922569413,-0.478010407639526,-0.425416596965759,0.343384428223844,0.0215,501439180,131160408064,Infinity,18.675478,2.6054568,-0.000693481276005548,-0.00207756232686981,0.00945709281961471,0.00804477089891571,0.0301863908116515,0.179736294240111,0.0409437890353921,0.148507980569049,2882,,,,,,Consumer Cyclical,
6908,JP3149800009,,,JP3149800009,0.04437,0.03022,0.04028,1.06195,-0.511,0.709162732710437,0.136091977936787,0.0969153614690225,-0.122682129528187,0.016,1064520000,379852259328,22.624434,19.472301,2.6932817,-0.024390243902439,-0.0140497904855805,0,-0.0037359900373599,0.00806451612903226,0.05,-0.0625,-0.005,4000,,,3,Hold,1.16187778732467,Healthcare,
9880,JP3147800001,,,JP3147800001,0.051999997,0.14229,0.064780004,,,0.438508729180403,1.76946627710794,1.14082044500167,-0.16640595455779,0.0288,181792530,22411726848,10.977666,,3.4028711,0,0.0610997963340122,0.0945378151260504,0.0831600831600832,0.243436754176611,,,,521,,,,,,Technology,
6523,JP3801300009,,,JP3801300009,0.06584,0.08967,0.13568,0.05364,0.138,0.0876066146124874,-0.427025476544369,-0.235843881427904,-0.0116131962033412,0.0229,462476000,193753333760,12.578616,12.65485,1.1779357,0.0106544901065449,0.0278637770897833,0.0391236306729265,0.00758725341426404,-0.0334788937409025,-0.036144578313253,-0.036144578313253,-0.036144578313253,3320,,,,,0.993975906470642,Consumer Cyclical,
6742,JP3248800009,,,JP3248800009,0.022330001,0.0221,0.05409,0.52009,0.289,0.899795097839022,-0.434626582707022,-0.333240630677103,-0.069468781957381,0.0571,251076000,69788696576,20.241243,17.77939,0.7419404,-0.0207833733013589,-0.0112994350282486,0.0115606936416185,-0.00162999185004075,0.0174418604651163,0.142857142857143,0.142857142857143,0.142857142857143,1225,,,,,1.1384666740535,Consumer Cyclical,
6958,JP3712000003,,,JP3712000003,0.03955,0.045339998,0.09762,1.3039,0.115,-0.0281079277701323,-0.488763420896451,-0.424673980946431,0.75843326279489,0.0419,403891410,121845088256,9.32851,4.6120563,1.2268922,-0.0141800246609125,0,0.0236875800256082,0.0191204588910134,0.0205444931494853,0.125703564727955,0.125703564727955,0.125703564727955,1599,,,,,2.02263576010553,Consumer Cyclical,
6638,JP3907150001,,,JP3907150001,0.0932,0.080019996,0.12222999,0.20591,0.248,0.824447198510608,-0.195210861491164,-0.115160517887807,-0.239881906157143,0.022,3730147140,856729255936,19.919989,17.562046,2.930981,0.00122609122118686,0.0230518667000752,0.0517774343122102,0.0744736842105263,0.111322808927599,0.27357335292677,-0.240754347293657,-0.00587803085966201,4083,,,2.8,Hold,1.13426357042909,Technology,
6809,JP3538600002,,,JP3538600002,0.01948,0.07965,0.124689996,0.17252,6.423,-0.238249275688448,-0.394423572957946,-0.443990815080906,-0.0728645238429219,0.0518,238029750,73016434688,17.91737,15.151516,0.7640161,-0.00234741784037559,0,0.0340632603406326,0.0493827160493827,0.0732323232323232,0.0352941176470588,0.0352941176470588,0.0352941176470588,425,,,3,Hold,1.1825463537774,Communication Services,
6785,JP3397210000,,,JP3397210000,0.08444,0.52886003,0.31132,0.03572,0.769,0.909042114211607,-0.353334060943796,-0.339456174256018,-0.327095332440499,0.0282,1490917000,568203673600,12.903226,14.959521,2.0286517,-0.00758902510215995,0.0101010101010101,0.0337488598358164,0.0388023220287198,0.0739102969046115,0.470588235294118,-0.235294117647059,0.116339882352941,1700,,,2.2,Buy,0.862542724462902,Communication Services,
6718,JP3105050003,,,JP3105050003,0.06163,0.26353002,0.25838,0.04546,0.804,2.62554559643559,-0.128881575549703,-0.0771199212016745,0.290324249406323,0.0188,11377856000,2492408004608,18.726591,19.131891,2.3308597,0.0230179028132992,0.00723953415171546,0.0423452768729642,0.0272873194221509,0.343408900083963,0.125,-0.290625,-0.07392365625,3200,,,2.3,Buy,0.978815476211944,Communication Services,
6630,JP3930050004,,,JP3930050004,0.0681,0.03681,0.05436,0.25988,0.856,-0.269053207860268,-0.469807115602282,-0.376307700154972,1.2517288328745,0.0078,472933200,49710870528,16.949152,20.078741,2.1582644,0.0119047619047619,0.0429447852760736,0.0828025477707006,0.0493827160493827,0.172413793103448,,,,510,,,,,0.844134201442212,Consumer Cyclical,
6676,JP3921080002,,,JP3921080002,0.113859996,0,0.17819999,,-0.199,-0.406918240625657,-0.477790018111545,-0.411900351587616,-0.284759449628817,0.0297,340014610,56520355840,19.340185,13.573826,6.6659527,0.00621890547263682,0.0074719800747198,0.0398457583547558,0.0305732484076433,0.0163316582914573,,,,809,,,,,1.42481456591531,Communication Services,
6905,JP3283700007,,,JP3283700007,0.21090999,0.16766001,0.36605,,2.811,-0.282443670338079,-0.293004161093773,-0.330157960766423,-0.350703693314633,0.0222,338316960,56162979840,24.451046,,10.3273325,-0.00941915227629513,0.0215866162978953,0.0810965162764135,0.0725212464589235,0.051082731815658,,,,1893,,,,,,Technology,
368A,JP3237550003,,,JP3237550003,0.0139,0.07948,0.14041,0.00027,,-0.0694260752346313,0.0693898679968941,-0.109344639729087,0.027558056659627,0.0441,192382500,58369720320,172.62357,,0.8698785,-0.0043859649122807,0.0365296803652968,0.0732860520094563,0.0783847980997625,0.137844611528822,,,,454,,,0,Strong Buy,,Communication Services,
6844,JP3377800002,,,JP3377800002,0.1691,0.15616,0.23735,0.00322,-0.196,-0.449737242280336,-0.60457340250038,-0.5804841146713,-0.542108620819931,0.0084,1433062800,72650031104,42.19512,29.475752,7.9836426,0.0250683682771194,0.0199546485260771,0.0292906178489703,0.00222816399286988,-0.00662544169611307,,,,2249,,,,,1.43151971152424,Technology,
7723,JP3104400001,,,JP3104400001,0.155,0.23492001,0.20397,0.00213,-0.383,0.6715621407033,2.71449503422505,2.56582311354783,0.996423623809999,0.0024,2393104100,59874951168,54.34705,145.57692,15.936942,-0.0257400257400257,0.0513888888888889,0.195892575039494,0.261666666666667,0.444656488549618,,,,7570,,,,,0.373321883716183,Technology,
6823,JP3969700008,,,JP3969700008,0.10339,0.04417,0.10456,0.89776,,-0.163348401166654,-0.496242011081043,-0.427604360499675,-0.449492907282932,0.0093,4039913988,225213644800,27.397387,1.1994935,5.854718,0.00216104159075167,0.00985673352435533,0.0558418214499701,0.0604163847766616,0.0699546334757055,0.418681193962093,-0.114742934967654,0.117110089660651,881.1,,,2.3,Buy,22.8407965528784,Technology,
6763,JP3541600007,,,JP3541600007,0.04388,0.072,0.08509,0.14843,0.238,0.133803924934203,0.439237889817561,0.263807758675784,-0.117547699828536,0.0253,640520040,101271494656,19.724236,20.411123,3.8751917,-0.00471698113207547,0.00277227722772277,0.0647603027754416,0.0989583333333333,0.104230266027039,0.13349131121643,0.13349131121643,0.13349131121643,2532,,,1,Strong Buy,0.966347417533078,Technology,
6820,JP3101400004,,,JP3101400004,0.02404,0.02545,0.10678001,,1.117,-0.0414765682735708,-0.31887883756312,-0.258961740787636,0.180955353225595,0.0356,550578600,132488216576,55.86222,11.871246,1.1450616,-0.0015785319652723,-0.00511207235548565,0.00836986847349542,0.0326530612244898,0.0853710853710854,0.185770750988142,-0.0513833992094862,0.0671936758893281,2530,,,2.5,Buy,4.70567453492245,Communication Services,
6850,JP3511000006,,,JP3511000006,0.05804,0.27649,0.43646,0.41874,0.212,0.268309955681455,-0.0272017689862579,-0.0439150544586462,0.311234775587107,0.0193,2712107070,669741940736,28.169418,32.50046,5.354584,-0.00563761416168677,0.0128632135063742,0.0634269866152177,0.0416961965509095,-0.107117545813506,0.496768341081755,0.0545413312166912,0.183996711645311,8819,,,2.1,Buy,0.866739055385678,Technology,
6986,JP3824400000,,,JP3824400000,0.065409996,0.067729995,0.06752,0.47228,,0.258623180667492,-0.403817648304444,-0.3039223290584,0.00937944082044959,0.0125,1464712900,608241909760,24.63019,23.975954,3.777741,-0.00174621653084983,0.00912032950867902,0.0269461077844311,0.0615908387496131,-0.0236265300313123,0.253644314868805,-0.0670553935860058,0.041603498542274,3430,,,2.2,Buy,1.02728717280655,Communication Services,
6706,JP3550000008,,,JP3550000008,0.121029995,0.097950004,0.44705,0.00045,-0.597,-0.330951122130864,-0.429380229470414,-0.339547301218804,-0.101642631023567,0.0556,86001360,42137673728,14.66251,11.067873,2.8919368,0,0.00410509031198686,0.0277310924369748,0.0285954583683768,0.0690559440559441,,,,1223,,,,,1.32478119327896,Technology,
7244,JP3141600001,,,JP3141600001,0.008169999,0.03412,0.00829,0.92148,,0.430973190648596,-0.375554455316165,-0.348760588291667,-0.225428829717984,0.0411,2620059372,743674478592,14.327553,11.469548,0.6858279,-0.0148498414349392,0.00678318267398691,0.00968524423528119,0.0135416666666667,0.0021744246207079,0.141943587986753,-0.0750256937307298,0.00871679799017924,875.7,,,2.9,Hold,1.24918200786988,Basic Materials,
6788,JP3739700007,,,JP3739700007,0.00825,0.00791,0.00925,1.5381,,0.170975318094615,-0.486288488695103,-0.46984476534296,-0.280779694923731,0.0113,647154300,152899076096,13.038348,10.994113,0.29674172,-0.00599700149925038,0.00151057401812689,0.0207852193995381,0.02,-0.0285714285714286,0.0105580693815988,-0.245852187028658,-0.100050226244344,1326,,,3.2,Hold,1.18593905665696,Basic Materials,
6962,JP3484400001,,,JP3484400001,0.0068699997,0.02343,0.0094800005,0.42013,-0.209,0.284658779283867,-0.274956996424056,-0.0400778077329967,-0.017911862265045,0.0283,175181940,145834901504,21.050217,9.189189,0.58368987,-0.00108813928182807,0.00768386388583974,0.022271714922049,0.02,0.00657894736842105,-0.0958605664488017,-0.0958605664488017,-0.0958605664488017,918,,,,,2.29075895598621,Basic Materials,
7725,JP3152720003,,,JP3152720003,0.01713,0.01208,0.00928,1.6453,,5.45049809651902,0.17864577021987,0.104605075801994,0.00528118799603176,0.0137,361912320,157924786176,19.047619,19.475084,0.6903693,0.00589390962671906,0.0438328236493374,0.0655567117585848,0.0882040382571732,0.0534979423868313,0.318359375,-0.013671875,0.1165365234375,1024,,,2.7,Hold,0.978050672335996,Basic Materials,
6915,JP3528450004,,,JP3528450004,0.28893998,0.40366,0.33476,,3.222,-0.379605686094638,-0.349973309015573,-0.168001166946248,0.00272420303157945,0.0074,1802503800,383146295296,29.322493,18.114851,9.99049,-0.00642791551882461,-0.0018450184501845,0.0592266275085658,0.0602645761881431,0.0398846708313311,0.340110905730129,-0.0757855822550832,0.12927449168207,1082,,,2.1,Buy,1.61869909942952,Technology,
6798,JP3162400000,,,JP3162400000,0.021540001,0.02569,0.06491,0.92044,0.94,0.614251163980013,-0.145570298016422,-0.112872040537502,-0.102363217729498,0.0325,1382831180,369556979712,18.149635,9.774388,0.74742335,-0.0112504018000643,0.00984898227183191,0.0249916694435188,0.0111768573307035,-0.0360388592917581,0.202860858257477,0.163849154746424,0.176853055916775,1538,,,1.5,Strong Buy,1.85685640881045,Consumer Cyclical,
6616,JP3637280003,,,JP3637280003,0.046430003,0.05321,0.06499,0.00507,-0.168,-0.397296220800825,-0.518848312243893,-0.461374789378528,-0.457667526165963,0.0286,122000520,79476760576,14.556648,,1.0450475,-0.00945945945945946,0.0027359781121751,0.00825309491059147,0.0124309392265193,0.0117322291235335,,,,1466,,,,,,Consumer Cyclical,
7600,JP3689100000,,,JP3689100000,,0.075229995,0.13829,0.21239,0.341,-0.509628044766294,-0.551224219351555,-0.506971376508997,0.298688643608272,0.0032,662999600,96931708928,40.162685,34.53552,2.729543,-0.00628930817610063,-0.0047244094488189,0.0160771704180064,0.0326797385620915,0.102966841186736,0.424050632911392,-0.145569620253165,0.139240506329114,3160,,,,,1.16293847609649,Technology,
6619,JP3505970008,,,JP3505970008,-0.0062800003,0.0773,-0.02633,0.82127,,0.811336735406351,-0.297637722520071,-0.183588892952301,0.0613742898631952,,3130952580,327299203072,75.19113,828.7922,7.344311,-0.0262376237623762,-0.0382985658409387,-0.006732873253661,0.00374213301581902,0.104642456008985,0.423487544483986,-0.271309947466531,-0.028978139298424,5901,,,2.6,Hold,0.0907237423325171,Technology,
6730,JP3108080007,,,JP3108080007,0.029070001,0.04185,0.13868,1.18836,1.704,-0.119371493523295,-0.261349037937485,0.0014116947539571,-0.120271575836314,0.0047,29083068700,2635978768384,47.618233,55.760666,3.3423424,0.0247050147492625,0.0134938001458789,-0.0279818118223155,-0.135345364032358,-0.0831408775981524,1.01511335012594,-0.568189996401583,0.48998445483987,13895,,,1.6,Buy,0.853975327339168,Basic Materials,
7702,JP3386050003,,,JP3386050003,0.037550002,0.04463,0.08444,0.80157,,0.14355457091183,-0.346859355659609,-0.288793149359673,-0.121527075173586,0.0276,6247906908,958416355328,15.626178,14.896021,0.8687827,-0.029116426199444,0.0351471900089207,0.0388540734109222,0.0111537336061089,0.162492472259485,0.499482936918304,-0.138228197173389,0.116473285074112,580.2,,,2.1,Buy,1.04901691532256,Basic Materials,
6678,JP3545110003,,,JP3545110003,0.12125,0.18252,0.27804002,0.17367,0.23,0.2790051071168,-0.339037913021184,-0.230161008398585,-0.0883243977042308,0.0257,4429467650,1101469188096,22.421658,25.606277,4.387489,0.00731975112846163,0.0367905575087896,0.0481086570195481,0.0318670332416896,0.0917625280973159,0.332202979290299,-0.0311251059706915,0.100749545839893,8257,,,1.9,Buy,0.875631314931101,Basic Materials,
6699,JP3499480006,,,JP3499480006,0.02981,-0.05061,0.10471,0.72059,1.474,1.14433215755806,0.677514510071697,0.292166532215636,0.0140847722361298,0.0519,1360777600,158999592960,,22.124128,0.93965286,-0.0153846153846154,-0.0556186152099887,-0.038150289017341,-0.0693512304250559,-0.0436781609195402,0.360576923076923,-0.302884615384615,-0.05,4160,,,3.3,Hold,,Basic Materials,
6615,JP3944330004,,,JP3944330004,0.04237,0.085159995,0.056149997,0.52461,-0.786,-0.0117205459523629,-0.215281353088115,-0.207103712433707,-0.180841848161389,0.0446,568599900,111542059008,6.7023816,11.877114,0.8745379,-0.0121992544900034,0.0146188652975983,0.0121527777777778,-0.0283333333333333,-0.0566343042071197,0.451114922813036,0.0634648370497427,0.257289879931389,2915,,,,,0.564310622934157,Basic Materials,
9984,JP3436100006,,,JP3436100006,0.03187,0.1193,0.109060004,0.26273,0.046,0.674953642166757,-0.309759611566779,-0.145501230720193,-0.182233733187932,0.0413,371171700,207445655552,11.494253,15.229625,0.9818704,-0.010230179028133,0.010443864229765,0.0051948051948052,0.0051948051948052,0.00389105058365759,0.0335917312661499,0.00775193798449612,0.020671834625323,3870,,,2.5,Buy,0.754729876802613,Basic Materials,
6098,JP3970300004,,,JP3970300004,,0.051999997,0.11374,0.3038,2.083,0.201519756838906,-0.375001921273881,-0.346436904659808,-0.332820856035041,0.0385,2454135960,800361480192,19.647041,11.772031,0.9514269,-0.0168305597579425,0.0150331901600937,0.0130553390491037,0.00212027756360833,-0.0409518539014942,0.461819580688594,-0.0382765916522408,0.147816887863051,2599.5,,,2.6,Hold,1.66895933250601,Basic Materials,
7974,JP3756600007,,,JP3756600007,,0,0.07096,0.54545,,-0.397158922758212,-0.37357775842285,-0.371753409606611,-0.233791619271988,0.0344,2082388860,300802703360,13.550039,9.937726,1.04815,-0.00428673493688974,0.0338773491592483,0.0290425793748462,0.0369543650793651,0.0295493720758434,0.506816551064339,-0.122219564697441,0.161604042095193,4181,,,,,1.3634949283166,Basic Materials,
9432,JP3735400008,,,JP3735400008,,0,0.10484,0.21704,3.682,0.273578011087146,1.80681321084864,0.997625887124028,0.271877321885578,0.0375,573633900,112311312384,13.422621,11.115201,0.8792057,0.00554938956714761,0.0571761960326721,0.0658823529411765,0.0646298472385429,0.0608899297423888,-0.00662251655629139,-0.00662251655629139,-0.00662251655629139,4530,,,3,Hold,1.20759138768611,Basic Materials,
9433,JP3496400007,,,JP3496400007,0.03326,0.07951,0.10751,0.09306,-0.097,-0.108793514603971,-0.305387107537645,-0.0766236136174699,-0.244460590732277,0.0398,581329970,191011864576,14.837014,15.31356,0.8703975,-0.0152588555858311,0.00472616068946344,0.00808926080892608,-0.00440771349862259,-0.0221861471861472,0.0237963475373547,0.0237963475373547,0.0237963475373547,1807,,,,,0.968880782783363,Basic Materials,
9434,JP3732000009,,,JP3732000009,0.07683,0.16624,0.21691,0.05903,0.673,0.3435895890466,-0.270214553748036,-0.22384938815283,-0.0120889908971194,0.0149,594324680,242567593984,16.233662,18.679789,1.8709143,-0.00886699507389163,0.0100401606425703,0.0218384966988319,0.00650325162581291,0.0852211434735707,0.292246520874752,0.0934393638170974,0.180417495029821,2012,,,,,0.869049537979257,Basic Materials,
6178,JP3752900005,,,JP3752900005,0.041079998,0.092659995,0.20127001,0.53656,5.103,1.48667162315305,-0.354442353456602,-0.247417267631299,0.261710872242005,0.0154,1661843040,134380298240,35.462387,25.889503,1.7657459,0.0963968179691156,0.097423887587822,0.0969101123595506,0.0679124886052872,-0.185610010427529,-0.359795134443022,-0.359795134443022,-0.359795134443022,2343,,,,,1.36975928043115,Basic Materials,
7936,JP3118000003,,,JP3118000003,0.11164,0.0853,0.12009,0.61082,0.431,-0.594750013311325,-0.15647318530061,0.286449767608152,0.170972173162212,0.0206,207615600,50035445760,30.395748,36.673927,7.1997237,-0.0178282009724473,0.0271186440677966,0.0358974358974359,0.0306122448979592,-0.106194690265487,0.377887788778878,0.336633663366337,0.357260726072607,6060,,,1,Strong Buy,0.828810833374893,Technology,
4661,JP3198900007,,,JP3198900007,0.03234,0.03497,0.11337,0.70616,,-0.119383766583807,-0.36353152258545,-0.262291504432207,0.0269848914494906,0.0302,2097508920,285234855936,18.181318,18.030731,0.9207898,-0.0072007200720072,0.0197226502311248,0.00699939135727328,0.00030229746070133,-0.119712689545092,0.601692354185555,-0.0450287095799335,0.360682985796313,3309,,,1.8,Buy,1.00835168579688,Basic Materials,
9735,JP3421800008,,,JP3421800008,0.03952,0.1559,0.21139,0.31919,0.417,0.176390971875811,-0.110715540647778,-0.0582698036204195,-0.0461974519761567,0.001,170225297250,5496825184256,90.906975,63.292984,9.5893755,0.0584573748308525,0.0230185718022495,-0.000255623721881391,-0.0870681605975724,0.0286691215149921,0.534134492457172,-0.46305292763999,0.26460813091281,19555,,,1.5,Strong Buy,1.43628834121646,Technology,
7832,JP3778630008,,,JP3778630008,0.07294,0.18361999,0.26237,0.05487,0.057,0.248577169939782,-0.274663820467066,-0.202289932742986,-0.309091351925594,0.0198,38235597240,10607238578176,23.14822,17.72359,2.384079,0.0142311697327317,0.0265238011593185,0.0184733356570234,0.0218569680013988,-0.0523755472677153,0.627310061601643,0.112251882272416,0.330374058863792,5844,,,1.6,Buy,1.30606835296912,Basic Materials,
4307,JP3762800005,,,JP3762800005,0.03195,0.044460002,0.044120003,0.02301,0.413,0.257490208047205,-0.139821564767023,-0.118173314993122,0.253132422224818,0.0309,99662400,34769948672,11.025284,11.889908,1.3539174,0.00934579439252336,0.0351437699680511,0.0640394088669951,0.0693069306930693,0.0960757780784844,0.296296296296296,0.296296296296296,0.296296296296296,3240,,,,,0.927280850280759,Technology,
9766,JP3300200007,,,JP3300200007,0.03215,0.04192,0.07947,0.14965,0.605,-0.28696364975713,-0.389269896108007,-0.440020040897413,-0.418736271370838,0.0434,698012700,57138237440,23.36419,13.577745,0.7519871,0.0151515151515152,0.0307692307692308,0.0307692307692308,0.00958904109589041,-0.120525059665871,,,,3685,,,,,1.72077101168125,Basic Materials,
4684,JP3173400007,,,JP3173400007,0.048109997,0.09897,0.14629,0.66209,0.54,0.616399128951992,0.32262431105136,0.294079366919822,-0.105752045180848,0.012,3622193060,2376797519872,19.193933,19.842445,1.8753114,-0.00308641975308642,0.00900404263138552,0.0208217140732478,0.00974623023170283,-0.0899900563473649,0.384083044982699,-0.0894190493534875,0.142779093061373,5491,,,2.5,Buy,0.967316930952814,Basic Materials,
9697,JP3218900003,,,JP3218900003,0.03836,0.09861,0.14072,0.00112,0.38,0.648210745279033,-0.260448168860205,-0.134581965630431,-0.0957538490571972,0.0281,355003200,186993885184,15.198087,,0.9264117,-0.00503074343208496,0.0200573065902579,0.0183066361556064,0.0183066361556064,0.0409356725146199,,,,1780,,,,,,Basic Materials,
4689,JP3933800009,,,JP3933800009,0.065359995,0.13831,0.20009,0.26025,1.037,0.454080722222362,0.933346461752385,0.589141033366297,0.774746258018532,0.0182,2236652000,190296571904,16.722408,11.671087,1.8613434,0.0189902732746642,0.0481181515007146,0.0227801022780102,0.0242085661080074,-0.284552845528455,,,,2200,,,,,1.43280638727138,Basic Materials,
4755,JP3967200001,,,JP3967200001,0.02523,0.04265,0.06701,0.43026,1.19,0.37165982606699,-0.328972407231208,-0.313342440453931,0.135912162689432,0.0346,1115102780,363830935552,12.135835,13.850232,0.7219059,-0.0162311313098523,0.0174584522410609,0.0226084022270963,0.015583109919571,0.027636486944727,0.039432436891602,-0.249298795578287,-0.102183385579937,6061,,,3,Hold,0.876218896549892,Basic Materials,
7912,JP3493800001,,,JP3493800001,0.06199,0.15353,0.100209996,,0.83,0.420082377184471,0.0449366049551435,0.0922634840688823,0.333805085720861,0.031,3917904960,1181211164672,14.5136385,16.260632,1.2892976,-0.00287292817679558,0.00669344042838019,0.0294318959616701,0.0143884892086331,-0.102625298329356,0.285460992907801,-0.202127659574468,0.0114441489361703,2256,,,3.6,Underperform,0.89256300124128,Healthcare,
7911,JP3629000005,,,JP3629000005,0.03739,0.06856,0.11462,0.30891,1.373,-0.154757588906749,-0.262399176248498,-0.19273682002098,0.734389227243164,0.0015,2145700920,154797211648,46.079025,32.75713,3.8750575,-0.00785340314136126,-0.010443864229765,0.0676056338028169,0.0882986360373295,0.554871794871795,-0.0105540897097625,-0.386543535620053,-0.198548812664908,1516,,,3,Hold,1.40668688007771,Technology,
6532,JP3835250006,,,JP3835250006,0.033299997,-0.03877,0.1243,0.31299,1.178,-0.0458383048475943,-0.278866341606418,0.000430192646649614,0.743882180660834,0.0291,5430157780,737575895040,,13.685049,1.1077158,-0.0073490813648294,0.0166666666666667,-0.00708847466526647,-0.0196993260756869,-0.159181858603824,0.824431517715495,0.110523532522475,0.46627567424643,3782,,,1.7,Buy,,Basic Materials,
3659,JP3758190007,,,JP3758190007,0.032390002,0.03837,0.09017,0.82395,44.629,0.0962018948604007,-0.241630428965963,-0.187379444267146,0.0492434282996633,0.0343,4117986800,790320381952,23.867235,4.7970157,0.9049268,-0.0192911619560341,0.0313753243689549,0.0424415832141154,0.0210182157870154,0.0101663585951941,0.646843549862763,-0.176578225068618,0.142809698078682,2186,,,2.5,Buy,4.97543399743303,Basic Materials,
9684,JP3164630000,,,JP3164630000,0.107880004,0.15141,0.18983,0.10027,0.422,0.108746114958287,-0.193833473167713,-0.126686045410248,-0.140396949785263,0.0099,5894500950,968565522432,24.154749,41.3597,3.9059002,0.0164945857466633,0.00723643169058016,0.00235907623541098,-0.0364048698973502,-0.0939393939393939,0.734175647219125,-0.256781865477518,0.37123745819398,8073,,,2,Buy,0.584016542673182,Technology,
4324,JP3551520004,,,JP3551520004,0.07497,0.20156999,0.23638001,0.0192,0.646,-0.302430812346736,-0.453889272825002,-0.320007861228627,-0.477444969142743,0.021,490319000,83382812672,10.660981,23.61343,1.5347832,0.0161090458488228,0.0301507537688442,0.0199004975124378,-0.029585798816568,-0.176706827309237,0.804878048780488,0.339024390243902,0.529878048780488,4100,,,,,0.451479560572098,Basic Materials,
4732,JP3944130008,,,JP3944130008,0.00964,0.013040001,0.11695,0.73776,2.043,0.74691818503159,-0.254181169358053,-0.244484991620373,-0.170143316062356,0.0269,6198899060,1615479832576,,13.04014,0.88692486,-0.0230073952341824,0.0303292894280763,0.0281020319930826,0.0140724946695096,0.00379907133811735,0.513877207737595,-0.335576114381834,0.0841808242220352,1189,,,2.5,Buy,,Basic Materials,
9435,JP3783420007,,,JP3783420007,0.061739996,0.08343001,0.19507,0.2116,0.863,-0.0623502737850787,-0.377832788141337,-0.382375686859779,-0.389751507644353,0.0466,367273200,112757686272,12.345678,12.632405,1.5104238,-0.00770416024653313,0.010989010989011,0.010989010989011,0.0015552099533437,-0.0865248226950355,0.304347826086957,0.0869565217391304,0.195652173913044,3220,,,,,0.97730226350406,Basic Materials,
9602,JP3598600009,,,JP3598600009,0.14097999,0.18697001,0.18937999,0.0018,0.28,-0.103313500279697,-0.0231695259064453,1.15237813112612,0.0955545567730371,,2854877840,344299110400,18.939444,19.663792,3.9872503,-0.00561272217025257,-0.0111627906976744,0.0592924763328351,-0.0167649439241531,-0.0421266050912368,0.411100658513641,-0.000470366886171214,0.276710136406397,8504,,,2.3,Buy,0.963163361369974,Communication Services,
3626,JP3104890003,,,JP3104890003,0.031570002,0.01674,0.092159994,0.8107,0.01,0.731535714444548,-0.268872066476259,-0.321636129593362,-0.369030264274403,0.049,1274668000,365126647808,36.89646,6.5496383,0.992109,-0.00209497206703911,0.0167200284596229,0.0258435032304379,0.0163584637268848,-0.0232399179767601,0.679496151154654,-0.118264520643807,0.0593072078376487,1429,,,3.1,Hold,5.63335841003617,Basic Materials,
4768,JP3188200004,,,JP3188200004,,0.09336001,0.14932999,0.08326,,0.487812239289395,0.4455701021552,0.428883560559123,0.155468709318883,0.0154,7232026100,683107942400,24.389938,28.073845,1.9003304,0.00542355371900827,-0.00230650948231676,0.0260938323668951,0.0164490861618799,0.00270444301352222,0.310043668122271,-0.267916773696378,0.0751899563318777,7786,,,1.3,Strong Buy,0.868777967535263,Basic Materials,
2413,JP3435750009,,,JP3435750009,0.050300002,0.055960003,0.076519996,0.21463,0.003,0.251133336402265,-0.477989763510061,-0.352971424934767,-0.387258717140403,0.0328,3294231610,1008089038848,13.661486,12.917162,1.1842198,-0.0161576354679803,0.0030132583366814,0.00929856478673944,-0.0012002400480096,-0.0618188650883127,0.24173843380733,-0.118766272781895,0.0582815942319247,2496.5,,,,,1.05762287412669,Industrials,
4704,JP3637300009,,,JP3637300009,0.06328,0.071339995,0.12836,0.20281,0.075,0.217288731747073,-0.392824302550216,-0.389453648493795,-0.184305373525557,0.0339,922226250,268605177856,15.384337,16.163424,1.3871901,-0.00305307656176609,0.0226451457480125,0.0308402136959689,0.0270989595935156,0.0494437577255871,0.177856301531213,-0.0459363957597173,0.0325873969375736,4245,,,1.3,Strong Buy,0.951799383595951,Industrials,
4751,JP3311400000,,,JP3311400000,0.015149999,0.049000002,0.045560002,0.72836,-0.039,1.55794796282662,-0.25950623295274,-0.215860399873137,0.0202238238777194,0.0463,2808374600,335343288320,14.045081,10.051831,0.76362073,-0.0154021677124929,0.0129107981220657,0.021301775147929,0.0105386416861827,0.0524390243902439,0.158748551564311,-0.101969872537659,-0.015063731170336,3452,,,,,1.39726593095328,Basic Materials,
4676,JP3819400007,,,JP3819400007,0.027520001,0.05934,0.05404,0.12567,3.052,-0.0511601411012029,-0.356044636853359,-0.265594945594946,-0.501628202999613,0.0295,155226600,89600393216,22.882524,,0.8948953,-0.0138613861386139,0.00945945945945946,0.0407523510971787,0.0282174810736407,0.0204918032786885,,,,2988,,,,,,Industrials,
9401,JP3588600001,,,JP3588600001,0.045619998,0.04413,0.11068,0.08839,0.189,-0.145924577669075,-0.349539898365609,-0.129401641107594,-0.327491640946502,0.0213,326302200,114393899008,34.364067,10.935535,1.3975123,-0.0161550888529887,0.00661157024793388,0.00164473684210526,0.0392491467576792,-0.00490196078431373,,,,6090,,,,,3.14242211286416,Industrials,
9404,JP3732200005,,,JP3732200005,0.0681,0.06677,0.117939994,0.15119,1.067,0.0989817344381477,-0.206725431813991,-0.233113687748613,-0.037471274726265,0.036,258370420,110804246528,15.361113,20.96717,1.6267551,-0.00630782169890664,0.00681721346399659,0.0198532585239534,-0.0125365649811952,-0.165017667844523,,,,2363,,,,,0.732626911500217,Basic Materials,
2371,JP3206000006,,,JP3206000006,0.09458999,0.11956,0.05829,0.2111,0.154,0.163833893317699,-0.372174642790443,-0.44575771224126,-0.0626808623023341,0.0105,1099844850,90874609664,52.61708,298.4375,8.955532,0.0471491228070175,0.0815402038505096,0.173218673218673,0.179012345679012,0.139618138424821,,,,955,,,0,Strong Buy,0.176308540314136,Technology,
2181,JP3547670004,,,JP3547670004,,0,0.1,0.24036,,3.9386156692947,-0.199048892851835,-0.217541998231653,-0.328354913386533,0.0319,1420496550,298109468672,12.820115,20.480436,1.0774627,-0.0224586288416076,0.00681762843925006,0.0154715127701375,0.0167199409884436,0.0187238236018724,,,,2067.5,,,,,0.625968851444374,Basic Materials,
3769,JP3385890003,,,JP3385890003,0.03734,0.18020001,0.07846,,3.355,-0.367331146137936,-0.448652286981796,-0.324012701684716,-0.307897946778609,0.0356,168396800,104967225344,18.313429,19.796558,1.5846372,-0.0155642023346304,-0.01364522417154,0,0,-0.0269230769230769,0.146245059288538,0.00790513833992095,0.0935440711462451,506,,,2.3,Buy,0.925081471233535,Communication Services,
2331,JP3431900004,,,JP3431900004,0.04201,0.02227,0.19665001,0.62286,0.132,0.251898430134431,-0.310702753770468,-0.233434900493988,-0.226849243603777,0.0163,11999455680,2887881326592,192.3163,29.521902,7.727945,0.000193986420950533,-0.00270793036750484,0.0520301979187921,0.0701535907015359,0.0882228788518362,0.299456943366951,0.00659425911559348,0.146930042668735,5156,,,1.4,Strong Buy,6.51436008425203,Technology,
9468,JP3214350005,,,JP3214350005,0.03195,-0.14140001,0.07713,0.92676,,-0.218086111779688,-0.376052605815663,-0.324923930475489,-0.170095386841957,,3240159300,932174036992,,11.12109,2.1953595,-0.0115606936416185,-0.0115606936416185,0.00391389432485323,0.0158415841584158,0.0118343195266272,0.113895850737956,-0.164578111946533,0.00807574491785018,3591,,,2.6,Hold,,Communication Services,
7951,JP3942600002,,,JP3942600002,0.01555,0.041500002,0.07275,1.44462,-0.64,-0.454752760441671,-0.35927833985062,-0.303181295515523,0.136000522125049,0.0114,49409740,40485089280,12.194896,,3.760111,-0.00452830188679245,0.012279355333845,0.0181397143959861,-0.00151400454201363,-0.0462762111352133,0.360879454131918,0.360879454131918,0.360879454131918,2638,,,,,,Communication Services,
3774,JP3152820001,,,JP3152820001,0.06086,0.03783,0.0544,5.9125,5.786,-0.321188878235858,-0.391874261331369,-0.41860989708163,0.322111357477211,0.0073,156901530,54063583232,19.38023,25.073395,6.8695784,-0.01085776330076,-0.00328227571115974,0.00737191301142647,0.0010989010989011,-0.0120122963975114,,,,2733,,,,,0.772940002739956,Consumer Cyclical,
4385,JP3921290007,,,JP3921290007,0.08359,0.22067,0.27048,0.12926,1.153,-0.0128176452314384,-0.187595451742481,-0.0159853569249542,0.350597823838484,0.0094,2222151880,314955825152,22.025747,10.353342,2.5605319,0.0219704771713011,0.0369209334726576,0.0632142857142857,0.0354782608695652,-0.251069182389937,0.981860933825999,0.746724890829694,0.892285354383608,2977,,,,,2.12740456173475,Basic Materials,
7867,JP3630550006,,,JP3630550006,0.090270005,0.23316999,0.24513,0.15115,-0.032,0.117187105249861,-0.177038099477389,-0.0556077927697438,-0.00333677551221117,0.012,1390135500,95052873728,15.551892,17.31794,2.4850705,0.00550017188037126,-0.00544032641958518,0.00102669404517454,-0.0441176470588235,-0.148471615720524,0.606837606837607,0.299145299145299,0.426495726495727,2925,,,1.8,Buy,0.898022051121554,Basic Materials,
4681,JP3974450003,,,JP3974450003,0.11699,0.17322999,0.2124,0.44158,0.064,0.460726575671493,0.125414950619154,0.169009470181725,0.121661058844196,0.0207,1703143400,260121640960,25.707964,7.607699,5.2322783,-0.00768573868488471,0,0.0496838301716351,0.0573248407643312,0.0729455216989843,0.437177280550775,0.0154905335628227,0.247848537005164,1162,,,,,3.37920361991188,Technology,
4716,JP3689500001,,,JP3689500001,0.0432,0.15439,0.15141,1.99554,0.102,0.820431482692546,0.365241708841111,0.175406591347393,0.268504449279167,,8285020200,603605106688,17.699411,36.758423,4.4587,0.00735294117647059,-0.04344453064391,-0.0331939362258233,-0.0675573481220066,-0.248323511481406,0.567991349013247,0.189510678561773,0.354212219518789,3699,,,2.2,Buy,0.481506265924411,Consumer Cyclical,
7984,JP3297000006,,,JP3297000006,0.05192,0.072519995,0.13405,0.12725,0.546,-0.211109637415654,-0.416267724433502,-0.399267572356763,0.0127077887542293,0.0289,1126998000,443374174208,16.447226,16.675177,1.3790125,-0.000874125874125874,0.0343891402714932,0.0450285714285714,0.0200803212851406,0.109708737864078,0.200787401574803,-0.300087489063867,0.0144356955380577,4572,,,,,0.986329920216139,Basic Materials,
8056,JP3754200008,,,JP3754200008,0.07655,0.14583999,0.15469,0.01465,-0.094,0.16115273946694,0.0218165734232295,-0.0444489678846029,0.231545628515648,0.027,2422137105,579154870272,14.684026,15.639539,1.9837301,-0.0091866028708134,0.00154768814083962,-0.00404001539053482,-0.0246797287113791,-0.0592404143194621,0.622561328954993,0.352134440795828,0.468031678578327,2588.5,,,,,0.93890401756727,Basic Materials,
2433,JP3766550002,,,JP3766550002,,0,0.28476998,0.01017,0.813,-0.26679005817028,0.572427413318044,0.27219467340974,-0.0528437787795066,0.0087,348863000,64336068608,28.902735,38.34673,6.542631,-0.0304789550072569,0,0.0229709035222052,0.00451127819548872,0.0198473282442748,-0.101796407185629,-0.101796407185629,-0.101796407185629,3340,,,2,Buy,0.753720982206306,Technology,
429A,JP3545320008,,,JP3545320008,0.0994,0.12607999,0.15439,0.12967,,0.0147493178337987,-0.420586630588624,-0.386713583692289,-0.335390387540498,0.0023,2465827560,268449005568,40.323795,60.525574,12.859922,0.0108541764983483,0.0298076923076923,0.0922998470168282,0.0840080971659919,0.130939809926082,0.400560224089636,-0.34640522875817,0.0795985060690943,2142,,,2,Buy,0.666227386790252,Technology,
6544,JP3389510003,,,JP3389510003,0.06555,0.07771,0.11102,0.20635,0.329,-0.00971421693702767,-0.430541138051044,-0.348471988485503,0.0570681454854936,0.0224,8702929840,3146748264448,24.874838,13.447262,2.8109798,-0.00429430289149728,0.0101655532965437,0.0268674343076469,0.0190448285965426,-0.0330831248262441,0.265094882116159,0.0350776308223117,0.161144738355377,3478,,,1.7,Buy,1.84980689749333,Consumer Defensive,
9616,JP3253900009,,,JP3253900009,0.07986,0.09088001,0.18607001,0.45002,1.858,0.0963760028236461,-0.503691952131931,-0.29870272356939,0.138945684245522,0.0115,2239699000,138896113664,20.789988,37.98607,2.525889,0.0388888888888889,0.089018302828619,0.0488782051282051,-0.00380517503805175,-0.0959944751381216,,,,13090,,,,,0.547305578071119,Basic Materials,
9412,JP3396350005,,,JP3396350005,0.043169998,0.08416,0.13267,0.02248,-0.48,0.341960073153114,-0.105657014633727,-0.107262774329878,1.65222944594672,0.0196,641764200,140818333696,9.025322,21.188972,0.8691977,0.00156985871271586,0.0615640599001664,0.0686767169179229,0.0704697986577181,0.0831918505942275,-0.0282131661442006,-0.0282131661442006,-0.0282131661442006,6380,,,,,0.42594430725568,Basic Materials,
3994,JP3869960009,,,JP3869960009,0.02878,0.09156,0.065910004,0.03951,1.414,0.0687319782290939,-0.047467008788747,-0.0443556560454016,0.368349946948121,0.0297,295222110,38810058752,17.859035,40.848484,2.549978,-0.00589970501474926,-0.00589970501474926,0.00297619047619048,-0.00589970501474926,0.190812720848057,,,,337,,,,,0.437201904481939,Technology,
7966,JP3977200009,,,JP3977200009,0.0109,0.0254,0.03994,0.67496,1.084,-0.321660341111423,-0.400295608491037,-0.272546206430922,0.574321432420366,,1863007300,230408798208,212.71326,140.34132,10.832794,-0.00897435897435897,-0.0165394402035623,0.0038961038961039,0.0361930294906166,0.435735512630015,0.397153945666235,-0.430789133247089,-0.0168175937904269,3865,,,2.3,Buy,1.51568518808288,Technology,
4733,JP3173500004,,,JP3173500004,0.04223,0.044510003,0.20121999,1.25867,1.312,-0.245282425857712,-0.230932013883889,-0.02602689034168,1.32541762107622,0.0152,603508480,71563051008,39.525955,19.009392,4.783307,0.00254022015241321,-0.00504201680672269,0.00424088210347752,-0.0271158586688578,0.0942698706099815,0.870777027027027,0.140202702702703,0.386824324324324,2368,,,1.8,Buy,2.07928559735104,Healthcare,
9744,JP3919200000,,,JP3919200000,0.044460002,0.13239999,0.14478,0.61328,0.17,0.148074921956295,-0.573007179765061,-0.439893331210571,-0.0539066765249999,0.005,1113947100,233631481856,34.842865,28.147915,2.8128042,-0.00418410041841004,-0.0110803324099723,0.0142045454545455,0.0317919075144509,0.00140252454417952,0.554621848739496,0.00840336134453782,0.233053221288515,3570,,,1.5,Strong Buy,1.23784887797196,Healthcare,
9449,JP3152750000,,,JP3152750000,0.02694,-0.035380002,0.16445999,0.73245,-0.098,0.620941985484567,0.0968384759781037,0.00893073707413336,-0.0721047877145439,0.0342,24869551200,9529412550656,,42.51015,1.2478635,0.00369996636394215,0.0206943731828288,0.0533003882809742,0.0628673196794301,0.100092165898618,0.273458445040215,-0.0281501340482574,0.109594922922252,5968,,,1.9,Buy,,Healthcare,
7956,JP3801600002,,,JP3801600002,0.0841,0.16046,0.2892,0.30336,1.072,0.23037452445028,-0.284752729909183,-0.229859972740501,-0.127242197948397,0.0336,12345767280,4273648173056,14.683957,31.457043,2.1998663,0.00782241014799154,0.0295896328293737,0.0638250390537826,0.0654894948591864,0.0415119073629015,0.300608349066499,-0.286763163415146,0.0521741976085588,2383.5,,,2.4,Buy,0.466793938641976,Healthcare,
4680,JP3966800009,,,JP3966800009,0.039219998,0.23728001,0.13708,0.39323,0.383,-0.205569218734093,-0.0927697581179449,-0.0908279033741589,-0.126763075062968,,5730946650,722011095040,5.9843836,93.95797,1.7672306,0.00719649561952441,0.0170616113744076,0.0540275049115914,0.041747572815534,0.253992987923646,0.677539608574091,-0.0680335507921715,0.313628828828829,1609.5,,,2.1,Buy,0.0636921338338834,Healthcare,
4812,JP3551530003,,,JP3551530003,0.03216,0.46785998,0.11417,0.38591,1.482,0.476725503984238,-0.0975760779416435,-0.053739980841035,-0.0589991946523895,0.0257,8076598470,2514801655808,12.25476,15.452406,1.4186586,-0.00938809723386421,0.0173898071625344,0.0451008135833039,0.0379413314596873,0.0456556361705893,0.353866982568963,-0.0184464376375021,0.133863597901506,2954.5,,,2.2,Buy,0.793064846988877,Healthcare,
4194,JP3800270005,,,JP3800270005,0.06932,0.17513001,0.25094998,0.00865,0.224,1.52280070327852,-0.259354838709677,-0.209563132658498,-0.233806716353344,0.0359,1347833400,232668004352,7.824648,8.4074135,0.7876078,-0.00804597701149425,0.00670749489647127,0.019492025989368,0.0264644662503717,-0.0245832155976264,0.216685979142526,-0.188876013904983,0.00847334878331402,3452,,,3.1,Hold,0.930684329966642,Healthcare,
4544,JP3822000000,,,JP3822000000,0.17055,0.35103,0.47092,,0.197,0.120972869224464,-0.135152122028616,-0.111332206697927,-0.140550754013467,0.0196,17404612540,11101064396800,23.529001,28.59565,5.473894,0.00927588270496709,0.0378461538461539,0.0504515727187792,0.041692402717727,-0.00266114725014784,0.971538689593833,0.0524755410613697,0.382053513193003,6746,,,2,Buy,0.822817491471605,Healthcare,
2327,JP3379900008,,,JP3379900008,0.03433,0.116969995,0.36163,0.02518,30.284,-0.0873955336347445,-0.285176439348678,-0.265144863915716,-0.0626539295319822,0.0477,379413400,150715891712,70.41755,41.28631,0.985834,-0.00624219725343321,0.0192061459667093,0.0391644908616188,0.0297542043984476,0.0405228758169935,0.407035175879397,0.0050251256281407,0.149497487437186,3980,,,2.8,Hold,1.70559078784227,Healthcare,
2127,JP3689050007,,,JP3689050007,0.02395,0.049390003,0.10553,0.29077,0.26,0.396085051604598,-0.288124466618526,-0.260816238383015,-0.379514519126362,0.0325,5983393100,1391423520768,36.10135,24.337265,1.5329511,-0.00464365031294165,0.0341934130480386,0.0583941605839416,0.0670995670995671,0.0509486250266468,0.115618661257606,-0.350912778904665,-0.0720081135902637,4930,,,2.5,Buy,1.48337744606882,Healthcare,
4665,JP3505900005,,,JP3505900005,0.05824,0.093739994,0.14812,0.17689,-0.095,1.43515119782993,-0.365906498171209,-0.314737333126013,0.383785403511148,0.018,2967525185,627712589824,19.157206,16.663673,2.0330472,-0.0228110194771012,-0.0280977312390925,-0.00125538020086083,-0.0178130511463845,0.178624338624339,0.379062668342611,-0.0662596516430239,0.170113844496319,2784.5,,,1.9,Buy,1.1496388581317,Consumer Defensive,
3635,JP3283460008,,,JP3283460008,0.05983,0.15116,0.26389,0.13418,0.367,0.662328549155538,-0.235752459143366,-0.157190650309686,-0.120448028007763,0.0335,3275486230,1122608480256,16.102722,14.12356,1.2950714,-0.000627483790002092,0.0150839175695772,0.0297413793103448,0.0152996175095623,0.0218135158254919,0.339472582670573,-0.204688154039347,0.0499511511092506,2389,,,3,Hold,1.14013194973505,Healthcare,
2432,JP3548610009,,,JP3548610009,0.04058,0.075279996,0.112390004,0.07128,0.68,-0.0779016234552945,-0.235488854557493,-0.245844269466317,-0.360937814449587,0.0258,130548000,116124426240,14.792899,17.628206,0.8315977,-0.00900900900900901,0.0153846153846154,0.0443037974683544,0.0377358490566038,0.0526315789473684,,,,3300,,,,,0.839160774499685,Healthcare,
9759,JP3712600000,,,JP3712600000,0.07095,0.13255,0.11771,,0.291,2.45206306059897,-0.13451558858776,-0.135000076139427,-0.0210443724939912,0.0246,2349830700,549276450816,15.036933,15.826006,1.8291802,-0.0317100792751982,-0.0183696900114811,-0.00869565217391304,-0.027580324139892,-0.0884861407249467,0.637426900584795,0.111111111111111,0.390513333333333,1710,,,1.8,Buy,0.950140736708933,Healthcare,
9605,JP3560000006,,,JP3560000006,0.02162,0.03486,0.06064,0.7877,0.39,0.0577831617201696,-0.0718887758562224,0.0618946248004258,0.100647668393782,0.0397,29898000,19334768640,9.615385,,0.5408176,-0.00351957765068192,0.0152398027790229,0.038038496791934,0.015695067264574,0.0613870665417057,,,,2265,,,,,,Healthcare,
3923,JP3967170006,,,JP3967170006,0.04142,0.15162,0.15858,0.39086,0.49,2.12752851110848,0.295100484310887,0.286114006111886,0.397726943680324,0.0411,2692561040,286850908160,10.225069,9.213456,0.8776011,-0.00977869274318065,0.0217737652681891,0.035243475921442,0.049645390070922,0.022588360350784,0.49948024948025,-0.142411642411642,0.128508316008316,3848,,,,,1.10979734423218,Healthcare,
8022,JP3905200006,,,JP3905200006,0.06922,0.13897,0.28698,0.26357,0.683,0.387888678435686,-0.380052260513731,-0.0693689036506208,0.0984996127494787,0.0161,10624591680,3301276909568,24.270687,21.977806,1.9863,-0.0233471525201833,-0.0020066889632107,-0.00356188780053428,-0.0132275132275132,-0.0320069204152249,0.697944593386953,0.0947274352100089,0.389633601429848,2238,,,1.5,Strong Buy,1.10432711072252,Healthcare,
8876,JP3755200007,,,JP3755200007,-0.00958,0.14181,0.04686,0.00542,0.056,0.644444444444445,-0.398551781114837,-0.337564022485946,-0.32823551317347,0.0325,229326300,167590379520,12.077441,18.18636,0.7248521,-0.00373134328358209,-0.0024906600249066,0.0037593984962406,0.00628140703517588,-0.00124688279301746,0.373283395755306,0.0237203495630462,0.20266329588015,4005,,,2.2,Buy,0.664093364477554,Healthcare,
9682,JP3548500002,,,JP3548500002,-0.00939,0.045229997,-0.106759995,0.00476,,0.113611615245009,0.284464863025353,1.89242506811989,1.05649489668907,0.044,205629820,37239070720,25.249907,13.777778,0.5019482,-0.00583090379008746,0.0148809523809524,0.0590062111801242,-0.0257142857142857,-0.018705035971223,,,,682,,,,,1.83265451076364,Healthcare,
4373,JP3383270000,,,JP3383270000,0.02871,0.083739996,0.06227,0.13507,-0.252,-0.186431073157294,-0.228628643395922,-0.339550499862193,-0.203154090985235,0.0245,366591600,78128406528,21.141838,25.929977,1.7962207,0.00381194409148666,0.0486725663716814,0.0694945848375451,0.0477453580901857,0.0846681922196796,,,,2370,,,,,0.815343492205951,Healthcare,
3697,JP3355400007,,,JP3355400007,-0.00601,0.019709999,-0.2168,1.23635,,-0.386515905482064,-0.520054734636914,-0.303232374010305,-0.262013119384315,0.0388,210104880,62960685056,28.907562,14.090661,1.4570674,0.00194174757281553,0,0.0078125,-0.0152671755725191,0.0466531440162272,0.744186046511628,-0.0310077519379845,0.204780426356589,516,,,,,2.0515405203489,Healthcare,
2175,JP3162350007,,,JP3162350007,0.03193,0.02953,0.09134,1.26005,1.201,0.240831396143854,0.0758068792633838,0.0133329344720822,-0.0902941827029419,0.0229,447203400,182635397120,34.842224,12.586511,1.0008789,-0.0211081794195251,0.023448275862069,0.0539772727272727,0.061516452074392,-0.0583756345177665,0.590296495956873,0.132075471698113,0.415094339622642,3710,,,,,2.76821940567962,Healthcare,
9336,JP3480470008,,,JP3480470008,0.04573,0.04975,0.06351,0.55695,0.907,-0.263432876863004,0.0696903619712168,-0.0964733227051269,-0.159923592194754,0.0264,170008350,48504393728,18.79745,11.934447,0.9350246,-0.00375536480686695,0.0305216426193119,0.0690846286701209,0.0752750434279097,-0.00695187165775401,0.938610662358643,0.238556812062466,0.588583737210555,1857,,,,,1.57505831648505,Healthcare,
9678,JP3215200001,,,JP3215200001,0.04911,0.09032,0.090950005,0.33688,-0.205,0.10745929463207,0.108446218781904,0.173707123379419,0.515477421578766,0.0248,272793240,88952225792,10.526316,9.669382,0.8233331,-0.00688976377952756,0.00198609731876862,0.0181634712411705,0.020738492665655,-0.0218128938439166,0.238850346878097,0.238850346878097,0.238850346878097,2018,,,,,1.08862345080585,Healthcare,
9409,JP3429000007,,,JP3429000007,-0.01638,-0.23337999,-0.17808,0.83956,,0.903270167587348,-0.0622377885737958,0.0935453680265689,1.01098058708199,,1745167530,119158767616,,28.976131,1.8316619,0.0260663507109005,0.0535279805352798,0.0789036544850498,0.0915966386554622,0.49482163406214,2.46420323325635,-0.230177059276366,0.551193225558122,1299,,,1.6,Buy,,Healthcare,
7846,JP3780610006,,,JP3780610006,0.03317,0.10931,0.14806,0.29393,-0.181,0.443918067929224,-0.211416345562274,-0.124307531264097,-0.182320271381248,0.0339,16676287980,5374345740288,21.05282,20.57328,3.1576078,0.00698943061711558,0.0412480169222634,0.0654761904761905,0.0896513558384062,0.110338345864662,0.760622989673269,-0.068901303538175,0.386913831047909,2953.5,,,1.5,Strong Buy,1.02330887442352,Healthcare,
9793,JP3485600005,,,JP3485600005,0.00694,0.017280001,0.032509997,0.16566,-0.608,-0.0907862250175548,-0.288781594059768,-0.219815414507772,0.531932734842571,0.0222,206909040,64799420416,18.796867,10.742857,0.46184987,-0.0157068062827225,0.00355871886120996,0.0339138405132906,0.0254545454545455,0.0502793296089386,-0.024822695035461,-0.024822695035461,-0.024822695035461,1128,,,,,1.7497083876291,Healthcare,
6055,JP3389680004,,,JP3389680004,0.02355,0.10391,0.06686,0.01412,,-0.319811376889206,-0.56060375366688,-0.44548255422968,-0.0910872514214795,0.0136,16656170,12929176576,18.759125,55.869568,1.5346215,-0.00387596899224806,-0.00387596899224806,0.028,0.028,0.0362903225806452,,,,257,,,,,0.335766422965719,Healthcare,
7994,JP3192400004,,,JP3192400004,0.030050002,0.06241,0.06351,0.17556,0.352,0.457471694582203,-0.238753763624116,-0.130846223839854,-0.144501278772379,0.0338,92656830,37670342656,12.406924,6.177016,0.7244105,0.0052790346907994,0.0341349883630722,0.0638467677573823,0.0537549407114625,0.0732689210950081,0.0502625656414104,0.0502625656414104,0.0502625656414104,1333,,,,,2.00856271053855,Healthcare,
7826,JP3828850002,,,JP3828850002,0.07002,0.15464,0.20536,0.05873,0.329,0.596995444606882,0.0594965126229338,0.0694619790732773,-0.202957287274313,0.0178,14946280800,5833658728448,14.471817,21.41839,1.8033637,-0.0102358700489542,-0.0266958424507659,-0.0189677988531098,-0.0475374732334047,-0.0862777321281841,0.672661870503597,-0.0107913669064748,0.297961600719425,11120,,,1.6,Buy,0.675672494524565,Healthcare,
4443,JP3332540008,,,JP3332540008,-0.040359996,-0.18881,-0.31281,0.3231,,0.180222725981457,-0.359496431677319,-0.317696327437395,0.0895159960310701,,751375400,137567469568,,9.434793,2.8332286,0.0200190657769304,0.00895803866100896,0.00895803866100896,-0.0115473441108545,0.114351162671402,3.11214953271028,0.0280373831775701,1.4376946728972,1070,,,1.5,Strong Buy,,Healthcare,
7972,JP3142700008,,,JP3142700008,-0.28278,0,0,0.09595,,0.236544194791569,0.496661108704905,0.195057455350962,0.0437659329928534,,792802920,73999310848,,-23.229599,5.8368635,0.0349344978165939,0.0463576158940397,0.0281995661605206,0.0149892933618844,-0.0114702815432742,1.10970464135021,0.160337552742616,0.645569620253165,948,,,2.6,Hold,,Healthcare,
9746,JP3539400006,,,JP3539400006,0.04422,0.10151,0.14854,0.70361,0.076,0.164679327949844,-0.335734534535105,-0.285278596502201,-0.198196466939885,0.0148,3241636750,2673178312704,18.314,19.428524,1.3352921,-0.00259627866724362,0.0336322869955157,0.0505925250683683,0.0350246969016614,-0.089652448657188,0.344902386117137,-0.0629067245119306,0.165056225596529,1152.5,,,2.4,Buy,0.942634654078714,Basic Materials,
9601,JP3362800009,,,JP3362800009,0.03771,0.04916,0.06647,0.6393,-0.239,0.94753404568988,-0.147699902313893,0.0126249239500857,-0.163230986194868,0.0409,2641831005,502809165824,19.120323,15.624657,1.6729658,-0.0205455801104972,-0.00804336422451478,0.00853333333333333,0.0141222738648552,-0.0300906137801334,0.374933897408778,-0.0375462718138551,0.129472942005993,2836.5,,,2,Buy,1.22372753526685,Basic Materials,
7981,JP3460000007,,,JP3460000007,0.080369994,0.08492,0.15028,0.15466,0.506,-0.118939235447312,0.0769340332885688,-0.047909127304984,-0.514839012586453,0.0283,629866300,175531540480,15.949287,19.915493,1.8123864,-0.0125698324022346,0.0128939828080229,0.0261248185776488,0.00855920114122682,-0.0497311827956989,0.414427157001414,0.0466760961810467,0.230551626591231,3535,,,2.5,Buy,0.800848214001029,Basic Materials,
2154,JP3635580008,,,JP3635580008,0.11193,0.18709,0.26925,0.4248,0.616,0.11274499868253,-0.322887348596233,-0.22722267470272,-0.33309842069058,0.0332,1302133120,527896576000,28.817884,17.474583,4.179334,0.00295983086680761,0.00338409475465313,0.00508474576271186,0.00508474576271186,-0.0153590701535907,0.0539629005059022,0.0539629005059022,0.0539629005059022,4744,,,,,1.64913142705608,Basic Materials,
4722,JP3826200002,,,JP3826200002,0.03799,0.05031,0.08804,0.8188,1.573,-0.0172927502198115,-0.174285204437,-0.131202687329883,0.550105966664753,0.0336,2894463600,448335183872,7.974441,14.504469,0.88300097,-0.0181705554408425,0.0254474875997412,0.0310060711188205,0.0234610417563495,0.00976852834996815,0.472134595162986,-0.0956887486855941,0.188222923238696,4755,,,,,0.549791998590228,Basic Materials,
7944,JP3983400007,,,JP3983400007,0.04552,0.044099998,0.06562,0.2882,0.08,0.0412548218965635,-0.326662056434664,-0.363391817728255,-0.199045140446917,0.0377,314726720,129239261184,10.775985,9.782288,1.0250006,-0.00971236458722451,0.0207932229495572,0.0437007874015748,0.0449349625541979,0.00760167236792094,-0.0569596378725009,-0.0569596378725009,-0.0569596378725009,2651,,,,,1.10158124561452,Basic Materials,
2317,JP3351050004,,,JP3351050004,,0.18807,0.26402,0.28924,0.502,0.0728209208769411,-0.31143556283008,-0.237378324967066,-0.331177395909756,0.0053,15774048300,4976540123136,40.814953,34.705547,4.4115744,-0.0107561929595828,-0.0058958401572224,-0.0162074554294976,-0.0343620744511613,0.0274204468517265,0.647446457990115,-0.245469522240527,0.0804695222405272,3035,,,2.6,Hold,1.17603543318306,Consumer Cyclical,
7864,JP3813800004,,,JP3813800004,0.03243,0.051680002,0.07545,0.00002,0.534,0.682208506641621,-0.040135430627072,-0.0612804433425696,0.148202644357196,0.0317,467663560,222776573952,24.213274,22.936357,1.4257951,-0.00315989045713082,0.0185105467068446,0.0331877729257642,0.028695652173913,0.095877721167207,0.0777683854606932,0.0777683854606932,0.0777683854606932,4732,,,,,1.05567218019845,Industrials,
9418,JP3944640006,,,JP3944640006,0.07828,0.102139995,0.11447,1.46116,0.358,-0.118237887594945,-0.217341722320056,-0.144402700808414,0.0938339488206861,0.0321,1603276200,345303777280,9.242334,14.266065,2.9306753,-0.00369458128078818,0.013022789882294,0.0371794871794872,0.0361168032786885,0.0369136118943861,0.433868974042027,0.255871446229914,0.368603213844252,2022.5,,,1.4,Strong Buy,0.647854471432732,Industrials,
4686,JP3388450003,,,JP3388450003,0.00865,0.02675,0.10767,1.17067,12.819,0.34273050067917,-0.230554504457002,-0.241640153278202,-0.184886353445452,0.0495,1969618350,575539707904,123.441315,24.507008,1.0669196,-0.0276841598459316,-0.0170357751277683,0.00123946455131383,0.00422675285927399,-0.00296223154776598,0.126516464471404,-0.108690269868779,0.0342022777915326,4039,,,2.9,Hold,5.03698023846893,Communication Services,
9716,JP3762400004,,,JP3762400004,0.06379,0,0.1234,2.36902,-0.011,0.172651691410001,-0.286741660181567,-0.323400685788289,-0.0397955529586235,0.0152,3019927625,310846947328,18.692698,16.39401,3.6232548,0.000423011844331641,0,0.00766936514699617,-0.0117007939824488,-0.0607625099285147,0.353065539112051,0.226215644820296,0.280338266384778,1182.5,,,,,1.14021511515486,Consumer Cyclical,
2492,JP3153480003,,,JP3153480003,0.03938,0.08592,0.13248,0.23894,0.786,0.0378794141556098,-0.425036364260412,-0.345893320961361,0.169109100272199,0.0201,728770920,379681243136,18.1486,10.339444,2.3308809,-0.00278862242052426,0.00364861072130227,0.0176437108708025,0.0118845500848896,0.0272910083309394,0.342281879194631,0.0906040268456376,0.21923937360179,1788,,,1.6,Buy,1.75527813681277,Consumer Cyclical,
2121,JP3882750007,,,JP3882750007,0.10511,0.56193,0.67745,,0.195,-0.0334697117398215,-0.266611986906003,-0.118624594220874,-0.101481337709238,0.0184,9077643000,2189908639744,29.761904,31.871016,4.4600377,-0.00215222070045001,0.00651272942569568,0.0423053341508277,0.0576524263790958,0.140429338103757,0.215686274509804,-0.117647058823529,0.0810457843137254,5100,,,1.6,Buy,0.933823509109343,Technology,
9715,JP3635700002,,,JP3635700002,0.10583,0.29949,0.48924,,0.074,3.16703531385859,0.27902854465068,0.22767407784927,0.0155764092538285,0.0069,521530350,279052320768,18.484642,,2.2859843,-0.00912200684150513,0.0046242774566474,0.0175644028103045,0.0469879518072289,0.0675675675675676,,,,4345,,,,,,Technology,
7595,JP3126110000,,,JP3126110000,0.01741,0.09665,0.18263,0.61313,0.241,0.582184263330898,-0.0741371340143402,-0.0316218448272757,0.23161491181686,0.0205,9309894176,3682181054464,19.267767,25.06069,1.2254057,-0.030696981162311,-0.0497433584698621,-0.0139603675114498,0.0395042111182788,0.142127659574468,0.397168405365127,-0.124441132637854,0.101541915052161,536.8,,,1.8,Buy,0.768844233738177,Consumer Cyclical,
3765,JP3235900002,,,JP3235900002,0.03738,0.051999997,0.07688,,0.107,0.185899851762518,-0.366204256940476,-0.289428020565553,-0.314771084682209,0.0341,199868200,137564815360,18.050364,24.697172,1.0822414,-0.00944669365721997,0.00824175824175824,0.0323488045007032,0.0251396648044693,0.0485714285714286,0.0354223433242507,0.0354223433242507,0.0354223433242507,3670,,,,,0.730867647518509,Healthcare,
4694,JP3799700004,,,JP3799700004,0.08185001,0.12185001,0.083409995,,-0.356,0.82059306628203,0.33441329223818,0.270406193846086,0.197501805321532,0.028,8103889710,857797558272,24.50955,22.152578,7.20899,0.024016114037806,0.043746051800379,0.136934457250989,0.174724493423391,-0.0165178571428571,0.361779391738538,-0.24345589347859,-0.0366671962475412,6609,,,2.9,Hold,1.10639718772235,Technology,
9247,JP3538540000,,,JP3538540000,0.16389999,0.22288,0.29045,,0.046,0.128718886170466,-0.259374096850196,-0.191910437838351,-0.409291751935226,0.0213,2306492100,1192634220544,18.761719,17.973577,5.8253593,-0.00427990584207148,0.00746995777849951,0.0345747637576431,0.0515254237288136,0.0304506699147381,0.998710509348807,-0.0651192778852353,0.278744895766172,9306,,,2.1,Buy,1.04385003608352,Technology,
7839,JP3360900009,,,JP3360900009,0.072909996,0.35673,0.47553003,,0.197,0.027200932073798,-0.53143958415331,-0.347871317361487,-0.458729355556015,0.0157,1430708500,624417701888,34.483334,34.417603,3.7015252,-0.00859393650035808,0.000602337067823154,0.0245466880473665,0.0369538077403246,0.0515255095581719,0.372501805923429,-0.0609198169997592,0.159621719239104,8306,,,1.6,Buy,1.0019098076063,Technology,
9757,JP3825800000,,,JP3825800000,0.10414,0.04583,0.06498,0.32514,0.058,-0.293895553638747,-0.366002576411013,-0.258015575995124,0.663363612509767,0.0159,5567625000,638944804864,15.673592,24.585365,3.0571542,-0.00943396226415094,-0.00237529691211401,0.023142509135201,0.0349075975359343,-0.142857142857143,0.746031746031746,0.0317460317460317,0.435019841269841,1260,,,1.6,Buy,0.637517157056647,Communication Services,
4483,JP3386690006,,,JP3386690006,0.0032300001,-0.024330001,0.022650002,3.63838,,0.100325214871333,-0.30727761575882,-0.281815542250593,0.335345189330837,,9470806794,1545500360704,,-93.0749,1.6879236,-0.00839981505740669,-0.0344874269737129,-0.0111684879649628,-0.0135097493036212,-0.176395348837209,0.976563602993082,-0.188197091627841,0.325238881829733,708.3,,,2.5,Buy,,Consumer Cyclical,
9672,JP3586600003,,,JP3586600003,0.07554,0.04848,0.071669996,0.01431,0.03,0.429470077756663,-0.329313441898513,-0.263217996690469,-0.335737214705051,0.0288,4353870900,1382567510016,20.660736,23.9758,3.3411071,0,0.0110926234054354,0.0334467120181406,0.0417142857142857,0.0723529411764706,0.234229292375206,-0.157981349424026,0.0539570213933077,3646,,,2.1,Buy,0.861732914021639,Technology,
3778,JP3317300006,,,JP3317300006,0.24851999,0.19067,0.28109,0.00165,0.135,-0.0626637627002465,-0.474638628398219,-0.471203423442229,-0.192901773035258,0.0162,626131600,139008491520,18.553043,49.439102,7.9891853,0.0148026315789474,0.00488599348534202,0.0507493188010899,0.0685833044683062,0.143015931826602,0.296596434359806,0.296596434359806,0.296596434359806,3085,,,,,0.375270630926913,Technology,
5032,JP3164780003,,,JP3164780003,0.03881,0.104890004,0.15617,1.36015,-0.112,0.126546517291768,0.042583830487554,-0.0212069698257545,-0.0617264990081271,0.0355,33813940,20457236480,10.362641,,0.9536285,-0.00783545543584721,-0.00442260442260442,0.0160481444332999,0.00745897563401293,0.0109780439121756,,,,2026,,,,,,Industrials,
7976,JP3895600009,,,JP3895600009,0.0925,0.10139,0.12835,0.02348,0.187,-0.16604313842327,-0.304390389593151,-0.245447233084894,0.38015530895122,0.0157,2295282500,560166993920,31.846426,10.103499,5.314775,0.00209497206703911,0.00209497206703911,0.00384749912556838,0.00560616678346181,0.0673112681294161,-0.024390243902439,-0.0940766550522648,-0.0592334494773519,2870,,,,,3.15201951323992,Technology,
9889,JP3746800006,,,JP3746800006,0.10394,0.26885998,0.33886,,0.154,0.661758054812141,-0.295665727990631,-0.201552487812703,-0.0420776538620405,0.0147,1212120900,611713024000,24.391039,27.082767,3.6315954,-0.0357487922705314,-0.0449760765550239,-0.0167487684729064,0.00638655462184874,0.0727337871730563,0.302605210420842,-0.0647962591850367,0.0980293921175685,2994,,,2.1,Buy,0.900611041700429,Communication Services,
9722,JP3816800001,,,JP3816800001,0.03193,0.02953,0.09134,1.26005,1.201,0.240831396143854,0.0758068792633838,0.0133329344720822,-0.0902941827029419,0.0229,447203400,182635397120,34.842224,12.586511,1.0008789,-0.0211081794195251,0.023448275862069,0.0539772727272727,0.061516452074392,-0.0583756345177665,0.590296495956873,0.132075471698113,0.415094339622642,3710,,,,,2.76821940567962,Healthcare,
7821,JP3861250003,,,JP3861250003,0.04573,0.04975,0.06351,0.55695,0.907,-0.263432876863004,0.0696903619712168,-0.0964733227051269,-0.159923592194754,0.0264,170008350,48504393728,18.79745,11.934447,0.9350246,-0.00375536480686695,0.0305216426193119,0.0690846286701209,0.0752750434279097,-0.00695187165775401,0.938610662358643,0.238556812062466,0.588583737210555,1857,,,,,1.57505831648505,Healthcare,
1518,JP3894000003,,,JP3894000003,0.04911,0.09032,0.090950005,0.33688,-0.205,0.10745929463207,0.108446218781904,0.173707123379419,0.515477421578766,0.0248,272793240,88952225792,10.526316,9.669382,0.8233331,-0.00688976377952756,0.00198609731876862,0.0181634712411705,0.020738492665655,-0.0218128938439166,0.238850346878097,0.238850346878097,0.238850346878097,2018,,,,,1.08862345080585,Healthcare,
3762,JP3545130001,,,JP3545130001,-0.01638,-0.23337999,-0.17808,0.83956,,0.903270167587348,-0.0622377885737958,0.0935453680265689,1.01098058708199,,1745167530,119158767616,,28.976131,1.8316619,0.0260663507109005,0.0535279805352798,0.0789036544850498,0.0915966386554622,0.49482163406214,2.46420323325635,-0.230177059276366,0.551193225558122,1299,,,1.6,Buy,,Healthcare,
4180,JP3160960005,,,JP3160960005,0.03317,0.10931,0.14806,0.29393,-0.181,0.443918067929224,-0.211416345562274,-0.124307531264097,-0.182320271381248,0.0339,16676287980,5374345740288,21.05282,20.57328,3.1576078,0.00698943061711558,0.0412480169222634,0.0654761904761905,0.0896513558384062,0.110338345864662,0.760622989673269,-0.068901303538175,0.386913831047909,2953.5,,,1.5,Strong Buy,1.02330887442352,Healthcare,
4776,JP3312100005,,,JP3312100005,0.00694,0.017280001,0.032509997,0.16566,-0.608,-0.0907862250175548,-0.288781594059768,-0.219815414507772,0.531932734842571,0.0222,206909040,64799420416,18.796867,10.742857,0.46184987,-0.0157068062827225,0.00355871886120996,0.0339138405132906,0.0254545454545455,0.0502793296089386,-0.024822695035461,-0.024822695035461,-0.024822695035461,1128,,,,,1.7497083876291,Healthcare,
9699,JP3657500009,,,JP3657500009,0.02355,0.10391,0.06686,0.01412,,-0.319811376889206,-0.56060375366688,-0.44548255422968,-0.0910872514214795,0.0136,16656170,12929176576,18.759125,55.869568,1.5346215,-0.00387596899224806,-0.00387596899224806,0.028,0.028,0.0362903225806452,,,,257,,,,,0.335766422965719,Healthcare,
2146,JP3949500007,,,JP3949500007,0.030050002,0.06241,0.06351,0.17556,0.352,0.457471694582203,-0.238753763624116,-0.130846223839854,-0.144501278772379,0.0338,92656830,37670342656,12.406924,6.177016,0.7244105,0.0052790346907994,0.0341349883630722,0.0638467677573823,0.0537549407114625,0.0732689210950081,0.0502625656414104,0.0502625656414104,0.0502625656414104,1333,,,,,2.00856271053855,Healthcare,
2124,JP3386130003,,,JP3386130003,0.07002,0.15464,0.20536,0.05873,0.329,0.596995444606882,0.0594965126229338,0.0694619790732773,-0.202957287274313,0.0178,14946280800,5833658728448,14.471817,21.41839,1.8033637,-0.0102358700489542,-0.0266958424507659,-0.0189677988531098,-0.0475374732334047,-0.0862777321281841,0.672661870503597,-0.0107913669064748,0.297961600719425,11120,,,1.6,Buy,0.675672494524565,Healthcare,
4432,JP3154360006,,,JP3154360006,-0.040359996,-0.18881,-0.31281,0.3231,,0.180222725981457,-0.359496431677319,-0.317696327437395,0.0895159960310701,,751375400,137567469568,,9.434793,2.8332286,0.0200190657769304,0.00895803866100896,0.00895803866100896,-0.0115473441108545,0.114351162671402,3.11214953271028,0.0280373831775701,1.4376946728972,1070,,,1.5,Strong Buy,,Healthcare,
9621,JP3281900005,,,JP3281900005,-0.28278,0,0,0.09595,,0.236544194791569,0.496661108704905,0.195057455350962,0.0437659329928534,,792802920,73999310848,,-23.229599,5.8368635,0.0349344978165939,0.0463576158940397,0.0281995661605206,0.0149892933618844,-0.0114702815432742,1.10970464135021,0.160337552742616,0.645569620253165,948,,,2.6,Hold,,Healthcare,
4819,JP3549070005,,,JP3549070005,0.04422,0.10151,0.14854,0.70361,0.076,0.164679327949844,-0.335734534535105,-0.285278596502201,-0.198196466939885,0.0148,3241636750,2673178312704,18.314,19.428524,1.3352921,-0.00259627866724362,0.0336322869955157,0.0505925250683683,0.0350246969016614,-0.089652448657188,0.344902386117137,-0.0629067245119306,0.165056225596529,1152.5,,,2.4,Buy,0.942634654078714,Basic Materials,
6080,JP3167320005,,,JP3167320005,0.03771,0.04916,0.06647,0.6393,-0.239,0.94753404568988,-0.147699902313893,0.0126249239500857,-0.163230986194868,0.0409,2641831005,502809165824,19.120323,15.624657,1.6729658,-0.0205455801104972,-0.00804336422451478,0.00853333333333333,0.0141222738648552,-0.0300906137801334,0.374933897408778,-0.0375462718138551,0.129472942005993,2836.5,,,2,Buy,1.22372753526685,Basic Materials,
9603,JP3160740001,,,JP3160740001,0.080369994,0.08492,0.15028,0.15466,0.506,-0.118939235447312,0.0769340332885688,-0.047909127304984,-0.514839012586453,0.0283,629866300,175531540480,15.949287,19.915493,1.8123864,-0.0125698324022346,0.0128939828080229,0.0261248185776488,0.00855920114122682,-0.0497311827956989,0.414427157001414,0.0466760961810467,0.230551626591231,3535,,,2.5,Buy,0.800848214001029,Basic Materials,
2379,JP3548640006,,,JP3548640006,0.11193,0.18709,0.26925,0.4248,0.616,0.11274499868253,-0.322887348596233,-0.22722267470272,-0.33309842069058,0.0332,1302133120,527896576000,28.817884,17.474583,4.179334,0.00295983086680761,0.00338409475465313,0.00508474576271186,0.00508474576271186,-0.0153590701535907,0.0539629005059022,0.0539629005059022,0.0539629005059022,4744,,,,,1.64913142705608,Basic Materials,
4071,JP3832700003,,,JP3832700003,0.03799,0.05031,0.08804,0.8188,1.573,-0.0172927502198115,-0.174285204437,-0.131202687329883,0.550105966664753,0.0336,2894463600,448335183872,7.974441,14.504469,0.88300097,-0.0181705554408425,0.0254474875997412,0.0310060711188205,0.0234610417563495,0.00976852834996815,0.472134595162986,-0.0956887486855941,0.188222923238696,4755,,,,,0.549791998590228,Basic Materials,
9347,JP3695010003,,,JP3695010003,0.04552,0.044099998,0.06562,0.2882,0.08,0.0412548218965635,-0.326662056434664,-0.363391817728255,-0.199045140446917,0.0377,314726720,129239261184,10.775985,9.782288,1.0250006,-0.00971236458722451,0.0207932229495572,0.0437007874015748,0.0449349625541979,0.00760167236792094,-0.0569596378725009,-0.0569596378725009,-0.0569596378725009,2651,,,,,1.10158124561452,Basic Materials,
3993,JP3780050005,,,JP3780050005,,0.18807,0.26402,0.28924,0.502,0.0728209208769411,-0.31143556283008,-0.237378324967066,-0.331177395909756,0.0053,15774048300,4976540123136,40.814953,34.705547,4.4115744,-0.0107561929595828,-0.0058958401572224,-0.0162074554294976,-0.0343620744511613,0.0274204468517265,0.647446457990115,-0.245469522240527,0.0804695222405272,3035,,,2.6,Hold,1.17603543318306,Consumer Cyclical,
9743,JP3472200009,,,JP3472200009,0.03243,0.051680002,0.07545,0.00002,0.534,0.682208506641621,-0.040135430627072,-0.0612804433425696,0.148202644357196,0.0317,467663560,222776573952,24.213274,22.936357,1.4257951,-0.00315989045713082,0.0185105467068446,0.0331877729257642,0.028695652173913,0.095877721167207,0.0777683854606932,0.0777683854606932,0.0777683854606932,4732,,,,,1.05567218019845,Industrials,
2157,JP3297360004,,,JP3297360004,0.07828,0.102139995,0.11447,1.46116,0.358,-0.118237887594945,-0.217341722320056,-0.144402700808414,0.0938339488206861,0.0321,1603276200,345303777280,9.242334,14.266065,2.9306753,-0.00369458128078818,0.013022789882294,0.0371794871794872,0.0361168032786885,0.0369136118943861,0.433868974042027,0.255871446229914,0.368603213844252,2022.5,,,1.4,Strong Buy,0.647854471432732,Industrials,
3687,JP3802950000,,,JP3802950000,0.00865,0.02675,0.10767,1.17067,12.819,0.34273050067917,-0.230554504457002,-0.241640153278202,-0.184886353445452,0.0495,1969618350,575539707904,123.441315,24.507008,1.0669196,-0.0276841598459316,-0.0170357751277683,0.00123946455131383,0.00422675285927399,-0.00296223154776598,0.126516464471404,-0.108690269868779,0.0342022777915326,4039,,,2.9,Hold,5.03698023846893,Communication Services,
3964,JP3172060000,,,JP3172060000,0.06379,0,0.1234,2.36902,-0.011,0.172651691410001,-0.286741660181567,-0.323400685788289,-0.0397955529586235,0.0152,3019927625,310846947328,18.692698,16.39401,3.6232548,0.000423011844331641,0,0.00766936514699617,-0.0117007939824488,-0.0607625099285147,0.353065539112051,0.226215644820296,0.280338266384778,1182.5,,,,,1.14021511515486,Consumer Cyclical,
3673,JP3831490002,,,JP3831490002,0.03938,0.08592,0.13248,0.23894,0.786,0.0378794141556098,-0.425036364260412,-0.345893320961361,0.169109100272199,0.0201,728770920,379681243136,18.1486,10.339444,2.3308809,-0.00278862242052426,0.00364861072130227,0.0176437108708025,0.0118845500848896,0.0272910083309394,0.342281879194631,0.0906040268456376,0.21923937360179,1788,,,1.6,Buy,1.75527813681277,Consumer Cyclical,
4825,JP3154500007,,,JP3154500007,0.10511,0.56193,0.67745,,0.195,-0.0334697117398215,-0.266611986906003,-0.118624594220874,-0.101481337709238,0.0184,9077643000,2189908639744,29.761904,31.871016,4.4600377,-0.00215222070045001,0.00651272942569568,0.0423053341508277,0.0576524263790958,0.140429338103757,0.215686274509804,-0.117647058823529,0.0810457843137254,5100,,,1.6,Buy,0.933823509109343,Technology,
4674,JP3271100004,,,JP3271100004,0.10583,0.29949,0.48924,,0.074,3.16703531385859,0.27902854465068,0.22767407784927,0.0155764092538285,0.0069,521530350,279052320768,18.484642,,2.2859843,-0.00912200684150513,0.0046242774566474,0.0175644028103045,0.0469879518072289,0.0675675675675676,,,,4345,,,,,,Technology,
7085,JP3205100005,,,JP3205100005,0.01741,0.09665,0.18263,0.61313,0.241,0.582184263330898,-0.0741371340143402,-0.0316218448272757,0.23161491181686,0.0205,9309894176,3682181054464,19.267767,25.06069,1.2254057,-0.030696981162311,-0.0497433584698621,-0.0139603675114498,0.0395042111182788,0.142127659574468,0.397168405365127,-0.124441132637854,0.101541915052161,536.8,,,1.8,Buy,0.768844233738177,Consumer Cyclical,
4290,JP3833620002,,,JP3833620002,0.03738,0.051999997,0.07688,,0.107,0.185899851762518,-0.366204256940476,-0.289428020565553,-0.314771084682209,0.0341,199868200,137564815360,18.050364,24.697172,1.0822414,-0.00944669365721997,0.00824175824175824,0.0323488045007032,0.0251396648044693,0.0485714285714286,0.0354223433242507,0.0354223433242507,0.0354223433242507,3670,,,,,0.730867647518509,Healthcare,
9692,JP3346200003,,,JP3346200003,0.08185001,0.12185001,0.083409995,,-0.356,0.82059306628203,0.33441329223818,0.270406193846086,0.197501805321532,0.028,8103889710,857797558272,24.50955,22.152578,7.20899,0.024016114037806,0.043746051800379,0.136934457250989,0.174724493423391,-0.0165178571428571,0.361779391738538,-0.24345589347859,-0.0366671962475412,6609,,,2.9,Hold,1.10639718772235,Technology,
3636,JP3902200009,,,JP3902200009,0.16389999,0.22288,0.29045,,0.046,0.128718886170466,-0.259374096850196,-0.191910437838351,-0.409291751935226,0.0213,2306492100,1192634220544,18.761719,17.973577,5.8253593,-0.00427990584207148,0.00746995777849951,0.0345747637576431,0.0515254237288136,0.0304506699147381,0.998710509348807,-0.0651192778852353,0.278744895766172,9306,,,2.1,Buy,1.04385003608352,Technology,
7915,JP3713200008,,,JP3713200008,0.072909996,0.35673,0.47553003,,0.197,0.027200932073798,-0.53143958415331,-0.347871317361487,-0.458729355556015,0.0157,1430708500,624417701888,34.483334,34.417603,3.7015252,-0.00859393650035808,0.000602337067823154,0.0245466880473665,0.0369538077403246,0.0515255095581719,0.372501805923429,-0.0609198169997592,0.159621719239104,8306,,,1.6,Buy,1.0019098076063,Technology,
3817,JP3161450006,,,JP3161450006,0.10414,0.04583,0.06498,0.32514,0.058,-0.293895553638747,-0.366002576411013,-0.258015575995124,0.663363612509767,0.0159,5567625000,638944804864,15.673592,24.585365,3.0571542,-0.00943396226415094,-0.00237529691211401,0.023142509135201,0.0349075975359343,-0.142857142857143,0.746031746031746,0.0317460317460317,0.435019841269841,1260,,,1.6,Buy,0.637517157056647,Communication Services,
6058,JP3835500004,,,JP3835500004,0.0032300001,-0.024330001,0.022650002,3.63838,,0.100325214871333,-0.30727761575882,-0.281815542250593,0.335345189330837,,9470806794,1545500360704,,-93.0749,1.6879236,-0.00839981505740669,-0.0344874269737129,-0.0111684879649628,-0.0135097493036212,-0.176395348837209,0.976563602993082,-0.188197091627841,0.325238881829733,708.3,,,2.5,Buy,,Consumer Cyclical,
4784,JP3863050005,,,JP3863050005,0.07554,0.04848,0.071669996,0.01431,0.03,0.429470077756663,-0.329313441898513,-0.263217996690469,-0.335737214705051,0.0288,4353870900,1382567510016,20.660736,23.9758,3.3411071,0,0.0110926234054354,0.0334467120181406,0.0417142857142857,0.0723529411764706,0.234229292375206,-0.157981349424026,0.0539570213933077,3646,,,2.1,Buy,0.861732914021639,Technology,
7990,JP3503800009,,,JP3503800009,0.24851999,0.19067,0.28109,0.00165,0.135,-0.0626637627002465,-0.474638628398219,-0.471203423442229,-0.192901773035258,0.0162,626131600,139008491520,18.553043,49.439102,7.9891853,0.0148026315789474,0.00488599348534202,0.0507493188010899,0.0685833044683062,0.143015931826602,0.296596434359806,0.296596434359806,0.296596434359806,3085,,,,,0.375270630926913,Technology,
8157,JP3533800003,,,JP3533800003,0.03881,0.104890004,0.15617,1.36015,-0.112,0.126546517291768,0.042583830487554,-0.0212069698257545,-0.0617264990081271,0.0355,33813940,20457236480,10.362641,,0.9536285,-0.00783545543584721,-0.00442260442260442,0.0160481444332999,0.00745897563401293,0.0109780439121756,,,,2026,,,,,,Industrials,
4480,JP3921310003,,,JP3921310003,0.0925,0.10139,0.12835,0.02348,0.187,-0.16604313842327,-0.304390389593151,-0.245447233084894,0.38015530895122,0.0157,2295282500,560166993920,31.846426,10.103499,5.314775,0.00209497206703911,0.00209497206703911,0.00384749912556838,0.00560616678346181,0.0673112681294161,-0.024390243902439,-0.0940766550522648,-0.0592334494773519,2870,,,,,3.15201951323992,Technology,
9755,JP3174600001,,,JP3174600001,0.10394,0.26885998,0.33886,,0.154,0.661758054812141,-0.295665727990631,-0.201552487812703,-0.0420776538620405,0.0147,1212120900,611713024000,24.391039,27.082767,3.6315954,-0.0357487922705314,-0.0449760765550239,-0.0167487684729064,0.00638655462184874,0.0727337871730563,0.302605210420842,-0.0647962591850367,0.0980293921175685,2994,,,2.1,Buy,0.900611041700429,Communication Services,
9619,JP3142100001,,,JP3142100001,0.03193,0.02953,0.09134,1.26005,1.201,0.240831396143854,0.0758068792633838,0.0133329344720822,-0.0902941827029419,0.0229,447203400,182635397120,34.842224,12.586511,1.0008789,-0.0211081794195251,0.023448275862069,0.0539772727272727,0.061516452074392,-0.0583756345177665,0.590296495956873,0.132075471698113,0.415094339622642,3710,,,,,2.76821940567962,Healthcare,
7921,JP3459000000,,,JP3459000000,0.04573,0.04975,0.06351,0.55695,0.907,-0.263432876863004,0.0696903619712168,-0.0964733227051269,-0.159923592194754,0.0264,170008350,48504393728,18.79745,11.934447,0.9350246,-0.00375536480686695,0.0305216426193119,0.0690846286701209,0.0752750434279097,-0.00695187165775401,0.938610662358643,0.238556812062466,0.588583737210555,1857,,,,,1.57505831648505,Healthcare,
6196,JP3399780000,,,JP3399780000,0.04911,0.09032,0.090950005,0.33688,-0.205,0.10745929463207,0.108446218781904,0.173707123379419,0.515477421578766,0.0248,272793240,88952225792,10.526316,9.669382,0.8233331,-0.00688976377952756,0.00198609731876862,0.0181634712411705,0.020738492665655,-0.0218128938439166,0.238850346878097,0.238850346878097,0.238850346878097,2018,,,,,1.08862345080585,Healthcare,
7860,JP3160950006,,,JP3160950006,-0.01638,-0.23337999,-0.17808,0.83956,,0.903270167587348,-0.0622377885737958,0.0935453680265689,1.01098058708199,,1745167530,119158767616,,28.976131,1.8316619,0.0260663507109005,0.0535279805352798,0.0789036544850498,0.0915966386554622,0.49482163406214,2.46420323325635,-0.230177059276366,0.551193225558122,1299,,,1.6,Buy,,Healthcare,
3663,JP3100260003,,,JP3100260003,0.03317,0.10931,0.14806,0.29393,-0.181,0.443918067929224,-0.211416345562274,-0.124307531264097,-0.182320271381248,0.0339,16676287980,5374345740288,21.05282,20.57328,3.1576078,0.00698943061711558,0.0412480169222634,0.0654761904761905,0.0896513558384062,0.110338345864662,0.760622989673269,-0.068901303538175,0.386913831047909,2953.5,,,1.5,Strong Buy,1.02330887442352,Healthcare,
9413,JP3547060008,,,JP3547060008,0.00694,0.017280001,0.032509997,0.16566,-0.608,-0.0907862250175548,-0.288781594059768,-0.219815414507772,0.531932734842571,0.0222,206909040,64799420416,18.796867,10.742857,0.46184987,-0.0157068062827225,0.00355871886120996,0.0339138405132906,0.0254545454545455,0.0502793296089386,-0.024822695035461,-0.024822695035461,-0.024822695035461,1128,,,,,1.7497083876291,Healthcare,
4641,JP3126350002,,,JP3126350002,0.02355,0.10391,0.06686,0.01412,,-0.319811376889206,-0.56060375366688,-0.44548255422968,-0.0910872514214795,0.0136,16656170,12929176576,18.759125,55.869568,1.5346215,-0.00387596899224806,-0.00387596899224806,0.028,0.028,0.0362903225806452,,,,257,,,,,0.335766422965719,Healthcare,
2326,JP3549020000,,,JP3549020000,0.030050002,0.06241,0.06351,0.17556,0.352,0.457471694582203,-0.238753763624116,-0.130846223839854,-0.144501278772379,0.0338,92656830,37670342656,12.406924,6.177016,0.7244105,0.0052790346907994,0.0341349883630722,0.0638467677573823,0.0537549407114625,0.0732689210950081,0.0502625656414104,0.0502625656414104,0.0502625656414104,1333,,,,,2.00856271053855,Healthcare,
4413,JP3855450007,,,JP3855450007,0.07002,0.15464,0.20536,0.05873,0.329,0.596995444606882,0.0594965126229338,0.0694619790732773,-0.202957287274313,0.0178,14946280800,5833658728448,14.471817,21.41839,1.8033637,-0.0102358700489542,-0.0266958424507659,-0.0189677988531098,-0.0475374732334047,-0.0862777321281841,0.672661870503597,-0.0107913669064748,0.297961600719425,11120,,,1.6,Buy,0.675672494524565,Healthcare,
7949,JP3303200004,,,JP3303200004,-0.040359996,-0.18881,-0.31281,0.3231,,0.180222725981457,-0.359496431677319,-0.317696327437395,0.0895159960310701,,751375400,137567469568,,9.434793,2.8332286,0.0200190657769304,0.00895803866100896,0.00895803866100896,-0.0115473441108545,0.114351162671402,3.11214953271028,0.0280373831775701,1.4376946728972,1070,,,1.5,Strong Buy,,Healthcare,
4849,JP3168700007,,,JP3168700007,-0.28278,0,0,0.09595,,0.236544194791569,0.496661108704905,0.195057455350962,0.0437659329928534,,792802920,73999310848,,-23.229599,5.8368635,0.0349344978165939,0.0463576158940397,0.0281995661605206,0.0149892933618844,-0.0114702815432742,1.10970464135021,0.160337552742616,0.645569620253165,948,,,2.6,Hold,,Healthcare,
7818,JP3635670007,,,JP3635670007,0.04422,0.10151,0.14854,0.70361,0.076,0.164679327949844,-0.335734534535105,-0.285278596502201,-0.198196466939885,0.0148,3241636750,2673178312704,18.314,19.428524,1.3352921,-0.00259627866724362,0.0336322869955157,0.0505925250683683,0.0350246969016614,-0.089652448657188,0.344902386117137,-0.0629067245119306,0.165056225596529,1152.5,,,2.4,Buy,0.942634654078714,Basic Materials,
2170,JP3977020001,,,JP3977020001,0.03771,0.04916,0.06647,0.6393,-0.239,0.94753404568988,-0.147699902313893,0.0126249239500857,-0.163230986194868,0.0409,2641831005,502809165824,19.120323,15.624657,1.6729658,-0.0205455801104972,-0.00804336422451478,0.00853333333333333,0.0141222738648552,-0.0300906137801334,0.374933897408778,-0.0375462718138551,0.129472942005993,2836.5,,,2,Buy,1.22372753526685,Basic Materials,
4687,JP3539000004,,,JP3539000004,0.080369994,0.08492,0.15028,0.15466,0.506,-0.118939235447312,0.0769340332885688,-0.047909127304984,-0.514839012586453,0.0283,629866300,175531540480,15.949287,19.915493,1.8123864,-0.0125698324022346,0.0128939828080229,0.0261248185776488,0.00855920114122682,-0.0497311827956989,0.414427157001414,0.0466760961810467,0.230551626591231,3535,,,2.5,Buy,0.800848214001029,Basic Materials,
4318,JP3266000003,,,JP3266000003,0.11193,0.18709,0.26925,0.4248,0.616,0.11274499868253,-0.322887348596233,-0.22722267470272,-0.33309842069058,0.0332,1302133120,527896576000,28.817884,17.474583,4.179334,0.00295983086680761,0.00338409475465313,0.00508474576271186,0.00508474576271186,-0.0153590701535907,0.0539629005059022,0.0539629005059022,0.0539629005059022,4744,,,,,1.64913142705608,Basic Materials,
6183,JP3835760004,,,JP3835760004,0.03799,0.05031,0.08804,0.8188,1.573,-0.0172927502198115,-0.174285204437,-0.131202687329883,0.550105966664753,0.0336,2894463600,448335183872,7.974441,14.504469,0.88300097,-0.0181705554408425,0.0254474875997412,0.0310060711188205,0.0234610417563495,0.00976852834996815,0.472134595162986,-0.0956887486855941,0.188222923238696,4755,,,,,0.549791998590228,Basic Materials,
9416,JP3800330007,,,JP3800330007,0.04552,0.044099998,0.06562,0.2882,0.08,0.0412548218965635,-0.326662056434664,-0.363391817728255,-0.199045140446917,0.0377,314726720,129239261184,10.775985,9.782288,1.0250006,-0.00971236458722451,0.0207932229495572,0.0437007874015748,0.0449349625541979,0.00760167236792094,-0.0569596378725009,-0.0569596378725009,-0.0569596378725009,2651,,,,,1.10158124561452,Basic Materials,
3661,JP3167310006,,,JP3167310006,,0.18807,0.26402,0.28924,0.502,0.0728209208769411,-0.31143556283008,-0.237378324967066,-0.331177395909756,0.0053,15774048300,4976540123136,40.814953,34.705547,4.4115744,-0.0107561929595828,-0.0058958401572224,-0.0162074554294976,-0.0343620744511613,0.0274204468517265,0.647446457990115,-0.245469522240527,0.0804695222405272,3035,,,2.6,Hold,1.17603543318306,Consumer Cyclical,
6200,JP3152670000,,,JP3152670000,0.03243,0.051680002,0.07545,0.00002,0.534,0.682208506641621,-0.040135430627072,-0.0612804433425696,0.148202644357196,0.0317,467663560,222776573952,24.213274,22.936357,1.4257951,-0.00315989045713082,0.0185105467068446,0.0331877729257642,0.028695652173913,0.095877721167207,0.0777683854606932,0.0777683854606932,0.0777683854606932,4732,,,,,1.05567218019845,Industrials,
3962,JP3507750002,,,JP3507750002,0.07828,0.102139995,0.11447,1.46116,0.358,-0.118237887594945,-0.217341722320056,-0.144402700808414,0.0938339488206861,0.0321,1603276200,345303777280,9.242334,14.266065,2.9306753,-0.00369458128078818,0.013022789882294,0.0371794871794872,0.0361168032786885,0.0369136118943861,0.433868974042027,0.255871446229914,0.368603213844252,2022.5,,,1.4,Strong Buy,0.647854471432732,Industrials,
7868,JP3287700003,,,JP3287700003,0.00865,0.02675,0.10767,1.17067,12.819,0.34273050067917,-0.230554504457002,-0.241640153278202,-0.184886353445452,0.0495,1969618350,575539707904,123.441315,24.507008,1.0669196,-0.0276841598459316,-0.0170357751277683,0.00123946455131383,0.00422675285927399,-0.00296223154776598,0.126516464471404,-0.108690269868779,0.0342022777915326,4039,,,2.9,Hold,5.03698023846893,Communication Services,
3844,JP3305560009,,,JP3305560009,0.06379,0,0.1234,2.36902,-0.011,0.172651691410001,-0.286741660181567,-0.323400685788289,-0.0397955529586235,0.0152,3019927625,310846947328,18.692698,16.39401,3.6232548,0.000423011844331641,0,0.00766936514699617,-0.0117007939824488,-0.0607625099285147,0.353065539112051,0.226215644820296,0.280338266384778,1182.5,,,,,1.14021511515486,Consumer Cyclical,
9729,JP3552250007,,,JP3552250007,0.03938,0.08592,0.13248,0.23894,0.786,0.0378794141556098,-0.425036364260412,-0.345893320961361,0.169109100272199,0.0201,728770920,379681243136,18.1486,10.339444,2.3308809,-0.00278862242052426,0.00364861072130227,0.0176437108708025,0.0118845500848896,0.0272910083309394,0.342281879194631,0.0906040268456376,0.21923937360179,1788,,,1.6,Buy,1.75527813681277,Consumer Cyclical,
6036,JP3236320002,,,JP3236320002,0.10511,0.56193,0.67745,,0.195,-0.0334697117398215,-0.266611986906003,-0.118624594220874,-0.101481337709238,0.0184,9077643000,2189908639744,29.761904,31.871016,4.4600377,-0.00215222070045001,0.00651272942569568,0.0423053341508277,0.0576524263790958,0.140429338103757,0.215686274509804,-0.117647058823529,0.0810457843137254,5100,,,1.6,Buy,0.933823509109343,Technology,
3371,JP3436040004,,,JP3436040004,0.10583,0.29949,0.48924,,0.074,3.16703531385859,0.27902854465068,0.22767407784927,0.0155764092538285,0.0069,521530350,279052320768,18.484642,,2.2859843,-0.00912200684150513,0.0046242774566474,0.0175644028103045,0.0469879518072289,0.0675675675675676,,,,4345,,,,,,Technology,
7840,JP3826500005,,,JP3826500005,0.01741,0.09665,0.18263,0.61313,0.241,0.582184263330898,-0.0741371340143402,-0.0316218448272757,0.23161491181686,0.0205,9309894176,3682181054464,19.267767,25.06069,1.2254057,-0.030696981162311,-0.0497433584698621,-0.0139603675114498,0.0395042111182788,0.142127659574468,0.397168405365127,-0.124441132637854,0.101541915052161,536.8,,,1.8,Buy,0.768844233738177,Consumer Cyclical,
9790,JP3803800006,,,JP3803800006,0.03738,0.051999997,0.07688,,0.107,0.185899851762518,-0.366204256940476,-0.289428020565553,-0.314771084682209,0.0341,199868200,137564815360,18.050364,24.697172,1.0822414,-0.00944669365721997,0.00824175824175824,0.0323488045007032,0.0251396648044693,0.0485714285714286,0.0354223433242507,0.0354223433242507,0.0354223433242507,3670,,,,,0.730867647518509,Healthcare,
5036,JP3746810005,,,JP3746810005,0.08185001,0.12185001,0.083409995,,-0.356,0.82059306628203,0.33441329223818,0.270406193846086,0.197501805321532,0.028,8103889710,857797558272,24.50955,22.152578,7.20899,0.024016114037806,0.043746051800379,0.136934457250989,0.174724493423391,-0.0165178571428571,0.361779391738538,-0.24345589347859,-0.0366671962475412,6609,,,2.9,Hold,1.10639718772235,Technology,
4658,JP3699500009,,,JP3699500009,0.16389999,0.22288,0.29045,,0.046,0.128718886170466,-0.259374096850196,-0.191910437838351,-0.409291751935226,0.0213,2306492100,1192634220544,18.761719,17.973577,5.8253593,-0.00427990584207148,0.00746995777849951,0.0345747637576431,0.0515254237288136,0.0304506699147381,0.998710509348807,-0.0651192778852353,0.278744895766172,9306,,,2.1,Buy,1.04385003608352,Technology,
9663,JP3648700007,,,JP3648700007,0.072909996,0.35673,0.47553003,,0.197,0.027200932073798,-0.53143958415331,-0.347871317361487,-0.458729355556015,0.0157,1430708500,624417701888,34.483334,34.417603,3.7015252,-0.00859393650035808,0.000602337067823154,0.0245466880473665,0.0369538077403246,0.0515255095581719,0.372501805923429,-0.0609198169997592,0.159621719239104,8306,,,1.6,Buy,1.0019098076063,Technology,
6088,JP3348950001,,,JP3348950001,0.10414,0.04583,0.06498,0.32514,0.058,-0.293895553638747,-0.366002576411013,-0.258015575995124,0.663363612509767,0.0159,5567625000,638944804864,15.673592,24.585365,3.0571542,-0.00943396226415094,-0.00237529691211401,0.023142509135201,0.0349075975359343,-0.142857142857143,0.746031746031746,0.0317460317460317,0.435019841269841,1260,,,1.6,Buy,0.637517157056647,Communication Services,
2168,JP3781490002,,,JP3781490002,0.0032300001,-0.024330001,0.022650002,3.63838,,0.100325214871333,-0.30727761575882,-0.281815542250593,0.335345189330837,,9470806794,1545500360704,,-93.0749,1.6879236,-0.00839981505740669,-0.0344874269737129,-0.0111684879649628,-0.0135097493036212,-0.176395348837209,0.976563602993082,-0.188197091627841,0.325238881829733,708.3,,,2.5,Buy,,Consumer Cyclical,
4743,JP3530000003,,,JP3530000003,0.03754,0.02954,0.04834,0.95197,0.172,1.22475757729045,-0.208658927675548,-0.0443303855711269,0.0849928503299429,0.0275,2170634830,352705150976,12.9035845,13.092423,1.1541122,-0.0348547717842324,-0.0222782681799075,-0.00598290598290598,-0.0189793336145086,-0.0791765637371338,0.676698194325022,-0.0885640584694755,0.340130180567498,1163,,,1.7,Buy,0.985576504822675,Consumer Defensive,
3660,JP3102320003,,,JP3102320003,0.02385,0,0.02398,1.14996,-0.472,0.1512717582666,-0.315039437926692,-0.275889668985026,-0.124183352156873,0.0348,504087925,195404414976,8.810498,4.927564,0.78822845,-0.0103369065849923,0.00583657587548638,0.016515926071569,0.0209320695102686,0.0209320695102686,,,,1292.5,,,,,1.78800275349037,Consumer Defensive,
2749,JP3386190007,,,JP3386190007,0.08535,0.085310005,-0.054229997,1.14213,,-0.0454815813473969,-0.423915413124046,-0.365212645367144,-0.210932661145121,0.017,35558640,47021850624,15.898058,7.462025,3.4290001,0.000848896434634975,0.00597269624573379,0.00769230769230769,0.00855431993156544,0.0333041191936897,,,,1179,,,,,2.13052864336423,Consumer Defensive,
9470,JP3234200008,,,JP3234200008,0.02112,0.01956,0.04966,0.02991,0.063,-0.50807055050775,-0.0456928838951311,-0.0913431452080195,-0.167389574214087,0.0299,19155850,17578575872,13.351658,,0.65729046,-0.00865800865800866,0.0113564668769716,0.0402336145360156,0.0203691915977085,0.0552995391705069,,,,1603,,,,,,Basic Materials,
4746,JP3590850008,,,JP3590850008,0.04023,0.116639994,0.12015,0.03119,0.874,0.178238805970149,-0.313990973565442,-0.294562106468231,-0.383361854006747,0.0227,386977500,185840533504,15.503603,20.905428,1.0442791,-0.00451467268623025,0.008,0.0114678899082569,0.029171528588098,0.0126291618828932,0.473922902494331,0.473922902494331,0.473922902494331,4410,,,2,Buy,0.741606581793016,Consumer Defensive,
4323,JP3712550007,,,JP3712550007,0.04028,0.07033,0.021659998,0.45986,-0.668,-0.489692950843304,-0.442636133637674,-0.371271666380642,0.222167367089641,0.029,135550560,67002421248,11.13602,,1.0387326,-0.000935453695042095,0.0200573065902579,0.0293975903614458,0.0348837209302326,0.126582278481013,,,,2136,,,,,,Consumer Defensive,
9742,JP3105000008,,,JP3105000008,0.04789,0.12636,0.23391001,2.63342,7.555,-0.0564200170557774,-0.285708786202826,-0.230534987869019,-0.29085359430211,0.0313,969568600,88558886912,17.12292,8.442024,2.526061,-0.003125,0.019634703196347,0.00585585585585586,-0.0645161290322581,-0.163449577090745,0.61218092252575,0.0792655620241827,0.285266457680251,2233,,,,,2.02829558409216,Utilities,
7914,JP3252800002,,,JP3252800002,0.0075,0.25367,0.01704,,,-0.215513380360542,-0.336151600211934,-0.392992933802442,0.368314231943834,0.0235,155085300,38226993152,14.493082,,1.3634967,-0.0108359133126935,0.00313971742543171,0.00947867298578199,-0.0405405405405405,0.0721476510067114,,,,639,,,,,,Energy,
9928,JP3910700008,,,JP3910700008,0.04479,0.07022,0.08863,0.41877,0.462,0.317260370430912,-0.375885787549595,-0.249785781715199,0.292764033143867,0.0178,2072459800,274206457856,19.53147,,1.7077105,0.0641221374045802,0.0449775112443778,0.0434131736526946,-0.0681818181818182,-0.00428571428571429,,,,3485,,,,,,Basic Materials,
7366,JP3974470001,,,JP3974470001,0.08093,0.22082001,0.60152,0.24637,0.629,0.104683768606043,0.008817406459559,0.268412335630388,0.123362170257283,0.0286,22739342990,4524691423232,10.570819,14.578987,0.8912698,-0.00407228302367015,-0.00584349593495935,-0.00432569974554707,0.000255623721881391,0.130924855491329,0.277791975466394,-0.263991822131357,0.0879818553539484,3913,,,2.1,Buy,0.725072256392025,Energy,
9740,JP3425400003,,,JP3425400003,0.0231,0.12694,0.09526,0.09263,-0.794,-0.206795030687873,0.00652142425338396,0.146595443112644,-0.00655790091102586,0.0233,2785032330,492360073216,9.242046,12.793474,0.83497494,-0.00515729757607014,0.00994764397905759,0.00416449765747007,0.00941915227629513,0.122817229336438,0.088646967340591,-0.0150336962156558,0.0393986521513738,1929,,,3,Hold,0.722403156484314,Energy,
4848,JP3827800008,,,JP3827800008,0.05187,0.081020005,0.13063,,-0.09,0.329283857612029,-0.176680263706737,-0.250938748335553,0.0088540755467197,0.03,334076160,103424745472,14.10462,12.898067,0.9372003,-0.0177574835109082,0.0020703933747412,0.00519210799584631,-0.0290872617853561,0.0761534185658699,,,,1936,,,,,1.09354525759558,Utilities,
212A,JP3803140007,,,JP3803140007,0.05702,0.06836,0.061750002,0.12671,0.348,0.0624270668604149,-0.0382824396786319,-0.0305697002285253,-0.0191547419641837,0.0439,1281967530,300509528064,10.10125,19.911644,1.3928761,-0.010844306738962,0.0254282655246253,0.0287325456498389,-0.00441787941787942,0.0359653866955111,0.0180109631949883,-0.0707387105194466,-0.0263638736622292,1915.5,,,,,0.507303666136257,Industrials,
3854,JP3105180008,,,JP3105180008,0.06258,0.06086,0.070760004,0.00687,0.486,3.85999294420885,-0.20926689606262,-0.0992769167167183,-0.166384639107524,0.023,3687803280,671611092992,18.939419,23.2056,1.7023321,0.0389518413597734,0.0892890291442361,0.0923306031273269,0.0733491860252424,0.109682299546142,0.0395364689843218,-0.301295160190866,-0.0882753919563736,5868,,,,,0.816157263763919,Industrials,
4828,JP3618800001,,,JP3618800001,0.06157,0.039,0.04824,,-0.086,0.442844501649103,-0.00347428184052201,0.17100312082033,-0.260000946835203,0.0301,283955000,147642105856,10.741138,15.964471,1.2778944,-0.0191740412979351,0.00910470409711684,-0.0140845070422535,-0.036231884057971,0.0160427807486631,,,,13300,,,0,Strong Buy,0.672815153098402,Real Estate,
4326,JP3152790006,,,JP3152790006,,0.078990005,0.08695,0.45852,0.093,0.5238902748031,-0.0899937034990555,0.323810781368633,0.132088531829427,0.0301,11141819400,2057175040000,12.300075,26.512606,2.2044103,-0.00864100549882168,0.0293637846655791,0.0120288692862871,-0.0539730134932534,-0.0703499079189687,0.751188589540412,-0.0966719492868463,0.285940649762282,12620,,,1.6,Buy,0.463933081493385,Industrials,
3763,JP3833730009,,,JP3833730009,0.043909997,0.072519995,0.052449998,0.27364,1.223,0.532773108101865,-0.260790296455343,-0.13998873358448,0.0621482218717711,0.0305,7834087980,2119320469504,12.361172,22.347055,1.7030383,-0.0147011824864174,0.0208609271523179,0.0235723771580345,-0.00804375804375804,-0.0252924438823901,0.524489133960428,-0.0269218293869608,0.236620175154071,3083,,,1.6,Buy,0.553145459211516,Industrials,
4481,JP3835210000,,,JP3835210000,0.029690001,0.08135,0.03994,0.55696,3.982,0.238632063497879,-0.0236989116312423,-1.02933607823434E-05,-0.127740003245877,0.0327,8536502340,1600494764032,12.626506,28.714075,1.5778655,-0.0227932034811438,0.0174757281553398,-0.000847457627118644,-0.0692717584369449,-0.0258211113406321,0.441899915182358,-0.0245971162001696,0.22682663273961,2358,,,2.4,Buy,0.439732291567811,Industrials,
3771,JP3351070002,,,JP3351070002,0.050180003,0.048860002,0.095649995,0.73346,0.735,0.503383832587322,-0.287256753509561,-0.104819114890267,-0.0604473145535657,0.0366,2502444120,723852918784,13.36888,12.855732,1.270185,-0.0188476036618201,0.00718629076838032,0.00496414782129068,-0.0313662945241893,0.0165519806583597,0.390413465056714,0.0976948408342481,0.21569703622393,2733,,,,,1.03991589121491,Consumer Cyclical,
4051,JP3386710002,,,JP3386710002,,0.059439998,0.06331,0.58946,0.179,0.43034556773309,-0.261840239286979,-0.142929670360124,0.332057152703438,0.0293,10511465640,2300872491008,13.106081,18.681526,1.6777421,-0.0177549812586309,0.0223819301848049,0.0167449458852359,-0.0401002506265664,-0.030379746835443,0.847760594496887,0.0845551315525206,0.407339425587467,4979,,,1.4,Strong Buy,0.701553020882769,Industrials,
2395,JP3379950003,,,JP3379950003,0.03187,0.06511,0.06814,1.11804,1.82,-0.0816802152983936,0.146996893083798,-0.0329917475287929,0.136467167677743,0.044,664633350,224468992000,9.328389,12.978563,1.167593,-0.00768022342468145,0.0219306129786087,0.0375981018434021,0.00815747472956198,0.0684081939485059,0.372031662269129,0.0158311345646438,0.18117854001759,5685,,,2.4,Buy,0.718753609317149,Industrials,
3836,JP3548680002,,,JP3548680002,,0,0.04024,0.3475,-0.07,0.637019820704191,-0.131697687535251,-0.0410675552481846,0.334827289912356,0.052,782008100,207173140480,11.273935,,1.079288,-0.011986301369863,0.0212389380530973,0.0212389380530973,-0.00517241379310345,-0.00345423143350604,,,,5770,,,,,,Industrials,
9474,JP3430400006,,,JP3430400006,0.06799,0.07825,0.07169,,-0.033,0.522972972972973,-0.334029161527027,-0.240107869575876,0.10208813293466,0.0384,268765200,136389066752,10.615768,15.376849,1.0417324,-0.00251889168765743,0.0179948586118252,0.0259067357512953,-0.00126103404791929,-0.0503597122302158,0.313131313131313,0.262626262626263,0.287878787878788,3960,,,2,Buy,0.690373430863501,Industrials,
7856,JP3765500008,,,JP3765500008,0.04504,0.03299,0.04555,0.28746,0.596,-0.16488049500546,-0.390917400967932,-0.370279909835364,-0.0787615512202828,0.0617,300720520,72129380352,14.143303,,1.511278,-0.0043859649122807,0.0236753100338219,0.0424799081515499,0.028312570781427,0.0377142857142857,,,,908,,,,,,Industrials,
3632,JP3274070006,,,JP3274070006,0.02606,0.067540005,0.0478,0.4299,2.376,0.154041887941245,-0.505346399456309,-0.415242884627631,-0.130115316706489,0.0395,1061294835,449536458752,12.315491,16.650219,0.933892,-0.00491480996068152,0.0280974949221395,0.0315896739130435,-0.00686723348593852,0.0157190635451505,0.251234771155746,-0.143891998682911,0.126111294040171,1518.5,,,,,0.739659400275756,Industrials,
4718,JP3993750003,,,JP3993750003,0.040149998,0.04217,0.02868,0.31467,0.247,-0.0225995684413169,-0.191058005373795,-0.197278342945194,0.549729713529467,0.0377,1109597590,225509212160,11.350612,3.5361207,1.2259929,0.00226586102719033,0.0302795031055901,0.0383411580594679,0.0106626047220107,-0.0713785864240728,0.695553880934439,0.243406179351922,0.489073097211756,1327,,,,,3.20990513700508,Industrials,
4709,JP3153600006,,,JP3153600006,0.05208,0.05544,0.048800003,0.1918,0.149,-0.0476372406217913,-0.165305027877215,-0.276019160211985,0.224625835611248,0.0502,221207910,94697455616,11.148391,,1.2471019,0,0.0286116322701689,0.0423003802281369,0.0339462517680339,0.158478605388273,,,,2193,,,,,,Industrials,
2153,JP3130480001,,,JP3130480001,0.06617,0.06611,0.09826,0.40505,0.22,-0.0233138730987863,0.0335900553979193,0.182051773729626,0.00714976603142248,0.0463,203574540,102113189888,10.941106,24.89726,1.588593,-0.00863636363636364,0.023943661971831,0.0205896116050538,-0.0245974955277281,-0.0525629887054735,,,,2181,,,,,0.439450204560662,Industrials,
3932,JP3107000006,,,JP3107000006,0.0672,0.049629997,0.08203,0.6069,-0.001,0.345220695703011,-0.352701948617218,-0.270199180340139,-0.164617332507567,0.0486,4280772160,1091854598144,11.210702,2.402747,2.2097,-0.0117924528301887,0.00872705386698766,0.0163735597331716,0.0154498636776734,0.0377708978328173,0.10381861575179,-0.045346062052506,0.0187947494033413,3352,,,,,4.66578545306684,Real Estate,
3668,JP3305960001,,,JP3305960001,0.07359,0.10519,0.1167,,0.044,0.0840406927145539,0.0896122071238318,0.49699854298203,0.703440353460972,0.0337,449266300,135520190464,8.904688,,1.0006132,-0.00813356164383562,0.0225066195939982,0.0362254025044723,0.0135608048993876,0.0189094107299912,,,,2317,,,,,,Industrials,
6078,JP3778410005,,,JP3778410005,0.04757,0.02842,-0.014090001,0.00967,,0.00780736734350884,-0.273880385112601,-0.133861092009352,0.154589717512862,0.0559,499518600,74394214400,21.692266,,1.4491906,-0.00617283950617284,0.00750938673341677,0.0157728706624606,0.00311526479750779,0.013215859030837,,,,1610,,,,,,Industrials,
4072,JP3551440005,,,JP3551440005,0.052399997,0.055749997,0.06723,0.25509,0.092,0.104931694959396,-0.220773882195283,-0.0992497210501341,0.128243456646542,0.0352,893921930,169276735488,8.810626,16.372477,1.4590182,-0.0072562358276644,0.0228971962616822,0.0590227382680213,0.0228971962616822,0.0595353339787028,-0.0406578346276839,-0.0406578346276839,-0.0406578346276839,2189,,,,,0.538136410269503,Industrials,
9628,JP3286300003,,,JP3286300003,0.04792,0.0435,0.06099,1.27205,0.061,0.345624170089377,0.470486313795909,0.416877499387905,0.394235175741659,0.0329,3986845660,427661492224,12.594539,22.805246,2.2310255,-0.000631711939355654,0.018018018018018,0.100139082058414,0.047682119205298,0.0209745079057761,0.580278128950695,-0.115044247787611,0.337968836915297,1582,,,1.5,Strong Buy,0.552264992011049,Industrials,
6027,JP3835870001,,,JP3835870001,0.05037,0.04711,0.02347,0.15503,-0.496,0.230102451438888,-0.389693191815953,-0.231770736253495,0.0176415431327023,0.051,203536410,54618521600,11.695952,,1.2681612,-0.00732356857523302,0.00471698113207547,0.0122199592668024,0.000671140939597315,0.0289855072463768,,,,1491,,,,,,Industrials,
4337,JP3801570007,,,JP3801570007,0.0312,0.03461,0.04926,1.28861,-0.643,0.594135207929879,-0.220176147815634,0.240927742848116,0.220320883753888,0.0408,6219422055,752067477504,8.920649,1.9583892,0.68703866,-0.0227091633466135,-0.00527169505271695,0.00697865353037767,-0.0258141382049245,-0.0934959349593496,0.565430085609458,0.141459437423563,0.332246229107216,1226.5,,,2.3,Buy,4.55509507507496,Consumer Cyclical,
4826,JP3346170008,,,JP3346170008,0.04947,0.062800005,0.09276,1.15364,0.09,0.740382757443664,-0.203525999453278,-0.225113123823147,-0.179953524082832,0.0202,7984476500,2823864713216,8.045044,9.683245,0.97023636,-0.0146995244271509,-0.00632221495530848,-0.00869943453675511,-0.0157633340531203,-0.00653879686137751,0.261518209741115,0.00921456779289162,0.112086156208864,4558,,,2.6,Hold,0.830821072894469,Real Estate,
4765,JP3922100007,,,JP3922100007,0.09677,0.0928,0.112799995,0.02119,0.249,0.103493853297931,-0.317870811560114,-0.185856603773585,-0.0411486486486487,0.0135,519238250,161132232704,13.605325,18.626614,1.9081696,-0.00883838383838384,0.0261437908496732,0.0438829787234043,0.0194805194805195,0.0288335517693316,0.105732484076433,-0.13375796178344,0.021656050955414,3925,,,3.3,Hold,0.730423951449254,Industrials,
4725,JP3346300001,,,JP3346300001,0.046830002,0.0616,0.09866,0.81733,-0.024,0.303882635064754,-0.289847144411119,-0.118698906208541,-0.249735510725389,0.0436,8830868000,2172151398400,8.503402,8.875113,0.9655979,-0.0155744930943285,0.00239377618192699,-0.00327283546563523,0.00873230954531768,-0.0190336749633968,0.298507462686567,0.0149253731343284,0.147595313432836,3350,,,2.1,Buy,0.958117603685722,Consumer Cyclical,
4343,JP3131420006,,,JP3131420006,0.04911,0.045739997,0.05503,0.05805,1.524,0.203057405337092,-0.270755995521773,-0.276153676594531,0.0516758429959658,0.0295,315111340,181470543872,17.574669,24.553904,1.1736088,-0.0119670905011219,0.0134253931722286,0.0212601468882876,-0.00751314800901578,0.0722402597402597,0.211203633610901,0.211203633610901,0.211203633610901,2642,,,,,0.715758642698937,Industrials,
6564,JP3887800005,,,JP3887800005,0.052059997,0.078260005,0.03032,0.00739,21.256,-0.219424922472797,-0.506014716592581,-0.389228383094223,0.254636813403047,0.0371,173086850,64801132544,11.668377,,0.95716935,-0.00418888042650419,0.0171139634383508,0.0179057999221487,0.000765403750478377,0.0426634768740032,,,,2615,,,,,,Industrials,
3679,JP3386490001,,,JP3386490001,0.0678,0.08141,0.11686,0.07127,0.862,0.195547577630556,-0.352723048742349,-0.335528228499587,0.115307559452637,0.0365,189744170,109011607552,14.534554,,1.5442271,0.00217580504786771,0.0285841893702546,0.0149845747025121,-0.00518358531317495,0.0888888888888889,,,,2303,,,,,,Industrials,
9632,JP3399800006,,,JP3399800006,0.056360003,0.0796,0.10309,,0.061,0.136982340183827,-0.237104241017042,-0.136597443733131,0.0201378275881587,0.0272,385477500,272653893632,15.060242,,1.0778261,-0.00961538461538462,0.0117878192534381,0.005859375,-0.0152963671128107,0.0117878192534381,,,,5150,,,,,,Industrials,
6062,JP3512740006,,,JP3512740006,0.09071,0.0872,0.12478,0.02919,0.07,0.166756821784662,-0.501969756960139,-0.491002785664637,-0.319741741043308,0.0235,3750005790,1103134326784,17.7934,32.690495,2.861751,-0.019978783592645,0.0270520659625718,0.0202466408982146,-0.0363351877607789,-0.0175469691598724,0.515424860184016,0.172650189428108,0.355635143424139,5543,,,,,0.544298885654683,Industrials,
9769,JP3235400003,,,JP3235400003,0.07358,0.09716,0.08377,0.56624,1.371,0.103261726514214,-0.536447475032546,-0.502652046647772,-0.218067411998966,0.0202,3741521420,1139693846528,19.762701,34.86114,2.6327689,-0.0101428571428571,0.0272794662713121,0.0256068679692126,-0.0313155319446386,-0.0379061371841155,0.472073892336557,0.219512195121951,0.34098239284168,6929,,,,,0.566897726236147,Industrials,
7893,JP3119000002,,,JP3119000002,0.04887,0.073860005,0.08247,0.47019,1.119,0.333725790310237,-0.28657091440019,-0.109462817816861,-0.127937965399474,0.0337,368967680,210484019200,11.737114,,1.3475896,0.0035650623885918,0.0416281221091582,0.0454967502321263,-0.0148731408573928,0.0647754137115839,,,,2252,,,0,Strong Buy,,Industrials,
2429,JP3990220000,,,JP3990220000,0.05975,0.08084,0.03091,0.00045,1.441,0.617360965962989,-0.400297594353451,-0.311388941148301,-0.211228223844282,0.0308,394061250,240957210624,13.3331175,23.161144,1.1531845,-0.0072202166064982,0.0261194029850746,0.0403530895334174,0.00121359223300971,0.0456273764258555,0.260606060606061,0.260606060606061,0.260606060606061,4125,,,,,0.57566748430043,Industrials,
4671,JP3802650006,,,JP3802650006,0.059510004,0.042579997,0.06865,0.34938,0.903,0.113180615407878,-0.402876388130348,-0.315570733966196,-0.142998820934124,0.0305,1142677370,532861157376,17.361065,22.138695,1.5529772,-0.00455753892897835,0.0252298063759046,0.0316866758512104,0.0125555340931041,-0.00738496496875592,0.220908050362457,-0.0843189622281572,0.121709271270507,2621,,,,,0.784195500231608,Industrials,
3837,JP3122030004,,,JP3122030004,0.0793,0.083330005,0.026919998,0.03022,0.73,0.270401767890138,-0.541852567090631,-0.470551107474724,-0.00275288776543234,0.037,419418000,147583860736,12.13574,,1.8183461,-0.00917431192660551,0.0172684458398744,0.0318471337579618,0.00934579439252336,-0.0442477876106195,,,,3240,,,1,Strong Buy,,Industrials,
4662,JP3802740005,,,JP3802740005,0.07043,0.08592,0.108739994,0.08336,0.09,0.411082517018097,-0.387833840613881,-0.335908778484694,-0.235610790668173,0.0272,1386111800,572032548864,14.285713,16.278181,1.6454844,-0.000247249350970454,0.0290113245960046,0.0253581843540003,-0.0128173828125,-0.0243696465194837,0.681711388648448,-0.0478545814269816,0.39112155310993,8087,,,1.8,Buy,0.877598854564893,Industrials,
4390,JP3104910009,,,JP3104910009,0.03136,0.06696,0.07756,0.08387,1.072,-0.0634305015519086,-0.222286131653428,-0.128734445483714,-0.119548647092689,0.0223,3336327330,565126365184,13.494999,19.166666,1.3276924,-0.0105954651409197,0.0130180082447386,0.0097318339100346,-0.0432377049180328,0.0123590633130963,0.285071749839366,-0.22895695009638,0.0794602698650675,2334.5,,,2.6,Hold,0.704086928837806,Industrials,
9658,JP3800300000,,,JP3800300000,0.11571,0.121070005,0.12684,0.01257,0.253,0.255990879903215,-0.0180731743155214,-0.121284089765523,0.0633947329848047,0.0084,488048500,146190172160,12.484461,,2.163504,-0.0027972027972028,0.0273775216138329,0.0229555236728838,-0.00418994413407821,0.126382306477093,,,,7130,,,,,,Industrials,
9552,JP3167370000,,,JP3167370000,0.06337,0.08821,0.09137,0.11969,1.083,0.501832521973554,-0.37549264533757,-0.371857649735362,0.136301286867169,0.0293,319698840,161421000704,13.550164,4.973751,1.2902529,-0.012736395214203,0.0150793650793651,0.0179068842021488,-0.0161538461538462,0.0557160544779199,,,,2558,,,0,Strong Buy,2.72433501395627,Industrials,
9622,JP3400050005,,,JP3400050005,0.088549994,0.08422,0.09962,0.19125,-0.28,0.273028197084972,-0.162966629243776,-0.243963950598969,-0.00709293361048491,0.0261,2502650130,616756477952,16.501524,14.059004,2.980495,0.0109395109395109,0.0424684804246848,0.0723549488054608,0.0468680586406042,0.123480333730632,0.464035646085296,0.113940165499682,0.267769997878209,4713,,,1.3,Strong Buy,1.17373350203187,Industrials,
9739,JP3712500002,,,JP3712500002,0.09232,0,0.11323,0.1304,0.107,-0.0395424297420668,-0.574397339983375,-0.436063423479033,-0.288039983446344,0.0368,238893300,101303304192,10.929038,,1.9831973,-0.018796992481203,0.0289093298291721,0.0467914438502674,-0.00508259212198221,-0.00760456273764259,,,,3915,,,,,,Industrials,
2305,JP3399240005,,,JP3399240005,0.057189997,0.09314,0.08276,0.01165,0.107,0.229098078604245,-0.411563059606037,-0.373444848961921,-0.0771593043689026,0.0467,113760330,78630289408,14.641026,,1.1540016,-0.0166475315729047,0.00234055002925688,0.0160142348754448,-0.0115406809001731,-0.0745542949756888,,,,1713,,,,,,Industrials,
4719,JP3126330004,,,JP3126330004,0.052389998,0.05217,0.057740003,0.01983,-0.265,0.141676281990656,-0.444424966075174,-0.385293882447021,-0.0734768220098294,0.0359,703788800,241662148608,15.674046,10.074147,1.3879964,-0.00645994832041344,0.0145118733509235,0.0391891891891892,0.00391644908616188,-0.119129438717068,0.508452535760728,0.157347204161248,0.337234460338102,3845,,,2.3,Buy,1.55586830329158,Industrials,
4301,JP3124500004,,,JP3124500004,0.11166,0.10268,0.17727,0.02518,-0.051,0.0310043540516057,-0.411233298896656,-0.325097165889057,-0.204298039139714,0.0294,1490036240,378560217088,14.104604,9.932111,2.9065723,0.0065359477124183,0.0663265306122449,0.102902374670185,0.0212914485165794,0.104567761419404,0.367053998632946,0.367053998632946,0.367053998632946,2926,,,,,1.42010132589134,Industrials,
3040,JP3436300002,,,JP3436300002,0.07517,0.09759,0.12158,,0.331,0.272861733054521,-0.498146564014828,-0.4230380744296,0.215986590405998,0.0311,290122000,132873428992,16.129032,,1.8408868,-0.00155038759689922,0.0488599348534202,0.0471544715447155,0.00625,0.0776439089692102,,,,3220,,,,,,Industrials,
6089,JP3154160000,,,JP3154160000,0.029660001,0.05076,0.040149998,0.27091,-0.025,0.114386163420351,-0.405331776610235,-0.295781535176831,-0.447189226958013,0.0228,449382150,246257647616,11.587382,12.90169,0.8755453,-0.0135761589403974,-0.00501002004008016,0.00303030303030303,0.00573936529372046,0.0482054890921886,,,,2979,,,0,Strong Buy,0.898129004804797,Consumer Defensive,
4801,JP3425600008,,,JP3425600008,0.035720002,0.03496,0.05144,0.16757,-0.167,1.35213306845348,-0.428277867255656,-0.122929752163457,0.138319042854185,0.0325,1923534540,558669430784,17.636154,15.676736,1.0830871,-0.0414967618133845,-0.0286825473991249,-0.0203481245403285,-0.0193865030674847,0.0162767039674466,0.0760760760760761,0.001001001001001,0.0460460460460461,1998,,,,,1.12498890075077,Consumer Defensive,
9726,JP3260400001,,,JP3260400001,0.03636,0.04526,0.05396,0.0081,-0.035,-0.20513365950507,-0.271101942582087,-0.185511666920848,-0.156428982428186,0.0365,39163040,69779087360,21.008772,,1.4158821,-0.00312174817898023,0.00842105263157895,0.0301075268817204,0.0475669764898852,0.108796296296296,,,,1916,,,,,,Consumer Defensive,
590A,JP3264880000,,,JP3264880000,0.02764,0.03091,0.03767,0.3446,-0.003,-0.0891999038923594,-0.208123310687413,-0.0829325513196481,-0.170364996093314,0.0355,189675600,128200032256,12.0771475,12.816765,0.84310204,-0.00879396984924623,0.0102432778489117,0.00509554140127389,0.0313725490196078,0.131994261119082,,,,3945,,,,,0.942292965502605,Consumer Defensive,
9702,JP3100700008,,,JP3100700008,0.04008,0.03703,0.02192,0.09712,2.482,0.358064605266794,0.0931250670332777,0.154889425870982,-0.071304473460837,0.0369,131279820,59056926720,10.799181,14.0190735,0.78807545,-0.00962463907603465,0.00341296928327645,0.0238805970149254,0.0264339152119701,0.0865892291446674,,,,2058,,,,,0.770320592156108,Consumer Defensive,
4345,JP3346970001,,,JP3346970001,0.041789997,0.021879999,0.027290002,0.39762,0.074,0.247375387572302,-0.150357030015798,-0.198987203708393,0.315552226027397,0.0353,117029850,56370450432,8.834113,82.752815,0.9013447,-0.0100806451612903,0.0089041095890411,0.0137646249139711,0.0179682100898411,0.160756501182033,,,,1473,,,,,0.106753021030161,Consumer Defensive,
7955,JP3270200003,,,JP3270200003,0.0656,0.06145,0.10762,0.20299,0.213,-0.00341767992113052,-0.497300215982721,-0.442383190489356,-0.254263204874452,0.0411,52474900,93468573696,14.430123,,1.206155,-0.00487974904147787,0.0124113475177305,0.0145700071073205,0.0142095914742451,0.040831206707984,,,,2855,,,,,,Consumer Defensive,
9405,JP3116800008,,,JP3116800008,0.06506,0.11587,0.11535,0.22649,3.286,-0.416029241949348,-0.13053644825278,-0.0934230524904124,-0.0809602041450017,0.0499,1178585400,248828608512,14.770877,19.67772,1.3146262,-0.0078125,-0.00392156862745098,0.0438356164383562,0.101156069364162,0.186915887850467,-0.0551181102362205,-0.0551181102362205,-0.0551181102362205,3810,,,,,0.750639657439988,Communication Services,
4396,JP3350960005,,,JP3350960005,0.2787,0.18529,0.22097,0.01109,-0.028,-0.0980126246534756,-0.205369310438812,-0.181356051373395,0.255553190601394,0.0362,494267820,166742360064,18.448822,7.374341,7.641206,-0.00190294957183635,0.0334975369458128,0.0972803347280335,0.0972803347280335,0.148959474260679,0.239275500476644,0.239275500476644,0.239275500476644,1049,,,,,2.50175873342445,Industrials,
3741,JP3422190003,,,JP3422190003,0.21545,0.25821,0.25812998,0.05866,0.338,-0.0674413652342278,-0.105378198728451,0.405086168979168,0.447619226850125,0.0381,2652266826,208211542016,16.692934,16.916538,4.3828506,-0.000456621004566141,0.014835457852351,0.0458671356364619,0.0505519527247498,0.027699530516432,0.370488807674737,-0.0102025277904676,0.20907568143749,656.7,,,2.2,Buy,0.986781929021175,Financial Services,
2325,JP3718600004,,,JP3718600004,0.11412,0.046680003,0.083009996,0.28649,0.46,-0.0437799073129443,-0.26166738336025,-0.234015300518308,0.184059308358236,0.0554,1065089860,137783623680,20.668955,0.80266446,4.488147,-0.00413223140495868,0.0478260869565217,0.100456621004566,0.0904977375565611,0.324175824175824,-0.170124481327801,-0.253112033195021,-0.211618257261411,241,,,,,25.7504300115642,Industrials,
9629,JP3801500004,,,JP3801500004,0.082779996,0.07063,0.07142,0.12433,-0.432,-0.0784464123840737,-0.357562143428785,-0.13249464610484,-0.189233032945027,0.0494,307698750,172044353536,14.576735,13.227513,2.1443095,-0.00881057268722467,0.0109835247129306,0.0530421216848674,0.051948051948052,0.0310590631364562,0.283950617283951,0.135802469135802,0.218107012345679,2025,,,,,1.10200118495442,Industrials,
4668,JP3916100005,,,JP3916100005,0.0473,0.07854,-0.109680004,1.04006,,-0.114138152479671,-0.064751845801198,-0.140049802255749,-0.0055733954774268,,102797170,25115344896,46.281586,59.906544,6.7081785,0.0223285486443381,0.0388978930307942,0.0525451559934319,0.0439739413680782,0.00470219435736677,,,,641,,,,,0.772563110968311,Technology,
3916,JP3549060006,,,JP3549060006,-0.0066000004,-0.20045,0.51208997,0.07628,,1.29969578563531,-0.0340486615808243,-0.09034052200717,0.299473578299191,,3324555000,213897396224,,16.880486,4.486682,0.0858670230537922,0.122625215889465,0.121850189851571,0.114540466392318,0.195292386906951,0.538461538461538,0.169230769230769,0.353846153846154,3250,,,,,,Healthcare,
3696,JP3423570005,,,JP3423570005,0.07381,-0.21922001,0.21319,0.19986,-0.037,-0.485916880047272,-0.449750142628348,-0.316942408376963,-0.165505737259634,0.0114,1029425760,219401043968,,24.865116,7.7663755,-0.00112107623318386,0.00262565641410353,0.0348432055749129,0.0561043065981825,0.161164205039096,-0.176954732510288,-0.427609427609428,-0.295735129068462,2673,,,,,,Healthcare,
9424,JP3729600001,,,JP3729600001,0.073520005,0.02753,0.04453,0.34607,0.135,1.20145035692248,-0.249571603881531,-0.142836752600612,0.415983799545306,0.0445,3101889945,651127095296,15.218978,16.35294,2.9407022,-0.0299102495149288,-0.00545144804088594,0.0274550993625897,0.0462365591397849,0.122692307692308,0.301815690304899,-0.0750256937307296,0.0913718396711203,291.9,,,2.3,Buy,0.930656995011295,Industrials,
2359,JP3284000001,,,JP3284000001,0.0448,0.04473,0.0223,0.33788,0.255,0.73169720587016,-0.182576085388721,-0.0723687764472855,0.0017558669593112,0.0161,48831300,30188238848,12.6420145,,1.1999935,-0.00422119037568594,-0.0025369978858351,0.00254993625159371,-0.0100713386487621,0.0198875918720277,,,,2359,,,,,,Consumer Defensive,
6191,JP3167240005,,,JP3167240005,0.043730002,0.03148,0.051269997,0.18655,0.025,1.00858695239181,-0.196828074784063,-0.104729324634103,-0.0342458767361112,0.0165,2375655800,718111834112,17.093977,18.822254,1.5228626,-0.0339072847682119,-0.0455378173253075,-0.0568916472717869,-0.0522349272349272,0.0393274437161585,0.192761173567316,-0.0265972031806965,0.0865094598299973,3647,,,2.4,Buy,0.908179062932633,Consumer Defensive,
7844,JP3860230006,,,JP3860230006,0.020920001,0.0117999995,-0.03091,0.10109,,0.373224913087031,-0.192147701891355,-0.0883833865814697,-0.0368584088146493,0.0067,39123840,29960230912,69.93433,6.568282,1.5016149,0.00134318334452653,0.00471698113207547,0.0087956698240866,0.00404040404040404,0.000671140939597315,,,,1491,,,,,10.647278847041,Consumer Defensive,
4310,JP3639420003,,,JP3639420003,0.02803,0.02891,0.0583,0.40638,-0.937,0.419538036425813,0.0799869725427497,0.012886042764229,0.248582224010356,0.0182,303008200,83362381824,3.3818283,,0.79907215,-0.0112528132033008,-0.0237037037037037,-0.0229799851742031,-0.0208023774145617,0.0345368916797488,,,,1318,,,,,,Consumer Defensive,
4820,JP3130200003,,,JP3130200003,0.23072,0.16136,0.22247,,0.185,-0.0701694204098295,-0.412548859061711,-0.175304844556739,-0.0178636611303529,0.0135,2225680940,401062592512,31.94735,28.222126,8.856982,0.004642166344294,0.0303511208093632,0.0210340082563397,0.0578411405295316,-0.0125475285171103,0.232190989603389,0.155179052753177,0.193685021178283,2597,,,,,1.13199657601982,Consumer Defensive,
3843,JP3826720009,,,JP3826720009,0.05441,0.05184,0.07591,0.16774,0.184,-0.175763172247693,-0.347115798416079,-0.256982240665816,-0.296813121890547,0.0228,802366890,368046440448,21.644619,18.321026,1.7735006,-0.0159297789336801,-0.00099009900990099,0.00598205383848455,0.00231788079470199,0.0338114754098361,0.189296333002973,-0.141063759497853,-0.0116727122563594,3027,,,,,1.18140867219991,Consumer Defensive,
6099,JP3167680002,,,JP3167680002,0.03971,0.03891,0.06783,0.47077,2.993,0.161465135808136,0.0452118246310573,0.266065016113096,-0.0496514620052043,0.0219,2392775500,368632168448,16.555523,4.603539,0.33288512,-0.0138169257340242,0.0173719376391982,0.0325497287522604,0.0395994538006372,-0.0730519480519481,0.48861646234676,0.225919439579685,0.313485113835377,1142,,,1.5,Strong Buy,3.59625996434482,Consumer Defensive,
7071,JP3128660002,,,JP3128660002,,0.03822,0.03129,0.3414,0.764,6.63405574566406,-0.184615384615385,-0.0714140515817558,1.11532699241577,0.0546,106019380,20479131648,11.389429,,0.6297589,-0.0026857654431513,0.0036036036036036,0.00450856627592426,0.0154968094804011,0.0773694390715667,,,,1114,,,,,,Consumer Defensive,
2462,JP3386120004,,,JP3386120004,0.031659998,0.09427,0.083739996,0.17337,0.194,0.163832183051873,-0.19453461519978,-0.207873853447387,-0.0840198109010956,0.0256,2851144230,801637990400,18.691496,15.892413,1.3470944,-0.0189895470383275,-0.0131440588853838,-0.000177556818181818,0.00769506084466714,-0.0082775625220148,0.207600781388741,-0.289646599183094,-0.108506481974782,2815.5,,,3.7,Underperform,1.17612699846147,Consumer Defensive,
6073,JP3117350003,,,JP3117350003,0.04938,0.03384,0.07835,0.16913,0.512,0.406664910308833,-0.21903768872922,-0.21971798026263,0.111083970522864,0.0253,4224797280,1181202513920,33.670868,20.802294,1.5290117,-0.00320366132723112,0.0168067226890756,0.0232558139534884,0.00276243093922652,0.0857427716849452,0.216712580348944,-0.104683195592287,0.0571625344352617,4356,,,2.1,Buy,1.61861321640777,Consumer Defensive,
2378,JP3978800005,,,JP3978800005,0.02747,0.062179998,0.02372,0.16788,0.752,0.203080605523529,-0.311255099592033,-0.286864889607417,-0.180777410207939,0.0267,520425000,223406784512,7.142857,17.355486,0.92388904,-0.0183246073298429,0.00536193029490617,0.0135135135135135,0.00942126514131898,0.0176390773405699,0.213333333333333,-0.0666666666666667,0.0533333333333333,3750,,,,,0.41156191189345,Consumer Defensive,
6071,JP3104960004,,,JP3104960004,0.023599999,0.00939,0.02025,0.14804,-0.033,1.52252575930607,0.439886480908153,0.345753124188288,0.0419515099806252,0.0332,432634180,120981471232,26.383863,13.913295,0.99574566,-0.0167483660130719,-0.00496072757337743,0.00711297071129707,0.00166458593424886,0.0246913580246914,0.0386373078520981,0.0386373078520981,0.0386373078520981,2407,,,,,1.89630587147042,Consumer Defensive,
2471,JP3163900008,,,JP3163900008,0.03444,0.02313,0.04478,0.45995,-0.008,1.15669882484077,-0.332018262810361,-0.143166509042481,-0.0879431884662391,0.0296,3646313760,564344520704,16.835167,17.669119,1.0693567,-0.0340114431023522,-0.0276755719084946,-0.0270529854330078,-0.0104200586128297,0.0133377792597533,0.332675222112537,-0.0457387298453439,0.110562685093781,6078,,,3,Hold,0.952801721466701,Consumer Defensive,
3853,JP3153470004,,,JP3153470004,0.0337,0.03916,0.022149999,0.19846,-0.274,1.05491578146199,0.534887607587532,0.594242746468176,0.650986453992861,0.0346,348105930,55397416960,5.7803903,,0.74674684,-0.00301984469370147,0.00872981230903536,0.0312360553324409,0.0271111111111111,0.0900943396226415,,,,2311,,,,,,Consumer Defensive,
3984,JP3944410004,,,JP3944410004,0.02858,0.01912,0.022880001,0.3786,-0.009,-0.353835867008931,-0.610122503635356,-0.487742911883563,0.313180107185799,0.0401,327770800,86911492096,9.407248,12.088106,0.6644406,-0.0203498750446269,-0.00399274047186933,0.00993743099006257,-0.00399274047186933,0.0329528857440417,,,,2744,,,,,0.778223486789411,Consumer Defensive,
2475,JP3505940001,,,JP3505940001,0.042480003,0.018960001,0.0078100003,,-0.891,-0.285575898479124,-0.117513780392952,0.534152007965483,0.0603290676416819,0.034,57973180,23966834688,29.499882,,1.6259729,-0.00119808306709265,0.00643863179074447,0.00846774193548387,-0.0211350293542074,-0.0176747839748625,,,,2501,,,,,,Consumer Defensive,
4763,JP3269700005,,,JP3269700005,0.03424,0.01893,0.03233,0.36613,-0.039,2.51499461465592,-0.319103148663735,-0.267279151943463,-0.365852208421083,0.0312,687594750,282334101504,13.966481,17.653738,0.96070963,-0.016798418972332,-0.00698602794411178,-0.005,-0.005,0.0173824130879346,0.0452261306532663,0.0251256281407035,0.0385259296482413,4975,,,3,Hold,0.791134489477526,Consumer Defensive,
7033,JP3869980007,,,JP3869980007,0.18304001,0.1191,0.1611,0.0396,0.031,-0.320027504679831,-0.444138971650704,-0.276582495458001,-0.163272108114682,0.0409,351859200,157280567296,13.906447,17.460318,3.9633214,-0.00226757369614512,-0.00226757369614512,0.0352941176470588,0.0377358490566038,0.0551558752997602,0.113636363636364,0.113636363636364,0.113636363636364,440,,,2,Buy,0.796460121745778,Technology,
6070,JP3244520007,,,JP3244520007,0.0959,0.14251,0.15619001,0.93028,0.584,-0.170159266943197,-0.0800818883329189,0.17144621980797,-0.317274890692904,0.0735,608556480,84315848704,14.90411,16.190477,4.1147285,0.003690036900369,0.0149253731343284,0.0542635658914729,0.0187265917602996,0.101214574898785,0.25,0.25,0.25,272,,,,,0.920547924560839,Industrials,
4839,JP3990770004,,,JP3990770004,0.17989999,0.18889,0.26782,0.12468,-0.067,0.178882796165529,-0.379593700068478,-0.25435414285654,-0.609433342195439,0.013,1056810950,758702080000,40.32173,30.912462,11.707815,0.0105401844532279,-0.00104193800468872,0.0102739726027397,0.0359265262020529,0.0334141740770682,-0.348109517601043,-0.470664928292047,-0.405149934810952,3835,,,2.4,Buy,1.30438429653387,Communication Services,
7823,JP3100210008,,,JP3100210008,0.05985,0.03583,0.03433,0.74624,0.589,0.557634817719455,-0.238549348419032,-0.371022412128433,-0.261995070518965,0.0456,329223400,208913350656,10.4822645,18.652483,1.9979087,0.0154440154440154,0.0701932858596134,0.0935550935550936,0.0823045267489712,0.231850117096019,0.140684410646388,0.121673003802281,0.131178707224335,5260,,,,,0.561976896051855,Industrials,
3656,JP3268870007,,,JP3268870007,,0.12988,0.20062,,,-0.235156352324502,-0.485118036116723,-0.397839909401261,0.384156027376717,0.0124,5469119910,1181378805760,24.44843,24.745289,2.8988113,-0.0136300417246175,0.0175035868005739,0.049112426035503,0.0642256902761104,-0.0369364475828354,0.607445008460237,-0.0975747320924986,0.165632656514383,1773,,,2.2,Buy,0.988003413498222,Healthcare,
7952,JP3221400009,,,JP3221400009,0.03888,0.28841,0.19935,0.07139,2.316,0.269093130837043,-0.278824578467029,-0.184942619990486,-0.0143900146000521,0.0259,2693113545,235488378880,14.880744,26.7188,1.0920464,-0.0126066718386346,-0.00508110220832519,0.0198317307692308,0.0226998794696665,0.052947259565667,0.217835395796504,-0.186800235710077,0.00766057748968768,2545.5,,,2.5,Buy,0.556939084090603,Industrials,
6194,JP3121890002,,,JP3121890002,0.010570001,0.6287,-0.0297,0.28817,48.364,0.176121127004239,-0.250096596111808,-0.249299382989,-0.120107635581303,0.0216,1965348000,720670097408,76.3321,10.741063,1.4049737,-0.0319539025667889,-0.00618445818768486,0.00544069640914037,0.0016260162601626,-0.0404984423676012,0.128246753246753,-0.458874458874459,-0.252705627705628,1848,,,3.8,Underperform,7.10656850257745,Consumer Defensive,
3788,JP3386040004,,,JP3386040004,0.028770002,0.05402,0.13619,0.52869,1.142,0.114106043800647,-0.322851623237039,-0.305285144462306,-0.150159888266335,0.0385,8927707600,2354886213632,14.641688,11.253232,0.73847556,-0.0212765957446809,-0.0067859346082665,0.0148124803025528,0.00311526479750779,-0.0353505092869982,0.677018633540373,0.0372670807453416,0.276894409937888,1610,,,1.9,Buy,1.30110958345123,Consumer Defensive,
4792,JP3588100002,,,JP3588100002,0.055159997,0.078099996,0.12544,0.50194,1.649,0.264470087220844,-0.258262283627725,-0.223722243696536,-0.189137775281164,0.0267,8318132730,2257182261248,11.709694,16.561047,1.666656,-0.0152117545375972,0.00956937799043062,0.0264864864864865,0.0158701854493581,-0.0268192688759822,0.357556608741443,-0.104791995787256,0.041881692118659,2848.5,,,2.5,Buy,0.707062421838426,Consumer Defensive,
9795,JP3399700008,,,JP3399700008,0.02153,0.029660001,0.04324,0.2288,-0.64,0.610481159497944,-0.280278421197851,-0.0253368091305396,-0.0586364016939218,0.0124,1326460320,478993776640,41.321224,26.73077,1.8607764,-0.00969720957846824,0.0212244897959184,-0.0130177514792899,0.0228945216680294,0.19512777645092,,,,2502,,,,,1.54582991810561,Consumer Defensive,
6535,JP3105210003,,,JP3105210003,0.049850002,0.03613,0.057529997,0.16909,-0.207,-0.455172229019496,-0.133531453064937,-0.292750092776736,-0.173684065221112,0.0248,65248040,26315280384,8.460059,29.333334,0.9822325,-0.00819672131147541,0.0386266094420601,0.0408602150537634,0.0544662309368192,0.0925507900677201,,,,484,,,,,0.28841109571793,Consumer Defensive,
3901,JP3860210008,,,JP3860210008,0.028870001,0.02214,0.03928,0.47463,,0.128158286365941,-0.206267966110644,-0.220919881305638,-0.345059504983229,0.0188,2736266900,619594645504,34.72348,40.940674,1.7032139,-0.0151709951144253,0.01162176439514,0.0396308360477742,0.0202450719232818,-0.0085425834843386,0.344647519582245,-0.268929503916449,0.087467362924282,3830,,,2.3,Buy,0.848141386240979,Consumer Defensive,
3983,JP3201900002,,,JP3201900002,0.07603,0.06302,0.11209,1.89297,0.116,0.533479201705428,-0.279704868209637,-0.197244808120566,0.251939452052549,0.0112,844441110,69583388672,20.201868,15.055574,4.1193094,-0.0289645184648805,-0.0317689530685921,-0.0044543429844098,-0.0674547983310153,-0.108970099667774,0.565995525727069,0.118568232662192,0.416853094705444,1341,,,1.7,Buy,1.34181984692181,Consumer Defensive,
2120,JP3758140002,,,JP3758140002,0.045890003,0.049569998,0.09512,0.01087,0.056,-0.195694215208728,-0.21977580162912,-0.235188937072704,-0.0520807221320373,0.0266,3930732740,1394515378176,15.55188,13.604847,1.0297235,-0.0214657415437988,-0.00199026979212738,0.0127917414721724,0.0112032265292404,-0.0118239544558791,0.384888101041436,-0.0915134057168181,0.0682271216485707,4513,,,2.9,Hold,1.14311318605788,Consumer Defensive,
2301,JP3234400004,,,JP3234400004,0.03283,-0.1074,0.08005,0.45395,0.809,-0.466522618736324,-0.406511222818627,-0.359991836258674,-0.270810597646756,0.01,252719600,95438782464,,29.617239,1.3813093,-0.0147299509001637,0.0144927536231884,-0.00165837479270315,-0.0147299509001637,0.0350756533700138,-0.302325581395349,-0.302325581395349,-0.302325581395349,3010,,,4,Underperform,,Consumer Defensive,
9216,JP3799670009,,,JP3799670009,0.01279,0.013409999,0.03247,0.59236,0.953,0.171184330252383,-0.215662790891096,-0.0191563275434243,0.0674930296617285,0.006,137527920,43018293248,43.482025,,1.3362205,-0.00347394540942928,0.00049825610363727,0.00349825087456272,-0.00297914597815293,0.0229240957717779,,,,2008,,,,,,Consumer Defensive,
6571,JP3244750000,,,JP3244750000,0.02855,0.01878,0.04217,0.54791,-0.781,2.34578529920953,-0.175087643084196,0.0241584507559618,-0.0977434992626804,0.0285,674345350,192796344320,8.285164,4.005627,0.90921956,-0.0066006600660066,0.00620821394460363,0.00476871721506915,0.0139557266602502,0.135237068965517,-0.0507831039392501,-0.0507831039392501,-0.0507831039392501,2107,,,3,Hold,2.06838130459975,Consumer Defensive,
7820,JP3756230003,,,JP3756230003,0.03697,0.01763,0.04976,1.14175,0.715,-0.174689945392931,-0.213004361218701,0.00593349925463378,0.196382296959855,0.0139,1180401240,382880022528,34.364872,23.924139,1.5467772,-0.0180815876515987,-0.0213186813186813,0.0185269899359561,0.0131968145620023,0.10359355638166,0.36986301369863,0.0330114529530654,0.166147990119021,4453,,,1.7,Buy,1.43640997905923,Consumer Defensive,
7962,JP3262000007,,,JP3262000007,0.05475,0.04241,0.07283,,0.049,0.455554746272384,-0.152059696946623,0.0401578755247309,-0.270048212133387,0.0324,566841900,201501933568,19.646479,17.322433,1.3878648,-0.00732064421669107,-0.0102189781021898,0.0164917541229385,0.018018018018018,0.0398773006134969,0.0914454277286136,0.0471976401179941,0.0693215339233038,3390,,,2.5,Buy,1.13416394798583,Consumer Cyclical,
3834,JP3115800009,,,JP3115800009,0.02131,0.011410001,0.01994,0.1438,0.055,-0.327401078314905,-0.514770800615678,-0.133803859631805,0.510961470898232,0.0269,243697200,81431543808,25.974026,,0.7235276,0.00269541778975741,0.0122448979591837,0.0122448979591837,0.00953475105693222,0.0444909755785579,,,,3720,,,,,,Healthcare,
9248,JP3792010005,,,JP3792010005,0.090299994,0.12342,0.19261,0.0109,0.104,-0.310237610187044,-0.429400343233662,-0.377012794668203,-0.424886069601586,0.0298,1276966680,664603000832,14.347569,14.7246,1.6559151,-0.00904559719401883,0.00336448598130841,0.0162817114729269,0.0052434456928839,-0.0207722169427261,0.304023845007452,-0.0126676602086438,0.147127049180328,2684,,,2.3,Buy,0.974394482702416,Consumer Cyclical,
3915,JP3546300009,,,JP3546300009,0.060650002,0.05116,0.04976,0.0498,2.075,-0.137723521320495,-0.27307371680362,-0.24078027235922,-0.263763945681256,0.0367,29173760,38703992832,Infinity,,2.3055935,-0.00861244019138756,-0.00240731824747232,0.00974658869395711,0.0107317073170732,0.00436257876878333,,,,2072,,,,,,Industrials,
2491,JP3778390009,,,JP3778390009,-0.0555,-0.05895,-0.0037200002,1.2915,,0.0287283094295748,0.372396478959532,0.269008049337231,-0.246057822695337,0.0161,535546550,111290228736,,9.917817,2.399827,-0.0127084988085782,0.012214983713355,0.0358333333333333,0.0016116035455278,-0.00798084596967279,0.0539018503620274,-0.19549477071601,-0.0541317779565568,1243,,,3.7,Underperform,,Consumer Cyclical,
8920,JP3594400008,,,JP3594400008,0.03402,0.01891,0.04242,1.48315,0.309,-0.323565429527419,-0.298148722515149,-0.179926961862472,0.310864741652846,0.0144,394420380,93769646080,10.740977,8.765341,0.9310579,0.000424448217317487,0.0319614711033275,0.0636281588447654,0.0447695035460993,0.148635477582846,,,,2357,,,,,1.2253918016424,Consumer Cyclical,
9644,JP3468850007,,,JP3468850007,0.079959996,0.0294,0.09807,0.07176,-0.105,-0.226313898583453,-0.454214098940863,-0.462174867657161,0.28512319295414,0.0288,531912200,144381247488,15.197864,10.288268,1.735366,-0.0141732283464567,-0.0234009360374415,-0.0110584518167457,-0.0279503105590062,-0.0850337247367786,0.309904153354633,0.0223642172523962,0.120340798722045,3130,,,2.5,Buy,1.47720335434497,Consumer Cyclical,
4767,JP3538450002,,,JP3538450002,0.01208,0.008590001,0.0057099997,0.47027,-0.871,-0.127273981512506,0.225181326836372,0.862632658366793,0.507643022903844,0.009,1280179600,132980531200,38.1702,14.811864,1.9458103,-0.0187683284457478,0.00119688809096349,-0.00119402985074627,-0.0250582750582751,0.0188794153471376,-0.0735206216377765,-0.276748356246264,-0.141263239689181,1673,,,3.3,Hold,2.57700178721598,Consumer Cyclical,
4714,JP3974300000,,,JP3974300000,0.10248999,0.0881,0.13551,0.00026,-0.057,-0.193396940784492,-0.323803900081037,-0.328544553321664,-0.237685577557301,0.0081,3634071000,1045055012864,28.409294,32.932503,3.5708232,-0.00757575757575758,-0.0284301606922126,-0.0211706102117061,-0.0355828220858896,-0.0236024844720497,0.208651399491094,0.132315521628499,0.170483460559796,7860,,,,,0.862652134275977,Consumer Cyclical,
6539,JP3167330004,,,JP3167330004,0.105129994,0.0754,0.12962,0.15721,0.034,-0.246088557711855,-0.332650358966468,-0.245488424618859,-0.263375055395969,0.0269,1285092800,257161969664,14.577202,7.6499357,3.1525397,-0.00402144772117963,-0.0145888594164456,0.00337609723160027,-0.0171957671957672,0.00202292650033715,0.379542395693136,0.211305518169583,0.303835800807537,1486,,,1,Strong Buy,1.90553261774475,Consumer Cyclical,
2148,JP3104880004,,,JP3104880004,0.04513,0.024419999,0.054980002,0.24884,1.375,0.191328782174829,0.173233270794246,0.110837118754056,-0.190416666666667,0.0199,658487520,266041114624,17.241144,20.25765,1.1092042,-0.00316957210776545,0.0104417670682731,0.0231801545343636,0.0277777777777778,-0.00277447483154974,-0.125596184419714,-0.125596184419714,-0.125596184419714,2516,,,,,0.851092994498375,Consumer Cyclical,
7987,JP3644400008,,,JP3644400008,0.022550002,0.00922,0.011729999,0.47254,-0.271,1.19753063324291,0.176364528231847,0.217110384879582,-0.169339130434783,0.0414,281779850,90554507264,8.936536,7.3745914,0.7325664,-0.0124132895217233,0.00371057513914657,0.0207547169811321,0.0188323917137476,0.0607843137254902,,,,2705,,,,,1.21180083278919,Consumer Cyclical,
4344,JP3431200009,,,JP3431200009,0.08653,0.0251,0.05633,2.00077,10.433,1.28391927909633,0.227106722575409,0.190774867306518,0.0938527670063426,0.089,5138732500,250611056640,25,,3.554151,0.0236111111111111,-0.0027063599458728,0.0589080459770115,0.1,0.177316293929712,,,,36850,,,,,,Technology,
2461,JP3802840003,,,JP3802840003,0.05786,0.0385,0.048660003,0.14036,-0.07,0.188728048282434,-0.282220442014985,-0.249424896869692,0.405277808707271,0.0182,118632800,84645937152,9.460749,10.995563,1.071834,-0.013681592039801,-0.00998751560549313,0.0166666666666667,0.0089058524173028,0.0799438132164487,,,,3965,,,,,0.860415151093218,Consumer Defensive,
2445,JP3161560002,,,JP3161560002,,0,0.15917,0.19757,0.213,0.0979549336194691,0.71955030417337,0.377389287401744,0.176083448269391,0.02,196614000,57805975552,13.475743,8.676092,2.5109553,-0.00881057268722467,0.00446428571428571,0.0465116279069767,0.0321100917431193,0.102941176470588,,,,675,,,,,1.55320425371239,Industrials,
3662,JP3160890004,,,JP3160890004,0.052259997,0.04237,0.06745,0.61683,1.183,-0.45474216380182,-0.470304630987165,-0.507419702704417,-0.279290950380647,0.0325,372144800,124865798144,15.948843,12.394036,2.3398306,0.0143540669856459,0.0366748166259169,0.0354090354090354,0.053416149068323,-0.0514541387024609,,,,4240,,,,,1.28681593308265,Technology,
3939,JP3215100003,,,JP3215100003,0.0941,0.07526,0.15743,0.12741,-0.149,-0.464050696232091,-0.414890265672582,-0.418305151166669,-0.333276359882712,0.0264,1136118870,164782227456,12.658409,9.858473,2.6884968,-0.00712678169542386,0.015343306482547,0.056686626746507,0.0703598867771937,0.0592236894757903,0.159803551190026,-0.244427653947866,-0.0423120513789195,2647,,,,,1.28401315294975,Consumer Cyclical,
2335,JP3244950006,,,JP3244950006,0.01417,0.03768,0.03451,1.25907,0.443,0.184598961923396,-0.224816433306579,-0.171792732452279,-0.0691727104734105,0.0307,6516686880,1221729714176,11.862387,11.107958,1.0673041,-0.00271739130434783,0.0249607261302147,0.0231747691235407,0.00136425648021828,0.059927797833935,0.345367847411444,-0.114441416893733,0.0955137942779292,5872,,,2.4,Buy,1.06791788373705,Industrials,
9788,JP3651020004,,,JP3651020004,0.0145000005,0.012510001,0.00709,0.06169,-0.497,1.11621264121264,-0.171824654547355,-0.191800034582797,-0.175324067326505,0.0306,1049085050,412739829760,10.246027,14.654044,0.8499157,-0.0123819517313746,0.00706184463941793,0.0252723311546841,0.0266143106457243,0.0707622298065984,0.0624734381640459,-0.073523161920952,-0.00552486187845304,2353,,,,,0.69919450221386,Healthcare,
6050,JP3130230000,,,JP3130230000,0.07305,0.08465,0.12189,0.10577,0.264,0.475227450862311,-0.208009680303015,-0.112580178842265,0.00873781399265974,0.0151,6172769350,1535408734208,25.064365,25.75074,2.6703973,-0.0172209026128266,-0.0128243364151506,-0.00957510472770796,-0.0235988200589971,-0.0649717514124294,0.329305135951662,-0.0936555891238671,0.141490392749245,1655,,,2.2,Buy,0.973345426189694,Consumer Defensive,
7937,JP3533500009,,,JP3533500009,0.0672,0.08513,0.12911999,0.66233,0.168,-0.153460596276938,-0.319459896028848,-0.266247693697975,-0.248077011525973,0.0102,13811233280,4672319913984,35.46171,21.126093,6.0437107,-0.00989299414496265,0.00698151950718686,-0.0140731805388018,-0.035405192761605,-0.0561970746728253,0.48858075040783,-0.255709624796085,0.253350061174551,4904,,,1.8,Buy,1.67857397958061,Consumer Defensive,
9612,JP3968000004,,,JP3968000004,0.01135,0.086780004,0.04177,0.16293,-0.648,-0.0495784992905434,-0.283295776275495,-0.323742793791574,-0.202518405686723,0.0267,27075000,22894532608,9.861673,,0.9307183,-0.00793650793650794,0.00698174006444683,0.0146103896103896,0.0118726389638424,0.0605203619909502,,,,1875,,,,,,Consumer Defensive,
3649,JP3801450002,,,JP3801450002,0.050100002,0.047620002,0.08916,0.07205,0.317,1.84425649292822,-0.239574520670349,-0.182523174871415,-0.335072045961418,0.0146,1654699200,600600084480,24.510075,24.812786,1.8609502,-0.0335219851980845,-0.0192180251822399,-0.0231023102310231,-0.0451612903225806,-0.0295081967213115,0.306306306306306,-0.00900900900900901,0.145833333333333,4440,,,2,Buy,0.987800201073753,Consumer Defensive,
4420,JP3130650009,,,JP3130650009,0.026659999,0.033800002,0.051030003,0.05919,1.967,0.641593700787401,0.219341099837154,0.0917156808345356,-0.116745827004525,0.0252,1077748800,354527936512,49.749626,25.238155,1.2373344,-0.0119343610144207,0.0101677681748856,0.0263429752066116,0.0348958333333333,0.0740540540540541,0.107196779063915,-0.169602415702063,-0.0270088827377956,3974,,,2,Buy,1.97120692855718,Consumer Defensive,
2307,JP3272600002,,,JP3272600002,0.03832,0.04443,0.06509,0.30977,-0.207,3.66866007973652,-0.162498136943607,-0.121492962201487,-0.172758465858448,0.2184,1028774720,243465764864,18.415653,12.056611,1.2618012,-0.0164413591523566,-0.0162616480906267,-0.0235763511062749,-0.0191291674257606,0.0312200727829918,0.00297176820208024,0.00297176820208024,0.00297176820208024,2692,,,3,Hold,1.52743196243123,Consumer Defensive,
9332,JP3679880009,,,JP3679880009,0.04987,0.13611001,0.15948,0.00006,-0.113,0.308290965975753,0.0416830109214031,0.126151454298115,-0.110985985985986,0.0457,478485000,164530896896,17.667845,18.787575,1.2684888,-0.00190114068441065,0,0,-0.0131578947368421,-0.00190114068441065,0.295238095238095,-0.00952380952380953,0.174603142857143,5250,,,2,Buy,0.940400504056537,Consumer Defensive,
277A,JP3274430002,,,JP3274430002,0.03255,0.04473,0.06524,0.01338,2.934,-0.554506842850401,-0.292952380952381,-0.11990472949983,0.350490196078431,0.0199,25351200,24493678592,13.77403,12.9974165,0.67002916,0.00119426751592357,0.0153411384739604,0.0349794238683128,0.0161616161616162,0.0202839756592292,,,,2515,,,,,1.0597513744366,Consumer Defensive,
7095,JP3862970005,,,JP3862970005,0.04423,0.036930002,0.03602,0.49471,0.225,0.402335028397273,-0.424287042607887,-0.300286777716761,-0.328345946879227,0.0335,2841949500,553864134656,20.243656,9.379111,1.922913,-0.00807899461400359,0.00775193798449612,0.0179640718562874,0.0317460317460317,0.00158622252435985,0.131221719457014,-0.0497737556561086,0.0369532579185521,2210,,,,,2.15837684403138,Consumer Defensive,
6184,JP3218950008,,,JP3218950008,0.01924,0.01933,0.061189998,1.24339,,-0.300794452003687,-0.315053283947471,-0.244475753050241,-0.179213604735469,0.0129,315229880,128092856320,40.486435,32.688824,1.5057862,-0.00688389169343736,-0.00642791551882461,-0.0212573496155586,-0.0114207400639561,0.0169172932330827,-0.0757855822550832,-0.0757855822550832,-0.0757855822550832,2164,,,,,1.23854057888409,Consumer Defensive,
4434,JP3310250000,,,JP3310250000,0.09099,0.13387999,0.16639,0.00574,0.225,0.875812568259764,0.0331291822615403,0.0098688936385871,-0.167414536325812,0.0226,4792259290,925103357952,13.642606,15.3932495,1.7614731,-0.0236638925097764,-0.0296960637767813,-0.0267866066966517,-0.0368941641938675,-0.0605885190545104,0.468624833110814,-0.12293314162473,0.199376912806819,9737,,,2.8,Hold,0.886271998644601,Consumer Defensive,
3835,JP3130790003,,,JP3130790003,0.03425,0.058870003,0.07285,0.34874,0.205,-0.124366070798423,-0.170586593796564,-0.107737480437651,-0.184953142869532,0.0238,3420082085,843542560768,18.832373,14.230118,1.6064876,-0.0160454621427378,-0.0175233644859813,0.00204255319148936,0.00925767186696383,0.0204541514993933,0.596738576524546,-0.116697808731102,0.0976162051978936,2943.5,,,2.5,Buy,1.32341650294116,Consumer Defensive,
545A,JP3635630001,,,JP3635630001,0.07413,0.16726999,0.31737,0.3791,0.446,0.119268390400446,-0.267180508934006,-0.259147094888463,-0.371030229917028,0.0395,23020655460,12225112702976,20.53377,22.868721,2.7823842,-0.00433776749566223,0.0156342182890855,0.0288360974152099,0.0417549167927383,-0.0204836415362731,0.219866395585245,-0.114144641301191,0.0502580598315423,6886,,,1.9,Buy,0.897897613075957,Consumer Defensive,
3676,JP3765110006,,,JP3765110006,0.0323,0.020380002,0.027679998,0.54374,-0.361,-0.400311986863711,-0.549217453697475,-0.430989421281892,-0.124100156494523,0.0442,174159700,47047249920,8.84181,13.557884,0.7903857,-0.0177151120751988,-0.0148658448150834,-0.000735564545788893,-0.00730727073438071,0.00941072707150008,0.324990798675009,0.324990798675009,0.324990798675009,2717,,,,,0.65215265154946,Consumer Defensive,
3031,JP3967050000,,,JP3967050000,0.0416,0.04033,0.07029,0.13068,,-0.339305711086226,-0.530201342281879,-0.355253308991328,-0.175440276669327,0.0151,24800400,25064247296,18.656927,16.301146,0.89270115,-0.00598802395209581,0.0035264483627204,0.0142566191446029,0.00656897422940879,0.0321243523316062,,,,1992,,,,,1.14451628124796,Consumer Defensive,
3657,JP3855950006,,,JP3855950006,0.030350002,-0.00331,0.07769,0.73052,,-0.42802283390826,-0.418079233129678,-0.231550187522684,-0.0331058459549607,0.0057,182812000,48825294848,,-140,1.4715713,-0.00568181818181818,-0.00568181818181818,0.0355029585798817,0.0204081632653061,0.0447761194029851,0.142857142857143,0.142857142857143,0.142857142857143,350,,,,,,Consumer Defensive,
3903,JP3273810006,,,JP3273810006,0.02438,0.0081400005,0.00095,0.96947,,0.495353421571388,0.340117281821318,0.258374882091362,0.872231411468179,0.0204,60260690,25729044480,23.420616,12.25,1.030563,-0.00879507475813545,-0.00353669319186561,0.00177777777777778,-0.000886524822695035,0.0199095022624434,,,,1127,,,,,1.91188702040816,Consumer Defensive,
3922,JP3801050000,,,JP3801050000,0.04323,0.03549,0.066199996,0.16966,0.11,0.323675804175024,-0.115468409586057,-0.134232065479056,0.082514435695538,0.0239,24223610,15196742656,11.324806,14.170561,0.7532412,-0.00246710526315789,-0.000823723228995058,0.0176174496644295,0.019327731092437,0.0927846207512701,,,,1213,,,,,0.799178381152306,Consumer Defensive,
3665,JP3164590006,,,JP3164590006,0.02559,0.42075002,0.54033,0.96997,-0.078,2.80515953835709,-0.32235823835655,0.0739657084364072,0.0888705575032653,0.0659,122457600,38338904064,14.7710495,,0.9474349,-0.00654205607476636,-0.0129990714948932,0.00283018867924528,-0.00561272217025257,-0.0345140781108084,,,,106300,,,0,Strong Buy,,Real Estate,
6199,JP3423510001,,,JP3423510001,0.01809,-0.52906,0.55876,1.08968,,2.3440200114649,-0.330504662268911,-0.114696197392756,-0.204256532066508,0.0564,198135000,49045393408,,47.16981,1.079673,0.00478468899521531,-0.00756143667296786,0.0184287099903007,0.00574712643678161,-0.00527559194983747,,,,105000,,,,,,Real Estate,
6082,JP3966000006,,,JP3966000006,0.050869998,0.077470005,0.14995,2.87487,0.884,-0.286165767103597,-0.205441204686952,0.149809885931559,-0.204759178291346,0.0359,280489500,53947916288,7.9874177,,1.436738,-0.00628930817610063,0.0356882738528769,0.0455882352941176,0.0128205128205128,-0.0878768441308531,0.476793248945148,0.476793248945148,0.476793248945148,1422,,,,,,Real Estate,
3678,JP3921230003,,,JP3921230003,0.01811,0.41147,0.48435003,0.83421,-0.115,1.08240387437628,-0.356957007611698,-0.108340835672298,0.570565702607561,0.0546,283179200,71731503104,19.230768,,0.9160877,-0.014985014985015,-0.0100401606425703,-0.00202429149797571,-0.00804828973843058,-0.068932955618508,0.0953346855983773,0.0953346855983773,0.0953346855983773,98600,,,,,,Real Estate,
3925,JP3505980007,,,JP3505980007,0.087,0.08011,0.21348,1.70032,,-0.259488738639856,-0.528412650184366,-0.436948500753521,0.0139717237139989,0.0085,523943860,37881561088,20.704535,15.236552,2.3033664,0.00901287553648069,0.0221739130434783,0.0594862550698513,0.0164288802421098,-0.0762278978388998,0.318587834963845,0.318587834963845,0.318587834963845,2351,,,,,1.35887272921065,Real Estate,
3694,JP3197690005,,,JP3197690005,,0.45931998,0.56261003,0.98514,-0.003,2.61797041086381,-0.301653028952762,-0.00117737394420269,0.232245754626979,0.0652,216595200,35813470208,14.880952,,0.8861723,-0.0282722513089005,-0.0282722513089005,-0.0148619957537155,-0.0262329485834208,-0.0559511698880977,,,,92800,,,,,,Real Estate,
4053,JP3323800007,,,JP3323800007,0.02784,0.18649,0.17639999,0.06497,0.654,0.499062662039807,-0.448071947763952,-0.39689197725837,-0.40249343832021,0.0192,87562500,98904809472,13.020833,,0.99016833,0.0245901639344262,0.0611205432937182,0.0787021056265102,0.0768435561681599,0.0702054794520548,,,,3125,,,,,,Industrials,
9438,JP3167480007,,,JP3167480007,0.03422,0.1415,0.25898,2.32092,0.149,0.245607920431501,-0.376984722013962,-0.360265448520753,-0.351033858832173,0.0385,3026121000,1321216376832,11.061666,12.773455,1.3946532,-0.0133257726112844,0.00403923831506059,-0.000287273771904625,-0.00684931506849315,0.0101596516690856,0.270114942528736,0.0344827586206897,0.128078850574713,1740,,,2.7,Hold,0.86598856769762,Real Estate,
4299,JP3765250000,,,JP3765250000,0.061290003,0.083859995,0.060060002,0.09746,0.288,-0.242531183449954,-0.353687965585983,-0.283877246480244,-0.0299158844325247,0.0384,42264600,21861347328,9.33716,,0.9384372,-0.00382775119617225,0.0136319376825706,0.0451807228915663,0.0306930693069307,0.075968992248062,,,,2082,,,,,,Basic Materials,
6035,JP3100640006,,,JP3100640006,0.06745,0.0292,0.08347999,0.62252,0.617,-0.229960506306957,-0.244859784716136,-0.201762300860003,0.103480698794993,0.023,259188660,88269709312,11.90452,7.1790953,1.4850217,-0.0142677297524129,0.0177642980935875,0.0682128240109141,0.0706472196900638,0.146412884333821,-0.191145168156662,-0.191145168156662,-0.191145168156662,2349,,,,,1.65822008241066,Healthcare,
2489,JP3121970002,,,JP3121970002,0.03326,0.041810002,0.0956,0.60783,3.468,-0.216252370040363,-0.509305573793976,-0.42133166660539,0.551464557703573,0.0281,326710800,101606375424,18.148624,,0.8995869,0.00595238095238095,0.0368098159509203,0.027355623100304,-0.0245310245310245,-0.0451977401129944,,,,3380,,,,,,Basic Materials,
4286,JP3980300002,,,JP3980300002,0.095649995,0.05066,0.06998,0.14318,-0.423,0.201875107357038,0.0735188135897756,0.449933132359808,0.255248090442808,0.0105,8174115870,673684127744,19.841892,29.583088,3.9090154,-0.0337257397391028,-0.0407454200884397,0.0241106052942168,-0.0228442728442728,0.084449205499018,0.613434310174514,-0.0945011524530787,0.101415870925255,3037,,,2.6,Hold,0.670717404484616,Consumer Defensive,
7354,JP3500170000,,,JP3500170000,,0.076630004,0.13449,0.21778,0.139,-0.532240056541736,-0.404844071218311,-0.464743003967017,-0.182851022272627,0.0195,1152568200,137971384320,17.391048,24.282017,3.8656356,0.00510204081632653,-0.00168918918918919,0.0497335701598579,0.053475935828877,-0.105474340240322,0.692047377326565,0.0152284263959391,0.319796954314721,5910,,,1.7,Buy,0.716211013277851,Healthcare,
3921,JP3758230001,,,JP3758230001,0.18093,0.09701,0.14508,0.17301,0.239,-0.187747719827513,-0.334188135633833,-0.175824530924253,-0.193604934031653,0.0186,3661048000,968611790848,27.395353,32.364056,8.020324,-0.00880503144654088,-0.00126742712294043,0.033307107264621,0.0548862115127175,0.0306042375098091,0.319796954314721,-0.142131979695431,0.0899861421319797,1970,,,3.1,Hold,0.846474650766888,Consumer Cyclical,
4651,JP3322600002,,,JP3322600002,0.04699,0.14039999,0.10113,0.00673,-0.43,-0.0358073680997442,-0.442071917394143,-0.381612362688512,-0.262671854197278,0.0465,306297600,160351518720,13.4411,8.612304,1.3629426,-0.0066006600660066,0.0144927536231884,0.0117647058823529,0.0172355525515377,0.0245064669843431,,,,3010,,,,,1.56068573519931,Industrials,
9341,JP3386840007,,,JP3386840007,0.0255,0.06239,0.13268,0.83507,-0.05,-0.124874724393666,-0.299677379466945,-0.293966502372075,-0.160104765260212,0.021,3357886350,650942087168,23.641521,20.966982,1.5903693,-0.0147765053564832,0.0121442125237192,0.0230149597238205,0.0257692307692308,-0.0854702715083803,0.0498687664041995,-0.250093738282715,-0.0757405324334458,2667,,,3,Hold,1.12755956007403,Consumer Cyclical,
9450,JP3802380000,,,JP3802380000,0.05104,0.04856,0.08866999,0.01753,0.355,-0.0713936848274683,-0.420970029626273,-0.332220046934357,-0.319391038979054,0.0184,314876600,137203015680,19.120403,21.28145,1.2856234,0.00461538461538462,0.00153374233128834,-0.00305343511450382,-0.00457317073170732,0.0574986586980614,0.0107197549770291,0.0107197549770291,0.0107197549770291,3265,,,,,0.898453958729316,Consumer Cyclical,
3937,JP3160910000,,,JP3160910000,0.07574,0.05092,0.07427,0.00282,0.164,0.281973918068829,0.0239731724614967,0.0833228113637272,-0.103526176858777,0.0221,4270241790,994705080320,18.08366,18.211277,1.8526006,-0.0101761252446184,-0.00256359692368369,0.0224378411158278,-0.000395256916996047,0.0324556031843233,0.482799525504152,-0.0431000395413207,0.20007908264136,2529,,,1.8,Buy,0.992992418928118,Healthcare,
6572,JP3100550007,,,JP3100550007,0.084300004,0.075289994,0.109680004,0.01872,0.272,-0.289687877923172,-0.667745415318231,-0.614551697932646,-0.607322836651763,0.0072,162056160,83321462784,34.48446,17.174446,3.6448586,-0.00178507675830061,-0.00886210563629919,-0.00320855614973262,-0.00886210563629919,0.0833010461061604,-0.186337625178827,-0.186337625178827,-0.186337625178827,2796,,,,,2.00789358795038,Consumer Cyclical,
7358,JP3856500008,,,JP3856500008,0.25377,0.21019,0.31862,0.20357,0.052,-0.16071391240203,-0.387721564690232,-0.315713156064518,-0.454211634920858,0.0344,2875032020,1011603275776,21.45891,6.790953,10.391236,0.000861326442721792,0.00562527044569451,0.0430879712746858,0.0501581563488477,0.0117544623421855,0.462994836488812,-0.242685025817556,0.0664169535283993,1162,,,2.9,Hold,3.15992615469434,Consumer Cyclical,
4382,JP3783070000,,,JP3783070000,,0.14458999,0.14643,0.12073,0.23,0.555002054443438,-0.16308022178669,-0.202877196762158,0.169374392049808,0.0182,7230567040,1143656022016,15.408349,20.41246,1.9226876,0.000911023382933495,0.0335528378802132,0.0460171374166931,0.0557335041639974,-0.0884955752212389,0.304611650485437,-0.271844660194175,0.145159071601942,3296,,,2.3,Buy,0.754850174844188,Consumer Cyclical,
4331,JP3539350003,,,JP3539350003,0.0299,0.02954,0.064619996,1.02185,0.951,-0.102618614551591,-0.47953424627969,-0.442848152973128,-0.126274805701855,0.0243,708030240,145427382272,13.004024,13.762004,0.682504,-0.00543150271575136,0.0332288401253919,0.017283950617284,0.0104230533415083,0.0104230533415083,0.516990291262136,0.0922330097087379,0.304611650485437,1648,,,,,0.944922265681655,Basic Materials,
4845,JP3548520000,,,JP3548520000,0.07873,0.12276,0.18843001,0.0037,0.186,0.0280258185344972,-0.574973966053254,-0.446254453403338,-0.373616622574956,0.0258,325682500,109582483456,19.53125,8.373267,2.0873516,0.00154083204930663,0.015625,0.0108864696734059,-0.0284005979073244,-0.123989218328841,0.969230769230769,0.969230769230769,0.969230769230769,3250,,,,,2.33257222061592,Consumer Cyclical,
2130,JP3921700005,,,JP3921700005,0.037720002,0.04617,0.07981,0.3652,,0.174244477897169,-0.216631810059537,-0.211235829886433,-0.151645061806385,0.0148,1876771945,380497231872,15.847866,22.292906,1.1961259,0.0272037115141291,0.0800443458980044,0.0897091722595078,0.0550140784058913,-0.0236520344758469,0.519195237117635,0.149661260521454,0.334428248819544,2435.5,,,,,0.710892783560833,Industrials,
4433,JP3791990009,,,JP3791990009,0.0312,0.07892,0.07581,0.05396,-0.225,0.159898710865562,-0.311150363616111,-0.157355568790947,-0.309523809523809,0.0058,313677200,177849171968,14.471817,,1.3214911,0.0125223613595707,0.0491195551436515,0.0659133709981168,0.0281562216167121,0.113077679449361,,,,11320,,,,,,Industrials,
6047,JP3273820005,,,JP3273820005,0.0585,0.0223,0.024600001,0.21659,-0.167,0.502675539395603,1.50526952837937,1.08785313239779,-0.0168580873308734,0.0294,1511317540,319713968128,10.319783,12.506694,1.9003296,-0.0118984664198837,0.00673491379310345,0.00863697705802969,0.00511027434104357,0.000535475234270415,-0.0634198554990634,-0.0634198554990634,-0.0634198554990634,3737,,,,,0.825140760619873,Technology,
2477,JP3783300001,,,JP3783300001,0.06099,0.35814,0.23341998,0.26786,0.842,0.131364759961144,-0.321419194279728,-0.251726942445429,0.0632966793941371,0.0091,14757265600,560638853120,13.422818,10.391012,3.1631432,0.0709318497913769,0.0679611650485437,0.0864197530864198,0.00489396411092985,0.0555174777244688,0.948051948051948,0.0714285714285714,0.57323237012987,3080,,,1.8,Buy,1.29177196600293,Consumer Cyclical,
6533,JP3549040008,,,JP3549040008,0.02996,0.01018,0.030079998,0.33826,-0.189,-0.0737865312551978,-0.474842885919712,-0.390345312326381,-0.337887755045967,0.0385,1176399000,399572402176,17.182697,8.069637,0.81208473,-0.0141062376019396,0.0056205035971223,-0.0031201248049922,0.00970654627539503,0.0172845121673869,0.251956181533646,-0.105745584618824,0.0356583948133244,2236.5,,,3.5,Hold,2.12930234656156,Consumer Cyclical,
441A,JP3164790002,,,JP3164790002,0.047519997,0.025339998,0.04196,0.33573,1.145,0.534166001292727,-0.120259317135966,-0.0189880925224691,-0.173223407694795,0.0196,3439357040,729965789184,26.316467,14.961206,2.5456243,0.0388818297331639,0.0679205851619645,0.0869449614464238,0.15122500704027,0.103373819163293,,,,4088,,,,,1.75898032551654,Technology,
7038,JP3829550007,,,JP3829550007,0.03337,0.01763,0.030150002,1.30094,-0.387,-0.253684943988851,-0.45422114341406,-0.345528963674606,-0.185598130225821,0.0382,76286400,34586652672,10.570922,10.379428,1.0359938,0.00144927536231884,0.00582241630276565,0.022189349112426,0.0206794682422452,0.0647149460708783,0.186685962373372,0.186685962373372,0.186685962373372,3455,,,1,Strong Buy,1.01844937890604,Consumer Defensive,
2440,JP3274180003,,,JP3274180003,0.06091,0.03418,0.05485,0.00881,0.063,-0.0880015405083678,-0.475919660211648,-0.41819791897277,-0.444703526082722,0.0291,199947000,213187477504,12.547051,,1.3814635,-0.0149253731343284,-0.0134529147982063,-0.00302114803625378,-0.0119760479041916,0.0107197549770291,,,,3300,,,,,,Healthcare,
2193,JP3266170004,,,JP3266170004,0.17712,0.14563,0.23301001,0.17117,0.105,-0.157822747518676,-0.378318958227634,-0.280457878198414,-0.022217519106408,0.0536,89616440,56099799040,11.454743,10.575415,2.894128,-0.00573770491803279,0.00165152766308836,0.0120984564038381,0.00873180873180873,-0.0146222583265638,,,,2426,,,,,1.08314832089332,Utilities,
3926,JP3173560008,,,JP3173560008,0.0075499997,0.011390001,0.0040599997,0.04809,-0.482,-0.217141599735945,-0.38872223737236,-0.23992745601432,0.0223837121555132,0.0429,94688640,77744537600,10.717804,,0.68523777,-0.0109090909090909,0.0124069478908189,0.0388287714831318,0.0290037831021438,0.0375079465988557,,,,1632,,,,,,Healthcare,
7527,JP3351000009,,,JP3351000009,0.083780006,0.07113,0.07633,0.01974,0.893,0.892769547728834,0.735363499892773,0.62662903908565,0.283700658520803,0.0153,322255500,68918452224,13.587182,,1.9552443,-0.00457317073170732,0.0847176079734219,0.0971102150537634,0.0757825370675453,0.0775577557755776,,,,3265,,,,,,Industrials,
6560,JP3167710007,,,JP3167710007,0.00987,0.00312,-0.0019,0.88647,,-0.679305316187193,-0.607514024876295,-0.463456721402728,-0.560024007030631,0.0253,15348960,17611909120,18.692472,,0.8492824,0.00763358778625954,0.0193050193050193,0.0421052631578947,0.0206185567010309,0.0127877237851662,,,,792,,,,,,Healthcare,
3633,JP3836100002,,,JP3836100002,0.04443,0.01854,0.05037,1.308,14.604,0.271193198809507,-0.0915317683133227,-0.033338504980296,0.202302670117477,0.0255,619981400,165613420544,21.551409,18.921871,1.6911063,0.0333333333333333,0.130518234165067,0.105065666041276,0.16403162055336,0.335600907029479,,,,5890,,,,,1.1389681813178,Technology,
9229,JP3324410004,,,JP3324410004,0.05644,0.045739997,0.075440004,0.45948,0.233,2.21771424195838,1.35817891917832,1.27762490638708,0.514381604607919,0.0274,711156510,165828182016,16.80601,19.026062,1.7308574,-0.0121082621082621,0.0183553597650514,0.0491679273827534,0.0452147701582517,0.245062836624776,0.0454217736121125,0.0454217736121125,0.0454217736121125,1387,,,,,0.883315212575256,Industrials,
7034,JP3833830007,,,JP3833830007,0.056350004,0.03855,0.05609,0.02532,0.565,0.190694521542337,-0.137974037963987,-0.103698950836729,1.23496915162551,0.0251,374106790,68213501952,15.575384,5.644049,1.2263486,-0.00502933780385583,0.0321739130434783,0.0384951881014873,0.0330722367275892,0.168307086614173,,,,1187,,,,,2.75961176098932,Industrials,
9503,JP3228600007,,,JP3228600007,0.063200004,0.025969999,0.04634,0.31554,0.684,0.0270668485675307,0.281237850866962,0.628409947249435,1.1291331702202,0.0111,116167800,20411054080,22.37041,14.899268,2.386978,-0.0139393939393939,0.0343293070565798,0.0633986928104575,0.016875,0.130646282140375,,,,1627,,,,,1.50144356085145,Consumer Defensive,
9502,JP3526600006,,,JP3526600006,0.03773,0,0.02489,,-0.138,-0.202702702702703,-0.371851851851852,-0.11345962113659,0.11866902237927,0.0432,19616930,35006017536,16.528175,,1.576699,0,0.00712025316455696,0.0224899598393574,0.0184,0.0200320512820513,,,,1273,,,,,,Healthcare,
9531,JP3573000001,,,JP3573000001,0.06883,0.023729999,0.03838,1.37051,0.604,-0.186227778096426,-0.0494010852059006,-0.03364588643502,-0.390607532676763,0.0155,1665547950,228042440704,13.105965,15.31617,2.6894023,-0.00308430431802605,-0.0155668358714044,-0.00205831903945112,-0.0138983050847458,-0.156811594202899,1.16569267789618,0.0312822275696116,0.497078033688553,2909,,,,,0.855694667792274,Consumer Cyclical,
9532,JP3180400008,,,JP3180400008,0.04414,0.03974,0.065570004,0.70461,0.324,-0.257844649617094,-0.460889461899688,-0.463127926560011,-0.378174104691484,0.0083,2998136820,741850021888,38.912083,62.347095,3.8086567,-0.0045773573390296,-0.0139056831922612,-0.0118146016358679,-0.0317601662214307,0.0512407347728005,0.226241569589209,-0.386879215205396,-0.0374003678724709,3262,,,3,Hold,0.624120225649647,Consumer Cyclical,
9501,JP3585800000,,,JP3585800000,0.04188,0.08349,0.10744,0.10852,0.337,0.243408728231458,-0.505789489302353,-0.393591880850752,-0.442023910486143,0.0323,132761850,129158840320,13.298016,,0.9539268,-0.00501756146512795,0.00813421453990849,-0.00701051577366049,-0.00301659125188537,0.00506842372022301,,,,1983,,,,,,Consumer Cyclical,
9508,JP3246400000,,,JP3246400000,0.0054,-0.0051200003,-0.0029499999,0.2828,,-0.333395566770958,-0.353099036224659,-0.346411908039076,0.635520104623483,0.019,314937680,174172094464,,56.82432,0.8465176,-0.00825471698113208,-0.0175233644859813,-0.00237247924080664,-0.00237247924080664,0.0625663576505397,0.0107015457788347,0.0107015457788347,0.0107015457788347,841,,,,,,Consumer Cyclical,
9506,JP3605400005,,,JP3605400005,0.02517,0.45327,0.50244,1.11011,0.097,3.5883766391355,-0.0361399828358921,0.167449392712551,-0.00453735932399741,0.0419,984127500,288237715456,45.045048,6.0410047,1.8855333,-0.0112262521588946,-0.0188517566409597,-0.0137812230835487,-0.023037542662116,-0.0161155387552868,0.337117903930131,0.0305676855895197,0.197707423580786,114500,,,3.3,Hold,7.45654907369961,Real Estate,
9513,JP3551200003,,,JP3551200003,0.028889999,0.08158,0.13367,2.11464,-0.361,0.638479475888809,-0.0978636135619227,-0.0352924943622558,0.00482508621457763,0.0484,3368419600,777330425856,9.41639,2.052647,0.97213393,-0.0151515151515152,0.00408254690154146,0.00886917960088692,-0.00741708975077378,0.00931679751721759,0.351648351648352,-0.010989010989011,0.192407692307692,910,,,2.3,Buy,4.58743758668685,Real Estate,
9504,JP3522200009,,,JP3522200009,0.02071,0.52557,0.6012,0.9443,-0.037,5.90211221066188,0.312198483804273,0.419156441717791,-0.125494879077373,0.0511,861715200,227975462912,19.15709,24.991812,1.1293403,-0.0138211382113821,-0.0225624496373892,-0.0296,-0.0365369340746624,-0.0441292356185973,0.236603462489695,0.0717230008244023,0.175597691673537,121300,,,3,Hold,0.766534655430347,Real Estate,
9533,JP3600200004,,,JP3600200004,0.07058,0.07096,0.15626,0.96606,1.08,0.679666467027568,0.0790405484923228,0.0141615886625874,0.402027527641628,0.0587,362980900,54859239424,11.300021,,1.6095308,-0.00999091734786558,0.00646352723915051,0.0205992509363296,0.010194624652456,0.013953488372093,,,,1090,,,,,,Real Estate,
9507,JP3350800003,,,JP3350800003,0.024719998,0.44316003,0.51988,1.18829,0.248,0.236677020111056,-0.24367197770292,-0.0215076717811874,-0.241038593028774,0.059,1008513000,339319455744,16.233767,20.572315,1.3703787,-0.00959409594095941,-0.0168498168498169,-0.0117820324005891,-0.0139603232916973,-0.0303468208092486,0.289120715350224,0.102831594634873,0.184798807749627,134200,,,2,Buy,0.789107448529735,Real Estate,
9509,JP3850200001,,,JP3850200001,0.02575,0.44561002,0.49659002,0.9961,0.266,2.99981400071336,-0.108838796060234,0.032446609576233,-0.180291934399006,0.0466,1414111500,397896122368,22.321428,12.47909,1.616347,-0.0203651685393258,-0.0210526315789474,-0.0244755244755245,-0.0305767894371091,-0.043865661411926,0.376344086021505,0.139784946236559,0.271889462365591,139500,,,2.7,Hold,1.78870638804592,Real Estate,
9505,JP3845400005,,,JP3845400005,0.020380002,0.46251,0.54929,0.98467,0.223,0.00235646603010048,-0.116384227857885,0.0717608312324215,-0.0534029982594703,0.0499,739180000,308921335808,19.493177,7.427044,1.148966,-0.00914634146341463,-0.00763358778625954,-0.00459418070444104,-0.0144048521607278,-0.0793201133144476,0.307692307692308,0.130769230769231,0.216666692307692,130000,,,,,2.62462118172452,Real Estate,
9551,JP3921260000,,,JP3921260000,0.02118,0.60415,0.51084,0.88241,0,1.76403275684343,-0.474032578363498,-0.316137360904243,-0.062737277761235,0.053,1952004600,636179120128,20.53388,26.483347,1.4155934,-0.00970873786407767,-0.00599700149925038,0.000754716981132075,-0.0045045045045045,-0.0323349764771333,0.319758672699849,0.085972850678733,0.21078431372549,132600,,,1.8,Buy,0.77535063827091,Real Estate,
9543,JP3351150002,,,JP3351150002,0.021659998,0.40478,0.49363,1.15698,0.09,-0.0100100221212616,-0.300818620959458,-0.229851326653618,-0.374007466496561,0.0441,647521800,234944806912,50,8.393013,1.3898302,-0.0062047569803516,-0.0143589743589744,-0.0102986611740474,-0.0203873598369011,-0.0283114256825076,0.269510926118626,0.196670135275754,0.238293444328824,96100,,,3,Hold,5.95733617951027,Real Estate,
9536,JP3311600005,,,JP3311600005,0.022880001,0.43245998,0.47377998,0.72955,-0.058,1.60056069718075,-0.43549789654281,-0.121655451657407,-0.00492128132378331,0.046,1374692800,711396294656,24.038462,9.652916,1.4325062,0.00236406619385343,0.004739336492891,0.00952380952380953,0.00593119810201661,-0.0396375990939977,0.273584905660377,-0.0212264150943396,0.163207547169811,84800,,,2.1,Buy,2.4902798283959,Real Estate,
9511,JP3194700005,,,JP3194700005,0.02239,0.42242,0.52091,0.71792,0.431,0.550056120067145,-0.287004286416494,-0.0478210116731517,-0.0414223541048467,0.0567,409035300,138432577536,19.455252,21.431162,0.9460776,0.00127118644067797,-0.00126796280642435,0.0154705629565965,0.0038232795242141,-0.00253271422541157,0.28650021159543,0.100296233601354,0.169064748201439,236300,,,,,0.907802012788667,Real Estate,
9519,JP3981200003,,,JP3981200003,0.07067,0.07839,0.10939,1.3642,0.04,0.470969254164809,-0.242317340392833,-0.181401527731651,0.34311271998725,0.027,2041358220,833265205248,7.739941,9.918815,1.4240557,-0.026184058529072,-0.00157915515199368,0.0231962238705327,0.00251057082452431,-0.1,0.687096349018057,0.146698299723211,0.379552787663108,7587,,,2,Buy,0.780329202631564,Real Estate,
9534,JP3847000001,,,JP3847000001,0.031630002,0.07361,0.16304001,2.06122,-0.163,0.236309431463784,-0.418713027471935,-0.357903796301929,-0.186962802699424,0.0391,3028070400,912936075264,9.452075,11.77878,1.002434,-0.019532746074301,-0.00233826968043648,-0.00427849085958771,-0.0180283851169927,-0.00813638124757846,0.3828125,-0.140625,0.18892046875,1280,,,2.3,Buy,0.802466384464266,Real Estate,
9517,JP3130830007,,,JP3130830007,0.02412,0.43889,0.50192,1.06018,-0.098,0.345635802840033,-0.246798979007137,0.0706504570645504,-0.0161837408230618,0.0644,267953000,73804185600,12.836971,,0.9897478,0.00264550264550265,0.0120160213618158,0.0298913043478261,0.0243243243243243,0.0134464658686723,0.0949868073878628,0.0949868073878628,0.0949868073878628,75800,,,,,,Real Estate,
3150,JP3952860009,,,JP3952860009,0.03383,0.04508,0.06765,0.82629,0.892,1.16198845832627,-0.294382154273258,-0.220087056930385,-0.0787271530596811,0.0415,1077389690,613314658304,9.690023,10.801012,0.5994634,-0.0314204669430504,-0.0157427937915743,-0.00157444894287,-0.0117987533392698,-0.00359147025813693,0.220995719756702,-0.00878576255913494,0.121874296012615,2219.5,,,3.4,Hold,0.897140286484267,Consumer Cyclical,
9535,JP3796200008,,,JP3796200008,,0,0.33574,0.77554,,4.55097237240061,0.40166677898331,0.529690854443967,0.0342123643881057,0.0575,1049326500,234436444160,16.920473,17.119291,0.96761626,-0.00888888888888889,-0.019349164467898,-0.0227870289219982,-0.0354671280276817,-0.0731504571903574,0.312107623318386,0.201793721973094,0.237309417040359,111500,,,2.6,Hold,0.988386318101608,Real Estate,
9514,JP3802140008,,,JP3802140008,,0.47472,0.55394,0.9759,0.022,0.342835045851287,-0.0934367454452331,0.225414872608372,0.140529429162969,0.0547,511078400,211968000000,17.54386,21.59916,1.0797629,-0.000678886625933469,-0.0040595399188092,-0.00203389830508475,-0.00540540540540541,-0.0176265788069786,0.263586956521739,0.120923913043478,0.20414402173913,147200,,,,,0.812247328136835,Real Estate,
9020,JP3783600004,,,JP3783600004,0.02963,0.53744,0.59453,1.00916,-0.199,0.248249878990601,-0.368143782941336,5.36751704975947E-05,-0.136754147235404,0.057,366297300,147707625472,11.210762,4.73286,1.0553001,-0.00247218788627936,-0.0037037037037037,0.00749063670411985,0,-0.0158536585365854,0.27633209417596,0.115241635687732,0.177199504337051,80700,,,3,Hold,2.36870771584201,Real Estate,
9022,JP3566800003,,,JP3566800003,0.03945,0.12053,0.0014599999,0.00046,,-0.0770849214819332,-0.357032457496136,-0.321324863883848,0.170295472418829,0.0208,122727300,80208044032,17.007174,,1.0818018,-0.00476947535771065,0.0228758169934641,0.0364238410596027,0.0212071778140294,-0.0398773006134969,0.150159744408946,0.150159744408946,0.150159744408946,3130,,,1,Strong Buy,,Industrials,
9101,JP3753000003,,,JP3753000003,0.026129998,0.51674,0.60523,0.97944,0.206,2.41310192578422,-0.359646291242382,-0.0556140618939599,-0.100904161646927,0.0753,1083074600,303860285440,13.10616,19.96104,1.0478158,-0.0139664804469274,-0.0180806675938804,-0.00842696629213483,-0.0208044382801664,-0.0485175202156334,0.31728045325779,0.0198300283286119,0.201133144475921,70600,,,,,0.656587031537435,Real Estate,
9104,JP3362700001,,,JP3362700001,0.0052300002,-0.082609996,-0.01302,2.00062,,-0.117979839992386,0.330965713461564,0.395552468650556,0.614946352708487,,783926550,28811251712,,,0.846617,-0.0198019801980198,-0.0198019801980198,-0.0294117647058824,-0.0198019801980198,-0.0198019801980198,,,,99,,,,,,Basic Materials,
9202,JP3429800000,,,JP3429800000,0.04088,0.0184,0.015700001,0.17914,0.056,0.171901833334413,-0.242331467619754,-0.113203366058906,-0.0643868866954031,0.0264,582762840,224251166720,17.064621,13.33243,1.5346164,-0.0122539172358377,0.00655066530194473,0.0144419228388694,0.031682752832564,0.00285539465633286,0.492780150498271,-0.0929428513321131,0.138905836892414,2458.5,,,2.7,Hold,1.27993329048043,Healthcare,
9021,JP3659000008,,,JP3659000008,0.02795,0.03562,0.0519,1.04359,0.382,0.198793454721312,-0.300606662593449,-0.238732390818033,-0.0711161906461269,0.0297,14299862800,4579458547712,17.00623,17.51344,1.2658354,-0.0167924069116573,-0.00980392156862745,0.00597609561752988,-0.00419028839043628,-0.000458339101834154,0.485148514851485,-0.0693069306930693,0.124381188118812,2020,,,2.5,Buy,0.971038813619711,Consumer Defensive,
9201,JP3705200008,,,JP3705200008,,0,0.07806,1.33997,0.062,-0.370871124798619,-0.52320300648676,-0.529537749256141,0.00634581004421325,0.0066,728284610,343211769856,68.49685,20.026316,7.049952,-0.00522875816993464,-0.00911458333333333,0,-0.0231065468549422,0.0125628465141315,,,,761,,,,,3.42034201397801,Consumer Cyclical,
9042,JP3774200004,,,JP3774200004,0.03783,0.03395,0.0021799998,,-0.776,-0.16952264381885,-0.212029842668831,-0.197633136094675,-0.15016204913748,0.0451,59960130,26802790400,9.532987,10.980899,0.70062935,-0.00561009817671809,0.0133396855645546,0.0325242718446602,0.0325242718446602,0.0255544840887175,,,,2127,,,,,0.868142672107266,Technology,
9107,JP3223800008,,,JP3223800008,,0.02481,0.038039997,0.22553,-0.347,1.30813591022444,-0.177126169354661,-0.115392757488786,-0.323258567513631,0.0222,3529794345,979358318592,14.992717,3.46067,1.1177243,-0.0263513513513514,-0.0507246376811594,-0.0371937639198218,-0.0750962772785623,-0.0860055627327054,0.387925052047189,0.0964607911172797,0.234739301411057,2161.5,,,2.4,Buy,4.33231628557476,Healthcare,
9147,JP3688370000,,,JP3688370000,,0,0.07591,1.72517,-0.321,-0.179230595950242,-0.0731156240968919,-0.0562815711548511,-0.0476373140409632,0.0027,1524556520,391381581824,208.38014,41.076042,4.094248,0.0255760368663594,0.0262854507724233,0.0455719990603712,0.0490219184539241,0.0630523047528063,0.0334756234554033,-0.258593574477645,-0.0938365985171872,4451,,,,,5.07303357027437,Consumer Cyclical,
9005,JP3574200006,,,JP3574200006,0.04227,-0.04948,0.27015,0.77463,,0.490765791727976,-0.325375469263394,-0.279637193019679,-0.165841800249551,0.0296,1081949400,326413713408,,4.7074537,0.78626764,-0.0261870503597122,0.00924545183417835,0.0257653834495302,0.0282588878760255,0.00564635958395245,0.099290780141844,-0.261229314420804,-0.0650118203309693,1692,,,,,,Industrials,
9041,JP3260800002,,,JP3260800002,0.02977,0.03509,0.06971,0.4626,0.925,0.147803316953001,-0.237290648715669,-0.251004081555667,0.159092002442545,0.0184,4881140160,1817914376192,23.582767,18.445166,1.0004264,-0.0196386488609584,0.0175295556461476,0.00889248181083266,0.0212765957446809,-0.039630627164294,0.362179487179487,-0.22275641025641,0.125437019230769,1248,,,2,Buy,1.27853373615613,Consumer Cyclical,
9024,JP3417200007,,,JP3417200007,0.029460002,0.00912,0.060700003,0.41476,2.377,1.40942885597394,-0.404957987578936,-0.380148654640499,-0.0546487178647692,0.0306,2730552030,531186384896,64.93555,9.364211,0.7028878,-0.0310524869469635,-0.0089938167509837,-0.00198131899235777,-0.0126015121814618,-0.0649695041103156,0.588201928530913,-0.21724333522405,-0.00737379466817924,1763,,,3.1,Hold,6.93443900399083,Basic Materials,
9001,JP3597800006,,,JP3597800006,0.038429998,0.06098,0.098409995,0.56856,1.736,0.168541084548003,-0.174533058996798,-0.191307961187579,-0.147509799154108,0.0275,6902144000,2133725020160,13.679891,15.958508,1.0175223,-0.00744416873449132,0.0204081632653061,0.0309278350515464,0.021059349074665,-0.0396158463385354,0.5625,-0.125,0.227083375,1600,,,1.6,Buy,0.857216163315518,Industrials,
9142,JP3247010006,,,JP3247010006,0.027509999,0.051960003,0.029930001,0.00614,-0.533,0.958119824436228,-0.34927915631829,-0.318576748034754,-0.0692300074976304,0.0478,104240640,41012449280,12.7386465,,0.9961855,-0.00947567909033481,0.00127713920817369,0.0116129032258065,0.00319897632757518,-0.0101010101010101,,,,1568,,,,,,Industrials,
9007,JP3196000008,,,JP3196000008,0.10014,0.16827999,0.22908,0.16579,0.014,0.197008589199329,-0.43172512017091,-0.353080671004872,-0.309290056846233,0.0336,582097590,169664184320,16.863697,20.947138,2.5401502,0.0134991119005329,0.0292207792207792,0.0367005813953488,0.0277377521613833,-0.0676470588235294,0.43708377146863,0.402032947774273,0.419558359621451,2853,,,,,0.805059717465937,Industrials,
9143,JP3162770006,,,JP3162770006,-0.011519999,-0.06612,-0.02728,0.57301,,-0.296020586209329,-0.419206135712452,-0.392518296194148,-0.404089367140995,0.0066,31811925760,1058989473792,,61.50721,1.8639065,0.0559721011333915,0.0439579382865023,0.023318688746198,-0.0301089045483664,-0.145598194130926,0.816380449141347,-0.52443857331572,0.283437912813738,3028,,,2.7,Hold,,Technology,
9064,JP3940000007,,,JP3940000007,0.04778,0.12163,0.19145,0.07188,0.063,-0.240705260499128,-0.163764860359288,-0.208259938109974,-0.160648995392271,0.0095,1172006000,154259177472,16,16.185293,1.7168907,0.0157618213660245,0.0881801125703565,0.0964083175803403,0.045045045045045,-0.150805270863836,,,,5800,,,,,0.988551767335939,Technology,
9023,JP3583900000,,,JP3583900000,,0.39203998,0.48698002,1.01045,0.03,0.49029619755541,-0.222881169788823,0.142707240293809,-0.0322407089248576,0.0591,112924000,48750923776,16.611296,36.183292,1.1324257,0.00465477114041893,0.00856697819314642,0.0140955364134691,0.0196850393700787,-0.00613967766692249,0.0888030888030888,0.0888030888030888,0.0888030888030888,129500,,,,,0.459087470537507,Real Estate,
9364,JP3219000001,,,JP3219000001,0.01939,0.39173,0.50434,1.20923,-0.001,-0.190180382731842,-0.497430181435383,-0.392408794988331,6.10729388698522,0.0689,370848000,34511998976,16.638935,,0.8961353,-0.0062111801242236,-0.0062111801242236,0.00734522560335782,0.00418410041841004,-0.0706679574056147,,,,96000,,,0,Strong Buy,,Real Estate,
9009,JP3278600006,,,JP3278600006,0.01002,0.029260002,-0.00693,2.32781,,-0.650692679486991,-0.523018898246777,-0.244202021472248,-0.107383441650184,0.0498,81814720,18431023104,12.690774,8.815664,0.96918553,-0.00323974082073434,0.00764192139737991,0.013172338090011,0.00544662309368192,-0.00216216216216216,,,,923,,,,,1.4395709727594,Real Estate,
9072,JP3709600005,,,JP3709600005,0.02308,0.3957,0.44407,1.08417,-0.134,5.4706130221628,0.731997957382498,0.739270660846003,0.554392972371331,0.0626,347342100,73078620160,10000,,0.904389,-0.00810185185185185,-0.0115340253748558,-0.0149425287356322,-0.0261363636363636,-0.0359955005624297,,,,85700,,,0,Strong Buy,,Real Estate,
9048,JP3649800004,,,JP3649800004,0.01818,0.347,0.38504001,0.87031,-0.163,1.12529365700861,-0.341423488047992,-0.0109360734680726,-0.00895697540858836,0.0487,1304711100,653743423488,22.172949,23.576725,1.0894929,-0.0147058823529412,-0.0188284518828452,-0.0126315789473684,-0.0201949860724234,-0.0378616526516876,0.350390902629709,0.151385927505331,0.292679459843639,140700,,,1.8,Buy,0.940459245293823,Real Estate,
9065,JP3326000001,,,JP3326000001,0.02708,0.44055,0.54765,0.92614,-0.592,1.39664979933694,-0.486956989440092,-0.207693892457813,-0.14927117847106,0.0556,105700800,35467059200,13.717422,,0.8639545,-0.0260791366906475,-0.021680216802168,-0.0225631768953069,-0.021680216802168,-0.0118613138686131,,,,108300,,,,,,Real Estate,
9008,JP3277800003,,,JP3277800003,,0.48266,0.55444,0.83958,-0.012,4.98944732484595,-0.157575198768733,-0.036093493591165,0.17051359954789,0.0559,1003135800,241242210304,19.569471,20.559504,1.1843116,-0.0259467040673212,-0.0238931834153197,-0.0211416490486258,-0.0327298050139276,-0.042518713462071,0.331893448524118,0.259899208063355,0.303095752339813,138900,,,,,0.951845482264553,Real Estate,
9006,JP3280200001,,,JP3280200001,0.01222,0.47403,0.083450004,0.96061,,2.14395837786459,1.64851142795072,1.30958845124072,0.0504490312376433,0.0644,720435500,146441502720,15.698587,17.671854,1.0129132,-0.00909090909090909,0.0130111524163569,0.0400763358778626,0.0321969696969697,0.0263653483992467,0.192660550458716,0.192660550458716,0.192660550458716,54500,,,,,0.888338427875196,Real Estate,
9301,JP3902000003,,,JP3902000003,0.021949999,0.33244,0.46307,1.11096,-0.017,0.633583521929699,0.0574886611877122,0.256143268308283,0.10329213058103,0.0725,156195000,27445665792,15.797789,34.83387,0.91455066,-0.00408580183861083,-0.0081383519837233,0.00102669404517454,-0.00306748466257669,-0.0394088669950739,,,,97500,,,0,Strong Buy,0.453518055846221,Real Estate,
9045,JP3279400000,,,JP3279400000,,0.34297,0.49305,0.65094,,0.704687643125401,-0.279115916624449,-0.0997901171473794,-0.0610182142126235,0.0515,729091600,327765360640,28.248589,27.61382,1.0147641,-0.0029382957884427,-0.00779727095516569,-0.00196078431372549,-0.00876338851022395,-0.0387157695939566,0.306483300589391,0.18860510805501,0.239685658153242,101800,,,3.2,Hold,1.02298736647085,Real Estate,
9069,JP3423800006,,,JP3423800006,,0.39703,0.55459,0.93964,0.027,-0.217187038895119,-0.400981956847504,-0.0507993990060486,-0.119275251158034,0.0297,95533200,28921337856,13.5685215,39.964157,0.8232942,-0.00888888888888889,-0.00149253731343284,0.0245022970903522,0.0182648401826484,0.0229357798165138,,,,66900,,,,,0.339517270438108,Real Estate,
9044,JP3653000004,,,JP3653000004,0.04583,0.03664,0.0114400005,3.40332,,0.611997507599932,0.863410447037976,0.734323844586155,0.274234731098077,0.031,219126600,42629623808,22.026106,10.040568,3.0391092,-0.0132890365448505,0.00405679513184584,0.0399159663865546,0.0421052631578947,-0.0249507550886408,,,,1485,,,,,2.19371115259615,Real Estate,
9076,JP3415400005,,,JP3415400005,,0.41222998,0.50265,1.06939,0,0.179078670821431,-0.192326464853283,0.147046804912989,0.627775772961999,0.0636,302327500,79158763520,15.673982,21.380732,0.9005525,-0.00717703349282297,-0.00598802395209581,0.00241545893719807,0.00484261501210654,0.0184049079754601,,,,41500,,,,,0.733089119680281,Real Estate,
9303,JP3407000003,,,JP3407000003,0.05545,0.083409995,0.30651,0.69232,0.121,,,,,0.000235,286795200,188578775040,28.40891,33.24656,4.087145,-0.00334448160535117,0,0,-0.00111731843575419,-0.0044543429844098,,,,8940,,,,,0.854491712826831,Real Estate,
9302,JP3891200002,,,JP3891200002,0.01873,0.47344002,0.52959,0.78408,-0.181,0.562808910045395,-0.219477078438234,0.137408904305763,0.288603905675657,0.0529,453150000,167063732224,21.881838,8.023107,1.0706376,-0.00706090026478376,-0.00793650793650794,0.00626118067978533,0.000889679715302491,-0.0398976530898194,0.288888888888889,0.173333333333333,0.226666666666667,112500,,,3,Hold,2.72735213427915,Real Estate,
9003,JP3316400005,,,JP3316400005,0.06745,0.15418,0.17653999,2.07809,-0.432,-0.339677136520708,-0.496751412429379,-0.418572166209202,-0.40366787585651,0.038,210566670,43579387904,5.4704084,5.234613,1.2025214,-0.0054033191817831,0.0141676505312869,0.0441653160453809,0.0242448330683625,-0.066304347826087,,,,2577,,,,,1.04504543124774,Real Estate,
9031,JP3658800002,,,JP3658800002,0.01095,0.4559,0.55674,0.85675,0.018,0.395809229156413,-0.340427972645047,-0.187394495917301,0.316309883252818,0.0557,313404000,83727597568,18.867924,38.54843,1.1155846,-0.00582665695557174,0,0.00589535740604274,0.00589535740604274,-0.00146305779078274,0.318681318681319,0.17948717948718,0.249084249084249,136500,,,,,0.489460245203242,Real Estate,
9075,JP3806800003,,,JP3806800003,,0.4168,0.43414003,0.75357,-0.131,-0.355421265404899,-0.321020228671944,-0.0499642351652031,0.282376488966999,0.0636,111826400,26238214144,14.064698,,1.0072647,-0.0037914691943128,-0.00189933523266857,0.0184108527131783,0.0223735408560311,0.058821881206494,,,,105100,,,,,,Real Estate,
9037,JP3771150004,,,JP3771150004,,0.47396,0.59713,1.06088,-0.035,0.906628026907439,-0.295526638190788,-0.109467549119921,0.842193280115707,0.0688,585667000,80957718528,27.247955,,0.8046829,0.00376884422110553,0.00756620428751576,0.0191326530612245,0.0191326530612245,0.0208059887710543,,,,79900,,,,,,Real Estate,
9119,JP3131200002,,,JP3131200002,0.23334,0.13439,0.17167,0.01177,0.166,-0.38860103626943,-0.556790435295108,-0.473937512128857,-0.386231007126529,0.0257,183848000,60443160576,28.985506,27.450981,9.57482,0.00102145045965271,0.0261780104712042,0.0414452709883103,0.00823045267489712,0.0458911419423693,,,,4900,,,,,1.05590055233363,Real Estate,
9025,JP3288970001,,,JP3288970001,0.07559,0.02497,0.030450001,0.15618,-0.49,-0.4246428397289,-0.307278497777392,-0.0150997605746209,-0.50717140273016,0.0184,271433040,72156233728,14.555922,7.16962,1.5061107,-0.023448275862069,-0.0180305131761442,0.0598802395209581,0.0411764705882353,0.0335766423357664,,,,1416,,,,,2.03022224329881,Consumer Defensive,
9110,JP3385000009,,,JP3385000009,0.055949997,0.113409996,0.17167,0.82508,0.147,-0.395564922569413,-0.478010407639526,-0.425416596965759,0.343384428223844,0.0215,501439180,131160408064,Infinity,18.675478,2.6054568,-0.000693481276005548,-0.00207756232686981,0.00945709281961471,0.00804477089891571,0.0301863908116515,0.179736294240111,0.0409437890353921,0.148507980569049,2882,,,,,,Consumer Cyclical,
9068,JP3876000005,,,JP3876000005,0.04437,0.03022,0.04028,1.06195,-0.511,0.709162732710437,0.136091977936787,0.0969153614690225,-0.122682129528187,0.016,1064520000,379852259328,22.624434,19.472301,2.6932817,-0.024390243902439,-0.0140497904855805,0,-0.0037359900373599,0.00806451612903226,0.05,-0.0625,-0.005,4000,,,3,Hold,1.16187778732467,Healthcare,
2384,JP3163500006,,,JP3163500006,0.051999997,0.14229,0.064780004,,,0.438508729180403,1.76946627710794,1.14082044500167,-0.16640595455779,0.0288,181792530,22411726848,10.977666,,3.4028711,0,0.0610997963340122,0.0945378151260504,0.0831600831600832,0.243436754176611,,,,521,,,,,,Technology,
9039,JP3314200001,,,JP3314200001,0.06584,0.08967,0.13568,0.05364,0.138,0.0876066146124874,-0.427025476544369,-0.235843881427904,-0.0116131962033412,0.0229,462476000,193753333760,12.578616,12.65485,1.1779357,0.0106544901065449,0.0278637770897833,0.0391236306729265,0.00758725341426404,-0.0334788937409025,-0.036144578313253,-0.036144578313253,-0.036144578313253,3320,,,,,0.993975906470642,Consumer Cyclical,
9310,JP3739600009,,,JP3739600009,0.022330001,0.0221,0.05409,0.52009,0.289,0.899795097839022,-0.434626582707022,-0.333240630677103,-0.069468781957381,0.0571,251076000,69788696576,20.241243,17.77939,0.7419404,-0.0207833733013589,-0.0112994350282486,0.0115606936416185,-0.00162999185004075,0.0174418604651163,0.142857142857143,0.142857142857143,0.142857142857143,1225,,,,,1.1384666740535,Consumer Cyclical,
9010,JP3810400006,,,JP3810400006,0.03955,0.045339998,0.09762,1.3039,0.115,-0.0281079277701323,-0.488763420896451,-0.424673980946431,0.75843326279489,0.0419,403891410,121845088256,9.32851,4.6120563,1.2268922,-0.0141800246609125,0,0.0236875800256082,0.0191204588910134,0.0205444931494853,0.125703564727955,0.125703564727955,0.125703564727955,1599,,,,,2.02263576010553,Consumer Cyclical,
9304,JP3355600002,,,JP3355600002,0.0932,0.080019996,0.12222999,0.20591,0.248,0.824447198510608,-0.195210861491164,-0.115160517887807,-0.239881906157143,0.022,3730147140,856729255936,19.919989,17.562046,2.930981,0.00122609122118686,0.0230518667000752,0.0517774343122102,0.0744736842105263,0.111322808927599,0.27357335292677,-0.240754347293657,-0.00587803085966201,4083,,,2.8,Hold,1.13426357042909,Technology,
9090,JP3879170003,,,JP3879170003,0.01948,0.07965,0.124689996,0.17252,6.423,-0.238249275688448,-0.394423572957946,-0.443990815080906,-0.0728645238429219,0.0518,238029750,73016434688,17.91737,15.151516,0.7640161,-0.00234741784037559,0,0.0340632603406326,0.0493827160493827,0.0732323232323232,0.0352941176470588,0.0352941176470588,0.0352941176470588,425,,,3,Hold,1.1825463537774,Communication Services,
9308,JP3146800002,,,JP3146800002,0.08444,0.52886003,0.31132,0.03572,0.769,0.909042114211607,-0.353334060943796,-0.339456174256018,-0.327095332440499,0.0282,1490917000,568203673600,12.903226,14.959521,2.0286517,-0.00758902510215995,0.0101010101010101,0.0337488598358164,0.0388023220287198,0.0739102969046115,0.470588235294118,-0.235294117647059,0.116339882352941,1700,,,2.2,Buy,0.862542724462902,Communication Services,
9324,JP3932820008,,,JP3932820008,0.06163,0.26353002,0.25838,0.04546,0.804,2.62554559643559,-0.128881575549703,-0.0771199212016745,0.290324249406323,0.0188,11377856000,2492408004608,18.726591,19.131891,2.3308597,0.0230179028132992,0.00723953415171546,0.0423452768729642,0.0272873194221509,0.343408900083963,0.125,-0.290625,-0.07392365625,3200,,,2.3,Buy,0.978815476211944,Communication Services,
9369,JP3244700005,,,JP3244700005,0.0681,0.03681,0.05436,0.25988,0.856,-0.269053207860268,-0.469807115602282,-0.376307700154972,1.2517288328745,0.0078,472933200,49710870528,16.949152,20.078741,2.1582644,0.0119047619047619,0.0429447852760736,0.0828025477707006,0.0493827160493827,0.172413793103448,,,,510,,,,,0.844134201442212,Consumer Cyclical,
9052,JP3341600009,,,JP3341600009,0.113859996,0,0.17819999,,-0.199,-0.406918240625657,-0.477790018111545,-0.411900351587616,-0.284759449628817,0.0297,340014610,56520355840,19.340185,13.573826,6.6659527,0.00621890547263682,0.0074719800747198,0.0398457583547558,0.0305732484076433,0.0163316582914573,,,,809,,,,,1.42481456591531,Communication Services,
9381,JP3160050005,,,JP3160050005,0.21090999,0.16766001,0.36605,,2.811,-0.282443670338079,-0.293004161093773,-0.330157960766423,-0.350703693314633,0.0222,338316960,56162979840,24.451046,,10.3273325,-0.00941915227629513,0.0215866162978953,0.0810965162764135,0.0725212464589235,0.051082731815658,,,,1893,,,,,,Technology,
9081,JP3214600003,,,JP3214600003,0.0139,0.07948,0.14041,0.00027,,-0.0694260752346313,0.0693898679968941,-0.109344639729087,0.027558056659627,0.0441,192382500,58369720320,172.62357,,0.8698785,-0.0043859649122807,0.0365296803652968,0.0732860520094563,0.0783847980997625,0.137844611528822,,,,454,,,0,Strong Buy,,Communication Services,
9319,JP3516600008,,,JP3516600008,0.1691,0.15616,0.23735,0.00322,-0.196,-0.449737242280336,-0.60457340250038,-0.5804841146713,-0.542108620819931,0.0084,1433062800,72650031104,42.19512,29.475752,7.9836426,0.0250683682771194,0.0199546485260771,0.0292906178489703,0.00222816399286988,-0.00662544169611307,,,,2249,,,,,1.43151971152424,Technology,
9046,JP3290600000,,,JP3290600000,0.155,0.23492001,0.20397,0.00213,-0.383,0.6715621407033,2.71449503422505,2.56582311354783,0.996423623809999,0.0024,2393104100,59874951168,54.34705,145.57692,15.936942,-0.0257400257400257,0.0513888888888889,0.195892575039494,0.261666666666667,0.444656488549618,,,,7570,,,,,0.373321883716183,Technology,
8058,JP3898400001,,,JP3898400001,0.10339,0.04417,0.10456,0.89776,,-0.163348401166654,-0.496242011081043,-0.427604360499675,-0.449492907282932,0.0093,4039913988,225213644800,27.397387,1.1994935,5.854718,0.00216104159075167,0.00985673352435533,0.0558418214499701,0.0604163847766616,0.0699546334757055,0.418681193962093,-0.114742934967654,0.117110089660651,881.1,,,2.3,Buy,22.8407965528784,Technology,
8031,JP3893600001,,,JP3893600001,0.04388,0.072,0.08509,0.14843,0.238,0.133803924934203,0.439237889817561,0.263807758675784,-0.117547699828536,0.0253,640520040,101271494656,19.724236,20.411123,3.8751917,-0.00471698113207547,0.00277227722772277,0.0647603027754416,0.0989583333333333,0.104230266027039,0.13349131121643,0.13349131121643,0.13349131121643,2532,,,1,Strong Buy,0.966347417533078,Technology,
8001,JP3143600009,,,JP3143600009,0.02404,0.02545,0.10678001,,1.117,-0.0414765682735708,-0.31887883756312,-0.258961740787636,0.180955353225595,0.0356,550578600,132488216576,55.86222,11.871246,1.1450616,-0.0015785319652723,-0.00511207235548565,0.00836986847349542,0.0326530612244898,0.0853710853710854,0.185770750988142,-0.0513833992094862,0.0671936758893281,2530,,,2.5,Buy,4.70567453492245,Communication Services,
8053,JP3404600003,,,JP3404600003,0.05804,0.27649,0.43646,0.41874,0.212,0.268309955681455,-0.0272017689862579,-0.0439150544586462,0.311234775587107,0.0193,2712107070,669741940736,28.169418,32.50046,5.354584,-0.00563761416168677,0.0128632135063742,0.0634269866152177,0.0416961965509095,-0.107117545813506,0.496768341081755,0.0545413312166912,0.183996711645311,8819,,,2.1,Buy,0.866739055385678,Technology,
8002,JP3877600001,,,JP3877600001,0.065409996,0.067729995,0.06752,0.47228,,0.258623180667492,-0.403817648304444,-0.3039223290584,0.00937944082044959,0.0125,1464712900,608241909760,24.63019,23.975954,3.777741,-0.00174621653084983,0.00912032950867902,0.0269461077844311,0.0615908387496131,-0.0236265300313123,0.253644314868805,-0.0670553935860058,0.041603498542274,3430,,,2.2,Buy,1.02728717280655,Communication Services,
8015,JP3635000007,,,JP3635000007,0.121029995,0.097950004,0.44705,0.00045,-0.597,-0.330951122130864,-0.429380229470414,-0.339547301218804,-0.101642631023567,0.0556,86001360,42137673728,14.66251,11.067873,2.8919368,0,0.00410509031198686,0.0277310924369748,0.0285954583683768,0.0690559440559441,,,,1223,,,,,1.32478119327896,Technology,
9962,JP3885400006,,,JP3885400006,0.008169999,0.03412,0.00829,0.92148,,0.430973190648596,-0.375554455316165,-0.348760588291667,-0.225428829717984,0.0411,2620059372,743674478592,14.327553,11.469548,0.6858279,-0.0148498414349392,0.00678318267398691,0.00968524423528119,0.0135416666666667,0.0021744246207079,0.141943587986753,-0.0750256937307298,0.00871679799017924,875.7,,,2.9,Hold,1.24918200786988,Basic Materials,
8136,JP3343200006,,,JP3343200006,0.00825,0.00791,0.00925,1.5381,,0.170975318094615,-0.486288488695103,-0.46984476534296,-0.280779694923731,0.0113,647154300,152899076096,13.038348,10.994113,0.29674172,-0.00599700149925038,0.00151057401812689,0.0207852193995381,0.02,-0.0285714285714286,0.0105580693815988,-0.245852187028658,-0.100050226244344,1326,,,3.2,Hold,1.18593905665696,Basic Materials,
2768,JP3663900003,,,JP3663900003,0.0068699997,0.02343,0.0094800005,0.42013,-0.209,0.284658779283867,-0.274956996424056,-0.0400778077329967,-0.017911862265045,0.0283,175181940,145834901504,21.050217,9.189189,0.58368987,-0.00108813928182807,0.00768386388583974,0.022271714922049,0.02,0.00657894736842105,-0.0958605664488017,-0.0958605664488017,-0.0958605664488017,918,,,,,2.29075895598621,Basic Materials,
7459,JP3268950007,,,JP3268950007,0.01713,0.01208,0.00928,1.6453,,5.45049809651902,0.17864577021987,0.104605075801994,0.00528118799603176,0.0137,361912320,157924786176,19.047619,19.475084,0.6903693,0.00589390962671906,0.0438328236493374,0.0655567117585848,0.0882040382571732,0.0534979423868313,0.318359375,-0.013671875,0.1165365234375,1024,,,2.7,Hold,0.978050672335996,Basic Materials,
3038,JP3291200008,,,JP3291200008,0.28893998,0.40366,0.33476,,3.222,-0.379605686094638,-0.349973309015573,-0.168001166946248,0.00272420303157945,0.0074,1802503800,383146295296,29.322493,18.114851,9.99049,-0.00642791551882461,-0.0018450184501845,0.0592266275085658,0.0602645761881431,0.0398846708313311,0.340110905730129,-0.0757855822550832,0.12927449168207,1082,,,2.1,Buy,1.61869909942952,Technology,
3132,JP3862960006,,,JP3862960006,0.021540001,0.02569,0.06491,0.92044,0.94,0.614251163980013,-0.145570298016422,-0.112872040537502,-0.102363217729498,0.0325,1382831180,369556979712,18.149635,9.774388,0.74742335,-0.0112504018000643,0.00984898227183191,0.0249916694435188,0.0111768573307035,-0.0360388592917581,0.202860858257477,0.163849154746424,0.176853055916775,1538,,,1.5,Strong Buy,1.85685640881045,Consumer Cyclical,
2784,JP3126340003,,,JP3126340003,0.046430003,0.05321,0.06499,0.00507,-0.168,-0.397296220800825,-0.518848312243893,-0.461374789378528,-0.457667526165963,0.0286,122000520,79476760576,14.556648,,1.0450475,-0.00945945945945946,0.0027359781121751,0.00825309491059147,0.0124309392265193,0.0117322291235335,,,,1466,,,,,,Consumer Cyclical,
8012,JP3647800006,,,JP3647800006,,0.075229995,0.13829,0.21239,0.341,-0.509628044766294,-0.551224219351555,-0.506971376508997,0.298688643608272,0.0032,662999600,96931708928,40.162685,34.53552,2.729543,-0.00628930817610063,-0.0047244094488189,0.0160771704180064,0.0326797385620915,0.102966841186736,0.424050632911392,-0.145569620253165,0.139240506329114,3160,,,,,1.16293847609649,Technology,
8088,JP3151600008,,,JP3151600008,-0.0062800003,0.0773,-0.02633,0.82127,,0.811336735406351,-0.297637722520071,-0.183588892952301,0.0613742898631952,,3130952580,327299203072,75.19113,828.7922,7.344311,-0.0262376237623762,-0.0382985658409387,-0.006732873253661,0.00374213301581902,0.104642456008985,0.423487544483986,-0.271309947466531,-0.028978139298424,5901,,,2.6,Hold,0.0907237423325171,Technology,
8020,JP3217100001,,,JP3217100001,0.029070001,0.04185,0.13868,1.18836,1.704,-0.119371493523295,-0.261349037937485,0.0014116947539571,-0.120271575836314,0.0047,29083068700,2635978768384,47.618233,55.760666,3.3423424,0.0247050147492625,0.0134938001458789,-0.0279818118223155,-0.135345364032358,-0.0831408775981524,1.01511335012594,-0.568189996401583,0.48998445483987,13895,,,1.6,Buy,0.853975327339168,Basic Materials,
9987,JP3398000004,,,JP3398000004,0.037550002,0.04463,0.08444,0.80157,,0.14355457091183,-0.346859355659609,-0.288793149359673,-0.121527075173586,0.0276,6247906908,958416355328,15.626178,14.896021,0.8687827,-0.029116426199444,0.0351471900089207,0.0388540734109222,0.0111537336061089,0.162492472259485,0.499482936918304,-0.138228197173389,0.116473285074112,580.2,,,2.1,Buy,1.04901691532256,Basic Materials,
8060,JP3243600008,,,JP3243600008,0.12125,0.18252,0.27804002,0.17367,0.23,0.2790051071168,-0.339037913021184,-0.230161008398585,-0.0883243977042308,0.0257,4429467650,1101469188096,22.421658,25.606277,4.387489,0.00731975112846163,0.0367905575087896,0.0481086570195481,0.0318670332416896,0.0917625280973159,0.332202979290299,-0.0311251059706915,0.100749545839893,8257,,,1.9,Buy,0.875631314931101,Basic Materials,
9934,JP3146200005,,,JP3146200005,0.02981,-0.05061,0.10471,0.72059,1.474,1.14433215755806,0.677514510071697,0.292166532215636,0.0140847722361298,0.0519,1360777600,158999592960,,22.124128,0.93965286,-0.0153846153846154,-0.0556186152099887,-0.038150289017341,-0.0693512304250559,-0.0436781609195402,0.360576923076923,-0.302884615384615,-0.05,4160,,,3.3,Hold,,Basic Materials,
8078,JP3777800008,,,JP3777800008,0.04237,0.085159995,0.056149997,0.52461,-0.786,-0.0117205459523629,-0.215281353088115,-0.207103712433707,-0.180841848161389,0.0446,568599900,111542059008,6.7023816,11.877114,0.8745379,-0.0121992544900034,0.0146188652975983,0.0121527777777778,-0.0283333333333333,-0.0566343042071197,0.451114922813036,0.0634648370497427,0.257289879931389,2915,,,,,0.564310622934157,Basic Materials,
3107,JP3505400006,,,JP3505400006,0.03187,0.1193,0.109060004,0.26273,0.046,0.674953642166757,-0.309759611566779,-0.145501230720193,-0.182233733187932,0.0413,371171700,207445655552,11.494253,15.229625,0.9818704,-0.010230179028133,0.010443864229765,0.0051948051948052,0.0051948051948052,0.00389105058365759,0.0335917312661499,0.00775193798449612,0.020671834625323,3870,,,2.5,Buy,0.754729876802613,Basic Materials,
8129,JP3602600003,,,JP3602600003,,0.051999997,0.11374,0.3038,2.083,0.201519756838906,-0.375001921273881,-0.346436904659808,-0.332820856035041,0.0385,2454135960,800361480192,19.647041,11.772031,0.9514269,-0.0168305597579425,0.0150331901600937,0.0130553390491037,0.00212027756360833,-0.0409518539014942,0.461819580688594,-0.0382765916522408,0.147816887863051,2599.5,,,2.6,Hold,1.66895933250601,Basic Materials,
8283,JP3782200004,,,JP3782200004,,0,0.07096,0.54545,,-0.397158922758212,-0.37357775842285,-0.371753409606611,-0.233791619271988,0.0344,2082388860,300802703360,13.550039,9.937726,1.04815,-0.00428673493688974,0.0338773491592483,0.0290425793748462,0.0369543650793651,0.0295493720758434,0.506816551064339,-0.122219564697441,0.161604042095193,4181,,,,,1.3634949283166,Basic Materials,
8098,JP3146000009,,,JP3146000009,,0,0.10484,0.21704,3.682,0.273578011087146,1.80681321084864,0.997625887124028,0.271877321885578,0.0375,573633900,112311312384,13.422621,11.115201,0.8792057,0.00554938956714761,0.0571761960326721,0.0658823529411765,0.0646298472385429,0.0608899297423888,-0.00662251655629139,-0.00662251655629139,-0.00662251655629139,4530,,,3,Hold,1.20759138768611,Basic Materials,
3360,JP3274150006,,,JP3274150006,0.03326,0.07951,0.10751,0.09306,-0.097,-0.108793514603971,-0.305387107537645,-0.0766236136174699,-0.244460590732277,0.0398,581329970,191011864576,14.837014,15.31356,0.8703975,-0.0152588555858311,0.00472616068946344,0.00808926080892608,-0.00440771349862259,-0.0221861471861472,0.0237963475373547,0.0237963475373547,0.0237963475373547,1807,,,,,0.968880782783363,Basic Materials,
8154,JP3206200002,,,JP3206200002,0.07683,0.16624,0.21691,0.05903,0.673,0.3435895890466,-0.270214553748036,-0.22384938815283,-0.0120889908971194,0.0149,594324680,242567593984,16.233662,18.679789,1.8709143,-0.00886699507389163,0.0100401606425703,0.0218384966988319,0.00650325162581291,0.0852211434735707,0.292246520874752,0.0934393638170974,0.180417495029821,2012,,,,,0.869049537979257,Basic Materials,
8130,JP3330000005,,,JP3330000005,0.041079998,0.092659995,0.20127001,0.53656,5.103,1.48667162315305,-0.354442353456602,-0.247417267631299,0.261710872242005,0.0154,1661843040,134380298240,35.462387,25.889503,1.7657459,0.0963968179691156,0.097423887587822,0.0969101123595506,0.0679124886052872,-0.185610010427529,-0.359795134443022,-0.359795134443022,-0.359795134443022,2343,,,,,1.36975928043115,Basic Materials,
9869,JP3213300001,,,JP3213300001,0.11164,0.0853,0.12009,0.61082,0.431,-0.594750013311325,-0.15647318530061,0.286449767608152,0.170972173162212,0.0206,207615600,50035445760,30.395748,36.673927,7.1997237,-0.0178282009724473,0.0271186440677966,0.0358974358974359,0.0306122448979592,-0.106194690265487,0.377887788778878,0.336633663366337,0.357260726072607,6060,,,1,Strong Buy,0.828810833374893,Technology,
7476,JP3131300000,,,JP3131300000,0.03234,0.03497,0.11337,0.70616,,-0.119383766583807,-0.36353152258545,-0.262291504432207,0.0269848914494906,0.0302,2097508920,285234855936,18.181318,18.030731,0.9207898,-0.0072007200720072,0.0197226502311248,0.00699939135727328,0.00030229746070133,-0.119712689545092,0.601692354185555,-0.0450287095799335,0.360682985796313,3309,,,1.8,Buy,1.00835168579688,Basic Materials,
3543,JP3305580007,,,JP3305580007,0.03952,0.1559,0.21139,0.31919,0.417,0.176390971875811,-0.110715540647778,-0.0582698036204195,-0.0461974519761567,0.001,170225297250,5496825184256,90.906975,63.292984,9.5893755,0.0584573748308525,0.0230185718022495,-0.000255623721881391,-0.0870681605975724,0.0286691215149921,0.534134492457172,-0.46305292763999,0.26460813091281,19555,,,1.5,Strong Buy,1.43628834121646,Technology,
3167,JP3552260006,,,JP3552260006,0.07294,0.18361999,0.26237,0.05487,0.057,0.248577169939782,-0.274663820467066,-0.202289932742986,-0.309091351925594,0.0198,38235597240,10607238578176,23.14822,17.72359,2.384079,0.0142311697327317,0.0265238011593185,0.0184733356570234,0.0218569680013988,-0.0523755472677153,0.627310061601643,0.112251882272416,0.330374058863792,5844,,,1.6,Buy,1.30606835296912,Basic Materials,
8032,JP3694000005,,,JP3694000005,0.03195,0.044460002,0.044120003,0.02301,0.413,0.257490208047205,-0.139821564767023,-0.118173314993122,0.253132422224818,0.0309,99662400,34769948672,11.025284,11.889908,1.3539174,0.00934579439252336,0.0351437699680511,0.0640394088669951,0.0693069306930693,0.0960757780784844,0.296296296296296,0.296296296296296,0.296296296296296,3240,,,,,0.927280850280759,Technology,
7458,JP3475200006,,,JP3475200006,0.03215,0.04192,0.07947,0.14965,0.605,-0.28696364975713,-0.389269896108007,-0.440020040897413,-0.418736271370838,0.0434,698012700,57138237440,23.36419,13.577745,0.7519871,0.0151515151515152,0.0307692307692308,0.0307692307692308,0.00958904109589041,-0.120525059665871,,,,3685,,,,,1.72077101168125,Basic Materials,
8153,JP3922400001,,,JP3922400001,0.048109997,0.09897,0.14629,0.66209,0.54,0.616399128951992,0.32262431105136,0.294079366919822,-0.105752045180848,0.012,3622193060,2376797519872,19.193933,19.842445,1.8753114,-0.00308641975308642,0.00900404263138552,0.0208217140732478,0.00974623023170283,-0.0899900563473649,0.384083044982699,-0.0894190493534875,0.142779093061373,5491,,,2.5,Buy,0.967316930952814,Basic Materials,
3076,JP3105090009,,,JP3105090009,0.03836,0.09861,0.14072,0.00112,0.38,0.648210745279033,-0.260448168860205,-0.134581965630431,-0.0957538490571972,0.0281,355003200,186993885184,15.198087,,0.9264117,-0.00503074343208496,0.0200573065902579,0.0183066361556064,0.0183066361556064,0.0409356725146199,,,,1780,,,,,,Basic Materials,
8051,JP3936800006,,,JP3936800006,0.065359995,0.13831,0.20009,0.26025,1.037,0.454080722222362,0.933346461752385,0.589141033366297,0.774746258018532,0.0182,2236652000,190296571904,16.722408,11.671087,1.8613434,0.0189902732746642,0.0481181515007146,0.0227801022780102,0.0242085661080074,-0.284552845528455,,,,2200,,,,,1.43280638727138,Basic Materials,
9832,JP3172500005,,,JP3172500005,0.02523,0.04265,0.06701,0.43026,1.19,0.37165982606699,-0.328972407231208,-0.313342440453931,0.135912162689432,0.0346,1115102780,363830935552,12.135835,13.850232,0.7219059,-0.0162311313098523,0.0174584522410609,0.0226084022270963,0.015583109919571,0.027636486944727,0.039432436891602,-0.249298795578287,-0.102183385579937,6061,,,3,Hold,0.876218896549892,Basic Materials,
8133,JP3144000001,,,JP3144000001,0.06199,0.15353,0.100209996,,0.83,0.420082377184471,0.0449366049551435,0.0922634840688823,0.333805085720861,0.031,3917904960,1181211164672,14.5136385,16.260632,1.2892976,-0.00287292817679558,0.00669344042838019,0.0294318959616701,0.0143884892086331,-0.102625298329356,0.285460992907801,-0.202127659574468,0.0114441489361703,2256,,,3.6,Underperform,0.89256300124128,Healthcare,
2874,JP3957000007,,,JP3957000007,0.03739,0.06856,0.11462,0.30891,1.373,-0.154757588906749,-0.262399176248498,-0.19273682002098,0.734389227243164,0.0015,2145700920,154797211648,46.079025,32.75713,3.8750575,-0.00785340314136126,-0.010443864229765,0.0676056338028169,0.0882986360373295,0.554871794871795,-0.0105540897097625,-0.386543535620053,-0.198548812664908,1516,,,3,Hold,1.40668688007771,Technology,
9830,JP3635500006,,,JP3635500006,0.033299997,-0.03877,0.1243,0.31299,1.178,-0.0458383048475943,-0.278866341606418,0.000430192646649614,0.743882180660834,0.0291,5430157780,737575895040,,13.685049,1.1077158,-0.0073490813648294,0.0166666666666667,-0.00708847466526647,-0.0196993260756869,-0.159181858603824,0.824431517715495,0.110523532522475,0.46627567424643,3782,,,1.7,Buy,,Basic Materials,
167A,JP3975410006,,,JP3975410006,0.032390002,0.03837,0.09017,0.82395,44.629,0.0962018948604007,-0.241630428965963,-0.187379444267146,0.0492434282996633,0.0343,4117986800,790320381952,23.867235,4.7970157,0.9049268,-0.0192911619560341,0.0313753243689549,0.0424415832141154,0.0210182157870154,0.0101663585951941,0.646843549862763,-0.176578225068618,0.142809698078682,2186,,,2.5,Buy,4.97543399743303,Basic Materials,
8097,JP3323600001,,,JP3323600001,0.107880004,0.15141,0.18983,0.10027,0.422,0.108746114958287,-0.193833473167713,-0.126686045410248,-0.140396949785263,0.0099,5894500950,968565522432,24.154749,41.3597,3.9059002,0.0164945857466633,0.00723643169058016,0.00235907623541098,-0.0364048698973502,-0.0939393939393939,0.734175647219125,-0.256781865477518,0.37123745819398,8073,,,2,Buy,0.584016542673182,Technology,
9960,JP3595300009,,,JP3595300009,0.07497,0.20156999,0.23638001,0.0192,0.646,-0.302430812346736,-0.453889272825002,-0.320007861228627,-0.477444969142743,0.021,490319000,83382812672,10.660981,23.61343,1.5347832,0.0161090458488228,0.0301507537688442,0.0199004975124378,-0.029585798816568,-0.176706827309237,0.804878048780488,0.339024390243902,0.529878048780488,4100,,,,,0.451479560572098,Basic Materials,
8074,JP3945200008,,,JP3945200008,0.00964,0.013040001,0.11695,0.73776,2.043,0.74691818503159,-0.254181169358053,-0.244484991620373,-0.170143316062356,0.0269,6198899060,1615479832576,,13.04014,0.88692486,-0.0230073952341824,0.0303292894280763,0.0281020319930826,0.0140724946695096,0.00379907133811735,0.513877207737595,-0.335576114381834,0.0841808242220352,1189,,,2.5,Buy,,Basic Materials,
9824,JP3424400004,,,JP3424400004,0.061739996,0.08343001,0.19507,0.2116,0.863,-0.0623502737850787,-0.377832788141337,-0.382375686859779,-0.389751507644353,0.0466,367273200,112757686272,12.345678,12.632405,1.5104238,-0.00770416024653313,0.010989010989011,0.010989010989011,0.0015552099533437,-0.0865248226950355,0.304347826086957,0.0869565217391304,0.195652173913044,3220,,,,,0.97730226350406,Basic Materials,
7456,JP3868500004,,,JP3868500004,0.14097999,0.18697001,0.18937999,0.0018,0.28,-0.103313500279697,-0.0231695259064453,1.15237813112612,0.0955545567730371,,2854877840,344299110400,18.939444,19.663792,3.9872503,-0.00561272217025257,-0.0111627906976744,0.0592924763328351,-0.0167649439241531,-0.0421266050912368,0.411100658513641,-0.000470366886171214,0.276710136406397,8504,,,2.3,Buy,0.963163361369974,Communication Services,
9882,JP3131350005,,,JP3131350005,0.031570002,0.01674,0.092159994,0.8107,0.01,0.731535714444548,-0.268872066476259,-0.321636129593362,-0.369030264274403,0.049,1274668000,365126647808,36.89646,6.5496383,0.992109,-0.00209497206703911,0.0167200284596229,0.0258435032304379,0.0163584637268848,-0.0232399179767601,0.679496151154654,-0.118264520643807,0.0593072078376487,1429,,,3.1,Hold,5.63335841003617,Basic Materials,
7599,JP3235700006,,,JP3235700006,,0.09336001,0.14932999,0.08326,,0.487812239289395,0.4455701021552,0.428883560559123,0.155468709318883,0.0154,7232026100,683107942400,24.389938,28.073845,1.9003304,0.00542355371900827,-0.00230650948231676,0.0260938323668951,0.0164490861618799,0.00270444301352222,0.310043668122271,-0.267916773696378,0.0751899563318777,7786,,,1.3,Strong Buy,0.868777967535263,Basic Materials,
7552,JP3770300006,,,JP3770300006,0.050300002,0.055960003,0.076519996,0.21463,0.003,0.251133336402265,-0.477989763510061,-0.352971424934767,-0.387258717140403,0.0328,3294231610,1008089038848,13.661486,12.917162,1.1842198,-0.0161576354679803,0.0030132583366814,0.00929856478673944,-0.0012002400480096,-0.0618188650883127,0.24173843380733,-0.118766272781895,0.0582815942319247,2496.5,,,,,1.05762287412669,Industrials,
8057,JP3157200001,,,JP3157200001,0.06328,0.071339995,0.12836,0.20281,0.075,0.217288731747073,-0.392824302550216,-0.389453648493795,-0.184305373525557,0.0339,922226250,268605177856,15.384337,16.163424,1.3871901,-0.00305307656176609,0.0226451457480125,0.0308402136959689,0.0270989595935156,0.0494437577255871,0.177856301531213,-0.0459363957597173,0.0325873969375736,4245,,,1.3,Strong Buy,0.951799383595951,Industrials,
8061,JP3414200000,,,JP3414200000,0.015149999,0.049000002,0.045560002,0.72836,-0.039,1.55794796282662,-0.25950623295274,-0.215860399873137,0.0202238238777194,0.0463,2808374600,335343288320,14.045081,10.051831,0.76362073,-0.0154021677124929,0.0129107981220657,0.021301775147929,0.0105386416861827,0.0524390243902439,0.158748551564311,-0.101969872537659,-0.015063731170336,3452,,,,,1.39726593095328,Basic Materials,
2760,JP3571600000,,,JP3571600000,0.027520001,0.05934,0.05404,0.12567,3.052,-0.0511601411012029,-0.356044636853359,-0.265594945594946,-0.501628202999613,0.0295,155226600,89600393216,22.882524,,0.8948953,-0.0138613861386139,0.00945945945945946,0.0407523510971787,0.0282174810736407,0.0204918032786885,,,,2988,,,,,,Industrials,
3036,JP3126210008,,,JP3126210008,0.045619998,0.04413,0.11068,0.08839,0.189,-0.145924577669075,-0.349539898365609,-0.129401641107594,-0.327491640946502,0.0213,326302200,114393899008,34.364067,10.935535,1.3975123,-0.0161550888529887,0.00661157024793388,0.00164473684210526,0.0392491467576792,-0.00490196078431373,,,,6090,,,,,3.14242211286416,Industrials,
2733,JP3125100002,,,JP3125100002,0.0681,0.06677,0.117939994,0.15119,1.067,0.0989817344381477,-0.206725431813991,-0.233113687748613,-0.037471274726265,0.036,258370420,110804246528,15.361113,20.96717,1.6267551,-0.00630782169890664,0.00681721346399659,0.0198532585239534,-0.0125365649811952,-0.165017667844523,,,,2363,,,,,0.732626911500217,Basic Materials,
3156,JP3944360001,,,JP3944360001,0.09458999,0.11956,0.05829,0.2111,0.154,0.163833893317699,-0.372174642790443,-0.44575771224126,-0.0626808623023341,0.0105,1099844850,90874609664,52.61708,298.4375,8.955532,0.0471491228070175,0.0815402038505096,0.173218673218673,0.179012345679012,0.139618138424821,,,,955,,,0,Strong Buy,0.176308540314136,Technology,
546A,JP3910590003,,,JP3910590003,,0,0.1,0.24036,,3.9386156692947,-0.199048892851835,-0.217541998231653,-0.328354913386533,0.0319,1420496550,298109468672,12.820115,20.480436,1.0774627,-0.0224586288416076,0.00681762843925006,0.0154715127701375,0.0167199409884436,0.0187238236018724,,,,2067.5,,,,,0.625968851444374,Basic Materials,
7483,JP3638000004,,,JP3638000004,0.03734,0.18020001,0.07846,,3.355,-0.367331146137936,-0.448652286981796,-0.324012701684716,-0.307897946778609,0.0356,168396800,104967225344,18.313429,19.796558,1.5846372,-0.0155642023346304,-0.01364522417154,0,0,-0.0269230769230769,0.146245059288538,0.00790513833992095,0.0935440711462451,506,,,2.3,Buy,0.925081471233535,Communication Services,
7575,JP3754500001,,,JP3754500001,0.04201,0.02227,0.19665001,0.62286,0.132,0.251898430134431,-0.310702753770468,-0.233434900493988,-0.226849243603777,0.0163,11999455680,2887881326592,192.3163,29.521902,7.727945,0.000193986420950533,-0.00270793036750484,0.0520301979187921,0.0701535907015359,0.0882228788518362,0.299456943366951,0.00659425911559348,0.146930042668735,5156,,,1.4,Strong Buy,6.51436008425203,Technology,
8037,JP3219400003,,,JP3219400003,0.03195,-0.14140001,0.07713,0.92676,,-0.218086111779688,-0.376052605815663,-0.324923930475489,-0.170095386841957,,3240159300,932174036992,,11.12109,2.1953595,-0.0115606936416185,-0.0115606936416185,0.00391389432485323,0.0158415841584158,0.0118343195266272,0.113895850737956,-0.164578111946533,0.00807574491785018,3591,,,2.6,Hold,,Communication Services,
7609,JP3487600003,,,JP3487600003,0.01555,0.041500002,0.07275,1.44462,-0.64,-0.454752760441671,-0.35927833985062,-0.303181295515523,0.136000522125049,0.0114,49409740,40485089280,12.194896,,3.760111,-0.00452830188679245,0.012279355333845,0.0181397143959861,-0.00151400454201363,-0.0462762111352133,0.360879454131918,0.360879454131918,0.360879454131918,2638,,,,,,Communication Services,
8084,JP3976200000,,,JP3976200000,0.06086,0.03783,0.0544,5.9125,5.786,-0.321188878235858,-0.391874261331369,-0.41860989708163,0.322111357477211,0.0073,156901530,54063583232,19.38023,25.073395,6.8695784,-0.01085776330076,-0.00328227571115974,0.00737191301142647,0.0010989010989011,-0.0120122963975114,,,,2733,,,,,0.772940002739956,Consumer Cyclical,
8125,JP3992000004,,,JP3992000004,0.08359,0.22067,0.27048,0.12926,1.153,-0.0128176452314384,-0.187595451742481,-0.0159853569249542,0.350597823838484,0.0094,2222151880,314955825152,22.025747,10.353342,2.5605319,0.0219704771713011,0.0369209334726576,0.0632142857142857,0.0354782608695652,-0.251069182389937,0.981860933825999,0.746724890829694,0.892285354383608,2977,,,,,2.12740456173475,Basic Materials,
8059,JP3475800003,,,JP3475800003,0.090270005,0.23316999,0.24513,0.15115,-0.032,0.117187105249861,-0.177038099477389,-0.0556077927697438,-0.00333677551221117,0.012,1390135500,95052873728,15.551892,17.31794,2.4850705,0.00550017188037126,-0.00544032641958518,0.00102669404517454,-0.0441176470588235,-0.148471615720524,0.606837606837607,0.299145299145299,0.426495726495727,2925,,,1.8,Buy,0.898022051121554,Basic Materials,
7130,JP3934350004,,,JP3934350004,0.11699,0.17322999,0.2124,0.44158,0.064,0.460726575671493,0.125414950619154,0.169009470181725,0.121661058844196,0.0207,1703143400,260121640960,25.707964,7.607699,5.2322783,-0.00768573868488471,0,0.0496838301716351,0.0573248407643312,0.0729455216989843,0.437177280550775,0.0154905335628227,0.247848537005164,1162,,,,,3.37920361991188,Technology,
8043,JP3399100001,,,JP3399100001,0.0432,0.15439,0.15141,1.99554,0.102,0.820431482692546,0.365241708841111,0.175406591347393,0.268504449279167,,8285020200,603605106688,17.699411,36.758423,4.4587,0.00735294117647059,-0.04344453064391,-0.0331939362258233,-0.0675573481220066,-0.248323511481406,0.567991349013247,0.189510678561773,0.354212219518789,3699,,,2.2,Buy,0.481506265924411,Consumer Cyclical,
8079,JP3361200003,,,JP3361200003,0.05192,0.072519995,0.13405,0.12725,0.546,-0.211109637415654,-0.416267724433502,-0.399267572356763,0.0127077887542293,0.0289,1126998000,443374174208,16.447226,16.675177,1.3790125,-0.000874125874125874,0.0343891402714932,0.0450285714285714,0.0200803212851406,0.109708737864078,0.200787401574803,-0.300087489063867,0.0144356955380577,4572,,,,,0.986329920216139,Basic Materials,
7433,JP3766400000,,,JP3766400000,0.07655,0.14583999,0.15469,0.01465,-0.094,0.16115273946694,0.0218165734232295,-0.0444489678846029,0.231545628515648,0.027,2422137105,579154870272,14.684026,15.639539,1.9837301,-0.0091866028708134,0.00154768814083962,-0.00404001539053482,-0.0246797287113791,-0.0592404143194621,0.622561328954993,0.352134440795828,0.468031678578327,2588.5,,,,,0.93890401756727,Basic Materials,
9274,JP3293350009,,,JP3293350009,,0,0.28476998,0.01017,0.813,-0.26679005817028,0.572427413318044,0.27219467340974,-0.0528437787795066,0.0087,348863000,64336068608,28.902735,38.34673,6.542631,-0.0304789550072569,0,0.0229709035222052,0.00451127819548872,0.0198473282442748,-0.101796407185629,-0.101796407185629,-0.101796407185629,3340,,,2,Buy,0.753720982206306,Technology,
2767,JP3802680003,,,JP3802680003,0.0994,0.12607999,0.15439,0.12967,,0.0147493178337987,-0.420586630588624,-0.386713583692289,-0.335390387540498,0.0023,2465827560,268449005568,40.323795,60.525574,12.859922,0.0108541764983483,0.0298076923076923,0.0922998470168282,0.0840080971659919,0.130939809926082,0.400560224089636,-0.34640522875817,0.0795985060690943,2142,,,2,Buy,0.666227386790252,Technology,
2737,JP3553900006,,,JP3553900006,0.06555,0.07771,0.11102,0.20635,0.329,-0.00971421693702767,-0.430541138051044,-0.348471988485503,0.0570681454854936,0.0224,8702929840,3146748264448,24.874838,13.447262,2.8109798,-0.00429430289149728,0.0101655532965437,0.0268674343076469,0.0190448285965426,-0.0330831248262441,0.265094882116159,0.0350776308223117,0.161144738355377,3478,,,1.7,Buy,1.84980689749333,Consumer Defensive,
8131,JP3894400005,,,JP3894400005,0.07986,0.09088001,0.18607001,0.45002,1.858,0.0963760028236461,-0.503691952131931,-0.29870272356939,0.138945684245522,0.0115,2239699000,138896113664,20.789988,37.98607,2.525889,0.0388888888888889,0.089018302828619,0.0488782051282051,-0.00380517503805175,-0.0959944751381216,,,,13090,,,,,0.547305578071119,Basic Materials,
7504,JP3288900008,,,JP3288900008,0.043169998,0.08416,0.13267,0.02248,-0.48,0.341960073153114,-0.105657014633727,-0.107262774329878,1.65222944594672,0.0196,641764200,140818333696,9.025322,21.188972,0.8691977,0.00156985871271586,0.0615640599001664,0.0686767169179229,0.0704697986577181,0.0831918505942275,-0.0282131661442006,-0.0282131661442006,-0.0282131661442006,6380,,,,,0.42594430725568,Basic Materials,
7613,JP3346700002,,,JP3346700002,0.02878,0.09156,0.065910004,0.03951,1.414,0.0687319782290939,-0.047467008788747,-0.0443556560454016,0.368349946948121,0.0297,295222110,38810058752,17.859035,40.848484,2.549978,-0.00589970501474926,-0.00589970501474926,0.00297619047619048,-0.00589970501474926,0.190812720848057,,,,337,,,,,0.437201904481939,Technology,
8137,JP3345400000,,,JP3345400000,0.0109,0.0254,0.03994,0.67496,1.084,-0.321660341111423,-0.400295608491037,-0.272546206430922,0.574321432420366,,1863007300,230408798208,212.71326,140.34132,10.832794,-0.00897435897435897,-0.0165394402035623,0.0038961038961039,0.0361930294906166,0.435735512630015,0.397153945666235,-0.430789133247089,-0.0168175937904269,3865,,,2.3,Buy,1.51568518808288,Technology,
3153,JP3931700003,,,JP3931700003,0.04223,0.044510003,0.20121999,1.25867,1.312,-0.245282425857712,-0.230932013883889,-0.02602689034168,1.32541762107622,0.0152,603508480,71563051008,39.525955,19.009392,4.783307,0.00254022015241321,-0.00504201680672269,0.00424088210347752,-0.0271158586688578,0.0942698706099815,0.870777027027027,0.140202702702703,0.386824324324324,2368,,,1.8,Buy,2.07928559735104,Healthcare,
3151,JP3778280002,,,JP3778280002,0.044460002,0.13239999,0.14478,0.61328,0.17,0.148074921956295,-0.573007179765061,-0.439893331210571,-0.0539066765249999,0.005,1113947100,233631481856,34.842865,28.147915,2.8128042,-0.00418410041841004,-0.0110803324099723,0.0142045454545455,0.0317919075144509,0.00140252454417952,0.554621848739496,0.00840336134453782,0.233053221288515,3570,,,1.5,Strong Buy,1.23784887797196,Healthcare,
8014,JP3528200003,,,JP3528200003,0.02694,-0.035380002,0.16445999,0.73245,-0.098,0.620941985484567,0.0968384759781037,0.00893073707413336,-0.0721047877145439,0.0342,24869551200,9529412550656,,42.51015,1.2478635,0.00369996636394215,0.0206943731828288,0.0533003882809742,0.0628673196794301,0.100092165898618,0.273458445040215,-0.0281501340482574,0.109594922922252,5968,,,1.9,Buy,,Healthcare,
8081,JP3215000005,,,JP3215000005,0.0841,0.16046,0.2892,0.30336,1.072,0.23037452445028,-0.284752729909183,-0.229859972740501,-0.127242197948397,0.0336,12345767280,4273648173056,14.683957,31.457043,2.1998663,0.00782241014799154,0.0295896328293737,0.0638250390537826,0.0654894948591864,0.0415119073629015,0.300608349066499,-0.286763163415146,0.0521741976085588,2383.5,,,2.4,Buy,0.466793938641976,Healthcare,
8065,JP3322000005,,,JP3322000005,0.039219998,0.23728001,0.13708,0.39323,0.383,-0.205569218734093,-0.0927697581179449,-0.0908279033741589,-0.126763075062968,,5730946650,722011095040,5.9843836,93.95797,1.7672306,0.00719649561952441,0.0170616113744076,0.0540275049115914,0.041747572815534,0.253992987923646,0.677539608574091,-0.0680335507921715,0.313628828828829,1609.5,,,2.1,Buy,0.0636921338338834,Healthcare,
8141,JP3374200008,,,JP3374200008,0.03216,0.46785998,0.11417,0.38591,1.482,0.476725503984238,-0.0975760779416435,-0.053739980841035,-0.0589991946523895,0.0257,8076598470,2514801655808,12.25476,15.452406,1.4186586,-0.00938809723386421,0.0173898071625344,0.0451008135833039,0.0379413314596873,0.0456556361705893,0.353866982568963,-0.0184464376375021,0.133863597901506,2954.5,,,2.2,Buy,0.793064846988877,Healthcare,
3176,JP3342500000,,,JP3342500000,0.06932,0.17513001,0.25094998,0.00865,0.224,1.52280070327852,-0.259354838709677,-0.209563132658498,-0.233806716353344,0.0359,1347833400,232668004352,7.824648,8.4074135,0.7876078,-0.00804597701149425,0.00670749489647127,0.019492025989368,0.0264644662503717,-0.0245832155976264,0.216685979142526,-0.188876013904983,0.00847334878331402,3452,,,3.1,Hold,0.930684329966642,Healthcare,
8159,JP3466600008,,,JP3466600008,0.17055,0.35103,0.47092,,0.197,0.120972869224464,-0.135152122028616,-0.111332206697927,-0.140550754013467,0.0196,17404612540,11101064396800,23.529001,28.59565,5.473894,0.00927588270496709,0.0378461538461539,0.0504515727187792,0.041692402717727,-0.00266114725014784,0.971538689593833,0.0524755410613697,0.382053513193003,6746,,,2,Buy,0.822817491471605,Healthcare,
7447,JP3647000003,,,JP3647000003,0.03433,0.116969995,0.36163,0.02518,30.284,-0.0873955336347445,-0.285176439348678,-0.265144863915716,-0.0626539295319822,0.0477,379413400,150715891712,70.41755,41.28631,0.985834,-0.00624219725343321,0.0192061459667093,0.0391644908616188,0.0297542043984476,0.0405228758169935,0.407035175879397,0.0050251256281407,0.149497487437186,3980,,,2.8,Hold,1.70559078784227,Healthcare,
8052,JP3534600006,,,JP3534600006,0.02395,0.049390003,0.10553,0.29077,0.26,0.396085051604598,-0.288124466618526,-0.260816238383015,-0.379514519126362,0.0325,5983393100,1391423520768,36.10135,24.337265,1.5329511,-0.00464365031294165,0.0341934130480386,0.0583941605839416,0.0670995670995671,0.0509486250266468,0.115618661257606,-0.350912778904665,-0.0720081135902637,4930,,,2.5,Buy,1.48337744606882,Healthcare,
7607,JP3384710004,,,JP3384710004,0.05824,0.093739994,0.14812,0.17689,-0.095,1.43515119782993,-0.365906498171209,-0.314737333126013,0.383785403511148,0.018,2967525185,627712589824,19.157206,16.663673,2.0330472,-0.0228110194771012,-0.0280977312390925,-0.00125538020086083,-0.0178130511463845,0.178624338624339,0.379062668342611,-0.0662596516430239,0.170113844496319,2784.5,,,1.9,Buy,1.1496388581317,Consumer Defensive,
7128,JP3828100002,,,JP3828100002,0.05983,0.15116,0.26389,0.13418,0.367,0.662328549155538,-0.235752459143366,-0.157190650309686,-0.120448028007763,0.0335,3275486230,1122608480256,16.102722,14.12356,1.2950714,-0.000627483790002092,0.0150839175695772,0.0297413793103448,0.0152996175095623,0.0218135158254919,0.339472582670573,-0.204688154039347,0.0499511511092506,2389,,,3,Hold,1.14013194973505,Healthcare,
8075,JP3374000002,,,JP3374000002,0.04058,0.075279996,0.112390004,0.07128,0.68,-0.0779016234552945,-0.235488854557493,-0.245844269466317,-0.360937814449587,0.0258,130548000,116124426240,14.792899,17.628206,0.8315977,-0.00900900900900901,0.0153846153846154,0.0443037974683544,0.0377358490566038,0.0526315789473684,,,,3300,,,,,0.839160774499685,Healthcare,
2676,JP3457710006,,,JP3457710006,0.07095,0.13255,0.11771,,0.291,2.45206306059897,-0.13451558858776,-0.135000076139427,-0.0210443724939912,0.0246,2349830700,549276450816,15.036933,15.826006,1.8291802,-0.0317100792751982,-0.0183696900114811,-0.00869565217391304,-0.027580324139892,-0.0884861407249467,0.637426900584795,0.111111111111111,0.390513333333333,1710,,,1.8,Buy,0.950140736708933,Healthcare,
9305,JP3937600009,,,JP3937600009,0.02162,0.03486,0.06064,0.7877,0.39,0.0577831617201696,-0.0718887758562224,0.0618946248004258,0.100647668393782,0.0397,29898000,19334768640,9.615385,,0.5408176,-0.00351957765068192,0.0152398027790229,0.038038496791934,0.015695067264574,0.0613870665417057,,,,2265,,,,,,Healthcare,
8151,JP3616600007,,,JP3616600007,0.04142,0.15162,0.15858,0.39086,0.49,2.12752851110848,0.295100484310887,0.286114006111886,0.397726943680324,0.0411,2692561040,286850908160,10.225069,9.213456,0.8776011,-0.00977869274318065,0.0217737652681891,0.035243475921442,0.049645390070922,0.022588360350784,0.49948024948025,-0.142411642411642,0.128508316008316,3848,,,,,1.10979734423218,Healthcare,
8142,JP3553200001,,,JP3553200001,0.06922,0.13897,0.28698,0.26357,0.683,0.387888678435686,-0.380052260513731,-0.0693689036506208,0.0984996127494787,0.0161,10624591680,3301276909568,24.270687,21.977806,1.9863,-0.0233471525201833,-0.0020066889632107,-0.00356188780053428,-0.0132275132275132,-0.0320069204152249,0.697944593386953,0.0947274352100089,0.389633601429848,2238,,,1.5,Strong Buy,1.10432711072252,Healthcare,
8150,JP3333200008,,,JP3333200008,-0.00958,0.14181,0.04686,0.00542,0.056,0.644444444444445,-0.398551781114837,-0.337564022485946,-0.32823551317347,0.0325,229326300,167590379520,12.077441,18.18636,0.7248521,-0.00373134328358209,-0.0024906600249066,0.0037593984962406,0.00628140703517588,-0.00124688279301746,0.373283395755306,0.0237203495630462,0.20266329588015,4005,,,2.2,Buy,0.664093364477554,Healthcare,
7537,JP3877500003,,,JP3877500003,-0.00939,0.045229997,-0.106759995,0.00476,,0.113611615245009,0.284464863025353,1.89242506811989,1.05649489668907,0.044,205629820,37239070720,25.249907,13.777778,0.5019482,-0.00583090379008746,0.0148809523809524,0.0590062111801242,-0.0257142857142857,-0.018705035971223,,,,682,,,,,1.83265451076364,Healthcare,
9902,JP3661950000,,,JP3661950000,0.02871,0.083739996,0.06227,0.13507,-0.252,-0.186431073157294,-0.228628643395922,-0.339550499862193,-0.203154090985235,0.0245,366591600,78128406528,21.141838,25.929977,1.7962207,0.00381194409148666,0.0486725663716814,0.0694945848375451,0.0477453580901857,0.0846681922196796,,,,2370,,,,,0.815343492205951,Healthcare,
7414,JP3196700003,,,JP3196700003,-0.00601,0.019709999,-0.2168,1.23635,,-0.386515905482064,-0.520054734636914,-0.303232374010305,-0.262013119384315,0.0388,210104880,62960685056,28.907562,14.090661,1.4570674,0.00194174757281553,0,0.0078125,-0.0152671755725191,0.0466531440162272,0.744186046511628,-0.0310077519379845,0.204780426356589,516,,,,,2.0515405203489,Healthcare,
3139,JP3967250006,,,JP3967250006,0.03193,0.02953,0.09134,1.26005,1.201,0.240831396143854,0.0758068792633838,0.0133329344720822,-0.0902941827029419,0.0229,447203400,182635397120,34.842224,12.586511,1.0008789,-0.0211081794195251,0.023448275862069,0.0539772727272727,0.061516452074392,-0.0583756345177665,0.590296495956873,0.132075471698113,0.415094339622642,3710,,,,,2.76821940567962,Healthcare,
8101,JP3276000001,,,JP3276000001,0.04573,0.04975,0.06351,0.55695,0.907,-0.263432876863004,0.0696903619712168,-0.0964733227051269,-0.159923592194754,0.0264,170008350,48504393728,18.79745,11.934447,0.9350246,-0.00375536480686695,0.0305216426193119,0.0690846286701209,0.0752750434279097,-0.00695187165775401,0.938610662358643,0.238556812062466,0.588583737210555,1857,,,,,1.57505831648505,Healthcare,
8132,JP3354000006,,,JP3354000006,0.04911,0.09032,0.090950005,0.33688,-0.205,0.10745929463207,0.108446218781904,0.173707123379419,0.515477421578766,0.0248,272793240,88952225792,10.526316,9.669382,0.8233331,-0.00688976377952756,0.00198609731876862,0.0181634712411705,0.020738492665655,-0.0218128938439166,0.238850346878097,0.238850346878097,0.238850346878097,2018,,,,,1.08862345080585,Healthcare,
7438,JP3306050000,,,JP3306050000,-0.01638,-0.23337999,-0.17808,0.83956,,0.903270167587348,-0.0622377885737958,0.0935453680265689,1.01098058708199,,1745167530,119158767616,,28.976131,1.8316619,0.0260663507109005,0.0535279805352798,0.0789036544850498,0.0915966386554622,0.49482163406214,2.46420323325635,-0.230177059276366,0.551193225558122,1299,,,1.6,Buy,,Healthcare,
9837,JP3926200001,,,JP3926200001,0.03317,0.10931,0.14806,0.29393,-0.181,0.443918067929224,-0.211416345562274,-0.124307531264097,-0.182320271381248,0.0339,16676287980,5374345740288,21.05282,20.57328,3.1576078,0.00698943061711558,0.0412480169222634,0.0654761904761905,0.0896513558384062,0.110338345864662,0.760622989673269,-0.068901303538175,0.386913831047909,2953.5,,,1.5,Strong Buy,1.02330887442352,Healthcare,
8103,JP3920600008,,,JP3920600008,0.00694,0.017280001,0.032509997,0.16566,-0.608,-0.0907862250175548,-0.288781594059768,-0.219815414507772,0.531932734842571,0.0222,206909040,64799420416,18.796867,10.742857,0.46184987,-0.0157068062827225,0.00355871886120996,0.0339138405132906,0.0254545454545455,0.0502793296089386,-0.024822695035461,-0.024822695035461,-0.024822695035461,1128,,,,,1.7497083876291,Healthcare,
8285,JP3886600000,,,JP3886600000,0.02355,0.10391,0.06686,0.01412,,-0.319811376889206,-0.56060375366688,-0.44548255422968,-0.0910872514214795,0.0136,16656170,12929176576,18.759125,55.869568,1.5346215,-0.00387596899224806,-0.00387596899224806,0.028,0.028,0.0362903225806452,,,,257,,,,,0.335766422965719,Healthcare,
7480,JP3398400006,,,JP3398400006,0.030050002,0.06241,0.06351,0.17556,0.352,0.457471694582203,-0.238753763624116,-0.130846223839854,-0.144501278772379,0.0338,92656830,37670342656,12.406924,6.177016,0.7244105,0.0052790346907994,0.0341349883630722,0.0638467677573823,0.0537549407114625,0.0732689210950081,0.0502625656414104,0.0502625656414104,0.0502625656414104,1333,,,,,2.00856271053855,Healthcare,
9991,JP3225500002,,,JP3225500002,0.07002,0.15464,0.20536,0.05873,0.329,0.596995444606882,0.0594965126229338,0.0694619790732773,-0.202957287274313,0.0178,14946280800,5833658728448,14.471817,21.41839,1.8033637,-0.0102358700489542,-0.0266958424507659,-0.0189677988531098,-0.0475374732334047,-0.0862777321281841,0.672661870503597,-0.0107913669064748,0.297961600719425,11120,,,1.6,Buy,0.675672494524565,Healthcare,
8158,JP3431400005,,,JP3431400005,-0.040359996,-0.18881,-0.31281,0.3231,,0.180222725981457,-0.359496431677319,-0.317696327437395,0.0895159960310701,,751375400,137567469568,,9.434793,2.8332286,0.0200190657769304,0.00895803866100896,0.00895803866100896,-0.0115473441108545,0.114351162671402,3.11214953271028,0.0280373831775701,1.4376946728972,1070,,,1.5,Strong Buy,,Healthcare,
7466,JP3163800000,,,JP3163800000,-0.28278,0,0,0.09595,,0.236544194791569,0.496661108704905,0.195057455350962,0.0437659329928534,,792802920,73999310848,,-23.229599,5.8368635,0.0349344978165939,0.0463576158940397,0.0281995661605206,0.0149892933618844,-0.0114702815432742,1.10970464135021,0.160337552742616,0.645569620253165,948,,,2.6,Hold,,Healthcare,
3388,JP3917600003,,,JP3917600003,0.04422,0.10151,0.14854,0.70361,0.076,0.164679327949844,-0.335734534535105,-0.285278596502201,-0.198196466939885,0.0148,3241636750,2673178312704,18.314,19.428524,1.3352921,-0.00259627866724362,0.0336322869955157,0.0505925250683683,0.0350246969016614,-0.089652448657188,0.344902386117137,-0.0629067245119306,0.165056225596529,1152.5,,,2.4,Buy,0.942634654078714,Basic Materials,
7628,JP3173100003,,,JP3173100003,0.03771,0.04916,0.06647,0.6393,-0.239,0.94753404568988,-0.147699902313893,0.0126249239500857,-0.163230986194868,0.0409,2641831005,502809165824,19.120323,15.624657,1.6729658,-0.0205455801104972,-0.00804336422451478,0.00853333333333333,0.0141222738648552,-0.0300906137801334,0.374933897408778,-0.0375462718138551,0.129472942005993,2836.5,,,2,Buy,1.22372753526685,Basic Materials,
7482,JP3359500000,,,JP3359500000,0.080369994,0.08492,0.15028,0.15466,0.506,-0.118939235447312,0.0769340332885688,-0.047909127304984,-0.514839012586453,0.0283,629866300,175531540480,15.949287,19.915493,1.8123864,-0.0125698324022346,0.0128939828080229,0.0261248185776488,0.00855920114122682,-0.0497311827956989,0.414427157001414,0.0466760961810467,0.230551626591231,3535,,,2.5,Buy,0.800848214001029,Basic Materials,
8018,JP3328000009,,,JP3328000009,0.11193,0.18709,0.26925,0.4248,0.616,0.11274499868253,-0.322887348596233,-0.22722267470272,-0.33309842069058,0.0332,1302133120,527896576000,28.817884,17.474583,4.179334,0.00295983086680761,0.00338409475465313,0.00508474576271186,0.00508474576271186,-0.0153590701535907,0.0539629005059022,0.0539629005059022,0.0539629005059022,4744,,,,,1.64913142705608,Basic Materials,
9932,JP3397050000,,,JP3397050000,0.03799,0.05031,0.08804,0.8188,1.573,-0.0172927502198115,-0.174285204437,-0.131202687329883,0.550105966664753,0.0336,2894463600,448335183872,7.974441,14.504469,0.88300097,-0.0181705554408425,0.0254474875997412,0.0310060711188205,0.0234610417563495,0.00976852834996815,0.472134595162986,-0.0956887486855941,0.188222923238696,4755,,,,,0.549791998590228,Basic Materials,
8093,JP3257000004,,,JP3257000004,0.04552,0.044099998,0.06562,0.2882,0.08,0.0412548218965635,-0.326662056434664,-0.363391817728255,-0.199045140446917,0.0377,314726720,129239261184,10.775985,9.782288,1.0250006,-0.00971236458722451,0.0207932229495572,0.0437007874015748,0.0449349625541979,0.00760167236792094,-0.0569596378725009,-0.0569596378725009,-0.0569596378725009,2651,,,,,1.10158124561452,Basic Materials,
3023,JP3967450002,,,JP3967450002,,0.18807,0.26402,0.28924,0.502,0.0728209208769411,-0.31143556283008,-0.237378324967066,-0.331177395909756,0.0053,15774048300,4976540123136,40.814953,34.705547,4.4115744,-0.0107561929595828,-0.0058958401572224,-0.0162074554294976,-0.0343620744511613,0.0274204468517265,0.647446457990115,-0.245469522240527,0.0804695222405272,3035,,,2.6,Hold,1.17603543318306,Consumer Cyclical,
8095,JP3150000002,,,JP3150000002,0.03243,0.051680002,0.07545,0.00002,0.534,0.682208506641621,-0.040135430627072,-0.0612804433425696,0.148202644357196,0.0317,467663560,222776573952,24.213274,22.936357,1.4257951,-0.00315989045713082,0.0185105467068446,0.0331877729257642,0.028695652173913,0.095877721167207,0.0777683854606932,0.0777683854606932,0.0777683854606932,4732,,,,,1.05567218019845,Industrials,
9896,JP3389570007,,,JP3389570007,0.07828,0.102139995,0.11447,1.46116,0.358,-0.118237887594945,-0.217341722320056,-0.144402700808414,0.0938339488206861,0.0321,1603276200,345303777280,9.242334,14.266065,2.9306753,-0.00369458128078818,0.013022789882294,0.0371794871794872,0.0361168032786885,0.0369136118943861,0.433868974042027,0.255871446229914,0.368603213844252,2022.5,,,1.4,Strong Buy,0.647854471432732,Industrials,
7637,JP3766500007,,,JP3766500007,0.00865,0.02675,0.10767,1.17067,12.819,0.34273050067917,-0.230554504457002,-0.241640153278202,-0.184886353445452,0.0495,1969618350,575539707904,123.441315,24.507008,1.0669196,-0.0276841598459316,-0.0170357751277683,0.00123946455131383,0.00422675285927399,-0.00296223154776598,0.126516464471404,-0.108690269868779,0.0342022777915326,4039,,,2.9,Hold,5.03698023846893,Communication Services,
7525,JP3974500005,,,JP3974500005,0.06379,0,0.1234,2.36902,-0.011,0.172651691410001,-0.286741660181567,-0.323400685788289,-0.0397955529586235,0.0152,3019927625,310846947328,18.692698,16.39401,3.6232548,0.000423011844331641,0,0.00766936514699617,-0.0117007939824488,-0.0607625099285147,0.353065539112051,0.226215644820296,0.280338266384778,1182.5,,,,,1.14021511515486,Consumer Cyclical,
3183,JP3154390003,,,JP3154390003,0.03938,0.08592,0.13248,0.23894,0.786,0.0378794141556098,-0.425036364260412,-0.345893320961361,0.169109100272199,0.0201,728770920,379681243136,18.1486,10.339444,2.3308809,-0.00278862242052426,0.00364861072130227,0.0176437108708025,0.0118845500848896,0.0272910083309394,0.342281879194631,0.0906040268456376,0.21923937360179,1788,,,1.6,Buy,1.75527813681277,Consumer Cyclical,
7510,JP3463100002,,,JP3463100002,0.10511,0.56193,0.67745,,0.195,-0.0334697117398215,-0.266611986906003,-0.118624594220874,-0.101481337709238,0.0184,9077643000,2189908639744,29.761904,31.871016,4.4600377,-0.00215222070045001,0.00651272942569568,0.0423053341508277,0.0576524263790958,0.140429338103757,0.215686274509804,-0.117647058823529,0.0810457843137254,5100,,,1.6,Buy,0.933823509109343,Technology,
8070,JP3576600005,,,JP3576600005,0.10583,0.29949,0.48924,,0.074,3.16703531385859,0.27902854465068,0.22767407784927,0.0155764092538285,0.0069,521530350,279052320768,18.484642,,2.2859843,-0.00912200684150513,0.0046242774566474,0.0175644028103045,0.0469879518072289,0.0675675675675676,,,,4345,,,,,,Technology,
9273,JP3283420002,,,JP3283420002,0.01741,0.09665,0.18263,0.61313,0.241,0.582184263330898,-0.0741371340143402,-0.0316218448272757,0.23161491181686,0.0205,9309894176,3682181054464,19.267767,25.06069,1.2254057,-0.030696981162311,-0.0497433584698621,-0.0139603675114498,0.0395042111182788,0.142127659574468,0.397168405365127,-0.124441132637854,0.101541915052161,536.8,,,1.8,Buy,0.768844233738177,Consumer Cyclical,
3154,JP3254190006,,,JP3254190006,0.03738,0.051999997,0.07688,,0.107,0.185899851762518,-0.366204256940476,-0.289428020565553,-0.314771084682209,0.0341,199868200,137564815360,18.050364,24.697172,1.0822414,-0.00944669365721997,0.00824175824175824,0.0323488045007032,0.0251396648044693,0.0485714285714286,0.0354223433242507,0.0354223433242507,0.0354223433242507,3670,,,,,0.730867647518509,Healthcare,
3565,JP3120110006,,,JP3120110006,0.08185001,0.12185001,0.083409995,,-0.356,0.82059306628203,0.33441329223818,0.270406193846086,0.197501805321532,0.028,8103889710,857797558272,24.50955,22.152578,7.20899,0.024016114037806,0.043746051800379,0.136934457250989,0.174724493423391,-0.0165178571428571,0.361779391738538,-0.24345589347859,-0.0366671962475412,6609,,,2.9,Hold,1.10639718772235,Technology,
7570,JP3768000006,,,JP3768000006,0.16389999,0.22288,0.29045,,0.046,0.128718886170466,-0.259374096850196,-0.191910437838351,-0.409291751935226,0.0213,2306492100,1192634220544,18.761719,17.973577,5.8253593,-0.00427990584207148,0.00746995777849951,0.0345747637576431,0.0515254237288136,0.0304506699147381,0.998710509348807,-0.0651192778852353,0.278744895766172,9306,,,2.1,Buy,1.04385003608352,Technology,
3180,JP3800480000,,,JP3800480000,0.072909996,0.35673,0.47553003,,0.197,0.027200932073798,-0.53143958415331,-0.347871317361487,-0.458729355556015,0.0157,1430708500,624417701888,34.483334,34.417603,3.7015252,-0.00859393650035808,0.000602337067823154,0.0245466880473665,0.0369538077403246,0.0515255095581719,0.372501805923429,-0.0609198169997592,0.159621719239104,8306,,,1.6,Buy,1.0019098076063,Technology,
8275,JP3802750004,,,JP3802750004,0.10414,0.04583,0.06498,0.32514,0.058,-0.293895553638747,-0.366002576411013,-0.258015575995124,0.663363612509767,0.0159,5567625000,638944804864,15.673592,24.585365,3.0571542,-0.00943396226415094,-0.00237529691211401,0.023142509135201,0.0349075975359343,-0.142857142857143,0.746031746031746,0.0317460317460317,0.435019841269841,1260,,,1.6,Buy,0.637517157056647,Communication Services,
7590,JP3456500002,,,JP3456500002,0.0032300001,-0.024330001,0.022650002,3.63838,,0.100325214871333,-0.30727761575882,-0.281815542250593,0.335345189330837,,9470806794,1545500360704,,-93.0749,1.6879236,-0.00839981505740669,-0.0344874269737129,-0.0111684879649628,-0.0135097493036212,-0.176395348837209,0.976563602993082,-0.188197091627841,0.325238881829733,708.3,,,2.5,Buy,,Consumer Cyclical,
9983,JP3802300008,,,JP3802300008,0.07554,0.04848,0.071669996,0.01431,0.03,0.429470077756663,-0.329313441898513,-0.263217996690469,-0.335737214705051,0.0288,4353870900,1382567510016,20.660736,23.9758,3.3411071,0,0.0110926234054354,0.0334467120181406,0.0417142857142857,0.0723529411764706,0.234229292375206,-0.157981349424026,0.0539570213933077,3646,,,2.1,Buy,0.861732914021639,Technology,
3382,JP3422950000,,,JP3422950000,0.24851999,0.19067,0.28109,0.00165,0.135,-0.0626637627002465,-0.474638628398219,-0.471203423442229,-0.192901773035258,0.0162,626131600,139008491520,18.553043,49.439102,7.9891853,0.0148026315789474,0.00488599348534202,0.0507493188010899,0.0685833044683062,0.143015931826602,0.296596434359806,0.296596434359806,0.296596434359806,3085,,,,,0.375270630926913,Technology,
8267,JP3388200002,,,JP3388200002,0.03881,0.104890004,0.15617,1.36015,-0.112,0.126546517291768,0.042583830487554,-0.0212069698257545,-0.0617264990081271,0.0355,33813940,20457236480,10.362641,,0.9536285,-0.00783545543584721,-0.00442260442260442,0.0160481444332999,0.00745897563401293,0.0109780439121756,,,,2026,,,,,,Industrials,
7532,JP3639650005,,,JP3639650005,0.0925,0.10139,0.12835,0.02348,0.187,-0.16604313842327,-0.304390389593151,-0.245447233084894,0.38015530895122,0.0157,2295282500,560166993920,31.846426,10.103499,5.314775,0.00209497206703911,0.00209497206703911,0.00384749912556838,0.00560616678346181,0.0673112681294161,-0.024390243902439,-0.0940766550522648,-0.0592334494773519,2870,,,,,3.15201951323992,Technology,
7453,JP3976300008,,,JP3976300008,0.10394,0.26885998,0.33886,,0.154,0.661758054812141,-0.295665727990631,-0.201552487812703,-0.0420776538620405,0.0147,1212120900,611713024000,24.391039,27.082767,3.6315954,-0.0357487922705314,-0.0449760765550239,-0.0167487684729064,0.00638655462184874,0.0727337871730563,0.302605210420842,-0.0647962591850367,0.0980293921175685,2994,,,2.1,Buy,0.900611041700429,Communication Services,
3563,JP3397150008,,,JP3397150008,0.03193,0.02953,0.09134,1.26005,1.201,0.240831396143854,0.0758068792633838,0.0133329344720822,-0.0902941827029419,0.0229,447203400,182635397120,34.842224,12.586511,1.0008789,-0.0211081794195251,0.023448275862069,0.0539772727272727,0.061516452074392,-0.0583756345177665,0.590296495956873,0.132075471698113,0.415094339622642,3710,,,,,2.76821940567962,Healthcare,
3099,JP3894900004,,,JP3894900004,0.04573,0.04975,0.06351,0.55695,0.907,-0.263432876863004,0.0696903619712168,-0.0964733227051269,-0.159923592194754,0.0264,170008350,48504393728,18.79745,11.934447,0.9350246,-0.00375536480686695,0.0305216426193119,0.0690846286701209,0.0752750434279097,-0.00695187165775401,0.938610662358643,0.238556812062466,0.588583737210555,1857,,,,,1.57505831648505,Healthcare,
7550,JP3429300001,,,JP3429300001,0.04911,0.09032,0.090950005,0.33688,-0.205,0.10745929463207,0.108446218781904,0.173707123379419,0.515477421578766,0.0248,272793240,88952225792,10.526316,9.669382,0.8233331,-0.00688976377952756,0.00198609731876862,0.0181634712411705,0.020738492665655,-0.0218128938439166,0.238850346878097,0.238850346878097,0.238850346878097,2018,,,,,1.08862345080585,Healthcare,
3088,JP3869010003,,,JP3869010003,-0.01638,-0.23337999,-0.17808,0.83956,,0.903270167587348,-0.0622377885737958,0.0935453680265689,1.01098058708199,,1745167530,119158767616,,28.976131,1.8316619,0.0260663507109005,0.0535279805352798,0.0789036544850498,0.0915966386554622,0.49482163406214,2.46420323325635,-0.230177059276366,0.551193225558122,1299,,,1.6,Buy,,Healthcare,
3197,JP3396210001,,,JP3396210001,0.03317,0.10931,0.14806,0.29393,-0.181,0.443918067929224,-0.211416345562274,-0.124307531264097,-0.182320271381248,0.0339,16676287980,5374345740288,21.05282,20.57328,3.1576078,0.00698943061711558,0.0412480169222634,0.0654761904761905,0.0896513558384062,0.110338345864662,0.760622989673269,-0.068901303538175,0.386913831047909,2953.5,,,1.5,Strong Buy,1.02330887442352,Healthcare,
9843,JP3756100008,,,JP3756100008,0.00694,0.017280001,0.032509997,0.16566,-0.608,-0.0907862250175548,-0.288781594059768,-0.219815414507772,0.531932734842571,0.0222,206909040,64799420416,18.796867,10.742857,0.46184987,-0.0157068062827225,0.00355871886120996,0.0339138405132906,0.0254545454545455,0.0502793296089386,-0.024822695035461,-0.024822695035461,-0.024822695035461,1128,,,,,1.7497083876291,Healthcare,
3391,JP3536150000,,,JP3536150000,0.02355,0.10391,0.06686,0.01412,,-0.319811376889206,-0.56060375366688,-0.44548255422968,-0.0910872514214795,0.0136,16656170,12929176576,18.759125,55.869568,1.5346215,-0.00387596899224806,-0.00387596899224806,0.028,0.028,0.0362903225806452,,,,257,,,,,0.335766422965719,Healthcare,
3086,JP3386380004,,,JP3386380004,0.030050002,0.06241,0.06351,0.17556,0.352,0.457471694582203,-0.238753763624116,-0.130846223839854,-0.144501278772379,0.0338,92656830,37670342656,12.406924,6.177016,0.7244105,0.0052790346907994,0.0341349883630722,0.0638467677573823,0.0537549407114625,0.0732689210950081,0.0502625656414104,0.0502625656414104,0.0502625656414104,1333,,,,,2.00856271053855,Healthcare,
8233,JP3456000003,,,JP3456000003,0.07002,0.15464,0.20536,0.05873,0.329,0.596995444606882,0.0594965126229338,0.0694619790732773,-0.202957287274313,0.0178,14946280800,5833658728448,14.471817,21.41839,1.8033637,-0.0102358700489542,-0.0266958424507659,-0.0189677988531098,-0.0475374732334047,-0.0862777321281841,0.672661870503597,-0.0107913669064748,0.297961600719425,11120,,,1.6,Buy,0.675672494524565,Healthcare,
3064,JP3922950005,,,JP3922950005,-0.040359996,-0.18881,-0.31281,0.3231,,0.180222725981457,-0.359496431677319,-0.317696327437395,0.0895159960310701,,751375400,137567469568,,9.434793,2.8332286,0.0200190657769304,0.00895803866100896,0.00895803866100896,-0.0115473441108545,0.114351162671402,3.11214953271028,0.0280373831775701,1.4376946728972,1070,,,1.5,Strong Buy,,Healthcare,
8227,JP3358200008,,,JP3358200008,-0.28278,0,0,0.09595,,0.236544194791569,0.496661108704905,0.195057455350962,0.0437659329928534,,792802920,73999310848,,-23.229599,5.8368635,0.0349344978165939,0.0463576158940397,0.0281995661605206,0.0149892933618844,-0.0114702815432742,1.10970464135021,0.160337552742616,0.645569620253165,948,,,2.6,Hold,,Healthcare,
9831,JP3939000000,,,JP3939000000,0.04422,0.10151,0.14854,0.70361,0.076,0.164679327949844,-0.335734534535105,-0.285278596502201,-0.198196466939885,0.0148,3241636750,2673178312704,18.314,19.428524,1.3352921,-0.00259627866724362,0.0336322869955157,0.0505925250683683,0.0350246969016614,-0.089652448657188,0.344902386117137,-0.0629067245119306,0.165056225596529,1152.5,,,2.4,Buy,0.942634654078714,Basic Materials,
3092,JP3399310006,,,JP3399310006,0.03771,0.04916,0.06647,0.6393,-0.239,0.94753404568988,-0.147699902313893,0.0126249239500857,-0.163230986194868,0.0409,2641831005,502809165824,19.120323,15.624657,1.6729658,-0.0205455801104972,-0.00804336422451478,0.00853333333333333,0.0141222738648552,-0.0300906137801334,0.374933897408778,-0.0375462718138551,0.129472942005993,2836.5,,,2,Buy,1.22372753526685,Basic Materials,
8252,JP3870400003,,,JP3870400003,0.080369994,0.08492,0.15028,0.15466,0.506,-0.118939235447312,0.0769340332885688,-0.047909127304984,-0.514839012586453,0.0283,629866300,175531540480,15.949287,19.915493,1.8123864,-0.0125698324022346,0.0128939828080229,0.0261248185776488,0.00855920114122682,-0.0497311827956989,0.414427157001414,0.0466760961810467,0.230551626591231,3535,,,2.5,Buy,0.800848214001029,Basic Materials,
7649,JP3397060009,,,JP3397060009,0.11193,0.18709,0.26925,0.4248,0.616,0.11274499868253,-0.322887348596233,-0.22722267470272,-0.33309842069058,0.0332,1302133120,527896576000,28.817884,17.474583,4.179334,0.00295983086680761,0.00338409475465313,0.00508474576271186,0.00508474576271186,-0.0153590701535907,0.0539629005059022,0.0539629005059022,0.0539629005059022,4744,,,,,1.64913142705608,Basic Materials,
2670,JP3152740001,,,JP3152740001,0.03799,0.05031,0.08804,0.8188,1.573,-0.0172927502198115,-0.174285204437,-0.131202687329883,0.550105966664753,0.0336,2894463600,448335183872,7.974441,14.504469,0.88300097,-0.0181705554408425,0.0254474875997412,0.0310060711188205,0.0234610417563495,0.00976852834996815,0.472134595162986,-0.0956887486855941,0.188222923238696,4755,,,,,0.549791998590228,Basic Materials,
9861,JP3958000006,,,JP3958000006,0.04552,0.044099998,0.06562,0.2882,0.08,0.0412548218965635,-0.326662056434664,-0.363391817728255,-0.199045140446917,0.0377,314726720,129239261184,10.775985,9.782288,1.0250006,-0.00971236458722451,0.0207932229495572,0.0437007874015748,0.0449349625541979,0.00760167236792094,-0.0569596378725009,-0.0569596378725009,-0.0569596378725009,2651,,,,,1.10158124561452,Basic Materials,
8242,JP3774600005,,,JP3774600005,,0.18807,0.26402,0.28924,0.502,0.0728209208769411,-0.31143556283008,-0.237378324967066,-0.331177395909756,0.0053,15774048300,4976540123136,40.814953,34.705547,4.4115744,-0.0107561929595828,-0.0058958401572224,-0.0162074554294976,-0.0343620744511613,0.0274204468517265,0.647446457990115,-0.245469522240527,0.0804695222405272,3035,,,2.6,Hold,1.17603543318306,Consumer Cyclical,
3387,JP3269930008,,,JP3269930008,0.03243,0.051680002,0.07545,0.00002,0.534,0.682208506641621,-0.040135430627072,-0.0612804433425696,0.148202644357196,0.0317,467663560,222776573952,24.213274,22.936357,1.4257951,-0.00315989045713082,0.0185105467068446,0.0331877729257642,0.028695652173913,0.095877721167207,0.0777683854606932,0.0777683854606932,0.0777683854606932,4732,,,,,1.05567218019845,Industrials,
8174,JP3695600001,,,JP3695600001,0.07828,0.102139995,0.11447,1.46116,0.358,-0.118237887594945,-0.217341722320056,-0.144402700808414,0.0938339488206861,0.0321,1603276200,345303777280,9.242334,14.266065,2.9306753,-0.00369458128078818,0.013022789882294,0.0371794871794872,0.0361168032786885,0.0369136118943861,0.433868974042027,0.255871446229914,0.368603213844252,2022.5,,,1.4,Strong Buy,0.647854471432732,Industrials,
7419,JP3761600000,,,JP3761600000,0.00865,0.02675,0.10767,1.17067,12.819,0.34273050067917,-0.230554504457002,-0.241640153278202,-0.184886353445452,0.0495,1969618350,575539707904,123.441315,24.507008,1.0669196,-0.0276841598459316,-0.0170357751277683,0.00123946455131383,0.00422675285927399,-0.00296223154776598,0.126516464471404,-0.108690269868779,0.0342022777915326,4039,,,2.9,Hold,5.03698023846893,Communication Services,
3397,JP3636650008,,,JP3636650008,0.06379,0,0.1234,2.36902,-0.011,0.172651691410001,-0.286741660181567,-0.323400685788289,-0.0397955529586235,0.0152,3019927625,310846947328,18.692698,16.39401,3.6232548,0.000423011844331641,0,0.00766936514699617,-0.0117007939824488,-0.0607625099285147,0.353065539112051,0.226215644820296,0.280338266384778,1182.5,,,,,1.14021511515486,Consumer Cyclical,
8282,JP3277150003,,,JP3277150003,0.03938,0.08592,0.13248,0.23894,0.786,0.0378794141556098,-0.425036364260412,-0.345893320961361,0.169109100272199,0.0201,728770920,379681243136,18.1486,10.339444,2.3308809,-0.00278862242052426,0.00364861072130227,0.0176437108708025,0.0118845500848896,0.0272910083309394,0.342281879194631,0.0906040268456376,0.21923937360179,1788,,,1.6,Buy,1.75527813681277,Consumer Cyclical,
7581,JP3310500008,,,JP3310500008,0.10511,0.56193,0.67745,,0.195,-0.0334697117398215,-0.266611986906003,-0.118624594220874,-0.101481337709238,0.0184,9077643000,2189908639744,29.761904,31.871016,4.4600377,-0.00215222070045001,0.00651272942569568,0.0423053341508277,0.0576524263790958,0.140429338103757,0.215686274509804,-0.117647058823529,0.0810457843137254,5100,,,1.6,Buy,0.933823509109343,Technology,
7616,JP3305970000,,,JP3305970000,0.10583,0.29949,0.48924,,0.074,3.16703531385859,0.27902854465068,0.22767407784927,0.0155764092538285,0.0069,521530350,279052320768,18.484642,,2.2859843,-0.00912200684150513,0.0046242774566474,0.0175644028103045,0.0469879518072289,0.0675675675675676,,,,4345,,,,,,Technology,
2730,JP3164470001,,,JP3164470001,0.01741,0.09665,0.18263,0.61313,0.241,0.582184263330898,-0.0741371340143402,-0.0316218448272757,0.23161491181686,0.0205,9309894176,3682181054464,19.267767,25.06069,1.2254057,-0.030696981162311,-0.0497433584698621,-0.0139603675114498,0.0395042111182788,0.142127659574468,0.397168405365127,-0.124441132637854,0.101541915052161,536.8,,,1.8,Buy,0.768844233738177,Consumer Cyclical,
9989,JP3336600006,,,JP3336600006,0.03738,0.051999997,0.07688,,0.107,0.185899851762518,-0.366204256940476,-0.289428020565553,-0.314771084682209,0.0341,199868200,137564815360,18.050364,24.697172,1.0822414,-0.00944669365721997,0.00824175824175824,0.0323488045007032,0.0251396648044693,0.0485714285714286,0.0354223433242507,0.0354223433242507,0.0354223433242507,3670,,,,,0.730867647518509,Healthcare,
3349,JP3298400007,,,JP3298400007,0.08185001,0.12185001,0.083409995,,-0.356,0.82059306628203,0.33441329223818,0.270406193846086,0.197501805321532,0.028,8103889710,857797558272,24.50955,22.152578,7.20899,0.024016114037806,0.043746051800379,0.136934457250989,0.174724493423391,-0.0165178571428571,0.361779391738538,-0.24345589347859,-0.0366671962475412,6609,,,2.9,Hold,1.10639718772235,Technology,
3097,JP3922930007,,,JP3922930007,0.16389999,0.22288,0.29045,,0.046,0.128718886170466,-0.259374096850196,-0.191910437838351,-0.409291751935226,0.0213,2306492100,1192634220544,18.761719,17.973577,5.8253593,-0.00427990584207148,0.00746995777849951,0.0345747637576431,0.0515254237288136,0.0304506699147381,0.998710509348807,-0.0651192778852353,0.278744895766172,9306,,,2.1,Buy,1.04385003608352,Technology,
417A,JP3831110006,,,JP3831110006,0.072909996,0.35673,0.47553003,,0.197,0.027200932073798,-0.53143958415331,-0.347871317361487,-0.458729355556015,0.0157,1430708500,624417701888,34.483334,34.417603,3.7015252,-0.00859393650035808,0.000602337067823154,0.0245466880473665,0.0369538077403246,0.0515255095581719,0.372501805923429,-0.0609198169997592,0.159621719239104,8306,,,1.6,Buy,1.0019098076063,Technology,
3048,JP3800390001,,,JP3800390001,0.10414,0.04583,0.06498,0.32514,0.058,-0.293895553638747,-0.366002576411013,-0.258015575995124,0.663363612509767,0.0159,5567625000,638944804864,15.673592,24.585365,3.0571542,-0.00943396226415094,-0.00237529691211401,0.023142509135201,0.0349075975359343,-0.142857142857143,0.746031746031746,0.0317460317460317,0.435019841269841,1260,,,1.6,Buy,0.637517157056647,Communication Services,
3549,JP3266190002,,,JP3266190002,0.0032300001,-0.024330001,0.022650002,3.63838,,0.100325214871333,-0.30727761575882,-0.281815542250593,0.335345189330837,,9470806794,1545500360704,,-93.0749,1.6879236,-0.00839981505740669,-0.0344874269737129,-0.0111684879649628,-0.0135097493036212,-0.176395348837209,0.976563602993082,-0.188197091627841,0.325238881829733,708.3,,,2.5,Buy,,Consumer Cyclical,
3186,JP3758210003,,,JP3758210003,0.07554,0.04848,0.071669996,0.01431,0.03,0.429470077756663,-0.329313441898513,-0.263217996690469,-0.335737214705051,0.0288,4353870900,1382567510016,20.660736,23.9758,3.3411071,0,0.0110926234054354,0.0334467120181406,0.0417142857142857,0.0723529411764706,0.234229292375206,-0.157981349424026,0.0539570213933077,3646,,,2.1,Buy,0.861732914021639,Technology,
3050,JP3548660004,,,JP3548660004,0.24851999,0.19067,0.28109,0.00165,0.135,-0.0626637627002465,-0.474638628398219,-0.471203423442229,-0.192901773035258,0.0162,626131600,139008491520,18.553043,49.439102,7.9891853,0.0148026315789474,0.00488599348534202,0.0507493188010899,0.0685833044683062,0.143015931826602,0.296596434359806,0.296596434359806,0.296596434359806,3085,,,,,0.375270630926913,Technology,
3191,JP3392920009,,,JP3392920009,0.03881,0.104890004,0.15617,1.36015,-0.112,0.126546517291768,0.042583830487554,-0.0212069698257545,-0.0617264990081271,0.0355,33813940,20457236480,10.362641,,0.9536285,-0.00783545543584721,-0.00442260442260442,0.0160481444332999,0.00745897563401293,0.0109780439121756,,,,2026,,,,,,Industrials,
2659,JP3324500002,,,JP3324500002,0.0925,0.10139,0.12835,0.02348,0.187,-0.16604313842327,-0.304390389593151,-0.245447233084894,0.38015530895122,0.0157,2295282500,560166993920,31.846426,10.103499,5.314775,0.00209497206703911,0.00209497206703911,0.00384749912556838,0.00560616678346181,0.0673112681294161,-0.024390243902439,-0.0940766550522648,-0.0592334494773519,2870,,,,,3.15201951323992,Technology,
9627,JP3105250009,,,JP3105250009,0.10394,0.26885998,0.33886,,0.154,0.661758054812141,-0.295665727990631,-0.201552487812703,-0.0420776538620405,0.0147,1212120900,611713024000,24.391039,27.082767,3.6315954,-0.0357487922705314,-0.0449760765550239,-0.0167487684729064,0.00638655462184874,0.0727337871730563,0.302605210420842,-0.0647962591850367,0.0980293921175685,2994,,,2.1,Buy,0.900611041700429,Communication Services,
9956,JP3778400006,,,JP3778400006,0.03193,0.02953,0.09134,1.26005,1.201,0.240831396143854,0.0758068792633838,0.0133329344720822,-0.0902941827029419,0.0229,447203400,182635397120,34.842224,12.586511,1.0008789,-0.0211081794195251,0.023448275862069,0.0539772727272727,0.061516452074392,-0.0583756345177665,0.590296495956873,0.132075471698113,0.415094339622642,3710,,,,,2.76821940567962,Healthcare,
9936,JP3174300008,,,JP3174300008,0.04573,0.04975,0.06351,0.55695,0.907,-0.263432876863004,0.0696903619712168,-0.0964733227051269,-0.159923592194754,0.0264,170008350,48504393728,18.79745,11.934447,0.9350246,-0.00375536480686695,0.0305216426193119,0.0690846286701209,0.0752750434279097,-0.00695187165775401,0.938610662358643,0.238556812062466,0.588583737210555,1857,,,,,1.57505831648505,Healthcare,
9948,JP3968600001,,,JP3968600001,0.04911,0.09032,0.090950005,0.33688,-0.205,0.10745929463207,0.108446218781904,0.173707123379419,0.515477421578766,0.0248,272793240,88952225792,10.526316,9.669382,0.8233331,-0.00688976377952756,0.00198609731876862,0.0181634712411705,0.020738492665655,-0.0218128938439166,0.238850346878097,0.238850346878097,0.238850346878097,2018,,,,,1.08862345080585,Healthcare,
2726,JP3781650001,,,JP3781650001,-0.01638,-0.23337999,-0.17808,0.83956,,0.903270167587348,-0.0622377885737958,0.0935453680265689,1.01098058708199,,1745167530,119158767616,,28.976131,1.8316619,0.0260663507109005,0.0535279805352798,0.0789036544850498,0.0915966386554622,0.49482163406214,2.46420323325635,-0.230177059276366,0.551193225558122,1299,,,1.6,Buy,,Healthcare,
3087,JP3639100001,,,JP3639100001,0.03317,0.10931,0.14806,0.29393,-0.181,0.443918067929224,-0.211416345562274,-0.124307531264097,-0.182320271381248,0.0339,16676287980,5374345740288,21.05282,20.57328,3.1576078,0.00698943061711558,0.0412480169222634,0.0654761904761905,0.0896513558384062,0.110338345864662,0.760622989673269,-0.068901303538175,0.386913831047909,2953.5,,,1.5,Strong Buy,1.02330887442352,Healthcare,
9842,JP3100100001,,,JP3100100001,0.00694,0.017280001,0.032509997,0.16566,-0.608,-0.0907862250175548,-0.288781594059768,-0.219815414507772,0.531932734842571,0.0222,206909040,64799420416,18.796867,10.742857,0.46184987,-0.0157068062827225,0.00355871886120996,0.0339138405132906,0.0254545454545455,0.0502793296089386,-0.024822695035461,-0.024822695035461,-0.024822695035461,1128,,,,,1.7497083876291,Healthcare,
8273,JP3138400001,,,JP3138400001,0.02355,0.10391,0.06686,0.01412,,-0.319811376889206,-0.56060375366688,-0.44548255422968,-0.0910872514214795,0.0136,16656170,12929176576,18.759125,55.869568,1.5346215,-0.00387596899224806,-0.00387596899224806,0.028,0.028,0.0362903225806452,,,,257,,,,,0.335766422965719,Healthcare,
8179,JP3983600002,,,JP3983600002,0.030050002,0.06241,0.06351,0.17556,0.352,0.457471694582203,-0.238753763624116,-0.130846223839854,-0.144501278772379,0.0338,92656830,37670342656,12.406924,6.177016,0.7244105,0.0052790346907994,0.0341349883630722,0.0638467677573823,0.0537549407114625,0.0732689210950081,0.0502625656414104,0.0502625656414104,0.0502625656414104,1333,,,,,2.00856271053855,Healthcare,
8218,JP3305600003,,,JP3305600003,0.07002,0.15464,0.20536,0.05873,0.329,0.596995444606882,0.0594965126229338,0.0694619790732773,-0.202957287274313,0.0178,14946280800,5833658728448,14.471817,21.41839,1.8033637,-0.0102358700489542,-0.0266958424507659,-0.0189677988531098,-0.0475374732334047,-0.0862777321281841,0.672661870503597,-0.0107913669064748,0.297961600719425,11120,,,1.6,Buy,0.675672494524565,Healthcare,
3046,JP3386110005,,,JP3386110005,-0.040359996,-0.18881,-0.31281,0.3231,,0.180222725981457,-0.359496431677319,-0.317696327437395,0.0895159960310701,,751375400,137567469568,,9.434793,2.8332286,0.0200190657769304,0.00895803866100896,0.00895803866100896,-0.0115473441108545,0.114351162671402,3.11214953271028,0.0280373831775701,1.4376946728972,1070,,,1.5,Strong Buy,,Healthcare,
8194,JP3966600003,,,JP3966600003,-0.28278,0,0,0.09595,,0.236544194791569,0.496661108704905,0.195057455350962,0.0437659329928534,,792802920,73999310848,,-23.229599,5.8368635,0.0349344978165939,0.0463576158940397,0.0281995661605206,0.0149892933618844,-0.0114702815432742,1.10970464135021,0.160337552742616,0.645569620253165,948,,,2.6,Hold,,Healthcare,
8219,JP3106200003,,,JP3106200003,0.04422,0.10151,0.14854,0.70361,0.076,0.164679327949844,-0.335734534535105,-0.285278596502201,-0.198196466939885,0.0148,3241636750,2673178312704,18.314,19.428524,1.3352921,-0.00259627866724362,0.0336322869955157,0.0505925250683683,0.0350246969016614,-0.089652448657188,0.344902386117137,-0.0629067245119306,0.165056225596529,1152.5,,,2.4,Buy,0.942634654078714,Basic Materials,
3148,JP3269940007,,,JP3269940007,0.03771,0.04916,0.06647,0.6393,-0.239,0.94753404568988,-0.147699902313893,0.0126249239500857,-0.163230986194868,0.0409,2641831005,502809165824,19.120323,15.624657,1.6729658,-0.0205455801104972,-0.00804336422451478,0.00853333333333333,0.0141222738648552,-0.0300906137801334,0.374933897408778,-0.0375462718138551,0.129472942005993,2836.5,,,2,Buy,1.22372753526685,Basic Materials,
7611,JP3765180009,,,JP3765180009,0.080369994,0.08492,0.15028,0.15466,0.506,-0.118939235447312,0.0769340332885688,-0.047909127304984,-0.514839012586453,0.0283,629866300,175531540480,15.949287,19.915493,1.8123864,-0.0125698324022346,0.0128939828080229,0.0261248185776488,0.00855920114122682,-0.0497311827956989,0.414427157001414,0.0466760961810467,0.230551626591231,3535,,,2.5,Buy,0.800848214001029,Basic Materials,
2685,JP3856000009,,,JP3856000009,0.11193,0.18709,0.26925,0.4248,0.616,0.11274499868253,-0.322887348596233,-0.22722267470272,-0.33309842069058,0.0332,1302133120,527896576000,28.817884,17.474583,4.179334,0.00295983086680761,0.00338409475465313,0.00508474576271186,0.00508474576271186,-0.0153590701535907,0.0539629005059022,0.0539629005059022,0.0539629005059022,4744,,,,,1.64913142705608,Basic Materials,
7516,JP3283750002,,,JP3283750002,0.03799,0.05031,0.08804,0.8188,1.573,-0.0172927502198115,-0.174285204437,-0.131202687329883,0.550105966664753,0.0336,2894463600,448335183872,7.974441,14.504469,0.88300097,-0.0181705554408425,0.0254474875997412,0.0310060711188205,0.0234610417563495,0.00976852834996815,0.472134595162986,-0.0956887486855941,0.188222923238696,4755,,,,,0.549791998590228,Basic Materials,
2695,JP3268200007,,,JP3268200007,0.04552,0.044099998,0.06562,0.2882,0.08,0.0412548218965635,-0.326662056434664,-0.363391817728255,-0.199045140446917,0.0377,314726720,129239261184,10.775985,9.782288,1.0250006,-0.00971236458722451,0.0207932229495572,0.0437007874015748,0.0449349625541979,0.00760167236792094,-0.0569596378725009,-0.0569596378725009,-0.0569596378725009,2651,,,,,1.10158124561452,Basic Materials,
7545,JP3659300002,,,JP3659300002,,0.18807,0.26402,0.28924,0.502,0.0728209208769411,-0.31143556283008,-0.237378324967066,-0.331177395909756,0.0053,15774048300,4976540123136,40.814953,34.705547,4.4115744,-0.0107561929595828,-0.0058958401572224,-0.0162074554294976,-0.0343620744511613,0.0274204468517265,0.647446457990115,-0.245469522240527,0.0804695222405272,3035,,,2.6,Hold,1.17603543318306,Consumer Cyclical,
8276,JP3834400008,,,JP3834400008,0.03243,0.051680002,0.07545,0.00002,0.534,0.682208506641621,-0.040135430627072,-0.0612804433425696,0.148202644357196,0.0317,467663560,222776573952,24.213274,22.936357,1.4257951,-0.00315989045713082,0.0185105467068446,0.0331877729257642,0.028695652173913,0.095877721167207,0.0777683854606932,0.0777683854606932,0.0777683854606932,4732,,,,,1.05567218019845,Industrials,
8173,JP3393000009,,,JP3393000009,0.07828,0.102139995,0.11447,1.46116,0.358,-0.118237887594945,-0.217341722320056,-0.144402700808414,0.0938339488206861,0.0321,1603276200,345303777280,9.242334,14.266065,2.9306753,-0.00369458128078818,0.013022789882294,0.0371794871794872,0.0361168032786885,0.0369136118943861,0.433868974042027,0.255871446229914,0.368603213844252,2022.5,,,1.4,Strong Buy,0.647854471432732,Industrials,
3222,JP3949450005,,,JP3949450005,0.00865,0.02675,0.10767,1.17067,12.819,0.34273050067917,-0.230554504457002,-0.241640153278202,-0.184886353445452,0.0495,1969618350,575539707904,123.441315,24.507008,1.0669196,-0.0276841598459316,-0.0170357751277683,0.00123946455131383,0.00422675285927399,-0.00296223154776598,0.126516464471404,-0.108690269868779,0.0342022777915326,4039,,,2.9,Hold,5.03698023846893,Communication Services,
8160,JP3237000009,,,JP3237000009,0.06379,0,0.1234,2.36902,-0.011,0.172651691410001,-0.286741660181567,-0.323400685788289,-0.0397955529586235,0.0152,3019927625,310846947328,18.692698,16.39401,3.6232548,0.000423011844331641,0,0.00766936514699617,-0.0117007939824488,-0.0607625099285147,0.353065539112051,0.226215644820296,0.280338266384778,1182.5,,,,,1.14021511515486,Consumer Cyclical,
8214,JP3105400000,,,JP3105400000,0.03938,0.08592,0.13248,0.23894,0.786,0.0378794141556098,-0.425036364260412,-0.345893320961361,0.169109100272199,0.0201,728770920,379681243136,18.1486,10.339444,2.3308809,-0.00278862242052426,0.00364861072130227,0.0176437108708025,0.0118845500848896,0.0272910083309394,0.342281879194631,0.0906040268456376,0.21923937360179,1788,,,1.6,Buy,1.75527813681277,Consumer Cyclical,
7630,JP3142150006,,,JP3142150006,0.10511,0.56193,0.67745,,0.195,-0.0334697117398215,-0.266611986906003,-0.118624594220874,-0.101481337709238,0.0184,9077643000,2189908639744,29.761904,31.871016,4.4600377,-0.00215222070045001,0.00651272942569568,0.0423053341508277,0.0576524263790958,0.140429338103757,0.215686274509804,-0.117647058823529,0.0810457843137254,5100,,,1.6,Buy,0.933823509109343,Technology,
8237,JP3869200000,,,JP3869200000,0.10583,0.29949,0.48924,,0.074,3.16703531385859,0.27902854465068,0.22767407784927,0.0155764092538285,0.0069,521530350,279052320768,18.484642,,2.2859843,-0.00912200684150513,0.0046242774566474,0.0175644028103045,0.0469879518072289,0.0675675675675676,,,,4345,,,,,,Technology,
8255,JP3772400002,,,JP3772400002,0.01741,0.09665,0.18263,0.61313,0.241,0.582184263330898,-0.0741371340143402,-0.0316218448272757,0.23161491181686,0.0205,9309894176,3682181054464,19.267767,25.06069,1.2254057,-0.030696981162311,-0.0497433584698621,-0.0139603675114498,0.0395042111182788,0.142127659574468,0.397168405365127,-0.124441132637854,0.101541915052161,536.8,,,1.8,Buy,0.768844233738177,Consumer Cyclical,
8200,JP3977000003,,,JP3977000003,0.03738,0.051999997,0.07688,,0.107,0.185899851762518,-0.366204256940476,-0.289428020565553,-0.314771084682209,0.0341,199868200,137564815360,18.050364,24.697172,1.0822414,-0.00944669365721997,0.00824175824175824,0.0323488045007032,0.0251396648044693,0.0485714285714286,0.0354223433242507,0.0354223433242507,0.0354223433242507,3670,,,,,0.730867647518509,Healthcare,
9267,JP3282750003,,,JP3282750003,0.08185001,0.12185001,0.083409995,,-0.356,0.82059306628203,0.33441329223818,0.270406193846086,0.197501805321532,0.028,8103889710,857797558272,24.50955,22.152578,7.20899,0.024016114037806,0.043746051800379,0.136934457250989,0.174724493423391,-0.0165178571428571,0.361779391738538,-0.24345589347859,-0.0366671962475412,6609,,,2.9,Hold,1.10639718772235,Technology,
9900,JP3316200009,,,JP3316200009,0.16389999,0.22288,0.29045,,0.046,0.128718886170466,-0.259374096850196,-0.191910437838351,-0.409291751935226,0.0213,2306492100,1192634220544,18.761719,17.973577,5.8253593,-0.00427990584207148,0.00746995777849951,0.0345747637576431,0.0515254237288136,0.0304506699147381,0.998710509348807,-0.0651192778852353,0.278744895766172,9306,,,2.1,Buy,1.04385003608352,Technology,
3091,JP3831550003,,,JP3831550003,0.072909996,0.35673,0.47553003,,0.197,0.027200932073798,-0.53143958415331,-0.347871317361487,-0.458729355556015,0.0157,1430708500,624417701888,34.483334,34.417603,3.7015252,-0.00859393650035808,0.000602337067823154,0.0245466880473665,0.0369538077403246,0.0515255095581719,0.372501805923429,-0.0609198169997592,0.159621719239104,8306,,,1.6,Buy,1.0019098076063,Technology,
8278,JP3807400001,,,JP3807400001,0.10414,0.04583,0.06498,0.32514,0.058,-0.293895553638747,-0.366002576411013,-0.258015575995124,0.663363612509767,0.0159,5567625000,638944804864,15.673592,24.585365,3.0571542,-0.00943396226415094,-0.00237529691211401,0.023142509135201,0.0349075975359343,-0.142857142857143,0.746031746031746,0.0317460317460317,0.435019841269841,1260,,,1.6,Buy,0.637517157056647,Communication Services,
9974,JP3835700000,,,JP3835700000,0.0032300001,-0.024330001,0.022650002,3.63838,,0.100325214871333,-0.30727761575882,-0.281815542250593,0.335345189330837,,9470806794,1545500360704,,-93.0749,1.6879236,-0.00839981505740669,-0.0344874269737129,-0.0111684879649628,-0.0135097493036212,-0.176395348837209,0.976563602993082,-0.188197091627841,0.325238881829733,708.3,,,2.5,Buy,,Consumer Cyclical,
8005,JP3913600007,,,JP3913600007,0.03754,0.02954,0.04834,0.95197,0.172,1.22475757729045,-0.208658927675548,-0.0443303855711269,0.0849928503299429,0.0275,2170634830,352705150976,12.9035845,13.092423,1.1541122,-0.0348547717842324,-0.0222782681799075,-0.00598290598290598,-0.0189793336145086,-0.0791765637371338,0.676698194325022,-0.0885640584694755,0.340130180567498,1163,,,1.7,Buy,0.985576504822675,Consumer Defensive,
9279,JP3264860002,,,JP3264860002,0.02385,0,0.02398,1.14996,-0.472,0.1512717582666,-0.315039437926692,-0.275889668985026,-0.124183352156873,0.0348,504087925,195404414976,8.810498,4.927564,0.78822845,-0.0103369065849923,0.00583657587548638,0.016515926071569,0.0209320695102686,0.0209320695102686,,,,1292.5,,,,,1.78800275349037,Consumer Defensive,
7513,JP3297380002,,,JP3297380002,0.08535,0.085310005,-0.054229997,1.14213,,-0.0454815813473969,-0.423915413124046,-0.365212645367144,-0.210932661145121,0.017,35558640,47021850624,15.898058,7.462025,3.4290001,0.000848896434634975,0.00597269624573379,0.00769230769230769,0.00855431993156544,0.0333041191936897,,,,1179,,,,,2.13052864336423,Consumer Defensive,
9887,JP3869800007,,,JP3869800007,0.02112,0.01956,0.04966,0.02991,0.063,-0.50807055050775,-0.0456928838951311,-0.0913431452080195,-0.167389574214087,0.0299,19155850,17578575872,13.351658,,0.65729046,-0.00865800865800866,0.0113564668769716,0.0402336145360156,0.0203691915977085,0.0552995391705069,,,,1603,,,,,,Basic Materials,
2664,JP3226450009,,,JP3226450009,0.04023,0.116639994,0.12015,0.03119,0.874,0.178238805970149,-0.313990973565442,-0.294562106468231,-0.383361854006747,0.0227,386977500,185840533504,15.503603,20.905428,1.0442791,-0.00451467268623025,0.008,0.0114678899082569,0.029171528588098,0.0126291618828932,0.473922902494331,0.473922902494331,0.473922902494331,4410,,,2,Buy,0.741606581793016,Consumer Defensive,
3034,JP3266160005,,,JP3266160005,0.04028,0.07033,0.021659998,0.45986,-0.668,-0.489692950843304,-0.442636133637674,-0.371271666380642,0.222167367089641,0.029,135550560,67002421248,11.13602,,1.0387326,-0.000935453695042095,0.0200573065902579,0.0293975903614458,0.0348837209302326,0.126582278481013,,,,2136,,,,,,Consumer Defensive,
7421,JP3212400000,,,JP3212400000,0.04789,0.12636,0.23391001,2.63342,7.555,-0.0564200170557774,-0.285708786202826,-0.230534987869019,-0.29085359430211,0.0313,969568600,88558886912,17.12292,8.442024,2.526061,-0.003125,0.019634703196347,0.00585585585585586,-0.0645161290322581,-0.163449577090745,0.61218092252575,0.0792655620241827,0.285266457680251,2233,,,,,2.02829558409216,Utilities,
7606,JP3949400000,,,JP3949400000,0.0075,0.25367,0.01704,,,-0.215513380360542,-0.336151600211934,-0.392992933802442,0.368314231943834,0.0235,155085300,38226993152,14.493082,,1.3634967,-0.0108359133126935,0.00313971742543171,0.00947867298578199,-0.0405405405405405,0.0721476510067114,,,,639,,,,,,Energy,
9997,JP3835650007,,,JP3835650007,0.04479,0.07022,0.08863,0.41877,0.462,0.317260370430912,-0.375885787549595,-0.249785781715199,0.292764033143867,0.0178,2072459800,274206457856,19.53147,,1.7077105,0.0641221374045802,0.0449775112443778,0.0434131736526946,-0.0681818181818182,-0.00428571428571429,,,,3485,,,,,,Basic Materials,
7512,JP3860270002,,,JP3860270002,0.08093,0.22082001,0.60152,0.24637,0.629,0.104683768606043,0.008817406459559,0.268412335630388,0.123362170257283,0.0286,22739342990,4524691423232,10.570819,14.578987,0.8912698,-0.00407228302367015,-0.00584349593495935,-0.00432569974554707,0.000255623721881391,0.130924855491329,0.277791975466394,-0.263991822131357,0.0879818553539484,3913,,,2.1,Buy,0.725072256392025,Energy,
2734,JP3310350008,,,JP3310350008,0.0231,0.12694,0.09526,0.09263,-0.794,-0.206795030687873,0.00652142425338396,0.146595443112644,-0.00655790091102586,0.0233,2785032330,492360073216,9.242046,12.793474,0.83497494,-0.00515729757607014,0.00994764397905759,0.00416449765747007,0.00941915227629513,0.122817229336438,0.088646967340591,-0.0150336962156558,0.0393986521513738,1929,,,3,Hold,0.722403156484314,Energy,
8163,JP3322350004,,,JP3322350004,0.05187,0.081020005,0.13063,,-0.09,0.329283857612029,-0.176680263706737,-0.250938748335553,0.0088540755467197,0.03,334076160,103424745472,14.10462,12.898067,0.9372003,-0.0177574835109082,0.0020703933747412,0.00519210799584631,-0.0290872617853561,0.0761534185658699,,,,1936,,,,,1.09354525759558,Utilities,
2681,JP3282400005,,,JP3282400005,0.05702,0.06836,0.061750002,0.12671,0.348,0.0624270668604149,-0.0382824396786319,-0.0305697002285253,-0.0191547419641837,0.0439,1281967530,300509528064,10.10125,19.911644,1.3928761,-0.010844306738962,0.0254282655246253,0.0287325456498389,-0.00441787941787942,0.0359653866955111,0.0180109631949883,-0.0707387105194466,-0.0263638736622292,1915.5,,,,,0.507303666136257,Industrials,
2678,JP3119920001,,,JP3119920001,0.06258,0.06086,0.070760004,0.00687,0.486,3.85999294420885,-0.20926689606262,-0.0992769167167183,-0.166384639107524,0.023,3687803280,671611092992,18.939419,23.2056,1.7023321,0.0389518413597734,0.0892890291442361,0.0923306031273269,0.0733491860252424,0.109682299546142,0.0395364689843218,-0.301295160190866,-0.0882753919563736,5868,,,,,0.816157263763919,Industrials,
3182,JP3174190003,,,JP3174190003,0.06157,0.039,0.04824,,-0.086,0.442844501649103,-0.00347428184052201,0.17100312082033,-0.260000946835203,0.0301,283955000,147642105856,10.741138,15.964471,1.2778944,-0.0191740412979351,0.00910470409711684,-0.0140845070422535,-0.036231884057971,0.0160427807486631,,,,13300,,,0,Strong Buy,0.672815153098402,Real Estate,
3395,JP3337070001,,,JP3337070001,,0.078990005,0.08695,0.45852,0.093,0.5238902748031,-0.0899937034990555,0.323810781368633,0.132088531829427,0.0301,11141819400,2057175040000,12.300075,26.512606,2.2044103,-0.00864100549882168,0.0293637846655791,0.0120288692862871,-0.0539730134932534,-0.0703499079189687,0.751188589540412,-0.0966719492868463,0.285940649762282,12620,,,1.6,Buy,0.463933081493385,Industrials,
3539,JP3389690003,,,JP3389690003,0.043909997,0.072519995,0.052449998,0.27364,1.223,0.532773108101865,-0.260790296455343,-0.13998873358448,0.0621482218717711,0.0305,7834087980,2119320469504,12.361172,22.347055,1.7030383,-0.0147011824864174,0.0208609271523179,0.0235723771580345,-0.00804375804375804,-0.0252924438823901,0.524489133960428,-0.0269218293869608,0.236620175154071,3083,,,1.6,Buy,0.553145459211516,Industrials,
3028,JP3126470008,,,JP3126470008,0.029690001,0.08135,0.03994,0.55696,3.982,0.238632063497879,-0.0236989116312423,-1.02933607823434E-05,-0.127740003245877,0.0327,8536502340,1600494764032,12.626506,28.714075,1.5778655,-0.0227932034811438,0.0174757281553398,-0.000847457627118644,-0.0692717584369449,-0.0258211113406321,0.441899915182358,-0.0245971162001696,0.22682663273961,2358,,,2.4,Buy,0.439732291567811,Industrials,
8167,JP3873200004,,,JP3873200004,0.050180003,0.048860002,0.095649995,0.73346,0.735,0.503383832587322,-0.287256753509561,-0.104819114890267,-0.0604473145535657,0.0366,2502444120,723852918784,13.36888,12.855732,1.270185,-0.0188476036618201,0.00718629076838032,0.00496414782129068,-0.0313662945241893,0.0165519806583597,0.390413465056714,0.0976948408342481,0.21569703622393,2733,,,,,1.03991589121491,Consumer Cyclical,
8008,JP3119950008,,,JP3119950008,,0.059439998,0.06331,0.58946,0.179,0.43034556773309,-0.261840239286979,-0.142929670360124,0.332057152703438,0.0293,10511465640,2300872491008,13.106081,18.681526,1.6777421,-0.0177549812586309,0.0223819301848049,0.0167449458852359,-0.0401002506265664,-0.030379746835443,0.847760594496887,0.0845551315525206,0.407339425587467,4979,,,1.4,Strong Buy,0.701553020882769,Industrials,
2752,JP3807770007,,,JP3807770007,0.03187,0.06511,0.06814,1.11804,1.82,-0.0816802152983936,0.146996893083798,-0.0329917475287929,0.136467167677743,0.044,664633350,224468992000,9.328389,12.978563,1.167593,-0.00768022342468145,0.0219306129786087,0.0375981018434021,0.00815747472956198,0.0684081939485059,0.372031662269129,0.0158311345646438,0.18117854001759,5685,,,2.4,Buy,0.718753609317149,Industrials,
9278,JP3829940000,,,JP3829940000,,0,0.04024,0.3475,-0.07,0.637019820704191,-0.131697687535251,-0.0410675552481846,0.334827289912356,0.052,782008100,207173140480,11.273935,,1.079288,-0.011986301369863,0.0212389380530973,0.0212389380530973,-0.00517241379310345,-0.00345423143350604,,,,5770,,,,,,Industrials,
7593,JP3854700006,,,JP3854700006,0.06799,0.07825,0.07169,,-0.033,0.522972972972973,-0.334029161527027,-0.240107869575876,0.10208813293466,0.0384,268765200,136389066752,10.615768,15.376849,1.0417324,-0.00251889168765743,0.0179948586118252,0.0259067357512953,-0.00126103404791929,-0.0503597122302158,0.313131313131313,0.262626262626263,0.287878787878788,3960,,,2,Buy,0.690373430863501,Industrials,
9828,JP3282800006,,,JP3282800006,0.04504,0.03299,0.04555,0.28746,0.596,-0.16488049500546,-0.390917400967932,-0.370279909835364,-0.0787615512202828,0.0617,300720520,72129380352,14.143303,,1.511278,-0.0043859649122807,0.0236753100338219,0.0424799081515499,0.028312570781427,0.0377142857142857,,,,908,,,,,,Industrials,
2742,JP3773750009,,,JP3773750009,0.02606,0.067540005,0.0478,0.4299,2.376,0.154041887941245,-0.505346399456309,-0.415242884627631,-0.130115316706489,0.0395,1061294835,449536458752,12.315491,16.650219,0.933892,-0.00491480996068152,0.0280974949221395,0.0315896739130435,-0.00686723348593852,0.0157190635451505,0.251234771155746,-0.143891998682911,0.126111294040171,1518.5,,,,,0.739659400275756,Industrials,
3196,JP3851950000,,,JP3851950000,0.040149998,0.04217,0.02868,0.31467,0.247,-0.0225995684413169,-0.191058005373795,-0.197278342945194,0.549729713529467,0.0377,1109597590,225509212160,11.350612,3.5361207,1.2259929,0.00226586102719033,0.0302795031055901,0.0383411580594679,0.0106626047220107,-0.0713785864240728,0.695553880934439,0.243406179351922,0.489073097211756,1327,,,,,3.20990513700508,Industrials,
2791,JP3483050005,,,JP3483050005,0.05208,0.05544,0.048800003,0.1918,0.149,-0.0476372406217913,-0.165305027877215,-0.276019160211985,0.224625835611248,0.0502,221207910,94697455616,11.148391,,1.2471019,0,0.0286116322701689,0.0423003802281369,0.0339462517680339,0.158478605388273,,,,2193,,,,,,Industrials,
7508,JP3172450003,,,JP3172450003,0.06617,0.06611,0.09826,0.40505,0.22,-0.0233138730987863,0.0335900553979193,0.182051773729626,0.00714976603142248,0.0463,203574540,102113189888,10.941106,24.89726,1.588593,-0.00863636363636364,0.023943661971831,0.0205896116050538,-0.0245974955277281,-0.0525629887054735,,,,2181,,,,,0.439450204560662,Industrials,
3093,JP3637270004,,,JP3637270004,0.0672,0.049629997,0.08203,0.6069,-0.001,0.345220695703011,-0.352701948617218,-0.270199180340139,-0.164617332507567,0.0486,4280772160,1091854598144,11.210702,2.402747,2.2097,-0.0117924528301887,0.00872705386698766,0.0163735597331716,0.0154498636776734,0.0377708978328173,0.10381861575179,-0.045346062052506,0.0187947494033413,3352,,,,,4.66578545306684,Real Estate,
3179,JP3359940008,,,JP3359940008,0.07359,0.10519,0.1167,,0.044,0.0840406927145539,0.0896122071238318,0.49699854298203,0.703440353460972,0.0337,449266300,135520190464,8.904688,,1.0006132,-0.00813356164383562,0.0225066195939982,0.0362254025044723,0.0135608048993876,0.0189094107299912,,,,2317,,,,,,Industrials,
9946,JP3905950006,,,JP3905950006,0.04757,0.02842,-0.014090001,0.00967,,0.00780736734350884,-0.273880385112601,-0.133861092009352,0.154589717512862,0.0559,499518600,74394214400,21.692266,,1.4491906,-0.00617283950617284,0.00750938673341677,0.0157728706624606,0.00311526479750779,0.013215859030837,,,,1610,,,,,,Industrials,
2698,JP3244550004,,,JP3244550004,0.052399997,0.055749997,0.06723,0.25509,0.092,0.104931694959396,-0.220773882195283,-0.0992497210501341,0.128243456646542,0.0352,893921930,169276735488,8.810626,16.372477,1.4590182,-0.0072562358276644,0.0228971962616822,0.0590227382680213,0.0228971962616822,0.0595353339787028,-0.0406578346276839,-0.0406578346276839,-0.0406578346276839,2189,,,,,0.538136410269503,Industrials,
2792,JP3770080004,,,JP3770080004,0.04792,0.0435,0.06099,1.27205,0.061,0.345624170089377,0.470486313795909,0.416877499387905,0.394235175741659,0.0329,3986845660,427661492224,12.594539,22.805246,2.2310255,-0.000631711939355654,0.018018018018018,0.100139082058414,0.047682119205298,0.0209745079057761,0.580278128950695,-0.115044247787611,0.337968836915297,1582,,,1.5,Strong Buy,0.552264992011049,Industrials,
8281,JP3428800001,,,JP3428800001,0.05037,0.04711,0.02347,0.15503,-0.496,0.230102451438888,-0.389693191815953,-0.231770736253495,0.0176415431327023,0.051,203536410,54618521600,11.695952,,1.2681612,-0.00732356857523302,0.00471698113207547,0.0122199592668024,0.000671140939597315,0.0289855072463768,,,,1491,,,,,,Industrials,
3193,JP3635900008,,,JP3635900008,0.0312,0.03461,0.04926,1.28861,-0.643,0.594135207929879,-0.220176147815634,0.240927742848116,0.220320883753888,0.0408,6219422055,752067477504,8.920649,1.9583892,0.68703866,-0.0227091633466135,-0.00527169505271695,0.00697865353037767,-0.0258141382049245,-0.0934959349593496,0.565430085609458,0.141459437423563,0.332246229107216,1226.5,,,2.3,Buy,4.55509507507496,Consumer Cyclical,
7522,JP3993900004,,,JP3993900004,0.04947,0.062800005,0.09276,1.15364,0.09,0.740382757443664,-0.203525999453278,-0.225113123823147,-0.179953524082832,0.0202,7984476500,2823864713216,8.045044,9.683245,0.97023636,-0.0146995244271509,-0.00632221495530848,-0.00869943453675511,-0.0157633340531203,-0.00653879686137751,0.261518209741115,0.00921456779289162,0.112086156208864,4558,,,2.6,Hold,0.830821072894469,Real Estate,
3561,JP3507780009,,,JP3507780009,0.09677,0.0928,0.112799995,0.02119,0.249,0.103493853297931,-0.317870811560114,-0.185856603773585,-0.0411486486486487,0.0135,519238250,161132232704,13.605325,18.626614,1.9081696,-0.00883838383838384,0.0261437908496732,0.0438829787234043,0.0194805194805195,0.0288335517693316,0.105732484076433,-0.13375796178344,0.021656050955414,3925,,,3.3,Hold,0.730423951449254,Industrials,
5889,JP3389460001,,,JP3389460001,0.046830002,0.0616,0.09866,0.81733,-0.024,0.303882635064754,-0.289847144411119,-0.118698906208541,-0.249735510725389,0.0436,8830868000,2172151398400,8.503402,8.875113,0.9655979,-0.0155744930943285,0.00239377618192699,-0.00327283546563523,0.00873230954531768,-0.0190336749633968,0.298507462686567,0.0149253731343284,0.147595313432836,3350,,,2.1,Buy,0.958117603685722,Consumer Cyclical,
7554,JP3292400003,,,JP3292400003,0.04911,0.045739997,0.05503,0.05805,1.524,0.203057405337092,-0.270755995521773,-0.276153676594531,0.0516758429959658,0.0295,315111340,181470543872,17.574669,24.553904,1.1736088,-0.0119670905011219,0.0134253931722286,0.0212601468882876,-0.00751314800901578,0.0722402597402597,0.211203633610901,0.211203633610901,0.211203633610901,2642,,,,,0.715758642698937,Industrials,
3333,JP3110500000,,,JP3110500000,0.052059997,0.078260005,0.03032,0.00739,21.256,-0.219424922472797,-0.506014716592581,-0.389228383094223,0.254636813403047,0.0371,173086850,64801132544,11.668377,,0.95716935,-0.00418888042650419,0.0171139634383508,0.0179057999221487,0.000765403750478377,0.0426634768740032,,,,2615,,,,,,Industrials,
8217,JP3172150009,,,JP3172150009,0.0678,0.08141,0.11686,0.07127,0.862,0.195547577630556,-0.352723048742349,-0.335528228499587,0.115307559452637,0.0365,189744170,109011607552,14.534554,,1.5442271,0.00217580504786771,0.0285841893702546,0.0149845747025121,-0.00518358531317495,0.0888888888888889,,,,2303,,,,,,Industrials,
3199,JP3993830003,,,JP3993830003,0.056360003,0.0796,0.10309,,0.061,0.136982340183827,-0.237104241017042,-0.136597443733131,0.0201378275881587,0.0272,385477500,272653893632,15.060242,,1.0778261,-0.00961538461538462,0.0117878192534381,0.005859375,-0.0152963671128107,0.0117878192534381,,,,5150,,,,,,Industrials,
262A,JP3152840009,,,JP3152840009,0.09071,0.0872,0.12478,0.02919,0.07,0.166756821784662,-0.501969756960139,-0.491002785664637,-0.319741741043308,0.0235,3750005790,1103134326784,17.7934,32.690495,2.861751,-0.019978783592645,0.0270520659625718,0.0202466408982146,-0.0363351877607789,-0.0175469691598724,0.515424860184016,0.172650189428108,0.355635143424139,5543,,,,,0.544298885654683,Industrials,
2674,JP3765120005,,,JP3765120005,0.07358,0.09716,0.08377,0.56624,1.371,0.103261726514214,-0.536447475032546,-0.502652046647772,-0.218067411998966,0.0202,3741521420,1139693846528,19.762701,34.86114,2.6327689,-0.0101428571428571,0.0272794662713121,0.0256068679692126,-0.0313155319446386,-0.0379061371841155,0.472073892336557,0.219512195121951,0.34098239284168,6929,,,,,0.566897726236147,Industrials,
8244,JP3250800004,,,JP3250800004,0.04887,0.073860005,0.08247,0.47019,1.119,0.333725790310237,-0.28657091440019,-0.109462817816861,-0.127937965399474,0.0337,368967680,210484019200,11.737114,,1.3475896,0.0035650623885918,0.0416281221091582,0.0454967502321263,-0.0148731408573928,0.0647754137115839,,,,2252,,,0,Strong Buy,,Industrials,
8185,JP3528400009,,,JP3528400009,0.05975,0.08084,0.03091,0.00045,1.441,0.617360965962989,-0.400297594353451,-0.311388941148301,-0.211228223844282,0.0308,394061250,240957210624,13.3331175,23.161144,1.1531845,-0.0072202166064982,0.0261194029850746,0.0403530895334174,0.00121359223300971,0.0456273764258555,0.260606060606061,0.260606060606061,0.260606060606061,4125,,,,,0.57566748430043,Industrials,
2753,JP3124450002,,,JP3124450002,0.059510004,0.042579997,0.06865,0.34938,0.903,0.113180615407878,-0.402876388130348,-0.315570733966196,-0.142998820934124,0.0305,1142677370,532861157376,17.361065,22.138695,1.5529772,-0.00455753892897835,0.0252298063759046,0.0316866758512104,0.0125555340931041,-0.00738496496875592,0.220908050362457,-0.0843189622281572,0.121709271270507,2621,,,,,0.784195500231608,Industrials,
7679,JP3931410009,,,JP3931410009,0.0793,0.083330005,0.026919998,0.03022,0.73,0.270401767890138,-0.541852567090631,-0.470551107474724,-0.00275288776543234,0.037,419418000,147583860736,12.13574,,1.8183461,-0.00917431192660551,0.0172684458398744,0.0318471337579618,0.00934579439252336,-0.0442477876106195,,,,3240,,,1,Strong Buy,,Industrials,
7475,JP3126300007,,,JP3126300007,0.07043,0.08592,0.108739994,0.08336,0.09,0.411082517018097,-0.387833840613881,-0.335908778484694,-0.235610790668173,0.0272,1386111800,572032548864,14.285713,16.278181,1.6454844,-0.000247249350970454,0.0290113245960046,0.0253581843540003,-0.0128173828125,-0.0243696465194837,0.681711388648448,-0.0478545814269816,0.39112155310993,8087,,,1.8,Buy,0.877598854564893,Industrials,
7520,JP3161180009,,,JP3161180009,0.03136,0.06696,0.07756,0.08387,1.072,-0.0634305015519086,-0.222286131653428,-0.128734445483714,-0.119548647092689,0.0223,3336327330,565126365184,13.494999,19.166666,1.3276924,-0.0105954651409197,0.0130180082447386,0.0097318339100346,-0.0432377049180328,0.0123590633130963,0.285071749839366,-0.22895695009638,0.0794602698650675,2334.5,,,2.6,Hold,0.704086928837806,Industrials,
3221,JP3957600004,,,JP3957600004,0.11571,0.121070005,0.12684,0.01257,0.253,0.255990879903215,-0.0180731743155214,-0.121284089765523,0.0633947329848047,0.0084,488048500,146190172160,12.484461,,2.163504,-0.0027972027972028,0.0273775216138329,0.0229555236728838,-0.00418994413407821,0.126382306477093,,,,7130,,,,,,Industrials,
9856,JP3277300004,,,JP3277300004,0.06337,0.08821,0.09137,0.11969,1.083,0.501832521973554,-0.37549264533757,-0.371857649735362,0.136301286867169,0.0293,319698840,161421000704,13.550164,4.973751,1.2902529,-0.012736395214203,0.0150793650793651,0.0179068842021488,-0.0161538461538462,0.0557160544779199,,,,2558,,,0,Strong Buy,2.72433501395627,Industrials,
3548,JP3778450001,,,JP3778450001,0.088549994,0.08422,0.09962,0.19125,-0.28,0.273028197084972,-0.162966629243776,-0.243963950598969,-0.00709293361048491,0.0261,2502650130,616756477952,16.501524,14.059004,2.980495,0.0109395109395109,0.0424684804246848,0.0723549488054608,0.0468680586406042,0.123480333730632,0.464035646085296,0.113940165499682,0.267769997878209,4713,,,1.3,Strong Buy,1.17373350203187,Industrials,
7596,JP3155800000,,,JP3155800000,0.09232,0,0.11323,0.1304,0.107,-0.0395424297420668,-0.574397339983375,-0.436063423479033,-0.288039983446344,0.0368,238893300,101303304192,10.929038,,1.9831973,-0.018796992481203,0.0289093298291721,0.0467914438502674,-0.00508259212198221,-0.00760456273764259,,,,3915,,,,,,Industrials,
9850,JP3274200009,,,JP3274200009,0.057189997,0.09314,0.08276,0.01165,0.107,0.229098078604245,-0.411563059606037,-0.373444848961921,-0.0771593043689026,0.0467,113760330,78630289408,14.641026,,1.1540016,-0.0166475315729047,0.00234055002925688,0.0160142348754448,-0.0115406809001731,-0.0745542949756888,,,,1713,,,,,,Industrials,
9979,JP3484000009,,,JP3484000009,0.052389998,0.05217,0.057740003,0.01983,-0.265,0.141676281990656,-0.444424966075174,-0.385293882447021,-0.0734768220098294,0.0359,703788800,241662148608,15.674046,10.074147,1.3879964,-0.00645994832041344,0.0145118733509235,0.0391891891891892,0.00391644908616188,-0.119129438717068,0.508452535760728,0.157347204161248,0.337234460338102,3845,,,2.3,Buy,1.55586830329158,Industrials,
3053,JP3836400006,,,JP3836400006,0.11166,0.10268,0.17727,0.02518,-0.051,0.0310043540516057,-0.411233298896656,-0.325097165889057,-0.204298039139714,0.0294,1490036240,378560217088,14.104604,9.932111,2.9065723,0.0065359477124183,0.0663265306122449,0.102902374670185,0.0212914485165794,0.104567761419404,0.367053998632946,0.367053998632946,0.367053998632946,2926,,,,,1.42010132589134,Industrials,
8203,JP3885200000,,,JP3885200000,0.07517,0.09759,0.12158,,0.331,0.272861733054521,-0.498146564014828,-0.4230380744296,0.215986590405998,0.0311,290122000,132873428992,16.129032,,1.8408868,-0.00155038759689922,0.0488599348534202,0.0471544715447155,0.00625,0.0776439089692102,,,,3220,,,,,,Industrials,
9990,JP3584700003,,,JP3584700003,0.029660001,0.05076,0.040149998,0.27091,-0.025,0.114386163420351,-0.405331776610235,-0.295781535176831,-0.447189226958013,0.0228,449382150,246257647616,11.587382,12.90169,0.8755453,-0.0135761589403974,-0.00501002004008016,0.00303030303030303,0.00573936529372046,0.0482054890921886,,,,2979,,,0,Strong Buy,0.898129004804797,Consumer Defensive,
7683,JP3505990006,,,JP3505990006,0.035720002,0.03496,0.05144,0.16757,-0.167,1.35213306845348,-0.428277867255656,-0.122929752163457,0.138319042854185,0.0325,1923534540,558669430784,17.636154,15.676736,1.0830871,-0.0414967618133845,-0.0286825473991249,-0.0203481245403285,-0.0193865030674847,0.0162767039674466,0.0760760760760761,0.001001001001001,0.0460460460460461,1998,,,,,1.12498890075077,Consumer Defensive,
7463,JP3121950004,,,JP3121950004,0.03636,0.04526,0.05396,0.0081,-0.035,-0.20513365950507,-0.271101942582087,-0.185511666920848,-0.156428982428186,0.0365,39163040,69779087360,21.008772,,1.4158821,-0.00312174817898023,0.00842105263157895,0.0301075268817204,0.0475669764898852,0.108796296296296,,,,1916,,,,,,Consumer Defensive,
3415,JP3399710007,,,JP3399710007,0.02764,0.03091,0.03767,0.3446,-0.003,-0.0891999038923594,-0.208123310687413,-0.0829325513196481,-0.170364996093314,0.0355,189675600,128200032256,12.0771475,12.816765,0.84310204,-0.00879396984924623,0.0102432778489117,0.00509554140127389,0.0313725490196078,0.131994261119082,,,,3945,,,,,0.942292965502605,Consumer Defensive,
4350,JP3920940008,,,JP3920940008,0.04008,0.03703,0.02192,0.09712,2.482,0.358064605266794,0.0931250670332777,0.154889425870982,-0.071304473460837,0.0369,131279820,59056926720,10.799181,14.0190735,0.78807545,-0.00962463907603465,0.00341296928327645,0.0238805970149254,0.0264339152119701,0.0865892291446674,,,,2058,,,,,0.770320592156108,Consumer Defensive,
3547,JP3266180003,,,JP3266180003,0.041789997,0.021879999,0.027290002,0.39762,0.074,0.247375387572302,-0.150357030015798,-0.198987203708393,0.315552226027397,0.0353,117029850,56370450432,8.834113,82.752815,0.9013447,-0.0100806451612903,0.0089041095890411,0.0137646249139711,0.0179682100898411,0.160756501182033,,,,1473,,,,,0.106753021030161,Consumer Defensive,
8165,JP3424600009,,,JP3424600009,0.0656,0.06145,0.10762,0.20299,0.213,-0.00341767992113052,-0.497300215982721,-0.442383190489356,-0.254263204874452,0.0411,52474900,93468573696,14.430123,,1.206155,-0.00487974904147787,0.0124113475177305,0.0145700071073205,0.0142095914742451,0.040831206707984,,,,2855,,,,,,Consumer Defensive,
9262,JP3369800002,,,JP3369800002,0.06506,0.11587,0.11535,0.22649,3.286,-0.416029241949348,-0.13053644825278,-0.0934230524904124,-0.0809602041450017,0.0499,1178585400,248828608512,14.770877,19.67772,1.3146262,-0.0078125,-0.00392156862745098,0.0438356164383562,0.101156069364162,0.186915887850467,-0.0551181102362205,-0.0551181102362205,-0.0551181102362205,3810,,,,,0.750639657439988,Communication Services,
3134,JP3772000000,,,JP3772000000,0.2787,0.18529,0.22097,0.01109,-0.028,-0.0980126246534756,-0.205369310438812,-0.181356051373395,0.255553190601394,0.0362,494267820,166742360064,18.448822,7.374341,7.641206,-0.00190294957183635,0.0334975369458128,0.0972803347280335,0.0972803347280335,0.148959474260679,0.239275500476644,0.239275500476644,0.239275500476644,1049,,,,,2.50175873342445,Industrials,
8306,JP3902900004,,,JP3902900004,0.21545,0.25821,0.25812998,0.05866,0.338,-0.0674413652342278,-0.105378198728451,0.405086168979168,0.447619226850125,0.0381,2652266826,208211542016,16.692934,16.916538,4.3828506,-0.000456621004566141,0.014835457852351,0.0458671356364619,0.0505519527247498,0.027699530516432,0.370488807674737,-0.0102025277904676,0.20907568143749,656.7,,,2.2,Buy,0.986781929021175,Financial Services,
8316,JP3890350006,,,JP3890350006,0.11412,0.046680003,0.083009996,0.28649,0.46,-0.0437799073129443,-0.26166738336025,-0.234015300518308,0.184059308358236,0.0554,1065089860,137783623680,20.668955,0.80266446,4.488147,-0.00413223140495868,0.0478260869565217,0.100456621004566,0.0904977375565611,0.324175824175824,-0.170124481327801,-0.253112033195021,-0.211618257261411,241,,,,,25.7504300115642,Industrials,
8411,JP3885780001,,,JP3885780001,0.082779996,0.07063,0.07142,0.12433,-0.432,-0.0784464123840737,-0.357562143428785,-0.13249464610484,-0.189233032945027,0.0494,307698750,172044353536,14.576735,13.227513,2.1443095,-0.00881057268722467,0.0109835247129306,0.0530421216848674,0.051948051948052,0.0310590631364562,0.283950617283951,0.135802469135802,0.218107012345679,2025,,,,,1.10200118495442,Industrials,
7182,JP3946750001,,,JP3946750001,0.0473,0.07854,-0.109680004,1.04006,,-0.114138152479671,-0.064751845801198,-0.140049802255749,-0.0055733954774268,,102797170,25115344896,46.281586,59.906544,6.7081785,0.0223285486443381,0.0388978930307942,0.0525451559934319,0.0439739413680782,0.00470219435736677,,,,641,,,,,0.772563110968311,Technology,
8308,JP3500610005,,,JP3500610005,-0.0066000004,-0.20045,0.51208997,0.07628,,1.29969578563531,-0.0340486615808243,-0.09034052200717,0.299473578299191,,3324555000,213897396224,,16.880486,4.486682,0.0858670230537922,0.122625215889465,0.121850189851571,0.114540466392318,0.195292386906951,0.538461538461538,0.169230769230769,0.353846153846154,3250,,,,,,Healthcare,
8309,JP3892100003,,,JP3892100003,0.07381,-0.21922001,0.21319,0.19986,-0.037,-0.485916880047272,-0.449750142628348,-0.316942408376963,-0.165505737259634,0.0114,1029425760,219401043968,,24.865116,7.7663755,-0.00112107623318386,0.00262565641410353,0.0348432055749129,0.0561043065981825,0.161164205039096,-0.176954732510288,-0.427609427609428,-0.295735129068462,2673,,,,,,Healthcare,
7186,JP3305990008,,,JP3305990008,0.073520005,0.02753,0.04453,0.34607,0.135,1.20145035692248,-0.249571603881531,-0.142836752600612,0.415983799545306,0.0445,3101889945,651127095296,15.218978,16.35294,2.9407022,-0.0299102495149288,-0.00545144804088594,0.0274550993625897,0.0462365591397849,0.122692307692308,0.301815690304899,-0.0750256937307296,0.0913718396711203,291.9,,,2.3,Buy,0.930656995011295,Industrials,
8331,JP3511800009,,,JP3511800009,0.0448,0.04473,0.0223,0.33788,0.255,0.73169720587016,-0.182576085388721,-0.0723687764472855,0.0017558669593112,0.0161,48831300,30188238848,12.6420145,,1.1999935,-0.00422119037568594,-0.0025369978858351,0.00254993625159371,-0.0100713386487621,0.0198875918720277,,,,2359,,,,,,Consumer Defensive,
5831,JP3351500008,,,JP3351500008,0.043730002,0.03148,0.051269997,0.18655,0.025,1.00858695239181,-0.196828074784063,-0.104729324634103,-0.0342458767361112,0.0165,2375655800,718111834112,17.093977,18.822254,1.5228626,-0.0339072847682119,-0.0455378173253075,-0.0568916472717869,-0.0522349272349272,0.0393274437161585,0.192761173567316,-0.0265972031806965,0.0865094598299973,3647,,,2.4,Buy,0.908179062932633,Consumer Defensive,
7167,JP3117700009,,,JP3117700009,0.020920001,0.0117999995,-0.03091,0.10109,,0.373224913087031,-0.192147701891355,-0.0883833865814697,-0.0368584088146493,0.0067,39123840,29960230912,69.93433,6.568282,1.5016149,0.00134318334452653,0.00471698113207547,0.0087956698240866,0.00404040404040404,0.000671140939597315,,,,1491,,,,,10.647278847041,Consumer Defensive,
5844,JP3252200005,,,JP3252200005,0.02803,0.02891,0.0583,0.40638,-0.937,0.419538036425813,0.0799869725427497,0.012886042764229,0.248582224010356,0.0182,303008200,83362381824,3.3818283,,0.79907215,-0.0112528132033008,-0.0237037037037037,-0.0229799851742031,-0.0208023774145617,0.0345368916797488,,,,1318,,,,,,Consumer Defensive,
8354,JP3805010000,,,JP3805010000,0.23072,0.16136,0.22247,,0.185,-0.0701694204098295,-0.412548859061711,-0.175304844556739,-0.0178636611303529,0.0135,2225680940,401062592512,31.94735,28.222126,8.856982,0.004642166344294,0.0303511208093632,0.0210340082563397,0.0578411405295316,-0.0125475285171103,0.232190989603389,0.155179052753177,0.193685021178283,2597,,,,,1.13199657601982,Consumer Defensive,
8359,JP3769000005,,,JP3769000005,0.05441,0.05184,0.07591,0.16774,0.184,-0.175763172247693,-0.347115798416079,-0.256982240665816,-0.296813121890547,0.0228,802366890,368046440448,21.644619,18.321026,1.7735006,-0.0159297789336801,-0.00099009900990099,0.00598205383848455,0.00231788079470199,0.0338114754098361,0.189296333002973,-0.141063759497853,-0.0116727122563594,3027,,,,,1.18140867219991,Consumer Defensive,
5830,JP3149700001,,,JP3149700001,0.03971,0.03891,0.06783,0.47077,2.993,0.161465135808136,0.0452118246310573,0.266065016113096,-0.0496514620052043,0.0219,2392775500,368632168448,16.555523,4.603539,0.33288512,-0.0138169257340242,0.0173719376391982,0.0325497287522604,0.0395994538006372,-0.0730519480519481,0.48861646234676,0.225919439579685,0.313485113835377,1142,,,1.5,Strong Buy,3.59625996434482,Consumer Defensive,
8334,JP3276400003,,,JP3276400003,,0.03822,0.03129,0.3414,0.764,6.63405574566406,-0.184615384615385,-0.0714140515817558,1.11532699241577,0.0546,106019380,20479131648,11.389429,,0.6297589,-0.0026857654431513,0.0036036036036036,0.00450856627592426,0.0154968094804011,0.0773694390715667,,,,1114,,,,,,Consumer Defensive,
8377,JP3842400008,,,JP3842400008,0.031659998,0.09427,0.083739996,0.17337,0.194,0.163832183051873,-0.19453461519978,-0.207873853447387,-0.0840198109010956,0.0256,2851144230,801637990400,18.691496,15.892413,1.3470944,-0.0189895470383275,-0.0131440588853838,-0.000177556818181818,0.00769506084466714,-0.0082775625220148,0.207600781388741,-0.289646599183094,-0.108506481974782,2815.5,,,3.7,Underperform,1.17612699846147,Consumer Defensive,
8341,JP3352000008,,,JP3352000008,0.04938,0.03384,0.07835,0.16913,0.512,0.406664910308833,-0.21903768872922,-0.21971798026263,0.111083970522864,0.0253,4224797280,1181202513920,33.670868,20.802294,1.5290117,-0.00320366132723112,0.0168067226890756,0.0232558139534884,0.00276243093922652,0.0857427716849452,0.216712580348944,-0.104683195592287,0.0571625344352617,4356,,,2.1,Buy,1.61861321640777,Consumer Defensive,
7337,JP3796150005,,,JP3796150005,0.02747,0.062179998,0.02372,0.16788,0.752,0.203080605523529,-0.311255099592033,-0.286864889607417,-0.180777410207939,0.0267,520425000,223406784512,7.142857,17.355486,0.92388904,-0.0183246073298429,0.00536193029490617,0.0135135135135135,0.00942126514131898,0.0176390773405699,0.213333333333333,-0.0666666666666667,0.0533333333333333,3750,,,,,0.41156191189345,Consumer Defensive,
8418,JP3935300008,,,JP3935300008,0.023599999,0.00939,0.02025,0.14804,-0.033,1.52252575930607,0.439886480908153,0.345753124188288,0.0419515099806252,0.0332,432634180,120981471232,26.383863,13.913295,0.99574566,-0.0167483660130719,-0.00496072757337743,0.00711297071129707,0.00166458593424886,0.0246913580246914,0.0386373078520981,0.0386373078520981,0.0386373078520981,2407,,,,,1.89630587147042,Consumer Defensive,
5838,JP3967220009,,,JP3967220009,0.03444,0.02313,0.04478,0.45995,-0.008,1.15669882484077,-0.332018262810361,-0.143166509042481,-0.0879431884662391,0.0296,3646313760,564344520704,16.835167,17.669119,1.0693567,-0.0340114431023522,-0.0276755719084946,-0.0270529854330078,-0.0104200586128297,0.0133377792597533,0.332675222112537,-0.0457387298453439,0.110562685093781,6078,,,3,Hold,0.952801721466701,Consumer Defensive,
7180,JP3246500007,,,JP3246500007,0.0337,0.03916,0.022149999,0.19846,-0.274,1.05491578146199,0.534887607587532,0.594242746468176,0.650986453992861,0.0346,348105930,55397416960,5.7803903,,0.74674684,-0.00301984469370147,0.00872981230903536,0.0312360553324409,0.0271111111111111,0.0900943396226415,,,,2311,,,,,,Consumer Defensive,
5832,JP3520700000,,,JP3520700000,0.02858,0.01912,0.022880001,0.3786,-0.009,-0.353835867008931,-0.610122503635356,-0.487742911883563,0.313180107185799,0.0401,327770800,86911492096,9.407248,12.088106,0.6644406,-0.0203498750446269,-0.00399274047186933,0.00993743099006257,-0.00399274047186933,0.0329528857440417,,,,2744,,,,,0.778223486789411,Consumer Defensive,
7189,JP3658850007,,,JP3658850007,0.042480003,0.018960001,0.0078100003,,-0.891,-0.285575898479124,-0.117513780392952,0.534152007965483,0.0603290676416819,0.034,57973180,23966834688,29.499882,,1.6259729,-0.00119808306709265,0.00643863179074447,0.00846774193548387,-0.0211350293542074,-0.0176747839748625,,,,2501,,,,,,Consumer Defensive,
8303,JP3729000004,,,JP3729000004,0.03424,0.01893,0.03233,0.36613,-0.039,2.51499461465592,-0.319103148663735,-0.267279151943463,-0.365852208421083,0.0312,687594750,282334101504,13.966481,17.653738,0.96070963,-0.016798418972332,-0.00698602794411178,-0.005,-0.005,0.0173824130879346,0.0452261306532663,0.0251256281407035,0.0385259296482413,4975,,,3,Hold,0.791134489477526,Consumer Defensive,
7327,JP3483850008,,,JP3483850008,0.18304001,0.1191,0.1611,0.0396,0.031,-0.320027504679831,-0.444138971650704,-0.276582495458001,-0.163272108114682,0.0409,351859200,157280567296,13.906447,17.460318,3.9633214,-0.00226757369614512,-0.00226757369614512,0.0352941176470588,0.0377358490566038,0.0551558752997602,0.113636363636364,0.113636363636364,0.113636363636364,440,,,2,Buy,0.796460121745778,Technology,
7173,JP3584400000,,,JP3584400000,0.0959,0.14251,0.15619001,0.93028,0.584,-0.170159266943197,-0.0800818883329189,0.17144621980797,-0.317274890692904,0.0735,608556480,84315848704,14.90411,16.190477,4.1147285,0.003690036900369,0.0149253731343284,0.0542635658914729,0.0187265917602996,0.101214574898785,0.25,0.25,0.25,272,,,,,0.920547924560839,Industrials,
8304,JP3711200000,,,JP3711200000,0.17989999,0.18889,0.26782,0.12468,-0.067,0.178882796165529,-0.379593700068478,-0.25435414285654,-0.609433342195439,0.013,1056810950,758702080000,40.32173,30.912462,11.707815,0.0105401844532279,-0.00104193800468872,0.0102739726027397,0.0359265262020529,0.0334141740770682,-0.348109517601043,-0.470664928292047,-0.405149934810952,3835,,,2.4,Buy,1.30438429653387,Communication Services,
8368,JP3793800008,,,JP3793800008,0.05985,0.03583,0.03433,0.74624,0.589,0.557634817719455,-0.238549348419032,-0.371022412128433,-0.261995070518965,0.0456,329223400,208913350656,10.4822645,18.652483,1.9979087,0.0154440154440154,0.0701932858596134,0.0935550935550936,0.0823045267489712,0.231850117096019,0.140684410646388,0.121673003802281,0.131178707224335,5260,,,,,0.561976896051855,Industrials,
7389,JP3104790005,,,JP3104790005,,0.12988,0.20062,,,-0.235156352324502,-0.485118036116723,-0.397839909401261,0.384156027376717,0.0124,5469119910,1181378805760,24.44843,24.745289,2.8988113,-0.0136300417246175,0.0175035868005739,0.049112426035503,0.0642256902761104,-0.0369364475828354,0.607445008460237,-0.0975747320924986,0.165632656514383,1773,,,2.2,Buy,0.988003413498222,Healthcare,
7380,JP3392650002,,,JP3392650002,0.03888,0.28841,0.19935,0.07139,2.316,0.269093130837043,-0.278824578467029,-0.184942619990486,-0.0143900146000521,0.0259,2693113545,235488378880,14.880744,26.7188,1.0920464,-0.0126066718386346,-0.00508110220832519,0.0198317307692308,0.0226998794696665,0.052947259565667,0.217835395796504,-0.186800235710077,0.00766057748968768,2545.5,,,2.5,Buy,0.556939084090603,Industrials,
8366,JP3347600003,,,JP3347600003,0.010570001,0.6287,-0.0297,0.28817,48.364,0.176121127004239,-0.250096596111808,-0.249299382989,-0.120107635581303,0.0216,1965348000,720670097408,76.3321,10.741063,1.4049737,-0.0319539025667889,-0.00618445818768486,0.00544069640914037,0.0016260162601626,-0.0404984423676012,0.128246753246753,-0.458874458874459,-0.252705627705628,1848,,,3.8,Underperform,7.10656850257745,Consumer Defensive,
8370,JP3248000006,,,JP3248000006,0.028770002,0.05402,0.13619,0.52869,1.142,0.114106043800647,-0.322851623237039,-0.305285144462306,-0.150159888266335,0.0385,8927707600,2354886213632,14.641688,11.253232,0.73847556,-0.0212765957446809,-0.0067859346082665,0.0148124803025528,0.00311526479750779,-0.0353505092869982,0.677018633540373,0.0372670807453416,0.276894409937888,1610,,,1.9,Buy,1.30110958345123,Consumer Defensive,
8358,JP3411000007,,,JP3411000007,0.055159997,0.078099996,0.12544,0.50194,1.649,0.264470087220844,-0.258262283627725,-0.223722243696536,-0.189137775281164,0.0267,8318132730,2257182261248,11.709694,16.561047,1.666656,-0.0152117545375972,0.00956937799043062,0.0264864864864865,0.0158701854493581,-0.0268192688759822,0.357556608741443,-0.104791995787256,0.041881692118659,2848.5,,,2.5,Buy,0.707062421838426,Consumer Defensive,
8524,JP3843400007,,,JP3843400007,0.02153,0.029660001,0.04324,0.2288,-0.64,0.610481159497944,-0.280278421197851,-0.0253368091305396,-0.0586364016939218,0.0124,1326460320,478993776640,41.321224,26.73077,1.8607764,-0.00969720957846824,0.0212244897959184,-0.0130177514792899,0.0228945216680294,0.19512777645092,,,,2502,,,,,1.54582991810561,Consumer Defensive,
8361,JP3176000002,,,JP3176000002,0.049850002,0.03613,0.057529997,0.16909,-0.207,-0.455172229019496,-0.133531453064937,-0.292750092776736,-0.173684065221112,0.0248,65248040,26315280384,8.460059,29.333334,0.9822325,-0.00819672131147541,0.0386266094420601,0.0408602150537634,0.0544662309368192,0.0925507900677201,,,,484,,,,,0.28841109571793,Consumer Defensive,
8381,JP3324000003,,,JP3324000003,0.028870001,0.02214,0.03928,0.47463,,0.128158286365941,-0.206267966110644,-0.220919881305638,-0.345059504983229,0.0188,2736266900,619594645504,34.72348,40.940674,1.7032139,-0.0151709951144253,0.01162176439514,0.0396308360477742,0.0202450719232818,-0.0085425834843386,0.344647519582245,-0.268929503916449,0.087467362924282,3830,,,2.3,Buy,0.848141386240979,Consumer Defensive,
8714,JP3132600002,,,JP3132600002,0.07603,0.06302,0.11209,1.89297,0.116,0.533479201705428,-0.279704868209637,-0.197244808120566,0.251939452052549,0.0112,844441110,69583388672,20.201868,15.055574,4.1193094,-0.0289645184648805,-0.0317689530685921,-0.0044543429844098,-0.0674547983310153,-0.108970099667774,0.565995525727069,0.118568232662192,0.416853094705444,1341,,,1.7,Buy,1.34181984692181,Consumer Defensive,
8367,JP3653400006,,,JP3653400006,0.045890003,0.049569998,0.09512,0.01087,0.056,-0.195694215208728,-0.21977580162912,-0.235188937072704,-0.0520807221320373,0.0266,3930732740,1394515378176,15.55188,13.604847,1.0297235,-0.0214657415437988,-0.00199026979212738,0.0127917414721724,0.0112032265292404,-0.0118239544558791,0.384888101041436,-0.0915134057168181,0.0682271216485707,4513,,,2.9,Hold,1.14311318605788,Consumer Defensive,
8388,JP3126800006,,,JP3126800006,0.03283,-0.1074,0.08005,0.45395,0.809,-0.466522618736324,-0.406511222818627,-0.359991836258674,-0.270810597646756,0.01,252719600,95438782464,,29.617239,1.3813093,-0.0147299509001637,0.0144927536231884,-0.00165837479270315,-0.0147299509001637,0.0350756533700138,-0.302325581395349,-0.302325581395349,-0.302325581395349,3010,,,4,Underperform,,Consumer Defensive,
8522,JP3648800005,,,JP3648800005,0.01279,0.013409999,0.03247,0.59236,0.953,0.171184330252383,-0.215662790891096,-0.0191563275434243,0.0674930296617285,0.006,137527920,43018293248,43.482025,,1.3362205,-0.00347394540942928,0.00049825610363727,0.00349825087456272,-0.00297914597815293,0.0229240957717779,,,,2008,,,,,,Consumer Defensive,
7381,JP3851600001,,,JP3851600001,0.02855,0.01878,0.04217,0.54791,-0.781,2.34578529920953,-0.175087643084196,0.0241584507559618,-0.0977434992626804,0.0285,674345350,192796344320,8.285164,4.005627,0.90921956,-0.0066006600660066,0.00620821394460363,0.00476871721506915,0.0139557266602502,0.135237068965517,-0.0507831039392501,-0.0507831039392501,-0.0507831039392501,2107,,,3,Hold,2.06838130459975,Consumer Defensive,
8544,JP3281600001,,,JP3281600001,0.03697,0.01763,0.04976,1.14175,0.715,-0.174689945392931,-0.213004361218701,0.00593349925463378,0.196382296959855,0.0139,1180401240,382880022528,34.364872,23.924139,1.5467772,-0.0180815876515987,-0.0213186813186813,0.0185269899359561,0.0131968145620023,0.10359355638166,0.36986301369863,0.0330114529530654,0.166147990119021,4453,,,1.7,Buy,1.43640997905923,Consumer Defensive,
8386,JP3794200000,,,JP3794200000,0.05475,0.04241,0.07283,,0.049,0.455554746272384,-0.152059696946623,0.0401578755247309,-0.270048212133387,0.0324,566841900,201501933568,19.646479,17.322433,1.3878648,-0.00732064421669107,-0.0102189781021898,0.0164917541229385,0.018018018018018,0.0398773006134969,0.0914454277286136,0.0471976401179941,0.0693215339233038,3390,,,2.5,Buy,1.13416394798583,Consumer Cyclical,
8336,JP3912800004,,,JP3912800004,0.02131,0.011410001,0.01994,0.1438,0.055,-0.327401078314905,-0.514770800615678,-0.133803859631805,0.510961470898232,0.0269,243697200,81431543808,25.974026,,0.7235276,0.00269541778975741,0.0122448979591837,0.0122448979591837,0.00953475105693222,0.0444909755785579,,,,3720,,,,,,Healthcare,
8410,JP3105220002,,,JP3105220002,0.090299994,0.12342,0.19261,0.0109,0.104,-0.310237610187044,-0.429400343233662,-0.377012794668203,-0.424886069601586,0.0298,1276966680,664603000832,14.347569,14.7246,1.6559151,-0.00904559719401883,0.00336448598130841,0.0162817114729269,0.0052434456928839,-0.0207722169427261,0.304023845007452,-0.0126676602086438,0.147127049180328,2684,,,2.3,Buy,0.974394482702416,Consumer Cyclical,
8346,JP3601000007,,,JP3601000007,0.060650002,0.05116,0.04976,0.0498,2.075,-0.137723521320495,-0.27307371680362,-0.24078027235922,-0.263763945681256,0.0367,29173760,38703992832,Infinity,,2.3055935,-0.00861244019138756,-0.00240731824747232,0.00974658869395711,0.0107317073170732,0.00436257876878333,,,,2072,,,,,,Industrials,
8600,JP3631700006,,,JP3631700006,-0.0555,-0.05895,-0.0037200002,1.2915,,0.0287283094295748,0.372396478959532,0.269008049337231,-0.246057822695337,0.0161,535546550,111290228736,,9.917817,2.399827,-0.0127084988085782,0.012214983713355,0.0358333333333333,0.0016116035455278,-0.00798084596967279,0.0539018503620274,-0.19549477071601,-0.0541317779565568,1243,,,3.7,Underperform,,Consumer Cyclical,
7184,JP3632150003,,,JP3632150003,0.03402,0.01891,0.04242,1.48315,0.309,-0.323565429527419,-0.298148722515149,-0.179926961862472,0.310864741652846,0.0144,394420380,93769646080,10.740977,8.765341,0.9310579,0.000424448217317487,0.0319614711033275,0.0636281588447654,0.0447695035460993,0.148635477582846,,,,2357,,,,,1.2253918016424,Consumer Cyclical,
8392,JP3175200009,,,JP3175200009,0.079959996,0.0294,0.09807,0.07176,-0.105,-0.226313898583453,-0.454214098940863,-0.462174867657161,0.28512319295414,0.0288,531912200,144381247488,15.197864,10.288268,1.735366,-0.0141732283464567,-0.0234009360374415,-0.0110584518167457,-0.0279503105590062,-0.0850337247367786,0.309904153354633,0.0223642172523962,0.120340798722045,3130,,,2.5,Buy,1.47720335434497,Consumer Cyclical,
8360,JP3942000005,,,JP3942000005,0.01208,0.008590001,0.0057099997,0.47027,-0.871,-0.127273981512506,0.225181326836372,0.862632658366793,0.507643022903844,0.009,1280179600,132980531200,38.1702,14.811864,1.9458103,-0.0187683284457478,0.00119688809096349,-0.00119402985074627,-0.0250582750582751,0.0188794153471376,-0.0735206216377765,-0.276748356246264,-0.141263239689181,1673,,,3.3,Hold,2.57700178721598,Consumer Cyclical,
7322,JP3333500001,,,JP3333500001,0.10248999,0.0881,0.13551,0.00026,-0.057,-0.193396940784492,-0.323803900081037,-0.328544553321664,-0.237685577557301,0.0081,3634071000,1045055012864,28.409294,32.932503,3.5708232,-0.00757575757575758,-0.0284301606922126,-0.0211706102117061,-0.0355828220858896,-0.0236024844720497,0.208651399491094,0.132315521628499,0.170483460559796,7860,,,,,0.862652134275977,Consumer Cyclical,
8393,JP3908000007,,,JP3908000007,0.105129994,0.0754,0.12962,0.15721,0.034,-0.246088557711855,-0.332650358966468,-0.245488424618859,-0.263375055395969,0.0269,1285092800,257161969664,14.577202,7.6499357,3.1525397,-0.00402144772117963,-0.0145888594164456,0.00337609723160027,-0.0171957671957672,0.00202292650033715,0.379542395693136,0.211305518169583,0.303835800807537,1486,,,1,Strong Buy,1.90553261774475,Consumer Cyclical,
8399,JP3975000005,,,JP3975000005,0.04513,0.024419999,0.054980002,0.24884,1.375,0.191328782174829,0.173233270794246,0.110837118754056,-0.190416666666667,0.0199,658487520,266041114624,17.241144,20.25765,1.1092042,-0.00316957210776545,0.0104417670682731,0.0231801545343636,0.0277777777777778,-0.00277447483154974,-0.125596184419714,-0.125596184419714,-0.125596184419714,2516,,,,,0.851092994498375,Consumer Cyclical,
7350,JP3194750000,,,JP3194750000,0.022550002,0.00922,0.011729999,0.47254,-0.271,1.19753063324291,0.176364528231847,0.217110384879582,-0.169339130434783,0.0414,281779850,90554507264,8.936536,7.3745914,0.7325664,-0.0124132895217233,0.00371057513914657,0.0207547169811321,0.0188323917137476,0.0607843137254902,,,,2705,,,,,1.21180083278919,Consumer Cyclical,
8362,JP3803600000,,,JP3803600000,0.08653,0.0251,0.05633,2.00077,10.433,1.28391927909633,0.227106722575409,0.190774867306518,0.0938527670063426,0.089,5138732500,250611056640,25,,3.554151,0.0236111111111111,-0.0027063599458728,0.0589080459770115,0.1,0.177316293929712,,,,36850,,,,,,Technology,
8345,JP3152400002,,,JP3152400002,0.05786,0.0385,0.048660003,0.14036,-0.07,0.188728048282434,-0.282220442014985,-0.249424896869692,0.405277808707271,0.0182,118632800,84645937152,9.460749,10.995563,1.071834,-0.013681592039801,-0.00998751560549313,0.0166666666666667,0.0089058524173028,0.0799438132164487,,,,3965,,,,,0.860415151093218,Consumer Defensive,
8387,JP3350000000,,,JP3350000000,,0,0.15917,0.19757,0.213,0.0979549336194691,0.71955030417337,0.377389287401744,0.176083448269391,0.02,196614000,57805975552,13.475743,8.676092,2.5109553,-0.00881057268722467,0.00446428571428571,0.0465116279069767,0.0321100917431193,0.102941176470588,,,,675,,,,,1.55320425371239,Industrials,
8550,JP3627800000,,,JP3627800000,0.052259997,0.04237,0.06745,0.61683,1.183,-0.45474216380182,-0.470304630987165,-0.507419702704417,-0.279290950380647,0.0325,372144800,124865798144,15.948843,12.394036,2.3398306,0.0143540669856459,0.0366748166259169,0.0354090354090354,0.053416149068323,-0.0514541387024609,,,,4240,,,,,1.28681593308265,Technology,
8337,JP3512200001,,,JP3512200001,0.0941,0.07526,0.15743,0.12741,-0.149,-0.464050696232091,-0.414890265672582,-0.418305151166669,-0.333276359882712,0.0264,1136118870,164782227456,12.658409,9.858473,2.6884968,-0.00712678169542386,0.015343306482547,0.056686626746507,0.0703598867771937,0.0592236894757903,0.159803551190026,-0.244427653947866,-0.0423120513789195,2647,,,,,1.28401315294975,Consumer Cyclical,
8343,JP3107600003,,,JP3107600003,0.01417,0.03768,0.03451,1.25907,0.443,0.184598961923396,-0.224816433306579,-0.171792732452279,-0.0691727104734105,0.0307,6516686880,1221729714176,11.862387,11.107958,1.0673041,-0.00271739130434783,0.0249607261302147,0.0231747691235407,0.00136425648021828,0.059927797833935,0.345367847411444,-0.114441416893733,0.0955137942779292,5872,,,2.4,Buy,1.06791788373705,Industrials,
7384,JP3833850005,,,JP3833850005,0.0145000005,0.012510001,0.00709,0.06169,-0.497,1.11621264121264,-0.171824654547355,-0.191800034582797,-0.175324067326505,0.0306,1049085050,412739829760,10.246027,14.654044,0.8499157,-0.0123819517313746,0.00706184463941793,0.0252723311546841,0.0266143106457243,0.0707622298065984,0.0624734381640459,-0.073523161920952,-0.00552486187845304,2353,,,,,0.69919450221386,Healthcare,
8344,JP3934800008,,,JP3934800008,0.07305,0.08465,0.12189,0.10577,0.264,0.475227450862311,-0.208009680303015,-0.112580178842265,0.00873781399265974,0.0151,6172769350,1535408734208,25.064365,25.75074,2.6703973,-0.0172209026128266,-0.0128243364151506,-0.00957510472770796,-0.0235988200589971,-0.0649717514124294,0.329305135951662,-0.0936555891238671,0.141490392749245,1655,,,2.2,Buy,0.973345426189694,Consumer Defensive,
8541,JP3166400006,,,JP3166400006,0.0672,0.08513,0.12911999,0.66233,0.168,-0.153460596276938,-0.319459896028848,-0.266247693697975,-0.248077011525973,0.0102,13811233280,4672319913984,35.46171,21.126093,6.0437107,-0.00989299414496265,0.00698151950718686,-0.0140731805388018,-0.035405192761605,-0.0561970746728253,0.48858075040783,-0.255709624796085,0.253350061174551,4904,,,1.8,Buy,1.67857397958061,Consumer Defensive,
8395,JP3315200000,,,JP3315200000,0.01135,0.086780004,0.04177,0.16293,-0.648,-0.0495784992905434,-0.283295776275495,-0.323742793791574,-0.202518405686723,0.0267,27075000,22894532608,9.861673,,0.9307183,-0.00793650793650794,0.00698174006444683,0.0146103896103896,0.0118726389638424,0.0605203619909502,,,,1875,,,,,,Consumer Defensive,
8338,JP3231000005,,,JP3231000005,0.050100002,0.047620002,0.08916,0.07205,0.317,1.84425649292822,-0.239574520670349,-0.182523174871415,-0.335072045961418,0.0146,1654699200,600600084480,24.510075,24.812786,1.8609502,-0.0335219851980845,-0.0192180251822399,-0.0231023102310231,-0.0451612903225806,-0.0295081967213115,0.306306306306306,-0.00900900900900901,0.145833333333333,4440,,,2,Buy,0.987800201073753,Consumer Defensive,
8558,JP3622400004,,,JP3622400004,0.026659999,0.033800002,0.051030003,0.05919,1.967,0.641593700787401,0.219341099837154,0.0917156808345356,-0.116745827004525,0.0252,1077748800,354527936512,49.749626,25.238155,1.2373344,-0.0119343610144207,0.0101677681748856,0.0263429752066116,0.0348958333333333,0.0740540540540541,0.107196779063915,-0.169602415702063,-0.0270088827377956,3974,,,2,Buy,1.97120692855718,Consumer Defensive,
8713,JP3802940001,,,JP3802940001,0.03832,0.04443,0.06509,0.30977,-0.207,3.66866007973652,-0.162498136943607,-0.121492962201487,-0.172758465858448,0.2184,1028774720,243465764864,18.415653,12.056611,1.2618012,-0.0164413591523566,-0.0162616480906267,-0.0235763511062749,-0.0191291674257606,0.0312200727829918,0.00297176820208024,0.00297176820208024,0.00297176820208024,2692,,,3,Hold,1.52743196243123,Consumer Defensive,
8551,JP3238200004,,,JP3238200004,0.04987,0.13611001,0.15948,0.00006,-0.113,0.308290965975753,0.0416830109214031,0.126151454298115,-0.110985985985986,0.0457,478485000,164530896896,17.667845,18.787575,1.2684888,-0.00190114068441065,0,0,-0.0131578947368421,-0.00190114068441065,0.295238095238095,-0.00952380952380953,0.174603142857143,5250,,,2,Buy,0.940400504056537,Consumer Defensive,
8364,JP3358400004,,,JP3358400004,0.03255,0.04473,0.06524,0.01338,2.934,-0.554506842850401,-0.292952380952381,-0.11990472949983,0.350490196078431,0.0199,25351200,24493678592,13.77403,12.9974165,0.67002916,0.00119426751592357,0.0153411384739604,0.0349794238683128,0.0161616161616162,0.0202839756592292,,,,2515,,,,,1.0597513744366,Consumer Defensive,
8766,JP3910660004,,,JP3910660004,0.04423,0.036930002,0.03602,0.49471,0.225,0.402335028397273,-0.424287042607887,-0.300286777716761,-0.328345946879227,0.0335,2841949500,553864134656,20.243656,9.379111,1.922913,-0.00807899461400359,0.00775193798449612,0.0179640718562874,0.0317460317460317,0.00158622252435985,0.131221719457014,-0.0497737556561086,0.0369532579185521,2210,,,,,2.15837684403138,Consumer Defensive,
8591,JP3200450009,,,JP3200450009,0.01924,0.01933,0.061189998,1.24339,,-0.300794452003687,-0.315053283947471,-0.244475753050241,-0.179213604735469,0.0129,315229880,128092856320,40.486435,32.688824,1.5057862,-0.00688389169343736,-0.00642791551882461,-0.0212573496155586,-0.0114207400639561,0.0169172932330827,-0.0757855822550832,-0.0757855822550832,-0.0757855822550832,2164,,,,,1.23854057888409,Consumer Defensive,
8750,JP3476480003,,,JP3476480003,0.09099,0.13387999,0.16639,0.00574,0.225,0.875812568259764,0.0331291822615403,0.0098688936385871,-0.167414536325812,0.0226,4792259290,925103357952,13.642606,15.3932495,1.7614731,-0.0236638925097764,-0.0296960637767813,-0.0267866066966517,-0.0368941641938675,-0.0605885190545104,0.468624833110814,-0.12293314162473,0.199376912806819,9737,,,2.8,Hold,0.886271998644601,Consumer Defensive,
8630,JP3165000005,,,JP3165000005,0.03425,0.058870003,0.07285,0.34874,0.205,-0.124366070798423,-0.170586593796564,-0.107737480437651,-0.184953142869532,0.0238,3420082085,843542560768,18.832373,14.230118,1.6064876,-0.0160454621427378,-0.0175233644859813,0.00204255319148936,0.00925767186696383,0.0204541514993933,0.596738576524546,-0.116697808731102,0.0976162051978936,2943.5,,,2.5,Buy,1.32341650294116,Consumer Defensive,
8725,JP3890310000,,,JP3890310000,0.07413,0.16726999,0.31737,0.3791,0.446,0.119268390400446,-0.267180508934006,-0.259147094888463,-0.371030229917028,0.0395,23020655460,12225112702976,20.53377,22.868721,2.7823842,-0.00433776749566223,0.0156342182890855,0.0288360974152099,0.0417549167927383,-0.0204836415362731,0.219866395585245,-0.114144641301191,0.0502580598315423,6886,,,1.9,Buy,0.897897613075957,Consumer Defensive,
8604,JP3762600009,,,JP3762600009,0.0323,0.020380002,0.027679998,0.54374,-0.361,-0.400311986863711,-0.549217453697475,-0.430989421281892,-0.124100156494523,0.0442,174159700,47047249920,8.84181,13.557884,0.7903857,-0.0177151120751988,-0.0148658448150834,-0.000735564545788893,-0.00730727073438071,0.00941072707150008,0.324990798675009,0.324990798675009,0.324990798675009,2717,,,,,0.65215265154946,Consumer Defensive,
8601,JP3502200003,,,JP3502200003,0.0416,0.04033,0.07029,0.13068,,-0.339305711086226,-0.530201342281879,-0.355253308991328,-0.175440276669327,0.0151,24800400,25064247296,18.656927,16.301146,0.89270115,-0.00598802395209581,0.0035264483627204,0.0142566191446029,0.00656897422940879,0.0321243523316062,,,,1992,,,,,1.14451628124796,Consumer Defensive,
8697,JP3183200009,,,JP3183200009,0.030350002,-0.00331,0.07769,0.73052,,-0.42802283390826,-0.418079233129678,-0.231550187522684,-0.0331058459549607,0.0057,182812000,48825294848,,-140,1.4715713,-0.00568181818181818,-0.00568181818181818,0.0355029585798817,0.0204081632653061,0.0447761194029851,0.142857142857143,0.142857142857143,0.142857142857143,350,,,,,,Consumer Defensive,
8795,JP3539220008,,,JP3539220008,0.02438,0.0081400005,0.00095,0.96947,,0.495353421571388,0.340117281821318,0.258374882091362,0.872231411468179,0.0204,60260690,25729044480,23.420616,12.25,1.030563,-0.00879507475813545,-0.00353669319186561,0.00177777777777778,-0.000886524822695035,0.0199095022624434,,,,1127,,,,,1.91188702040816,Consumer Defensive,
8473,JP3436120004,,,JP3436120004,0.04323,0.03549,0.066199996,0.16966,0.11,0.323675804175024,-0.115468409586057,-0.134232065479056,0.082514435695538,0.0239,24223610,15196742656,11.324806,14.170561,0.7532412,-0.00246710526315789,-0.000823723228995058,0.0176174496644295,0.019327731092437,0.0927846207512701,,,,1213,,,,,0.799178381152306,Consumer Defensive,
8593,JP3499800005,,,JP3499800005,0.02559,0.42075002,0.54033,0.96997,-0.078,2.80515953835709,-0.32235823835655,0.0739657084364072,0.0888705575032653,0.0659,122457600,38338904064,14.7710495,,0.9474349,-0.00654205607476636,-0.0129990714948932,0.00283018867924528,-0.00561272217025257,-0.0345140781108084,,,,106300,,,0,Strong Buy,,Real Estate,
7181,JP3233250004,,,JP3233250004,0.01809,-0.52906,0.55876,1.08968,,2.3440200114649,-0.330504662268911,-0.114696197392756,-0.204256532066508,0.0564,198135000,49045393408,,47.16981,1.079673,0.00478468899521531,-0.00756143667296786,0.0184287099903007,0.00574712643678161,-0.00527559194983747,,,,105000,,,,,,Real Estate,
8729,JP3435350008,,,JP3435350008,0.050869998,0.077470005,0.14995,2.87487,0.884,-0.286165767103597,-0.205441204686952,0.149809885931559,-0.204759178291346,0.0359,280489500,53947916288,7.9874177,,1.436738,-0.00628930817610063,0.0356882738528769,0.0455882352941176,0.0128205128205128,-0.0878768441308531,0.476793248945148,0.476793248945148,0.476793248945148,1422,,,,,,Real Estate,
8253,JP3271400008,,,JP3271400008,0.01811,0.41147,0.48435003,0.83421,-0.115,1.08240387437628,-0.356957007611698,-0.108340835672298,0.570565702607561,0.0546,283179200,71731503104,19.230768,,0.9160877,-0.014985014985015,-0.0100401606425703,-0.00202429149797571,-0.00804828973843058,-0.068932955618508,0.0953346855983773,0.0953346855983773,0.0953346855983773,98600,,,,,,Real Estate,
8439,JP3424950008,,,JP3424950008,0.087,0.08011,0.21348,1.70032,,-0.259488738639856,-0.528412650184366,-0.436948500753521,0.0139717237139989,0.0085,523943860,37881561088,20.704535,15.236552,2.3033664,0.00901287553648069,0.0221739130434783,0.0594862550698513,0.0164288802421098,-0.0762278978388998,0.318587834963845,0.318587834963845,0.318587834963845,2351,,,,,1.35887272921065,Real Estate,
7164,JP3429250008,,,JP3429250008,,0.45931998,0.56261003,0.98514,-0.003,2.61797041086381,-0.301653028952762,-0.00117737394420269,0.232245754626979,0.0652,216595200,35813470208,14.880952,,0.8861723,-0.0282722513089005,-0.0282722513089005,-0.0148619957537155,-0.0262329485834208,-0.0559511698880977,,,,92800,,,,,,Real Estate,
8424,JP3826270005,,,JP3826270005,0.02784,0.18649,0.17639999,0.06497,0.654,0.499062662039807,-0.448071947763952,-0.39689197725837,-0.40249343832021,0.0192,87562500,98904809472,13.020833,,0.99016833,0.0245901639344262,0.0611205432937182,0.0787021056265102,0.0768435561681599,0.0702054794520548,,,,3125,,,,,,Industrials,
8425,JP3286500008,,,JP3286500008,0.03422,0.1415,0.25898,2.32092,0.149,0.245607920431501,-0.376984722013962,-0.360265448520753,-0.351033858832173,0.0385,3026121000,1321216376832,11.061666,12.773455,1.3946532,-0.0133257726112844,0.00403923831506059,-0.000287273771904625,-0.00684931506849315,0.0101596516690856,0.270114942528736,0.0344827586206897,0.128078850574713,1740,,,2.7,Hold,0.86598856769762,Real Estate,
8616,JP3577600004,,,JP3577600004,0.061290003,0.083859995,0.060060002,0.09746,0.288,-0.242531183449954,-0.353687965585983,-0.283877246480244,-0.0299158844325247,0.0384,42264600,21861347328,9.33716,,0.9384372,-0.00382775119617225,0.0136319376825706,0.0451807228915663,0.0306930693069307,0.075968992248062,,,,2082,,,,,,Basic Materials,
8570,JP3131400008,,,JP3131400008,0.06745,0.0292,0.08347999,0.62252,0.617,-0.229960506306957,-0.244859784716136,-0.201762300860003,0.103480698794993,0.023,259188660,88269709312,11.90452,7.1790953,1.4850217,-0.0142677297524129,0.0177642980935875,0.0682128240109141,0.0706472196900638,0.146412884333821,-0.191145168156662,-0.191145168156662,-0.191145168156662,2349,,,,,1.65822008241066,Healthcare,
8572,JP3108600002,,,JP3108600002,0.03326,0.041810002,0.0956,0.60783,3.468,-0.216252370040363,-0.509305573793976,-0.42133166660539,0.551464557703573,0.0281,326710800,101606375424,18.148624,,0.8995869,0.00595238095238095,0.0368098159509203,0.027355623100304,-0.0245310245310245,-0.0451977401129944,,,,3380,,,,,,Basic Materials,
8511,JP3714400003,,,JP3714400003,0.095649995,0.05066,0.06998,0.14318,-0.423,0.201875107357038,0.0735188135897756,0.449933132359808,0.255248090442808,0.0105,8174115870,673684127744,19.841892,29.583088,3.9090154,-0.0337257397391028,-0.0407454200884397,0.0241106052942168,-0.0228442728442728,0.084449205499018,0.613434310174514,-0.0945011524530787,0.101415870925255,3037,,,2.6,Hold,0.670717404484616,Consumer Defensive,
8609,JP3190800007,,,JP3190800007,,0.076630004,0.13449,0.21778,0.139,-0.532240056541736,-0.404844071218311,-0.464743003967017,-0.182851022272627,0.0195,1152568200,137971384320,17.391048,24.282017,3.8656356,0.00510204081632653,-0.00168918918918919,0.0497335701598579,0.053475935828877,-0.105474340240322,0.692047377326565,0.0152284263959391,0.319796954314721,5910,,,1.7,Buy,0.716211013277851,Healthcare,
547A,JP3914100007,,,JP3914100007,0.18093,0.09701,0.14508,0.17301,0.239,-0.187747719827513,-0.334188135633833,-0.175824530924253,-0.193604934031653,0.0186,3661048000,968611790848,27.395353,32.364056,8.020324,-0.00880503144654088,-0.00126742712294043,0.033307107264621,0.0548862115127175,0.0306042375098091,0.319796954314721,-0.142131979695431,0.0899861421319797,1970,,,3.1,Hold,0.846474650766888,Consumer Cyclical,
8628,JP3863800003,,,JP3863800003,0.04699,0.14039999,0.10113,0.00673,-0.43,-0.0358073680997442,-0.442071917394143,-0.381612362688512,-0.262671854197278,0.0465,306297600,160351518720,13.4411,8.612304,1.3629426,-0.0066006600660066,0.0144927536231884,0.0117647058823529,0.0172355525515377,0.0245064669843431,,,,3010,,,,,1.56068573519931,Industrials,
8698,JP3869970008,,,JP3869970008,0.0255,0.06239,0.13268,0.83507,-0.05,-0.124874724393666,-0.299677379466945,-0.293966502372075,-0.160104765260212,0.021,3357886350,650942087168,23.641521,20.966982,1.5903693,-0.0147765053564832,0.0121442125237192,0.0230149597238205,0.0257692307692308,-0.0854702715083803,0.0498687664041995,-0.250093738282715,-0.0757405324334458,2667,,,3,Hold,1.12755956007403,Consumer Cyclical,
8595,JP3389900006,,,JP3389900006,0.05104,0.04856,0.08866999,0.01753,0.355,-0.0713936848274683,-0.420970029626273,-0.332220046934357,-0.319391038979054,0.0184,314876600,137203015680,19.120403,21.28145,1.2856234,0.00461538461538462,0.00153374233128834,-0.00305343511450382,-0.00457317073170732,0.0574986586980614,0.0107197549770291,0.0107197549770291,0.0107197549770291,3265,,,,,0.898453958729316,Consumer Cyclical,
8566,JP3974100004,,,JP3974100004,0.07574,0.05092,0.07427,0.00282,0.164,0.281973918068829,0.0239731724614967,0.0833228113637272,-0.103526176858777,0.0221,4270241790,994705080320,18.08366,18.211277,1.8526006,-0.0101761252446184,-0.00256359692368369,0.0224378411158278,-0.000395256916996047,0.0324556031843233,0.482799525504152,-0.0431000395413207,0.20007908264136,2529,,,1.8,Buy,0.992992418928118,Healthcare,
7148,JP3166990006,,,JP3166990006,0.084300004,0.075289994,0.109680004,0.01872,0.272,-0.289687877923172,-0.667745415318231,-0.614551697932646,-0.607322836651763,0.0072,162056160,83321462784,34.48446,17.174446,3.6448586,-0.00178507675830061,-0.00886210563629919,-0.00320855614973262,-0.00886210563629919,0.0833010461061604,-0.186337625178827,-0.186337625178827,-0.186337625178827,2796,,,,,2.00789358795038,Consumer Cyclical,
8584,JP3388600003,,,JP3388600003,0.25377,0.21019,0.31862,0.20357,0.052,-0.16071391240203,-0.387721564690232,-0.315713156064518,-0.454211634920858,0.0344,2875032020,1011603275776,21.45891,6.790953,10.391236,0.000861326442721792,0.00562527044569451,0.0430879712746858,0.0501581563488477,0.0117544623421855,0.462994836488812,-0.242685025817556,0.0664169535283993,1162,,,2.9,Hold,3.15992615469434,Consumer Cyclical,
8707,JP3149950002,,,JP3149950002,,0.14458999,0.14643,0.12073,0.23,0.555002054443438,-0.16308022178669,-0.202877196762158,0.169374392049808,0.0182,7230567040,1143656022016,15.408349,20.41246,1.9226876,0.000911023382933495,0.0335528378802132,0.0460171374166931,0.0557335041639974,-0.0884955752212389,0.304611650485437,-0.271844660194175,0.145159071601942,3296,,,2.3,Buy,0.754850174844188,Consumer Cyclical,
8715,JP3122440005,,,JP3122440005,0.0299,0.02954,0.064619996,1.02185,0.951,-0.102618614551591,-0.47953424627969,-0.442848152973128,-0.126274805701855,0.0243,708030240,145427382272,13.004024,13.762004,0.682504,-0.00543150271575136,0.0332288401253919,0.017283950617284,0.0104230533415083,0.0104230533415083,0.516990291262136,0.0922330097087379,0.304611650485437,1648,,,,,0.944922265681655,Basic Materials,
8613,JP3874800000,,,JP3874800000,0.07873,0.12276,0.18843001,0.0037,0.186,0.0280258185344972,-0.574973966053254,-0.446254453403338,-0.373616622574956,0.0258,325682500,109582483456,19.53125,8.373267,2.0873516,0.00154083204930663,0.015625,0.0108864696734059,-0.0284005979073244,-0.123989218328841,0.969230769230769,0.969230769230769,0.969230769230769,3250,,,,,2.33257222061592,Consumer Cyclical,
7199,JP3833710001,,,JP3833710001,0.037720002,0.04617,0.07981,0.3652,,0.174244477897169,-0.216631810059537,-0.211235829886433,-0.151645061806385,0.0148,1876771945,380497231872,15.847866,22.292906,1.1961259,0.0272037115141291,0.0800443458980044,0.0897091722595078,0.0550140784058913,-0.0236520344758469,0.519195237117635,0.149661260521454,0.334428248819544,2435.5,,,,,0.710892783560833,Industrials,
8585,JP3199000005,,,JP3199000005,0.0312,0.07892,0.07581,0.05396,-0.225,0.159898710865562,-0.311150363616111,-0.157355568790947,-0.309523809523809,0.0058,313677200,177849171968,14.471817,,1.3214911,0.0125223613595707,0.0491195551436515,0.0659133709981168,0.0281562216167121,0.113077679449361,,,,11320,,,,,,Industrials,
7157,JP3966660007,,,JP3966660007,0.0585,0.0223,0.024600001,0.21659,-0.167,0.502675539395603,1.50526952837937,1.08785313239779,-0.0168580873308734,0.0294,1511317540,319713968128,10.319783,12.506694,1.9003296,-0.0118984664198837,0.00673491379310345,0.00863697705802969,0.00511027434104357,0.000535475234270415,-0.0634198554990634,-0.0634198554990634,-0.0634198554990634,3737,,,,,0.825140760619873,Technology,
7172,JP3389470000,,,JP3389470000,0.06099,0.35814,0.23341998,0.26786,0.842,0.131364759961144,-0.321419194279728,-0.251726942445429,0.0632966793941371,0.0091,14757265600,560638853120,13.422818,10.391012,3.1631432,0.0709318497913769,0.0679611650485437,0.0864197530864198,0.00489396411092985,0.0555174777244688,0.948051948051948,0.0714285714285714,0.57323237012987,3080,,,1.8,Buy,1.29177196600293,Consumer Cyclical,
8771,JP3130300001,,,JP3130300001,0.02996,0.01018,0.030079998,0.33826,-0.189,-0.0737865312551978,-0.474842885919712,-0.390345312326381,-0.337887755045967,0.0385,1176399000,399572402176,17.182697,8.069637,0.81208473,-0.0141062376019396,0.0056205035971223,-0.0031201248049922,0.00970654627539503,0.0172845121673869,0.251956181533646,-0.105745584618824,0.0356583948133244,2236.5,,,3.5,Hold,2.12930234656156,Consumer Cyclical,
8624,JP3142300007,,,JP3142300007,0.047519997,0.025339998,0.04196,0.33573,1.145,0.534166001292727,-0.120259317135966,-0.0189880925224691,-0.173223407694795,0.0196,3439357040,729965789184,26.316467,14.961206,2.5456243,0.0388818297331639,0.0679205851619645,0.0869449614464238,0.15122500704027,0.103373819163293,,,,4088,,,,,1.75898032551654,Technology,
471A,JP3164810008,,,JP3164810008,0.03337,0.01763,0.030150002,1.30094,-0.387,-0.253684943988851,-0.45422114341406,-0.345528963674606,-0.185598130225821,0.0382,76286400,34586652672,10.570922,10.379428,1.0359938,0.00144927536231884,0.00582241630276565,0.022189349112426,0.0206794682422452,0.0647149460708783,0.186685962373372,0.186685962373372,0.186685962373372,3455,,,1,Strong Buy,1.01844937890604,Consumer Defensive,
8739,JP3399900004,,,JP3399900004,0.06091,0.03418,0.05485,0.00881,0.063,-0.0880015405083678,-0.475919660211648,-0.41819791897277,-0.444703526082722,0.0291,199947000,213187477504,12.547051,,1.3814635,-0.0149253731343284,-0.0134529147982063,-0.00302114803625378,-0.0119760479041916,0.0107197549770291,,,,3300,,,,,,Healthcare,
8706,JP3256970009,,,JP3256970009,0.17712,0.14563,0.23301001,0.17117,0.105,-0.157822747518676,-0.378318958227634,-0.280457878198414,-0.022217519106408,0.0536,89616440,56099799040,11.454743,10.575415,2.894128,-0.00573770491803279,0.00165152766308836,0.0120984564038381,0.00873180873180873,-0.0146222583265638,,,,2426,,,,,1.08314832089332,Utilities,
8793,JP3164740007,,,JP3164740007,0.0075499997,0.011390001,0.0040599997,0.04809,-0.482,-0.217141599735945,-0.38872223737236,-0.23992745601432,0.0223837121555132,0.0429,94688640,77744537600,10.717804,,0.68523777,-0.0109090909090909,0.0124069478908189,0.0388287714831318,0.0290037831021438,0.0375079465988557,,,,1632,,,,,,Healthcare,
8614,JP3611800008,,,JP3611800008,0.083780006,0.07113,0.07633,0.01974,0.893,0.892769547728834,0.735363499892773,0.62662903908565,0.283700658520803,0.0153,322255500,68918452224,13.587182,,1.9552443,-0.00457317073170732,0.0847176079734219,0.0971102150537634,0.0757825370675453,0.0775577557755776,,,,3265,,,,,,Industrials,
8622,JP3905400002,,,JP3905400002,0.00987,0.00312,-0.0019,0.88647,,-0.679305316187193,-0.607514024876295,-0.463456721402728,-0.560024007030631,0.0253,15348960,17611909120,18.692472,,0.8492824,0.00763358778625954,0.0193050193050193,0.0421052631578947,0.0206185567010309,0.0127877237851662,,,,792,,,,,,Healthcare,
8708,JP3101850000,,,JP3101850000,0.04443,0.01854,0.05037,1.308,14.604,0.271193198809507,-0.0915317683133227,-0.033338504980296,0.202302670117477,0.0255,619981400,165613420544,21.551409,18.921871,1.6911063,0.0333333333333333,0.130518234165067,0.105065666041276,0.16403162055336,0.335600907029479,,,,5890,,,,,1.1389681813178,Technology,
7383,JP3758270007,,,JP3758270007,0.05644,0.045739997,0.075440004,0.45948,0.233,2.21771424195838,1.35817891917832,1.27762490638708,0.514381604607919,0.0274,711156510,165828182016,16.80601,19.026062,1.7308574,-0.0121082621082621,0.0183553597650514,0.0491679273827534,0.0452147701582517,0.245062836624776,0.0454217736121125,0.0454217736121125,0.0454217736121125,1387,,,,,0.883315212575256,Industrials,
7187,JP3386590008,,,JP3386590008,0.056350004,0.03855,0.05609,0.02532,0.565,0.190694521542337,-0.137974037963987,-0.103698950836729,1.23496915162551,0.0251,374106790,68213501952,15.575384,5.644049,1.2263486,-0.00502933780385583,0.0321739130434783,0.0384951881014873,0.0330722367275892,0.168307086614173,,,,1187,,,,,2.75961176098932,Industrials,
7388,JP3167010002,,,JP3167010002,0.063200004,0.025969999,0.04634,0.31554,0.684,0.0270668485675307,0.281237850866962,0.628409947249435,1.1291331702202,0.0111,116167800,20411054080,22.37041,14.899268,2.386978,-0.0139393939393939,0.0343293070565798,0.0633986928104575,0.016875,0.130646282140375,,,,1627,,,,,1.50144356085145,Consumer Defensive,
7198,JP3126290000,,,JP3126290000,0.03773,0,0.02489,,-0.138,-0.202702702702703,-0.371851851851852,-0.11345962113659,0.11866902237927,0.0432,19616930,35006017536,16.528175,,1.576699,0,0.00712025316455696,0.0224899598393574,0.0184,0.0200320512820513,,,,1273,,,,,,Healthcare,
8798,JP3122100005,,,JP3122100005,0.06883,0.023729999,0.03838,1.37051,0.604,-0.186227778096426,-0.0494010852059006,-0.03364588643502,-0.390607532676763,0.0155,1665547950,228042440704,13.105965,15.31617,2.6894023,-0.00308430431802605,-0.0155668358714044,-0.00205831903945112,-0.0138983050847458,-0.156811594202899,1.16569267789618,0.0312822275696116,0.497078033688553,2909,,,,,0.855694667792274,Consumer Cyclical,
8802,JP3899600005,,,JP3899600005,0.04414,0.03974,0.065570004,0.70461,0.324,-0.257844649617094,-0.460889461899688,-0.463127926560011,-0.378174104691484,0.0083,2998136820,741850021888,38.912083,62.347095,3.8086567,-0.0045773573390296,-0.0139056831922612,-0.0118146016358679,-0.0317601662214307,0.0512407347728005,0.226241569589209,-0.386879215205396,-0.0374003678724709,3262,,,3,Hold,0.624120225649647,Consumer Cyclical,
8801,JP3893200000,,,JP3893200000,0.04188,0.08349,0.10744,0.10852,0.337,0.243408728231458,-0.505789489302353,-0.393591880850752,-0.442023910486143,0.0323,132761850,129158840320,13.298016,,0.9539268,-0.00501756146512795,0.00813421453990849,-0.00701051577366049,-0.00301659125188537,0.00506842372022301,,,,1983,,,,,,Consumer Cyclical,
8830,JP3409000001,,,JP3409000001,0.0054,-0.0051200003,-0.0029499999,0.2828,,-0.333395566770958,-0.353099036224659,-0.346411908039076,0.635520104623483,0.019,314937680,174172094464,,56.82432,0.8465176,-0.00825471698113208,-0.0175233644859813,-0.00237247924080664,-0.00237247924080664,0.0625663576505397,0.0107015457788347,0.0107015457788347,0.0107015457788347,841,,,,,,Consumer Cyclical,
1878,JP3486800000,,,JP3486800000,0.02517,0.45327,0.50244,1.11011,0.097,3.5883766391355,-0.0361399828358921,0.167449392712551,-0.00453735932399741,0.0419,984127500,288237715456,45.045048,6.0410047,1.8855333,-0.0112262521588946,-0.0188517566409597,-0.0137812230835487,-0.023037542662116,-0.0161155387552868,0.337117903930131,0.0305676855895197,0.197707423580786,114500,,,3.3,Hold,7.45654907369961,Real Estate,
3003,JP3360800001,,,JP3360800001,0.028889999,0.08158,0.13367,2.11464,-0.361,0.638479475888809,-0.0978636135619227,-0.0352924943622558,0.00482508621457763,0.0484,3368419600,777330425856,9.41639,2.052647,0.97213393,-0.0151515151515152,0.00408254690154146,0.00886917960088692,-0.00741708975077378,0.00931679751721759,0.351648351648352,-0.010989010989011,0.192407692307692,910,,,2.3,Buy,4.58743758668685,Real Estate,
3289,JP3569200003,,,JP3569200003,0.02071,0.52557,0.6012,0.9443,-0.037,5.90211221066188,0.312198483804273,0.419156441717791,-0.125494879077373,0.0511,861715200,227975462912,19.15709,24.991812,1.1293403,-0.0138211382113821,-0.0225624496373892,-0.0296,-0.0365369340746624,-0.0441292356185973,0.236603462489695,0.0717230008244023,0.175597691673537,121300,,,3,Hold,0.766534655430347,Real Estate,
8804,JP3582600007,,,JP3582600007,0.07058,0.07096,0.15626,0.96606,1.08,0.679666467027568,0.0790405484923228,0.0141615886625874,0.402027527641628,0.0587,362980900,54859239424,11.300021,,1.6095308,-0.00999091734786558,0.00646352723915051,0.0205992509363296,0.010194624652456,0.013953488372093,,,,1090,,,,,,Real Estate,
3288,JP3173540000,,,JP3173540000,0.024719998,0.44316003,0.51988,1.18829,0.248,0.236677020111056,-0.24367197770292,-0.0215076717811874,-0.241038593028774,0.059,1008513000,339319455744,16.233767,20.572315,1.3703787,-0.00959409594095941,-0.0168498168498169,-0.0117820324005891,-0.0139603232916973,-0.0303468208092486,0.289120715350224,0.102831594634873,0.184798807749627,134200,,,2,Buy,0.789107448529735,Real Estate,
3231,JP3762900003,,,JP3762900003,0.02575,0.44561002,0.49659002,0.9961,0.266,2.99981400071336,-0.108838796060234,0.032446609576233,-0.180291934399006,0.0466,1414111500,397896122368,22.321428,12.47909,1.616347,-0.0203651685393258,-0.0210526315789474,-0.0244755244755245,-0.0305767894371091,-0.043865661411926,0.376344086021505,0.139784946236559,0.271889462365591,139500,,,2.7,Hold,1.78870638804592,Real Estate,
9706,JP3699400002,,,JP3699400002,0.020380002,0.46251,0.54929,0.98467,0.223,0.00235646603010048,-0.116384227857885,0.0717608312324215,-0.0534029982594703,0.0499,739180000,308921335808,19.493177,7.427044,1.148966,-0.00914634146341463,-0.00763358778625954,-0.00459418070444104,-0.0144048521607278,-0.0793201133144476,0.307692307692308,0.130769230769231,0.216666692307692,130000,,,,,2.62462118172452,Real Estate,
3291,JP3131090007,,,JP3131090007,0.02118,0.60415,0.51084,0.88241,0,1.76403275684343,-0.474032578363498,-0.316137360904243,-0.062737277761235,0.053,1952004600,636179120128,20.53388,26.483347,1.4155934,-0.00970873786407767,-0.00599700149925038,0.000754716981132075,-0.0045045045045045,-0.0323349764771333,0.319758672699849,0.085972850678733,0.21078431372549,132600,,,1.8,Buy,0.77535063827091,Real Estate,
4666,JP3780100008,,,JP3780100008,0.021659998,0.40478,0.49363,1.15698,0.09,-0.0100100221212616,-0.300818620959458,-0.229851326653618,-0.374007466496561,0.0441,647521800,234944806912,50,8.393013,1.3898302,-0.0062047569803516,-0.0143589743589744,-0.0102986611740474,-0.0203873598369011,-0.0283114256825076,0.269510926118626,0.196670135275754,0.238293444328824,96100,,,3,Hold,5.95733617951027,Real Estate,
8919,JP3932950003,,,JP3932950003,0.022880001,0.43245998,0.47377998,0.72955,-0.058,1.60056069718075,-0.43549789654281,-0.121655451657407,-0.00492128132378331,0.046,1374692800,711396294656,24.038462,9.652916,1.4325062,0.00236406619385343,0.004739336492891,0.00952380952380953,0.00593119810201661,-0.0396375990939977,0.273584905660377,-0.0212264150943396,0.163207547169811,84800,,,2.1,Buy,2.4902798283959,Real Estate,
8850,JP3399200009,,,JP3399200009,0.02239,0.42242,0.52091,0.71792,0.431,0.550056120067145,-0.287004286416494,-0.0478210116731517,-0.0414223541048467,0.0567,409035300,138432577536,19.455252,21.431162,0.9460776,0.00127118644067797,-0.00126796280642435,0.0154705629565965,0.0038232795242141,-0.00253271422541157,0.28650021159543,0.100296233601354,0.169064748201439,236300,,,,,0.907802012788667,Real Estate,
3498,JP3211050004,,,JP3211050004,0.07067,0.07839,0.10939,1.3642,0.04,0.470969254164809,-0.242317340392833,-0.181401527731651,0.34311271998725,0.027,2041358220,833265205248,7.739941,9.918815,1.4240557,-0.026184058529072,-0.00157915515199368,0.0231962238705327,0.00251057082452431,-0.1,0.687096349018057,0.146698299723211,0.379552787663108,7587,,,2,Buy,0.780329202631564,Real Estate,
8923,JP3595070008,,,JP3595070008,0.031630002,0.07361,0.16304001,2.06122,-0.163,0.236309431463784,-0.418713027471935,-0.357903796301929,-0.186962802699424,0.0391,3028070400,912936075264,9.452075,11.77878,1.002434,-0.019532746074301,-0.00233826968043648,-0.00427849085958771,-0.0180283851169927,-0.00813638124757846,0.3828125,-0.140625,0.18892046875,1280,,,2.3,Buy,0.802466384464266,Real Estate,
8848,JP3167500002,,,JP3167500002,0.02412,0.43889,0.50192,1.06018,-0.098,0.345635802840033,-0.246798979007137,0.0706504570645504,-0.0161837408230618,0.0644,267953000,73804185600,12.836971,,0.9897478,0.00264550264550265,0.0120160213618158,0.0298913043478261,0.0243243243243243,0.0134464658686723,0.0949868073878628,0.0949868073878628,0.0949868073878628,75800,,,,,,Real Estate,
3480,JP3386630002,,,JP3386630002,0.03383,0.04508,0.06765,0.82629,0.892,1.16198845832627,-0.294382154273258,-0.220087056930385,-0.0787271530596811,0.0415,1077389690,613314658304,9.690023,10.801012,0.5994634,-0.0314204669430504,-0.0157427937915743,-0.00157444894287,-0.0117987533392698,-0.00359147025813693,0.220995719756702,-0.00878576255913494,0.121874296012615,2219.5,,,3.4,Hold,0.897140286484267,Consumer Cyclical,
8803,JP3834800009,,,JP3834800009,,0,0.33574,0.77554,,4.55097237240061,0.40166677898331,0.529690854443967,0.0342123643881057,0.0575,1049326500,234436444160,16.920473,17.119291,0.96761626,-0.00888888888888889,-0.019349164467898,-0.0227870289219982,-0.0354671280276817,-0.0731504571903574,0.312107623318386,0.201793721973094,0.237309417040359,111500,,,2.6,Hold,0.988386318101608,Real Estate,
8934,JP3336950005,,,JP3336950005,,0.47472,0.55394,0.9759,0.022,0.342835045851287,-0.0934367454452331,0.225414872608372,0.140529429162969,0.0547,511078400,211968000000,17.54386,21.59916,1.0797629,-0.000678886625933469,-0.0040595399188092,-0.00203389830508475,-0.00540540540540541,-0.0176265788069786,0.263586956521739,0.120923913043478,0.20414402173913,147200,,,,,0.812247328136835,Real Estate,
8818,JP3279000008,,,JP3279000008,0.02963,0.53744,0.59453,1.00916,-0.199,0.248249878990601,-0.368143782941336,5.36751704975947E-05,-0.136754147235404,0.057,366297300,147707625472,11.210762,4.73286,1.0553001,-0.00247218788627936,-0.0037037037037037,0.00749063670411985,0,-0.0158536585365854,0.27633209417596,0.115241635687732,0.177199504337051,80700,,,3,Hold,2.36870771584201,Real Estate,
2337,JP3120010008,,,JP3120010008,0.03945,0.12053,0.0014599999,0.00046,,-0.0770849214819332,-0.357032457496136,-0.321324863883848,0.170295472418829,0.0208,122727300,80208044032,17.007174,,1.0818018,-0.00476947535771065,0.0228758169934641,0.0364238410596027,0.0212071778140294,-0.0398773006134969,0.150159744408946,0.150159744408946,0.150159744408946,3130,,,1,Strong Buy,,Industrials,
3465,JP3277620005,,,JP3277620005,0.026129998,0.51674,0.60523,0.97944,0.206,2.41310192578422,-0.359646291242382,-0.0556140618939599,-0.100904161646927,0.0753,1083074600,303860285440,13.10616,19.96104,1.0478158,-0.0139664804469274,-0.0180806675938804,-0.00842696629213483,-0.0208044382801664,-0.0485175202156334,0.31728045325779,0.0198300283286119,0.201133144475921,70600,,,,,0.656587031537435,Real Estate,
2353,JP3728000005,,,JP3728000005,0.0052300002,-0.082609996,-0.01302,2.00062,,-0.117979839992386,0.330965713461564,0.395552468650556,0.614946352708487,,783926550,28811251712,,,0.846617,-0.0198019801980198,-0.0198019801980198,-0.0294117647058824,-0.0198019801980198,-0.0198019801980198,,,,99,,,,,,Basic Materials,
166A,JP3464310006,,,JP3464310006,0.04088,0.0184,0.015700001,0.17914,0.056,0.171901833334413,-0.242331467619754,-0.113203366058906,-0.0643868866954031,0.0264,582762840,224251166720,17.064621,13.33243,1.5346164,-0.0122539172358377,0.00655066530194473,0.0144419228388694,0.031682752832564,0.00285539465633286,0.492780150498271,-0.0929428513321131,0.138905836892414,2458.5,,,2.7,Hold,1.27993329048043,Healthcare,
3252,JP3714200007,,,JP3714200007,0.02795,0.03562,0.0519,1.04359,0.382,0.198793454721312,-0.300606662593449,-0.238732390818033,-0.0711161906461269,0.0297,14299862800,4579458547712,17.00623,17.51344,1.2658354,-0.0167924069116573,-0.00980392156862745,0.00597609561752988,-0.00419028839043628,-0.000458339101834154,0.485148514851485,-0.0693069306930693,0.124381188118812,2020,,,2.5,Buy,0.971038813619711,Consumer Defensive,
8897,JP3460800000,,,JP3460800000,,0,0.07806,1.33997,0.062,-0.370871124798619,-0.52320300648676,-0.529537749256141,0.00634581004421325,0.0066,728284610,343211769856,68.49685,20.026316,7.049952,-0.00522875816993464,-0.00911458333333333,0,-0.0231065468549422,0.0125628465141315,,,,761,,,,,3.42034201397801,Consumer Cyclical,
8877,JP3688350002,,,JP3688350002,0.03783,0.03395,0.0021799998,,-0.776,-0.16952264381885,-0.212029842668831,-0.197633136094675,-0.15016204913748,0.0451,59960130,26802790400,9.532987,10.980899,0.70062935,-0.00561009817671809,0.0133396855645546,0.0325242718446602,0.0325242718446602,0.0255544840887175,,,,2127,,,,,0.868142672107266,Technology,
8892,JP3688330004,,,JP3688330004,,0.02481,0.038039997,0.22553,-0.347,1.30813591022444,-0.177126169354661,-0.115392757488786,-0.323258567513631,0.0222,3529794345,979358318592,14.992717,3.46067,1.1177243,-0.0263513513513514,-0.0507246376811594,-0.0371937639198218,-0.0750962772785623,-0.0860055627327054,0.387925052047189,0.0964607911172797,0.234739301411057,2161.5,,,2.4,Buy,4.33231628557476,Healthcare,
3482,JP3982600003,,,JP3982600003,,0,0.07591,1.72517,-0.321,-0.179230595950242,-0.0731156240968919,-0.0562815711548511,-0.0476373140409632,0.0027,1524556520,391381581824,208.38014,41.076042,4.094248,0.0255760368663594,0.0262854507724233,0.0455719990603712,0.0490219184539241,0.0630523047528063,0.0334756234554033,-0.258593574477645,-0.0938365985171872,4451,,,,,5.07303357027437,Consumer Cyclical,
3284,JP3802060008,,,JP3802060008,0.04227,-0.04948,0.27015,0.77463,,0.490765791727976,-0.325375469263394,-0.279637193019679,-0.165841800249551,0.0296,1081949400,326413713408,,4.7074537,0.78626764,-0.0261870503597122,0.00924545183417835,0.0257653834495302,0.0282588878760255,0.00564635958395245,0.099290780141844,-0.261229314420804,-0.0650118203309693,1692,,,,,,Industrials,
3245,JP3548720006,,,JP3548720006,0.02977,0.03509,0.06971,0.4626,0.925,0.147803316953001,-0.237290648715669,-0.251004081555667,0.159092002442545,0.0184,4881140160,1817914376192,23.582767,18.445166,1.0004264,-0.0196386488609584,0.0175295556461476,0.00889248181083266,0.0212765957446809,-0.039630627164294,0.362179487179487,-0.22275641025641,0.125437019230769,1248,,,2,Buy,1.27853373615613,Consumer Cyclical,
8935,JP3166930002,,,JP3166930002,0.029460002,0.00912,0.060700003,0.41476,2.377,1.40942885597394,-0.404957987578936,-0.380148654640499,-0.0546487178647692,0.0306,2730552030,531186384896,64.93555,9.364211,0.7028878,-0.0310524869469635,-0.0089938167509837,-0.00198131899235777,-0.0126015121814618,-0.0649695041103156,0.588201928530913,-0.21724333522405,-0.00737379466817924,1763,,,3.1,Hold,6.93443900399083,Basic Materials,
8871,JP3306800008,,,JP3306800008,0.038429998,0.06098,0.098409995,0.56856,1.736,0.168541084548003,-0.174533058996798,-0.191307961187579,-0.147509799154108,0.0275,6902144000,2133725020160,13.679891,15.958508,1.0175223,-0.00744416873449132,0.0204081632653061,0.0309278350515464,0.021059349074665,-0.0396158463385354,0.5625,-0.125,0.227083375,1600,,,1.6,Buy,0.857216163315518,Industrials,
8841,JP3538400007,,,JP3538400007,0.027509999,0.051960003,0.029930001,0.00614,-0.533,0.958119824436228,-0.34927915631829,-0.318576748034754,-0.0692300074976304,0.0478,104240640,41012449280,12.7386465,,0.9961855,-0.00947567909033481,0.00127713920817369,0.0116129032258065,0.00319897632757518,-0.0101010101010101,,,,1568,,,,,,Industrials,
2975,JP3399340003,,,JP3399340003,0.10014,0.16827999,0.22908,0.16579,0.014,0.197008589199329,-0.43172512017091,-0.353080671004872,-0.309290056846233,0.0336,582097590,169664184320,16.863697,20.947138,2.5401502,0.0134991119005329,0.0292207792207792,0.0367005813953488,0.0277377521613833,-0.0676470588235294,0.43708377146863,0.402032947774273,0.419558359621451,2853,,,,,0.805059717465937,Industrials,
3475,JP3273750004,,,JP3273750004,-0.011519999,-0.06612,-0.02728,0.57301,,-0.296020586209329,-0.419206135712452,-0.392518296194148,-0.404089367140995,0.0066,31811925760,1058989473792,,61.50721,1.8639065,0.0559721011333915,0.0439579382865023,0.023318688746198,-0.0301089045483664,-0.145598194130926,0.816380449141347,-0.52443857331572,0.283437912813738,3028,,,2.7,Hold,,Technology,
2980,JP3161320001,,,JP3161320001,0.04778,0.12163,0.19145,0.07188,0.063,-0.240705260499128,-0.163764860359288,-0.208259938109974,-0.160648995392271,0.0095,1172006000,154259177472,16,16.185293,1.7168907,0.0157618213660245,0.0881801125703565,0.0964083175803403,0.045045045045045,-0.150805270863836,,,,5800,,,,,0.988551767335939,Technology,
3232,JP3332510001,,,JP3332510001,,0.39203998,0.48698002,1.01045,0.03,0.49029619755541,-0.222881169788823,0.142707240293809,-0.0322407089248576,0.0591,112924000,48750923776,16.611296,36.183292,1.1324257,0.00465477114041893,0.00856697819314642,0.0140955364134691,0.0196850393700787,-0.00613967766692249,0.0888030888030888,0.0888030888030888,0.0888030888030888,129500,,,,,0.459087470537507,Real Estate,
8864,JP3266050008,,,JP3266050008,0.01939,0.39173,0.50434,1.20923,-0.001,-0.190180382731842,-0.497430181435383,-0.392408794988331,6.10729388698522,0.0689,370848000,34511998976,16.638935,,0.8961353,-0.0062111801242236,-0.0062111801242236,0.00734522560335782,0.00418410041841004,-0.0706679574056147,,,,96000,,,0,Strong Buy,,Real Estate,
3496,JP3119880007,,,JP3119880007,0.01002,0.029260002,-0.00693,2.32781,,-0.650692679486991,-0.523018898246777,-0.244202021472248,-0.107383441650184,0.0498,81814720,18431023104,12.690774,8.815664,0.96918553,-0.00323974082073434,0.00764192139737991,0.013172338090011,0.00544662309368192,-0.00216216216216216,,,,923,,,,,1.4395709727594,Real Estate,
8881,JP3677900007,,,JP3677900007,0.02308,0.3957,0.44407,1.08417,-0.134,5.4706130221628,0.731997957382498,0.739270660846003,0.554392972371331,0.0626,347342100,73078620160,10000,,0.904389,-0.00810185185185185,-0.0115340253748558,-0.0149425287356322,-0.0261363636363636,-0.0359955005624297,,,,85700,,,0,Strong Buy,,Real Estate,
3276,JP3695050009,,,JP3695050009,0.01818,0.347,0.38504001,0.87031,-0.163,1.12529365700861,-0.341423488047992,-0.0109360734680726,-0.00895697540858836,0.0487,1304711100,653743423488,22.172949,23.576725,1.0894929,-0.0147058823529412,-0.0188284518828452,-0.0126315789473684,-0.0201949860724234,-0.0378616526516876,0.350390902629709,0.151385927505331,0.292679459843639,140700,,,1.8,Buy,0.940459245293823,Real Estate,
8860,JP3815000009,,,JP3815000009,0.02708,0.44055,0.54765,0.92614,-0.592,1.39664979933694,-0.486956989440092,-0.207693892457813,-0.14927117847106,0.0556,105700800,35467059200,13.717422,,0.8639545,-0.0260791366906475,-0.021680216802168,-0.0225631768953069,-0.021680216802168,-0.0118613138686131,,,,108300,,,,,,Real Estate,
4809,JP3781700004,,,JP3781700004,,0.48266,0.55444,0.83958,-0.012,4.98944732484595,-0.157575198768733,-0.036093493591165,0.17051359954789,0.0559,1003135800,241242210304,19.569471,20.559504,1.1843116,-0.0259467040673212,-0.0238931834153197,-0.0211416490486258,-0.0327298050139276,-0.042518713462071,0.331893448524118,0.259899208063355,0.303095752339813,138900,,,,,0.951845482264553,Real Estate,
8918,JP3968800007,,,JP3968800007,0.01222,0.47403,0.083450004,0.96061,,2.14395837786459,1.64851142795072,1.30958845124072,0.0504490312376433,0.0644,720435500,146441502720,15.698587,17.671854,1.0129132,-0.00909090909090909,0.0130111524163569,0.0400763358778626,0.0321969696969697,0.0263653483992467,0.192660550458716,0.192660550458716,0.192660550458716,54500,,,,,0.888338427875196,Real Estate,
8869,JP3920850009,,,JP3920850009,0.021949999,0.33244,0.46307,1.11096,-0.017,0.633583521929699,0.0574886611877122,0.256143268308283,0.10329213058103,0.0725,156195000,27445665792,15.797789,34.83387,0.91455066,-0.00408580183861083,-0.0081383519837233,0.00102669404517454,-0.00306748466257669,-0.0394088669950739,,,,97500,,,0,Strong Buy,0.453518055846221,Real Estate,
8999,JP3274030000,,,JP3274030000,,0.34297,0.49305,0.65094,,0.704687643125401,-0.279115916624449,-0.0997901171473794,-0.0610182142126235,0.0515,729091600,327765360640,28.248589,27.61382,1.0147641,-0.0029382957884427,-0.00779727095516569,-0.00196078431372549,-0.00876338851022395,-0.0387157695939566,0.306483300589391,0.18860510805501,0.239685658153242,101800,,,3.2,Hold,1.02298736647085,Real Estate,
3457,JP3765420009,,,JP3765420009,,0.39703,0.55459,0.93964,0.027,-0.217187038895119,-0.400981956847504,-0.0507993990060486,-0.119275251158034,0.0297,95533200,28921337856,13.5685215,39.964157,0.8232942,-0.00888888888888889,-0.00149253731343284,0.0245022970903522,0.0182648401826484,0.0229357798165138,,,,66900,,,,,0.339517270438108,Real Estate,
1435,JP3153950005,,,JP3153950005,0.04583,0.03664,0.0114400005,3.40332,,0.611997507599932,0.863410447037976,0.734323844586155,0.274234731098077,0.031,219126600,42629623808,22.026106,10.040568,3.0391092,-0.0132890365448505,0.00405679513184584,0.0399159663865546,0.0421052631578947,-0.0249507550886408,,,,1485,,,,,2.19371115259615,Real Estate,
6620,JP3907850006,,,JP3907850006,,0.41222998,0.50265,1.06939,0,0.179078670821431,-0.192326464853283,0.147046804912989,0.627775772961999,0.0636,302327500,79158763520,15.673982,21.380732,0.9005525,-0.00717703349282297,-0.00598802395209581,0.00241545893719807,0.00484261501210654,0.0184049079754601,,,,41500,,,,,0.733089119680281,Real Estate,
