Ticker,Name,Fee,Bought,ROA,Net Margin,Operating Margin,Debt To Equity,Earnings Growth,Dividend yield,Vol 1D,Vol 3D,Vol 5D,Vol 30D,Avg Volume,Market cap,PE ratio,Forward PE ratio,PB,Price 1D,Price 3D,Price 5D,Price 7D,Price 10D,Price 15D,Price 20D,Price 30D,Target high %,Target low %,Target mean %,Current price,Avg Rating 1D,Avg Rating 7D,Avg Rating Score,Avg Rating Label,Growth,Sector,Note
1332,Nissui Corporation,,,0.036510002,0.02955,0.037320003,0.86984,-0.087,0.0253,0.18435337070679989,-0.27940157676693494,-0.33529716290035616,-0.24580065373410745,1719865875.0,382880710656,14.005991,14.212541,1.2757537,-0.014057008980866849,-0.03145377828922133,-0.02396598376497874,0.014056224899598393,-0.019036519036519036,0.010404161664665866,-0.014057008980866849,-0.04752923425122595,0.5445544554455446,-0.1603960396039604,0.2818482376237624,1262.5,,,,,0.9854670603940562,Consumer Defensive,-
1605,Inpex Corporation,,,0.0841,0.19073999,0.48582,0.26123,-0.107,0.0321,-0.3615015851653872,-0.10384015155308526,-0.27854972000881073,-0.30310549150881594,15014326420.0,3906119925760,10.162675,12.522355,0.7988075,-0.01925882696235775,0.0243828101188662,0.036705737199259715,0.048673946957878314,0.019411586290567183,-0.023986207425589583,-0.04016628330227583,-0.05215090421086992,0.47277595953585244,-0.14311216899732224,0.24502987206188634,3361.0,,,2.3,Buy,0.8115626014435784,Energy,-
1721,COMSYS Holdings Corporation,,,0.05756,0.05757,0.0919,0.00592,0.306,0.0253,0.05288685782073583,-0.03938563756406574,-0.17369290526153325,-0.37792669923856326,2863070720.0,616032174080,17.211658,21.085934,1.538731,-0.0011240164855751218,-0.020752984389348025,-0.021830856723536966,-0.016417635122671095,-0.01277541196074801,-0.016417635122671095,0.004710759374411155,-0.017867010499171117,0.03150787696924231,-0.23105776444111029,-0.08477119279819954,5332.0,,,,,0.8162625378605471,Industrials,-
1801,Taisei Corporation,,,0.045679998,0.081379995,0.09922,0.4708,0.814,0.027200000000000002,-0.20263114436291055,-0.19728607417387212,-0.2161693080935241,-0.15986510462736536,9949000500.0,2273977303040,13.605376,29.306723,2.3985226,-0.0071174377224199285,-0.06186953597848016,-0.04778156996587031,-0.02888966237382527,-0.0035714285714285713,-0.05647615826851539,0.04299065420560748,-0.004282655246252677,0.5842293906810035,-0.24014336917562723,0.1715309677419355,13950.0,,,,,0.46424078188475726,Industrials,-
1802,Obayashi Corporation,,,0.03934,0.06719,0.06892,0.27078,-0.137,0.0291,-0.2510322180683355,-0.3045637428348919,-0.29785951828379126,-0.1424959447014116,7963621500.0,2216934244352,12.936741,23.376339,1.7618676,-0.007386888273314866,-0.0427426536064114,-0.024205748865355523,-0.006775485063135201,0.007183010618363523,-0.01676829268292683,0.04538087520259319,-0.0061633281972265025,0.4573643410852713,-0.06976744186046512,0.2054263565891473,3225.0,,,1.6,Buy,0.5534117639207747,Industrials,-
1803,Shimizu Corporation,,,0.02865,0.061529998,0.07021,0.56674,0.815,0.030899999999999997,-0.38753949074103927,-0.08441228702046169,-0.13828550630206538,-0.2587715721233331,6945700200.0,1692909174784,13.351009,30.351923,1.7310314,0.00020064205457463884,-0.0555134520651762,-0.0409772989611389,-0.02617698769290877,-0.0250342264815177,-0.02446183953033268,0.012799674928890694,-0.07048293865373859,0.3640922768304915,-0.07723169508525576,0.20934226680040127,2492.5,,,2.3,Buy,0.4398735790150759,Industrials,-
1808,HASEKO Corporation,,,0.04435,0.043070003,0.09186,0.75428,0.063,0.0359,-0.04239991877822756,-0.37170505463406966,-0.3850031579404121,-0.15414880587432248,2269699575.0,737960984576,13.623706,13.116797,1.3113824,0.002696871628910464,-0.027889140665853233,-0.012920353982300885,0.005227108868060562,-0.022436459246275197,0.02142857142857143,0.036231884057971016,0.028018433179723502,0.3627398242782858,0.022054868208714364,0.16639770485924332,2788.5,,,2.3,Buy,1.0386457913467746,Consumer Cyclical,-
1812,Kajima Corporation,,,0.04196,0.05781,0.07143,0.58009,0.085,0.0253,-0.2548343051693004,-0.3518919294703323,-0.24722178927680802,-0.20159265088147968,11021414400.0,2657085554688,15.174667,21.611887,1.8966821,-0.009458297506448839,-0.054031860732468386,-0.06005221932114883,-0.03323262839879154,-0.0015600624024961,-0.033719174635128336,0.04328925919217533,-0.02488572879634332,0.5972222222222222,-0.0625,0.27108137152777784,5760.0,,,1.3,Strong Buy,0.7021444726228672,Industrials,-
1925,"Daiwa House Industry Co., Ltd.",,,0.04966,0.06286,0.16343,1.0625,0.426,0.0291,-0.3029462475098044,-0.2810260148143625,-0.1382760873985107,0.10391343945494673,10579862700.0,2790777946112,7.955508,9.572773,0.9634194,-0.003097345132743363,-0.015297202797202798,0.0006662225183211193,0.02618993395581872,0.018535262206148283,0.032775613110245246,0.04790697674418604,0.03968620212275035,0.3759431868619618,0.020861074123391034,0.1478521970705725,4506.0,,,2.6,Hold,0.83105574528927,Real Estate,-
1928,"Sekisui House, Ltd.",,,0.04611,0.06105,0.083739996,0.84768,0.752,0.042300000000000004,0.040109092170740844,-0.0878495542176686,-0.04254977222934256,0.2354363494373258,9975863350.0,2239662915584,8.710889,9.153288,1.0370433,-0.0057553956834532375,-0.018465909090909092,0.002902757619738752,0.02735652691049658,0.0344311377245509,0.05625191073066341,0.05047126786257221,0.03042051893826424,0.2590448625180897,-0.015918958031837915,0.10789516642547028,3455.0,,,2.0,Buy,0.9516677504302279,Consumer Cyclical,-
1963,JGC Holdings Corporation,,,0.02726,0.05614,0.048699997,0.08159000000000001,2.338,0.0223,-0.06384272915198753,-0.01851049741160824,-0.16243045064602296,-0.38248560149053035,3832648920.0,564842332160,13.513279,19.174877,1.315367,0.00042835724994645533,-0.05598221503637833,-0.06336474834569882,-0.059214501510574016,-0.08123524783634933,-0.14041221935958778,-0.07996848532597992,-0.1440351841671248,0.4557910511667737,-0.22928709055876687,0.10468850353243417,2335.5,,,,,0.704738757907026,Industrials,-
2002,Nisshin Seifun Group Inc.,,,0.0356,0.03767,0.043530002,0.17003000000000001,1.393,0.032400000000000005,-0.0678021978021978,-0.22166191184152373,-0.24098588282925157,-0.13864607811807572,1524182660.0,560207298560,17.66755,15.719891,1.0839334,-0.01547911547911548,-0.01741049534085336,0.003254882323485228,0.030606995884773662,0.004512409125094008,0.04186167446697868,0.018556176919166244,0.01959287531806616,0.07312203643623659,-0.0017469428500124782,0.04317444472173696,2003.5,,,3.0,Hold,1.1238977420390508,Consumer Defensive,Momentum
2269,"Meiji Holdings Co., Ltd.",,,0.04768,0.02989,0.07977,0.13771,,0.0292,0.1136338877805995,-0.20454911292298006,-0.3164677399181661,-0.14326514555974684,3163378770.0,1022325489664,29.153458,18.008596,1.3232511,-0.01899063475546306,-0.02959341224909933,-0.012310110005238345,-0.004224980195405334,-0.003961965134706815,0.05305780508237922,0.011805741883552455,0.0007961783439490446,0.3259082471492973,-0.045346062052505964,0.13438822593476538,3771.0,,,2.3,Buy,1.6188634583173502,Consumer Defensive,-
2282,NH Foods Ltd.,,,0.03559,0.02406,0.0044299997,0.41426999999999997,,0.0292,-0.1475477625435502,-0.08754036649914963,-0.1382210868403188,-0.04350342468278377,3277783940.0,580426072064,17.064734,17.92494,1.0809902,-0.008681672025723473,-0.024367088607594938,0.00801046264508746,0.03300385324174904,0.01231324905598424,0.04014844804318488,0.016317784737102357,0.00982640026203734,0.31365553032760296,0.005514109633473889,0.10079468050600066,6166.0,,,2.6,Hold,0.9520106622393159,Consumer Defensive,Momentum
2413,"M3, Inc.",,,0.07247,0.13974,0.117860004,0.13544,-0.054,0.0118,-0.5502380211289526,-0.45203660609815494,-0.45563989107373076,-0.306328136291451,6284265900.0,1248093405184,25.771776,26.099092,3.057404,-0.0026666666666666666,-0.028319043907508445,0.005106154259607632,0.05263157894736842,0.05859043305972261,0.14198473282442747,0.16149068322981366,0.31320224719101125,0.7647058823529411,-0.1443850267379679,0.1541889304812833,1870.0,,,1.8,Buy,0.9874587207861484,Healthcare,Momentum
2432,"DeNA Co., Ltd.",,,0.04704,0.12896,0.01705,0.06409,-0.733,0.0262,-0.24976004691478346,0.049421443498744,0.15648004793344197,-0.08267875904696602,3970643010.0,235694342144,14.727912,26.419651,1.1619372,-0.013134679474612821,-0.053759398496240604,-0.05518018018018018,-0.004154302670623145,0.046352109748493034,0.06924384027187766,-0.057479872683018164,-0.05482538490424334,0.7481128327373858,-0.17759237187127533,0.18196265395311878,2517.0,,,,,0.557460505439682,Industrials,-
2501,Sapporo Breweries Limited,,,,0.04551,-0.01935,0.96136,,0.020099999999999996,0.21371778806510883,0.3446251626667972,0.3770173416019875,-0.015362386959594685,3059863020.0,777149153280,51.551594,11.586748,3.6159394,-0.03695652173913044,-0.025421657296504523,0.05003950487226758,0.06490384615384616,-0.025659824046920823,0.11956998426435607,0.20286039256667981,0.26364523118535915,-0.24755455229495862,-0.4983697015299724,-0.36593930273388514,1993.5,,,4.2,Underperform,4.449185742194445,Consumer Defensive,Momentum
2502,"Asahi Group Holdings, Ltd.",,,0.025940001,0.0,0.08355,0.49973999999999996,-0.292,0.0392,0.41738314320000097,0.8909919691983536,0.38554973223209527,0.01155583353236499,11523624420.0,2312792702976,19.456066,11.050534,0.8453031,-0.027974177682139563,-0.018317292766221672,0.0180296200901481,0.04528925619834711,0.028627195836044242,0.058422843111007816,0.07433632634940796,0.05529662014737834,0.7077798861480076,0.012017710309930424,0.3082437065148639,1581.0,,,1.8,Buy,1.7606448701936033,Consumer Defensive,-
2503,"Kirin Holdings Company, Limited",,,0.04696,0.061079998,0.08403,0.57663,0.114,0.0268,0.10993375267821417,0.0536864001295198,-0.1504375004625393,-0.1834787714681335,8964210750.0,2264883527680,15.575931,16.494186,1.7372752,-0.02859099469268961,-0.013731965930818704,0.008352585747289852,0.03767373811265545,0.005137289636846767,0.03704068610389726,0.05686276970784723,0.05764028668282811,0.1455763130066972,-0.15403595347197743,-0.028463165315474093,2837.0,,,2.4,Buy,0.9443285652289845,Consumer Defensive,-
2768,Sojitz Corporation,,,0.01155,0.03758,0.0189,1.21453,-0.326,0.0353,-0.2003514056824521,-0.2689165349700467,-0.17456058273275632,-0.32634265672914686,5483928000.0,1061107204096,10.3092785,9.647579,0.97316337,-0.009131532931804935,-0.026717557251908396,-0.024296919839295963,-0.01143632486916069,-0.034639409426462237,-0.037190862752501413,0.0037394213737453256,-0.053978853644963826,0.7843137254901961,0.0,0.2895424509803922,5100.0,,,2.2,Buy,1.0685871035624583,Industrials,-
2801,Kikkoman Corporation,,,0.067779996,0.08264,0.08737001,0.10798999999999999,0.23,0.0154,-0.17555274292680947,-0.3522984071756389,-0.30748415475609764,0.11881638156829002,5862706610.0,1500064645120,24.508024,25.190603,2.6742783,-0.023816701839011155,-0.03544831694965743,-0.007661661048115232,0.00809464508094645,-0.008876645240281604,0.0512987012987013,-0.006138735420503376,0.16223977027997127,0.23533045089561458,-0.07350216182828907,0.06598727609635577,1619.0,,,2.1,Buy,0.9729034275201749,Consumer Defensive,Momentum
2802,"Ajinomoto Co., Inc.",,,0.05678,0.085039996,0.06745,0.5717,,0.0087,-0.25606435614794293,-0.22554860329631016,-0.23669857953669143,0.07280486600698698,24491715050.0,5470593482752,41.492905,24.688751,7.125991,0.0017479461632581717,-0.017149717029669012,-0.07069888114155992,-0.07190283400809716,0.0017479461632581717,-0.010189982728842832,0.1110895696006204,0.1123835403726708,0.23887628686093176,-0.36311289478276043,0.02761919385796548,5731.0,,,1.9,Buy,1.6806401020448545,Consumer Defensive,-
2871,Nichirei Corporation,,,0.04614,0.03817,0.047420003,0.40979,0.319,0.023399999999999997,-0.012938255604798922,0.01645434608055804,0.019510194273308478,0.2728784271781565,2737367160.0,534817341440,19.569004,9.056572,1.8677455,-0.016816401750748677,-0.03044070876874148,-0.013863216266173753,0.01619047619047619,-0.025570776255707764,0.04250122129946263,0.0016428068528514432,0.1712403951701427,0.14807872539831302,-0.015932521087160263,0.07778819119025304,2134.0,,,2.0,Buy,2.1607517723041347,Consumer Defensive,Momentum
2914,Japan Tobacco Inc.,,,0.07012,0.15314001,0.32724997,0.48292999999999997,0.251,0.039599999999999996,-0.2025320306268223,-0.036961200872141865,-0.018980975571288188,0.1290700009945262,29312419320.0,10859862556672,21.739285,20.314837,2.6580374,-0.011154219204655674,-0.016401350699469366,0.009905894006934125,0.02376569037656904,0.027894471517392036,0.02738691693205712,0.010421826941891383,0.012060188081898925,0.19339545528854013,-0.051822788948831126,0.09114686938041523,6117.0,,,2.1,Buy,1.0701186034620902,Consumer Defensive,-
3086,"J. Front Retailing Co., Ltd.",,,0.0255,0.06239,0.13268,0.8350700000000001,-0.05,0.0177,-0.34714025252798064,-0.37036442864092584,-0.2973498702788367,0.922564916851459,8423236800.0,781340377088,28.090088,24.90566,1.8891226,-0.021316033364226137,0.017994858611825194,-0.001575795776867318,-0.05206463195691203,-0.028816676885346414,0.2639138240574506,0.3230319482146586,0.4612546125461255,-0.16351010101010102,-0.3686868686868687,-0.25315656565656564,3168.0,,,3.0,Hold,1.127859611028176,Consumer Cyclical,-
3092,"ZOZO, Inc.",,,0.22459,0.20986,0.25539,0.18728999999999998,0.173,0.0344,-0.4199400267475524,-0.3442417109142979,-0.41102798844516214,-0.18307008439850933,5519726760.0,1024206897152,21.457602,6.788031,9.61841,-0.011068539804171988,-0.018588931136459652,0.01,0.03474387527839644,0.03382287494437027,0.0431073192635833,0.06755514705882353,0.17299534001333997,0.4636246233318984,-0.2423590185105467,0.05674705122686191,1161.5,,,2.9,Hold,3.161093695653423,Consumer Cyclical,Momentum
3099,Isetan Mitsukoshi Holdings Ltd.,,,0.04127,0.13947,0.15761,0.11003,3.086,0.0208,-0.07458366840567532,0.0010315307062346176,0.11527887241735447,0.22467212329524996,9130594740.0,1342352392192,17.953632,23.7877,2.1756024,-0.0005204267499349467,0.024266666666666666,-0.02214867617107943,-0.03878878878878879,-0.06749210973537266,-0.007749935417204857,0.022902796271637816,0.13103651354534745,0.0934652434261911,-0.3751627180421765,-0.11597091903150224,3841.0,,,2.4,Buy,0.7547443426644862,Consumer Cyclical,-
3132,"Macnica Holdings, Inc.",,,0.04171,0.022869999,0.04196,0.26803,2.558,0.0246,-0.4129192061545595,-0.30031149078028957,-0.21322822761486843,-0.20284663662609217,1884247200.0,581401313280,20.920073,11.916265,2.0843909,0.02615820989599748,0.02422145328719723,0.025511811023622048,0.014014325755216444,0.022613065326633167,-0.028059701492537312,0.027129337539432176,0.04694533762057878,,,,3256.0,,,,,1.755589775823213,Technology,Semiconductor
3289,Tokyu Fudosan Holdings Corporation,,,0.03126,0.0776,0.15165,1.9931800000000002,0.149,0.0385,-0.13162730256005742,-0.2593322248708883,-0.22711141612014274,-0.03739148286468434,4170374550.0,925841752064,9.587423,11.953621,1.0309131,-0.00612088752869166,-0.029510646245797533,-0.025871766029246346,0.010894941634241245,0.02243211334120425,0.0023148148148148147,-0.01925254813137033,-0.015163002274450341,0.3625866050808314,-0.15319476520400307,0.17642940723633568,1299.0,,,2.5,Buy,0.8020517799585581,Real Estate,-
3382,"Seven & i Holdings Co., Ltd.",,,0.02576,0.02807,0.027460001,1.03991,-0.062,0.0297,1.3923161925198315,0.2956804037482811,0.12258898851123665,-0.08896409110360634,16299981165.0,4673188134912,17.007404,17.526443,1.2667754,-0.003696402168555939,-0.017258142926592123,-0.0012351778656126482,0.03773100616016427,0.061991069083267666,0.0452430196483971,0.03879753340184995,0.08712019360043022,0.48404650012367056,-0.020529309918377443,0.13498639624041553,2021.5,,,2.4,Buy,0.9703853771127433,Consumer Defensive,-
3401,Teijin Limited,,,-0.043309998,-0.10078,-0.33618,0.9126000000000001,,0.0301,-0.37001444087915836,-0.4653464011553697,-0.3353277073588856,-0.4483209578976013,1358944125.0,320722698240,,4.625379,0.8799918,-0.011299435028248588,-0.03984984117816922,-0.032586558044806514,0.02465331278890601,0.014028667276608722,0.04264659767952336,0.01464754348489472,0.006660611565243718,0.022556390977443608,-0.24812030075187969,-0.08330827067669173,1662.5,,,3.4,Hold,,Industrials,-
3402,"Toray Industries, Inc.",,1.0,0.026199998,0.03076,0.106479995,0.46973,14.434,0.020099999999999996,0.1504807615597159,-0.2650468190585903,0.05533347930599869,-0.17815122851775508,5669884750.0,1665006829568,21.597353,16.885899,0.92421293,-0.0030541012216404886,-0.02392140111063648,-0.026416702172986792,0.015555555555555555,0.003513394817742644,-0.014236410698878344,-0.002183406113537118,-0.041526845637583895,0.40043763676148797,-0.15098468271334792,0.1521782056892778,1142.5,,,1.8,Buy,1.279017066251551,Consumer Cyclical,-
3405,"Kuraray Co., Ltd.",,,,0.00401,0.07402,0.39771,-0.309,0.032,-0.36097144607476916,-0.4284601110344802,-0.16389985486930803,0.06281981525680605,3196925760.0,507987001344,71.440674,8.955224,0.6858713,-0.0029568302779420462,-0.010853622763273688,-0.02374059061957151,0.018731117824773415,0.019038984587488667,-0.002548350007102622,0.0029817034080884476,0.047613080782422185,0.66073546856465,-0.18149466192170818,0.03532354685646497,1686.0,,,,,7.977541823632777,Basic Materials,-
3407,Asahi Kasei Corporation,,,0.03545,0.05165,0.0704,0.46694,0.048,0.0239,-0.2819197634470003,-0.05083954552258572,-0.10679642980527937,-0.12615467113755488,8030162160.0,2490248462336,15.747627,18.372232,1.196368,-0.004862236628849271,-0.020993887855434493,-0.0037858301784748512,0.03338008415147265,0.026755852842809364,0.027615062761506277,0.029913335197092536,0.03077783995523223,0.248642779587405,-0.23995656894679696,0.05546503800217156,1842.0,,,1.6,Buy,0.857142833815728,Industrials,-
3436,Sumco Corporation,,,-0.00897,-0.056939997,-0.07279,0.5838,,0.0038,0.24661662320439798,0.1029236206656696,0.3821550018454762,0.06130949496589536,105418034400.0,1833896116224,,106.52042,3.2210293,0.15404929577464788,0.1474835886214442,0.02944640753828033,0.10890251638824276,0.37710084033613445,0.23595937244263768,0.439302136851418,0.3164173659963953,0.2395118230358505,-0.7520976353928299,-0.33352402745995424,5244.0,,,2.6,Hold,,Technology,Semiconductor
3659,"NEXON Co., Ltd.",,,0.06959,0.23958999,0.38206002,0.04776,1.246,0.0263,0.002547434935875891,0.0034378350424889657,-0.09312076032617767,-0.05607509380355077,5205949420.0,1789368729600,20.0,13.64343,1.7016034,0.0055078211059704785,-0.0235344458707745,-0.0030581039755351682,0.04367710953578779,0.08331355328744362,0.03975719681750205,0.05975248218491229,0.03325869063133311,0.8404907975460123,-0.0052585451358457495,0.30299925503943914,2282.0,,,2.3,Buy,1.4659070336418334,Communication Services,Momentum
3697,SHIFT Inc.,,,0.12186,0.060310002,0.1086,0.52001,-0.112,,-0.4402021450419363,-0.3765428102751011,-0.28998235176181747,-0.26389515103593214,4521868065.0,172916850688,21.055088,0.9209595,4.482953,-0.0147101310006868,-0.04164899192129396,-0.04516584333098095,0.05951448707909162,0.09643435980551053,0.0709197196885381,0.048349624666413495,-0.03591280001231663,0.8477457501847746,0.03473762010347376,0.31770672579453063,676.5,,,2.1,Buy,22.862121515658398,Technology,Momentum
3861,Oji Holdings Corporation,,,0.008119999,0.029860001,0.01688,0.8408100000000001,,0.0441,-0.42426470084891504,-0.40824607878608127,-0.3357942884207203,-0.06986314695798859,3583127855.0,693060108288,13.350237,10.688932,0.64898914,-0.010547996995306081,-0.017930204572803823,0.002333563945569743,0.027057670619997715,0.033823124854544764,0.014166754840356349,0.03173198482932999,0.04333928312953821,0.2253400318588408,-0.019727974512927366,0.07013025364538658,816.1,,,,,1.2489776340611018,Basic Materials,-
4004,Resonac Holdings Corporation,,,0.016280001,0.026659999,0.07192,1.3053299999999999,0.572,0.004,-0.46770659157350475,-0.3530627711682935,-0.29190755601576207,-0.2163469201393653,39578966500.0,2922883842048,101.00694,64.80998,4.116812,0.025396825396825397,0.030303030303030304,-0.07714285714285714,-0.1354389721627409,-0.06809001731102135,-0.12180532898314302,-0.0471976401179941,-0.1372863247863248,0.5219814241486068,-0.628482972136223,0.27141386996904016,16150.0,,,1.6,Buy,1.558509044440378,Basic Materials,-
4005,"Sumitomo Chemical Company, Limited",,,0.01946,0.02617,-0.18815,0.93109,,0.0298,-0.2767568355140619,-0.20758826876811062,-0.21213843721185147,-0.12710191241034524,6445239648.000001,887138418688,14.452517,13.792041,0.87953687,-0.0024141132776229423,0.0026129381092338793,-0.030324909747292336,0.028724602532222664,0.054781097340950054,-0.010316853203586688,-0.03014988929045166,-0.11963292485524148,0.5822784810126581,-0.06924795234549525,0.22058823529411764,537.2,,,2.0,Buy,1.047888198708226,Basic Materials,-
4021,Nissan Chemical Corporation,,,0.115830004,0.17778999,0.22062999,0.14841,0.316,0.0262,-0.07901042198835186,0.3792476881917684,0.26622176534093595,0.013504853429312015,5766795000.0,1085110419456,21.978024,25.119396,4.2555137,-0.007109585682765384,-0.031679617453676034,-0.06108728410803292,-0.046161092793217146,-0.033528218589667105,-0.0007401924500370096,0.0772709136853305,0.0787055533359968,0.16049382716049382,-0.2716049382716049,-0.013717444444444392,8100.0,,,1.9,Buy,0.8749423752067925,Basic Materials,Semiconductor
4042,Tosoh Corporation,,,0.04364,0.040799998,0.09717,0.24905000000000002,0.846,0.037000000000000005,-0.25872784123888587,-0.1588725058487273,-0.17804706853380525,-0.09187205517371883,3693325850.0,832843939840,20.450592,12.249796,1.0012648,-0.0012922281705741185,-0.017078488372093022,-0.04298602511940563,-0.04803800809431638,-0.07694932605357448,-0.08937889244234977,-0.05469159531714136,-0.016363636363636365,0.5157116451016636,-0.07578558225508318,0.14315053604436234,2705.0,,,2.4,Buy,1.669463883316914,Basic Materials,-
4043,Tokuyama Corporation,,,0.044770002,0.063540004,0.105,0.54403,-0.485,0.0258,-0.38319572232238897,-0.3051976362130262,-0.26335932707064985,-0.17296765683112403,2811250120.0,334688878592,15.082839,11.057235,1.1822912,0.015277171540811872,0.003667745415318231,-0.07514910536779323,-0.06866866866866866,-0.07625099285146943,-0.09211553473848556,-0.010212765957446808,-0.08909340121401997,0.354256233877902,-0.21109200343938092,0.043995378331900314,4652.0,,,,,1.3640696792643006,Basic Materials,Semiconductor
4061,Denka Company Limited,,,0.024530001,0.04085,0.085880004,0.65436,,0.0256,-0.42724157654183,-0.27938354542976424,-0.35954842264623454,-0.16258324863085402,3147695460.0,337299472384,21.505909,21.321926,1.0855836,-0.0015310028068384791,-0.038102261553588986,-0.07120816520294328,-0.06877677296525464,-0.11148955495004541,-0.11849515656679432,-0.02879126334077935,-0.1259772168863078,0.3544594939943777,-0.19243547150523896,0.15799897776641963,3913.0,,,1.8,Buy,1.0086288171153017,Basic Materials,-
4062,"Ibiden Co.,Ltd.",,,0.0356,0.15308,0.14062999,0.35685,2.473,0.0017000000000000001,-0.2680293260897358,-0.021938840690800553,-0.09618170798095324,0.09793266324524785,169381576000.0,5668684169216,94.33962,65.7043,10.305348,0.039959016393442626,0.020356873586328223,-0.13043478260869565,-0.2127205739771185,-0.15416666666666667,-0.1734527687296417,0.06254907092384193,-0.11739130434782609,0.47783251231527096,-0.6896551724137931,0.0603448275862069,20300.0,,,1.8,Buy,1.4358210954229782,Technology,-
4063,"Shin-Etsu Chemical Co., Ltd.",,,0.07028,0.18433,0.21435,0.0524,-0.062,0.014499999999999999,0.052360230486574975,-0.20851783652250472,0.017123071502595386,-0.11842333472082538,54840122400.0,13612964904960,28.985508,22.199982,3.0443172,0.0442225392296719,0.022632020117351215,0.05202644438056913,0.008403361344537815,0.07095830285296269,0.0013679890560875513,0.018363939899833055,-0.05645784996133024,0.3128415300546448,-0.04371584699453552,0.1047091120218579,7320.0,,,1.6,Buy,1.3056545721523558,Basic Materials,Semiconductor
4151,"Kyowa Kirin Co., Ltd.",,,0.06589,0.1428,0.14547,,0.951,0.0265,-0.17564983152072314,-0.050916324203316196,-0.10618252982757505,-0.004147247520827718,3344298300.0,1382528712704,20.618317,19.035604,1.5486339,-0.012341062079281975,-0.027076809725547983,-0.008447531443589262,0.02983037629167479,0.05072607917246867,0.055280928164166535,0.11550740388183942,0.06897221985881412,0.09806891329042029,-0.31843998485422187,-0.1566555471412344,2641.0,,,3.5,Hold,1.0831448794585137,Healthcare,-
4183,"Mitsui Chemicals, Inc.",,,0.02327,0.020599999,0.08766,0.80491,,0.0359,-0.3443738567880969,-0.4263638536637937,-0.3982706350782723,-0.31911806240880486,3258804240.0,754798231552,22.779839,4.5819616,0.88882756,-0.006896551724137931,-0.03221320973348783,-0.04307974335472044,-0.018104867152598167,-0.03176443310920473,-0.022929340196537203,0.013592233009708738,-0.04286041714416686,0.7241379310344828,-0.14272030651340997,0.1314655172413793,2088.0,,,2.5,Buy,4.971634637880859,Basic Materials,-
4186,"Tokyo Ohka Kogyo Co., Ltd.",,,0.03951,0.061279997,0.08284,,0.082,0.0077,0.055442505814557466,-0.18177894054850474,-0.2719612136799035,-0.2877846305307035,8138494350.0,1242768867328,37.3137,53.102104,3.0296955,0.023703703703703703,0.030318091451292245,-0.04514048825426071,-0.08919156414762741,-0.07165248544558889,-0.0649766917221697,0.050190213992720736,-0.05521037800183781,0.37964302942595274,-0.4211287988422576,0.1135231066087795,10365.0,,,,,0.702678372216664,Technology,Semiconductor
4188,Mitsubishi Chemical Group Corporation,,,0.02654,0.00319,0.14125,0.78293,,0.0276,-0.289271428037685,-0.11020784520185709,-0.10423338925321539,-0.1938060617639486,7516542715.0,1577952870400,,12.738539,0.89571184,-0.005139186295503212,-0.026811897779639715,-0.0012897678417884782,0.04170403587443946,0.06121516674280494,0.06315789473684211,0.07496529384544193,0.012641673931996512,0.4636246233318984,-0.31123547137322427,0.02375462763667662,1161.5,,,2.6,Hold,,Basic Materials,-
4203,Sumitomo Bakelite Company Limited,,,0.047280002,0.08758,0.113199994,0.07801999999999999,0.324,0.0167,-0.4762353799667003,-0.34091010659971865,-0.3127707963503531,-0.3043196582042625,3013056000.0,631695867904,22.522524,25.960915,1.8194739,0.007697690692792162,-0.0031842724629655267,-0.0407673860911271,-0.046104928457869634,-0.0546218487394958,-0.06614785992217899,0.1111111111111111,0.043478260869565216,0.25,-0.20833333333333334,0.007407430555555518,7200.0,,,1.3,Strong Buy,0.8675550919526527,Basic Materials,Semiconductor
4208,UBE Corporation,,,0.01307,0.05163,0.03687,0.78731,-0.805,0.0508,-0.3388949444924943,-0.3532429824866981,-0.36534659678076575,-0.3170663881277299,2371768020.0,305715904512,12.804133,9.163706,0.69923794,-0.005687203791469194,-0.020236612702366128,-0.02960222016651249,-0.0031675641431738993,0.001591343093570974,-0.018096723868954757,0.025749674054758802,0.06587637595258256,0.27105179536066093,-0.23736892278360344,0.008897362567524627,3147.0,,,2.3,Buy,1.3972658005396508,Basic Materials,-
4272,"Nippon Kayaku Co., Ltd.",,,0.036340002,0.10189,0.09118,0.17559000000000002,0.879,0.0333,-0.1622955726843084,-0.08250791745643164,-0.10943150475022988,0.02152302335435043,1261980200.0,294056853504,12.299913,19.638435,1.0551605,0.0,-0.01539607648373479,-0.025079911482665355,-0.007509386733416771,-0.02291769344504682,-0.05864197530864197,-0.05143540669856459,-0.07033997655334115,,,,1982.5,,,,,0.6263183904420082,Basic Materials,Semiconductor
4307,"Nomura Research Institute, Ltd.",,,0.10285,0.01873,0.17588,0.5390999999999999,,0.0169,-0.4339235159595488,-0.377381816462355,-0.3900933965642475,-0.4526343230092227,12639390660.0,2791106936832,188.66995,28.508446,6.59121,-0.007772020725388601,-0.027349091619456926,0.01405295315682281,0.09404526477697209,0.15763775866077656,0.1424965580541533,0.1074288256227758,-0.008562325766626843,0.3456517372966459,-0.015866639887527616,0.14122173127133963,4979.0,,,1.6,Buy,6.618036984548369,Technology,Momentum
4324,Dentsu Group Inc.,,,0.031240001,-0.20295,0.10882,0.9457,5.397,,-0.3326142475215595,-0.10220026665021341,-0.10749151500297029,-0.11615808233386288,3868238520.0,862865063936,,10.294209,2.06808,-0.008353221957040573,-0.01012507444907683,0.02497687326549491,0.09270216962524655,0.0887651490337373,0.11693548387096774,0.08273615635179153,0.10578842315369262,0.20336943441636582,-0.24789410348977137,0.00882469915764133,3324.0,,,2.6,Hold,,Communication Services,Momentum
4385,"Mercari, Inc.",,,0.04389,0.15665,0.24148001,2.1031,1.026,,0.3634590274828134,0.18576706500596635,-0.020480017367582135,-0.009326576476402967,9396878700.0,789732065280,27.547497,47.550434,6.572883,0.036387264457439894,0.06050531914893617,0.08948087431693989,0.21786714176635277,0.27159181504119057,0.2364341085271318,0.2828418230563003,0.12880396319886767,0.14942528735632185,-0.2894461859979101,-0.07724451410658302,4785.0,,,2.0,Buy,0.5793321886399606,Consumer Cyclical,Momentum
4401,Adeka Corporation,,,0.04716,0.0669,0.102749996,0.16879999999999998,0.425,0.0287,-0.19540514884030663,-0.3417825420467271,-0.28002769608117223,-0.1661094660426019,1532648250.0,405262598144,15.037784,15.241813,1.3047245,0.009176527408838444,-0.0023872045834328003,-0.023598130841121494,-0.004288777698355968,-0.025192442267319804,0.009176527408838444,0.055303030303030305,-0.026328052190121156,0.3137114142139268,-0.23426657094998804,0.12427219430485756,4179.0,,,1.8,Buy,0.9866138627996551,Basic Materials,Semiconductor
4452,Kao Corporation,,1.0,0.06305,0.0749,0.108669996,0.21834,0.393,0.0242,-0.04133381768812688,0.07633332095625321,-0.0713173731794295,-0.01418688882246295,11285427720.0,2912041828352,27.778738,12.44587,2.7152827,-0.018597560975609755,-0.024840957285671008,-0.021283064761325632,0.011310084825636193,-0.004330343334364367,0.050743779404933444,0.07803812625949741,0.06552123409842764,0.28922025473749613,-0.036968002485243866,0.14345116495806148,3219.0,,,1.8,Buy,2.2319643383708816,Consumer Defensive,-
4502,Takeda Pharmaceutical Company Limited,,,0.02553,-0.03382,0.11106,0.737,,0.0381,-0.24552417312903208,-0.22795069263585085,-0.18821231741176017,-0.015480406882946933,21568956790.0,8556991479808,,38.172234,1.1395668,-0.007224898110411263,-0.01633627019089574,0.0,0.04058252427184466,0.053469628464713974,0.0861370085123632,0.05450609996064541,0.047088706525986714,0.4741556260496361,-0.08565030789326367,0.13955340548609807,5359.0,,,1.8,Buy,,Healthcare,-
4503,Astellas Pharma Inc.,,,0.0795,0.13628,0.20037001,0.36723,-0.412,0.0373,-0.08267668558971747,-0.1617930159737661,-0.14999101434249174,-0.053361073237360036,14015962800.0,3837376331776,13.209991,28.269766,2.0980234,0.002105263157894737,-0.01494596458956082,-0.004646840148698885,0.010615711252653927,-0.0013986013986013986,-0.0016313213703099511,0.0009345794392523365,-0.06176084099868594,0.3772175536881419,-0.2530345471521942,0.11326587301587296,2142.0,,,2.5,Buy,0.4672833514080025,Healthcare,-
4506,"Sumitomo Pharma Co., Ltd.",,,0.042659998,0.23575,-0.52875,0.76664,,,-0.4485724436847264,-0.6550269598346555,-0.6836912256132005,-0.6891147256976183,4417182000.0,628030767104,5.205622,81.72797,1.9017683,-0.02268760907504363,-0.08196721311475409,-0.10083493898522801,-0.04923599320882852,-0.030470914127423823,-0.04729499829874107,0.018552200800291015,-0.13739987677141097,0.9285714285714286,0.07142857142857142,0.5204082142857143,1400.0,,,,,0.06369449773437418,Healthcare,-
4507,"Shionogi & Co., Ltd.",,,0.04895,0.41057998,0.07789,0.40588,0.281,0.0268,-0.24842945429050337,-0.021069162756520758,-0.10292433798285319,-0.12190321664556025,7776317175.0,2410387865600,11.750674,14.814331,1.430315,-0.0007055918151349444,-0.026297696803025093,-0.012722202858138723,0.03697602050155592,0.028130671506352088,0.018884892086330936,0.020536840208971358,-0.05583333333333333,0.412180052956752,0.02383053839364519,0.19593998234774934,2832.5,,,2.3,Buy,0.7931963988113943,Healthcare,-
4519,"Chugai Pharmaceutical Co., Ltd.",,,0.17375,0.35021,0.49345002,,0.187,0.0179,-0.07716017116686424,-0.007700358215558998,-0.1653875145617762,-0.3053269563071473,18388708740.0,12160543490048,28.010918,31.321266,6.374405,0.0040766408479412965,-0.03031496062992126,-0.03310651661868621,0.014833127317676144,0.0028501628664495114,-0.012557876370714937,0.0006963960989386358,-0.055348725454718084,0.8270401948842875,0.08269048585735553,0.3542653945053457,7389.0,,,1.9,Buy,0.8943098915605774,Healthcare,-
4523,"Eisai Co., Ltd.",,,0.01946,0.046719998,-0.05116,0.20114,,0.037200000000000004,-0.11487861827591853,-0.11563880029440626,-0.13677825242145553,0.18105471031034012,7693792320.0,1212485861376,31.447186,21.207483,1.3470665,0.0023331777881474567,-0.0020905923344947735,0.00963572267920094,0.04550985641275249,0.07642194938611876,0.10097385955920041,0.1365079365079365,0.0783132530120482,0.2802607076350093,-0.25512104283054005,0.04831734171322151,4296.0,,,2.5,Buy,1.4828344316013362,Healthcare,-
4543,Terumo Corporation,,,0.05963,0.12008,0.17528999,0.26968,0.436,0.016399999999999998,-0.18302617690140302,-0.24389319897439293,-0.30352014628391066,-0.19261817944010456,9938541580.0,3228956622848,23.752169,21.496613,2.0378296,-0.01728395061728395,-0.058089500860585196,-0.030558015943312665,0.015070716438673777,-0.010397830018083183,-0.015958642391548664,-0.004773812230052284,-0.08829654310703873,0.6902695294655093,-0.040657834627683874,0.35291850159890353,2189.0,,,1.6,Buy,1.1049261109180315,Healthcare,Momentum
4568,"Daiichi Sankyo Company, Limited",,,0.03561,0.12241,-0.035940003,0.21034,-0.504,0.0366,-0.3037827420404131,-0.3976332952195393,-0.14649207586785598,-0.24233449626203823,19587405580.0,4968563081216,19.454933,19.019922,2.9855952,-0.0009147457006952067,0.004229496138286134,0.03057180600113229,0.05894900135737832,0.07690790771051075,0.07436553216604368,0.09198160367926415,0.011109053878911312,1.0142830983336386,0.007141549166819264,0.5401186595861563,2730.5,,,1.4,Strong Buy,1.0228713345932754,Healthcare,-
4578,"Otsuka Holdings Co., Ltd.",,1.0,0.07515,0.14962,0.18754,0.06132,0.175,0.0125,0.09265383261114822,-0.03671239837398374,0.030141709755310022,-0.05024457266181626,13949932000.0,5876525039616,16.339916,21.543589,1.8976125,0.01038843721770551,-0.028658271819366043,-0.010176991150442478,0.04875761837787154,0.03325635103926097,0.070597054826148,0.10365955130875426,-0.0390671767170047,0.40366562360303976,-0.016540008940545373,0.15333035315154225,11185.0,,,1.6,Buy,0.7584583979948744,Healthcare,-
4626,"Taiyo Holdings Co., Ltd.",,,0.10255,0.17417999,0.22715001,0.49113,,0.032400000000000005,-0.27071192247619363,0.2183198486918147,0.30177564652530936,-0.050345871699242026,1536658900.0,541361045504,29.585258,17.920288,4.677228,0.0,-0.014583755316994126,-0.025050100200400802,-0.02991026919242273,-0.020535534527884036,-0.0780746636346409,-0.06854298295998468,-0.01954856912535268,0.02774922918807811,0.02774922918807811,0.02774922918807811,4865.0,,,,,1.6509365251272747,Basic Materials,Semiconductor
4661,"Oriental Land Co., Ltd.",,,0.06824,0.17299,0.14949,0.297,-0.214,0.0060999999999999995,-0.3190673831608501,-0.20286061470383485,-0.18777207553310818,-0.21606086427578983,13447611350.0,4287858999296,35.209373,29.902803,3.897982,0.004610065309258548,0.011801122073902109,0.028110870847257715,0.08416252072968491,0.09026474880133417,0.11919537770169056,0.15478030470302495,0.13918536266608583,0.9502868068833652,-0.2084130019120459,0.15836378585086033,2615.0,,,2.5,Buy,1.1774606213337258,Consumer Cyclical,-
4689,LY Corporation,,1.0,0.017180001,0.09512,0.10559,0.52834,-0.585,0.024700000000000003,-0.44930002270425834,-0.2200435543269242,-0.25202381841469,-0.1217990934188581,6572478290.0,3054998650880,15.998563,20.79365,1.0186812,-0.002686981834114671,0.0006739921194577192,0.016430825176625127,0.04406937090367149,0.08634146341463408,0.0876678876678876,0.10713401321108494,0.06733767799909984,0.45936237090255955,-0.05702739110911535,0.17819757521329138,445.4,,,1.7,Buy,0.7693965705876554,Consumer Cyclical,Momentum
4704,Trend Micro Incorporated,,,0.095699996,0.13261,0.21067,,0.347,0.029500000000000002,-0.3145370446233717,-0.2495275677229376,-0.29660586330439576,-0.2044757524787294,5458479200.0,814549565440,24.038757,21.039753,7.1327844,0.00319642000958926,-0.016452522720150423,0.0015956598053295037,0.05283461925528346,0.12289803220035778,0.1196931858722797,0.06389830508474577,0.044425956738768715,0.4338059582603154,-0.15564760235781425,0.046147283734268005,6277.0,,,2.9,Hold,1.1425398862809844,Technology,-
4751,"CyberAgent, Inc.",,,0.11027,0.04632,0.11805,0.33837000000000006,0.342,0.0127,-0.14176155335813417,0.014426452657914719,0.2359981948214496,0.06883331939468827,6418880415.0,758366666752,18.621592,29.180489,3.818821,-0.001335559265442404,-0.041346153846153845,0.025017135023989032,0.09360146252285192,0.15082724124663333,0.1411674933231591,0.09640762463343108,0.1561654425976034,0.5379471748579071,0.003009027081243731,0.23996990972918755,1495.5,,,1.6,Buy,0.6381521570800269,Communication Services,-
4755,"Rakuten Group, Inc.",,,0.00315,-0.04775,0.05495,4.42908,,,-0.08956589638432119,0.22127954019408091,0.08987178156557786,0.03655364900544962,14068481728.0,1745907875840,,-105.545334,1.9374526,-0.004338678757987873,0.014013413402584139,0.05130890052356027,0.09906953122109491,0.1637206400962414,0.11077309793733077,0.08613928329952678,0.0776868551661843,0.4815737051792828,-0.2841135458167331,0.17654382470119515,803.2,,,2.4,Buy,,Consumer Cyclical,Momentum
4901,FUJIFILM Holdings Corporation,,,0.03873,0.082440004,0.10974,0.26715,0.048,0.0209,-0.33476301838313705,-0.32519640261000654,-0.3159276187491579,-0.1648028598304511,14568662900.0,4287436161024,15.625273,15.453566,1.1257341,0.007303370786516854,-0.016456390565002744,-0.009665838166252416,0.03462204270051933,0.043655413271245634,0.06000591191250369,0.054395765951190826,0.07947019867549669,0.3943112102621305,-0.10764082543223648,0.13711444506413828,3586.0,,,,,1.0111111571270992,Industrials,Momentum
4902,"Konica Minolta, Inc.",,,0.02675,0.02783,0.05756,0.72555,,0.0308,0.32542545902956815,-0.23642489703290365,-0.07736583784151158,-0.1784299068376936,1963969402.0000002,288702103552,8.993227,12.130399,0.5381163,0.015470211013169902,-0.008822572444295249,0.018302226894810772,0.06372903680813265,0.034531587340960915,0.04902132230046313,0.011251493258821993,-0.04166662828607139,0.1982197877439232,-0.14412872304005483,0.10835330366312898,584.2,,,2.8,Hold,0.7413793231368563,Industrials,-
4911,"Shiseido Company, Limited",,,0.01193,-0.03697,0.05317,0.5546800000000001,1.269,0.0218,-0.24102557399144822,-0.15037477402377772,-0.18833248820884715,-0.16456925566337186,8153698000.0,1100949225472,,22.221325,1.8141949,0.002000363702491362,-0.030271031326997537,-0.005055976886962802,0.04633497911127991,0.08315313544328681,0.10221215431212395,0.0692346409707525,-0.008185461781036458,0.5564428312159709,-0.09473684210526316,0.1692831215970962,2755.0,,,2.3,Buy,,Consumer Defensive,Momentum
4980,Dexerials Corporation,,,0.15422,0.24606001,0.32593,0.15091,0.565,0.0155,-0.3666340677152663,-0.4506970801548232,-0.3590513626089305,0.0035288966863557974,8590618670.0,693324480512,25.839682,27.054054,6.339661,0.02909000497265042,0.025520317145688802,-0.036993950674732434,-0.015227218653342851,-0.060812343998184706,-0.14817863757974892,0.029858173675043544,0.02501238236750867,0.5462672143029718,-0.3959893694129017,0.10171539019086735,4139.0,,,2.0,Buy,0.9551131227874388,Technology,Semiconductor
5016,JX Advanced Metals Corporation,,,0.029140001,0.11829001,-0.22134,0.4078,0.129,0.005,-0.19050360204492237,-0.23377755096062053,-0.2711509839016654,-0.15632606244923708,95987096660.0,3678569758720,35.211517,,5.05075,0.023772609819121448,0.02775616083009079,-0.03011015911872705,-0.060914908746148376,-0.12980452448934768,-0.16536760058984623,0.11385999437728422,0.008399083736319674,0.9182231196365472,-0.558303886925795,0.2672892478546189,3962.0,,,1.8,Buy,,Technology,Semiconductor
5019,"Idemitsu Kosan Co.,Ltd.",,,0.02625,0.02121,0.08121,0.69821,,0.028999999999999998,-0.2656112918241021,-0.2630845844601527,-0.3124600196387609,-0.1660354857200483,4918646000.0,1486079000576,8.8337965,9.423208,0.7875701,-0.002413515687851971,0.003642250101173614,0.02099629477151091,0.04509060261272651,0.013485901103391908,-0.015482334259626836,-0.056675542031190566,-0.11333571683947086,0.49193548387096775,-0.14516129032258066,0.1310483870967742,1240.0,,,,,0.9374510782315322,Energy,-
5020,"ENEOS Holdings, Inc.",,,0.02438,0.02199,0.040689997,0.69601,,0.027200000000000002,-0.3222874629472275,-0.25554488544588105,-0.28544370304965966,-0.08408001392226515,8375216440.0,3342120255488,13.037593,12.586709,0.9993981,-0.0031847133757961785,0.002803364036844213,0.025389025389025387,0.038573206138531727,0.03087690407575134,-0.00949367088607595,0.013354917037636584,-0.0409804672539257,0.35782747603833864,0.006389776357827476,0.20806709265175719,1252.0,,,1.6,Buy,1.0358222312123049,Energy,-
5101,"The Yokohama Rubber Company, Limited",,,0.052470002,0.08831,0.0856,0.57244,0.741,0.0227,-0.14552944366529774,-0.07837674002146697,-0.08057441558391797,-0.18149907879382385,6549213760.0,1193203335168,11.312177,14.492365,1.1431633,0.007861425716189207,-0.04180390169749176,-0.034341886888803776,0.024515779493430853,0.02507114785201247,-0.03838198138202943,0.07916729160920853,0.06248145158530261,0.22950819672131148,-0.18032786885245902,0.07663088313061878,7564.0,,,2.1,Buy,0.7805611437470696,Consumer Cyclical,-
5108,Bridgestone Corporation,,,0.05862,0.07659,0.11302,0.21403,0.302,0.0364,-0.22581726842270114,-0.24805223457231104,-0.15418512685047317,-0.1609754678178237,13417262910.0,4461230555136,29.941277,6.3859863,1.2245941,-0.0008398656215005599,-0.01896646509070918,0.015362731152204837,0.04908877131099353,0.04908877131099353,0.06011243760919388,0.0694774379375842,0.054878090580415796,0.20481927710843373,-0.04735219949565705,0.02549733818996918,3569.0,,,2.5,Hold,4.688590860271654,Consumer Cyclical,-
5201,AGC Inc.,,,,0.0,0.06634,0.40869999999999995,2.438,0.0327,-0.2603699736605872,-0.24056818032370622,-0.2558913255962996,0.06929526832077516,8134737660.0,1364842512384,19.723757,15.568369,0.9130175,-0.008180274733755209,-0.023107327455153544,-0.06666666666666667,-0.07632600258732213,-0.08734554750745632,-0.1436674148693838,-0.07136140064416817,-0.05998431598651538,0.29007158418923124,0.08932461873638345,0.18250077808901338,6426.0,,,2.6,Hold,1.2669122243955033,Industrials,-
5214,"Nippon Electric Glass Co., Ltd.",,,0.02994,0.10569999,0.08631,0.19573000000000002,0.784,0.027000000000000003,-0.3371812250199404,-0.28318305302854285,-0.29909988319094843,0.006654687112865672,4025974020.0,436723122176,15.503937,31.277044,0.8874361,-0.004701931150293871,-0.018058316766070247,-0.06734854445318647,-0.06543677073478397,-0.07245696400625978,-0.12044504908256631,-0.010681965016020542,-0.0812609567907542,0.34975535684157244,0.08486586806141387,0.21843538046229125,5927.0,,,2.3,Buy,0.49569700384729454,Technology,-
5233,Taiheiyo Cement Corporation,,,0.03213,0.028269999,0.06847,0.57208,0.523,0.030699999999999998,-0.3626926332777236,-0.37534305827121395,-0.28556038130352474,-0.150618176629577,2257605120.0,425368027136,17.123558,6.6808133,0.64019597,-0.009137055837563452,-0.04547677261613692,-0.04500978473581213,0.003341043433564636,-0.04477611940298507,-0.08785046728971962,-0.07069745298738396,-0.1381898454746137,0.2807377049180328,-0.02663934426229508,0.1872438524590164,3904.0,,,2.5,Buy,2.5630948255955603,Basic Materials,-
5301,"Tokai Carbon Co., Ltd.",,,0.024719998,0.05764,0.07764,0.5815699999999999,-0.486,0.0239,-0.33907213764248545,-0.24039074502409494,-0.31222235175092733,-0.18625157047604704,2702146900.0,356875599872,17.761131,19.098492,1.1265793,-0.002387347060578932,-0.01964809384164223,-0.049473983508672166,-0.0432169433314253,-0.021942656524283205,-0.03423126153349619,-0.06931147718370391,-0.04996569784351556,0.3760095722405025,0.07687705653604547,0.24139994017349686,1671.5,,,,,0.929975570846117,Basic Materials,-
5332,TOTO LTD.,,,0.040939998,0.05459,0.07008,0.12696,,0.0149,-0.33428930154111086,-0.23543822717833468,-0.3302929145022022,0.07822828398138831,9329259580.0,1325031751680,33.22203,33.024628,2.5084555,-0.007390072669047913,-0.04457617071724956,-0.061378989051945027,-0.02468836984146194,-0.0555490448845658,-0.03945172824791418,0.04921234214295014,0.04962229747330034,0.37734210199776647,-0.3175331927038094,-0.05309451544856687,8059.0,,,2.1,Buy,1.0059774178228442,Industrials,-
5333,NGK Corporation,,,0.04938,0.08944,0.116409995,0.2993,0.376,0.015,0.02765417931617629,0.06623362001869904,-0.005288300012548364,0.23068598342061195,12671176330.0,1986709684224,34.246777,35.389935,2.5095544,0.001418238547723727,-0.008982456140350877,-0.05513180784156296,-0.07819843342036553,-0.05966173924623785,-0.03696126568466994,0.1543240150400523,0.11795440151994933,0.274606996176179,-0.21682481234952555,-0.021182736156351738,7061.0,,,1.9,Buy,0.9676982170213084,Industrials,-
5401,Nippon Steel Corporation,,,0.02033,0.00171,0.03664,0.85886,,0.0436,-0.13587275748627103,-0.2736143682714113,-0.18965785528056187,-0.02798254540233085,15610995162.000002,2875506819072,166.72728,0.9860569,0.519941,-0.01043165467625891,-0.018026036075340156,0.0036482811901388415,0.036158192090395565,0.012700188407993543,-0.017148960347100034,-0.002538026917877089,-0.02894453987396975,0.5630679752817156,-0.1457651762995275,0.22177789894583785,550.2,,,2.6,Hold,169.0848469292188,Basic Materials,-
5406,"Kobe Steel, Ltd.",,,0.028210001,0.03846,0.06594,0.57869,-0.46,0.043,-0.15433939307751265,-0.20062305220041957,-0.12297724564184374,-0.19688088860953878,4041277800.0,735542640640,7.8246603,6.738886,0.5831513,-0.011427052883337762,-0.025923016496465043,-0.023878247179218052,0.005949161709031909,-0.008528784648187633,-0.05391658189216684,-0.039504260263361735,-0.06060606060606061,0.3870967741935484,-0.10752688172043011,0.10368666666666662,1860.0,,,3.1,Hold,1.1611207401342,Basic Materials,-
5411,"JFE Holdings, Inc.",,,0.00839,0.01546,0.01508,0.7310599999999999,,0.0493,-0.1812425249491172,-0.15683774645696555,-0.01962671944424468,0.07249854923368977,8815340730.0,1032449228800,15.383886,5.106664,0.39413458,0.001851851851851852,-0.018742442563482467,0.014375,0.04541062801932367,0.04878836833602585,0.0055762081784386614,0.006199628022318661,-0.0455748309320788,0.3555144793592113,0.0474430067775724,0.20216333949476284,1623.0,,,2.8,Hold,3.0125118864291833,Basic Materials,-
5631,"The Japan Steel Works, Ltd.",,,0.0382,0.07,0.105579995,0.4132,-0.23,0.0118,-0.24556447540376516,0.15866278097604097,0.13050819107427952,-0.04816473326046331,7820939400.0,575268192256,29.940235,28.069103,2.708024,-0.015743073047858942,-0.05524661508704062,-0.01759899434318039,-0.002297970126388357,0.011781460383221129,-0.011135012020751614,0.03523645515962379,0.019037684183074718,0.5930902111324377,0.3691618682021753,0.48048624440179144,7815.0,,,1.0,Strong Buy,1.066661624349022,Industrials,-
5706,"Mitsui Kinzoku Company, Limited",,,0.12185001,0.12031999,0.27409,0.27469,2.368,0.0077,-0.3864256787643495,-0.26522014790452086,-0.4035955670389631,-0.18255285268733967,55656190000.0,2085960548352,22.831022,60.617146,5.0624213,0.039042462239954404,0.014750904536598943,-0.05885389778007228,-0.15523632993512512,-0.13989148384052844,-0.2531749283080705,-0.1694760820045558,-0.2938214216540771,0.9171695008228196,0.09709270433351619,0.5398915249588591,36460.0,,,1.6,Buy,0.3766429716107057,Industrials,-
5711,Mitsubishi Materials Corporation,,,0.01407,0.02201,0.0592,0.86599,,0.028399999999999998,1.0225737404214692,0.9826577592404873,0.41299326555919785,-0.13733740702293407,6106386700.0,534078685184,13.15798,12.158986,0.725541,0.03207070707070707,-0.06239963294333563,-0.10274423710208562,-0.06838386140870754,-0.06325922530369012,-0.15488006617038874,-0.11918103448275862,-0.2068697845915001,0.37019818938096405,0.17445559089796916,0.2906777587472474,4087.0,,,3.0,Hold,1.0821609630934685,Basic Materials,-
5713,"Sumitomo Metal Mining Co., Ltd.",,,0.03471,0.10122,0.14435,0.29791,,0.0286,-0.31613908386416195,0.04616131812887079,-0.08114791422110955,-0.08243273781740845,20072816250.0,1953214627840,11.198166,17.890957,0.94862926,0.011821974965229486,-0.025060305548110427,-0.08259773013871374,-0.00831515812431843,-0.047151277013752456,-0.15475775531544092,-0.15779115536003704,-0.1999340151765094,1.3367697594501717,-0.5326460481099656,0.36529209621993125,7275.0,,,2.4,Buy,0.6259120739041517,Basic Materials,-
5714,"Dowa Holdings Co., Ltd.",,,0.02912,0.08379,0.08708,0.19108,12.209,0.0404,-0.07537684757061193,-0.015313999582724854,-0.05788782886359627,-0.07281371829729687,3851201040.0,495426142208,7.9808674,17.329058,1.0875046,0.014412014048685964,-0.02445842068483578,-0.051845143762734885,-0.026272959776796095,-0.042086001829826164,-0.11645569620253164,-0.10675055988055882,-0.18679611650485436,0.5162368672397326,-0.07951289398280802,0.24181339541547278,8376.0,,,2.9,Hold,0.4605482536904199,Basic Materials,-
5801,"Furukawa Electric Co., Ltd.",,,0.03887,0.05546,0.08007,0.75676,1.18,0.0059,-0.6112830356729367,-0.6039487333488637,-0.616211700674515,-0.4249294648173012,74432391250.0,2620530098176,36.10196,12.560696,6.283526,0.051368896415467116,0.013881328252585737,-0.06875,-0.14387497127097218,-0.1773409893992933,-0.3019115442278861,-0.11499168448562604,-0.2844794467921629,1.4,0.2080536912751678,0.7485459060402684,3725.0,,,1.8,Buy,2.8742006016227126,Industrials,-
5802,"Sumitomo Electric Industries, Ltd.",,,0.05641,0.07231,0.103369996,0.24309999999999998,1.401,0.0151,0.05034449064116784,-0.11584813534034089,-0.15005285207893385,-0.09186856240085348,57346529840.0,8055012458496,21.787191,11.681672,2.9361062,0.07538525614327364,0.05689725747032337,-0.03078078078078078,-0.08892025405786874,-0.1346459991621282,-0.23411197626992955,-0.0585232452142206,-0.1793404847040127,0.994577846630519,0.16189000774593337,0.46281951975213015,2582.0,,,1.5,Strong Buy,1.8650747084835115,Consumer Cyclical,-
5803,Fujikura Ltd.,,,0.13106,0.13292,0.14205,0.18261,0.412,0.0074,-0.2694240713547798,-0.2752416768809521,-0.35854669252913035,-0.2496734837095385,213937180000.0,8526645166080,54.347824,17.00568,15.216204,0.04293236127987039,0.015378548895899053,-0.03882045539380366,-0.11603158256093375,-0.1600065242211711,-0.0021313698895562877,0.2100563909774436,0.07943827289876336,0.8058252427184466,-0.32038834951456313,0.35307446601941744,5150.0,,,1.5,Buy,3.1958630292937418,Industrials,-
5831,"Shizuoka Financial Group,Inc.",,,0.0057,0.26228002,0.30652002,,-0.044,0.029900000000000003,-0.03465825208378182,0.23729123772598681,0.3506961487509961,0.050199789023645955,6015555030.0,1739675271168,19.569109,26.217318,1.4122037,-0.011158021712907118,-0.02323503127792672,0.014542079207920793,0.07720105124835742,0.08146437994722955,0.08360872438863186,0.07437745740498033,0.14211076280041798,0.14364135407136322,-0.20707532784385482,0.037772857578530016,3279.0,,,1.9,Buy,0.7464191798718695,Financial Services,Momentum
6098,"Recruit Holdings Co., Ltd.",,,0.15045,0.1344,0.18080999,0.11682000000000001,0.611,0.0021,-0.10176358491655599,-0.19876337832999966,-0.28271348868436685,-0.3781801911556357,53123558400.0,17039781527552,35.21086,40.445427,10.793547,-0.021191523390643743,-0.004878048780487805,0.026845637583892617,0.06157849089332177,0.10869565217391304,0.12655315232397607,0.13438368860055608,0.15799432355723747,0.30718954248366015,-0.1830065359477124,0.04370915032679738,12240.0,,,1.5,Strong Buy,0.8705770370529157,Communication Services,Momentum
6103,Okuma Corporation,,,0.030350002,0.05322,0.07299,0.09769,0.937,0.0197,0.5041817876294555,-0.009773686088969901,-0.09998979175173534,0.1208130264857559,2873095600.0,299049156608,24.390244,18.36388,1.2289307,0.055036344755970926,0.048503611971104234,0.027300303336703743,0.06387434554973823,0.13773796192609183,0.11403508771929824,0.21968787515006002,0.24509803921568626,-0.07086614173228346,-0.25196850393700787,-0.13937007874015747,5080.0,,,2.8,Hold,1.328163982774882,Industrials,-
6113,"Amada Co., Ltd.",,,0.039389998,0.069860004,0.12853,0.14953,0.064,0.0212,-0.08803311516714209,0.28186247444407986,0.20995763251234512,0.1921899534165466,7636689540.0,935001784320,30.486694,23.500505,1.7473261,0.011073825503355705,-0.016965742251223492,-0.020162601626016262,-0.014715500327011119,0.016188870151770656,-0.019843851659076123,0.036642009289523485,-0.00033178500331785003,0.29439097245270496,-0.3693992698307335,0.007538798539661415,3013.0,,,,,1.2972782499780324,Industrials,-
6146,Disco Corporation,,,0.16459,0.3102,0.4399,,0.111,0.006999999999999999,-0.3202264599286792,-0.2095472479909212,-0.2152223876072804,-0.11280748385721409,107394604800.0,7870418518016,58.139626,53.316093,13.389873,0.014683261082366103,0.009179415855354658,-0.05261783522653088,-0.14150496923805017,-0.07578652400968029,-0.1453474676089517,-0.0918648310387985,0.11476417268397604,0.6538037486218302,-0.1055678059536935,0.14064222712238147,72560.0,,,2.0,Buy,1.0904704889009778,Technology,Semiconductor
6178,"Japan Post Holdings Co., Ltd.",,,0.00253,0.03316,0.08092,,0.179,0.0259,-0.10870660448047853,-0.007764746681890342,-0.017831367412475978,-0.08032390795653034,12441821195.0,6509252575232,17.952787,18.633514,0.6700552,-0.0173692014403728,-0.01528337932498408,0.021131410961919436,0.06963338713396357,0.07334567329939842,0.03525998661013167,0.0006471095772217428,0.12161508704061895,0.1640439749946109,-0.3317525328734641,0.045791937917654596,2319.5,,,1.7,Buy,0.9634675992944755,Financial Services,Momentum
6273,SMC Corporation,,,0.053979997,0.19857,0.22783001,0.00241,0.282,0.0132,-0.013939570865567094,-0.29584568068578054,-0.27399429496199046,-0.2892597948813204,22988394000.0,4750993522688,28.653328,23.017738,2.255894,0.04929186337128576,0.041770057899090156,-0.0030343007915567283,0.0050538635456842665,0.05500488622085718,0.03747940691927512,0.15356434132193558,0.09347417161047605,0.32327643244673815,-0.20603414053195712,0.07591822151647479,75570.0,,,1.9,Buy,1.2448368297527757,Industrials,-
6301,Komatsu Ltd.,,,0.05847,0.091079995,0.12448,0.38494,-0.156,0.0297,-0.09665056974034095,-0.2889723763237912,-0.3344171306606001,-0.18233408811005414,20432025000.0,5715885817856,15.455819,15.058397,1.641385,0.0,-0.04694485842026826,-0.035008299381318844,0.021728710656654417,0.010428187707378732,-0.01494146642020949,-0.01992337164750958,-0.027672190968526685,0.33229085222830335,-0.2181391712275215,-0.0022152462861611054,6395.0,,,,,1.0263920522217604,Industrials,-
6302,"Sumitomo Heavy Industries, Ltd.",,,0.025999999,0.029930001,0.05234,0.40226,0.221,0.0274,0.1239583804471669,-0.22483722597216416,-0.26403467570658384,-0.17935402929256483,3392486520.0,628550008832,20.533945,15.810891,0.92219526,0.02741590511374684,-0.012705530642750373,-0.01344286781179985,0.007435653002859866,0.027216174183514776,-0.036534411634772335,0.0626796070131776,0.025642503191143726,0.30582891748675245,-0.09159727479182438,0.10238455715367147,5284.0,,,,,1.2987215584498053,Industrials,-
6305,"Hitachi Construction Machinery Co., Ltd.",,,0.04947,0.05208,0.108459994,0.59618,-0.131,0.0362,-0.4061064934640183,-0.34930418492623694,-0.3804075773276761,-0.3763518133227918,4176769410.0,1116226191360,15.244043,12.211413,1.2400228,0.0036342769701606732,-0.029232192414431084,-0.01961883408071749,0.007875528236650019,-0.018702075930428278,-0.029770710059171597,-0.010560060343201961,0.009232544720138488,0.5303983228511531,-0.1804840861444635,0.1123816466552316,5247.0,,,,,1.248343905819908,Industrials,-
6315,TOWA Corporation,,,0.04563,0.08448,0.18535,0.25734,-0.338,0.0077,-0.4684050077499892,-0.061804276722645254,-0.17492375997930565,-0.1674335273829417,12363719100.0,234837688320,51.018745,16.202505,3.3257964,0.04577347143334447,0.008051529790660225,-0.06146926536731634,-0.11581920903954802,-0.014173228346456693,-0.058646616541353384,0.06462585034013606,0.04159733777038269,0.2779552715654952,-0.009584664536741214,0.09424920127795527,3130.0,,,1.7,Buy,3.1488183462989214,Technology,Semiconductor
6323,Rorze Corporation,,,0.10114,0.1479,0.22214001,0.17001000000000002,-0.59,0.0043,3.6498439067563915,0.25351808891178346,0.0819280325975801,-0.054750466835960895,12610395000.0,807324745728,42.554165,33.864395,6.199269,0.015045791539467945,0.05555555555555555,-0.057692307692307696,-0.08366141732283465,0.02759381898454746,-0.04296875,0.1168426103646833,0.18357487922705315,0.3319011815252417,-0.09774436090225563,0.1439312567132116,4655.0,,,1.0,Strong Buy,1.256604909079285,Technology,Semiconductor
6326,Kubota Corporation,,,0.031630002,0.070149995,0.12104,0.79694,0.792,0.0192,-0.38247222347958737,-0.27581639071937664,-0.30648601269536996,-0.2552724199934503,7807824900.0,3056050110464,16.61157,13.786708,1.1481777,-0.00403743806202973,-0.02339391758142883,-0.011655436168275359,0.019921067468520955,-0.004402861860209136,-0.03763023427558065,0.011776741406813049,-0.03610649498553183,0.3782937166021743,-0.17081260364842454,0.1534918002579694,2713.5,,,2.0,Buy,1.2048974998237432,Industrials,-
6361,Ebara Corporation,,,0.04178,0.04546,0.074200004,0.39549,0.359,0.0108,-0.190547685250959,0.1043733288919786,0.03581908397821226,-0.015067129247047263,20349176210.0,2798897332224,36.90075,40.077183,2.2299793,0.0457415941286909,0.03444200574033429,0.010555830446973445,-0.02746031746031746,-0.01415929203539823,-0.061046828995771525,0.11869466413116836,0.08385227935465503,0.27305369675208097,-0.28186714542190305,0.00909531581524398,6127.0,,,1.5,Buy,0.9207421090449397,Industrials,-
6367,"Daikin Industries,Ltd.",,,0.04741,0.05488,0.0794,0.33004,0.023,0.0143,-0.15832943743182173,0.0885791144967835,0.08129297536613192,-0.13882394646400179,33679791900.0,6989020135424,26.738083,25.357233,2.2593045,-0.0025819265143992055,-0.03348729792147806,-0.02276707530647986,0.012704174228675136,0.04407484407484408,0.05106739221431561,0.09031697785497178,0.0783766373201632,0.17483074472321783,-0.3628036638789327,-0.01421489446435689,25110.0,,,2.4,Buy,1.054455862751271,Industrials,-
6471,NSK Ltd.,,,0.01579,0.02508,0.02513,0.43479,0.916,0.0294,-0.34627897808426344,-0.28532819146716093,-0.23652018050406062,-0.2495050701207863,2832421680.0,566633693184,24.876478,19.910591,0.843236,0.01802197802197802,-0.01697792869269949,-0.02195945945945946,-0.004727116458960034,-0.002583979328165375,-0.02974444909928781,0.05129369042215161,-0.07285828662930344,0.4680483592400691,-0.05872193436960276,0.18595284974093262,1158.0,,,,,1.2494093219031017,Consumer Cyclical,-
6472,NTN Corporation,,,0.02236,0.015579999,0.05262,1.025,,0.0333,-0.39793490098011536,-0.35622323222119656,-0.35896457821230743,-0.3588954435143477,1665551455.0,231916912640,16.663818,16.432182,0.7811405,0.0017976530931886274,-0.033927657769006206,-0.0457436114270118,-0.036790123456790065,-0.03559950556242269,-0.11118704619529785,-0.0522351938403724,-0.13904216564747202,0.28172263522173796,-0.07715970264034869,0.06382978723404249,390.1,,,,,1.0140964845691216,Industrials,-
6473,JTEKT Corporation,,,0.02668,0.00622,0.05613,0.2631,,0.0332,-0.07635989439678802,-0.22061492334812227,-0.17759490615697593,0.05847398831685369,3039497200.0,671680167936,56.17678,16.795351,0.8500065,0.02303030303030303,-0.0117096018735363,-0.009854528390427029,0.04455445544554455,0.03992114342040414,0.02551640340218712,0.05950288727090133,-0.02585410895660203,0.3981042654028436,-0.3175355450236967,0.18127962085308058,2110.0,,,1.8,Buy,3.344781541034778,Consumer Cyclical,-
6479,MINEBEA MITSUMI Inc.,,,0.03888,0.059499998,0.07067,0.56759,2.141,0.0137,-0.09810041141845709,0.1775005580416459,0.3980051380550061,0.4544584576031085,16372936060.0,1759389941760,17.76201,20.396667,1.9571149,0.002517162471395881,0.0020585544373284536,-0.09632838283828384,-0.12344937975190076,-0.0882414151925078,-0.05337078651685393,0.03496338294353886,-0.0396755808855765,0.30107281442593015,-0.4750057064597124,0.07874914403104315,4381.0,,,1.9,Buy,0.8708290428039052,Technology,-
6501,"Hitachi, Ltd.",,,0.05768,0.07579,0.15605,0.14898999999999998,-0.102,0.011699999999999999,-0.18089279184233265,-0.3556935173040426,-0.12906195751143867,-0.15221756026660566,57760650000.0,21076742504448,26.595745,26.385223,3.2198067,-0.012189995796553174,-0.04896802913800081,0.018418201516793065,0.045373665480427046,0.049575703439035286,-0.01343408900083963,0.009233412067854841,-0.09020518776616337,0.46808510638297873,-0.02127659574468085,0.2765957446808511,4700.0,,,1.6,Buy,1.0079787841853753,Industrials,Momentum
6503,Mitsubishi Electric Corporation,,,0.03688,0.06917,0.06351,0.07846,,0.0103,-0.41575033853808213,-0.29110930154992426,-0.30409643666946234,-0.16567140784085482,27828877950.0,11924581384192,29.411469,35.285213,2.6592042,0.00760850769496801,-0.020178241129981504,-0.01968371467025572,-0.03430560159098442,-0.005291908501194947,-0.0370186745992398,0.05085662759242561,-0.11146691064348886,0.3729191693839025,-0.4679938218637378,0.13878743778960012,5827.0,,,1.9,Buy,0.8335352545554989,Industrials,-
6504,"Fuji Electric Co., Ltd.",,,0.0622,0.07986,0.16527,0.1003,0.328,0.016399999999999998,-0.45226503776047056,-0.2554030718894847,-0.30633173823915244,-0.16755789460146442,11544449700.0,1902274674688,19.607841,21.451385,2.4002404,0.004238921001926782,-0.013999243284146803,-0.03766617429837518,-0.07555870876197233,-0.04751461988304093,-0.11148994203886806,-0.03588605253422124,-0.1560880829015544,0.5732924021488872,-0.12509593246354567,0.1918649270913277,13030.0,,,1.9,Buy,0.914059441849559,Industrials,-
6506,YASKAWA Electric Corporation,,,0.037049998,0.065,0.087969996,0.25293,-0.157,0.0103,0.1636731038799837,0.10006695869641695,0.10432060232598624,-0.06080716251310272,35448157920.0,1808313352192,51.28356,34.028015,3.7397234,0.022887323943661973,0.010434782608695653,-0.06778981147212194,-0.04519309778142974,0.02378854625550661,-0.021885521885521887,0.1005524861878453,-0.032741398446170925,0.31956397016637983,-0.2685025817555938,-0.01623297475616754,6972.0,,,1.9,Buy,1.5070981954133968,Industrials,-
6525,KOKUSAI ELECTRIC CORPORATION,,,0.07438,0.12804,0.14837,0.22741,-0.272,0.0044,0.03954923809665121,0.2976669802180569,0.3701541562714148,0.010923943846939132,101804618800.0,2531759751168,84.031006,56.676777,11.544417,0.0027752081406105457,0.05859375,-0.09666666666666666,-0.050788091068301226,0.08617234468937876,0.06640432857845549,0.22140845070422535,0.32018024601144807,0.47601476014760147,-0.6402214022140221,-0.1129305350553505,10840.0,,,1.8,Buy,1.4826355775311642,Technology,Semiconductor
6526,Socionext Inc.,,,0.045700002,0.04348,0.087740004,,0.282,0.0175,0.21615450351470805,-0.2513443460447589,-0.13097303123077098,-0.027296770139591094,30186601500.0,499574046720,57.797604,19.946808,3.7544162,0.07002064952130656,0.07832009080590238,-0.008350730688935281,0.04798676227247656,0.13117682079777734,0.08365019011406843,0.2582781456953642,0.08159392789373814,0.12280701754385964,-0.40350877192982454,-0.19298245614035087,2850.0,,,,,2.8975866213782173,Industrials,Semiconductor
6532,"Baycurrent, Inc.",,,0.22564,0.2551,0.37120998,0.05618,0.236,0.0194,-0.09332933143243038,-0.18663495331268207,-0.17461858150598786,-0.27990768304622243,11903863440.0,1003072323584,26.881979,26.742327,8.682722,0.003298350824587706,-0.030144927536231884,0.0031479538300104933,0.06424936386768448,0.20990779244259627,0.2308258230641898,0.20685302073940487,0.1915954415954416,0.5092647937836222,-0.04363419007770472,0.1161433054393305,6692.0,,,1.5,Strong Buy,1.0052221334366302,Industrials,Momentum
6645,OMRON Corporation,,,0.026029998,0.03712,0.07811,0.24107,,0.0173,-0.02769180681254034,-0.24489128708740315,-0.1789318631348187,-0.12416550008958986,8417846400.0,1181742661632,34.601875,22.171394,1.4137625,0.024548244118649847,0.03442340791738382,-0.007595772787318362,0.0013328890369876708,0.07091945830363507,-0.020215194000652102,0.0947176684881603,0.046309192200557105,0.33111480865224624,-0.33444259567387685,-0.06216905158069891,6010.0,,,,,1.5606540121022612,Technology,-
6701,NEC Corporation,,,0.051230002,0.075430006,0.15059,0.21439,0.239,0.0092,-0.3616187155830646,-0.3453317960837938,-0.23605151943235186,-0.20637248938398367,30580147500.0,5747048972288,21.367985,6.0267606,2.6163642,-0.01208390332877337,-0.0034498620055197792,0.039587332053742805,0.08841999497613665,0.14176548089591567,0.15362087326943558,0.11704047434905904,0.05605654399220083,0.8462958689129934,0.15393491807062082,0.382606392799446,4333.0,,,1.3,Strong Buy,3.545517470861544,Technology,-
6702,Fujitsu Limited,,,0.06544,0.12829,0.14269,0.06509999999999999,,0.016399999999999998,-0.5205201315855945,-0.4674062820162315,-0.4387455125351318,-0.2719530079011609,20334430740.0,5806299807744,19.15746,22.063284,2.867431,-0.013266509433962265,-0.013266509433962265,0.006313890559230307,0.03398208217485326,0.04626445764301344,0.04235440672687636,0.026687116564417177,-0.006235154394299287,0.7926501344487601,0.1443083358231252,0.3642527636689574,3347.0,,,1.8,Buy,0.8682959436138338,Technology,Momentum
6723,Renesas Electronics Corporation,,,0.04354,-0.00691,0.24341999,0.47323,1.585,0.0059,-0.2948304441613192,-0.12198757697447433,-0.07934474006724701,-0.1507267899719288,73254322200.0,8639671697408,,17.750782,3.400418,-0.01141789495536641,0.0037942664418212477,-0.012033195020746889,-0.0704665235213742,-0.007916666666666667,0.005914659907055344,0.09345579793340987,0.058222222222222224,0.3229735405291894,-0.5800083998320034,-0.02675031499370017,4762.0,,,1.9,Buy,,Technology,Momentum/Semiconductor
6724,Seiko Epson Corporation,,,0.033069998,0.01288,0.05617,0.27114,,0.0279,-0.026180325488695057,-0.31011533582725687,-0.046950923559812015,-0.19806589201620942,6574944680.0,919307223040,50.50167,14.205783,1.0770991,0.03016157989228007,0.0022707423580786024,0.0220876380477378,0.057890855457227136,0.06594835593535203,0.04365223717715533,0.037613019891500905,-0.019982920580700256,0.11537120948065528,-0.44231439525967237,-0.16129313349599164,2869.0,,,3.0,Hold,3.5550078443405755,Technology,-
6728,"ULVAC, Inc.",,,0.03312,0.04975,0.09246001,0.18785,0.082,0.0152,0.08585028236864022,-0.2423188728775509,-0.22536648040548052,0.15345473679554,5062360760.0,491442864128,39.369705,15.242888,2.140195,0.06568564725954361,0.0499001996007984,-0.008531746031746031,-0.10206648697214735,-0.006856802146477194,-0.0107306399321093,0.14930984847965864,0.06744080334760154,0.23073844306583952,-0.2895737442465479,0.039373624174504705,9994.0,,,1.7,Buy,2.5828245277404127,Industrials,Semiconductor
6752,Panasonic Holdings Corporation,,,0.029159999,0.02355,0.14477,0.29788,-0.174,0.0121,-0.2530072791967932,-0.0336046515540511,0.0028262469044447215,0.3300818750859924,63099187200.0,10460107636736,55.247257,26.532425,2.0070858,0.005611672278338945,0.01818181818181818,-0.009287925696594427,-0.06079664570230608,-0.013215859030837005,0.013804028060647205,0.17894736842105263,0.21081081081081082,0.1875,-0.41964285714285715,-0.05345245535714278,4480.0,,,1.9,Buy,2.08225433596816,Technology,-
6753,Sharp Corporation,,,0.02106,0.02506,0.01594,1.4799600000000002,,,-0.3540756452979793,-0.33445086961821385,-0.30880784223132857,0.029496033384328123,2490716736.0,420945526784,8.8735285,11.915089,1.4935138,0.0018544652439151366,-0.011436395139635907,0.014395282061508013,0.01901915680729529,0.06944900518839084,0.13101881750456718,0.06418251314755542,0.04312148028962181,0.37282122474163204,-0.24417707851303402,0.055507789603578696,648.3,,,,,0.7447303582877141,Technology,Momentum
6758,Sony Group Corporation,,,0.03944,-0.02619,0.10738,0.19513000000000003,-0.574,0.0104,-0.2339502479480412,-0.3029691136820361,-0.2805434073429525,-0.2158092940792649,67441430970.0,19723576147968,19.607729,18.335154,2.4441214,-0.014667057788207686,-0.04083380925185608,-0.00621301775147929,0.03353846153846154,0.05001562988433886,0.0697452229299363,0.020352369380315916,-0.02468060394889663,0.7564751414111343,0.041976778803215244,0.3953016969336112,3359.0,,,1.4,Strong Buy,1.0694062891427036,Technology,Momentum/Semiconductor
6762,TDK Corporation,,,0.04161,0.07811,0.05278,0.27954,1.299,0.0118,-0.2268011876311188,-0.1535314543146691,-0.10992076387642004,0.050397895122879906,46568825130.0,6432844414976,32.893333,31.708458,2.941087,0.0020697811945594325,0.009532320524277629,-0.08380643417139767,-0.08405405405405406,-0.052027972027972026,-0.1330263494499872,-0.03281963470319635,-0.17502434274586173,0.622897609914429,-0.4393626438477427,0.13030041310120977,3389.0,,,1.8,Buy,1.0373677900073224,Technology,-
6770,"Alps Alpine Co., Ltd.",,,0.03425,0.02637,0.03311,0.20533,-0.89,0.030699999999999998,-0.13093351847679652,0.018444633240818874,-0.08231632249666232,-0.1631051330311329,3588443555.0,406131048448,15.456301,19.451452,0.90748847,0.010436893203883494,0.024108241082410824,-0.020931326434619004,-0.00786463298379409,0.05046681806712087,-0.04342830882352941,0.03223406893131664,-0.04122524182404422,0.441268316118184,-0.3514292577468172,0.09502070622147497,2081.5,,,2.8,Hold,0.7946091119572976,Technology,-
6841,Yokogawa Electric Corporation,,,0.068169996,0.09608,0.12979999,0.06461,0.009,0.0165,0.04309669919744071,-0.2443120740645493,-0.2996573989968801,-0.14463713101377693,5788531110.0,1392903979008,24.390137,25.726583,2.721991,0.02206287920573635,-0.014711095356256646,-0.04353062629043358,-0.027126356317815892,-0.005011634150706998,0.027731558513588463,0.14665841584158415,0.11157768446310738,0.2592192840438928,-0.1365353480841878,0.06201654973916172,5559.0,,,,,0.9480519430038571,Industrials,-
6857,Advantest Corporation,,,0.3064,0.33258,0.45907003,0.02538,2.206,0.002,-0.21746917174123626,0.015444224515446303,-0.11373163135449607,-0.1418640358085971,236060003300.0,21621192523776,57.803356,125.478485,27.197971,0.022976680384087792,0.03217993079584775,0.016527517464644745,-0.0678125,-0.08045622688039457,-0.06017643352236925,0.09167429094236047,0.13985479556744365,0.4213878645658733,-0.22896413007039892,0.17800871605766008,29830.0,,,1.8,Buy,0.4606634834649143,Technology,Semiconductor
6861,Keyence Corporation,,,0.107,0.38073003,0.53596,,0.254,0.0070999999999999995,-0.03673883248621919,-0.34058025166217926,-0.37381240089302964,-0.4090944536844886,43980658000.0,18667158896640,42.016716,41.217957,5.377305,0.018121693121693122,-0.015477104118700435,-0.041469489414694895,-0.05708685532279799,-0.0016861219195849547,-0.009395109395109395,0.05990085375929496,-0.039196105355136686,0.42912823177861503,-0.10354683642977784,0.1572690658698194,76970.0,,,1.6,Buy,1.019378908081252,Technology,-
6890,Ferrotec Corporation,,,0.02671,0.05152,0.07403,0.57207,0.512,0.0165,0.2877021660567142,-0.4208762705923589,-0.28838881395124766,-0.09975252004386778,9308978100.0,476612984832,32.89426,20.653458,1.6394501,0.09123649459783914,0.07701421800947868,-0.020474137931034482,-0.06481481481481481,-0.028846153846153848,-0.12252955260805884,0.009573100437022235,0.057205438812788244,0.43014301430143015,0.1001100110011001,0.26512651265126513,9090.0,,,,,1.5926756671933582,Technology,Semiconductor
6902,DENSO Corporation,,,0.04166,0.05885,0.09092,0.14929,0.689,0.0383,-0.33977513844745166,-0.30208080716556646,-0.21446895124997759,-0.07884236284562227,15742092960.0,5205065203712,7.49622,10.027487,0.947599,0.0028526970954356845,-0.025944584382871536,-0.011250319611352595,0.03368083400160385,0.0312,0.017363851617995266,0.04288025889967637,0.013364779874213837,0.2929919834497026,-0.06904577191621412,0.10392774760796489,1933.5,,,2.4,Buy,0.7475671621414218,Consumer Cyclical,-
6920,Lasertec Corporation,,,0.2494,0.35205,0.36821,,0.189,0.0074,-0.35124685833829705,-0.26091754972917763,-0.29704217179092196,-0.1535913529583821,118648154800.0,3977809231872,45.87175,40.634697,17.64089,0.03161320316132032,0.007491486946651533,-0.06862539349422875,-0.1262059460523725,-0.10888902274963355,-0.19136935282103432,0.012626096070989927,0.11028034058703172,0.5096890491212258,-0.6484903109508787,0.059739747634069404,44380.0,,,2.4,Buy,1.1288813104721809,Technology,Semiconductor
6954,Fanuc Corporation,,,0.05703,0.19414,0.23903999,,0.11,0.015,-0.13283961776201308,-0.11075817648794649,-0.18999675905793192,-0.255790596645834,36993657600.0,6677678522368,40.161636,41.33788,3.5807753,0.044519048314114726,0.011877828054298642,-0.03804274768113994,-0.0349291975724882,0.018502704241389126,-0.042419376421785095,0.02964028776978417,-0.0932589964521034,0.25768585802124094,-0.21743991056456122,0.034726103968697596,7156.0,,,2.5,Buy,0.971545613853444,Industrials,-
6963,"ROHM Co., Ltd.",,,0.0049900003,-0.32926,0.01042,0.52728,,0.0089,-0.16278119638250513,0.012143280378860179,0.002661574428534719,-0.023354268450751243,30836960000.0,2161796448256,,64.4493,2.8521094,0.007919366450683946,0.044581234844245476,-0.058823529411764705,0.017626749045974922,0.04829651815799326,0.016518424396442185,0.1354420113544201,0.02601685599120557,0.48214285714285715,-0.375,-0.0017857142857142857,5600.0,,,2.5,Buy,,Technology,Semiconductor
6971,Kyocera Corporation,,,0.01476,0.06809,0.06842,0.09881000000000001,6.921,0.0151,-0.12827002625007602,-0.0939574394276871,-0.05153151032684853,0.36006384732201135,27713479200.0,4829792436224,36.23259,41.564247,1.4675407,-0.001610305958132045,-0.0056134723336006415,-0.05005107252298264,-0.026432870976184245,0.09058927000879508,0.010869565217391304,0.013347861618087714,0.06804478897502153,0.26344086021505375,-0.5967741935483871,-0.16863798387096768,3720.0,,,2.6,Hold,0.8717249226240043,Industrials,-
6976,"Taiyo Yuden Co., Ltd.",,,0.020480001,0.04167,0.03683,0.49711,,0.0060999999999999995,0.31478703387495516,0.6228706403754953,0.43461666166285867,2.7032676254660664,339295239000.0,1843413909504,136.98503,78.64809,5.348231,0.0034059945504087193,-0.09935799449709569,-0.2835603112840467,-0.34981240344294856,-0.12216924910607867,-0.23738027439813617,-0.06327503974562798,-0.005737428282146473,0.8329938900203666,-0.7963340122199593,0.09343177189409368,14730.0,,,2.6,Hold,1.741746430205743,Technology,-
6981,"Murata Manufacturing Co., Ltd.",,,0.06492,0.12777,0.26136,0.02052,1.412,0.0070999999999999995,0.21833546823015618,0.3412954211508678,0.2920134420885967,0.9711481530490406,281246837200.0,17948051767296,77.52182,41.556034,6.6016107,0.04063324538258575,0.07034303082935302,-0.11010830324909747,-0.17073170731707318,-0.08449396471680594,-0.16085106382978723,0.15240766713417483,0.024415584415584415,0.5973630831643002,-0.5740365111561866,0.11382890466531431,9860.0,,,1.5,Buy,1.8654768643225197,Technology,-
6988,Nitto Denko Corporation,,,0.07987,0.12984,0.118710004,,0.01,0.02,-0.1272576177285319,-0.220820485916922,-0.2542078158210827,-0.22801412580291364,9232719150.0,2132348764160,16.2073,16.66145,1.873646,0.020127795527156548,-0.006224712107065048,-0.009000620732464307,0.0,0.01300761421319797,0.01850079744816587,0.06256239600665557,0.06771442902524662,0.31224553711243347,-0.06044472283119324,0.08589812088944566,3193.0,,,,,0.9727424683926069,Basic Materials,-
7004,Kanadevia Corporation,,,0.011469999,0.01726,0.07646,0.9048999999999999,0.044,0.030699999999999998,-0.4636231617567213,-0.32381430218804563,-0.24611277496170422,-0.23914815966894062,1074380640.0,207932997632,18.656603,9.219064,1.0565114,-0.006430868167202572,-0.06292645943896892,-0.06575963718820861,-0.04555984555984556,-0.01904761904761905,-0.13867595818815331,-0.038880248833592534,-0.10951008645533142,0.1407766990291262,0.1407766990291262,0.1407766990291262,1236.0,,,3.0,Hold,2.023698175866878,Industrials,-
7011,"Mitsubishi Heavy Industries, Ltd.",,,0.03853,0.06677,0.11625,0.27142,0.481,0.0079,-0.40776728394701345,-0.13311668473722582,0.06873099443621637,-0.11755602324118941,80575606520.0,12829279125504,36.497467,41.19996,4.153797,0.003416557161629435,-0.047642803691693686,0.006856540084388186,0.021948608137044967,0.07036725539669189,-0.025274444728108247,0.07853107344632769,0.0031529164477141357,0.6762702985856469,-0.2640125720272394,0.39420586694604515,3818.0,,,1.7,Buy,0.8858617095744754,Industrials,-
7012,"Kawasaki Heavy Industries, Ltd.",,,0.024719998,0.0468,0.080299996,0.9079600000000001,-0.034,0.0144,-0.13815072941616938,-0.2413516813006874,-0.08484428722513981,-0.13624133034848318,46976746425.0,2323239665664,21.460005,4.871871,2.6456966,0.012015292190060076,-0.053948264125255274,-0.014361702127659574,0.03001667593107282,-0.019922425952045134,-0.12895643998746475,-0.019230769230769232,-0.11396238444373605,0.6909516100017988,0.07933081489476525,0.3928903040115128,2779.5,,,1.6,Buy,4.404879562697781,Industrials,-
7013,IHI Corporation,,,0.0358,0.097959995,0.06068,0.71881,1.112,0.008199999999999999,-0.5291761273412765,-0.32312090128541693,-0.11936845765849868,-0.2816026166188663,38338339655.0,2979585064960,18.518152,4.8594303,4.5682106,-0.0008887308922858159,-0.057511737089201875,-0.020561073357727826,0.05124368804937348,0.05163704396632367,-0.0023074192403265887,0.1565843621399177,0.015904572564612324,1.028108877423946,0.03184486746130582,0.38021376979185195,2810.5,,,2.1,Buy,3.8107660480283054,Industrials,-
7186,"Yokohama Financial Group, Inc.",,,0.00428,0.27606001,0.31564,,0.095,0.025699999999999997,0.0728643288218709,0.37029964607388766,0.2593943920937715,0.02800057452731941,6562858500.0,2078462967808,19.880928,25.24298,1.4805385,-0.008220631132325643,-0.01837270341207349,0.011904761904761904,0.07533064979873491,0.09133352786693902,0.06826620965438446,0.0872093023255814,0.1518324607329843,0.1497326203208556,-0.3850267379679144,-0.020202032085561535,1870.0,,,1.8,Buy,0.7875824486649358,Financial Services,Momentum
7201,"Nissan Motor Co., Ltd.",,,0.00187,-0.0444,0.01986,1.70177,,,0.09743626484517628,-0.12320519737925212,-0.02636047912332606,0.12137012505226391,9675835155.0,1085626777600,,-21.165644,0.22622028,0.019704433497536946,-0.035114941645798446,-0.008304075544016513,0.022390475863179164,0.035,-0.05277604770350096,-0.07918152799661882,-0.2174898952819423,1.1578099838969405,-0.001610305958132045,0.31287297906602257,310.5,,,3.2,Hold,,Consumer Cyclical,-
7202,Isuzu Motors Limited,,,0.036530003,0.03877,0.03215,0.51527,-0.529,0.04,-0.11123000903984359,0.07566805320162244,0.2576542568848833,0.025792882624313923,7526665800.0,1614319976448,12.165312,9.2320385,1.0911189,0.005349882302589343,-0.01694915254237288,0.01512532411408816,0.09027616616384312,0.0699157367342291,0.030037272527954396,0.10023419203747072,0.00021290185224611454,0.362281822051937,-0.1911451681566624,0.08556832694763729,2349.0,,,2.2,Buy,1.3177276069635109,Consumer Cyclical,-
7203,Toyota Motor Corporation,,,0.02368,0.07592,0.04566,1.07061,0.232,0.0354,-0.009327325539773591,-0.008123902470298679,0.08895525850458327,0.030843074571637145,80068325550.0,33427292160000,9.560093,8.70705,0.92170084,-0.0003541076487252125,-0.04175152749490835,-0.001768033946251768,0.03615342264635713,0.019869942196531792,0.016747703943814155,0.01711403350747613,-0.07199211045364892,0.594048884165781,0.027275947573503365,0.2807203684024087,2823.0,,,1.7,Buy,1.097971528818601,Consumer Cyclical,-
7211,Mitsubishi Motors Corporation,,,0.02024,0.0034599998,0.0477,0.41048,0.871,0.0276,3.555670690130113,-0.38831421282021894,-0.35599903603990113,-0.3269559514124994,5569831404.0,484215980032,48.304405,3.9644969,0.52662605,0.0943738454944711,0.06411764705882356,0.08388260404730027,0.15112953882238073,0.15296371597917183,0.13062500000000005,0.12047075515271222,-0.02611036339165542,0.5201768933112216,-0.17081260364842457,0.07333703703703706,361.8,,,3.1,Hold,12.184245874930562,Consumer Cyclical,-
7261,Mazda Motor Corporation,,,0.0075199995,0.00713,0.052729998,0.45171999999999995,1.113,0.0492,-0.3824022084896028,-0.16349775981251122,-0.09976940056583614,-0.17624176900618513,7057470675.0,704896565248,20.080862,4.076979,0.3698499,0.010397830018083183,-0.024017467248908297,-0.019736842105263157,0.02241537053979872,0.01683348498635123,0.014065335753176044,-0.012372956252761821,-0.026991728341314757,0.610738255033557,-0.10514541387024609,0.16075418344519024,1117.5,,,2.6,Hold,4.92542689084246,Consumer Cyclical,-
7267,"Honda Motor Co., Ltd.",,,-0.00806,-0.019450001,-0.1728,1.13568,,0.046799999999999994,-0.37524413437874615,-0.28027177500607997,0.008225901062136646,-0.005487786563951323,30697081650.0,5821353689088,,6.5551853,0.49260402,-0.004327563249001331,-0.04775549188156638,-0.03516129032258065,0.01561969439728353,0.03173508106243532,0.05876106194690266,0.059886605244507445,0.029604130808950087,0.23704446673353394,-0.1307255098629221,0.052291808759612105,1495.5,,,2.2,Buy,,Consumer Cyclical,-
7269,Suzuki Motor Corporation,,,0.05984,0.0698,0.0988,0.18026,0.273,0.0255,0.03260089239767821,0.1791695574681034,0.10252078080658214,-0.02484238394256722,18063005160.0,3928001609728,8.944733,11.551773,1.161415,0.004192355117139334,-0.04390702042733036,-0.035071090047393366,0.02285857824667169,0.03692386045327222,0.06235324810853118,0.08993576017130621,0.03166962249809982,0.6208251473477406,-0.1650294695481336,0.24956665029469538,2036.0,,,1.7,Buy,0.7743168949043578,Consumer Cyclical,-
7270,Subaru Corporation,,,0.00555,0.01898,-0.01518,0.1979,-0.616,0.04650000000000001,-0.27534965067300055,-0.33049154334638375,-0.2582025517707071,-0.13349924739080798,10028723300.0,1756154822656,19.881151,5.5838075,0.64170545,0.0016073940124573037,-0.03147464542451914,-0.009143311468892865,0.03595178719866999,0.03810912119950021,0.021307109198934644,0.0074777687954729185,0.02067977067977068,0.46439317953861586,-0.11735205616850551,0.14343029087261785,2492.5,,,2.8,Hold,3.560500787321196,Consumer Cyclical,-
7272,"Yamaha Motor Co., Ltd.",,,0.027,0.01012,0.08229,0.98199,0.351,0.04019999999999999,-0.3195856137607506,-0.35309819555529803,-0.24453370939228852,-0.25972690489774114,6909470445.0,1206665216000,7.7457333,6.570674,1.0376621,0.0097442143727162,-0.03078721745908028,-0.004403522818254604,0.02219482120838471,0.006882591093117409,0.025603872078601406,0.06476882968322069,-0.032286802709662915,0.20627261761158022,-0.03498190591073583,0.02613590671491757,1243.5,,,2.9,Hold,1.1788339065368332,Consumer Cyclical,-
7453,"Ryohin Keikaku Co., Ltd.",,1.0,0.03271,-0.01726,0.03749,0.59899,,0.0088,0.5125343280070429,0.272279962078959,0.33961530931501244,-0.006630450543355357,17774945220.0,1923190882304,32.258926,23.004635,5.26237,-0.034381663113006396,-0.049330884282340594,0.0022130013831258644,0.04349078341013825,0.034551684751570534,0.036327231121281466,-0.02502691065662002,-0.06695853721349472,0.49047750483025115,-0.03394976538780017,0.18599917195694177,3623.0,,,1.6,Buy,1.4022794102145069,Consumer Cyclical,Momentum
7532,Pan Pacific International Holdings Corporation,,,,0.0,0.07061,0.55753,0.38,0.01,-0.07885969933909291,0.2643257566876686,0.2042701675346136,0.0433906901063303,9207825056.0,2542252589056,25.445843,4.799368,3.7052531,-0.023538895211140734,-0.01880698278233973,0.03922768261748109,0.07157261361068641,0.04024464831804279,0.04532520578337678,0.0009603446539286173,-0.02514081560014984,0.528692380056444,-0.05926622765757288,0.2783670037629351,850.4,,,1.6,Buy,5.30191537719133,Consumer Defensive,Momentum
7729,"Tokyo Seimitsu Co., Ltd.",,,0.086339995,0.14828,0.23775,0.07626000000000001,0.409,0.0146,0.45863150498337557,0.09216409545741718,0.24917034569286306,0.0940317338302014,10273544150.0,767348178944,31.152676,30.999428,4.0027366,0.04418668876001105,0.06567080045095829,-0.024006195147134743,-0.09631931166347993,-0.02148033126293996,-0.058281444582814444,0.013401232913428035,0.08743169398907104,0.21660936260248612,-0.20655911134620472,0.07530134884951072,18905.0,,,2.3,Buy,1.0049435750879014,Technology,Semiconductor
7731,Nikon Corporation,,,-0.00878,-0.12713,-0.00773,0.37395,,0.009000000000000001,-0.230270650207042,-0.5030659524378177,-0.5354488814192033,-0.26143607630250376,3925136850.0,735422906368,,21.0832,1.2532798,0.04127798507462686,0.02314390467461045,-0.016952884191985908,-0.01434878587196468,0.019173704633645285,0.036925220622387366,0.10437793717536482,0.21035510978584981,0.012318029115341545,-0.5072788353863382,-0.23852183650615902,2232.5,,,3.5,Hold,,Consumer Cyclical,-
7733,Olympus Corporation,,,0.05752,0.06745,0.15875,0.29503,-0.387,0.0171,-0.23290597727299683,-0.2555582155685828,-0.2621158471440461,-0.15968821588270646,6860919450.0,1863654309888,28.65196,13.956543,2.3776948,0.007179781734635267,-0.020391061452513966,-0.008201357466063349,0.06530984204131227,0.041270783847980996,0.06530984204131227,0.029653552554315912,-0.01792215065807897,0.3116623895067009,-0.08753920729968634,0.0910047904191617,1753.5,,,2.6,Hold,2.0529410470773457,Healthcare,Momentum
7735,"SCREEN Holdings Co., Ltd.",,,0.10989001,0.15188,0.24991,0.01252,0.269,0.0096,0.08285647542908195,0.17479128577466874,0.2272263002422827,0.42333958646666475,68406442500.0,3431943897088,37.31343,20.749971,7.0533566,0.022535211267605635,0.0620245757753072,-0.04171066525871172,-0.06875320677270395,0.09767160568491079,0.08390564347566437,0.30154177124417353,0.6321942446043165,0.6198347107438017,-0.36639118457300274,-0.04442148760330578,18150.0,,,2.3,Buy,1.7982401035644822,Technology,Semiconductor
7741,HOYA Corporation,,,0.15149,0.26704,0.27271,0.040810000000000006,0.075,0.0118,-0.11853748331173461,0.6051991846910159,0.27265028243477685,-0.07466307052350724,30879339750.0,8354499395584,33.55682,36.55645,8.210839,0.007869249394673124,-0.02612595047767596,-0.03682992672580023,-0.03590040532715692,-0.02346041055718475,-0.08331804000734079,-0.05469341408024224,-0.07773264401772526,0.3613613613613614,-0.07507507507507508,0.21641641641641643,24975.0,,,1.5,Strong Buy,0.917945260001997,Healthcare,Momentum/Semiconductor
7751,Canon Inc.,,,0.045440003,0.06612,0.06526,0.33696,-0.286,0.0369,-0.21394862361332043,-0.346795593721405,-0.29841729887925406,-0.17710730559683133,16482929400.0,3707520679936,11.820459,11.972744,1.0980395,0.008364312267657992,0.005560704355885079,0.018779342723004695,0.046792088760250844,0.038774533269506944,0.026241770762145282,0.03512798358668483,0.04614525594679446,0.35944700460829493,-0.055299539170506916,0.09656474654377888,4340.0,,,2.6,Hold,0.9872806935486134,Technology,-
7752,"Ricoh Company, Ltd.",,,0.023120001,0.021340001,0.02831,0.43817999999999996,-0.506,0.0294,-0.03919980061863444,-0.18613845403038906,-0.20609995757540356,-0.24779383175155636,3113640240.0,845524828160,15.338115,12.964406,0.737055,0.012512681772066284,0.013540961408259987,0.03850156087408949,0.07158196134574088,0.0586987270155587,0.013540961408259987,0.04102920723226704,0.026396983201919782,0.13560454241816966,-0.2651970607882432,-0.05143620574482298,1497.0,,,3.3,Hold,1.183094312226877,Industrials,-
7832,BANDAI NAMCO Holdings Inc.,,,0.103310004,0.104320005,0.09284,0.014079999999999999,41.949,0.011899999999999999,-0.0062975334490545775,-0.06962128047083825,-0.0724291954664179,-0.1945611151533464,8960521050.0,2576366960640,18.484262,23.641928,2.9930615,-0.006430868167202572,-0.014958312898479646,0.025791624106230846,0.04636624120864809,0.08626284478096269,0.11862990810359231,0.09574468085106383,0.10326833287558364,0.590739357729649,-0.17849141150112025,0.19697172018919581,4017.0,,,2.1,Buy,0.7818424114987577,Consumer Cyclical,Momentum
7911,TOPPAN Holdings Inc.,,1.0,0.01653,0.0359,0.046230003,0.37036,-0.585,0.011200000000000002,-0.3057535496885366,-0.354411139803223,-0.37126815264329227,-0.08348846340393108,6753082420.0,1464736677888,22.883667,19.464819,1.0966035,-0.008766914427291786,-0.029120776554041442,-0.021080368906455864,-0.010087552341073468,0.004054054054054054,0.15193798449612403,0.15398269358775238,0.14007014467338885,0.22091905402807152,0.01903480099980773,0.1440107671601615,5201.0,,,,,1.1756424244170984,Industrials,-
7912,"Dai Nippon Printing Co., Ltd.",,,0.03196,0.068730004,0.06429,0.22234,,0.0129,-0.03033295005749139,-0.06658569389193365,-0.08543493908453519,0.09643706233550355,5933790720.0,1358419853312,13.459087,16.140207,1.148067,0.007954183900731784,0.005395112662646779,0.03800786369593709,0.07226265019461837,0.09771309771309772,0.15789473684210525,0.2317262830482115,0.14347590687601516,0.16792929292929293,-0.21085858585858586,-0.03409090909090909,3168.0,,,,,0.8338856496697967,Industrials,-
7951,Yamaha Corporation,,,0.033269998,0.050970003,0.06252,0.03471,,0.022000000000000002,-0.1456021263978313,-0.1327421695611711,-0.1958636208239692,-0.19686517343496365,2183995830.0,519298351104,22.421652,15.473849,1.0856102,0.010702054794520547,-0.006313131313131313,0.01461108723678556,0.03825857519788918,0.03190559440559441,0.05874439461883408,0.0707482993197279,0.021193771626297576,0.1859381617958492,-0.15290131300296483,-0.022206014400677588,1180.5,,,2.7,Hold,1.4490028951426372,Consumer Cyclical,-
7974,"Nintendo Co., Ltd.",,,0.06249,0.18333,0.14668,,0.571,0.031200000000000002,-0.3477800268629046,-0.40692095709622267,-0.35400562499234184,-0.16140166064335623,61309051800.0,8104385708032,19.267666,20.656422,2.7435067,-0.012640449438202247,-0.01650811415780638,-0.01430173864273696,0.0071633237822349575,0.06692973137046593,-0.006500847936687394,-0.020072483969891274,-0.01650811415780638,2.0241820768136556,-0.2887624466571835,0.4466398293029873,7030.0,,,1.9,Buy,0.9327688018767238,Communication Services,Momentum
8001,ITOCHU Corporation,,,0.02753,0.060739998,0.04573,0.66192,-0.03,0.023399999999999997,0.17767908949703692,-0.15958112532888455,-0.12124569993057265,-0.1656669272842966,26851201320.0,13168995729408,14.727955,2.9106863,1.9983411,-0.003965107057890563,-0.01050420168067227,-0.0023828435266084196,0.017278617710583154,0.02754295064085083,0.019756427604871448,0.003996802557953637,-0.02660811159907001,0.4861995753715499,0.09341825902335456,0.2718438428874735,1884.0,,,1.7,Buy,5.059959570359746,Industrials,Momentum
8002,Marubeni Corporation,,,0.01626,0.065799996,0.03156,0.53391,0.449,0.0236,-0.2829282756049526,-0.28181590943475654,-0.02512383492823048,-0.18747342123210214,22154807150.0,7937460797440,14.770973,15.696684,1.8319571,-0.009138911454102356,-0.03347860538827258,-0.01692524682651622,0.04520137103684661,0.03985507246376811,-0.003268641470888662,-0.004082465809348847,-0.06100846805234796,0.4716130354580857,0.024800163968026236,0.24410739905718384,4879.0,,,2.1,Buy,0.9410250598151814,Industrials,-
8015,Toyota Tsusho Corporation,,,0.0442,0.03205,0.0465,0.7025100000000001,-0.013,0.0207,0.06506244202581742,-0.1677284563803059,-0.20069307925773122,-0.24295743273318682,14085045520.0,6370553233408,17.182072,17.149353,2.0175817,-0.012438625204582651,-0.03855959209687699,-0.02927927927927928,0.0031587697423108895,0.012755958375293723,-0.02535939266677435,-0.022675736961451247,-0.1292929292929293,0.4053695724229367,0.17666556181637388,0.2869664733178654,6034.0,,,1.7,Buy,1.0019078853878627,Industrials,-
8031,"Mitsui & Co., Ltd.",,,0.0159,0.05959,0.0379,0.63294,-0.093,0.030699999999999998,0.08677368807764416,0.12646130598627964,0.03317412349049468,-0.044605545772164766,32546104920.0,12912562274304,15.674131,15.504509,1.472735,-0.012570437798006068,-0.025871285011759674,-0.009565217391304347,0.026126126126126126,0.01064773735581189,-0.033927056827820185,-0.06753990994678674,-0.1387523629489603,0.6681299385425812,-0.012291483757682178,0.35189442493415274,4556.0,,,2.1,Buy,1.0109401723072946,Industrials,-
8035,Tokyo Electron Limited,,,0.14237,0.23509,0.2889,,0.505,0.009899999999999999,-0.008985384736314427,0.010468569385210857,-0.07273612800551668,0.5198394630041879,312244469600.0,33177124995072,58.479717,56.975475,16.027454,0.02645651562060231,0.04994961854037714,-0.003551912568306011,-0.07436548223350253,0.00027427317608337906,-0.03211252653927813,0.07264705882352941,0.3914536436474628,0.35727995612832464,-0.472168905950096,-0.005533726350425071,72940.0,,,1.7,Buy,1.0264015701492615,Technology,Semiconductor
8053,Sumitomo Corporation,,,0.0197,0.08182,0.059910003,0.99398,0.338,0.025699999999999997,-0.26262331539742767,-0.29458942695088125,-0.28294657172398663,-0.2928320347857174,18826994250.0,7404195938304,12.483949,3.5089896,1.6032512,-0.0063877355477483235,-0.033550792171481825,-0.012380952380952381,-0.0063877355477483235,0.003386550556361877,-0.0331002331002331,-0.005911487458060393,-0.12353852655303564,0.45483767277402765,0.04468016714882674,0.26023246544519446,1555.5,,,1.7,Buy,3.5577047592275566,Industrials,Momentum
8058,Mitsubishi Corporation,,,0.011619999,0.04232,0.01869,0.63488,0.683,0.028399999999999998,-0.36426412727724616,-0.24797769922154114,-0.24583027693209517,-0.32459701663967777,37730678850.0,16143547891712,21.008244,20.793247,1.710019,-0.0004534119247336205,-0.02022222222222222,-0.010769575947947049,0.01496316758747698,0.0013627072450601862,-0.028854625550660793,-0.058509502455690796,-0.12951628825271472,0.5876616012701292,-0.2558992968927195,0.18460195055568152,4409.0,,,2.4,Buy,1.0103397511701755,Industrials,-
8154,"Kaga Electronics Co.,Ltd.",,,0.04903,0.047199998,0.03923,0.43794,0.707,0.0329,-0.3291543691940694,0.013406421017517545,-0.030269632971088783,0.3143296897451488,756150000.0,203027480576,6.7888446,10.845214,1.1063987,0.0047169811320754715,0.0,0.013079667063020214,0.028985507246376812,0.002352941176470588,-0.04161979752530934,-0.048044692737430165,-0.03728813559322034,0.2676056338028169,0.2676056338028169,0.2676056338028169,4260.0,,,,,0.6259760849347924,Technology,Semiconductor
8233,"Takashimaya Company, Limited",,,0.02686,-0.010089999,0.16606002,0.8625499999999999,0.944,0.0175,-0.07513874480963918,0.23899376287200713,0.30636499493492214,0.808144484997519,5690866910.0,671295995904,,17.391636,1.477065,-0.0047784535186794095,0.012372956252761821,-0.019263698630136987,-0.06298568507157465,-0.1082133125729856,0.013268465280849183,0.0760920620009394,0.14952333166081286,0.09122653862941947,-0.12701876909646442,-0.026625927542557836,2291.0,,,2.8,Hold,,Consumer Cyclical,Momentum
8252,"Marui Group Co., Ltd.",,,0.0286,0.10285,0.14659001,2.92561,-0.066,0.045700000000000005,-0.17292625513824958,-0.22197832485161093,-0.15979807702083954,-0.09184430375702024,2915435380.0,523889311744,18.518635,18.543236,2.1570864,-0.00929368029739777,-0.024134487350199733,-0.00017053206002728513,0.04009224764945893,0.047151277013752456,0.055065682922440164,0.02913814288221871,0.07459677419354839,0.50093808630394,0.057479106259594064,0.21287931093296944,2931.5,,,2.1,Buy,0.9986733167824645,Financial Services,Momentum
8253,"Credit Saison Co., Ltd.",,,0.01115,0.113000005,-0.16344,4.61981,0.559,0.0349,-0.11861176530524814,-0.10809242342826435,-0.01363777377923927,0.38604041968612285,4335259300.0,658086297600,10.61582,13.600071,0.86401916,-0.008868699978369024,-0.025313763029142736,-0.0021777003484320556,0.03128516767949584,0.06657355679702048,0.04587993608765122,0.08526764566556135,0.11947226972880527,0.2439982540375382,0.00392841553906591,0.1286010475774771,4582.0,,,1.9,Buy,0.7805709249606123,Financial Services,Momentum
8267,"Aeon Co., Ltd.",,,0.01161,0.00678,0.04264,2.04386,0.754,0.0102,0.42910615300386695,0.08121119245190472,0.13333478695123024,0.007349737072065232,13785491250.0,3809642283008,51.284916,21.972237,3.1222155,-0.026511134676564158,-0.05813953488372093,-0.0216696269982238,0.06086286594761171,0.0539609644087256,0.04714828897338403,-0.00792507204610951,-0.010420409629895796,0.6702977487291213,-0.4117647058823529,0.0457516339869281,1377.0,,,3.6,Underperform,2.3340780458539565,Consumer Cyclical,-
8304,"Aozora Bank, Ltd.",,,0.0032499998,0.20477,0.12537,,-0.096,0.0344,0.12019388671147999,-0.017110599893824168,0.2735574342358075,0.03460168193431228,4078844525.0,402342969344,15.673855,15.6519165,0.8383176,0.002932045532942394,-0.005302771125555936,0.027385159010600707,0.06093778507571611,0.06638547588483404,0.041741311357936225,0.0593915102933139,0.08874742557573488,0.05588993981083405,-0.26053310404127256,-0.04729148753224419,2907.5,,,4.0,Underperform,1.0014016494401818,Financial Services,-
8306,"Mitsubishi UFJ Financial Group, Inc.",,,0.00453,0.25767002,1.16926,,,0.0277,-0.11415028524723683,-0.2221691950951677,-0.11665749298983191,-0.03148427498413431,109619664630.0,39029257011200,16.286293,22.817776,1.9959136,0.013766842413591095,0.004352872896111433,0.04058929645219483,0.06590699106867878,0.06656394453004623,0.05582672361195851,0.09456040480708412,0.15405135045015006,0.17596070499855532,-0.3267841664258885,0.025977809881537143,3461.0,,,1.7,Buy,0.7137546183291483,Financial Services,Momentum
8308,"Resona Holdings, Inc.",,,0.00339,0.23471001,0.26201,,-0.156,0.0158,-0.23907103032451374,0.033917446483322455,0.0380936491469199,-0.006636134327017749,20574890865.0,5238153019392,20.533674,26.52169,1.8110394,-0.012264749418481708,0.00408426483233018,0.04008016032064128,0.10451643414518799,0.11108468125594671,0.06352459016393443,0.08779692594317652,0.1451336111792106,0.15606936416184972,-0.4904731320916292,-0.05373581674159709,2335.5,,,2.5,Buy,0.7742219292963609,Financial Services,Momentum
8309,"Sumitomo Mitsui Trust Group, Inc.",,,0.004,0.19398001,0.14471,,0.64,0.0072,-0.17613169474077384,-0.03985034579049674,0.10247881835447391,0.18074091972679002,18059682720.0,4547930488832,14.513666,17.657988,1.2845895,-0.0028888551011099287,0.0004576659038901602,0.0366740436294657,0.07156862745098039,0.09812458137977227,0.08164275111331024,0.10015098137896326,0.19802703690171722,0.12839280268374503,-0.32601402866727663,-0.05865606892345231,6558.0,,,2.2,Buy,0.8219320343857975,Financial Services,-
8316,"Sumitomo Mitsui Financial Group, Inc.",,,0.00397,0.27114,2.71075,,,0.019799999999999998,-0.2283878479555151,-0.23731538964895127,-0.13989499698637925,0.026070821122860355,73269306640.0,25974972350464,16.556114,21.440483,1.6401776,-0.00029342723004694836,0.0002935995302407516,0.021282973621103117,0.059225866625213744,0.0661868252229698,0.051218759642085776,0.06369029035279425,0.17099157930915965,0.23275609040211329,-0.33959495157029645,0.005038670384502455,6814.0,,,1.7,Buy,0.772189413829903,Financial Services,-
8331,"The Chiba Bank, Ltd.",,,0.00439,0.29219,0.48479,,0.298,0.0232,0.23268624023238085,0.07501858437729673,0.04821046452797037,-0.04925438225358158,6443410280.0,1907301416960,20.576145,24.954687,1.5282865,0.008792819197655248,-0.0010883366588064574,0.03320825515947467,0.10162032406481296,0.11749188311688312,0.10537936571657969,0.1328944661592265,0.18379191745485812,0.05320501180315961,-0.27365171599782095,-0.056201198474668604,2753.5,,,2.1,Buy,0.8245402957769016,Financial Services,Momentum
8354,"Fukuoka Financial Group, Inc.",,,0.0026,0.20194,0.13232,,0.324,0.0288,0.13945640708066787,-0.15315579429176673,-0.01795102476875936,0.07225087938580371,4864570760.0,1376781860864,16.129103,17.913164,1.2791883,-0.013138290667750237,-0.015139226818058935,0.009001523334718183,0.053651482284887926,0.06194432298498761,0.044737596788069975,0.06101645551186836,0.1113483831604637,0.15289596486412296,-0.13532802635190777,0.020278616524842162,7286.0,,,2.6,Hold,0.900405031740903,Financial Services,Momentum
8411,"Mizuho Financial Group, Inc.",,1.0,0.00428,0.2838,0.2587,,6.798,0.0181,-0.27853781510925724,-0.2932037627056338,-0.21297787956672554,-0.10263819612808903,67307716710.0,20239494414336,16.529041,24.676945,1.7900205,0.011322132943754566,0.009724079251245897,0.028348601138895767,0.0630918863578193,0.06581986143187067,0.05365296803652968,0.09837366124553748,0.15455177206393328,0.17972794029132058,-0.4402311303719754,0.017925725291922434,8307.0,,,1.9,Buy,0.6698171511911218,Financial Services,Momentum
8591,ORIX Corporation,,,0.025829999,0.13428001,0.22379999,1.4812299999999998,-0.257,0.0241,-0.27004824755310985,-0.2384024138678087,-0.30258132777606916,-0.19436010242715032,18442342720.0,7065653215232,16.207346,17.40663,1.5854452,0.0031012560086835167,0.007946400747896541,0.021797504343705577,0.043555412163252136,0.05358306188925081,0.02276679841897233,0.0618844386080105,0.03719737053070386,0.15937548307311794,-0.18070799196166332,0.007690524037718349,6469.0,,,2.1,Buy,0.9311018847416186,Financial Services,Momentum
8601,Daiwa Securities Group Inc.,,,0.00513,0.11942001,0.88216,9.57078,0.696,0.039599999999999996,-0.06371722484878108,0.060779971974276585,0.041389814184445775,-0.051420259443621656,9779504355.0,2452202979328,14.244864,17.968908,1.3849504,0.016671457315320496,0.003404255319148936,0.05017814726840855,0.08397180508734294,0.10773567178202317,0.10118306351183064,0.12679197196559414,0.1786071309563479,0.017811704834605598,-0.19140514560361888,-0.04721515408538309,1768.5,,,3.0,Hold,0.7927506780044731,Financial Services,Momentum
8604,"Nomura Holdings, Inc.",,,0.00627,0.16705999,0.19542,9.84203,0.041,0.0331,-0.2205417195116482,-0.08308757826794236,0.0163001500510251,-0.0914565205935791,15464887230.0,4510144004096,12.969656,16.965366,1.2073685,0.011140235910878113,0.005211726384364821,0.04858987427794767,0.07189996526571726,0.08394801545486477,0.09549165779197728,0.1308171491388787,0.20077821011673153,0.3480233311730395,-0.1510045366169799,0.07177576150356449,1543.0,,,2.0,Buy,0.7644784085412599,Financial Services,Momentum
8630,"Sompo Holdings, Inc.",,,0.03132,0.10715,0.11738,0.14138,,0.030699999999999998,0.08127168865384517,-0.1639885345693912,-0.1528103563489574,-0.18479509387878632,16878634890.0,5800770142208,25.974077,23.859764,1.1244925,-0.019864559819413093,-0.01942186088527552,-0.01838733986435569,0.04208,0.06317335945151811,0.02696310312204352,0.05919661733615222,0.0931520644511581,0.24366651312759097,-0.2647013664977737,-0.0059182250882849645,6513.0,,,2.4,Buy,1.0886141623194598,Financial Services,-
8697,"Japan Exchange Group, Inc.",,,0.00091,0.39821,0.58671004,0.14679,0.73,0.027999999999999997,-0.09976517285373535,-0.17702579816276395,-0.21541975031413788,0.004022921031276098,7918955835.0,2237285007360,37.034203,35.138844,6.484607,0.02568331762488219,-0.002977553825011452,-0.0011473152822395595,0.05221174764321972,0.08175944333996024,0.02399435426958363,0.02592505302851756,0.11558175294720656,0.14863312657937056,-0.26487479898920285,-0.01677004364805881,2176.5,,,2.6,Hold,1.0539391392613826,Financial Services,-
8725,"MS&AD Insurance Group Holdings, Inc.",,,0.01615,0.074889995,-0.16149001,0.23462,,0.0316,-0.043707161057564975,-0.011543641451299125,0.06897572067091301,0.1090348298830736,24000601320.0,6381941817344,12.91979,10.767696,1.0098794,-0.01709211986681465,-0.02337891486546096,-0.0058374494836102376,0.03433777154870357,0.04409337420419712,-0.02702702702702703,-0.036763106373721995,0.032890132960111965,0.35501355013550134,-0.26151761517615174,0.06594399277326106,4428.0,,,2.3,Buy,1.1998657837294069,Financial Services,-
8750,"Daiichi Life Group, Inc.",,,0.00914,0.04019,0.2289,0.52573,-0.355,0.0387,-0.06358761013036007,-0.23209916906850683,-0.17414192603906353,0.13169545126708698,18949148640.0,6701370048512,15.3370695,5.0313616,1.5752324,-0.008524240809802876,0.0008066684592632429,0.009766684753119913,0.03908431044109436,0.07790327251665219,0.025626894461284102,0.061305959509552324,0.13753056234718827,0.07469102632993015,-0.1832348199892531,-0.02041912950026867,1861.0,,,,,3.0482940244247203,Financial Services,-
8766,"Tokio Marine Holdings, Inc.",,1.0,0.01516,0.06553,-0.28138,0.08192,,0.0322,0.10444333497029212,0.00900961275553154,-0.0850081573370546,-0.051196121742489664,46610755660.0,14546070667264,27.247986,15.433452,1.7966824,-0.03316391359593392,-0.013867288750648004,0.0032964135021097047,0.06988188976377953,0.10227437346081414,0.05768696135668613,0.038771331058020476,0.07003234425537899,0.37994480220791166,-0.23222499671441713,0.09609239059009062,7609.0,,,1.8,Buy,1.7655146755243092,Financial Services,-
8795,"T&D Holdings, Inc.",,,0.01592,0.04759,0.63365,0.20335,3.45,0.0334,-0.5109412124788196,-0.26698624561755546,-0.06895745773989502,0.09812708610747331,10401174480.0,2359020486656,17.574717,19.873869,1.4632995,-0.006266424095411361,-0.007470220068645265,-0.007670569236980218,0.020976116303219106,0.04997864160615122,0.004495300367797303,0.0432937181663837,0.1721506914639962,0.13913751017087062,-0.2127746135069162,0.007729861676159479,4916.0,,,2.2,Buy,0.88431281297064,Financial Services,-
8801,"Mitsui Fudosan Co., Ltd.",,,0.02491,0.10285,0.13074,1.3686099999999999,-0.43,0.0245,-0.4309167090906244,-0.32602206062156824,-0.33101756783700376,-0.001208564720080957,14156664770.0,4066532655104,14.970772,15.900242,1.2526175,-0.007227332457293035,-0.038498250079541836,-0.01883116883116883,0.021636240703177823,0.020945945945945947,0.0009937065253395165,-0.030166880616174584,-0.01274093433518458,0.6942422236929185,0.1912640635340834,0.4054510258107214,1511.0,,,1.4,Strong Buy,0.9415436570084909,Real Estate,Momentum
8802,"Mitsubishi Estate Co., Ltd.",,,0.02488,0.12743,0.19094,1.24477,-0.187,0.012,-0.2982749715668987,-0.2877327318026803,-0.23402465068481523,-0.020325353587047495,13949293050.0,5035949817856,22.988064,27.72875,1.8746433,-0.004288777698355968,-0.04107388710417623,-0.008540925266903915,0.05,0.019019751280175568,0.03185185185185185,-0.004051477597712107,0.030325443786982247,0.507537688442211,0.11270638908829864,0.2632426417803303,4179.0,,,1.3,Strong Buy,0.8290335482125952,Real Estate,Momentum
8804,"Tokyo Tatemono Co., Ltd.",,,0.02333,0.11253,0.12848,2.43131,-0.6,0.0364,0.009781431258071255,0.020971216959173443,-0.004048282280148504,0.0382715051623571,3717317880.0,695109025792,11.820365,13.594834,1.175688,-0.0035714285714285713,-0.02162478082992402,0.010259505129752565,0.03557067738942159,0.027939821922014125,0.01630049169012124,0.030735648111471576,0.043347902083270884,0.4336917562724014,0.03046594982078853,0.2072879330943847,3348.0,,,2.3,Buy,0.8694747578381612,Real Estate,Momentum
8830,"Sumitomo Realty & Development Co., Ltd.",,,0.026889998,0.20093,0.21812001,1.6092199999999999,-0.149,0.0138,-0.1485696484373113,-0.17203424621449712,-0.2600685026677817,0.12270961040260014,12298918500.0,3474644533248,16.474709,8.994405,1.406334,-0.008695652173913044,-0.03389830508474576,-0.02209513906940473,0.025627044711014176,0.05319148936170213,0.04239401496259352,0.05407677220509947,0.012106537530266344,0.6640085061137693,-0.051036682615629984,0.3600116959064326,3762.0,,,1.8,Buy,1.831661905373396,Real Estate,Momentum
9001,"Tobu Railway Co., Ltd.",,,0.02484,0.08486,0.07609,1.26801,-0.146,0.025699999999999997,-0.009519985696495974,-0.19645811630614615,-0.11126055275039401,0.021321351143256183,1408798755.0,570071646208,10.309406,12.785599,0.92603624,0.002234444826400825,-0.010185028008827025,0.004651964162646451,0.023161958238287417,-0.0029069767441860465,0.018693221523410204,0.02694610778443114,0.047610492274523894,0.1661807580174927,0.028983021780140627,0.07185731435431315,2915.5,,,2.5,Buy,0.8063295274628901,Industrials,-
9005,Tokyu Corporation,,,0.022950001,0.08016,0.04972,1.44317,0.166,0.018799999999999997,-0.5262743216894106,-0.49373438761507055,-0.45645363610878936,-0.37573882693041855,3903049350.0,965869043712,20.121735,14.828848,1.0629563,-0.005549065420560747,-0.020425776754890677,0.019461077844311378,0.03401153962951716,0.017632994620442318,0.023444544634806132,0.00650310375406444,0.06606136505948654,0.47430249632892807,0.04552129221732746,0.24942308370044058,1702.5,,,2.4,Buy,1.3569317724478664,Consumer Cyclical,Momentum
9007,"Odakyu Electric Railway Co., Ltd.",,,0.02444,0.08924,0.06741,1.30527,-0.708,0.0353,-0.1354840202613416,-0.043518460240933546,-0.04114053099097648,0.029613320891169952,2254845615.0,588419104768,15.6983185,15.242152,1.1558434,0.0002942907592701589,-0.009326726901777908,0.013114754098360656,0.03375912408759124,0.025339366515837104,0.05069551777434312,0.010104011887072809,0.05069551777434312,0.17681671079729333,0.0002942041776993233,0.07874869079140923,1699.5,,,2.2,Buy,1.0299279589916173,Industrials,Momentum
9008,Keio Corporation,,,0.02816,0.086389996,0.030739998,1.0559399999999999,1.686,0.029500000000000002,-0.08443240903281876,-0.05674229675526935,-0.1333496030967254,0.036156852247012164,1389052000.0,434241470464,10.21498,2.7271066,0.9729796,-0.008637873754152824,-0.021125805145918157,-0.0029404065372061155,0.016625800504201302,0.008926123029503076,-0.0025404791443228818,0.008516949694473542,0.010977063718583521,0.2064343163538874,0.005361930294906166,0.10723860589812333,746.0,,,2.8,Hold,3.74572083100822,Industrials,-
9009,"Keisei Electric Railway Co., Ltd.",,,0.018660001,0.14446001,0.02874,0.64179,-0.385,0.0179,-0.05315149451044847,-0.27506371111217964,0.08208994957840016,-0.15529400015737432,2746830240.0,594118705152,12.37569,3.738091,1.0650575,-0.0008110300081103001,-0.002025111381125962,0.037910699241786014,0.0821256038647343,0.09316770186335403,0.13915857605177995,0.13183279742765272,0.12923923006416133,0.21753246753246752,-0.10714285714285714,-0.008116883116883116,1232.0,,,3.0,Hold,3.3106978936574847,Industrials,-
9020,East Japan Railway Company,,,0.02466,0.08035,0.07653,1.58821,2.718,0.0242,-0.10687152249776867,-0.28836230882290553,-0.34141382187038394,-0.14740804570135674,9400234060.0,3926900342784,15.84799,16.867119,1.28873,-0.011088996303667898,-0.021384355655599326,0.005492917028042787,0.05553869499241275,0.027170702894270527,0.018448023426061493,0.021739130434782608,0.019343493552168817,0.35135135135135137,-0.022426682001150087,0.15799309948246118,3478.0,,,2.3,Buy,0.9395789523984506,Industrials,Momentum
9021,West Japan Railway Company,,,0.03199,0.069070004,0.00187,1.15285,,0.0338,0.6833549170514404,0.03332261165858425,0.1346778481526793,0.1846754322093218,9915964585.0,1313599389696,10.39506,12.227305,1.0876822,-0.006710254645560908,-0.008756868131868132,0.03218308600035759,0.08883440211241041,0.07846067625630487,0.11297474455369193,0.11988360814742968,0.09815484116416207,0.2125411397886714,-0.07846873376060974,0.0569579767884982,2886.5,,,2.6,Hold,0.8501513620540259,Industrials,Momentum
9022,Central Japan Railway Company,,,0.04895,0.27558002,0.27111,0.8387,0.181,0.0088,-0.3021094128296888,0.037201560853922275,0.06035654103991607,0.08453894726340398,11491678020.0,3451761983488,6.3451734,8.5296335,0.6824328,-0.010385351188849413,-0.021351351351351352,0.030449630051223676,0.0700354609929078,0.058771929824561406,0.1121007371007371,0.07607726597325408,0.04081632653061224,0.4084507042253521,-0.07484120408726871,0.20869000276166813,3621.0,,,2.4,Buy,0.7438975426083666,Industrials,Momentum
9064,"Yamato Holdings Co., Ltd.",,,0.013890001,0.00732,-0.02408,0.33659,,0.023700000000000002,-0.10503171048239547,-0.2110659266987686,0.06457556728814934,-0.015016473172042879,2503016640.0,615619231744,45.041706,17.97836,1.0780816,-0.004608294930875576,-0.01818181818181818,-0.0007710100231303007,0.05680891546615928,0.06842539159109645,0.09799491669020051,0.08907563025210084,0.06930693069306931,0.08024691358024691,-0.27983539094650206,-0.07150205761316872,1944.0,,,3.3,Hold,2.5053289621522765,Industrials,-
9101,Nippon Yusen Kabushiki Kaisha,,,0.0182,0.08737001,0.06291,0.38220999999999994,-0.161,0.0378,-0.15554646738247954,-0.15364494922558888,-0.10066480534072701,-0.010076555015748438,13871362620.0,2133197717504,10.471267,10.317367,0.69773203,-0.024903154399557276,0.006282124500285551,0.014392630972941854,0.04055118110236221,0.003988603988603989,0.026009316770186336,-0.061101243339254,-0.005081874647092038,0.3999243284146803,-0.34922436625047293,0.11039451381006432,5286.0,,,2.9,Hold,1.014916596453339,Industrials,-
9104,"Mitsui O.S.K. Lines, Ltd.",,,0.0145000005,0.11685,0.050580002,0.84675,-0.417,0.0385,-0.14383117665222067,-0.21427896348152478,-0.11454372595877889,-0.08479520334925299,14475370360.0,1829411618816,8.591115,9.462029,0.6364191,-0.028112449799196786,0.0003757985719654265,0.0252262661274793,0.058238918704034984,0.020118796704349493,0.011398176291793313,-0.07649609713790113,-0.027757487216946677,0.9158527422990232,-0.2768595041322314,0.29174924868519914,5324.0,,,2.2,Buy,0.9079569508823109,Industrials,-
9107,"Kawasaki Kisen Kaisha, Ltd.",,,0.0231,0.13059,0.06162,0.16072,0.48,0.0475,-0.05840244101331775,-0.155342550584941,0.1176297752225843,0.09611188681181268,12311583970.0,1530235191296,12.004656,7.2303467,0.8858848,-0.021115846571096473,0.0027783290335384003,-0.006683703558089247,0.044655778375025844,0.02745018300122001,0.020395799676898224,-0.03660629170638704,0.0025793650793650793,0.1478329705125668,-0.4775380961804868,-0.0245219077775579,2526.5,,,3.1,Hold,1.660315403685967,Industrials,-
9147,"Nippon Express Holdings, Inc.",,,-0.0028,0.00236,0.02437,1.02391,2.902,0.018799999999999997,-0.2060819224209663,-0.3285080735767044,-0.23802564345310903,-0.17423657155470287,7852276680.0,1284913364992,499.81223,8.621919,1.5628157,-0.02204666544185192,-0.028472348968789925,-0.018982676004423146,0.05531324345757335,0.06566566566566566,0.0356932354051054,0.06124815548391983,0.022301477687644275,0.07082472290061995,-0.39695660341912453,-0.1003663347736239,5323.0,,,2.3,Buy,57.96995193297455,Industrials,-
9201,"Japan Airlines Co., Ltd.",,,0.03885,0.06837,0.02497,0.6562300000000001,0.246,0.0326,-0.3876968369760443,-0.2909305164518018,-0.2232974986870544,-0.23449040922207576,9531905955.0,1265627693056,9.596831,11.817707,0.98138124,-0.013071895424836602,-0.04924120116241524,-0.03459016393442623,0.031709880868955855,0.03460997891777934,0.059744466438725934,0.12128712871287128,0.07483117357181968,0.358464934623875,-0.1509594158600781,0.08059704533876727,2944.5,,,1.9,Buy,0.8120721727150622,Industrials,-
9202,ANA Holdings Inc.,,,0.03588,0.066589996,0.05549,0.77979,0.503,0.0199,-0.23183198092011711,-0.16280782175699623,-0.18121658170083813,-0.257387857589277,7636210400.0,1329511530496,9.389788,6.1932726,0.91728276,-0.012119226989846053,-0.04677623261694058,-0.03949044585987261,0.020125147979029256,0.005333333333333333,0.018574805808848363,0.0623458964424093,0.009201940772963026,0.3594164456233422,-0.10477453580901856,0.1281498673740053,3016.0,,,2.2,Buy,1.5161270311272912,Industrials,-
9432,"NTT, Inc.",,,0.027780002,0.07197,0.04536,1.65593,-0.244,0.0366,-0.1554235808742243,0.008285434069727093,-0.07114678015365172,0.07647802168390108,34514723484.0,12018126946304,11.704997,10.14433,1.235943,-0.009395973154362454,-0.002702702702702741,0.010266898246544802,0.033613423288950665,0.02286900123667033,0.022160708024749634,-0.002702702702702741,-0.012709030100334487,0.456639566395664,-0.031165311653116493,0.14643834688346893,147.6,,,2.4,Buy,1.1538462372576603,Communication Services,-
9433,KDDI Corporation,,,0.03701,0.116459996,0.14682999,0.96114,0.421,0.0301,-0.11497663658352814,-0.020494548471713878,-0.11301858174511813,-0.08758248227284941,26289998125.0,10624379650048,15.197974,1197.6395,2.0926135,-0.00516934046345811,0.0041381792011514935,0.03256244218316374,0.05103578154425612,0.040842969041402465,0.02535366525812971,0.007764535933550018,0.018988497352565272,0.1901092994087081,-0.3316609926536463,0.022301881383264676,2790.5,,,2.5,Hold,0.01268994050379935,Communication Services,Momentum
9434,SoftBank Corp.,,,0.0358,0.07825,0.08928,1.38902,-0.29,0.0416,-0.09385532832762053,0.002607824781924436,-0.03260743451962272,0.05104765619585074,17497364486.0,10111037734912,18.757763,18.23986,3.4164,-0.013992509243879982,-0.0009452084014486061,0.010999492249396498,0.024224836489206873,0.032730840994843274,0.003798641373690948,-0.009836065573770465,-0.018114273090930944,0.27719962157048245,0.0312204351939451,0.16619361400189214,211.4,,,1.9,Buy,1.0283940227611397,Communication Services,Momentum
9501,"Tokyo Electric Power Company Holdings, Incorporated",,,0.01381,-0.071779996,0.04619,2.0231399999999997,,,-0.20470171657016697,-0.1420466587083281,-0.2694343951852689,-0.2606359022956817,14527286392.0,769938096128,,2.2664652,0.2271442,0.0027134082235921995,0.0391520931969761,0.033118279569892425,0.0555921633864573,0.05212438365821805,-0.06536964980544752,-0.056744528736797584,-0.14928282341903876,-0.16736053288925892,-0.4587843463780183,-0.3130724396336386,480.4,,,5.0,Sell,,Utilities,-
9502,"Chubu Electric Power Company, Incorporated",,,0.01946,0.06424,0.062750004,1.09853,-0.278,0.0218,0.028449549107375054,0.11514895117221922,0.11424607218725176,0.19094304353956754,16596170960.0,2423302389760,10.638369,13.66502,0.77218074,-0.012923076923076923,-0.008039579468150896,0.010712035286704474,0.028864656831302116,0.0695115852642107,0.13678242381289865,0.1420434318262727,0.09675213675213676,0.12219451371571072,-0.30798004987531175,-0.032418952618453865,3208.0,,,1.8,Buy,0.7785110449893231,Utilities,-
9503,"The Kansai Electric Power Company, Incorporated",,,0.02804,0.09369001,0.044949997,1.21946,-0.314,0.0353,-0.34297937705378917,-0.16897387922011703,-0.1916806691874799,-0.13062853280804324,8247241800.0,2526680711168,6.648882,6.903479,0.73127437,-0.00960698689956332,-0.013269523602349358,-0.0032959789057350032,-0.000881057268722467,-0.0015408320493066256,-0.024725865405289184,-0.02072538860103627,-0.028901734104046242,0.22134038800705466,-0.021164021164021163,0.12962962962962962,2268.0,,,2.8,Hold,0.9631204788194475,Utilities,-
9504,"The Chugoku Electric Power Co., Inc.",,,0.012560001,0.047519997,-0.023629999,4.25768,,0.0326,-0.36861502421479386,-0.12183186338976637,-0.042002788461842674,-0.08939965223634812,1397150655.0,331349622784,4.8354936,4.9081225,0.42631462,-0.008073196986006458,-0.019472215397602355,0.005565228557472351,0.026055032902985973,0.04206718615916172,0.04811190537496044,0.03492809381536482,0.05242122623786843,0.2696690179055887,-0.0341833966359197,0.112316874660879,921.5,,,2.7,Hold,0.9852023049546951,Utilities,-
9505,Hokuriku Electric Power Company,,,0.02953,0.06925,0.03625,2.4316999999999998,,0.0278,-0.26570686080678807,-0.373658167575958,-0.20591161138565206,-0.2564305311579472,698152152.0,188098281472,3.4529836,6.0584044,0.41881233,-0.014124589910640625,-0.009787735524522122,0.01625282167042887,0.029028571428571404,0.03661066694436747,0.06619301361752514,0.04188843703035786,0.07896944278010783,0.29942247889826745,0.043980453131941384,0.16985051088405154,900.4,,,3.0,Hold,0.5699493417771848,Utilities,-
9506,"Tohoku Electric Power Company, Incorporated",,,0.01801,0.03582,-0.03532,3.06804,,0.036699999999999997,-0.16002721736186978,-0.11185563133975338,-0.05185559852999466,-0.14608559606772528,2563898560.0,544924631040,6.414483,4.084808,0.49047875,-0.00502283105022831,0.0022999080036798527,0.019176800748362956,0.025894538606403013,0.04558541266794626,0.038608198284080075,0.06866110838646396,0.08246398410332836,0.43184947223497017,0.009637448370812299,0.19167820100963742,1089.5,,,2.2,Buy,1.5703266836531853,Utilities,-
9507,"Shikoku Electric Power Company, Incorporated",,,0.02478,0.06669,0.0125,1.94853,-0.862,0.0369,-0.26577341225365886,-0.33133888310787374,-0.24980013794400732,-0.1580965535091908,656222435.0,304618668032,6.027824,9.908922,0.6419118,-0.005006675567423231,-0.006664445184938354,0.003703703703703704,0.01153715643026807,0.008457374830852503,0.025808671713695802,0.0149812734082397,0.022290809327846366,0.37537739013753774,0.033210332103321034,0.24454880912445487,1490.5,,,1.8,Buy,0.6083228831552009,Utilities,-
9508,"Kyushu Electric Power Company, Incorporated",,,0.02391,0.06877,0.0143,3.0189800000000004,,0.0292,-0.07196698736926892,0.17700683100683093,0.04115351337420155,-0.08163267579567526,2970557870.0,810105372672,5.4465985,10.46029,0.6791661,-0.007242178447276941,-0.014946823799942513,0.0058702670971529205,0.04322678843226788,0.029747596153846152,0.04673182651191203,0.046412213740458015,0.045454545454545456,0.8850306390428947,-0.10125474175663846,0.31310183834257366,1713.5,,,1.5,Strong Buy,0.520692877539724,Utilities,Momentum
9509,"Hokkaido Electric Power Company, Incorporated",,,0.01974,0.0514,-0.01972,3.29556,,0.034,-0.3826581750654612,-0.27267985617482127,-0.1699610848991832,-0.2289226837044767,2099591025.0,199169933312,4.7326045,7.1479106,0.43586817,-0.005230769230769254,-0.0027760391257576757,-0.00010309278350517808,0.04842722472853504,0.054468376681809524,0.055616034921569336,0.044588045234248766,0.03999573814124054,1.0414475719146303,0.13413753995257247,0.4503212702340448,969.9,,,2.7,Hold,0.6620962075267142,Utilities,-
9531,"Tokyo Gas Co.,Ltd.",,,0.031240001,0.08003,0.0696,0.7011499999999999,0.799,0.020099999999999996,-0.17755770928787273,-0.11167835600594435,-0.23399805306834504,-0.3203174516822934,5834748000.0,1980620210176,9.115773,21.999336,1.1582041,-0.020200361307275413,-0.02516339869281046,-0.011760808348517476,-0.003507599799565726,-0.023727704140075273,-0.03431531239883458,-0.0534666032048231,-0.06489028213166144,0.2504190412336574,-0.04793831713040563,0.1143144485417365,5966.0,,,,,0.4143658244957939,Utilities,-
9532,"Osaka Gas Co., Ltd.",,,0.0335,0.07524,0.06942,0.46588,-0.707,0.0242,-0.220463704971602,-0.20401910462276204,-0.28054629471946757,-0.23054078118701715,4502345760.0,2039737221120,13.717516,18.335043,1.1398522,-0.009968617315857485,-0.02984804630969609,0.0,0.01226878067195168,-0.0027891409445890665,-0.008687615526802217,-0.04487978628673197,0.00037306472673008767,0.38355398098079435,-0.17396979302629126,0.17316175647958237,5363.0,,,,,0.748158376285237,Utilities,-
9602,"Toho Co., Ltd.",,,0.06258,0.14354,0.098290004,0.0030399999999999997,-0.432,0.0163,-0.2994441478050714,-0.4179950209452928,-0.3503342184781614,-0.11474528760185469,3939647780.0,1119671812096,21.979097,5.473325,2.192161,-0.008106116433308769,-0.01391941391941392,0.03300076745970836,0.07165605095541401,0.06656101426307448,0.08417237213048731,0.025914634146341462,0.0951993490642799,0.7087667161961367,0.04011887072808321,0.26151560178306094,1346.0,,,1.9,Buy,4.015675480626493,Communication Services,-
9735,"SECOM CO., LTD.",,,0.04573,0.08964,0.14222999,0.04568,0.224,0.0181,0.00435681237756969,0.08187646376948741,-0.018516031440850487,-0.020364259971147436,9453500980.0,2669739245568,23.980589,27.88915,2.037445,-0.011641791044776119,-0.006749662516874156,0.007454739084132056,0.04612954186413902,0.0350109409190372,0.025394859089501395,0.011146739960299282,0.042834645669291335,0.10238598610691634,-0.05617638175777711,0.013289036544850499,6622.0,,,,,0.8598537065489625,Industrials,-
9766,Konami Group Corporation,,,0.12015,0.20259,0.23582001,0.07074,1.216,0.0121,-0.1648868465291381,-0.08585000058515814,-0.18598645787980236,-0.031074370965625837,10089214400.0,2511861448704,25.125765,30.799149,4.449419,0.0005399568034557236,-0.01041388518024032,0.014508623049548317,0.060371959942775395,0.07233796296296297,0.06310958118187034,-0.02216358839050132,-0.021130480718436345,0.6189962223421479,0.025364274150026983,0.3478936859147329,18530.0,,,1.5,Buy,0.8157941311949886,Communication Services,-
9843,"Nitori Holdings Co., Ltd.",,,0.049650002,0.09786,0.09787,0.40867,0.192,0.0134,-0.2882963132744346,-0.20390095211236686,-0.2743234646507024,-0.28121059268600246,7385354200.0,1344836206592,15.0604315,2.664189,1.3604003,-0.018961253091508656,-0.03428687360519375,0.01731139132293225,0.030303030303030304,-0.02459016393442623,0.009329940627650551,-0.1154060583534659,-0.09108268092419324,0.5126050420168067,0.01680672268907563,0.1634835294117647,2380.0,,,2.5,Buy,5.652914076291134,Consumer Cyclical,Momentum
9983,"Fast Retailing Co., Ltd.",,,0.10029,0.1306,0.17723,0.25405,0.298,0.0078000000000000005,1.2439875944806582,0.16843773964260628,0.06879211421709262,-0.18115948818428643,97779872400.0,25195536449536,52.63158,59.98904,9.570748,-0.03592814371257485,-0.06587030716723549,-0.028284023668639052,-0.007254261878853826,-0.02331390507910075,-0.011913357400722021,0.019620017384825533,-0.002672172962468116,0.21787845573011813,-0.22055778833272438,0.016928510534648642,82110.0,,,1.8,Buy,0.8773532631960771,Consumer Cyclical,Momentum
9984,SoftBank Group Corp.,,,-6.0000002e-05,0.64142996,-0.20402001,1.24115,2.594,0.0017000000000000001,-0.038506746463311696,-0.4535283895006436,-0.47502217854605805,-0.2543490263559817,332755295600.0,36302141521920,7.29927,21.572014,2.0600672,0.10647906895952754,0.1037948362502166,0.032582266169557464,0.06166666666666667,0.023128814648249278,-0.10420475319926874,-0.0157601977750309,-0.14964624215725536,0.7582417582417582,-0.5070643642072213,0.1974799529042386,6370.0,,,1.8,Buy,0.338367571984702,Communication Services,-
285A,KIOXIA HOLDINGS CORPORATION,,,0.16434,0.23719999,0.59375,0.8957200000000001,18.668,,0.08947877567535734,0.21329710231130608,0.20965202819997392,0.15980021484892376,3288052460000.0,42137672482816,76.33588,,30.05773,-0.011045466221423068,0.06353591160220995,-0.07563025210084033,-0.12629070691024621,-0.16467780429594273,-0.29097605893186,-0.05172413793103448,0.16932422171602127,1.5974025974025974,-0.4805194805194805,0.4714285714285714,77000.0,,,1.6,Buy,,Technology,Semiconductor
