Ticker,Name,Fee,Bought,ISIN,ROA,Net Margin,Operating Margin,Debt To Equity,Earnings Growth,Vol 1D,Vol 3D,Vol 5D,Vol 30D,Dividend yield,Notional Volume,Market cap,PE ratio,Forward PE ratio,PB,Price 1D,Price 3D,Price 5D,Price 7D,Price 30D,Target high %,Target low %,Target mean %,Current price,Avg Rating 1D,Avg Rating 7D,Avg Rating Score,Avg Rating Label,Growth,Sector,Note
1332,Nissui Corporation,,,JP3718800000,0.03754,0.02954,0.04834,0.95197,0.172,1.224757577290452,-0.20865892767554775,-0.04433038557112686,0.08499285032994285,0.0275,2170634830.0,352705150976,12.9035845,13.092423,1.1541122,-0.034854771784232366,-0.022278268179907523,-0.005982905982905983,-0.018979333614508646,-0.0791765637371338,0.6766981943250215,-0.0885640584694755,0.3401301805674979,1163.0,,,1.7,Buy,0.9855765048226749,Consumer Defensive,
1333,Umios Corporation,,,JP3876600002,0.02385,0.0,0.02398,1.1499599999999999,-0.472,0.15127175826659997,-0.3150394379266918,-0.27588966898502626,-0.1241833521568731,0.0348,504087925.0,195404414976,8.810498,4.927564,0.78822845,-0.010336906584992343,0.005836575875486381,0.01651592607156901,0.02093206951026856,0.02093206951026856,,,,1292.5,,,,,1.7880027534903657,Consumer Defensive,
1375,"Yukiguni Factory Co., Ltd.",,,JP3947010009,0.08535,0.085310005,-0.054229997,1.1421299999999999,,-0.04548158134739686,-0.4239154131240461,-0.36521264536714393,-0.21093266114512066,0.017,35558640.0,47021850624,15.898058,7.462025,3.4290001,0.0008488964346349745,0.005972696245733789,0.007692307692307693,0.00855431993156544,0.033304119193689745,,,,1179.0,,,,,2.1305286433642343,Consumer Defensive,
1376,"Kaneko Seeds Co., Ltd.",,,JP3216200000,0.02112,0.01956,0.04966,0.029910000000000003,0.063,-0.5080705505077499,-0.04569288389513114,-0.09134314520801946,-0.1673895742140867,0.029900000000000003,19155850.0,17578575872,13.351658,,0.65729046,-0.008658008658008658,0.011356466876971609,0.04023361453601557,0.020369191597708464,0.055299539170506916,,,,1603.0,,,,,,Basic Materials,
1377,Sakata Seed Corporation,,,JP3315000004,0.04023,0.116639994,0.12015,0.031190000000000002,0.874,0.1782388059701492,-0.3139909735654416,-0.2945621064682313,-0.38336185400674716,0.0227,386977500.0,185840533504,15.503603,20.905428,1.0442791,-0.004514672686230248,0.008,0.011467889908256881,0.029171528588098017,0.012629161882893225,0.47392290249433106,0.47392290249433106,0.47392290249433106,4410.0,,,2.0,Buy,0.7416065817930156,Consumer Defensive,
1379,Hokuto Corporation,,,JP3843250006,0.04028,0.07033,0.021659998,0.45986,-0.668,-0.48969295084330405,-0.44263613363767385,-0.37127166638064185,0.22216736708964055,0.028999999999999998,135550560.0,67002421248,11.13602,,1.0387326,-0.0009354536950420954,0.02005730659025788,0.029397590361445784,0.03488372093023256,0.12658227848101267,,,,2136.0,,,,,,Consumer Defensive,
1407,West Holdings Corporation,,,JP3154750008,0.04789,0.12636,0.23391001,2.6334199999999996,7.555,-0.05642001705577743,-0.2857087862028257,-0.23053498786901855,-0.29085359430211033,0.0313,969568600.0,88558886912,17.12292,8.442024,2.526061,-0.003125,0.019634703196347032,0.005855855855855856,-0.06451612903225806,-0.16344957709074542,0.6121809225257501,0.07926556202418271,0.2852664576802508,2233.0,,,,,2.0282955840921564,Utilities,
1514,"Sumiseki Holdings,Inc.",,,JP3400750000,0.0075,0.25367,0.01704,,,-0.21551338036054196,-0.3361516002119337,-0.39299293380244216,0.368314231943834,0.0235,155085300.0,38226993152,14.493082,,1.3634967,-0.010835913312693499,0.0031397174254317113,0.009478672985781991,-0.04054054054054054,0.07214765100671142,,,,639.0,,,,,,Energy,
1515,"Nittetsu Mining Co., Ltd.",,,JP3680800004,0.04479,0.07022,0.08863,0.41877000000000003,0.462,0.31726037043091193,-0.37588578754959545,-0.2497857817151986,0.29276403314386723,0.0178,2072459800.0,274206457856,19.53147,,1.7077105,0.06412213740458016,0.044977511244377814,0.04341317365269461,-0.06818181818181818,-0.004285714285714286,,,,3485.0,,,,,,Basic Materials,
1605,Inpex Corporation,,,,0.08093,0.22082001,0.60152,0.24637,0.629,0.10468376860604314,0.008817406459558998,0.2684123356303876,0.12336217025728254,0.0286,22739342990.0,4524691423232,10.570819,14.578987,0.8912698,-0.004072283023670145,-0.005843495934959349,-0.004325699745547073,0.0002556237218813906,0.13092485549132948,0.27779197546639406,-0.263991822131357,0.08798185535394841,3913.0,,,2.1,Buy,0.7250722563920251,Energy,
1662,"Japan Petroleum Exploration Co., Ltd.",,,JP3421100003,0.0231,0.12694,0.09526,0.09263,-0.794,-0.20679503068787253,0.006521424253383959,0.146595443112644,-0.00655790091102586,0.0233,2785032330.0,492360073216,9.242046,12.793474,0.83497494,-0.005157297576070139,0.009947643979057591,0.004164497657470068,0.009419152276295133,0.12281722933643772,0.08864696734059098,-0.01503369621565578,0.03939865215137377,1929.0,,,3.0,Hold,0.7224031564843139,Energy,
1663,K&O Energy Group Inc.,,,JP3277020008,0.05187,0.081020005,0.13063,,-0.09,0.32928385761202855,-0.17668026370673728,-0.2509387483355526,0.0088540755467197,0.03,334076160.0,103424745472,14.10462,12.898067,0.9372003,-0.017757483510908167,0.002070393374741201,0.005192107995846314,-0.029087261785356068,0.07615341856586992,,,,1936.0,,,,,1.0935452575955762,Utilities,
1719,Hazama Ando Corporation,,,JP3767810009,0.05702,0.06836,0.061750002,0.12671,0.348,0.062427066860414944,-0.03828243967863188,-0.030569700228525332,-0.019154741964183663,0.043899999999999995,1281967530.0,300509528064,10.10125,19.911644,1.3928761,-0.010844306738962044,0.02542826552462527,0.028732545649838882,-0.004417879417879418,0.03596538669551109,0.018010963194988253,-0.07073871051944662,-0.026363873662229184,1915.5,,,,,0.5073036661362568,Industrials,
1721,COMSYS Holdings Corporation,,,,0.06258,0.06086,0.070760004,0.00687,0.486,3.859992944208851,-0.20926689606261983,-0.09927691671671832,-0.1663846391075236,0.023,3687803280.0,671611092992,18.939419,23.2056,1.7023321,0.03895184135977337,0.08928902914423613,0.09233060312732688,0.07334918602524236,0.10968229954614221,0.03953646898432175,-0.3012951601908657,-0.08827539195637356,5868.0,,,,,0.8161572637639191,Industrials,
1766,Token Corporation,,,JP3590900001,0.06157,0.039,0.04824,,-0.086,0.4428445016491031,-0.003474281840522014,0.17100312082032992,-0.2600009468352033,0.0301,283955000.0,147642105856,10.741138,15.964471,1.2778944,-0.019174041297935103,0.009104704097116844,-0.014084507042253521,-0.036231884057971016,0.016042780748663103,,,,13300.0,,,0.0,Strong Buy,0.672815153098402,Real Estate,
1801,Taisei Corporation,,,JP3443600006,,0.078990005,0.08695,0.45852,0.093,0.5238902748030996,-0.08999370349905554,0.32381078136863306,0.13208853182942726,0.0301,11141819400.0,2057175040000,12.300075,26.512606,2.2044103,-0.00864100549882168,0.02936378466557912,0.012028869286287089,-0.053973013493253376,-0.0703499079189687,0.751188589540412,-0.09667194928684628,0.28594064976228206,12620.0,,,1.6,Buy,0.46393308149338464,Industrials,
1802,Obayashi Corporation,,,,0.043909997,0.072519995,0.052449998,0.27364,1.223,0.532773108101865,-0.26079029645534335,-0.13998873358448047,0.06214822187177112,0.0305,7834087980.0,2119320469504,12.361172,22.347055,1.7030383,-0.014701182486417386,0.020860927152317882,0.02357237715803453,-0.008043758043758044,-0.025292443882390134,0.5244891339604282,-0.026921829386960753,0.23662017515407072,3083.0,,,1.6,Buy,0.5531454592115158,Industrials,
1803,Shimizu Corporation,,,JP3358800005,0.029690001,0.08135,0.03994,0.55696,3.982,0.23863206349787894,-0.023698911631242315,-1.0293360782343351e-05,-0.12774000324587714,0.0327,8536502340.0,1600494764032,12.626506,28.714075,1.5778655,-0.022793203481143803,0.017475728155339806,-0.000847457627118644,-0.06927175843694494,-0.0258211113406321,0.44189991518235794,-0.024597116200169637,0.22682663273960982,2358.0,,,2.4,Buy,0.4397322915678112,Industrials,
1808,HASEKO Corporation,,,,0.050180003,0.048860002,0.095649995,0.73346,0.735,0.5033838325873217,-0.28725675350956104,-0.10481911489026748,-0.06044731455356569,0.0366,2502444120.0,723852918784,13.36888,12.855732,1.270185,-0.01884760366182014,0.007186290768380321,0.004964147821290678,-0.031366294524189264,0.01655198065835968,0.39041346505671426,0.09769484083424808,0.21569703622392974,2733.0,,,,,1.0399158912149071,Consumer Cyclical,
1812,Kajima Corporation,,,JP3210200006,,0.059439998,0.06331,0.58946,0.179,0.43034556773309,-0.26184023928697886,-0.14292967036012358,0.33205715270343794,0.029300000000000003,10511465640.0,2300872491008,13.106081,18.681526,1.6777421,-0.017754981258630894,0.02238193018480493,0.016744945885235858,-0.040100250626566414,-0.030379746835443037,0.8477605944968869,0.08455513155252059,0.4073394255874674,4979.0,,,1.4,Strong Buy,0.7015530208827694,Industrials,
1820,"Nishimatsu Construction Co., Ltd.",,,JP3659200004,0.03187,0.06511,0.06814,1.11804,1.82,-0.08168021529839355,0.14699689308379835,-0.032991747528792935,0.13646716767774325,0.044000000000000004,664633350.0,224468992000,9.328389,12.978563,1.167593,-0.007680223424681445,0.021930612978608665,0.03759810184340208,0.00815747472956198,0.06840819394850592,0.3720316622691293,0.0158311345646438,0.18117854001759015,5685.0,,,2.4,Buy,0.7187536093171486,Industrials,
1833,Okumura Corporation,,,JP3194800003,,0.0,0.04024,0.3475,-0.07,0.6370198207041908,-0.13169768753525102,-0.041067555248184645,0.3348272899123561,0.052000000000000005,782008100.0,207173140480,11.273935,,1.079288,-0.011986301369863013,0.021238938053097345,0.021238938053097345,-0.005172413793103448,-0.0034542314335060447,,,,5770.0,,,,,,Industrials,
1835,"Totetsu Kogyo Co., Ltd.",,,JP3595400007,0.06799,0.07825,0.07169,,-0.033,0.522972972972973,-0.3340291615270266,-0.24010786957587643,0.10208813293465997,0.0384,268765200.0,136389066752,10.615768,15.376849,1.0417324,-0.0025188916876574307,0.017994858611825194,0.025906735751295335,-0.0012610340479192938,-0.050359712230215826,0.31313131313131315,0.26262626262626265,0.2878787878787879,3960.0,,,2.0,Buy,0.6903734308635013,Industrials,
1852,Asanuma Corporation,,,JP3110000001,0.04504,0.03299,0.04555,0.28746,0.596,-0.16488049500545962,-0.3909174009679321,-0.37027990983536396,-0.07876155122028279,0.0617,300720520.0,72129380352,14.143303,,1.511278,-0.0043859649122807015,0.02367531003382187,0.04247990815154994,0.028312570781426953,0.037714285714285714,,,,908.0,,,,,,Industrials,
1860,Toda Corporation,,,JP3627000007,0.02606,0.067540005,0.0478,0.4299,2.376,0.1540418879412448,-0.505346399456309,-0.4152428846276309,-0.13011531670648901,0.0395,1061294835.0,449536458752,12.315491,16.650219,0.933892,-0.0049148099606815205,0.028097494922139473,0.03158967391304348,-0.0068672334859385216,0.015719063545150503,0.25123477115574583,-0.14389199868291078,0.1261112940401712,1518.5,,,,,0.7396594002757562,Industrials,
1861,"Kumagai Gumi Co.,Ltd.",,,JP3266800006,0.040149998,0.04217,0.02868,0.31467,0.247,-0.022599568441316924,-0.19105800537379483,-0.1972783429451938,0.5497297135294665,0.0377,1109597590.0,225509212160,11.350612,3.5361207,1.2259929,0.0022658610271903325,0.030279503105590064,0.03834115805946792,0.010662604722010662,-0.07137858642407278,0.6955538809344386,0.24340617935192163,0.48907309721175585,1327.0,,,,,3.20990513700508,Industrials,
1870,"Yahagi Construction Co.,Ltd.",,,JP3933200002,0.05208,0.05544,0.048800003,0.1918,0.149,-0.04763724062179127,-0.16530502787721546,-0.27601916021198525,0.22462583561124796,0.050199999999999995,221207910.0,94697455616,11.148391,,1.2471019,0.0,0.028611632270168854,0.04230038022813688,0.033946251768033946,0.15847860538827258,,,,2193.0,,,,,,Industrials,
1871,"PS Construction Co., Ltd.",,,JP3801400007,0.06617,0.06611,0.09826,0.40505,0.22,-0.02331387309878634,0.03359005539791928,0.18205177372962603,0.0071497660314224845,0.0463,203574540.0,102113189888,10.941106,24.89726,1.588593,-0.008636363636363636,0.023943661971830985,0.020589611605053813,-0.024597495527728087,-0.052562988705473504,,,,2181.0,,,,,0.43945020456066247,Industrials,
1878,"Daito Trust Construction Co.,Ltd.",,,JP3486800000,0.0672,0.049629997,0.08203,0.6069,-0.001,0.3452206957030107,-0.3527019486172184,-0.2701991803401393,-0.16461733250756733,0.048600000000000004,4280772160.0,1091854598144,11.210702,2.402747,2.2097,-0.01179245283018868,0.008727053866987662,0.01637355973317162,0.015449863677673432,0.03777089783281734,0.10381861575178998,-0.045346062052505964,0.01879474940334129,3352.0,,,,,4.665785453066843,Real Estate,
1879,Shinnihon Corporation,,,JP3380300008,0.07359,0.10519,0.1167,,0.044,0.08404069271455386,0.08961220712383182,0.49699854298203017,0.703440353460972,0.0337,449266300.0,135520190464,8.904688,,1.0006132,-0.008133561643835616,0.022506619593998235,0.03622540250447227,0.013560804899387576,0.018909410729991204,,,,2317.0,,,,,,Industrials,
1882,Toa Road Corporation,,,JP3558000000,0.04757,0.02842,-0.014090001,0.00967,,0.007807367343508843,-0.2738803851126009,-0.13386109200935228,0.1545897175128615,0.0559,499518600.0,74394214400,21.692266,,1.4491906,-0.006172839506172839,0.007509386733416771,0.015772870662460567,0.003115264797507788,0.013215859030837005,,,,1610.0,,,,,,Industrials,
1885,TOA Corporation,,,JP3556000002,0.052399997,0.055749997,0.06723,0.25509,0.092,0.10493169495939579,-0.2207738821952834,-0.09924972105013408,0.12824345664654208,0.0352,893921930.0,169276735488,8.810626,16.372477,1.4590182,-0.0072562358276643995,0.022897196261682243,0.059022738268021284,0.022897196261682243,0.05953533397870281,-0.040657834627683874,-0.040657834627683874,-0.040657834627683874,2189.0,,,,,0.5381364102695029,Industrials,
1893,"Penta-Ocean Construction Co., Ltd.",,,JP3309000002,0.04792,0.0435,0.06099,1.27205,0.061,0.345624170089377,0.4704863137959087,0.41687749938790497,0.39423517574165856,0.0329,3986845660.0,427661492224,12.594539,22.805246,2.2310255,-0.0006317119393556538,0.018018018018018018,0.10013908205841446,0.04768211920529802,0.020974507905776058,0.5802781289506953,-0.11504424778761062,0.3379688369152972,1582.0,,,1.5,Strong Buy,0.5522649920110486,Industrials,
1898,"Seikitokyu Kogyo Co., Ltd.",,,JP3414600001,0.05037,0.04711,0.02347,0.15503,-0.496,0.23010245143888797,-0.3896931918159525,-0.2317707362534948,0.017641543132702282,0.051,203536410.0,54618521600,11.695952,,1.2681612,-0.007323568575233023,0.0047169811320754715,0.012219959266802444,0.0006711409395973154,0.028985507246376812,,,,1491.0,,,,,,Industrials,
1911,"Sumitomo Forestry Co., Ltd.",,,JP3409800004,0.0312,0.03461,0.04926,1.2886099999999998,-0.643,0.594135207929879,-0.22017614781563358,0.24092774284811597,0.220320883753888,0.0408,6219422055.0,752067477504,8.920649,1.9583892,0.68703866,-0.022709163346613544,-0.0052716950527169504,0.0069786535303776685,-0.025814138204924543,-0.09349593495934959,0.5654300856094578,0.14145943742356298,0.33224622910721563,1226.5,,,2.3,Buy,4.555095075074964,Consumer Cyclical,
1925,"Daiwa House Industry Co., Ltd.",,,JP3505000004,0.04947,0.062800005,0.09276,1.15364,0.09,0.7403827574436643,-0.20352599945327834,-0.22511312382314735,-0.17995352408283224,0.0202,7984476500.0,2823864713216,8.045044,9.683245,0.97023636,-0.014699524427150886,-0.00632221495530848,-0.008699434536755112,-0.015763334053120276,-0.006538796861377506,0.2615182097411145,0.009214567792891619,0.11208615620886363,4558.0,,,2.6,Hold,0.8308210728944688,Real Estate,
1926,"Raito Kogyo Co., Ltd.",,,JP3965800000,0.09677,0.0928,0.112799995,0.02119,0.249,0.10349385329793083,-0.3178708115601143,-0.1858566037735849,-0.04114864864864865,0.013500000000000002,519238250.0,161132232704,13.605325,18.626614,1.9081696,-0.008838383838383838,0.026143790849673203,0.043882978723404256,0.01948051948051948,0.028833551769331587,0.10573248407643313,-0.1337579617834395,0.02165605095541401,3925.0,,,3.3,Hold,0.7304239514492543,Industrials,
1928,"Sekisui House, Ltd.",,,JP3420600003,0.046830002,0.0616,0.09866,0.81733,-0.024,0.3038826350647539,-0.28984714441111925,-0.11869890620854051,-0.2497355107253888,0.0436,8830868000.0,2172151398400,8.503402,8.875113,0.9655979,-0.015574493094328533,0.0023937761819269898,-0.0032728354656352274,0.008732309545317675,-0.01903367496339678,0.29850746268656714,0.014925373134328358,0.14759531343283586,3350.0,,,2.1,Buy,0.958117603685722,Consumer Cyclical,
1934,Yurtec Corporation,,,JP3946200007,0.04911,0.045739997,0.05503,0.05805,1.524,0.20305740533709235,-0.2707559955217725,-0.2761536765945308,0.05167584299596575,0.029500000000000002,315111340.0,181470543872,17.574669,24.553904,1.1736088,-0.011967090501121914,0.013425393172228616,0.021260146888287593,-0.007513148009015778,0.07224025974025974,0.21120363361090083,0.21120363361090083,0.21120363361090083,2642.0,,,,,0.7157586426989371,Industrials,
1938,"Nippon Rietec Co.,Ltd.",,,JP3510600004,0.052059997,0.078260005,0.03032,0.00739,21.256,-0.21942492247279666,-0.5060147165925813,-0.3892283830942226,0.2546368134030472,0.0371,173086850.0,64801132544,11.668377,,0.95716935,-0.004188880426504189,0.017113963438350838,0.017905799922148698,0.0007654037504783774,0.04266347687400319,,,,2615.0,,,,,,Industrials,
1939,Yondenko Corporation,,,JP3962600007,0.0678,0.08141,0.11686,0.07127,0.862,0.19554757763055622,-0.3527230487423491,-0.3355282284995874,0.11530755945263708,0.0365,189744170.0,109011607552,14.534554,,1.5442271,0.002175805047867711,0.028584189370254576,0.01498457470251212,-0.005183585313174946,0.08888888888888889,,,,2303.0,,,,,,Industrials,
1941,Chudenko Corporation,,,JP3524000001,0.056360003,0.0796,0.10309,,0.061,0.1369823401838273,-0.23710424101704153,-0.13659744373313104,0.020137827588158668,0.027200000000000002,385477500.0,272653893632,15.060242,,1.0778261,-0.009615384615384616,0.011787819253438114,0.005859375,-0.015296367112810707,0.011787819253438114,,,,5150.0,,,,,,Industrials,
1942,"Kandenko Co.,Ltd.",,,JP3230600003,0.09071,0.0872,0.12478,0.02919,0.07,0.16675682178466186,-0.5019697569601389,-0.49100278566463745,-0.31974174104330805,0.0235,3750005790.0,1103134326784,17.7934,32.690495,2.861751,-0.019978783592644978,0.0270520659625718,0.020246640898214614,-0.03633518776077886,-0.017546969159872385,0.5154248601840159,0.17265018942810753,0.3556351434241386,5543.0,,,,,0.5442988856546834,Industrials,
1944,Kinden Corporation,,,JP3263000006,0.07358,0.09716,0.08377,0.5662400000000001,1.371,0.10326172651421432,-0.5364474750325464,-0.5026520466477722,-0.2180674119989663,0.0202,3741521420.0,1139693846528,19.762701,34.86114,2.6327689,-0.010142857142857143,0.027279466271312083,0.025606867969212552,-0.03131553194463861,-0.03790613718411552,0.4720738923365565,0.21951219512195122,0.3409823928416798,6929.0,,,,,0.5668977262361472,Industrials,
1946,Toenec Corporation,,,JP3552230009,0.04887,0.073860005,0.08247,0.47019,1.119,0.3337257903102373,-0.28657091440019006,-0.10946281781686097,-0.12793796539947377,0.0337,368967680.0,210484019200,11.737114,,1.3475896,0.0035650623885918,0.041628122109158186,0.04549675023212628,-0.014873140857392825,0.06477541371158392,,,,2252.0,,,0.0,Strong Buy,,Industrials,
1950,"Nippon Densetsu Kogyo Co., Ltd.",,,JP3736200001,0.05975,0.08084,0.03091,0.00045,1.441,0.6173609659629885,-0.4002975943534513,-0.3113889411483008,-0.21122822384428222,0.0308,394061250.0,240957210624,13.3331175,23.161144,1.1531845,-0.007220216606498195,0.026119402985074626,0.0403530895334174,0.0012135922330097086,0.045627376425855515,0.2606060606060606,0.2606060606060606,0.2606060606060606,4125.0,,,,,0.57566748430043,Industrials,
1951,"EXEO Group, Inc.",,,JP3254200003,0.059510004,0.042579997,0.06865,0.34938,0.903,0.11318061540787791,-0.4028763881303477,-0.31557073396619584,-0.14299882093412442,0.0305,1142677370.0,532861157376,17.361065,22.138695,1.5529772,-0.004557538928978352,0.025229806375904558,0.03168667585121039,0.012555534093104115,-0.0073849649687559174,0.2209080503624571,-0.0843189622281572,0.12170927127050744,2621.0,,,,,0.7841955002316081,Industrials,
1952,"Shin Nippon Air Technologies Co., Ltd.",,,JP3380250005,0.0793,0.083330005,0.026919998,0.030219999999999997,0.73,0.2704017678901382,-0.5418525670906306,-0.47055110747472384,-0.002752887765432339,0.037000000000000005,419418000.0,147583860736,12.13574,,1.8183461,-0.009174311926605505,0.01726844583987441,0.03184713375796178,0.009345794392523364,-0.04424778761061947,,,,3240.0,,,1.0,Strong Buy,,Industrials,
1959,Kraftia Corporation,,,JP3247050002,0.07043,0.08592,0.108739994,0.08336,0.09,0.4110825170180972,-0.3878338406138809,-0.33590877848469364,-0.2356107906681731,0.027200000000000002,1386111800.0,572032548864,14.285713,16.278181,1.6454844,-0.0002472493509704537,0.02901132459600458,0.025358184354000255,-0.0128173828125,-0.024369646519483652,0.6817113886484482,-0.047854581426981575,0.3911215531099295,8087.0,,,1.8,Buy,0.8775988545648927,Industrials,
1963,JGC Holdings Corporation,,,JP3667600005,0.03136,0.06696,0.07756,0.08387,1.072,-0.06343050155190862,-0.22228613165342828,-0.12873444548371438,-0.11954864709268857,0.0223,3336327330.0,565126365184,13.494999,19.166666,1.3276924,-0.010595465140919686,0.013018008244738555,0.009731833910034602,-0.043237704918032784,0.012359063313096271,0.285071749839366,-0.22895695009638037,0.07946026986506746,2334.5,,,2.6,Hold,0.7040869288378062,Industrials,
1965,Techno Ryowa Ltd.,,,JP3545040002,0.11571,0.121070005,0.12684,0.01257,0.253,0.2559908799032152,-0.01807317431552141,-0.12128408976552273,0.06339473298480473,0.0084,488048500.0,146190172160,12.484461,,2.163504,-0.002797202797202797,0.027377521613832854,0.02295552367288379,-0.004189944134078212,0.1263823064770932,,,,7130.0,,,,,,Industrials,
1968,"Taihei Dengyo Kaisha, Ltd.",,,JP3447200001,0.06337,0.08821,0.09137,0.11968999999999999,1.083,0.5018325219735537,-0.37549264533757,-0.3718576497353624,0.13630128686716925,0.029300000000000003,319698840.0,161421000704,13.550164,4.973751,1.2902529,-0.01273639521420301,0.01507936507936508,0.017906884202148827,-0.016153846153846154,0.055716054477919934,,,,2558.0,,,0.0,Strong Buy,2.7243350139562676,Industrials,
1969,"Takasago Thermal Engineering Co., Ltd.",,,JP3455200000,0.088549994,0.08422,0.09962,0.19125,-0.28,0.27302819708497245,-0.16296662924377592,-0.24396395059896891,-0.007092933610484909,0.026099999999999998,2502650130.0,616756477952,16.501524,14.059004,2.980495,0.010939510939510939,0.042468480424684804,0.07235494880546076,0.04686805864060418,0.1234803337306317,0.464035646085296,0.11394016549968174,0.2677699978782092,4713.0,,,1.3,Strong Buy,1.173733502031865,Industrials,
1975,"Asahi Kogyosha Co., Ltd.",,,JP3112800002,0.09232,0.0,0.11323,0.1304,0.107,-0.039542429742066815,-0.5743973399833748,-0.4360634234790325,-0.2880399834463439,0.0368,238893300.0,101303304192,10.929038,,1.9831973,-0.018796992481203006,0.02890932982917214,0.04679144385026738,-0.005082592121982211,-0.0076045627376425855,,,,3915.0,,,,,,Industrials,
1976,"MEISEI INDUSTRIAL Co.,Ltd.",,,JP3918200001,0.057189997,0.09314,0.08276,0.01165,0.107,0.2290980786042445,-0.41156305960603734,-0.3734448489619207,-0.07715930436890259,0.0467,113760330.0,78630289408,14.641026,,1.1540016,-0.016647531572904706,0.0023405500292568754,0.01601423487544484,-0.01154068090017311,-0.07455429497568881,,,,1713.0,,,,,,Industrials,
1979,Taikisha Ltd.,,,JP3441200007,0.052389998,0.05217,0.057740003,0.01983,-0.265,0.14167628199065577,-0.44442496607517357,-0.3852938824470212,-0.07347682200982941,0.0359,703788800.0,241662148608,15.674046,10.074147,1.3879964,-0.006459948320413436,0.014511873350923483,0.03918918918918919,0.0039164490861618795,-0.11912943871706758,0.5084525357607282,0.15734720416124837,0.3372344603381015,3845.0,,,2.3,Buy,1.5558683032915839,Industrials,
1980,"Dai-Dan Co., Ltd.",,,JP3486000007,0.11166,0.10268,0.17727,0.025179999999999998,-0.051,0.031004354051605683,-0.4112332988966561,-0.32509716588905735,-0.2042980391397141,0.0294,1490036240.0,378560217088,14.104604,9.932111,2.9065723,0.006535947712418301,0.0663265306122449,0.10290237467018469,0.021291448516579405,0.10456776141940355,0.367053998632946,0.367053998632946,0.367053998632946,2926.0,,,,,1.4201013258913437,Industrials,
1982,"Hibiya Engineering, Ltd.",,,JP3793400007,0.07517,0.09759,0.12158,,0.331,0.2728617330545213,-0.4981465640148275,-0.42303807442959995,0.2159865904059984,0.0311,290122000.0,132873428992,16.129032,,1.8408868,-0.0015503875968992248,0.048859934853420196,0.04715447154471545,0.00625,0.07764390896921017,,,,3220.0,,,,,,Industrials,
2001,Nippn Corporation,,,JP3723000000,0.029660001,0.05076,0.040149998,0.27091,-0.025,0.11438616342035071,-0.40533177661023545,-0.29578153517683115,-0.44718922695801305,0.022799999999999997,449382150.0,246257647616,11.587382,12.90169,0.8755453,-0.013576158940397352,-0.00501002004008016,0.0030303030303030303,0.005739365293720459,0.0482054890921886,,,,2979.0,,,0.0,Strong Buy,0.8981290048047968,Consumer Defensive,
2002,Nisshin Seifun Group Inc.,,,,0.035720002,0.03496,0.05144,0.16757000000000002,-0.167,1.3521330684534831,-0.42827786725565564,-0.12292975216345689,0.13831904285418542,0.0325,1923534540.0,558669430784,17.636154,15.676736,1.0830871,-0.041496761813384506,-0.02868254739912494,-0.020348124540328513,-0.019386503067484663,0.01627670396744659,0.07607607607607608,0.001001001001001001,0.04604604604604605,1998.0,,,,,1.1249889007507685,Consumer Defensive,
2003,"Nitto Fuji Flour Milling Co.,Ltd.",,,JP3683200004,0.03636,0.04526,0.05396,0.008100000000000001,-0.035,-0.2051336595050698,-0.2711019425820869,-0.18551166692084797,-0.1564289824281857,0.0365,39163040.0,69779087360,21.008772,,1.4158821,-0.003121748178980229,0.008421052631578947,0.030107526881720432,0.047566976489885185,0.1087962962962963,,,,1916.0,,,,,,Consumer Defensive,
2004,"Showa Sangyo Co., Ltd.",,,JP3366400004,0.02764,0.03091,0.03767,0.3446,-0.003,-0.08919990389235943,-0.2081233106874133,-0.08293255131964813,-0.170364996093314,0.0355,189675600.0,128200032256,12.0771475,12.816765,0.84310204,-0.008793969849246231,0.010243277848911651,0.005095541401273885,0.03137254901960784,0.13199426111908177,,,,3945.0,,,,,0.9422929655026054,Consumer Defensive,
2053,"Chubu Shiryo Co., Ltd.",,,JP3525400002,0.04008,0.03703,0.02192,0.09712,2.482,0.3580646052667938,0.09312506703327773,0.1548894258709816,-0.07130447346083697,0.0369,131279820.0,59056926720,10.799181,14.0190735,0.78807545,-0.009624639076034648,0.0034129692832764505,0.023880597014925373,0.026433915211970076,0.08658922914466737,,,,2058.0,,,,,0.770320592156108,Consumer Defensive,
2060,"Feed One Co.,Ltd.",,,JP3802960009,0.041789997,0.021879999,0.027290002,0.39762000000000003,0.074,0.24737538757230154,-0.15035703001579778,-0.19898720370839262,0.31555222602739735,0.0353,117029850.0,56370450432,8.834113,82.752815,0.9013447,-0.010080645161290322,0.008904109589041096,0.013764624913971095,0.01796821008984105,0.1607565011820331,,,,1473.0,,,,,0.10675302103016074,Consumer Defensive,
2117,"WELLNEO SUGAR Co., Ltd.",,,JP3676600004,0.0656,0.06145,0.10762,0.20299,0.213,-0.003417679921130523,-0.4973002159827214,-0.4423831904893558,-0.25426320487445175,0.041100000000000005,52474900.0,93468573696,14.430123,,1.206155,-0.004879749041477867,0.012411347517730497,0.01457000710732054,0.014209591474245116,0.04083120670798396,,,,2855.0,,,,,,Consumer Defensive,
2121,"MIXI, Inc.",,,JP3882750007,0.06506,0.11587,0.11535,0.22649,3.286,-0.41602924194934754,-0.13053644825277988,-0.09342305249041243,-0.08096020414500167,0.0499,1178585400.0,248828608512,14.770877,19.67772,1.3146262,-0.0078125,-0.00392156862745098,0.043835616438356165,0.10115606936416185,0.18691588785046728,-0.05511811023622047,-0.05511811023622047,-0.05511811023622047,3810.0,,,,,0.750639657439988,Communication Services,
2124,"JAC Recruitment Co., Ltd.",,,JP3386130003,0.2787,0.18529,0.22097,0.01109,-0.028,-0.09801262465347563,-0.2053693104388116,-0.1813560513733946,0.2555531906013939,0.0362,494267820.0,166742360064,18.448822,7.374341,7.641206,-0.0019029495718363464,0.033497536945812804,0.09728033472803348,0.09728033472803348,0.14895947426067907,0.23927550047664442,0.23927550047664442,0.23927550047664442,1049.0,,,,,2.501758733424451,Industrials,
2127,Nihon M&A Center Holdings Inc.,,,JP3689050007,0.21545,0.25821,0.25812998,0.05866,0.338,-0.06744136523422782,-0.10537819872845067,0.4050861689791675,0.44761922685012456,0.0381,2652266826.0,208211542016,16.692934,16.916538,4.3828506,-0.0004566210045661408,0.014835457852351012,0.0458671356364619,0.050551952724749764,0.027699530516431994,0.37048880767473724,-0.010202527790467557,0.2090756814374904,656.7,,,2.2,Buy,0.9867819290211746,Financial Services,
2146,"UT Group Co.,Ltd.",,,JP3949500007,0.11412,0.046680003,0.083009996,0.28649,0.46,-0.04377990731294426,-0.26166738336024953,-0.2340153005183075,0.18405930835823642,0.0554,1065089860.0,137783623680,20.668955,0.80266446,4.488147,-0.004132231404958678,0.04782608695652174,0.1004566210045662,0.09049773755656108,0.3241758241758242,-0.17012448132780084,-0.25311203319502074,-0.21161825726141079,241.0,,,,,25.750430011564234,Industrials,
2154,Open Up Group Inc.,,,JP3635580008,0.082779996,0.07063,0.07142,0.12433,-0.432,-0.07844641238407368,-0.3575621434287854,-0.13249464610483952,-0.18923303294502658,0.049400000000000006,307698750.0,172044353536,14.576735,13.227513,2.1443095,-0.00881057268722467,0.010983524712930605,0.0530421216848674,0.05194805194805195,0.031059063136456212,0.2839506172839506,0.13580246913580246,0.2181070123456791,2025.0,,,,,1.1020011849544202,Industrials,
2158,"FRONTEO, Inc.",,,JP3944630007,0.0473,0.07854,-0.109680004,1.04006,,-0.11413815247967145,-0.06475184580119804,-0.14004980225574917,-0.005573395477426798,,102797170.0,25115344896,46.281586,59.906544,6.7081785,0.022328548644338118,0.03889789303079417,0.052545155993431854,0.043973941368078175,0.004702194357366771,,,,641.0,,,,,0.7725631109683109,Technology,
2160,GNI Group Ltd.,,,JP3386370005,-0.0066000004,-0.20045,0.51208997,0.07628,,1.2996957856353135,-0.0340486615808243,-0.09034052200717003,0.2994735782991911,,3324555000.0,213897396224,,16.880486,4.486682,0.08586702305379218,0.1226252158894646,0.12185018985157059,0.11454046639231824,0.19529238690695108,0.5384615384615384,0.16923076923076924,0.35384615384615387,3250.0,,,,,,Healthcare,
2175,"SMS Co., Ltd.",,,JP3162350007,0.07381,-0.21922001,0.21319,0.19986,-0.037,-0.485916880047272,-0.44975014262834834,-0.31694240837696336,-0.16550573725963433,0.011399999999999999,1029425760.0,219401043968,,24.865116,7.7663755,-0.0011210762331838565,0.002625656414103526,0.03484320557491289,0.05610430659818254,0.16116420503909643,-0.17695473251028807,-0.4276094276094276,-0.2957351290684624,2673.0,,,,,,Healthcare,
2181,"Persol Holdings Co.,Ltd.",,,JP3547670004,0.073520005,0.02753,0.04453,0.34607,0.135,1.201450356922476,-0.24957160388153068,-0.14283675260061154,0.4159837995453063,0.044500000000000005,3101889944.9999995,651127095296,15.218978,16.35294,2.9407022,-0.02991024951492879,-0.005451448040885938,0.027455099362589667,0.04623655913978487,0.1226923076923076,0.301815690304899,-0.07502569373072963,0.09137183967112032,291.9,,,2.3,Buy,0.9306569950112946,Industrials,
2209,"Imuraya Group Co., Ltd.",,,JP3149200002,0.0448,0.04473,0.0223,0.33787999999999996,0.255,0.7316972058701601,-0.18257608538872058,-0.07236877644728548,0.001755866959311203,0.0161,48831300.0,30188238848,12.6420145,,1.1999935,-0.004221190375685944,-0.002536997885835095,0.0025499362515937103,-0.010071338648762064,0.01988759187202767,,,,2359.0,,,,,,Consumer Defensive,
2212,"Yamazaki Baking Co., Ltd.",,,JP3935600001,0.043730002,0.03148,0.051269997,0.18655000000000002,0.025,1.008586952391808,-0.19682807478406258,-0.10472932463410335,-0.03424587673611118,0.0165,2375655800.0,718111834112,17.093977,18.822254,1.5228626,-0.03390728476821192,-0.04553781732530751,-0.056891647271786916,-0.05223492723492724,0.03932744371615845,0.1927611735673156,-0.026597203180696465,0.08650945982999726,3647.0,,,2.4,Buy,0.9081790629326327,Consumer Defensive,
2217,Morozoff Limited,,,JP3927600001,0.020920001,0.0117999995,-0.03091,0.10109,,0.37322491308703076,-0.19214770189135466,-0.08838338658146966,-0.03685840881464928,0.0067,39123840.0,29960230912,69.93433,6.568282,1.5016149,0.001343183344526528,0.0047169811320754715,0.008795669824086604,0.00404040404040404,0.0006711409395973154,,,,1491.0,,,,,10.647278847040978,Consumer Defensive,
2220,"Kameda Seika Co.,Ltd.",,,JP3219800004,0.02803,0.02891,0.0583,0.40637999999999996,-0.937,0.4195380364258125,0.0799869725427497,0.01288604276422899,0.24858222401035562,0.0182,303008200.0,83362381824,3.3818283,,0.79907215,-0.011252813203300824,-0.023703703703703703,-0.022979985174203115,-0.020802377414561663,0.03453689167974882,,,,1318.0,,,,,,Consumer Defensive,
2222,"Kotobuki Spirits Co., Ltd.",,,JP3299600001,0.23072,0.16136,0.22247,,0.185,-0.07016942040982949,-0.4125488590617111,-0.17530484455673948,-0.01786366113035286,0.013500000000000002,2225680940.0,401062592512,31.94735,28.222126,8.856982,0.0046421663442940036,0.03035112080936322,0.02103400825633969,0.05784114052953157,-0.012547528517110267,0.23219098960338852,0.15517905275317675,0.19368502117828262,2597.0,,,,,1.1319965760198223,Consumer Defensive,
2229,"Calbee, Inc.",,,JP3220580009,0.05441,0.05184,0.07591,0.16774,0.184,-0.17576317224769283,-0.3471157984160785,-0.2569822406658163,-0.29681312189054726,0.022799999999999997,802366890.0,368046440448,21.644619,18.321026,1.7735006,-0.015929778933680104,-0.0009900990099009901,0.005982053838484547,0.002317880794701987,0.03381147540983607,0.18929633300297324,-0.14106375949785266,-0.011672712256359359,3027.0,,,,,1.1814086721999084,Consumer Defensive,
2264,"Morinaga Milk Industry Co., Ltd.",,,JP3926800008,0.03971,0.03891,0.06783,0.47076999999999997,2.993,0.16146513580813623,0.045211824631057294,0.26606501611309596,-0.0496514620052043,0.0219,2392775500.0,368632168448,16.555523,4.603539,0.33288512,-0.013816925734024179,0.01737193763919822,0.0325497287522604,0.03959945380063723,-0.07305194805194805,0.4886164623467601,0.22591943957968477,0.3134851138353765,1142.0,,,1.5,Strong Buy,3.596259964344823,Consumer Defensive,
2266,"Rokko Butter Co., Ltd.",,,JP3984800007,,0.03822,0.03129,0.3414,0.764,6.634055745664064,-0.18461538461538463,-0.07141405158175576,1.1153269924157652,0.0546,106019380.0,20479131648,11.389429,,0.6297589,-0.0026857654431512983,0.0036036036036036037,0.004508566275924256,0.015496809480401094,0.07736943907156674,,,,1114.0,,,,,,Consumer Defensive,
2267,"Yakult Honsha Co.,Ltd.",,,JP3931600005,0.031659998,0.09427,0.083739996,0.17337,0.194,0.16383218305187322,-0.19453461519977955,-0.20787385344738743,-0.08401981090109563,0.0256,2851144230.0,801637990400,18.691496,15.892413,1.3470944,-0.018989547038327528,-0.013144058885383806,-0.0001775568181818182,0.007695060844667144,-0.008277562522014795,0.20760078138874088,-0.2896465991830936,-0.10850648197478245,2815.5,,,3.7,Underperform,1.1761269984614673,Consumer Defensive,
2269,"Meiji Holdings Co., Ltd.",,,JP3918000005,0.04938,0.03384,0.07835,0.16913,0.512,0.40666491030883306,-0.21903768872922016,-0.21971798026263012,0.11108397052286396,0.0253,4224797280.0,1181202513920,33.670868,20.802294,1.5290117,-0.003203661327231121,0.01680672268907563,0.023255813953488372,0.0027624309392265192,0.08574277168494517,0.21671258034894397,-0.1046831955922865,0.05716253443526171,4356.0,,,2.1,Buy,1.6186132164077673,Consumer Defensive,
2270,"MEGMILK SNOW BRAND Co.,Ltd.",,,JP3947800003,0.02747,0.062179998,0.02372,0.16788,0.752,0.2030806055235294,-0.31125509959203274,-0.2868648896074173,-0.18077741020793947,0.026699999999999998,520425000.0,223406784512,7.142857,17.355486,0.92388904,-0.01832460732984293,0.005361930294906166,0.013513513513513514,0.009421265141318977,0.017639077340569877,0.21333333333333335,-0.06666666666666667,0.05333333333333334,3750.0,,,,,0.41156191189344976,Consumer Defensive,
2281,"Prima Meat Packers, Ltd.",,,JP3833200003,0.023599999,0.00939,0.02025,0.14804,-0.033,1.5225257593060706,0.4398864809081528,0.3457531241882882,0.041951509980625225,0.0332,432634180.0,120981471232,26.383863,13.913295,0.99574566,-0.016748366013071895,-0.004960727573377429,0.007112970711297071,0.0016645859342488557,0.024691358024691357,0.03863730785209805,0.03863730785209805,0.03863730785209805,2407.0,,,,,1.8963058714704175,Consumer Defensive,
2282,NH Foods Ltd.,,,JP3743000006,0.03444,0.02313,0.04478,0.45994999999999997,-0.008,1.1566988248407741,-0.33201826281036123,-0.1431665090424813,-0.08794318846623912,0.0296,3646313760.0,564344520704,16.835167,17.669119,1.0693567,-0.03401144310235219,-0.02767557190849464,-0.027052985433007843,-0.010420058612829698,0.013337779259753251,0.33267522211253703,-0.04573872984534386,0.11056268509378085,6078.0,,,3.0,Hold,0.9528017214667013,Consumer Defensive,
2288,"Marudai Food Co., Ltd.",,,JP3876400007,0.0337,0.03916,0.022149999,0.19846,-0.274,1.054915781461994,0.5348876075875323,0.5942427464681755,0.6509864539928609,0.0346,348105930.0,55397416960,5.7803903,,0.74674684,-0.0030198446937014668,0.008729812309035356,0.031236055332440876,0.02711111111111111,0.0900943396226415,,,,2311.0,,,,,,Consumer Defensive,
2292,S Foods Inc.,,,JP3399300007,0.02858,0.01912,0.022880001,0.3786,-0.009,-0.3538358670089306,-0.6101225036353555,-0.4877429118835633,0.31318010718579875,0.0401,327770800.0,86911492096,9.407248,12.088106,0.6644406,-0.02034987504462692,-0.003992740471869328,0.009937430990062569,-0.003992740471869328,0.032952885744041746,,,,2744.0,,,,,0.778223486789411,Consumer Defensive,
2294,"Kakiyasu Honten Co., Ltd.",,,JP3206500005,0.042480003,0.018960001,0.0078100003,,-0.891,-0.28557589847912435,-0.11751378039295249,0.5341520079654828,0.06032906764168185,0.034,57973180.0,23966834688,29.499882,,1.6259729,-0.0011980830670926517,0.006438631790744467,0.008467741935483872,-0.021135029354207437,-0.01767478397486253,,,,2501.0,,,,,,Consumer Defensive,
2296,Itoham Yonekyu Holdings Inc.,,,JP3144500000,0.03424,0.01893,0.03233,0.36613,-0.039,2.5149946146559223,-0.3191031486637345,-0.2672791519434628,-0.3658522084210828,0.031200000000000002,687594750.0,282334101504,13.966481,17.653738,0.96070963,-0.016798418972332016,-0.006986027944111776,-0.005,-0.005,0.017382413087934562,0.04522613065326633,0.02512562814070352,0.03852592964824126,4975.0,,,3.0,Hold,0.791134489477526,Consumer Defensive,
2317,Systena Corporation,,,JP3351050004,0.18304001,0.1191,0.1611,0.039599999999999996,0.031,-0.3200275046798313,-0.44413897165070393,-0.2765824954580008,-0.1632721081146822,0.0409,351859200.0,157280567296,13.906447,17.460318,3.9633214,-0.0022675736961451248,-0.0022675736961451248,0.03529411764705882,0.03773584905660377,0.05515587529976019,0.11363636363636363,0.11363636363636363,0.11363636363636363,440.0,,,2.0,Buy,0.796460121745778,Technology,
2353,"NIPPON PARKING DEVELOPMENT Co.,Ltd.",,,JP3728000005,0.0959,0.14251,0.15619001,0.9302800000000001,0.584,-0.1701592669431974,-0.08008188833291888,0.17144621980796995,-0.3172748906929042,0.0735,608556480.0,84315848704,14.90411,16.190477,4.1147285,0.0036900369003690036,0.014925373134328358,0.05426356589147287,0.018726591760299626,0.10121457489878542,0.25,0.25,0.25,272.0,,,,,0.9205479245608389,Industrials,
2371,"Kakaku.com, Inc.",,,,0.17989999,0.18889,0.26782,0.12468,-0.067,0.17888279616552918,-0.37959370006847754,-0.2543541428565404,-0.609433342195439,0.013000000000000001,1056810950.0,758702080000,40.32173,30.912462,11.707815,0.010540184453227932,-0.001041938004688721,0.010273972602739725,0.035926526202052944,0.033414174077068176,-0.34810951760104303,-0.4706649282920469,-0.40514993481095174,3835.0,,,2.4,Buy,1.3043842965338703,Communication Services,
2384,"SBS Holdings, Inc.",,,JP3163500006,0.05985,0.03583,0.03433,0.7462399999999999,0.589,0.557634817719455,-0.23854934841903216,-0.3710224121284332,-0.2619950705189648,0.045599999999999995,329223400.0,208913350656,10.4822645,18.652483,1.9979087,0.015444015444015444,0.07019328585961343,0.09355509355509356,0.0823045267489712,0.23185011709601874,0.14068441064638784,0.12167300380228137,0.1311787072243346,5260.0,,,,,0.5619768960518554,Industrials,
2413,"M3, Inc.",,,,,0.12988,0.20062,,,-0.23515635232450177,-0.48511803611672344,-0.39783990940126057,0.38415602737671734,0.0124,5469119910.0,1181378805760,24.44843,24.745289,2.8988113,-0.013630041724617525,0.017503586800573886,0.049112426035502955,0.06422569027611044,-0.036936447582835416,0.6074450084602369,-0.09757473209249859,0.16563265651438253,1773.0,,,2.2,Buy,0.9880034134982217,Healthcare,
2432,"DeNA Co., Ltd.",,,JP3548610009,0.03888,0.28841,0.19935,0.07139000000000001,2.316,0.26909313083704284,-0.2788245784670289,-0.18494261999048572,-0.01439001460005207,0.0259,2693113545.0,235488378880,14.880744,26.7188,1.0920464,-0.0126066718386346,-0.005081102208325191,0.019831730769230768,0.022699879469666534,0.05294725956566701,0.21783539579650363,-0.18680023571007662,0.0076605774896876845,2545.5,,,2.5,Buy,0.5569390840906029,Industrials,
2501,Sapporo Breweries Limited,,,,0.010570001,0.6287,-0.0297,0.28817,48.364,0.1761211270042387,-0.25009659611180807,-0.24929938298899995,-0.12010763558130343,0.0216,1965348000.0,720670097408,76.3321,10.741063,1.4049737,-0.03195390256678889,-0.006184458187684862,0.00544069640914037,0.0016260162601626016,-0.040498442367601244,0.12824675324675325,-0.4588744588744589,-0.2527056277056277,1848.0,,,3.8,Underperform,7.106568502577445,Consumer Defensive,
2502,"Asahi Group Holdings, Ltd.",,,JP3116000005,0.028770002,0.05402,0.13619,0.52869,1.142,0.11410604380064739,-0.322851623237039,-0.3052851444623063,-0.1501598882663353,0.0385,8927707600.0,2354886213632,14.641688,11.253232,0.73847556,-0.02127659574468085,-0.006785934608266502,0.01481248030255279,0.003115264797507788,-0.035350509286998205,0.6770186335403726,0.037267080745341616,0.27689440993788833,1610.0,,,1.9,Buy,1.3011095834512254,Consumer Defensive,
2503,"Kirin Holdings Company, Limited",,,JP3258000003,0.055159997,0.078099996,0.12544,0.50194,1.649,0.2644700872208439,-0.25826228362772524,-0.22372224369653596,-0.18913777528116368,0.026699999999999998,8318132730.0,2257182261248,11.709694,16.561047,1.666656,-0.015211754537597235,0.009569377990430622,0.026486486486486487,0.01587018544935806,-0.026819268875982235,0.35755660874144285,-0.10479199578725645,0.041881692118659004,2848.5,,,2.5,Buy,0.7070624218384262,Consumer Defensive,
2531,Takara Holdings Inc.,,,JP3459600007,0.02153,0.029660001,0.04324,0.2288,-0.64,0.6104811594979438,-0.2802784211978512,-0.025336809130539577,-0.058636401693921834,0.0124,1326460320.0,478993776640,41.321224,26.73077,1.8607764,-0.009697209578468237,0.02122448979591837,-0.01301775147928994,0.022894521668029435,0.1951277764509195,,,,2502.0,,,,,1.5458299181056139,Consumer Defensive,
2533,"Oenon Holdings, Inc.",,,JP3307400006,0.049850002,0.03613,0.057529997,0.16909,-0.207,-0.4551722290194957,-0.13353145306493727,-0.2927500927767363,-0.17368406522111238,0.0248,65248040.0,26315280384,8.460059,29.333334,0.9822325,-0.00819672131147541,0.03862660944206009,0.04086021505376344,0.054466230936819175,0.09255079006772009,,,,484.0,,,,,0.2884110957179296,Consumer Defensive,
2579,Coca-Cola Bottlers Japan Holdings Inc.,,,JP3293200006,0.028870001,0.02214,0.03928,0.47463,,0.12815828636594107,-0.20626796611064355,-0.22091988130563797,-0.34505950498322885,0.018799999999999997,2736266900.0,619594645504,34.72348,40.940674,1.7032139,-0.015170995114425302,0.01162176439513999,0.039630836047774155,0.020245071923281833,-0.008542583484338596,0.34464751958224543,-0.2689295039164491,0.08746736292428199,3830.0,,,2.3,Buy,0.8481413862409789,Consumer Defensive,
2585,"Lifedrink Company, Inc.",,,JP3966680005,0.07603,0.06302,0.11209,1.89297,0.116,0.533479201705428,-0.2797048682096371,-0.19724480812056558,0.25193945205254903,0.011200000000000002,844441110.0,69583388672,20.201868,15.055574,4.1193094,-0.02896451846488052,-0.03176895306859206,-0.004454342984409799,-0.0674547983310153,-0.10897009966777409,0.5659955257270693,0.1185682326621924,0.4168530947054437,1341.0,,,1.7,Buy,1.3418198469218112,Consumer Defensive,
2587,Suntory Beverage & Food Limited,,,JP3336560002,0.045890003,0.049569998,0.09512,0.01087,0.056,-0.1956942152087275,-0.2197758016291203,-0.23518893707270386,-0.05208072213203729,0.026600000000000002,3930732740.0,1394515378176,15.55188,13.604847,1.0297235,-0.021465741543798787,-0.0019902697921273774,0.012791741472172352,0.01120322652924042,-0.011823954455879132,0.38488810104143584,-0.09151340571681808,0.06822712164857071,4513.0,,,2.9,Hold,1.1431131860578807,Consumer Defensive,
2590,"DyDo Group Holdings, Inc.",,,JP3488400007,0.03283,-0.1074,0.08005,0.45395,0.809,-0.4665226187363235,-0.40651122281862684,-0.359991836258674,-0.27081059764675586,0.01,252719600.0,95438782464,,29.617239,1.3813093,-0.014729950900163666,0.014492753623188406,-0.001658374792703151,-0.014729950900163666,0.035075653370013754,-0.3023255813953488,-0.3023255813953488,-0.3023255813953488,3010.0,,,4.0,Underperform,,Consumer Defensive,
2594,Key Coffee Inc.,,,JP3236300004,0.01279,0.013409999,0.03247,0.59236,0.953,0.17118433025238267,-0.2156627908910957,-0.01915632754342429,0.06749302966172847,0.006,137527920.0,43018293248,43.482025,,1.3362205,-0.0034739454094292804,0.0004982561036372695,0.0034982508745627187,-0.0029791459781529296,0.02292409577177789,,,,2008.0,,,,,,Consumer Defensive,
2602,"The Nisshin OilliO Group,Ltd.",,,JP3677200002,0.02855,0.01878,0.04217,0.54791,-0.781,2.345785299209534,-0.17508764308419567,0.02415845075596176,-0.09774349926268036,0.0285,674345350.0,192796344320,8.285164,4.005627,0.90921956,-0.006600660066006601,0.0062082139446036294,0.004768717215069146,0.01395572666025024,0.13523706896551724,-0.05078310393925012,-0.05078310393925012,-0.05078310393925012,2107.0,,,3.0,Hold,2.0683813045997543,Consumer Defensive,
2607,"Fuji Oil Co., Ltd.",,,JP3816400000,0.03697,0.01763,0.04976,1.14175,0.715,-0.17468994539293098,-0.21300436121870142,0.005933499254633777,0.19638229695985474,0.0139,1180401240.0,382880022528,34.364872,23.924139,1.5467772,-0.018081587651598677,-0.02131868131868132,0.018526989935956084,0.013196814562002276,0.10359355638166047,0.3698630136986301,0.03301145295306535,0.16614799011902087,4453.0,,,1.7,Buy,1.4364099790592255,Consumer Defensive,
2659,"SAN-A CO.,LTD.",,,JP3324500002,0.05475,0.04241,0.07283,,0.049,0.4555547462723839,-0.15205969694662302,0.04015787552473086,-0.27004821213338687,0.032400000000000005,566841900.0,201501933568,19.646479,17.322433,1.3878648,-0.007320644216691069,-0.010218978102189781,0.01649175412293853,0.018018018018018018,0.03987730061349693,0.09144542772861357,0.0471976401179941,0.06932153392330384,3390.0,,,2.5,Buy,1.1341639479858285,Consumer Cyclical,
2664,Cawachi Limited,,,JP3226450009,0.02131,0.011410001,0.01994,0.1438,0.055,-0.32740107831490456,-0.5147708006156779,-0.133803859631805,0.5109614708982317,0.0269,243697200.0,81431543808,25.974026,,0.7235276,0.0026954177897574125,0.012244897959183673,0.012244897959183673,0.009534751056932224,0.04449097557855789,,,,3720.0,,,,,,Healthcare,
2670,"ABC-Mart,Inc.",,,JP3152740001,0.090299994,0.12342,0.19261,0.0109,0.104,-0.31023761018704443,-0.4294003432336619,-0.3770127946682026,-0.4248860696015861,0.0298,1276966680.0,664603000832,14.347569,14.7246,1.6559151,-0.00904559719401883,0.0033644859813084112,0.01628171147292692,0.0052434456928838954,-0.02077221694272607,0.30402384500745155,-0.012667660208643815,0.1471270491803279,2684.0,,,2.3,Buy,0.9743944827024164,Consumer Cyclical,
2676,"Takachiho Koheki Co.,Ltd.",,,JP3457710006,0.060650002,0.05116,0.04976,0.049800000000000004,2.075,-0.1377235213204952,-0.27307371680362025,-0.24078027235921975,-0.2637639456812561,0.036699999999999997,29173760.0,38703992832,Infinity,,2.3055935,-0.00861244019138756,-0.002407318247472316,0.009746588693957114,0.010731707317073172,0.004362578768783325,,,,2072.0,,,,,,Industrials,
2678,ASKUL Corporation,,,JP3119920001,-0.0555,-0.05895,-0.0037200002,1.2915,,0.028728309429574835,0.37239647895953215,0.26900804933723127,-0.24605782269533702,0.0161,535546550.0,111290228736,,9.917817,2.399827,-0.012708498808578236,0.012214983713355049,0.035833333333333335,0.0016116035455278,-0.007980845969672785,0.053901850362027354,-0.19549477071600965,-0.054131777956556805,1243.0,,,3.7,Underperform,,Consumer Cyclical,
2681,Geo Holdings Corporation,,,JP3282400005,0.03402,0.01891,0.04242,1.48315,0.309,-0.32356542952741857,-0.2981487225151493,-0.17992696186247248,0.3108647416528462,0.0144,394420380.0,93769646080,10.740977,8.765341,0.9310579,0.00042444821731748726,0.0319614711033275,0.06362815884476535,0.04476950354609929,0.148635477582846,,,,2357.0,,,,,1.2253918016424006,Consumer Cyclical,
2685,"and ST HD Co.,Ltd.",,,JP3856000009,0.079959996,0.0294,0.09807,0.07176,-0.105,-0.22631389858345302,-0.45421409894086257,-0.46217486765716137,0.28512319295414024,0.0288,531912200.0,144381247488,15.197864,10.288268,1.735366,-0.014173228346456693,-0.0234009360374415,-0.011058451816745656,-0.027950310559006212,-0.08503372473677863,0.30990415335463256,0.022364217252396165,0.1203407987220448,3130.0,,,2.5,Buy,1.4772033543449683,Consumer Cyclical,
2695,"Kura Sushi, Inc.",,,JP3268200007,0.01208,0.008590001,0.0057099997,0.47027,-0.871,-0.12727398151250569,0.22518132683637193,0.8626326583667928,0.5076430229038443,0.009000000000000001,1280179600.0,132980531200,38.1702,14.811864,1.9458103,-0.0187683284457478,0.0011968880909634949,-0.0011940298507462687,-0.02505827505827506,0.018879415347137638,-0.07352062163777645,-0.2767483562462642,-0.1412632396891811,1673.0,,,3.3,Hold,2.577001787215978,Consumer Cyclical,
2702,"McDonald's Holdings Company (Japan), Ltd.",,,,0.10248999,0.0881,0.13551,0.00026,-0.057,-0.1933969407844919,-0.32380390008103743,-0.32854455332166405,-0.23768557755730113,0.008100000000000001,3634071000.0,1045055012864,28.409294,32.932503,3.5708232,-0.007575757575757576,-0.02843016069221261,-0.021170610211706103,-0.03558282208588957,-0.02360248447204969,0.20865139949109415,0.13231552162849872,0.17048346055979643,7860.0,,,,,0.8626521342759765,Consumer Cyclical,
2726,"PAL GROUP Holdings CO., LTD.",,,JP3781650001,0.105129994,0.0754,0.12962,0.15721,0.034,-0.24608855771185517,-0.3326503589664681,-0.2454884246188594,-0.26337505539596917,0.0269,1285092800.0,257161969664,14.577202,7.6499357,3.1525397,-0.004021447721179625,-0.014588859416445624,0.00337609723160027,-0.017195767195767195,0.0020229265003371545,0.3795423956931359,0.21130551816958276,0.303835800807537,1486.0,,,1.0,Strong Buy,1.9055326177447478,Consumer Cyclical,
2730,EDION Corporation,,,JP3164470001,0.04513,0.024419999,0.054980002,0.24884,1.375,0.19132878217482943,0.1732332707942464,0.11083711875405575,-0.19041666666666665,0.0199,658487520.0,266041114624,17.241144,20.25765,1.1092042,-0.003169572107765452,0.010441767068273093,0.023180154534363562,0.027777777777777776,-0.0027744748315497426,-0.12559618441971382,-0.12559618441971382,-0.12559618441971382,2516.0,,,,,0.8510929944983745,Consumer Cyclical,
2733,Arata Corporation,,,JP3125100002,0.022550002,0.00922,0.011729999,0.47253999999999996,-0.271,1.1975306332429145,0.1763645282318472,0.21711038487958198,-0.16933913043478258,0.0414,281779850.0,90554507264,8.936536,7.3745914,0.7325664,-0.012413289521723256,0.0037105751391465678,0.020754716981132074,0.018832391713747645,0.060784313725490195,,,,2705.0,,,,,1.2118008327891903,Consumer Cyclical,
2737,Tomen Devices Corporation,,,JP3553900006,0.08653,0.0251,0.05633,2.00077,10.433,1.2839192790963319,0.22710672257540912,0.19077486730651802,0.09385276700634262,0.08900000000000001,5138732500.0,250611056640,25.0,,3.554151,0.02361111111111111,-0.0027063599458728013,0.05890804597701149,0.1,0.17731629392971246,,,,36850.0,,,,,,Technology,
2742,"Halows Co.,Ltd.",,,JP3773750009,0.05786,0.0385,0.048660003,0.14035999999999998,-0.07,0.1887280482824341,-0.28222044201498514,-0.24942489686969185,0.40527780870727087,0.0182,118632800.0,84645937152,9.460749,10.995563,1.071834,-0.013681592039800995,-0.009987515605493134,0.016666666666666666,0.008905852417302799,0.07994381321644865,,,,3965.0,,,,,0.8604151510932182,Consumer Defensive,
2749,"Jp-Holdings,Inc.",,,JP3386190007,,0.0,0.15917,0.19757000000000002,0.213,0.09795493361946905,0.7195503041733695,0.3773892874017439,0.17608344826939137,0.02,196614000.0,57805975552,13.475743,8.676092,2.5109553,-0.00881057268722467,0.004464285714285714,0.046511627906976744,0.03211009174311927,0.10294117647058823,,,,675.0,,,,,1.5532042537123856,Industrials,
2760,Tokyo Electron Device Limited,,,JP3571600000,0.052259997,0.04237,0.06745,0.61683,1.183,-0.45474216380182,-0.47030463098716524,-0.5074197027044172,-0.2792909503806465,0.0325,372144800.0,124865798144,15.948843,12.394036,2.3398306,0.014354066985645933,0.03667481662591687,0.03540903540903541,0.05341614906832298,-0.05145413870246085,,,,4240.0,,,,,1.2868159330826536,Technology,
2767,Tsuburaya Fields Holdings Inc.,,,JP3802680003,0.0941,0.07526,0.15743,0.12741,-0.149,-0.46405069623209066,-0.41489026567258214,-0.41830515116666944,-0.33327635988271204,0.0264,1136118870.0,164782227456,12.658409,9.858473,2.6884968,-0.007126781695423856,0.01534330648254699,0.056686626746506985,0.0703598867771937,0.05922368947579031,0.15980355119002645,-0.2444276539478655,-0.04231205137891953,2647.0,,,,,1.284013152949752,Consumer Cyclical,
2768,Sojitz Corporation,,,JP3663900003,0.01417,0.03768,0.03451,1.25907,0.443,0.18459896192339592,-0.2248164333065786,-0.17179273245227875,-0.0691727104734105,0.030699999999999998,6516686880.0,1221729714176,11.862387,11.107958,1.0673041,-0.002717391304347826,0.024960726130214696,0.023174769123540686,0.001364256480218281,0.059927797833935016,0.34536784741144416,-0.11444141689373297,0.09551379427792915,5872.0,,,2.4,Buy,1.0679178837370469,Industrials,
2784,Alfresa Holdings Corporation,,,JP3126340003,0.0145000005,0.012510001,0.00709,0.061689999999999995,-0.497,1.1162126412126412,-0.17182465454735532,-0.19180003458279696,-0.17532406732650527,0.030600000000000002,1049085050.0,412739829760,10.246027,14.654044,0.8499157,-0.012381951731374607,0.007061844639417933,0.025272331154684097,0.026614310645724257,0.07076222980659841,0.0624734381640459,-0.07352316192095197,-0.0055248618784530384,2353.0,,,,,0.6991945022138598,Healthcare,
2801,Kikkoman Corporation,,,,0.07305,0.08465,0.12189,0.10577,0.264,0.47522745086231055,-0.20800968030301525,-0.11258017884226494,0.00873781399265974,0.0151,6172769350.0,1535408734208,25.064365,25.75074,2.6703973,-0.0172209026128266,-0.012824336415150612,-0.009575104727707959,-0.02359882005899705,-0.06497175141242938,0.3293051359516616,-0.09365558912386707,0.14149039274924471,1655.0,,,2.2,Buy,0.9733454261896939,Consumer Defensive,
2802,"Ajinomoto Co., Inc.",,,JP3119600009,0.0672,0.08513,0.12911999,0.6623300000000001,0.168,-0.15346059627693803,-0.31945989602884795,-0.26624769369797474,-0.24807701152597258,0.0102,13811233280.0,4672319913984,35.46171,21.126093,6.0437107,-0.009892994144962648,0.006981519507186858,-0.01407318053880177,-0.03540519276160504,-0.056197074672825253,0.48858075040783033,-0.25570962479608483,0.25335006117455144,4904.0,,,1.8,Buy,1.6785739795806065,Consumer Defensive,
2804,"Bull-Dog Sauce Co., Ltd.",,,JP3831200005,0.01135,0.086780004,0.04177,0.16293,-0.648,-0.04957849929054339,-0.28329577627549546,-0.32374279379157433,-0.20251840568672252,0.026699999999999998,27075000.0,22894532608,9.861673,,0.9307183,-0.007936507936507936,0.006981740064446832,0.01461038961038961,0.011872638963842417,0.060520361990950226,,,,1875.0,,,,,,Consumer Defensive,
2809,Kewpie Corporation,,,JP3244800003,0.050100002,0.047620002,0.08916,0.07205,0.317,1.8442564929282226,-0.23957452067034854,-0.1825231748714145,-0.3350720459614178,0.0146,1654699200.0,600600084480,24.510075,24.812786,1.8609502,-0.033521985198084456,-0.019218025182239893,-0.0231023102310231,-0.04516129032258064,-0.029508196721311476,0.3063063063063063,-0.009009009009009009,0.14583333333333334,4440.0,,,2.0,Buy,0.9878002010737529,Consumer Defensive,
2810,House Foods Group Inc.,,,JP3765400001,0.026659999,0.033800002,0.051030003,0.05918999999999999,1.967,0.6415937007874014,0.21934109983715402,0.0917156808345356,-0.11674582700452463,0.0252,1077748800.0,354527936512,49.749626,25.238155,1.2373344,-0.011934361014420686,0.010167768174885612,0.02634297520661157,0.034895833333333334,0.07405405405405406,0.10719677906391545,-0.1696024157020634,-0.027008882737795618,3974.0,,,2.0,Buy,1.9712069285571787,Consumer Defensive,
2811,"Kagome Co., Ltd.",,,JP3208200000,0.03832,0.04443,0.06509,0.30977,-0.207,3.6686600797365223,-0.1624981369436066,-0.12149296220148664,-0.17275846585844779,0.2184,1028774720.0,243465764864,18.415653,12.056611,1.2618012,-0.016441359152356595,-0.016261648090626715,-0.023576351106274936,-0.019129167425760613,0.031220072782991763,0.0029717682020802376,0.0029717682020802376,0.0029717682020802376,2692.0,,,3.0,Hold,1.5274319624312336,Consumer Defensive,
2815,"ARIAKE JAPAN Co., Ltd.",,,JP3125800007,0.04987,0.13611001,0.15948,6e-05,-0.113,0.3082909659757529,0.041683010921403085,0.12615145429811495,-0.11098598598598598,0.045700000000000005,478485000.0,164530896896,17.667845,18.787575,1.2684888,-0.0019011406844106464,0.0,0.0,-0.013157894736842105,-0.0019011406844106464,0.29523809523809524,-0.009523809523809525,0.1746031428571429,5250.0,,,2.0,Buy,0.9404005040565373,Consumer Defensive,
2819,"EBARA Foods Industry,Inc.",,,JP3165930003,0.03255,0.04473,0.06524,0.013380000000000001,2.934,-0.5545068428504012,-0.29295238095238096,-0.1199047294998298,0.35049019607843135,0.0199,25351200.0,24493678592,13.77403,12.9974165,0.67002916,0.0011942675159235668,0.015341138473960436,0.03497942386831276,0.01616161616161616,0.02028397565922921,,,,2515.0,,,,,1.0597513744366043,Consumer Defensive,
2871,Nichirei Corporation,,,JP3665200006,0.04423,0.036930002,0.03602,0.49471,0.225,0.40233502839727325,-0.42428704260788713,-0.30028677771676127,-0.3283459468792265,0.0335,2841949500.0,553864134656,20.243656,9.379111,1.922913,-0.00807899461400359,0.007751937984496124,0.017964071856287425,0.031746031746031744,0.0015862225243598459,0.13122171945701358,-0.049773755656108594,0.03695325791855213,2210.0,,,,,2.15837684403138,Consumer Defensive,
2874,"Yokorei Co.,Ltd.",,,JP3957000007,0.01924,0.01933,0.061189998,1.24339,,-0.300794452003687,-0.31505328394747145,-0.24447575305024097,-0.17921360473546946,0.0129,315229880.0,128092856320,40.486435,32.688824,1.5057862,-0.006883891693437357,-0.006427915518824609,-0.02125734961555857,-0.011420740063956145,0.016917293233082706,-0.07578558225508318,-0.07578558225508318,-0.07578558225508318,2164.0,,,,,1.238540578884086,Consumer Defensive,
2875,"Toyo Suisan Kaisha, Ltd.",,,JP3613000003,0.09099,0.13387999,0.16639,0.0057399999999999994,0.225,0.875812568259764,0.033129182261540296,0.0098688936385871,-0.16741453632581205,0.0226,4792259290.0,925103357952,13.642606,15.3932495,1.7614731,-0.023663892509776397,-0.029696063776781266,-0.026786606696651675,-0.03689416419386746,-0.06058851905451037,0.46862483311081443,-0.12293314162473042,0.1993769128068194,9737.0,,,2.8,Hold,0.8862719986446007,Consumer Defensive,
2897,"Nissin Foods Holdings Co.,Ltd.",,,,0.03425,0.058870003,0.07285,0.34874000000000005,0.205,-0.1243660707984231,-0.170586593796564,-0.10773748043765093,-0.18495314286953182,0.023799999999999998,3420082085.0,843542560768,18.832373,14.230118,1.6064876,-0.016045462142737756,-0.017523364485981307,0.0020425531914893616,0.009257671866963826,0.020454151499393308,0.5967385765245456,-0.11669780873110243,0.09761620519789359,2943.5,,,2.5,Buy,1.3234165029411564,Consumer Defensive,
2914,Japan Tobacco Inc.,,,JP3726800000,0.07413,0.16726999,0.31737,0.3791,0.446,0.1192683904004457,-0.2671805089340061,-0.259147094888463,-0.3710302299170275,0.0395,23020655460.0,12225112702976,20.53377,22.868721,2.7823842,-0.004337767495662233,0.015634218289085546,0.02883609741520992,0.041754916792738274,-0.020483641536273117,0.21986639558524543,-0.11414464130119083,0.050258059831542294,6886.0,,,1.9,Buy,0.8978976130759565,Consumer Defensive,
2918,"Warabeya Nichiyo Holdings Co., Ltd.",,,JP3994400004,0.0323,0.020380002,0.027679998,0.54374,-0.361,-0.40031198686371106,-0.5492174536974752,-0.4309894212818917,-0.1241001564945227,0.044199999999999996,174159700.0,47047249920,8.84181,13.557884,0.7903857,-0.017715112075198842,-0.014865844815083394,-0.000735564545788893,-0.007307270734380708,0.009410727071500084,0.3249907986750092,0.3249907986750092,0.3249907986750092,2717.0,,,,,0.6521526515494601,Consumer Defensive,
2922,"Natori Co., Ltd.",,,JP3651060000,0.0416,0.04033,0.07029,0.13068,,-0.3393057110862262,-0.5302013422818792,-0.3552533089913281,-0.175440276669327,0.0151,24800400.0,25064247296,18.656927,16.301146,0.89270115,-0.005988023952095809,0.003526448362720403,0.014256619144602852,0.006568974229408792,0.03212435233160622,,,,1992.0,,,,,1.1445162812479566,Consumer Defensive,
2931,"Euglena Co., Ltd.",,,JP3944370000,0.030350002,-0.00331,0.07769,0.7305200000000001,,-0.4280228339082596,-0.4180792331296779,-0.23155018752268422,-0.03310584595496067,0.005699999999999999,182812000.0,48825294848,,-140.0,1.4715713,-0.005681818181818182,-0.005681818181818182,0.03550295857988166,0.02040816326530612,0.04477611940298507,0.14285714285714285,0.14285714285714285,0.14285714285714285,350.0,,,,,,Consumer Defensive,
2933,Kibun Foods Inc.,,,JP3241500002,0.02438,0.0081400005,0.00095,0.96947,,0.4953534215713883,0.3401172818213176,0.2583748820913623,0.872231411468179,0.0204,60260690.0,25729044480,23.420616,12.25,1.030563,-0.008795074758135445,-0.0035366931918656055,0.0017777777777777779,-0.0008865248226950354,0.019909502262443438,,,,1127.0,,,,,1.9118870204081633,Consumer Defensive,
2935,"Pickles Holdings Co.,Ltd.",,,JP3801810007,0.04323,0.03549,0.066199996,0.16966,0.11,0.3236758041750241,-0.11546840958605664,-0.1342320654790563,0.082514435695538,0.0239,24223610.0,15196742656,11.324806,14.170561,0.7532412,-0.0024671052631578946,-0.0008237232289950577,0.01761744966442953,0.019327731092436976,0.09278462075127007,,,,1213.0,,,,,0.7991783811523059,Consumer Defensive,
2971,ESCON JAPAN REIT Investment Corporation,,,JP3048810000,0.02559,0.42075002,0.54033,0.96997,-0.078,2.805159538357094,-0.32235823835654986,0.07396570843640715,0.08887055750326531,0.0659,122457600.0,38338904064,14.7710495,,0.9474349,-0.0065420560747663555,-0.012999071494893221,0.002830188679245283,-0.005612722170252572,-0.03451407811080836,,,,106300.0,,,0.0,Strong Buy,,Real Estate,
2972,SANKEI REAL ESTATE Inc.,,,JP3048880003,0.01809,-0.52906,0.55876,1.08968,,2.344020011464902,-0.33050466226891095,-0.11469619739275562,-0.2042565320665083,0.0564,198135000.0,49045393408,,47.16981,1.079673,0.004784688995215311,-0.007561436672967864,0.01842870999030068,0.005747126436781609,-0.005275591949837469,,,,105000.0,,,,,,Real Estate,
2975,"Star Mica Holdings Co., Ltd.",,,JP3399340003,0.050869998,0.077470005,0.14995,2.87487,0.884,-0.28616576710359726,-0.2054412046869522,0.14980988593155897,-0.20475917829134568,0.0359,280489500.0,53947916288,7.9874177,,1.436738,-0.006289308176100629,0.035688273852876914,0.045588235294117645,0.01282051282051282,-0.08787684413085312,0.4767932489451477,0.4767932489451477,0.4767932489451477,1422.0,,,,,,Real Estate,
2979,"SOSiLA Logistics REIT, Inc.",,,JP3048960003,0.01811,0.41147,0.48435003,0.8342100000000001,-0.115,1.082403874376284,-0.35695700761169796,-0.10834083567229774,0.5705657026075606,0.0546,283179200.0,71731503104,19.230768,,0.9160877,-0.014985014985014986,-0.010040160642570281,-0.0020242914979757085,-0.008048289738430584,-0.06893295561850803,0.09533468559837728,0.09533468559837728,0.09533468559837728,98600.0,,,,,,Real Estate,
2980,SRE Holdings Corporation,,,JP3161320001,0.087,0.08011,0.21348,1.70032,,-0.25948873863985594,-0.5284126501843662,-0.4369485007535208,0.013971723713998853,0.0085,523943860.0,37881561088,20.704535,15.236552,2.3033664,0.009012875536480686,0.02217391304347826,0.059486255069851286,0.016428880242109815,-0.0762278978388998,0.3185878349638452,0.3185878349638452,0.3185878349638452,2351.0,,,,,1.3588727292106508,Real Estate,
2989,"Tokaido REIT, Inc.",,,JP3049110004,,0.45931998,0.56261003,0.9851399999999999,-0.003,2.617970410863812,-0.30165302895276164,-0.0011773739442026898,0.23224575462697947,0.0652,216595200.0,35813470208,14.880952,,0.8861723,-0.028272251308900525,-0.028272251308900525,-0.014861995753715499,-0.026232948583420776,-0.05595116988809766,,,,92800.0,,,,,,Real Estate,
3001,"Katakura Industries Co.,Ltd.",,,JP3211400001,0.02784,0.18649,0.17639999,0.06497,0.654,0.49906266203980687,-0.4480719477639522,-0.39689197725837017,-0.40249343832021,0.0192,87562500.0,98904809472,13.020833,,0.99016833,0.02459016393442623,0.06112054329371817,0.07870210562651019,0.0768435561681599,0.0702054794520548,,,,3125.0,,,,,,Industrials,
3003,"Hulic Co., Ltd.",,,,0.03422,0.1415,0.25898,2.32092,0.149,0.245607920431501,-0.37698472201396177,-0.3602654485207529,-0.35103385883217286,0.0385,3026121000.0,1321216376832,11.061666,12.773455,1.3946532,-0.013325772611284377,0.004039238315060588,-0.0002872737719046251,-0.00684931506849315,0.010159651669085631,0.27011494252873564,0.034482758620689655,0.1280788505747126,1740.0,,,2.7,Hold,0.8659885676976198,Real Estate,
3023,Rasa Corporation,,,JP3967450002,0.061290003,0.083859995,0.060060002,0.09746,0.288,-0.2425311834499544,-0.3536879655859826,-0.2838772464802439,-0.029915884432524704,0.0384,42264600.0,21861347328,9.33716,,0.9384372,-0.003827751196172249,0.013631937682570594,0.045180722891566265,0.030693069306930693,0.07596899224806201,,,,2082.0,,,,,,Basic Materials,
3034,"Qol Holdings Co., Ltd.",,,JP3266160005,0.06745,0.0292,0.08347999,0.6225200000000001,0.617,-0.22996050630695675,-0.24485978471613556,-0.2017623008600028,0.10348069879499264,0.023,259188660.0,88269709312,11.90452,7.1790953,1.4850217,-0.014267729752412925,0.01776429809358752,0.06821282401091405,0.07064721969006381,0.14641288433382138,-0.1911451681566624,-0.1911451681566624,-0.1911451681566624,2349.0,,,,,1.6582200824106625,Healthcare,
3036,ALCONIX Corporation,,,JP3126210008,0.03326,0.041810002,0.0956,0.60783,3.468,-0.21625237004036335,-0.5093055737939762,-0.42133166660538995,0.5514645577035734,0.0281,326710800.0,101606375424,18.148624,,0.8995869,0.005952380952380952,0.03680981595092025,0.02735562310030395,-0.024531024531024532,-0.04519774011299435,,,,3380.0,,,,,,Basic Materials,
3038,"Kobe Bussan Co., Ltd.",,,JP3291200008,0.095649995,0.05066,0.06998,0.14318,-0.423,0.20187510735703773,0.07351881358977555,0.4499331323598082,0.2552480904428084,0.0105,8174115870.0,673684127744,19.841892,29.583088,3.9090154,-0.03372573973910277,-0.04074542008843967,0.024110605294216828,-0.022844272844272845,0.08444920549901803,0.6134343101745143,-0.09450115245307869,0.10141587092525518,3037.0,,,2.6,Hold,0.6707174044846164,Consumer Defensive,
3046,JINS HOLDINGS Inc.,,,JP3386110005,,0.076630004,0.13449,0.21777999999999997,0.139,-0.5322400565417355,-0.40484407121831084,-0.4647430039670168,-0.18285102227262692,0.0195,1152568200.0,137971384320,17.391048,24.282017,3.8656356,0.00510204081632653,-0.0016891891891891893,0.0497335701598579,0.053475935828877004,-0.10547434024032218,0.6920473773265652,0.015228426395939087,0.3197969543147208,5910.0,,,1.7,Buy,0.7162110132778509,Healthcare,
3064,"MonotaRO Co., Ltd.",,,JP3922950005,0.18093,0.09701,0.14508,0.17301,0.239,-0.18774771982751312,-0.33418813563383265,-0.17582453092425288,-0.19360493403165333,0.018600000000000002,3661048000.0,968611790848,27.395353,32.364056,8.020324,-0.00880503144654088,-0.0012674271229404308,0.033307107264621036,0.05488621151271754,0.030604237509809052,0.3197969543147208,-0.14213197969543148,0.08998614213197968,1970.0,,,3.1,Hold,0.8464746507668879,Consumer Cyclical,
3076,Ai Holdings Corporation,,,JP3105090009,0.04699,0.14039999,0.10113,0.006730000000000001,-0.43,-0.035807368099744157,-0.4420719173941431,-0.38161236268851234,-0.26267185419727795,0.04650000000000001,306297600.0,160351518720,13.4411,8.612304,1.3629426,-0.006600660066006601,0.014492753623188406,0.011764705882352941,0.01723555255153768,0.02450646698434309,,,,3010.0,,,,,1.5606857351993149,Industrials,
3086,"J. Front Retailing Co., Ltd.",,,,0.0255,0.06239,0.13268,0.8350700000000001,-0.05,-0.12487472439366602,-0.2996773794669454,-0.29396650237207533,-0.16010476526021225,0.021,3357886350.0,650942087168,23.641521,20.966982,1.5903693,-0.014776505356483192,0.012144212523719165,0.023014959723820484,0.02576923076923077,-0.08547027150838027,0.049868766404199474,-0.25009373828271464,-0.07574053243344582,2667.0,,,3.0,Hold,1.127559560074025,Consumer Cyclical,
3087,"DOUTOR NICHIRES Holdings Co., Ltd.",,,JP3639100001,0.05104,0.04856,0.08866999,0.01753,0.355,-0.07139368482746829,-0.4209700296262726,-0.33222004693435675,-0.319391038979054,0.0184,314876600.0,137203015680,19.120403,21.28145,1.2856234,0.004615384615384616,0.0015337423312883436,-0.0030534351145038168,-0.004573170731707317,0.05749865869806137,0.010719754977029096,0.010719754977029096,0.010719754977029096,3265.0,,,,,0.8984539587293159,Consumer Cyclical,
3088,MatsukiyoCocokara & Co.,,,,0.07574,0.05092,0.07427,0.0028199999999999996,0.164,0.28197391806882904,0.023973172461496682,0.0833228113637272,-0.10352617685877692,0.022099999999999998,4270241790.0,994705080320,18.08366,18.211277,1.8526006,-0.010176125244618396,-0.0025635969236836916,0.022437841115827774,-0.0003952569169960474,0.032455603184323334,0.48279952550415184,-0.04310003954132068,0.20007908264136023,2529.0,,,1.8,Buy,0.992992418928118,Healthcare,
3091,"BRONCO BILLY Co.,LTD.",,,JP3831550003,0.084300004,0.075289994,0.109680004,0.01872,0.272,-0.289687877923172,-0.6677454153182308,-0.6145516979326456,-0.6073228366517625,0.0072,162056160.0,83321462784,34.48446,17.174446,3.6448586,-0.001785076758300607,-0.008862105636299186,-0.0032085561497326204,-0.008862105636299186,0.0833010461061604,-0.1863376251788269,-0.1863376251788269,-0.1863376251788269,2796.0,,,,,2.007893587950377,Consumer Cyclical,
3092,"ZOZO, Inc.",,,,0.25377,0.21019,0.31862,0.20357,0.052,-0.1607139124020304,-0.3877215646902322,-0.31571315606451794,-0.45421163492085753,0.0344,2875032020.0,1011603275776,21.45891,6.790953,10.391236,0.0008613264427217916,0.005625270445694505,0.04308797127468582,0.05015815634884772,0.011754462342185459,0.4629948364888124,-0.24268502581755594,0.06641695352839934,1162.0,,,2.9,Hold,3.159926154694341,Consumer Cyclical,
3099,Isetan Mitsukoshi Holdings Ltd.,,,JP3894900004,,0.14458999,0.14643,0.12073,0.23,0.5550020544434383,-0.1630802217866895,-0.20287719676215754,0.16937439204980803,0.0182,7230567040.0,1143656022016,15.408349,20.41246,1.9226876,0.0009110233829334953,0.03355283788021323,0.04601713741669311,0.05573350416399744,-0.08849557522123894,0.30461165048543687,-0.27184466019417475,0.14515907160194177,3296.0,,,2.3,Buy,0.7548501748441883,Consumer Cyclical,
3101,"Toyobo Co., Ltd.",,,JP3619800000,0.0299,0.02954,0.064619996,1.02185,0.951,-0.10261861455159142,-0.4795342462796896,-0.4428481529731282,-0.1262748057018553,0.024300000000000002,708030240.0,145427382272,13.004024,13.762004,0.682504,-0.005431502715751358,0.03322884012539185,0.01728395061728395,0.010423053341508276,0.010423053341508276,0.5169902912621359,0.09223300970873786,0.30461165048543687,1648.0,,,,,0.944922265681655,Basic Materials,
3104,"Fujibo Holdings, Inc.",,,JP3820800005,0.07873,0.12276,0.18843001,0.0037,0.186,0.02802581853449719,-0.5749739660532536,-0.4462544534033377,-0.3736166225749559,0.0258,325682500.0,109582483456,19.53125,8.373267,2.0873516,0.0015408320493066256,0.015625,0.01088646967340591,-0.028400597907324365,-0.12398921832884097,0.9692307692307692,0.9692307692307692,0.9692307692307692,3250.0,,,,,2.3325722206159196,Consumer Cyclical,
3105,Nisshinbo Holdings Inc.,,,JP3678000005,0.037720002,0.04617,0.07981,0.3652,,0.17424447789716938,-0.21663181005953666,-0.2112358298864328,-0.15164506180638532,0.0148,1876771945.0,380497231872,15.847866,22.292906,1.1961259,0.02720371151412906,0.08004434589800444,0.08970917225950784,0.05501407840589127,-0.023652034475846864,0.5191952371176349,0.1496612605214535,0.33442824881954425,2435.5,,,,,0.7108927835608333,Industrials,
3106,Kurabo Industries Ltd.,,,JP3268800004,0.0312,0.07892,0.07581,0.05396,-0.225,0.15989871086556165,-0.3111503636161105,-0.15735556879094695,-0.3095238095238094,0.0058,313677200.0,177849171968,14.471817,,1.3214911,0.012522361359570662,0.04911955514365153,0.06591337099811675,0.02815622161671208,0.11307767944936087,,,,11320.0,,,,,,Industrials,
3107,"Daiwabo Holdings Co., Ltd.",,,JP3505400006,0.0585,0.0223,0.024600001,0.21658999999999998,-0.167,0.5026755393956025,1.5052695283793716,1.087853132397787,-0.016858087330873392,0.0294,1511317540.0,319713968128,10.319783,12.506694,1.9003296,-0.011898466419883659,0.006734913793103448,0.00863697705802969,0.005110274341043572,0.000535475234270415,-0.06341985549906343,-0.06341985549906343,-0.06341985549906343,3737.0,,,,,0.8251407606198728,Technology,
3110,"Nitto Boseki Co., Ltd.",,,JP3684400009,0.06099,0.35814,0.23341998,0.26786,0.842,0.13136475996114358,-0.3214191942797278,-0.25172694244542937,0.06329667939413708,0.0091,14757265600.0,560638853120,13.422818,10.391012,3.1631432,0.07093184979137691,0.06796116504854369,0.08641975308641975,0.004893964110929853,0.055517477724468814,0.948051948051948,0.07142857142857142,0.57323237012987,3080.0,,,1.8,Buy,1.2917719660029263,Consumer Cyclical,
3116,Toyota Boshoku Corporation,,,JP3635400009,0.02996,0.01018,0.030079998,0.33826,-0.189,-0.07378653125519778,-0.4748428859197115,-0.39034531232638126,-0.33788775504596735,0.0385,1176399000.0,399572402176,17.182697,8.069637,0.81208473,-0.014106237601939608,0.005620503597122302,-0.0031201248049922,0.009706546275395033,0.017284512167386856,0.2519561815336463,-0.10574558461882405,0.03565839481332439,2236.5,,,3.5,Hold,2.1293023465615617,Consumer Cyclical,
3132,"Macnica Holdings, Inc.",,,JP3862960006,0.047519997,0.025339998,0.04196,0.33573000000000003,1.145,0.5341660012927265,-0.12025931713596569,-0.018988092522469087,-0.17322340769479472,0.0196,3439357040.0,729965789184,26.316467,14.961206,2.5456243,0.03888182973316391,0.06792058516196448,0.08694496144642383,0.15122500704027034,0.10337381916329284,,,,4088.0,,,,,1.758980325516539,Technology,
3139,"Lacto Japan Co., Ltd.",,,JP3967250006,0.03337,0.01763,0.030150002,1.30094,-0.387,-0.2536849439888514,-0.45422114341406006,-0.34552896367460634,-0.18559813022582136,0.0382,76286400.0,34586652672,10.570922,10.379428,1.0359938,0.0014492753623188406,0.005822416302765648,0.022189349112426034,0.0206794682422452,0.06471494607087827,0.18668596237337193,0.18668596237337193,0.18668596237337193,3455.0,,,1.0,Strong Buy,1.0184493789060436,Consumer Defensive,
3148,"Create SD Holdings Co., Ltd.",,,JP3269940007,0.06091,0.03418,0.05485,0.00881,0.063,-0.08800154050836781,-0.4759196602116478,-0.41819791897276953,-0.4447035260827224,0.0291,199947000.0,213187477504,12.547051,,1.3814635,-0.014925373134328358,-0.013452914798206279,-0.0030211480362537764,-0.011976047904191617,0.010719754977029096,,,,3300.0,,,,,,Healthcare,
3150,"grems,Inc.",,,JP3952860009,0.17712,0.14563,0.23301001,0.17117000000000002,0.105,-0.15782274751867573,-0.37831895822763406,-0.28045787819841383,-0.02221751910640796,0.0536,89616440.0,56099799040,11.454743,10.575415,2.894128,-0.005737704918032787,0.0016515276630883566,0.012098456403838132,0.008731808731808732,-0.01462225832656377,,,,2426.0,,,,,1.0831483208933173,Utilities,
3151,"Vital KSK Holdings, Inc.",,,JP3778280002,0.0075499997,0.011390001,0.0040599997,0.04809,-0.482,-0.21714159973594457,-0.3887222373723601,-0.23992745601432036,0.022383712155513213,0.0429,94688640.0,77744537600,10.717804,,0.68523777,-0.01090909090909091,0.01240694789081886,0.03882877148313176,0.029003783102143757,0.03750794659885569,,,,1632.0,,,,,,Healthcare,
3153,"Yashima Denki Co., Ltd.",,,JP3931700003,0.083780006,0.07113,0.07633,0.01974,0.893,0.8927695477288335,0.735363499892773,0.6266290390856499,0.2837006585208025,0.015300000000000001,322255500.0,68918452224,13.587182,,1.9552443,-0.004573170731707317,0.08471760797342193,0.09711021505376344,0.0757825370675453,0.07755775577557755,,,,3265.0,,,,,,Industrials,
3154,"Medius Holdings Co., Ltd.",,,JP3254190006,0.00987,0.00312,-0.0019,0.8864700000000001,,-0.6793053161871934,-0.6075140248762952,-0.4634567214027275,-0.5600240070306305,0.0253,15348960.0,17611909120,18.692472,,0.8492824,0.007633587786259542,0.019305019305019305,0.042105263157894736,0.020618556701030927,0.01278772378516624,,,,792.0,,,,,,Healthcare,
3156,Restar Corporation,,,JP3944360001,0.04443,0.01854,0.05037,1.308,14.604,0.2711931988095068,-0.09153176831332267,-0.033338504980295995,0.20230267011747652,0.0255,619981400.0,165613420544,21.551409,18.921871,1.6911063,0.03333333333333333,0.13051823416506717,0.1050656660412758,0.16403162055335968,0.3356009070294785,,,,5890.0,,,,,1.138968181317799,Technology,
3167,TOKAI Holdings Corporation,,,JP3552260006,0.05644,0.045739997,0.075440004,0.45948,0.233,2.21771424195838,1.3581789191783156,1.2776249063870762,0.5143816046079188,0.0274,711156510.0,165828182016,16.80601,19.026062,1.7308574,-0.012108262108262107,0.018355359765051395,0.049167927382753406,0.0452147701582517,0.24506283662477557,0.04542177361211247,0.04542177361211247,0.04542177361211247,1387.0,,,,,0.883315212575256,Industrials,
3176,"Sanyo Trading Co., Ltd.",,,JP3342500000,0.056350004,0.03855,0.05609,0.02532,0.565,0.19069452154233732,-0.13797403796398672,-0.10369895083672942,1.2349691516255061,0.025099999999999997,374106790.0,68213501952,15.575384,5.644049,1.2263486,-0.005029337803855826,0.03217391304347826,0.03849518810148731,0.03307223672758921,0.16830708661417323,,,,1187.0,,,,,2.7596117609893183,Industrials,
3180,BEAUTY GARAGE Inc.,,,JP3800480000,0.063200004,0.025969999,0.04634,0.31554,0.684,0.02706684856753071,0.2812378508669622,0.6284099472494348,1.1291331702202028,0.0111,116167800.0,20411054080,22.37041,14.899268,2.386978,-0.013939393939393939,0.034329307056579786,0.06339869281045751,0.016875,0.13064628214037527,,,,1627.0,,,,,1.5014435608514458,Consumer Defensive,
3183,"WIN-Partners Co., Ltd.",,,JP3154390003,0.03773,0.0,0.02489,,-0.138,-0.20270270270270274,-0.3718518518518519,-0.11345962113659029,0.11866902237926984,0.0432,19616930.0,35006017536,16.528175,,1.576699,0.0,0.007120253164556962,0.02248995983935743,0.0184,0.020032051282051284,,,,1273.0,,,,,,Healthcare,
3186,"NEXTAGE Co., Ltd.",,,JP3758210003,0.06883,0.023729999,0.03838,1.37051,0.604,-0.1862277780964255,-0.04940108520590055,-0.03364588643502001,-0.3906075326767629,0.0155,1665547950.0,228042440704,13.105965,15.31617,2.6894023,-0.003084304318026045,-0.0155668358714044,-0.002058319039451115,-0.013898305084745762,-0.15681159420289856,1.1656926778961842,0.03128222756961155,0.49707803368855275,2909.0,,,,,0.8556946677922744,Consumer Cyclical,
3197,"Skylark Holdings Co., Ltd.",,,JP3396210001,0.04414,0.03974,0.065570004,0.70461,0.324,-0.25784464961709413,-0.46088946189968777,-0.46312792656001117,-0.3781741046914843,0.0083,2998136820.0,741850021888,38.912083,62.347095,3.8086567,-0.0045773573390296,-0.013905683192261185,-0.011814601635867918,-0.03176016622143069,0.051240734772800514,0.22624156958920907,-0.3868792152053955,-0.03740036787247088,3262.0,,,3.0,Hold,0.6241202256496473,Consumer Cyclical,
3201,"The Japan Wool Textile Co., Ltd.",,,JP3700800000,0.04188,0.08349,0.10744,0.10852,0.337,0.2434087282314578,-0.5057894893023532,-0.39359188085075203,-0.4420239104861434,0.0323,132761850.0,129158840320,13.298016,,0.9539268,-0.005017561465127948,0.00813421453990849,-0.007010515773660491,-0.0030165912518853697,0.00506842372022301,,,,1983.0,,,,,,Consumer Cyclical,
3222,United Super Markets Holdings Inc.,,,JP3949450005,0.0054,-0.0051200003,-0.0029499999,0.2828,,-0.33339556677095783,-0.3530990362246593,-0.34641190803907607,0.6355201046234825,0.019,314937680.0,174172094464,,56.82432,0.8465176,-0.008254716981132075,-0.017523364485981307,-0.002372479240806643,-0.002372479240806643,0.06256635765053971,0.01070154577883472,0.01070154577883472,0.01070154577883472,841.0,,,,,,Consumer Cyclical,
3226,Mitsui Fudosan Accommodations Fund Inc.,,,,0.02517,0.45327,0.50244,1.11011,0.097,3.5883766391355016,-0.03613998283589209,0.16744939271255058,-0.004537359323997405,0.04190000000000001,984127500.0,288237715456,45.045048,6.0410047,1.8855333,-0.011226252158894647,-0.018851756640959727,-0.013781223083548665,-0.02303754266211604,-0.0161155387552868,0.337117903930131,0.03056768558951965,0.19770742358078602,114500.0,,,3.3,Hold,7.456549073699612,Real Estate,
3231,"Nomura Real Estate Holdings, Inc.",,,,0.028889999,0.08158,0.13367,2.11464,-0.361,0.6384794758888094,-0.09786361356192273,-0.03529249436225575,0.004825086214577627,0.0484,3368419600.0,777330425856,9.41639,2.052647,0.97213393,-0.015151515151515152,0.004082546901541462,0.008869179600886918,-0.007417089750773775,0.009316797517217588,0.3516483516483517,-0.01098901098901099,0.1924076923076922,910.0,,,2.3,Buy,4.587437586686849,Real Estate,
3234,Mori Hills REIT Investment Corporation,,,,0.02071,0.52557,0.6012,0.9443,-0.037,5.902112210661877,0.3121984838042729,0.41915644171779126,-0.1254948790773733,0.051100000000000007,861715200.0,227975462912,19.15709,24.991812,1.1293403,-0.013821138211382113,-0.022562449637389202,-0.0296,-0.03653693407466243,-0.04412923561859732,0.23660346248969497,0.0717230008244023,0.1755976916735367,121300.0,,,3.0,Hold,0.7665346554303466,Real Estate,
3245,"Dear Life Co.,Ltd.",,,JP3548720006,0.07058,0.07096,0.15626,0.9660599999999999,1.08,0.6796664670275676,0.07904054849232284,0.014161588662587354,0.40202752764162764,0.0587,362980900.0,54859239424,11.300021,,1.6095308,-0.009990917347865577,0.006463527239150508,0.020599250936329586,0.010194624652455977,0.013953488372093023,,,,1090.0,,,,,,Real Estate,
3249,Industrial & Infrastructure Fund Investment Corporation,,,JP3046500009,0.024719998,0.44316003,0.51988,1.1882899999999998,0.248,0.23667702011105596,-0.24367197770291987,-0.021507671781187433,-0.2410385930287735,0.059000000000000004,1008513000.0,339319455744,16.233767,20.572315,1.3703787,-0.00959409594095941,-0.01684981684981685,-0.011782032400589101,-0.013960323291697281,-0.030346820809248554,0.28912071535022354,0.10283159463487332,0.18479880774962743,134200.0,,,2.0,Buy,0.7891074485297352,Real Estate,
3269,Advance Residence Investment Corporation,,,JP3047160001,0.02575,0.44561002,0.49659002,0.9961,0.266,2.999814000713362,-0.10883879606023363,0.03244660957623298,-0.18029193439900573,0.0466,1414111500.0,397896122368,22.321428,12.47909,1.616347,-0.020365168539325844,-0.021052631578947368,-0.024475524475524476,-0.030576789437109102,-0.04386566141192598,0.3763440860215054,0.13978494623655913,0.2718894623655913,139500.0,,,2.7,Hold,1.7887063880459233,Real Estate,
3279,Activia Properties Inc.,,,JP3047490002,0.020380002,0.46251,0.54929,0.9846699999999999,0.223,0.0023564660301004805,-0.11638422785788492,0.07176083123242152,-0.05340299825947025,0.0499,739180000.0,308921335808,19.493177,7.427044,1.148966,-0.009146341463414634,-0.007633587786259542,-0.004594180704441042,-0.014404852160727824,-0.07932011331444759,0.3076923076923077,0.13076923076923078,0.2166666923076924,130000.0,,,,,2.624621181724519,Real Estate,
3281,GLP J-REIT,,,JP3047510007,0.02118,0.60415,0.51084,0.88241,-0.0,1.7640327568434313,-0.47403257836349794,-0.3161373609042426,-0.06273727776123496,0.053,1952004600.0,636179120128,20.53388,26.483347,1.4155934,-0.009708737864077669,-0.005997001499250375,0.0007547169811320754,-0.0045045045045045045,-0.03233497647713329,0.31975867269984914,0.08597285067873303,0.2107843137254902,132600.0,,,1.8,Buy,0.7753506382709104,Real Estate,
3282,"Comforia Residential REIT, Inc",,,JP3047540004,0.021659998,0.40478,0.49363,1.15698,0.09,-0.010010022121261584,-0.30081862095945816,-0.22985132665361832,-0.3740074664965608,0.0441,647521800.0,234944806912,50.0,8.393013,1.3898302,-0.0062047569803516025,-0.014358974358974359,-0.010298661174047374,-0.020387359836901122,-0.028311425682507583,0.2695109261186264,0.19667013527575442,0.23829344432882413,96100.0,,,3.0,Hold,5.957336179510267,Real Estate,
3283,"Nippon Prologis REIT, Inc.",,,JP3047550003,0.022880001,0.43245998,0.47377998,0.72955,-0.058,1.6005606971807493,-0.4354978965428095,-0.1216554516574074,-0.004921281323783306,0.046,1374692800.0,711396294656,24.038462,9.652916,1.4325062,0.002364066193853428,0.004739336492890996,0.009523809523809525,0.005931198102016607,-0.039637599093997736,0.27358490566037735,-0.02122641509433962,0.1632075471698113,84800.0,,,2.1,Buy,2.490279828395896,Real Estate,
3287,"Hoshino Resorts REIT, Inc.",,,,0.02239,0.42242,0.52091,0.71792,0.431,0.5500561200671453,-0.2870042864164939,-0.047821011673151656,-0.04142235410484665,0.0567,409035300.0,138432577536,19.455252,21.431162,0.9460776,0.001271186440677966,-0.001267962806424345,0.015470562956596476,0.0038232795242141037,-0.002532714225411566,0.28650021159542954,0.10029623360135421,0.16906474820143885,236300.0,,,,,0.9078020127886673,Real Estate,
3288,"Open House Group Co., Ltd.",,,,0.07067,0.07839,0.10939,1.3641999999999999,0.04,0.47096925416480867,-0.24231734039283334,-0.1814015277316506,0.3431127199872504,0.027000000000000003,2041358220.0,833265205248,7.739941,9.918815,1.4240557,-0.026184058529072005,-0.0015791551519936833,0.023196223870532703,0.0025105708245243127,-0.1,0.6870963490180572,0.14669829972321075,0.3795527876631079,7587.0,,,2.0,Buy,0.7803292026315644,Real Estate,
3289,Tokyu Fudosan Holdings Corporation,,,,0.031630002,0.07361,0.16304001,2.06122,-0.163,0.23630943146378436,-0.4187130274719346,-0.3579037963019285,-0.1869628026994244,0.0391,3028070400.0,912936075264,9.452075,11.77878,1.002434,-0.019532746074301034,-0.002338269680436477,-0.004278490859587709,-0.01802838511699271,-0.008136381247578458,0.3828125,-0.140625,0.18892046874999996,1280.0,,,2.3,Buy,0.8024663844642655,Real Estate,
3290,"One REIT, Inc.",,,,0.02412,0.43889,0.50192,1.06018,-0.098,0.34563580284003276,-0.24679897900713652,0.07065045706455035,-0.016183740823061805,0.0644,267953000.0,73804185600,12.836971,,0.9897478,0.0026455026455026454,0.012016021361815754,0.029891304347826088,0.024324324324324326,0.01344646586867228,0.09498680738786279,0.09498680738786279,0.09498680738786279,75800.0,,,,,,Real Estate,
3291,"Iida Group Holdings Co., Ltd.",,,JP3131090007,0.03383,0.04508,0.06765,0.8262900000000001,0.892,1.161988458326269,-0.2943821542732578,-0.22008705693038483,-0.07872715305968106,0.0415,1077389690.0,613314658304,9.690023,10.801012,0.5994634,-0.0314204669430504,-0.01574279379157428,-0.0015744489428699954,-0.011798753339269812,-0.003591470258136925,0.22099571975670196,-0.00878576255913494,0.12187429601261546,2219.5,,,3.4,Hold,0.8971402864842665,Consumer Cyclical,
3292,AEON REIT Investment Corporation,,,JP3047650001,,0.0,0.33574,0.77554,,4.550972372400608,0.40166677898330977,0.5296908544439674,0.03421236438810566,0.0575,1049326500.0,234436444160,16.920473,17.119291,0.96761626,-0.008888888888888889,-0.019349164467897976,-0.022787028921998246,-0.03546712802768166,-0.07315045719035744,0.31210762331838565,0.20179372197309417,0.23730941704035874,111500.0,,,2.6,Hold,0.9883863181016084,Real Estate,
3295,"Hulic Reit, Inc.",,,JP3047660000,,0.47472,0.55394,0.9759,0.022,0.3428350458512871,-0.0934367454452331,0.22541487260837198,0.14052942916296945,0.0547,511078400.0,211968000000,17.54386,21.59916,1.0797629,-0.0006788866259334691,-0.0040595399188092015,-0.002033898305084746,-0.005405405405405406,-0.017626578806978554,0.26358695652173914,0.12092391304347826,0.20414402173913043,147200.0,,,,,0.8122473281368349,Real Estate,
3296,NIPPON REIT Investment Corporation,,,,0.02963,0.53744,0.59453,1.00916,-0.199,0.24824987899060097,-0.3681437829413361,5.3675170497594664e-05,-0.1367541472354044,0.057,366297300.0,147707625472,11.210762,4.73286,1.0553001,-0.002472187886279357,-0.003703703703703704,0.00749063670411985,0.0,-0.015853658536585366,0.27633209417596033,0.11524163568773234,0.1771995043370508,80700.0,,,3.0,Hold,2.368707715842007,Real Estate,
3302,"Teikoku Sen-i Co., Ltd.",,,JP3540800004,0.03945,0.12053,0.0014599999,0.00046,,-0.07708492148193322,-0.357032457496136,-0.3213248638838475,0.17029547241882934,0.0208,122727300.0,80208044032,17.007174,,1.0818018,-0.0047694753577106515,0.02287581699346405,0.03642384105960265,0.021207177814029365,-0.03987730061349693,0.1501597444089457,0.1501597444089457,0.1501597444089457,3130.0,,,1.0,Strong Buy,,Industrials,
3309,"Sekisui House Reit, Inc.",,,JP3047820000,0.026129998,0.51674,0.60523,0.97944,0.206,2.413101925784216,-0.35964629124238245,-0.05561406189395988,-0.10090416164692668,0.0753,1083074600.0,303860285440,13.10616,19.96104,1.0478158,-0.013966480446927373,-0.01808066759388039,-0.008426966292134831,-0.020804438280166437,-0.04851752021563342,0.31728045325779036,0.019830028328611898,0.20113314447592068,70600.0,,,,,0.6565870315374348,Real Estate,
3315,"Nippon Coke & Engineering Company, Limited",,,JP3889610006,0.0052300002,-0.082609996,-0.01302,2.00062,,-0.1179798399923864,0.33096571346156367,0.395552468650556,0.6149463527084867,,783926550.0,28811251712,,,0.846617,-0.019801980198019802,-0.019801980198019802,-0.029411764705882353,-0.019801980198019802,-0.019801980198019802,,,,99.0,,,,,,Basic Materials,
3360,"Ship Healthcare Holdings, Inc.",,,JP3274150006,0.04088,0.0184,0.015700001,0.17914000000000002,0.056,0.17190183333441336,-0.24233146761975402,-0.11320336605890613,-0.06438688669540307,0.0264,582762840.0,224251166720,17.064621,13.33243,1.5346164,-0.012253917235837686,0.0065506653019447286,0.014441922838869404,0.03168275283256399,0.0028553946563328572,0.4927801504982713,-0.09294285133211308,0.13890583689241406,2458.5,,,2.7,Hold,1.27993329048043,Healthcare,
3382,"Seven & i Holdings Co., Ltd.",,,JP3422950000,0.02795,0.03562,0.0519,1.04359,0.382,0.1987934547213115,-0.30060666259344887,-0.23873239081803346,-0.07111619064612687,0.0297,14299862800.0,4579458547712,17.00623,17.51344,1.2658354,-0.01679240691165734,-0.00980392156862745,0.00597609561752988,-0.004190288390436283,-0.00045833910183415373,0.48514851485148514,-0.06930693069306931,0.12438118811881188,2020.0,,,2.5,Buy,0.9710388136197114,Consumer Defensive,
3387,create restaurants holdings inc.,,,JP3269930008,,0.0,0.07806,1.33997,0.062,-0.3708711247986186,-0.5232030064867602,-0.5295377492561405,0.006345810044213251,0.0066,728284610.0,343211769856,68.49685,20.026316,7.049952,-0.00522875816993464,-0.009114583333333334,0.0,-0.023106546854942234,0.012562846514131486,,,,761.0,,,,,3.4203420139780074,Consumer Cyclical,
3388,"Meiji Electric Industries Co.,Ltd.",,,JP3917600003,0.03783,0.03395,0.0021799998,,-0.776,-0.1695226438188495,-0.2120298426688314,-0.19763313609467453,-0.15016204913748032,0.0451,59960130.0,26802790400,9.532987,10.980899,0.70062935,-0.005610098176718092,0.01333968556455455,0.032524271844660196,0.032524271844660196,0.025554484088717456,,,,2127.0,,,,,0.8681426721072655,Technology,
3391,Tsuruha Holdings Inc.,,,JP3536150000,,0.02481,0.038039997,0.22553,-0.347,1.3081359102244388,-0.17712616935466136,-0.11539275748878582,-0.32325856751363075,0.0222,3529794345.0,979358318592,14.992717,3.46067,1.1177243,-0.026351351351351353,-0.050724637681159424,-0.03719376391982183,-0.07509627727856226,-0.08600556273270535,0.38792505204718947,0.09646079111727966,0.2347393014110572,2161.5,,,2.4,Buy,4.332316285574759,Healthcare,
3397,TORIDOLL Holdings Corporation,,,JP3636650008,,0.0,0.07591,1.7251699999999999,-0.321,-0.17923059595024152,-0.07311562409689193,-0.05628157115485109,-0.04763731404096317,0.0027,1524556520.0,391381581824,208.38014,41.076042,4.094248,0.025576036866359446,0.026285450772423335,0.045571999060371154,0.04902191845392411,0.0630523047528063,0.03347562345540328,-0.25859357447764547,-0.0938365985171872,4451.0,,,,,5.0730335702743705,Consumer Cyclical,
3401,Teijin Limited,,,JP3544000007,0.04227,-0.04948,0.27015,0.7746299999999999,,0.4907657917279757,-0.3253754692633941,-0.27963719301967854,-0.16584180024955125,0.0296,1081949400.0,326413713408,,4.7074537,0.78626764,-0.02618705035971223,0.009245451834178348,0.02576538344953016,0.028258887876025523,0.005646359583952452,0.09929078014184398,-0.26122931442080377,-0.06501182033096926,1692.0,,,,,,Industrials,
3402,"Toray Industries, Inc.",,,,0.02977,0.03509,0.06971,0.46259999999999996,0.925,0.14780331695300086,-0.2372906487156685,-0.2510040815556672,0.15909200244254504,0.0184,4881140160.0,1817914376192,23.582767,18.445166,1.0004264,-0.019638648860958365,0.017529555646147575,0.00889248181083266,0.02127659574468085,-0.03963062716429396,0.36217948717948717,-0.22275641025641027,0.12543701923076922,1248.0,,,2.0,Buy,1.2785337361561289,Consumer Cyclical,
3405,"Kuraray Co., Ltd.",,,JP3269600007,0.029460002,0.00912,0.060700003,0.41476,2.377,1.4094288559739354,-0.4049579875789364,-0.3801486546404985,-0.054648717864769235,0.030600000000000002,2730552030.0,531186384896,64.93555,9.364211,0.7028878,-0.031052486946963453,-0.008993816750983699,-0.0019813189923577695,-0.012601512181461775,-0.06496950411031556,0.5882019285309132,-0.21724333522404993,-0.00737379466817924,1763.0,,,3.1,Hold,6.934439003990834,Basic Materials,
3407,Asahi Kasei Corporation,,,JP3111200006,0.038429998,0.06098,0.098409995,0.5685600000000001,1.736,0.16854108454800257,-0.1745330589967977,-0.19130796118757892,-0.14750979915410814,0.0275,6902144000.0,2133725020160,13.679891,15.958508,1.0175223,-0.007444168734491315,0.02040816326530612,0.030927835051546393,0.021059349074664963,-0.03961584633853541,0.5625,-0.125,0.22708337499999998,1600.0,,,1.6,Buy,0.857216163315518,Industrials,
3431,"Miyaji Engineering Group,Inc.",,,JP3908700002,0.027509999,0.051960003,0.029930001,0.00614,-0.533,0.9581198244362283,-0.3492791563182899,-0.3185767480347539,-0.06923000749763035,0.0478,104240640.0,41012449280,12.7386465,,0.9961855,-0.009475679090334808,0.001277139208173691,0.011612903225806452,0.003198976327575176,-0.010101010101010102,,,,1568.0,,,,,,Industrials,
3433,"TOCALO Co.,Ltd.",,,JP3552290003,0.10014,0.16827999,0.22908,0.16579,0.014,0.1970085891993287,-0.43172512017090975,-0.35308067100487234,-0.309290056846233,0.0336,582097590.0,169664184320,16.863697,20.947138,2.5401502,0.01349911190053286,0.02922077922077922,0.03670058139534884,0.027737752161383286,-0.06764705882352941,0.43708377146862953,0.4020329477742727,0.4195583596214511,2853.0,,,,,0.8050597174659373,Industrials,
3436,Sumco Corporation,,,JP3322930003,-0.011519999,-0.06612,-0.02728,0.57301,,-0.29602058620932853,-0.4192061357124521,-0.39251829619414774,-0.40408936714099536,0.0066,31811925760.0,1058989473792,,61.50721,1.8639065,0.055972101133391454,0.043957938286502324,0.02331868874619804,-0.03010890454836643,-0.1455981941309255,0.8163804491413474,-0.52443857331572,0.2834379128137384,3028.0,,,2.7,Hold,,Technology,
3445,"RS Technologies Co., Ltd.",,,JP3100350002,0.04778,0.12163,0.19145,0.07188,0.063,-0.24070526049912833,-0.16376486035928764,-0.20825993810997387,-0.16064899539227082,0.0095,1172006000.0,154259177472,16.0,16.185293,1.7168907,0.01576182136602452,0.08818011257035648,0.09640831758034027,0.04504504504504504,-0.15080527086383602,,,,5800.0,,,,,0.9885517673359387,Technology,
3451,Tosei Reit Investment Corporation,,,JP3047830009,,0.39203998,0.48698002,1.01045,0.03,0.49029619755541004,-0.22288116978882308,0.1427072402938091,-0.03224070892485761,0.0591,112924000.0,48750923776,16.611296,36.183292,1.1324257,0.004654771140418929,0.008566978193146417,0.014095536413469069,0.01968503937007874,-0.0061396776669224865,0.0888030888030888,0.0888030888030888,0.0888030888030888,129500.0,,,,,0.4590874705375066,Real Estate,
3455,Healthcare & Medical Investment Corporation,,,,0.01939,0.39173,0.50434,1.20923,-0.001,-0.19018038273184215,-0.497430181435383,-0.39240879498833064,6.107293886985223,0.0689,370848000.0,34511998976,16.638935,,0.8961353,-0.006211180124223602,-0.006211180124223602,0.007345225603357817,0.0041841004184100415,-0.07066795740561471,,,,96000.0,,,0.0,Strong Buy,,Real Estate,
3457,"&Do Holdings Co.,Ltd.",,,JP3765420009,0.01002,0.029260002,-0.00693,2.32781,,-0.6506926794869912,-0.523018898246777,-0.24420202147224795,-0.10738344165018371,0.049800000000000004,81814720.0,18431023104,12.690774,8.815664,0.96918553,-0.0032397408207343412,0.007641921397379912,0.013172338090010977,0.0054466230936819175,-0.002162162162162162,,,,923.0,,,,,1.4395709727593973,Real Estate,
3459,Samty Residential Investment Corporation,,,JP3047960004,0.02308,0.3957,0.44407,1.08417,-0.134,5.470613022162797,0.7319979573824978,0.7392706608460033,0.5543929723713314,0.0626,347342100.0,73078620160,10000.0,,0.904389,-0.008101851851851851,-0.011534025374855825,-0.014942528735632184,-0.026136363636363635,-0.0359955005624297,,,,85700.0,,,0.0,Strong Buy,,Real Estate,
3462,"Nomura Real Estate Master Fund, Inc.",,,JP3048110005,0.01818,0.347,0.38504001,0.87031,-0.163,1.125293657008614,-0.341423488047992,-0.010936073468072639,-0.008956975408588358,0.0487,1304711100.0,653743423488,22.172949,23.576725,1.0894929,-0.014705882352941176,-0.01882845188284519,-0.01263157894736842,-0.0201949860724234,-0.0378616526516876,0.3503909026297086,0.1513859275053305,0.29267945984363897,140700.0,,,1.8,Buy,0.9404592452938226,Real Estate,
3463,Ichigo Hotel REIT Investment Corporation,,,JP3048160000,0.02708,0.44055,0.54765,0.9261400000000001,-0.592,1.3966497993369396,-0.4869569894400918,-0.20769389245781283,-0.1492711784710604,0.0556,105700800.0,35467059200,13.717422,,0.8639545,-0.026079136690647483,-0.02168021680216802,-0.02256317689530686,-0.02168021680216802,-0.011861313868613138,,,,108300.0,,,,,,Real Estate,
3466,LaSalle LOGIPORT REIT,,,,,0.48266,0.55444,0.83958,-0.012,4.989447324845951,-0.15757519876873313,-0.03609349359116503,0.17051359954789042,0.0559,1003135800.0,241242210304,19.569471,20.559504,1.1843116,-0.025946704067321177,-0.023893183415319746,-0.021141649048625793,-0.032729805013927575,-0.04251871346207099,0.33189344852411806,0.2598992080633549,0.30309575233981284,138900.0,,,,,0.9518454822645527,Real Estate,
3468,Star Asia Investment Corporation,,,JP3048200004,0.01222,0.47403,0.083450004,0.9606100000000001,,2.1439583778645916,1.648511427950724,1.309588451240719,0.05044903123764331,0.0644,720435500.0,146441502720,15.698587,17.671854,1.0129132,-0.00909090909090909,0.013011152416356878,0.04007633587786259,0.032196969696969696,0.026365348399246705,0.1926605504587156,0.1926605504587156,0.1926605504587156,54500.0,,,,,0.8883384278751963,Real Estate,
3470,"Marimo Regional Revitalization REIT, Inc.",,,JP3048290005,0.021949999,0.33244,0.46307,1.11096,-0.017,0.6335835219296988,0.05748866118771222,0.25614326830828277,0.10329213058103023,0.0725,156195000.0,27445665792,15.797789,34.83387,0.91455066,-0.0040858018386108275,-0.008138351983723296,0.001026694045174538,-0.003067484662576687,-0.03940886699507389,,,,97500.0,,,0.0,Strong Buy,0.45351805584622096,Real Estate,
3471,Mitsui Fudosan Logistics Park Inc.,,,JP3048300002,,0.34297,0.49305,0.65094,,0.7046876431254008,-0.27911591662444935,-0.09979011714737943,-0.06101821421262353,0.051500000000000004,729091600.0,327765360640,28.248589,27.61382,1.0147641,-0.002938295788442703,-0.007797270955165692,-0.00196078431372549,-0.008763388510223954,-0.03871576959395656,0.30648330058939094,0.18860510805500982,0.23968565815324164,101800.0,,,3.2,Hold,1.0229873664708469,Real Estate,
3472,Nippon Hotel & Residential Investment Corporation,,,JP3048310001,,0.39703,0.55459,0.93964,0.027,-0.21718703889511898,-0.4009819568475043,-0.05079939900604856,-0.11927525115803399,0.0297,95533200.0,28921337856,13.5685215,39.964157,0.8232942,-0.008888888888888889,-0.0014925373134328358,0.02450229709035222,0.0182648401826484,0.022935779816513763,,,,66900.0,,,,,0.3395172704381078,Real Estate,
3475,"Good Com Asset Co., Ltd.",,,JP3273750004,0.04583,0.03664,0.0114400005,3.40332,,0.611997507599932,0.8634104470379755,0.7343238445861546,0.274234731098077,0.031,219126600.0,42629623808,22.026106,10.040568,3.0391092,-0.013289036544850499,0.004056795131845842,0.03991596638655462,0.042105263157894736,-0.02495075508864084,,,,1485.0,,,,,2.1937111525961477,Real Estate,
3476,MIRAI Corporation,,,,,0.41222998,0.50265,1.0693899999999998,0.0,0.17907867082143078,-0.19232646485328292,0.14704680491298935,0.6277757729619989,0.0636,302327500.0,79158763520,15.673982,21.380732,0.9005525,-0.007177033492822967,-0.005988023952095809,0.0024154589371980675,0.004842615012106538,0.018404907975460124,,,,41500.0,,,,,0.7330891196802805,Real Estate,
3480,J.S.B.Co Ltd,,,JP3386630002,0.05545,0.083409995,0.30651,0.69232,0.121,,,,,0.000235,286795200.0,188578775040,28.40891,33.24656,4.087145,-0.0033444816053511705,0.0,0.0,-0.0011173184357541898,-0.004454342984409799,,,,8940.0,,,,,0.8544917128268307,Real Estate,
3481,Mitsubishi Estate Logistics REIT Investment Corporation,,,,0.01873,0.47344002,0.52959,0.78408,-0.181,0.5628089100453949,-0.21947707843823427,0.13740890430576327,0.2886039056756566,0.0529,453150000.0,167063732224,21.881838,8.023107,1.0706376,-0.00706090026478376,-0.007936507936507936,0.006261180679785331,0.0008896797153024911,-0.03989765308981937,0.28888888888888886,0.17333333333333334,0.22666666666666666,112500.0,,,3.0,Hold,2.7273521342791516,Real Estate,
3482,Loadstar Capital K.K.,,,JP3982600003,0.06745,0.15418,0.17653999,2.07809,-0.432,-0.33967713652070763,-0.49675141242937854,-0.4185721662092019,-0.4036678758565095,0.038,210566670.0,43579387904,5.4704084,5.234613,1.2025214,-0.005403319181783096,0.014167650531286895,0.044165316045380876,0.02424483306836248,-0.06630434782608696,,,,2577.0,,,,,1.045045431247735,Real Estate,
3487,"CRE Logistics REIT, Inc.",,,JP3048680007,0.01095,0.4559,0.55674,0.85675,0.018,0.3958092291564125,-0.3404279726450474,-0.1873944959173012,0.31630988325281795,0.0557,313404000.0,83727597568,18.867924,38.54843,1.1155846,-0.005826656955571741,0.0,0.0058953574060427415,0.0058953574060427415,-0.001463057790782736,0.31868131868131866,0.1794871794871795,0.2490842490842491,136500.0,,,,,0.48946024520324166,Real Estate,
3488,CENTRAL REIT Investment Corporation,,,JP3048690006,,0.4168,0.43414003,0.75357,-0.131,-0.3554212654048988,-0.3210202286719437,-0.049964235165203104,0.2823764889669988,0.0636,111826400.0,26238214144,14.064698,,1.0072647,-0.0037914691943127963,-0.001899335232668566,0.018410852713178296,0.02237354085603113,0.05882188120649404,,,,105100.0,,,,,,Real Estate,
3492,MIRARTH Real Estate Investment Corporation,,,,,0.47396,0.59713,1.06088,-0.035,0.9066280269074394,-0.2955266381907883,-0.10946754911992133,0.8421932801157067,0.0688,585667000.0,80957718528,27.247955,,0.8046829,0.0037688442211055275,0.007566204287515763,0.01913265306122449,0.01913265306122449,0.020805988771054273,,,,79900.0,,,,,,Real Estate,
3496,"Azoom Co.,Ltd",,,JP3119880007,0.23334,0.13439,0.17167,0.011770000000000001,0.166,-0.38860103626943004,-0.5567904352951082,-0.473937512128857,-0.38623100712652947,0.025699999999999997,183848000.0,60443160576,28.985506,27.450981,9.57482,0.0010214504596527069,0.02617801047120419,0.04144527098831031,0.00823045267489712,0.04589114194236926,,,,4900.0,,,,,1.0559005523336307,Real Estate,
3539,"JM Holdings Co.,Ltd.",,,JP3389690003,0.07559,0.02497,0.030450001,0.15618,-0.49,-0.4246428397288995,-0.30727849777739247,-0.015099760574620858,-0.5071714027301601,0.0184,271433040.0,72156233728,14.555922,7.16962,1.5061107,-0.023448275862068966,-0.018030513176144243,0.059880239520958084,0.041176470588235294,0.033576642335766425,,,,1416.0,,,,,2.030222243298808,Consumer Defensive,
3543,"KOMEDA Holdings Co., Ltd.",,,JP3305580007,0.055949997,0.113409996,0.17167,0.8250799999999999,0.147,-0.3955649225694126,-0.4780104076395255,-0.42541659696575856,0.34338442822384435,0.0215,501439180.0,131160408064,Infinity,18.675478,2.6054568,-0.0006934812760055479,-0.002077562326869806,0.009457092819614711,0.008044770898915705,0.030186390811651476,0.17973629424011103,0.040943789035392086,0.14850798056904926,2882.0,,,,,,Consumer Cyclical,
3549,"Kusuri No Aoki Holdings Co., Ltd.",,,JP3266190002,0.04437,0.03022,0.04028,1.06195,-0.511,0.7091627327104374,0.1360919779367874,0.09691536146902249,-0.12268212952818681,0.016,1064520000.0,379852259328,22.624434,19.472301,2.6932817,-0.024390243902439025,-0.014049790485580478,0.0,-0.0037359900373599006,0.008064516129032258,0.05,-0.0625,-0.005,4000.0,,,3.0,Hold,1.161877787324672,Healthcare,
3565,Ascentech K.K.,,,JP3120110006,0.051999997,0.14229,0.064780004,,,0.4385087291804031,1.7694662771079377,1.1408204450016746,-0.1664059545577904,0.0288,181792530.0,22411726848,10.977666,,3.4028711,0.0,0.06109979633401222,0.09453781512605042,0.08316008316008316,0.24343675417661098,,,,521.0,,,,,,Technology,
3569,"Seiren Co.,Ltd.",,,JP3413800008,0.06584,0.08967,0.13568,0.05364,0.138,0.08760661461248735,-0.42702547654436884,-0.23584388142790383,-0.011613196203341189,0.0229,462476000.0,193753333760,12.578616,12.65485,1.1779357,0.0106544901065449,0.02786377708978328,0.03912363067292645,0.007587253414264037,-0.033478893740902474,-0.03614457831325301,-0.03614457831325301,-0.03614457831325301,3320.0,,,,,0.9939759064706417,Consumer Cyclical,
3608,"TSI Holdings Co.,Ltd.",,,JP3538690003,0.022330001,0.0221,0.05409,0.52009,0.289,0.8997950978390216,-0.4346265827070215,-0.3332406306771032,-0.06946878195738099,0.0571,251076000.0,69788696576,20.241243,17.77939,0.7419404,-0.020783373301358914,-0.011299435028248588,0.011560693641618497,-0.0016299918500407497,0.01744186046511628,0.14285714285714285,0.14285714285714285,0.14285714285714285,1225.0,,,,,1.1384666740534968,Consumer Cyclical,
3612,"World Co., Ltd.",,,JP3990210001,0.03955,0.045339998,0.09762,1.3038999999999998,0.115,-0.028107927770132258,-0.48876342089645086,-0.42467398094643133,0.7584332627948899,0.04190000000000001,403891410.0,121845088256,9.32851,4.6120563,1.2268922,-0.014180024660912454,0.0,0.023687580025608196,0.019120458891013385,0.02054449314948533,0.12570356472795496,0.12570356472795496,0.12570356472795496,1599.0,,,,,2.0226357601055303,Consumer Cyclical,
3626,TISI Inc.,,,JP3104890003,0.0932,0.080019996,0.12222999,0.20591,0.248,0.8244471985106075,-0.19521086149116354,-0.11516051788780687,-0.23988190615714303,0.022000000000000002,3730147140.0,856729255936,19.919989,17.562046,2.930981,0.0012260912211868563,0.02305186670007517,0.0517774343122102,0.07447368421052632,0.11132280892759934,0.27357335292676954,-0.24075434729365663,-0.005878030859662013,4083.0,,,2.8,Hold,1.1342635704290949,Technology,
3632,"GREE Holdings, Inc.",,,JP3274070006,0.01948,0.07965,0.124689996,0.17251999999999998,6.423,-0.2382492756884476,-0.3944235729579458,-0.4439908150809058,-0.07286452384292193,0.0518,238029750.0,73016434688,17.91737,15.151516,0.7640161,-0.002347417840375587,0.0,0.0340632603406326,0.04938271604938271,0.07323232323232323,0.03529411764705882,0.03529411764705882,0.03529411764705882,425.0,,,3.0,Hold,1.182546353777404,Communication Services,
3635,"Koei Tecmo Holdings Co., Ltd.",,,JP3283460008,0.08444,0.52886003,0.31132,0.03572,0.769,0.9090421142116074,-0.3533340609437964,-0.3394561742560176,-0.3270953324404989,0.0282,1490917000.0,568203673600,12.903226,14.959521,2.0286517,-0.007589025102159953,0.010101010101010102,0.03374885983581636,0.03880232202871983,0.0739102969046115,0.47058823529411764,-0.23529411764705882,0.11633988235294122,1700.0,,,2.2,Buy,0.8625427244629023,Communication Services,
3659,"NEXON Co., Ltd.",,,,0.06163,0.26353002,0.25838,0.04546,0.804,2.625545596435588,-0.12888157554970256,-0.07711992120167452,0.29032424940632257,0.018799999999999997,11377856000.0,2492408004608,18.726591,19.131891,2.3308597,0.023017902813299233,0.007239534151715455,0.04234527687296417,0.027287319422150885,0.3434089000839631,0.125,-0.290625,-0.07392365624999997,3200.0,,,2.3,Buy,0.9788154762119436,Communication Services,
3660,istyle Inc.,,,JP3102320003,0.0681,0.03681,0.05436,0.25988,0.856,-0.26905320786026826,-0.46980711560228244,-0.3763077001549722,1.2517288328745044,0.0078000000000000005,472933200.0,49710870528,16.949152,20.078741,2.1582644,0.011904761904761904,0.04294478527607362,0.08280254777070063,0.04938271604938271,0.1724137931034483,,,,510.0,,,,,0.844134201442212,Consumer Cyclical,
3661,"m-up holdings, Inc.",,,JP3167310006,0.113859996,0.0,0.17819999,,-0.199,-0.4069182406256568,-0.4777900181115447,-0.41190035158761645,-0.28475944962881694,0.0297,340014610.0,56520355840,19.340185,13.573826,6.6659527,0.006218905472636816,0.007471980074719801,0.03984575835475578,0.030573248407643312,0.016331658291457288,,,,809.0,,,,,1.424814565915314,Communication Services,
3663,"CELSYS, Inc.",,,JP3100260003,0.21090999,0.16766001,0.36605,,2.811,-0.2824436703380786,-0.29300416109377314,-0.33015796076642334,-0.3507036933146331,0.0222,338316960.0,56162979840,24.451046,,10.3273325,-0.009419152276295133,0.021586616297895305,0.08109651627641348,0.07252124645892351,0.05108273181565797,,,,1893.0,,,,,,Technology,
3668,"COLOPL, Inc.",,,JP3305960001,0.0139,0.07948,0.14041,0.00027,,-0.06942607523463129,0.06938986799689405,-0.1093446397290871,0.02755805665962703,0.0441,192382500.0,58369720320,172.62357,,0.8698785,-0.0043859649122807015,0.0365296803652968,0.07328605200945626,0.07838479809976247,0.13784461152882205,,,,454.0,,,0.0,Strong Buy,,Communication Services,
3687,Fixstars Corporation,,,JP3802950000,0.1691,0.15616,0.23735,0.00322,-0.196,-0.44973724228033585,-0.6045734025003795,-0.5804841146713,-0.5421086208199309,0.0084,1433062800.0,72650031104,42.19512,29.475752,7.9836426,0.02506836827711942,0.019954648526077097,0.029290617848970253,0.0022281639928698753,-0.0066254416961130744,,,,2249.0,,,,,1.4315197115242386,Technology,
3692,"FFRI Security, Inc.",,,JP3166830004,0.155,0.23492001,0.20397,0.00213,-0.383,0.6715621407032996,2.7144950342250485,2.5658231135478284,0.9964236238099987,0.0024,2393104100.0,59874951168,54.34705,145.57692,15.936942,-0.02574002574002574,0.05138888888888889,0.19589257503949448,0.26166666666666666,0.4446564885496183,,,,7570.0,,,,,0.3733218837161825,Technology,
3697,SHIFT Inc.,,,JP3355400007,0.10339,0.04417,0.10456,0.89776,,-0.16334840116665406,-0.49624201108104266,-0.42760436049967454,-0.44949290728293184,0.009300000000000001,4039913988.0,225213644800,27.397387,1.1994935,5.854718,0.0021610415907516727,0.009856733524355328,0.05584182144997007,0.06041638477666161,0.06995463347570549,0.4186811939620928,-0.11474293496765409,0.11711008966065145,881.1,,,2.3,Buy,22.84079655287836,Technology,
3762,TechMatrix Corporation,,,JP3545130001,0.04388,0.072,0.08509,0.14843,0.238,0.13380392493420298,0.4392378898175608,0.26380775867578443,-0.11754769982853602,0.0253,640520040.0,101271494656,19.724236,20.411123,3.8751917,-0.0047169811320754715,0.002772277227722772,0.06476030277544155,0.09895833333333333,0.10423026602703882,0.1334913112164297,0.1334913112164297,0.1334913112164297,2532.0,,,1.0,Strong Buy,0.9663474175330775,Technology,
3765,"GungHo Online Entertainment, Inc.",,,JP3235900002,0.02404,0.02545,0.10678001,,1.117,-0.04147656827357076,-0.3188788375631197,-0.2589617407876359,0.1809553532255948,0.0356,550578600.0,132488216576,55.86222,11.871246,1.1450616,-0.0015785319652722968,-0.005112072355485647,0.008369868473495417,0.0326530612244898,0.08537108537108537,0.1857707509881423,-0.05138339920948617,0.06719367588932806,2530.0,,,2.5,Buy,4.7056745349224505,Communication Services,
3769,"GMO Payment Gateway, Inc.",,,JP3385890003,0.05804,0.27649,0.43646,0.41874,0.212,0.2683099556814547,-0.027201768986257938,-0.04391505445864617,0.31123477558710716,0.019299999999999998,2712107070.0,669741940736,28.169418,32.50046,5.354584,-0.005637614161686774,0.012863213506374182,0.06342698661521766,0.04169619655090952,-0.10711754581350613,0.4967683410817553,0.05454133121669123,0.1839967116453112,8819.0,,,2.1,Buy,0.8667390553856777,Technology,
3774,Internet Initiative Japan Inc.,,,JP3152820001,0.065409996,0.067729995,0.06752,0.47228000000000003,,0.2586231806674918,-0.4038176483044438,-0.30392232905840033,0.009379440820449586,0.0125,1464712900.0,608241909760,24.63019,23.975954,3.777741,-0.0017462165308498253,0.009120329508679022,0.02694610778443114,0.061590838749613123,-0.02362653003131227,0.2536443148688047,-0.06705539358600583,0.041603498542274,3430.0,,,2.2,Buy,1.0272871728065542,Communication Services,
3836,Avant Group Corporation,,,JP3548680002,0.121029995,0.097950004,0.44705,0.00045,-0.597,-0.3309511221308636,-0.4293802294704143,-0.3395473012188044,-0.10164263102356672,0.0556,86001360.0,42137673728,14.66251,11.067873,2.8919368,0.0,0.004105090311986864,0.02773109243697479,0.028595458368376788,0.06905594405594405,,,,1223.0,,,,,1.3247811932789615,Technology,
3861,Oji Holdings Corporation,,,JP3174410005,0.008169999,0.03412,0.00829,0.92148,,0.4309731906485955,-0.3755544553161647,-0.3487605882916671,-0.22542882971798447,0.041100000000000005,2620059372.0,743674478592,14.327553,11.469548,0.6858279,-0.014849841434939249,0.0067831826739869145,0.009685244235281188,0.01354166666666672,0.002174424620707902,0.14194358798675338,-0.07502569373072975,0.008716797990179243,875.7,,,2.9,Hold,1.249182007869883,Basic Materials,
3863,"Nippon Paper Industries Co., Ltd.",,,JP3721600009,0.00825,0.00791,0.00925,1.5381,,0.17097531809461536,-0.4862884886951026,-0.4698447653429603,-0.28077969492373095,0.0113,647154300.0,152899076096,13.038348,10.994113,0.29674172,-0.005997001499250375,0.0015105740181268882,0.020785219399538105,0.02,-0.02857142857142857,0.010558069381598794,-0.2458521870286576,-0.1000502262443439,1326.0,,,3.2,Hold,1.185939056656958,Basic Materials,
3865,Hokuetsu Corporation,,,JP3841800000,0.0068699997,0.02343,0.0094800005,0.42013,-0.209,0.2846587792838674,-0.27495699642405597,-0.04007780773299667,-0.017911862265044997,0.028300000000000002,175181940.0,145834901504,21.050217,9.189189,0.58368987,-0.001088139281828074,0.007683863885839737,0.022271714922048998,0.02,0.006578947368421052,-0.09586056644880174,-0.09586056644880174,-0.09586056644880174,918.0,,,,,2.2907589559862136,Basic Materials,
3880,Daio Paper Corporation,,,JP3440400004,0.01713,0.01208,0.00928,1.6453,,5.4504980965190235,0.17864577021987046,0.1046050758019935,0.005281187996031755,0.0137,361912320.0,157924786176,19.047619,19.475084,0.6903693,0.005893909626719057,0.04383282364933741,0.06555671175858481,0.08820403825717323,0.053497942386831275,0.318359375,-0.013671875,0.11653652343749998,1024.0,,,2.7,Hold,0.9780506723359962,Basic Materials,
3923,"Rakus Co., Ltd.",,,JP3967170006,0.28893998,0.40366,0.33476,,3.222,-0.3796056860946382,-0.349973309015573,-0.1680011669462475,0.0027242030315794523,0.0074,1802503800.0,383146295296,29.322493,18.114851,9.99049,-0.006427915518824609,-0.0018450184501845018,0.05922662750856583,0.060264576188143064,0.03988467083133109,0.34011090573012936,-0.07578558225508318,0.12927449168207025,1082.0,,,2.1,Buy,1.6186990994295232,Technology,
3941,"Rengo Co., Ltd.",,,JP3981400009,0.021540001,0.02569,0.06491,0.9204399999999999,0.94,0.6142511639800126,-0.14557029801642202,-0.11287204053750234,-0.10236321772949829,0.0325,1382831180.0,369556979712,18.149635,9.774388,0.74742335,-0.011250401800064288,0.00984898227183191,0.024991669443518827,0.011176857330703484,-0.03603885929175807,0.20286085825747724,0.16384915474642392,0.17685305591677503,1538.0,,,1.5,Strong Buy,1.8568564088104544,Consumer Cyclical,
3950,The Pack Corporation,,,JP3345900009,0.046430003,0.05321,0.06499,0.00507,-0.168,-0.3972962208008247,-0.5188483122438925,-0.46137478937852827,-0.4576675261659626,0.0286,122000520.0,79476760576,14.556648,,1.0450475,-0.00945945945945946,0.0027359781121751026,0.008253094910591471,0.012430939226519336,0.011732229123533472,,,,1466.0,,,,,,Consumer Cyclical,
3993,PKSHA Technology Inc.,,,JP3780050005,,0.075229995,0.13829,0.21239,0.341,-0.5096280447662936,-0.5512242193515554,-0.506971376508997,0.298688643608272,0.0032,662999600.0,96931708928,40.162685,34.53552,2.729543,-0.006289308176100629,-0.004724409448818898,0.01607717041800643,0.032679738562091505,0.10296684118673648,0.4240506329113924,-0.14556962025316456,0.13924050632911392,3160.0,,,,,1.1629384760964945,Technology,
3994,"Money Forward, Inc.",,,JP3869960009,-0.0062800003,0.0773,-0.02633,0.82127,,0.8113367354063513,-0.29763772252007054,-0.1835888929523014,0.06137428986319519,,3130952580.0,327299203072,75.19113,828.7922,7.344311,-0.026237623762376237,-0.03829856584093872,-0.006732873253661,0.003742133015819017,0.1046424560089854,0.4234875444839858,-0.2713099474665311,-0.028978139298423997,5901.0,,,2.6,Hold,0.09072374233251713,Technology,
4004,Resonac Holdings Corporation,,,JP3368000000,0.029070001,0.04185,0.13868,1.18836,1.704,-0.1193714935232952,-0.26134903793748526,0.0014116947539571027,-0.12027157583631351,0.004699999999999999,29083068700.0,2635978768384,47.618233,55.760666,3.3423424,0.024705014749262538,0.01349380014587892,-0.027981811822315496,-0.13534536403235845,-0.08314087759815242,1.0151133501259446,-0.5681899964015833,0.48998445483987035,13895.0,,,1.6,Buy,0.8539753273391677,Basic Materials,
4005,"Sumitomo Chemical Company, Limited",,,JP3401400001,0.037550002,0.04463,0.08444,0.80157,,0.14355457091183027,-0.3468593556596087,-0.2887931493596734,-0.1215270751735859,0.0276,6247906908.000001,958416355328,15.626178,14.896021,0.8687827,-0.02911642619944395,0.035147190008920685,0.038854073410922195,0.01115373360610887,0.16249247225948524,0.4994829369183039,-0.13822819717338855,0.11647328507411221,580.2,,,2.1,Buy,1.049016915322555,Basic Materials,
4021,Nissan Chemical Corporation,,,JP3670800006,0.12125,0.18252,0.27804002,0.17367000000000002,0.23,0.27900510711680043,-0.33903791302118386,-0.23016100839858464,-0.08832439770423078,0.025699999999999997,4429467650.0,1101469188096,22.421658,25.606277,4.387489,0.007319751128461632,0.036790557508789554,0.048108657019548105,0.03186703324168958,0.09176252809731587,0.3322029792902991,-0.031125105970691534,0.10074954583989333,8257.0,,,1.9,Buy,0.8756313149311008,Basic Materials,
4023,Kureha Corporation,,,JP3271600003,0.02981,-0.05061,0.10471,0.72059,1.474,1.1443321575580632,0.6775145100716969,0.2921665322156361,0.014084772236129837,0.0519,1360777600.0,158999592960,,22.124128,0.93965286,-0.015384615384615385,-0.05561861520998865,-0.03815028901734104,-0.06935123042505593,-0.04367816091954023,0.3605769230769231,-0.30288461538461536,-0.05,4160.0,,,3.3,Hold,,Basic Materials,
4028,"Ishihara Sangyo Kaisha,Ltd.",,,JP3136800004,0.04237,0.085159995,0.056149997,0.52461,-0.786,-0.01172054595236293,-0.21528135308811472,-0.20710371243370657,-0.1808418481613887,0.0446,568599900.0,111542059008,6.7023816,11.877114,0.8745379,-0.012199254490003388,0.01461886529759833,0.012152777777777778,-0.028333333333333332,-0.05663430420711974,0.451114922813036,0.0634648370497427,0.25728987993138935,2915.0,,,,,0.5643106229341572,Basic Materials,
4041,"Nippon Soda Co., Ltd.",,,JP3726200003,0.03187,0.1193,0.109060004,0.26273,0.046,0.6749536421667568,-0.309759611566779,-0.14550123072019266,-0.1822337331879317,0.041299999999999996,371171700.0,207445655552,11.494253,15.229625,0.9818704,-0.010230179028132993,0.010443864229765013,0.005194805194805195,0.005194805194805195,0.0038910505836575876,0.03359173126614987,0.007751937984496124,0.020671834625323,3870.0,,,2.5,Buy,0.7547298768026134,Basic Materials,
4042,Tosoh Corporation,,,JP3595200001,,0.051999997,0.11374,0.3038,2.083,0.2015197568389058,-0.37500192127388143,-0.34643690465980775,-0.33282085603504075,0.0385,2454135960.0,800361480192,19.647041,11.772031,0.9514269,-0.016830559757942513,0.015033190160093713,0.013055339049103663,0.002120277563608327,-0.04095185390149419,0.46181958068859397,-0.038276591652240816,0.14781688786305058,2599.5,,,2.6,Hold,1.6689593325060053,Basic Materials,
4043,Tokuyama Corporation,,,JP3625000009,,0.0,0.07096,0.54545,,-0.39715892275821246,-0.37357775842284996,-0.37175340960661146,-0.23379161927198774,0.0344,2082388860.0,300802703360,13.550039,9.937726,1.04815,-0.0042867349368897354,0.03387734915924827,0.029042579374846174,0.03695436507936508,0.029549372075843388,0.5068165510643386,-0.1222195646974408,0.1616040420951926,4181.0,,,,,1.363494928316599,Basic Materials,
4044,"Central Glass Co., Ltd.",,,JP3425000001,,0.0,0.10484,0.21704,3.682,0.2735780110871463,1.8068132108486439,0.9976258871240284,0.27187732188557756,0.0375,573633900.0,112311312384,13.422621,11.115201,0.8792057,0.005549389567147614,0.057176196032672114,0.06588235294117648,0.06462984723854288,0.06088992974238876,-0.006622516556291391,-0.006622516556291391,-0.006622516556291391,4530.0,,,3.0,Hold,1.2075913876861064,Basic Materials,
4045,"Toagosei Co., Ltd.",,,JP3556400004,0.03326,0.07951,0.10751,0.09305999999999999,-0.097,-0.10879351460397121,-0.30538710753764525,-0.07662361361746992,-0.24446059073227724,0.0398,581329970.0,191011864576,14.837014,15.31356,0.8703975,-0.015258855585831062,0.004726160689463442,0.008089260808926082,-0.004407713498622589,-0.022186147186147188,0.023796347537354733,0.023796347537354733,0.023796347537354733,1807.0,,,,,0.9688807827833632,Basic Materials,
4046,"Osaka Soda Co., Ltd.",,,JP3485900009,0.07683,0.16624,0.21691,0.05903,0.673,0.34358958904660025,-0.2702145537480364,-0.22384938815282984,-0.012088990897119406,0.0149,594324680.0,242567593984,16.233662,18.679789,1.8709143,-0.008866995073891626,0.010040160642570281,0.021838496698831894,0.0065032516258129065,0.08522114347357065,0.2922465208747515,0.09343936381709742,0.18041749502982107,2012.0,,,,,0.8690495379792565,Basic Materials,
4047,"Kanto Denka Kogyo Co., Ltd.",,,JP3232600001,0.041079998,0.092659995,0.20127001,0.53656,5.103,1.486671623153047,-0.354442353456602,-0.24741726763129857,0.2617108722420048,0.0154,1661843040.0,134380298240,35.462387,25.889503,1.7657459,0.09639681796911559,0.09742388758782201,0.09691011235955056,0.06791248860528715,-0.18561001042752867,-0.35979513444302175,-0.35979513444302175,-0.35979513444302175,2343.0,,,,,1.369759280431146,Basic Materials,
4051,"GMO Financial Gate, Inc.",,,JP3386710002,0.11164,0.0853,0.12009,0.61082,0.431,-0.5947500133113253,-0.15647318530061027,0.2864497676081516,0.17097217316221208,0.0206,207615600.0,50035445760,30.395748,36.673927,7.1997237,-0.017828200972447326,0.02711864406779661,0.035897435897435895,0.030612244897959183,-0.10619469026548672,0.3778877887788779,0.33663366336633666,0.3572607260726073,6060.0,,,1.0,Strong Buy,0.8288108333748934,Technology,
4061,Denka Company Limited,,,JP3549600009,0.03234,0.03497,0.11337,0.70616,,-0.11938376658380676,-0.36353152258545013,-0.26229150443220656,0.026984891449490633,0.0302,2097508920.0,285234855936,18.181318,18.030731,0.9207898,-0.0072007200720072,0.019722650231124808,0.00699939135727328,0.0003022974607013301,-0.11971268954509177,0.6016923541855546,-0.04502870957993352,0.3606829857963131,3309.0,,,1.8,Buy,1.0083516857968766,Basic Materials,
4062,"Ibiden Co.,Ltd.",,,JP3148800000,0.03952,0.1559,0.21139,0.31919000000000003,0.417,0.17639097187581126,-0.11071554064777782,-0.05826980362041947,-0.04619745197615666,0.001,170225297250.0,5496825184256,90.906975,63.292984,9.5893755,0.058457374830852504,0.023018571802249543,-0.0002556237218813906,-0.08706816059757236,0.02866912151499211,0.534134492457172,-0.4630529276399898,0.26460813091281005,19555.0,,,1.5,Strong Buy,1.436288341216461,Technology,
4063,"Shin-Etsu Chemical Co., Ltd.",,,JP3371200001,0.07294,0.18361999,0.26237,0.05487,0.057,0.24857716993978166,-0.2746638204670658,-0.20228993274298593,-0.3090913519255943,0.019799999999999998,38235597240.0,10607238578176,23.14822,17.72359,2.384079,0.01423116973273169,0.02652380115931846,0.018473335657023353,0.021856968001398847,-0.05237554726771526,0.6273100616016427,0.11225188227241616,0.33037405886379195,5844.0,,,1.6,Buy,1.3060683529691217,Basic Materials,
4072,"Densan System Holdings Co., Ltd.",,,JP3551440005,0.03195,0.044460002,0.044120003,0.023010000000000003,0.413,0.2574902080472049,-0.13982156476702318,-0.11817331499312246,0.2531324222248181,0.030899999999999997,99662400.0,34769948672,11.025284,11.889908,1.3539174,0.009345794392523364,0.03514376996805112,0.06403940886699508,0.06930693069306931,0.09607577807848444,0.2962962962962963,0.2962962962962963,0.2962962962962963,3240.0,,,,,0.927280850280759,Technology,
4078,"Sakai Chemical Industry Co., Ltd.",,,JP3312800000,0.03215,0.04192,0.07947,0.14965,0.605,-0.2869636497571297,-0.3892698961080065,-0.44002004089741276,-0.41873627137083774,0.0434,698012700.0,57138237440,23.36419,13.577745,0.7519871,0.015151515151515152,0.03076923076923077,0.03076923076923077,0.009589041095890411,-0.12052505966587113,,,,3685.0,,,,,1.7207710116812476,Basic Materials,
4091,Nippon Sanso Holdings Corporation,,,JP3711600001,0.048109997,0.09897,0.14629,0.6620900000000001,0.54,0.6163991289519921,0.3226243110513599,0.2940793669198215,-0.10575204518084808,0.012,3622193060.0,2376797519872,19.193933,19.842445,1.8753114,-0.0030864197530864196,0.00900404263138552,0.020821714073247816,0.009746230231702832,-0.08999005634736493,0.38408304498269896,-0.08941904935348753,0.14277909306137315,5491.0,,,2.5,Buy,0.9673169309528136,Basic Materials,
4095,"Nihon Parkerizing Co., Ltd.",,,JP3744600002,0.03836,0.09861,0.14072,0.0011200000000000001,0.38,0.6482107452790327,-0.26044816886020483,-0.13458196563043057,-0.09575384905719721,0.0281,355003200.0,186993885184,15.198087,,0.9264117,-0.005030743432084964,0.02005730659025788,0.018306636155606407,0.018306636155606407,0.04093567251461988,,,,1780.0,,,,,,Basic Materials,
4099,Shikoku Kasei Holdings Corporation,,,JP3349600001,0.065359995,0.13831,0.20009,0.26025,1.037,0.45408072222236173,0.9333464617523849,0.5891410333662971,0.7747462580185316,0.0182,2236652000.0,190296571904,16.722408,11.671087,1.8613434,0.018990273274664196,0.04811815150071463,0.02278010227801023,0.024208566108007448,-0.2845528455284553,,,,2200.0,,,,,1.4328063872713828,Basic Materials,
4118,Kaneka Corporation,,,JP3215800008,0.02523,0.04265,0.06701,0.43026000000000003,1.19,0.37165982606699005,-0.32897240723120835,-0.31334244045393145,0.1359121626894323,0.0346,1115102780.0,363830935552,12.135835,13.850232,0.7219059,-0.016231131309852296,0.017458452241060938,0.022608402227096338,0.015583109919571046,0.027636486944727028,0.03943243689160204,-0.2492987955782874,-0.10218338557993727,6061.0,,,3.0,Hold,0.8762188965498917,Basic Materials,
4151,"Kyowa Kirin Co., Ltd.",,,JP3256000005,0.06199,0.15353,0.100209996,,0.83,0.4200823771844709,0.04493660495514348,0.09226348406888232,0.3338050857208606,0.031,3917904960.0,1181211164672,14.5136385,16.260632,1.2892976,-0.00287292817679558,0.006693440428380187,0.02943189596167009,0.014388489208633094,-0.1026252983293556,0.2854609929078014,-0.20212765957446807,0.011444148936170306,2256.0,,,3.6,Underperform,0.8925630012412802,Healthcare,
4180,"Appier Group, Inc.",,,JP3160960005,0.03739,0.06856,0.11462,0.30890999999999996,1.373,-0.154757588906749,-0.26239917624849834,-0.19273682002098003,0.7343892272431644,0.0015,2145700920.0,154797211648,46.079025,32.75713,3.8750575,-0.007853403141361256,-0.010443864229765013,0.0676056338028169,0.0882986360373295,0.5548717948717948,-0.010554089709762533,-0.3865435356200528,-0.19854881266490765,1516.0,,,3.0,Hold,1.4066868800777115,Technology,
4182,"Mitsubishi Gas Chemical Company, Inc.",,,JP3896800004,0.033299997,-0.03877,0.1243,0.31299,1.178,-0.045838304847594324,-0.27886634160641843,0.0004301926466496139,0.7438821806608343,0.0291,5430157780.0,737575895040,,13.685049,1.1077158,-0.007349081364829396,0.016666666666666666,-0.007088474665266474,-0.019699326075686883,-0.15918185860382392,0.8244315177154945,0.11052353252247488,0.46627567424643046,3782.0,,,1.7,Buy,,Basic Materials,
4183,"Mitsui Chemicals, Inc.",,,,0.032390002,0.03837,0.09017,0.82395,44.629,0.09620189486040072,-0.24163042896596337,-0.18737944426714556,0.04924342829966327,0.034300000000000004,4117986800.0,790320381952,23.867235,4.7970157,0.9049268,-0.019291161956034097,0.03137532436895494,0.042441583214115404,0.021018215787015414,0.010166358595194085,0.646843549862763,-0.17657822506861848,0.14280969807868243,2186.0,,,2.5,Buy,4.975433997433029,Basic Materials,
4186,"Tokyo Ohka Kogyo Co., Ltd.",,,,0.107880004,0.15141,0.18983,0.10027,0.422,0.10874611495828697,-0.19383347316771254,-0.12668604541024778,-0.14039694978526346,0.009899999999999999,5894500950.0,968565522432,24.154749,41.3597,3.9059002,0.01649458574666331,0.007236431690580162,0.0023590762354109758,-0.0364048698973502,-0.09393939393939393,0.7341756472191254,-0.25678186547751763,0.3712374581939799,8073.0,,,2.0,Buy,0.5840165426731819,Technology,
4187,Osaka Organic Chemical Industry Ltd.,,,JP3187000009,0.07497,0.20156999,0.23638001,0.0192,0.646,-0.30243081234673624,-0.45388927282500185,-0.3200078612286273,-0.4774449691427429,0.021,490319000.0,83382812672,10.660981,23.61343,1.5347832,0.0161090458488228,0.03015075376884422,0.01990049751243781,-0.029585798816568046,-0.17670682730923695,0.8048780487804879,0.33902439024390246,0.5298780487804878,4100.0,,,,,0.45147956057209815,Basic Materials,
4188,Mitsubishi Chemical Group Corporation,,,,0.00964,0.013040001,0.11695,0.73776,2.043,0.7469181850315896,-0.2541811693580528,-0.24448499162037265,-0.1701433160623564,0.0269,6198899060.0,1615479832576,,13.04014,0.88692486,-0.023007395234182416,0.030329289428076257,0.028102031993082578,0.014072494669509595,0.003799071338117349,0.5138772077375946,-0.3355761143818335,0.08418082422203524,1189.0,,,2.5,Buy,,Basic Materials,
4189,"KH Neochem Co., Ltd.",,,JP3277040006,0.061739996,0.08343001,0.19507,0.2116,0.863,-0.06235027378507867,-0.37783278814133736,-0.3823756868597788,-0.38975150764435296,0.0466,367273200.0,112757686272,12.345678,12.632405,1.5104238,-0.007704160246533128,0.01098901098901099,0.01098901098901099,0.0015552099533437014,-0.08652482269503546,0.30434782608695654,0.08695652173913043,0.1956521739130435,3220.0,,,,,0.9773022635040596,Basic Materials,
4194,"Visional, Inc.",,,JP3800270005,0.14097999,0.18697001,0.18937999,0.0018,0.28,-0.10331350027969691,-0.023169525906445273,1.1523781311261163,0.09555455677303708,,2854877840.0,344299110400,18.939444,19.663792,3.9872503,-0.005612722170252572,-0.011162790697674419,0.059292476332835076,-0.01676494392415308,-0.042126605091236766,0.41110065851364064,-0.00047036688617121356,0.27671013640639697,8504.0,,,2.3,Buy,0.9631633613699738,Communication Services,
4202,Daicel Corporation,,,JP3485800001,0.031570002,0.01674,0.092159994,0.8107,0.01,0.7315357144445483,-0.26887206647625905,-0.32163612959336246,-0.36903026427440305,0.049,1274668000.0,365126647808,36.89646,6.5496383,0.992109,-0.002094972067039106,0.01672002845962291,0.025843503230437905,0.016358463726884778,-0.02323991797676008,0.6794961511546536,-0.11826452064380685,0.05930720783764871,1429.0,,,3.1,Hold,5.633358410036169,Basic Materials,
4203,Sumitomo Bakelite Company Limited,,,JP3409400003,,0.09336001,0.14932999,0.08326,,0.4878122392893949,0.4455701021551997,0.42888356055912275,0.1554687093188826,0.0154,7232026100.0,683107942400,24.389938,28.073845,1.9003304,0.005423553719008265,-0.0023065094823167607,0.0260938323668951,0.016449086161879897,0.002704443013522215,0.31004366812227074,-0.2679167736963781,0.07518995633187774,7786.0,,,1.3,Strong Buy,0.8687779675352629,Basic Materials,
4204,"Sekisui Chemical Co., Ltd.",,,JP3419400001,0.050300002,0.055960003,0.076519996,0.21463000000000002,0.003,0.2511333364022648,-0.4779897635100612,-0.3529714249347674,-0.38725871714040294,0.032799999999999996,3294231610.0,1008089038848,13.661486,12.917162,1.1842198,-0.016157635467980297,0.003013258336681398,0.009298564786739438,-0.001200240048009602,-0.06181886508831266,0.24173843380733026,-0.11876627278189465,0.058281594231924694,2496.5,,,,,1.057622874126685,Industrials,
4206,"Aica Kogyo Company, Limited",,,JP3100800006,0.06328,0.071339995,0.12836,0.20281,0.075,0.21728873174707256,-0.3928243025502155,-0.38945364849379455,-0.184305373525557,0.0339,922226250.0,268605177856,15.384337,16.163424,1.3871901,-0.0030530765617660873,0.022645145748012525,0.030840213695968916,0.027098959593515607,0.049443757725587144,0.17785630153121318,-0.045936395759717315,0.03258739693757355,4245.0,,,1.3,Strong Buy,0.9517993835959511,Industrials,
4208,UBE Corporation,,,JP3158800007,0.015149999,0.049000002,0.045560002,0.72836,-0.039,1.5579479628266215,-0.25950623295274017,-0.2158603998731373,0.0202238238777194,0.0463,2808374600.0,335343288320,14.045081,10.051831,0.76362073,-0.01540216771249287,0.012910798122065728,0.021301775147928994,0.01053864168618267,0.0524390243902439,0.15874855156431056,-0.10196987253765932,-0.015063731170336037,3452.0,,,,,1.397265930953276,Basic Materials,
4212,Sekisui Jushi Corporation,,,JP3420200002,0.027520001,0.05934,0.05404,0.12567,3.052,-0.05116014110120291,-0.35604463685335863,-0.2655949455949456,-0.5016282029996126,0.029500000000000002,155226600.0,89600393216,22.882524,,0.8948953,-0.013861386138613862,0.00945945945945946,0.04075235109717868,0.028217481073640742,0.020491803278688523,,,,2988.0,,,,,,Industrials,
4216,Asahi Yukizai Corporation,,,JP3117200000,0.045619998,0.04413,0.11068,0.08839000000000001,0.189,-0.1459245776690746,-0.34953989836560917,-0.12940164110759397,-0.3274916409465021,0.0213,326302200.0,114393899008,34.364067,10.935535,1.3975123,-0.01615508885298869,0.006611570247933884,0.001644736842105263,0.03924914675767918,-0.004901960784313725,,,,6090.0,,,,,3.1424221128641623,Industrials,
4220,Riken Technos Corporation,,,JP3973000007,0.0681,0.06677,0.117939994,0.15119,1.067,0.09898173443814773,-0.20672543181399144,-0.23311368774861255,-0.037471274726265026,0.036000000000000004,258370420.0,110804246528,15.361113,20.96717,1.6267551,-0.006307821698906644,0.006817213463996591,0.01985325852395339,-0.012536564981195153,-0.16501766784452296,,,,2363.0,,,,,0.7326269115002167,Basic Materials,
4259,ExaWizards Inc.,,,JP3161330000,0.09458999,0.11956,0.05829,0.21109999999999998,0.154,0.16383389331769874,-0.37217464279044277,-0.4457577122412601,-0.06268086230233406,0.0105,1099844850.0,90874609664,52.61708,298.4375,8.955532,0.047149122807017545,0.08154020385050963,0.1732186732186732,0.17901234567901234,0.13961813842482101,,,,955.0,,,0.0,Strong Buy,0.17630854031413612,Technology,
4272,"Nippon Kayaku Co., Ltd.",,,JP3694400007,,0.0,0.1,0.24036000000000002,,3.938615669294704,-0.19904889285183539,-0.2175419982316534,-0.32835491338653305,0.0319,1420496550.0,298109468672,12.820115,20.480436,1.0774627,-0.022458628841607566,0.006817628439250061,0.015471512770137525,0.01671994098844357,0.018723823601872382,,,,2067.5,,,,,0.6259688514443735,Basic Materials,
4293,"Septeni Holdings Co., Ltd.",,,JP3423300007,0.03734,0.18020001,0.07846,,3.355,-0.367331146137936,-0.4486522869817959,-0.3240127016847163,-0.3078979467786086,0.0356,168396800.0,104967225344,18.313429,19.796558,1.5846372,-0.01556420233463035,-0.01364522417153996,0.0,0.0,-0.026923076923076925,0.14624505928853754,0.007905138339920948,0.09354407114624508,506.0,,,2.3,Buy,0.9250814712335346,Communication Services,
4307,"Nomura Research Institute, Ltd.",,,JP3762800005,0.04201,0.02227,0.19665001,0.62286,0.132,0.25189843013443136,-0.3107027537704684,-0.23343490049398785,-0.22684924360377737,0.0163,11999455680.0,2887881326592,192.3163,29.521902,7.727945,0.00019398642095053346,-0.0027079303675048355,0.052030197918792084,0.0701535907015359,0.08822287885183622,0.2994569433669511,0.0065942591155934835,0.14693004266873538,5156.0,,,1.4,Strong Buy,6.514360084252025,Technology,
4324,Dentsu Group Inc.,,,,0.03195,-0.14140001,0.07713,0.92676,,-0.21808611177968779,-0.37605260581566324,-0.32492393047548873,-0.1700953868419568,,3240159300.0,932174036992,,11.12109,2.1953595,-0.011560693641618497,-0.011560693641618497,0.003913894324853229,0.015841584158415842,0.011834319526627219,0.113895850737956,-0.164578111946533,0.00807574491785018,3591.0,,,2.6,Hold,,Communication Services,
4337,PIA Corporation,,,JP3801570007,0.01555,0.041500002,0.07275,1.4446199999999998,-0.64,-0.4547527604416706,-0.35927833985061974,-0.30318129551552325,0.13600052212504898,0.011399999999999999,49409740.0,40485089280,12.194896,,3.760111,-0.004528301886792453,0.012279355333844973,0.018139714395986106,-0.001514004542013626,-0.046276211135213303,0.36087945413191813,0.36087945413191813,0.36087945413191813,2638.0,,,,,,Communication Services,
4343,"AEON Fantasy Co.,LTD.",,,JP3131420006,0.06086,0.03783,0.0544,5.9125,5.786,-0.32118887823585807,-0.3918742613313687,-0.41860989708162977,0.32211135747721115,0.0073,156901530.0,54063583232,19.38023,25.073395,6.8695784,-0.010857763300760043,-0.0032822757111597373,0.007371913011426466,0.001098901098901099,-0.012012296397511384,,,,2733.0,,,,,0.772940002739956,Consumer Cyclical,
4368,"Fuso Chemical Co.,Ltd.",,,JP3822600007,0.08359,0.22067,0.27048,0.12926,1.153,-0.012817645231438376,-0.18759545174248057,-0.01598535692495424,0.35059782383848415,0.009399999999999999,2222151880.0,314955825152,22.025747,10.353342,2.5605319,0.021970477171301066,0.03692093347265761,0.06321428571428571,0.035478260869565216,-0.2510691823899371,0.9818609338259994,0.7467248908296943,0.8922853543836076,2977.0,,,,,2.127404561734752,Basic Materials,
4369,Tri Chemical Laboratories Inc.,,,JP3636000006,0.090270005,0.23316999,0.24513,0.15115,-0.032,0.11718710524986096,-0.17703809947738927,-0.05560779276974377,-0.0033367755122111703,0.012,1390135500.0,95052873728,15.551892,17.31794,2.4850705,0.005500171880371262,-0.005440326419585175,0.001026694045174538,-0.04411764705882353,-0.14847161572052403,0.6068376068376068,0.29914529914529914,0.4264957264957265,2925.0,,,1.8,Buy,0.8980220511215538,Basic Materials,
4373,"Simplex Holdings, Inc.",,,JP3383270000,0.11699,0.17322999,0.2124,0.44158000000000003,0.064,0.46072657567149344,0.12541495061915445,0.16900947018172507,0.1216610588441962,0.0207,1703143400.0,260121640960,25.707964,7.607699,5.2322783,-0.007685738684884714,0.0,0.04968383017163505,0.05732484076433121,0.0729455216989843,0.43717728055077454,0.01549053356282272,0.24784853700516352,1162.0,,,,,3.3792036199118813,Technology,
4385,"Mercari, Inc.",,,JP3921290007,0.0432,0.15439,0.15141,1.99554,0.102,0.8204314826925464,0.3652417088411111,0.17540659134739256,0.26850444927916733,,8285020200.0,603605106688,17.699411,36.758423,4.4587,0.007352941176470588,-0.04344453064391001,-0.03319393622582331,-0.06755734812200656,-0.24832351148140622,0.5679913490132468,0.18951067856177345,0.3542122195187888,3699.0,,,2.2,Buy,0.4815062659244114,Consumer Cyclical,
4401,Adeka Corporation,,,,0.05192,0.072519995,0.13405,0.12725,0.546,-0.21110963741565397,-0.4162677244335021,-0.39926757235676313,0.012707788754229331,0.028900000000000002,1126998000.0,443374174208,16.447226,16.675177,1.3790125,-0.0008741258741258741,0.034389140271493215,0.04502857142857143,0.020080321285140562,0.10970873786407767,0.20078740157480315,-0.300087489063867,0.014435695538057743,4572.0,,,,,0.9863299202161392,Basic Materials,
4403,NOF Corporation,,,JP3753400005,0.07655,0.14583999,0.15469,0.014650000000000002,-0.094,0.16115273946693984,0.021816573423229478,-0.04444896788460291,0.2315456285156476,0.027000000000000003,2422137105.0,579154870272,14.684026,15.639539,1.9837301,-0.009186602870813397,0.0015476881408396208,-0.004040015390534821,-0.02467972871137905,-0.059240414319462115,0.6225613289549933,0.3521344407958277,0.4680316785783272,2588.5,,,,,0.9389040175672697,Basic Materials,
4431,"Smaregi, Inc.",,,JP3400110007,,0.0,0.28476998,0.010169999999999998,0.813,-0.26679005817028023,0.5724274133180436,0.2721946734097403,-0.052843778779506585,0.0087,348863000.0,64336068608,28.902735,38.34673,6.542631,-0.030478955007256895,0.0,0.022970903522205207,0.004511278195488722,0.01984732824427481,-0.10179640718562874,-0.10179640718562874,-0.10179640718562874,3340.0,,,2.0,Buy,0.7537209822063055,Technology,
4443,"Sansan, Inc.",,,JP3332540008,0.0994,0.12607999,0.15439,0.12967,,0.014749317833798705,-0.4205866305886237,-0.38671358369228903,-0.33539038754049794,0.0023,2465827560.0,268449005568,40.323795,60.525574,12.859922,0.010854176498348278,0.02980769230769231,0.09229984701682815,0.0840080971659919,0.13093980992608237,0.4005602240896359,-0.3464052287581699,0.0795985060690943,2142.0,,,2.0,Buy,0.6662273867902516,Technology,
4452,Kao Corporation,,,JP3205800000,0.06555,0.07771,0.11102,0.20635,0.329,-0.009714216937027668,-0.4305411380510439,-0.34847198848550254,0.057068145485493604,0.022400000000000003,8702929840.0,3146748264448,24.874838,13.447262,2.8109798,-0.00429430289149728,0.010165553296543712,0.026867434307646886,0.01904482859654263,-0.03308312482624409,0.2650948821161587,0.035077630822311676,0.16114473835537668,3478.0,,,1.7,Buy,1.8498068974933335,Consumer Defensive,
4461,DKS Co. Ltd.,,,JP3475000000,0.07986,0.09088001,0.18607001,0.45002000000000003,1.858,0.09637600282364607,-0.503691952131931,-0.29870272356938954,0.13894568424552212,0.0115,2239699000.0,138896113664,20.789988,37.98607,2.525889,0.03888888888888889,0.08901830282861897,0.04887820512820513,-0.00380517503805175,-0.09599447513812155,,,,13090.0,,,,,0.5473055780711192,Basic Materials,
4471,"Sanyo Chemical Industries, Ltd.",,,JP3337600005,0.043169998,0.08416,0.13267,0.022480000000000003,-0.48,0.34196007315311433,-0.1056570146337273,-0.10726277432987802,1.6522294459467233,0.0196,641764200.0,140818333696,9.025322,21.188972,0.8691977,0.0015698587127158557,0.06156405990016639,0.06867671691792294,0.07046979865771812,0.0831918505942275,-0.02821316614420063,-0.02821316614420063,-0.02821316614420063,6380.0,,,,,0.42594430725567994,Basic Materials,
4477,"BASE,Inc.",,,JP3835260005,0.02878,0.09156,0.065910004,0.03951,1.414,0.06873197822909388,-0.047467008788746996,-0.04435565604540156,0.36834994694812095,0.0297,295222110.0,38810058752,17.859035,40.848484,2.549978,-0.0058997050147492625,-0.0058997050147492625,0.002976190476190476,-0.0058997050147492625,0.19081272084805653,,,,337.0,,,,,0.43720190448193863,Technology,
4478,freee K.K.,,,JP3826520003,0.0109,0.0254,0.03994,0.67496,1.084,-0.32166034111142344,-0.40029560849103657,-0.2725462064309224,0.5743214324203656,,1863007300.0,230408798208,212.71326,140.34132,10.832794,-0.008974358974358974,-0.01653944020356234,0.003896103896103896,0.036193029490616625,0.43573551263001487,0.39715394566623546,-0.4307891332470893,-0.016817593790426907,3865.0,,,2.3,Buy,1.5156851880828826,Technology,
4480,"Medley, Inc.",,,JP3921310003,0.04223,0.044510003,0.20121999,1.25867,1.312,-0.2452824258577122,-0.23093201388388926,-0.02602689034167996,1.3254176210762172,0.0152,603508480.0,71563051008,39.525955,19.009392,4.783307,0.002540220152413209,-0.005042016806722689,0.004240882103477523,-0.027115858668857847,0.09426987060998152,0.870777027027027,0.14020270270270271,0.38682432432432434,2368.0,,,1.8,Buy,2.0792855973510362,Healthcare,
4483,JMDC Inc.,,,JP3386690006,0.044460002,0.13239999,0.14478,0.61328,0.17,0.14807492195629543,-0.5730071797650611,-0.4398933312105714,-0.05390667652499993,0.005,1113947100.0,233631481856,34.842865,28.147915,2.8128042,-0.0041841004184100415,-0.0110803324099723,0.014204545454545454,0.031791907514450865,0.001402524544179523,0.5546218487394958,0.008403361344537815,0.2330532212885154,3570.0,,,1.5,Strong Buy,1.2378488779719565,Healthcare,
4502,Takeda Pharmaceutical Company Limited,,,JP3463000004,0.02694,-0.035380002,0.16445999,0.73245,-0.098,0.6209419854845672,0.09683847597810366,0.008930737074133359,-0.07210478771454386,0.0342,24869551200.0,9529412550656,,42.51015,1.2478635,0.003699966363942146,0.020694373182828803,0.053300388280974234,0.0628673196794301,0.10009216589861751,0.2734584450402145,-0.028150134048257374,0.10959492292225201,5968.0,,,1.9,Buy,,Healthcare,
4503,Astellas Pharma Inc.,,,,0.0841,0.16046,0.2892,0.30335999999999996,1.072,0.2303745244502803,-0.28475272990918304,-0.22985997274050066,-0.1272421979483965,0.0336,12345767280.0,4273648173056,14.683957,31.457043,2.1998663,0.007822410147991543,0.02958963282937365,0.06382503905378263,0.06548949485918641,0.041511907362901466,0.30060834906649886,-0.2867631634151458,0.052174197608558806,2383.5,,,2.4,Buy,0.466793938641976,Healthcare,
4506,"Sumitomo Pharma Co., Ltd.",,,JP3495000006,0.039219998,0.23728001,0.13708,0.39323,0.383,-0.2055692187340931,-0.09276975811794494,-0.09082790337415887,-0.12676307506296777,,5730946650.0,722011095040,5.9843836,93.95797,1.7672306,0.0071964956195244055,0.017061611374407582,0.054027504911591355,0.04174757281553398,0.2539929879236463,0.6775396085740913,-0.06803355079217148,0.3136288288288289,1609.5,,,2.1,Buy,0.06369213383388338,Healthcare,
4507,"Shionogi & Co., Ltd.",,,JP3347200002,0.03216,0.46785998,0.11417,0.38591000000000003,1.482,0.4767255039842381,-0.09757607794164352,-0.05373998084103495,-0.058999194652389494,0.025699999999999997,8076598470.0,2514801655808,12.25476,15.452406,1.4186586,-0.009388097233864207,0.017389807162534434,0.04510081358330385,0.03794133145968734,0.04565563617058928,0.3538669825689626,-0.018446437637502117,0.13386359790150618,2954.5,,,2.2,Buy,0.7930648469888767,Healthcare,
4516,"Nippon Shinyaku Co., Ltd.",,,JP3717600005,0.06932,0.17513001,0.25094998,0.00865,0.224,1.522800703278519,-0.2593548387096774,-0.20956313265849763,-0.23380671635334396,0.0359,1347833400.0,232668004352,7.824648,8.4074135,0.7876078,-0.008045977011494253,0.006707494896471274,0.019492025989367986,0.02646446625037169,-0.024583215597626447,0.21668597914252608,-0.18887601390498263,0.008473348783314022,3452.0,,,3.1,Hold,0.9306843299666419,Healthcare,
4519,"Chugai Pharmaceutical Co., Ltd.",,,JP3519400000,0.17055,0.35103,0.47092,,0.197,0.12097286922446365,-0.1351521220286159,-0.1113322066979268,-0.14055075401346676,0.0196,17404612540.0,11101064396800,23.529001,28.59565,5.473894,0.009275882704967086,0.03784615384615385,0.050451572718779196,0.04169240271772699,-0.0026611472501478417,0.9715386895938334,0.0524755410613697,0.38205351319300335,6746.0,,,2.0,Buy,0.822817491471605,Healthcare,
4521,"Kaken Pharmaceutical Co., Ltd.",,,JP3207000005,0.03433,0.116969995,0.36163,0.025179999999999998,30.284,-0.08739553363474445,-0.28517643934867754,-0.26514486391571557,-0.0626539295319822,0.04769999999999999,379413400.0,150715891712,70.41755,41.28631,0.985834,-0.006242197253433208,0.019206145966709345,0.0391644908616188,0.029754204398447608,0.040522875816993466,0.40703517587939697,0.005025125628140704,0.14949748743718594,3980.0,,,2.8,Hold,1.7055907878422656,Healthcare,
4523,"Eisai Co., Ltd.",,,,0.02395,0.049390003,0.10553,0.29077000000000003,0.26,0.396085051604598,-0.2881244666185256,-0.2608162383830146,-0.37951451912636186,0.0325,5983393100.0,1391423520768,36.10135,24.337265,1.5329511,-0.004643650312941652,0.0341934130480386,0.058394160583941604,0.0670995670995671,0.05094862502664677,0.11561866125760649,-0.3509127789046653,-0.0720081135902637,4930.0,,,2.5,Buy,1.4833774460688167,Healthcare,
4527,"Rohto Pharmaceutical Co.,Ltd.",,,JP3982400008,0.05824,0.093739994,0.14812,0.17689,-0.095,1.4351511978299254,-0.365906498171209,-0.31473733312601343,0.383785403511148,0.018000000000000002,2967525185.0,627712589824,19.157206,16.663673,2.0330472,-0.022811019477101246,-0.028097731239092497,-0.001255380200860832,-0.01781305114638448,0.17862433862433863,0.3790626683426109,-0.06625965164302389,0.17011384449631883,2784.5,,,1.9,Buy,1.1496388581316976,Consumer Defensive,
4528,"Ono Pharmaceutical Co., Ltd.",,,,0.05983,0.15116,0.26389,0.13418,0.367,0.662328549155538,-0.23575245914336615,-0.15719065030968601,-0.12044802800776278,0.0335,3275486230.0,1122608480256,16.102722,14.12356,1.2950714,-0.0006274837900020916,0.015083917569577226,0.029741379310344828,0.01529961750956226,0.021813515825491875,0.33947258267057345,-0.204688154039347,0.04995115110925064,2389.0,,,3.0,Hold,1.1401319497350526,Healthcare,
4534,"Mochida Pharmaceutical Co., Ltd.",,,JP3922800002,0.04058,0.075279996,0.112390004,0.07128,0.68,-0.07790162345529446,-0.23548885455749283,-0.2458442694663167,-0.3609378144495874,0.0258,130548000.0,116124426240,14.792899,17.628206,0.8315977,-0.009009009009009009,0.015384615384615385,0.04430379746835443,0.03773584905660377,0.05263157894736842,,,,3300.0,,,,,0.8391607744996854,Healthcare,
4536,"Santen Pharmaceutical Co., Ltd.",,,,0.07095,0.13255,0.11771,,0.291,2.452063060598968,-0.13451558858776017,-0.13500007613942652,-0.02104437249399123,0.0246,2349830700.0,549276450816,15.036933,15.826006,1.8291802,-0.031710079275198186,-0.018369690011481057,-0.008695652173913044,-0.027580324139891952,-0.08848614072494669,0.6374269005847953,0.1111111111111111,0.39051333333333327,1710.0,,,1.8,Buy,0.9501407367089334,Healthcare,
4538,"Fuso Pharmaceutical Industries,Ltd.",,,JP3823600006,0.02162,0.03486,0.06064,0.7877,0.39,0.05778316172016959,-0.07188877585622243,0.061894624800425777,0.10064766839378242,0.0397,29898000.0,19334768640,9.615385,,0.5408176,-0.0035195776506819184,0.01523980277902286,0.038038496791934,0.01569506726457399,0.06138706654170572,,,,2265.0,,,,,,Healthcare,
4540,Tsumura & Co.,,,JP3535800001,0.04142,0.15162,0.15858,0.39086,0.49,2.1275285111084803,0.2951004843108874,0.2861140061118864,0.39772694368032424,0.041100000000000005,2692561040.0,286850908160,10.225069,9.213456,0.8776011,-0.00977869274318065,0.02177376526818906,0.03524347592144202,0.04964539007092199,0.02258836035078395,0.4994802494802495,-0.14241164241164242,0.128508316008316,3848.0,,,,,1.1097973442321751,Healthcare,
4543,Terumo Corporation,,,,0.06922,0.13897,0.28698,0.26356999999999997,0.683,0.3878886784356856,-0.3800522605137307,-0.06936890365062084,0.09849961274947873,0.0161,10624591680.0,3301276909568,24.270687,21.977806,1.9863,-0.023347152520183285,-0.002006688963210702,-0.003561887800534283,-0.013227513227513227,-0.03200692041522491,0.6979445933869526,0.09472743521000894,0.3896336014298481,2238.0,,,1.5,Strong Buy,1.104327110722517,Healthcare,
4547,"Kissei Pharmaceutical Co., Ltd.",,,JP3240600001,-0.00958,0.14181,0.04686,0.00542,0.056,0.6444444444444445,-0.3985517811148369,-0.33756402248594625,-0.3282355131734695,0.0325,229326300.0,167590379520,12.077441,18.18636,0.7248521,-0.0037313432835820895,-0.0024906600249066002,0.0037593984962406013,0.00628140703517588,-0.0012468827930174563,0.3732833957553059,0.02372034956304619,0.2026632958801499,4005.0,,,2.2,Buy,0.6640933644775535,Healthcare,
4548,Seikagaku Corporation,,,JP3414000004,-0.00939,0.045229997,-0.106759995,0.0047599999999999995,,0.113611615245009,0.284464863025353,1.8924250681198913,1.0564948966890715,0.044000000000000004,205629820.0,37239070720,25.249907,13.777778,0.5019482,-0.0058309037900874635,0.01488095238095238,0.059006211180124224,-0.025714285714285714,-0.01870503597122302,,,,682.0,,,,,1.832654510763637,Healthcare,
4549,"Eiken Chemical Co., Ltd.",,,JP3160700005,0.02871,0.083739996,0.06227,0.13507,-0.252,-0.18643107315729412,-0.2286286433959223,-0.3395504998621934,-0.20315409098523468,0.0245,366591600.0,78128406528,21.141838,25.929977,1.7962207,0.0038119440914866584,0.048672566371681415,0.06949458483754513,0.04774535809018567,0.08466819221967964,,,,2370.0,,,,,0.8153434922059514,Healthcare,
4552,"JCR Pharmaceuticals Co., Ltd.",,,JP3701000006,-0.00601,0.019709999,-0.2168,1.23635,,-0.38651590548206394,-0.5200547346369138,-0.3032323740103054,-0.2620131193843154,0.0388,210104880.0,62960685056,28.907562,14.090661,1.4570674,0.001941747572815534,0.0,0.0078125,-0.015267175572519083,0.04665314401622718,0.7441860465116279,-0.031007751937984496,0.20478042635658913,516.0,,,,,2.051540520348903,Healthcare,
4553,"Towa Pharmaceutical Co., Ltd.",,,JP3623150004,0.03193,0.02953,0.09134,1.26005,1.201,0.2408313961438535,0.07580687926338375,0.013332934472082236,-0.09029418270294186,0.0229,447203400.0,182635397120,34.842224,12.586511,1.0008789,-0.021108179419525065,0.023448275862068966,0.05397727272727273,0.06151645207439199,-0.0583756345177665,0.5902964959568733,0.1320754716981132,0.41509433962264153,3710.0,,,,,2.7682194056796203,Healthcare,
4554,"Fuji Pharma Co., Ltd.",,,JP3816200004,0.04573,0.04975,0.06351,0.5569500000000001,0.907,-0.2634328768630039,0.06969036197121678,-0.0964733227051269,-0.15992359219475413,0.0264,170008350.0,48504393728,18.79745,11.934447,0.9350246,-0.0037553648068669528,0.030521642619311874,0.0690846286701209,0.07527504342790967,-0.006951871657754011,0.938610662358643,0.23855681206246634,0.5885837372105547,1857.0,,,,,1.5750583164850454,Healthcare,
4559,"Zeria Pharmaceutical Co., Ltd.",,,JP3428850006,0.04911,0.09032,0.090950005,0.33688,-0.205,0.10745929463206952,0.10844621878190373,0.17370712337941918,0.5154774215787662,0.0248,272793240.0,88952225792,10.526316,9.669382,0.8233331,-0.006889763779527559,0.0019860973187686196,0.018163471241170535,0.020738492665655032,-0.021812893843916627,0.23885034687809711,0.23885034687809711,0.23885034687809711,2018.0,,,,,1.0886234508058528,Healthcare,
4565,"Nxera Pharma Co., Ltd.",,,JP3431300007,-0.01638,-0.23337999,-0.17808,0.8395600000000001,,0.9032701675873481,-0.062237788573795756,0.09354536802656886,1.0109805870819872,,1745167530.0,119158767616,,28.976131,1.8316619,0.026066350710900472,0.0535279805352798,0.07890365448504984,0.09159663865546218,0.4948216340621404,2.464203233256351,-0.23017705927636645,0.5511932255581217,1299.0,,,1.6,Buy,,Healthcare,
4568,"Daiichi Sankyo Company, Limited",,,,0.03317,0.10931,0.14806,0.29393,-0.181,0.4439180679292243,-0.2114163455622743,-0.12430753126409708,-0.18232027138124754,0.0339,16676287980.0,5374345740288,21.05282,20.57328,3.1576078,0.006989430617115581,0.041248016922263354,0.06547619047619048,0.0896513558384062,0.11033834586466165,0.760622989673269,-0.06890130353817504,0.3869138310479093,2953.5,,,1.5,Strong Buy,1.0233088744235241,Healthcare,
4569,"KYORIN Pharmaceutical Co., Ltd.",,,JP3247090008,0.00694,0.017280001,0.032509997,0.16566,-0.608,-0.09078622501755476,-0.28878159405976805,-0.21981541450777198,0.531932734842571,0.0222,206909040.0,64799420416,18.796867,10.742857,0.46184987,-0.015706806282722512,0.0035587188612099642,0.03391384051329056,0.025454545454545455,0.05027932960893855,-0.024822695035460994,-0.024822695035460994,-0.024822695035460994,1128.0,,,,,1.7497083876291006,Healthcare,
4574,"Taiko Pharmaceutical Co.,Ltd.",,,JP3442200006,0.02355,0.10391,0.06686,0.014119999999999999,,-0.31981137688920624,-0.5606037536668799,-0.44548255422968047,-0.0910872514214795,0.013600000000000001,16656170.0,12929176576,18.759125,55.869568,1.5346215,-0.003875968992248062,-0.003875968992248062,0.028,0.028,0.036290322580645164,,,,257.0,,,,,0.335766422965719,Healthcare,
4577,"Daito Pharmaceutical Co.,Ltd.",,,JP3486150000,0.030050002,0.06241,0.06351,0.17556000000000002,0.352,0.45747169458220255,-0.23875376362411635,-0.13084622383985448,-0.1445012787723785,0.0338,92656830.0,37670342656,12.406924,6.177016,0.7244105,0.005279034690799397,0.03413498836307215,0.06384676775738228,0.05375494071146245,0.07326892109500806,0.05026256564141035,0.05026256564141035,0.05026256564141035,1333.0,,,,,2.0085627105385515,Healthcare,
4578,"Otsuka Holdings Co., Ltd.",,,JP3188220002,0.07002,0.15464,0.20536,0.058730000000000004,0.329,0.596995444606882,0.05949651262293375,0.06946197907327734,-0.20295728727431261,0.0178,14946280800.0,5833658728448,14.471817,21.41839,1.8033637,-0.010235870048954161,-0.026695842450765863,-0.018967798853109837,-0.04753747323340471,-0.08627773212818406,0.6726618705035972,-0.01079136690647482,0.2979616007194245,11120.0,,,1.6,Buy,0.6756724945245651,Healthcare,
4587,PeptiDream Inc.,,,JP3836750004,-0.040359996,-0.18881,-0.31281,0.3231,,0.18022272598145667,-0.3594964316773187,-0.31769632743739534,0.08951599603107012,,751375400.0,137567469568,,9.434793,2.8332286,0.02001906577693041,0.008958038661008957,0.008958038661008957,-0.011547344110854504,0.11435116267140234,3.1121495327102804,0.028037383177570093,1.437694672897196,1070.0,,,1.5,Strong Buy,,Healthcare,
4592,SanBio Company Limited,,,JP3336750009,-0.28278,0.0,0.0,0.09595000000000001,,0.23654419479156935,0.4966611087049051,0.19505745535096228,0.04376593299285341,,792802920.0,73999310848,,-23.229599,5.8368635,0.034934497816593885,0.046357615894039736,0.028199566160520606,0.014989293361884369,-0.011470281543274244,1.109704641350211,0.16033755274261605,0.6455696202531646,948.0,,,2.6,Hold,,Healthcare,
4612,"Nippon Paint Holdings Co., Ltd.",,,JP3749400002,0.04422,0.10151,0.14854,0.7036100000000001,0.076,0.16467932794984375,-0.33573453453510466,-0.2852785965022008,-0.1981964669398852,0.0148,3241636750.0,2673178312704,18.314,19.428524,1.3352921,-0.0025962786672436176,0.033632286995515695,0.050592525068368276,0.03502469690166143,-0.089652448657188,0.34490238611713664,-0.06290672451193059,0.1650562255965293,1152.5,,,2.4,Buy,0.9426346540787144,Basic Materials,
4613,"Kansai Paint Co., Ltd.",,,JP3229400001,0.03771,0.04916,0.06647,0.6393,-0.239,0.9475340456898798,-0.1476999023138931,0.012624923950085689,-0.16323098619486834,0.0409,2641831005.0,502809165824,19.120323,15.624657,1.6729658,-0.020545580110497237,-0.008043364224514776,0.008533333333333334,0.014122273864855203,-0.030090613780133356,0.3749338974087784,-0.0375462718138551,0.1294729420059933,2836.5,,,2.0,Buy,1.2237275352668542,Basic Materials,
4617,"Chugoku Marine Paints, Ltd.",,,JP3522600000,0.080369994,0.08492,0.15028,0.15466,0.506,-0.11893923544731169,0.07693403328856883,-0.047909127304984034,-0.5148390125864529,0.028300000000000002,629866300.0,175531540480,15.949287,19.915493,1.8123864,-0.012569832402234637,0.012893982808022923,0.026124818577648767,0.008559201141226819,-0.04973118279569892,0.4144271570014144,0.04667609618104668,0.23055162659123055,3535.0,,,2.5,Buy,0.8008482140010292,Basic Materials,
4626,"Taiyo Holdings Co., Ltd.",,,JP3449100001,0.11193,0.18709,0.26925,0.42479999999999996,0.616,0.11274499868253028,-0.3228873485962333,-0.22722267470272034,-0.3330984206905804,0.0332,1302133120.0,527896576000,28.817884,17.474583,4.179334,0.002959830866807611,0.00338409475465313,0.005084745762711864,0.005084745762711864,-0.015359070153590702,0.05396290050590219,0.05396290050590219,0.05396290050590219,4744.0,,,,,1.6491314270560848,Basic Materials,
4631,DIC Corporation,,,JP3493400000,0.03799,0.05031,0.08804,0.8188,1.573,-0.017292750219811488,-0.17428520443699955,-0.1312026873298829,0.5501059666647531,0.0336,2894463600.0,448335183872,7.974441,14.504469,0.88300097,-0.018170555440842454,0.025447487599741213,0.031006071118820467,0.023461041756349547,0.009768528349968147,0.47213459516298634,-0.09568874868559411,0.1882229232386961,4755.0,,,,,0.5497919985902275,Basic Materials,
4633,Sakata INX Corporation,,,JP3314800008,0.04552,0.044099998,0.06562,0.2882,0.08,0.04125482189656351,-0.3266620564346635,-0.3633918177282554,-0.19904514044691732,0.0377,314726720.0,129239261184,10.775985,9.782288,1.0250006,-0.009712364587224505,0.020793222949557183,0.043700787401574806,0.04493496255419787,0.007601672367920942,-0.05695963787250094,-0.05695963787250094,-0.05695963787250094,2651.0,,,,,1.101581245614523,Basic Materials,
4661,"Oriental Land Co., Ltd.",,,JP3198900007,,0.18807,0.26402,0.28924,0.502,0.07282092087694107,-0.3114355628300804,-0.23737832496706554,-0.33117739590975603,0.0053,15774048300.0,4976540123136,40.814953,34.705547,4.4115744,-0.01075619295958279,-0.005895840157222404,-0.01620745542949757,-0.03436207445116131,0.02742044685172647,0.6474464579901154,-0.24546952224052718,0.08046952224052716,3035.0,,,2.6,Hold,1.1760354331830585,Consumer Cyclical,
4665,"Duskin Co., Ltd.",,,JP3505900005,0.03243,0.051680002,0.07545,2e-05,0.534,0.6822085066416208,-0.04013543062707198,-0.06128044334256961,0.14820264435719605,0.0317,467663560.0,222776573952,24.213274,22.936357,1.4257951,-0.0031598904571308196,0.018510546706844596,0.03318777292576419,0.028695652173913042,0.09587772116720704,0.07776838546069316,0.07776838546069316,0.07776838546069316,4732.0,,,,,1.0556721801984508,Industrials,
4666,"PARK24 Co., Ltd.",,,JP3780100008,0.07828,0.102139995,0.11447,1.4611600000000002,0.358,-0.11823788759494493,-0.21734172232005647,-0.14440270080841408,0.0938339488206861,0.0321,1603276200.0,345303777280,9.242334,14.266065,2.9306753,-0.003694581280788177,0.013022789882294014,0.03717948717948718,0.036116803278688527,0.03691361189438606,0.4338689740420272,0.2558714462299135,0.36860321384425215,2022.5,,,1.4,Strong Buy,0.6478544714327321,Industrials,
4676,"Fuji Media Holdings, Inc.",,,JP3819400007,0.00865,0.02675,0.10767,1.1706699999999999,12.819,0.34273050067916966,-0.23055450445700243,-0.24164015327820246,-0.18488635344545162,0.0495,1969618350.0,575539707904,123.441315,24.507008,1.0669196,-0.027684159845931634,-0.017035775127768313,0.0012394645513138325,0.004226752859273993,-0.0029622315477659837,0.1265164644714038,-0.1086902698687794,0.034202277791532565,4039.0,,,2.9,Hold,5.0369802384689315,Communication Services,
4680,Round One Corporation,,,JP3966800009,0.06379,0.0,0.1234,2.36902,-0.011,0.17265169141000067,-0.28674166018156677,-0.3234006857882886,-0.039795552958623547,0.0152,3019927625.0,310846947328,18.692698,16.39401,3.6232548,0.00042301184433164127,0.0,0.007669365146996165,-0.011700793982448809,-0.060762509928514695,0.35306553911205074,0.226215644820296,0.280338266384778,1182.5,,,,,1.1402151151548643,Consumer Cyclical,
4681,"Resorttrust, Inc.",,,JP3974450003,0.03938,0.08592,0.13248,0.23893999999999999,0.786,0.0378794141556098,-0.42503636426041186,-0.3458933209613608,0.169109100272199,0.020099999999999996,728770920.0,379681243136,18.1486,10.339444,2.3308809,-0.002788622420524261,0.003648610721302273,0.017643710870802503,0.011884550084889643,0.027291008330939386,0.3422818791946309,0.09060402684563758,0.21923937360178972,1788.0,,,1.6,Buy,1.7552781368127723,Consumer Cyclical,
4684,"OBIC Co.,Ltd.",,,JP3173400007,0.10511,0.56193,0.67745,,0.195,-0.03346971173982148,-0.266611986906003,-0.11862459422087439,-0.10148133770923769,0.0184,9077643000.0,2189908639744,29.761904,31.871016,4.4600377,-0.00215222070045001,0.006512729425695678,0.04230533415082771,0.05765242637909581,0.1404293381037567,0.21568627450980393,-0.11764705882352941,0.08104578431372544,5100.0,,,1.6,Buy,0.9338235091093425,Technology,
4686,JustSystems Corporation,,,JP3388450003,0.10583,0.29949,0.48924,,0.074,3.167035313858592,0.2790285446506795,0.22767407784927046,0.015576409253828508,0.0069,521530350.0,279052320768,18.484642,,2.2859843,-0.009122006841505131,0.004624277456647399,0.01756440281030445,0.046987951807228916,0.06756756756756757,,,,4345.0,,,,,,Technology,
4689,LY Corporation,,,JP3933800009,0.01741,0.09665,0.18263,0.6131300000000001,0.241,0.5821842633308976,-0.07413713401434016,-0.03162184482727567,0.23161491181685961,0.020499999999999997,9309894176.0,3682181054464,19.267767,25.06069,1.2254057,-0.03069698116231095,-0.04974335846986207,-0.013960367511449781,0.03950421111827881,0.142127659574468,0.3971684053651268,-0.12444113263785388,0.10154191505216097,536.8,,,1.8,Buy,0.7688442337381771,Consumer Cyclical,
4694,"BML, Inc.",,,JP3799700004,0.03738,0.051999997,0.07688,,0.107,0.18589985176251847,-0.3662042569404756,-0.2894280205655528,-0.3147710846822091,0.0341,199868200.0,137564815360,18.050364,24.697172,1.0822414,-0.009446693657219974,0.008241758241758242,0.03234880450070324,0.025139664804469275,0.04857142857142857,0.035422343324250684,0.035422343324250684,0.035422343324250684,3670.0,,,,,0.7308676475185094,Healthcare,
4704,Trend Micro Incorporated,,,JP3637300009,0.08185001,0.12185001,0.083409995,,-0.356,0.82059306628203,0.3344132922381795,0.27040619384608555,0.19750180532153233,0.027999999999999997,8103889710.0,857797558272,24.50955,22.152578,7.20899,0.024016114037806013,0.04374605180037903,0.13693445725098916,0.17472449342339139,-0.016517857142857143,0.36177939173853835,-0.2434558934785898,-0.03666719624754119,6609.0,,,2.9,Hold,1.1063971877223502,Technology,
4716,Oracle Corporation Japan,,,,0.16389999,0.22288,0.29045,,0.046,0.1287188861704655,-0.2593740968501962,-0.1919104378383513,-0.40929175193522555,0.0213,2306492100.0,1192634220544,18.761719,17.973577,5.8253593,-0.004279905842071475,0.007469957778499512,0.03457476375764314,0.05152542372881356,0.030450669914738125,0.9987105093488072,-0.06511927788523533,0.27874489576617234,9306.0,,,2.1,Buy,1.0438500360835241,Technology,
4733,"OBIC Business Consultants Co., Ltd.",,,JP3173500004,0.072909996,0.35673,0.47553003,,0.197,0.027200932073798006,-0.5314395841533095,-0.3478713173614865,-0.4587293555560145,0.015700000000000002,1430708500.0,624417701888,34.483334,34.417603,3.7015252,-0.008593936500358081,0.0006023370678231539,0.024546688047366472,0.03695380774032459,0.05152550955817192,0.37250180592342885,-0.06091981699975921,0.15962171923910418,8306.0,,,1.6,Buy,1.0019098076062996,Technology,
4751,"CyberAgent, Inc.",,,JP3311400000,0.10414,0.04583,0.06498,0.32514000000000004,0.058,-0.2938955536387474,-0.36600257641101336,-0.25801557599512354,0.6633636125097673,0.0159,5567625000.0,638944804864,15.673592,24.585365,3.0571542,-0.009433962264150943,-0.0023752969121140144,0.023142509135200974,0.03490759753593429,-0.14285714285714285,0.746031746031746,0.031746031746031744,0.4350198412698413,1260.0,,,1.6,Buy,0.6375171570566474,Communication Services,
4755,"Rakuten Group, Inc.",,,,0.0032300001,-0.024330001,0.022650002,3.63838,,0.10032521487133333,-0.3072776157588197,-0.2818155422505931,0.3353451893308371,,9470806794.0,1545500360704,,-93.0749,1.6879236,-0.008399815057406692,-0.03448742697371285,-0.011168487964962833,-0.013509749303621234,-0.17639534883720936,0.9765636029930822,-0.18819709162784126,0.32523888182973326,708.3,,,2.5,Buy,,Consumer Cyclical,
4768,Otsuka Corporation,,,,0.07554,0.04848,0.071669996,0.01431,0.03,0.42947007775666335,-0.3293134418985132,-0.26321799669046947,-0.3357372147050513,0.0288,4353870900.0,1382567510016,20.660736,23.9758,3.3411071,0.0,0.011092623405435386,0.03344671201814059,0.04171428571428572,0.07235294117647059,0.2342292923752057,-0.15798134942402633,0.05395702139330774,3646.0,,,2.1,Buy,0.8617329140216385,Technology,
4776,"Cybozu, Inc.",,,JP3312100005,0.24851999,0.19067,0.28109,0.00165,0.135,-0.06266376270024653,-0.47463862839821924,-0.47120342344222943,-0.19290177303525788,0.016200000000000003,626131600.0,139008491520,18.553043,49.439102,7.9891853,0.014802631578947368,0.004885993485342019,0.05074931880108992,0.0685833044683062,0.14301593182660244,0.2965964343598055,0.2965964343598055,0.2965964343598055,3085.0,,,,,0.3752706309269129,Technology,
4809,Paraca Inc.,,,JP3781700004,0.03881,0.104890004,0.15617,1.36015,-0.112,0.1265465172917681,0.04258383048755397,-0.021206969825754454,-0.0617264990081271,0.0355,33813940.0,20457236480,10.362641,,0.9536285,-0.007835455435847209,-0.004422604422604423,0.0160481444332999,0.007458975634012929,0.010978043912175649,,,,2026.0,,,,,,Industrials,
4812,Dentsu Soken Inc.,,,JP3551530003,0.0925,0.10139,0.12835,0.023479999999999997,0.187,-0.16604313842327006,-0.30439038959315057,-0.24544723308489422,0.3801553089512195,0.015700000000000002,2295282500.0,560166993920,31.846426,10.103499,5.314775,0.002094972067039106,0.002094972067039106,0.0038474991255683807,0.005606166783461808,0.06731126812941614,-0.024390243902439025,-0.09407665505226481,-0.059233449477351915,2870.0,,,,,3.1520195132399187,Technology,
4816,"Toei Animation Co.,Ltd.",,,JP3560200002,0.10394,0.26885998,0.33886,,0.154,0.6617580548121409,-0.2956657279906305,-0.20155248781270327,-0.04207765386204051,0.0147,1212120900.0,611713024000,24.391039,27.082767,3.6315954,-0.035748792270531404,-0.044976076555023926,-0.016748768472906402,0.006386554621848739,0.07273378717305626,0.3026052104208417,-0.06479625918503674,0.09802939211756848,2994.0,,,2.1,Buy,0.9006110417004288,Communication Services,
4819,"Digital Garage, Inc.",,,JP3549070005,-0.0034599998,0.0373,-0.06434,0.8051600000000001,,0.06557555294858224,-0.026210102299480294,-0.07207477053672966,-0.21621675768472165,0.0196,612049980.0,110530830336,86.94233,21.105927,1.5139667,0.006719865602687947,0.041720990873533245,0.07104557640750671,0.08021631365479946,0.03676470588235294,0.7313308302044222,0.08468919482686692,0.40801001251564456,2397.0,,,1.3,Strong Buy,4.119332451021933,Technology,
4880,"CellSource Co., Ltd.",,,JP3423580004,,0.01909,0.07253,,-0.335,0.33901497316131457,-0.11499808208668973,0.13684210526315788,0.20184963500223,0.0155,33834250.0,6411808256,90.985916,17.894737,1.0698658,-0.02416918429003021,-0.009202453987730062,0.015723270440251572,-0.0182370820668693,0.03194888178913738,,,,323.0,,,0.0,Strong Buy,5.084507025724938,Healthcare,
4886,"ASKA Pharmaceutical Holdings Co.,Ltd.",,,JP3119660003,0.02984,0.068119995,0.040960003,0.15311,-0.572,-0.07446879223627946,-0.5605851003515138,-0.5209274342835987,-0.15221182505025305,0.0304,100055970.0,61707427840,11.350673,12.7229,0.8703374,0.013551401869158878,0.027962085308056873,0.06323529411764706,0.05240174672489083,0.07856787667826952,0.10650069156293222,0.10650069156293222,0.10650069156293222,2169.0,,,,,0.892145108426538,Healthcare,
4887,"Sawai Group Holdings Co., Ltd.",,,JP3323040000,,0.0,0.095970005,0.6696599999999999,-0.503,2.567709126440283,-0.0124113297503371,0.2571802981416615,0.34609604481180406,0.0342,1321558480.0,189280944128,16.447567,9.575276,1.0654529,-0.01354198013842913,0.008615384615384615,0.03701360329009807,0.03244094488188976,0.009236453201970444,0.9524100061012812,-0.023794996949359364,0.33143514338010993,1639.0,,,2.0,Buy,1.7177120534175723,Healthcare,
4901,FUJIFILM Holdings Corporation,,,JP3814000000,0.03541,0.075830005,0.061929997,0.28445,-0.3,-0.10918207605609323,-0.3404123390222691,-0.35662000610327,0.4417674048312417,0.0226,11776533120.0,3975461994496,14.492501,11.130979,1.019422,-0.0050882969170906915,0.02910216718266254,0.030697674418604652,0.03907471084713973,-0.14285714285714285,0.5042117930204573,-0.03730445246690734,0.21401459085439234,3324.0,,,1.9,Buy,1.3019969761869106,Industrials,
4902,"Konica Minolta, Inc.",,,JP3300600008,0.028299998,0.02809,0.04165,0.7046899999999999,0.067,1.968933183542262,-0.02571563356392542,-0.015150384872676202,-0.06447184360366846,0.0281,3439268560.0000005,316870590464,9.8722105,13.313953,0.57598263,-0.019121939687332248,0.029048347172605855,0.0769230327644169,0.11532435688015566,0.02888316341526174,0.24766063630692442,-0.14223331253898946,0.03321896444167179,641.2,,,2.8,Hold,0.741493566936882,Industrials,
4911,"Shiseido Company, Limited",,,,0.02131,-0.020539999,0.11083,0.51517,2.648,-0.1707594635636789,-0.4476399096168043,-0.31674770394381413,-0.2527120358999312,0.0168,8202870330.0,1423062335488,,28.722374,2.2353473,0.013375071143995446,0.02474820143884892,0.046122209165687426,0.06266786034019696,0.05013270421704512,0.2356079752878405,-0.29963493400730135,0.0015094074698118506,3561.0,,,2.3,Buy,,Consumer Defensive,
4912,Lion Corporation,,,,0.04956,0.06558,0.1225,0.08875999999999999,0.188,0.13877500194150835,-0.285926852720722,-0.2876395353318232,0.14088858528534826,0.0197,1736198100.0,477446635520,16.583372,25.003622,1.4348079,-0.00975609756097561,-0.015968063872255488,-0.006620610247553253,-0.028161081385525203,-0.00975609756097561,0.5068096203998841,0.014198782961460446,0.2305611706751665,1725.5,,,2.1,Buy,0.66323878996411,Consumer Defensive,
4914,Takasago International Corporation,,,JP3454400007,0.01879,0.04259,0.058480002,0.4006,0.145,0.48674647961605394,-0.22440115868150534,-0.1693345752777336,0.09815023431867347,0.0391,201140720.0,129767243776,13.623337,5.688034,0.8253337,-0.0015003750937734434,0.01914241960183767,0.042286609240407204,0.0357976653696498,0.10732113144758736,0.16453794139744554,0.16453794139744554,0.16453794139744554,1331.0,,,3.0,Hold,2.395087125006637,Basic Materials,
4922,KOSE Holdings Corporation,,,JP3283650004,0.0226,0.040949997,0.06402,0.03541,1.93,0.3552852877530336,-0.37288743426839255,-0.25418872698308576,0.028093499289673605,0.024399999999999998,1550981400.0,325634064384,23.866568,17.60933,1.1448734,-0.0020869565217391303,0.01575500088511241,0.029237668161434978,0.03220003597769383,-0.013241616509028374,0.3593586615545486,-0.2331822934820495,-0.030350993377483523,5738.0,,,3.5,Underperform,1.3553365176301426,Consumer Defensive,
4927,Pola Orbis Holdings Inc.,,,JP3855900001,0.055430003,0.06633,0.11545999,0.0002,0.223,2.8474518662451604,-0.39613486067509,-0.39387405016645916,-0.15536731124374623,0.0383,803504250.0,300391989248,26.456831,25.388067,1.8569664,-0.019855595667870037,-0.01020780167699599,0.013816280806572068,0.019144144144144143,0.01647323099962561,0.10497237569060773,-0.2265193370165746,-0.04369664825046036,1357.5,,,3.4,Hold,1.042097100184902,Consumer Defensive,
4928,"Noevir Holdings Co., Ltd.",,,JP3760450001,0.08482,0.12589,0.15285,0.01328,,-0.03425496317505218,-0.18655050759593922,-0.2015930055940429,-0.3462765393548635,0.0478,376959700.0,164291362816,20.284231,19.4422,3.2203877,-0.005170630816959669,-0.002074688796680498,0.014767932489451477,0.007329842931937173,0.019067796610169493,-0.06860706860706861,-0.06860706860706861,-0.06860706860706861,4810.0,,,,,1.0433094505765808,Consumer Defensive,
4958,"T. Hasegawa Co., Ltd.",,,JP3768500005,0.03731,0.100559995,0.15209,,0.29,1.76596284498069,1.3423652092983906,0.9800780598458818,-0.059516129032258065,0.0287,311112000.0,141260898304,19.417475,18.125,1.0464066,-0.004291845493562232,0.025036818851251842,0.0724191063174114,0.0724191063174114,0.05454545454545454,0.29310344827586204,0.10632183908045977,0.1997126436781609,3480.0,,,1.0,Strong Buy,1.0713089655172414,Basic Materials,
4971,MEC Company Ltd.,,,JP3920890005,0.120699994,0.25561002,0.31801,,0.086,0.1969475984715275,-0.08828313635786007,-0.1182806902008581,0.4059253642017301,0.0174,1921273600.0,115766927360,18.79688,32.702328,8.332359,0.024232633279483037,0.03934426229508197,0.053156146179401995,0.01929260450160772,-0.3123644251626898,1.0504731861198737,0.49842271293375395,0.7744479495268138,6340.0,,,,,0.5747872139255652,Basic Materials,
4975,JCU Corporation,,,JP3166200000,0.13377,0.30288,0.36546,0.00057,0.038,-0.21105174782475958,-0.4665829277228241,-0.31000389762245034,0.15020892528831692,0.031400000000000004,506282000.0,142794391552,15.84786,20.47661,2.5459902,0.012216404886561954,0.008695652173913044,0.006944444444444444,0.03019538188277087,-0.1076923076923077,-0.13793103448275862,-0.13793103448275862,-0.13793103448275862,5800.0,,,0.0,Strong Buy,0.7739493988506887,Basic Materials,
4980,Dexerials Corporation,,,,,0.24971001,0.31594,0.1822,0.132,-0.11980309195408949,-0.26470544982988087,-0.10271944231998897,-0.2389953903332052,0.0213,4172712600.0,502279176192,18.726582,19.59932,4.5081887,0.006545820745216516,0.042956521739130435,0.04659685863874346,0.05395430579964851,-0.031492248062015504,0.8009004502251126,0.3340003335000834,0.5396586626646658,2998.5,,,1.8,Buy,0.9554710061369477,Technology,
4985,Earth Corporation,,,JP3100190002,0.030250002,0.0251,0.11261,0.1332,-0.08,-0.11688217170859513,-0.36505706760316065,-0.2666632124352331,-0.2946724292268098,0.0274,245031800.0,104006524928,22.371523,32.88744,1.2836668,-0.007322175732217573,0.003171247357293869,0.01933404940923738,0.014973262032085561,0.021528525296017224,0.2644889357218124,0.032665964172813484,0.16684225500526875,4745.0,,,2.0,Buy,0.6802451939098939,Consumer Defensive,
4996,"Kumiai Chemical Industry Co., Ltd.",,,JP3267600009,0.0195,0.00596,-0.07496,0.28327,,0.454917944636827,1.6249057858719016,2.7751722269525505,0.4476242915849694,0.0353,645932000.0,81920770048,11.946592,6.704131,0.5528015,-0.011627906976744186,0.030303030303030304,0.02564102564102564,-0.1122715404699739,-0.09090909090909091,0.17647058823529413,0.1323529411764706,0.15441176470588236,680.0,,,3.0,Hold,1.7819747257325371,Basic Materials,
5011,"Nichireki Group Co., Ltd.",,,JP3665600007,0.0364,0.059320003,0.01012,0.23645,81.173,0.15893519391539376,0.19674927259957867,0.23960479293672485,0.6644197319646419,0.0387,143754750.0,66158854144,15.408576,13.143019,0.8366066,0.0030198446937014668,0.0008609556607834697,0.021080368906455864,0.02197802197802198,0.06164383561643835,,,,2325.0,,,,,1.1723772140936568,Industrials,
5013,Yushiro Inc.,,,JP3948400001,0.04403,0.08,0.09474,0.11849,-0.334,0.3704516000398764,-0.41792596146158156,-0.4659319965126417,-0.29040182858899,0.0405,105916950.0,38635778048,8.326429,,0.7990673,0.030416951469583047,0.06311706629055007,0.06725663716814159,0.07142857142857142,-0.050393700787401574,,,,3015.0,,,,,,Basic Materials,
5016,JX Advanced Metals Corporation,,,JP3379550001,0.04144,0.14555,0.18646,0.6247699999999999,1.759,-0.013896016007708605,-0.30279319766367657,-0.2861490765114666,-0.2455046129362535,0.005600000000000001,67279048920.0,3193707954176,31.746313,,5.1983185,0.021142857142857144,-0.021893814997263273,-0.03274695534506089,-0.08569966743412638,-0.13713182037662966,0.9306099608282037,0.06323447118074986,0.36872367095691105,3574.0,,,,,,Technology,
5019,"Idemitsu Kosan Co.,Ltd.",,,JP3142500002,0.06471,0.04239,0.13534,1.36942,40.957,1.061327158444459,0.2169056299787575,0.34329088009441117,0.28392591785489335,0.0218,10197451030.0,1978908934144,11.764287,12.546546,1.2018163,-0.01315002988643156,0.03123048094940662,0.0018203883495145632,-0.005421686746987952,0.3118792212951927,0.33252574197456086,-0.35190793458509995,-0.06463609933373707,1651.0,,,2.3,Buy,0.937651446063323,Energy,
5020,"ENEOS Holdings, Inc.",,,,0.054109998,0.05594,0.13121,0.5778300000000001,,1.1522905059180972,0.25865419527944566,0.3219618947245619,0.2208070615183628,0.023799999999999998,15216544385.0,3802683670528,14.903695,14.3912735,1.018088,-0.019184652278177457,0.019586894586894586,-0.00659264399722415,-0.018848526387936944,0.10115384615384615,0.29933636046105483,0.04785190359762487,0.15147286063569682,1431.5,,,1.7,Buy,1.0356064041170505,Energy,
5021,"Cosmo Energy Holdings Co., Ltd.",,,JP3298000005,0.07071,0.057350002,0.16665001,0.68065,,1.9804943967080837,-0.051583029259028516,-0.007598809926950752,-0.018959889751214952,0.037000000000000005,3308490880.0,707565977600,9.832738,4.102715,1.0452803,-0.03633217993079585,-0.0075723830734966595,-0.014813177094848551,-0.01415929203539823,0.16924691681973236,0.1736983842010772,-0.050718132854578095,0.0718693895870736,4456.0,,,2.1,Buy,2.3966417360211474,Energy,
5032,ANYCOLOR Inc.,,,JP3164780003,0.36418,0.24007,0.38459998,,-0.089,0.5464990454505178,-0.17572481544927207,0.14509347390303656,-0.02663957910090112,0.0199,2926914300.0,186447282176,13.477206,16.214808,6.4447675,-0.06184012066365008,-0.040123456790123455,-0.0016051364365971107,0.0893169877408056,0.1467551622418879,0.6430868167202572,-0.08360128617363344,0.25787781350482314,3110.0,,,1.8,Buy,0.8311665485030719,Communication Services,
5074,"Tess Holdings Co.,Ltd.",,,JP3545270005,0.02106,0.04145,0.1259,1.77034,,0.13032749616654063,-0.6626458608000945,-0.5917632124159314,-0.36809466188740325,0.0332,544682230.0,40761053184,19.194944,21.489758,0.7808873,0.0,0.005226480836236934,-0.015358361774744027,-0.05718954248366013,-0.2742138364779874,,,,577.0,,,,,0.8932135950530481,Utilities,
5076,INFRONEER Holdings Inc.,,,JP3153850007,0.02484,0.11647,0.04362,0.8887,8.098,0.6594722922088195,-0.1895845381085638,-0.08617307579364122,0.039932206228828246,0.0454,4389653625.0,735881265152,11.274129,30.938198,1.1169703,0.01536044684936289,0.033214920071047954,0.05075867052023121,0.03875,0.1410357002746175,0.2549424101770672,-0.5358432181536875,-0.08642159188585179,2908.5,,,1.9,Buy,0.36440806927410574,Industrials,
5101,"The Yokohama Rubber Company, Limited",,,,0.065809995,0.10998,0.24938999,0.5428799999999999,1.144,-0.038811029834579194,-0.23424367188832315,-0.19594525665433382,0.3214558538026504,0.0327,5826024750.0,1076625866752,7.5471907,13.076467,0.9576676,-0.007705728409421343,0.016987036209208762,0.009018332347723241,-0.001463057790782736,-0.11016949152542373,0.42124542124542125,0.0989010989010989,0.26646695970695977,6825.0,,,2.0,Buy,0.577158241595379,Consumer Cyclical,
5105,Toyo Tire Corporation,,,JP3610600003,0.07344,0.10025,0.11021,0.11166000000000001,-0.296,0.030299560956094373,-0.22706313248363608,0.20928460161952694,1.4693581771071482,0.0368,6913161360.0,585862021120,9.813481,9.775653,1.0654895,-0.0005254860746190226,0.02949932341001353,0.030056864337936636,0.06138392857142857,-0.09407001667063587,0.4458464773922187,-0.0010515247108307045,0.19324158780231346,3804.0,,,2.2,Buy,1.0038696136206962,Consumer Cyclical,
5108,Bridgestone Corporation,,,,0.065560006,0.09019,0.12778,0.23440000000000003,2.101,0.755842490811513,-0.24767411767207217,-0.07265920079342118,-0.06467350338036282,0.0349,15377932100.0,4604563030016,18.903303,6.6740623,1.2276804,-0.015571390868302983,-0.00267379679144385,-0.012443738416732858,-0.007714817770683693,-0.06492855352218602,0.23324396782841822,-0.08847184986595175,0.064343163538874,3730.0,,,2.8,Hold,2.8323533929253255,Consumer Cyclical,
5110,"Sumitomo Rubber Industries, Ltd.",,,JP3404200002,0.04287,0.049310002,0.07266,0.4489,0.6,0.0438350267546269,-0.34649517304296223,-0.29528487043586277,0.015069111989179946,0.042300000000000004,4270790645.0,521881518080,8.438881,10.644971,0.6919285,-0.01707920792079208,-0.004262788365095286,-0.005509641873278237,-0.020715166461159062,-0.15203929105274397,0.4605892722236212,0.10803324099722991,0.3296398891966759,1985.5,,,1.6,Buy,0.7927575378082289,Consumer Cyclical,
5121,FUJIKURA COMPOSITES Inc.,,,JP3811600000,0.06385,0.10022,0.15917,0.08551,0.094,-0.11856058293134678,0.30571949156848655,0.1478237373623651,-0.11752712453927207,0.0304,236413850.0,51999322112,13.586879,,1.3273871,-0.0007054673721340388,0.03168244719592134,0.06503759398496241,0.0508160237388724,0.020900900900900903,,,,2833.0,,,,,,Consumer Cyclical,
5122,"Okamoto Industries, Inc.",,,JP3192800005,0.02836,0.055910002,0.052729998,0.02939,2.765,-0.1537151022202682,-0.4714891212206838,-0.48902958443651434,0.36832160715075896,0.0208,120432000.0,105667551232,22.07521,17.7162,0.97085065,-0.014218009478672985,0.0064516129032258064,0.004830917874396135,0.0297029702970297,-0.037037037037037035,,,,6240.0,,,,,1.2460465562592429,Basic Materials,
5185,"Fukoku Co.,Ltd.",,,JP3807000009,0.03408,0.0182,0.064899996,0.35488,1.297,-0.3670394887012098,-0.2510288065843621,-0.3249766136576239,0.5072352499374113,0.05,82722640.0,28473180160,27.175241,7.6822715,0.6900079,-0.003980099502487562,0.018311291963377416,0.021949974476773864,0.02824858757062147,0.06773333333333334,,,,2002.0,,,,,3.537396589016673,Consumer Cyclical,
5186,Nitta Corporation,,,JP3679850002,0.02256,0.15798001,0.08262,,0.529,-0.10652572774324291,-0.4462897692560741,-0.39041833015101546,-0.3736450200821336,0.0248,291001200.0,188191539200,13.986014,18.071653,1.1168704,-0.0029069767441860465,0.037821482602118005,0.03939393939393939,0.055384615384615386,0.004392386530014641,0.2259475218658892,0.2259475218658892,0.2259475218658892,6860.0,,,1.0,Strong Buy,0.7739200171672176,Industrials,
5192,Mitsuboshi Belting Ltd.,,,JP3904000001,0.04646,0.0837,0.13055,0.017159999999999998,0.289,0.4067968085350993,-0.10303556080359211,-0.007311072056238965,0.2732662013603993,0.044500000000000005,306707800.0,120707710976,16.474339,17.353058,1.187537,0.003468208092485549,0.02237926972909305,0.027218934911242602,0.024793388429752067,0.06372549019607843,0.07373271889400922,0.07373271889400922,0.07373271889400922,4340.0,,,3.0,Hold,0.9493622968355203,Industrials,
5195,"Bando Chemical Industries, Ltd.",,,JP3779000003,0.051370002,0.08715,0.092489995,0.052469999999999996,0.063,0.23085147212018198,-0.11116216733677965,0.3537066173068023,-0.03872425733552032,0.0407,163411860.0,99283156992,9.5694895,12.682171,1.0668805,-0.006879805746661271,0.005325686194182712,0.0016326530612244899,0.026778242677824266,-0.005672609400324149,0.02689486552567237,0.02689486552567237,0.02689486552567237,2454.0,,,3.0,Hold,0.7545624089124803,Industrials,
5201,AGC Inc.,,,,0.03312,0.041950002,0.04343,0.38309,0.745,-0.046366871642417,-0.2991360446964936,-0.2270163736799736,-0.18453019073457944,0.037200000000000004,6305114040.0,1199175368704,13.210108,13.678651,0.7847447,-0.01224632610216935,0.02134587554269175,0.019685750406357234,0.011646658304963269,-0.024196335983408226,0.4222458377612469,-0.008147360963513992,0.15413567127169678,5646.0,,,2.6,Hold,0.9657464029164864,Industrials,
5202,"Nippon Sheet Glass Company, Limited",,,JP3686800008,0.017,0.0052,0.0366,3.01381,,3.1407468000046084,-0.4012418637945098,-0.49009866825604037,1.0799811423750683,,1129312640.0,252569649152,16.182709,8.900054,0.46769202,0.00202020202020202,0.00202020202020202,0.00202020202020202,0.004048582995951417,0.029045643153526972,0.20967741935483872,0.008064516129032258,0.10887096774193548,496.0,,,,,1.8182708779070327,Consumer Cyclical,
5214,"Nippon Electric Glass Co., Ltd.",,,JP3733400000,0.02627,0.082600005,0.056550004,0.15702,,0.2147164875997702,-0.15363136581468279,-0.2241750928208904,-0.11726648426599309,0.0326,3067843560.0,357989318656,14.388321,25.899736,0.7285742,-0.00426049908703591,0.0464818763326226,0.022074135776759683,0.024420788979336257,0.002246273228507249,0.22249388753056235,-0.026079869600651995,0.09956530154849232,4908.0,,,2.3,Buy,0.5555392919835167,Technology,
5233,Taiheiyo Cement Corporation,,,JP3449020001,0.031630002,0.02961,0.05165,0.7365900000000001,0.235,0.31716020724857014,-0.3071706779634716,-0.25585778862267855,-0.23258563538030022,0.0288,1937351640.0,454594396160,18.315115,7.139435,0.6744214,-0.025461340808222377,0.007242877836793819,0.027333169170155134,0.008704061895551257,-0.03715670436187399,0.2224352828379674,-0.11313518696069032,0.12096512464046028,4172.0,,,2.5,Buy,2.565345156864654,Basic Materials,
5253,COVER Corporation,,,JP3218500001,0.14158,0.056420002,0.07388,,-0.396,-0.4732713625477764,-0.5126386810955387,-0.5283016623952412,-0.3562194226244569,,1863888250.0,102223814656,35.590584,12.949349,6.0078855,-0.029661016949152543,-0.018971848225214197,0.001875,0.0012492192379762648,0.016487000634115408,0.6219588271990019,-0.22021210230817218,0.2464129756706176,1603.0,,,2.6,Hold,2.7484458099013316,Technology,
5288,Asia Pile Holdings Corporation,,,JP3389640008,0.0698,0.06878,0.109139994,0.37616999999999995,0.282,-0.08413536168891647,0.02947558260771542,0.0009104637674815546,0.3447544241959816,0.047400000000000005,280127820.0,56257093632,7.407222,13.390752,1.0378582,-0.002027027027027027,0.022145328719723183,0.028551532033426183,0.006816632583503749,-0.027009222661396576,,,,1477.0,,,,,0.5531595238265932,Basic Materials,
5301,"Tokai Carbon Co., Ltd.",,,JP3560800009,0.02616,0.05545,0.09519,0.60975,0.055,0.7229420339879264,0.43160280771809484,0.3938690392285304,0.160288194682901,0.018799999999999997,5345428850.0,430469349376,23.923311,24.308731,1.3390524,0.02283653846153846,0.0761254425897825,0.07044025157232704,0.07449494949494949,0.21087080250426865,0.2690951821386604,-0.012925969447708578,0.1045828437132785,2127.5,,,1.0,Strong Buy,0.9841447914331686,Basic Materials,
5302,"Nippon Carbon Co., Ltd.",,,JP3690400001,0.035,0.1014,0.13948,0.16167,-0.449,-0.42463618769949985,-0.6042538264760487,-0.4491018596787828,-0.11081033262561928,0.039599999999999996,199980000.0,53200961536,14.285714,11.167624,1.0017474,-0.007858546168958742,-0.001976284584980237,0.0,0.00597609561752988,0.014056224899598393,0.18811881188118812,0.18811881188118812,0.18811881188118812,5050.0,,,,,1.2792080034213187,Basic Materials,
5310,"Toyo Tanso Co., Ltd.",,,JP3616000000,0.02553,0.097849995,0.09656999,0.0546,-0.24,0.030347438480796227,-0.24023766402948563,-0.10813571086248777,-0.25967149185468735,0.0199,681862500.0,152048041984,34.12889,15.811052,1.5584601,-0.002751031636863824,0.03571428571428571,0.01969057665260197,0.04316546762589928,-0.0054869684499314125,0.4068965517241379,-0.034482758620689655,0.18390800000000007,7250.0,,,1.7,Buy,2.1585464395411513,Industrials,
5332,TOTO LTD.,,,,0.04247,0.05519,0.04789,0.045410000000000006,0.125,0.1407814995321158,-0.293224121899323,-0.13042906901083196,-0.2990220592603909,0.021,5595063000.0,940339363840,23.528927,23.431545,1.7549556,0.0,0.010961810466760962,-0.009527108955482418,-0.01464759607099776,-0.12408088235294118,0.9412381951731374,0.031829310947883875,0.37329485834207765,5718.0,,,,,1.004156021295224,Industrials,
5333,NGK Corporation,,,JP3695200000,0.054619998,0.103819996,0.17721,0.28279,0.693,0.23898240939932167,-0.3488838861352967,-0.1690933543209022,-0.2843198470961903,0.0202,7378337630.0,1478068666368,25.510105,26.318163,1.8250737,0.014489953632148377,0.035700197238658776,0.04999000199960008,0.02199299338263916,-0.09026334026334026,0.6377832793753571,0.12740430394210628,0.3306309274423919,5251.0,,,,,0.9692965652655925,Industrials,
5334,"Niterra Co., Ltd.",,,JP3738600000,0.07361,0.24330999,0.2013,0.28507,3.112,0.15865398218681517,-0.10064802930219445,0.02158872506594307,-0.004963543544118225,0.014499999999999999,9430605720.0,1404984098816,12.658273,14.88094,1.6627704,0.0,-0.006058936931974662,0.0018043025676613463,-0.030620467365028204,-0.26120777891504604,0.8426156830146855,-0.38694929343308393,0.39214463840399,7218.0,,,2.3,Buy,0.8506366533296955,Consumer Cyclical,
5384,Fujimi Incorporated,,,JP3820900003,0.085880004,0.14571,0.23612,0.19731,0.81,0.26598563779755446,-0.35209325684624915,-0.21399866106513235,-0.19776409645333728,0.022799999999999997,1028092500.0,250368491520,27.623178,6.8939457,2.9410768,0.04489164086687306,0.046511627906976744,0.06299212598425197,0.007462686567164179,-0.15730337078651685,0.6296296296296297,-0.05185185185185185,0.3380740740740741,3375.0,,,2.4,Buy,4.006874901843222,Technology,
5393,Nichias Corporation,,,JP3660400007,,0.0,0.15479,0.04505,0.277,-0.06803445870576766,-0.14572278649840986,-0.16473945551053026,-0.18213329711129234,0.0179,1556930090.0,630531424256,20.283815,7.1870255,2.6038094,0.009314903846153846,0.023461304082876295,0.020352369380315916,0.008708708708708709,-0.06460595934280144,0.2801428996725216,0.1610598392378684,0.22655552247692765,3359.0,,,,,2.822282319716272,Industrials,
5401,Nippon Steel Corporation,,,,0.021140002,0.02651,0.0448,0.90107,,-0.2759987910467302,-0.33006631146990734,-0.40260440020075844,-0.031711506044496116,0.0345,21237260950.0,3632274079744,212.53822,1.2455643,0.64446014,-0.010816931184205429,0.025073746312684365,0.012529101515226154,0.028258580997234408,0.016825164594001463,0.35251798561151076,-0.3237410071942446,0.02478014388489215,695.0,,,2.2,Buy,170.63608839784504,Basic Materials,
5406,"Kobe Steel, Ltd.",,,JP3289800009,0.026349999,0.027509999,0.030840002,0.5539200000000001,,0.021199510237283,-0.30721863456423637,-0.3064224669531721,-0.270231196178536,0.0387,3047657690.0,818192318464,8.703151,7.4961047,0.6498973,-0.007673860911270983,0.024257425742574258,0.02375061850569025,0.016707616707616706,0.026035209521448055,0.22281295311744803,-0.21217979700338327,-0.011944997583373558,2069.0,,,3.1,Hold,1.1610231377904847,Basic Materials,
5408,"Nakayama Steel Works, Ltd.",,,JP3646400006,0.01538,0.02229,0.01585,0.07564,0.766,-0.24886409645058258,-0.41452852657789324,-0.4469635946625472,0.17499778516057599,0.0218,95542440.0,34806235136,14.125412,,0.31404224,-0.013824884792626729,-0.006191950464396285,0.009433962264150943,0.004694835680751174,-0.036036036036036036,,,,642.0,,,,,,Basic Materials,
5410,"Godo Steel, Ltd.",,,JP3307800007,0.01794,0.02987,0.00912,0.37788,-0.772,-0.11856744186046511,0.13075506445672186,0.16389192308484982,-0.19558123416391132,0.0332,259470900.0,43557056512,5.4764414,,0.31170142,-0.03365384615384615,-0.003305785123966942,-0.03054662379421222,-0.028985507246376812,0.050888811432554894,,,,3015.0,,,,,,Basic Materials,
5411,"JFE Holdings, Inc.",,,JP3386030005,0.00773,0.02056,0.01129,0.8568300000000001,3.32,0.02825259850349777,-0.4249527342620658,-0.40634365535774686,0.2622198531727764,0.0425,8865823050.0,1197844725760,17.953852,5.924737,0.45442852,-0.0063324538258575196,0.030933479332055844,0.03461538461538462,0.02896174863387978,0.013182674199623353,0.16834838024429102,-0.15029208709506106,-0.015164896441848081,1883.0,,,3.0,Hold,3.030320501990215,Basic Materials,
5423,"Tokyo Steel Manufacturing Co., Ltd.",,,JP3579800008,0.00029999999,0.03635,-0.031630002,,-0.492,0.12286649803396194,0.102724335990056,0.3385445828191844,-0.11537670661899563,0.0225,637619520.0,180434747392,15.772647,9.489207,0.8330046,-0.011686143572621035,0.013120365088419851,0.041031652989449004,0.043478260869565216,0.0136986301369863,0.12612612612612611,-0.23986486486486486,-0.06156159909909909,1776.0,,,3.0,Hold,1.6621670282880328,Basic Materials,
5440,Kyoei Steel Ltd.,,,JP3247400009,0.02769,0.02767,0.03907,0.39072,-0.288,-0.014081716225677313,-0.40852594853903185,-0.39065561416729466,-0.03982393315428235,0.0347,162388670.0,87656579072,8.888987,8.060906,0.41478723,-0.014655593551538837,0.014587525150905433,0.029606942317508933,0.012042147516307075,0.06550449022715267,0.06593951412989589,-0.10758552305404065,-0.033217649975210706,2017.0,,,,,1.1027280308193645,Basic Materials,
5444,"Yamato Kogyo Co., Ltd.",,,JP3940400009,0.0028799998,0.42876998,-0.01138,0.0008,1.149,0.0869281045751634,-0.14852739038440751,0.20901677711808025,0.09229843561973516,0.0319,1891911450.0,749593952256,12.23986,14.239016,1.3706762,0.0011971268954509178,0.035920726672171756,0.024081632653061225,0.030390143737166326,-0.0693620178041543,0.1717815862893583,0.0840972499003587,0.12594659226783578,12545.0,,,,,0.8596001296718818,Basic Materials,
5445,"Tokyo Tekko Co., Ltd.",,,JP3584600005,0.08489,0.099309996,0.12663001,0.15018,-0.318,-0.2844368040879412,-0.2554640775849815,-0.1928877739546079,-0.24409720270548774,0.048499999999999995,161710000.0,51574390784,6.5274568,7.9906907,0.8180989,-0.006271104679208876,0.006350757205666829,0.018793273986152326,0.021825396825396824,0.05586878523833931,,,,2060.0,,,,,0.8168826757366544,Basic Materials,
5449,"Osaka Steel Co., Ltd.",,,JP3184600009,0.00014,-0.21049999,-0.00865,0.10114000000000001,,-0.2287390029325513,-0.4015252556342122,-0.44046424090338765,-0.3767086330935252,0.013999999999999999,54446860.0,76621381632,,,0.62997043,-0.00039032006245121,0.003920031360250882,-0.015,0.004313725490196078,-0.07778177889809147,,,,2561.0,,,,,,Basic Materials,
5451,"Yodoko, Ltd.",,,JP3959400007,0.02791,0.091239996,0.07482,,0.101,0.21031363278171794,-0.137065569157169,-0.14052486864672092,-0.08497097767796875,0.0433,314887420.0,205276577792,11.918822,,1.040634,-0.0013937282229965157,0.009154929577464789,0.013437057991513438,0.019203413940256046,0.027977044476327116,,,,1433.0,,,,,,Basic Materials,
5461,"Chubu Steel Plate Co., Ltd.",,,JP3524600008,0.00205,0.01506,-0.020599999,,,2.272165639948458,-0.18214033471518495,-0.16096558808423214,0.07831341797361217,0.0529,210657140.0,56589324288,45.45068,6.7959313,0.7837781,-0.03563373928732522,-0.017463235294117647,0.001405152224824356,0.0018744142455482662,0.0195517405817835,,,,2138.0,,,,,6.6879251707562135,Basic Materials,
5463,Maruichi Steel Tube Ltd.,,,JP3871200006,0.05144,0.11225,0.14155,0.01202,0.361,0.044227433093581243,-0.2724987080161503,-0.26358128225830707,-0.09576205706014103,0.029900000000000003,1034496320.0,383922438144,14.749787,6.2984424,1.09289,-0.007986309184255563,0.0136986301369863,0.013108068744538305,0.0017281105990783411,-0.05821825074465205,0.15008625646923518,0.06382978723404255,0.10216595744680852,1739.0,,,,,2.3418150176303905,Basic Materials,
5464,Mory Industries Inc.,,,JP3924000007,0.03991,0.07935,0.115550004,0.03325,0.107,0.07895769562828671,-0.05327395678706906,0.08485057868371047,-0.056274236078796294,0.0362,21789200.0,35697659904,10.638298,,0.6060735,0.0,0.007502679528403001,0.028446389496717725,0.016216216216216217,0.0,,,,940.0,,,,,,Basic Materials,
5471,"Daido Steel Co., Ltd.",,,JP3491000000,0.03427,0.058819998,0.08019,0.39527,0.455,-0.1180056416677897,-0.3423912589137177,-0.2684097952769654,-0.2298439721714403,0.021400000000000002,2253032370.0,486544080896,15.060316,16.55334,1.0049332,0.0010279605263157894,0.04417756808921295,0.05252918287937743,0.020540767134772583,0.058478260869565216,0.3144382830149928,-0.527623742041487,0.054015198192647364,2434.5,,,2.2,Buy,0.9098052719269949,Basic Materials,
5480,"Nippon Yakin Kogyo Co., Ltd.",,,JP3752600001,0.03499,0.051939998,0.1112,0.78185,0.403,-0.04745267292366018,-0.43885399760073396,-0.3244267585470603,0.16010684619506949,0.039900000000000005,288420000.0,76472713216,10.615793,4.630096,0.7449232,-0.0036101083032490976,0.029850746268656716,0.049429657794676805,0.03564727954971857,-0.029876977152899824,-0.07608695652173914,-0.07608695652173914,-0.07608695652173914,5520.0,,,,,2.2927803224814345,Basic Materials,
5482,Aichi Steel Corporation,,,JP3103600007,0.027880002,0.03491,0.053489998,0.27275,-0.026,0.42883825573867923,-0.38235519838615956,-0.30281647178444326,-0.24118772494790683,0.0223,494254600.0,207517171712,18.939838,7.947835,0.87682843,-0.013740458015267175,0.025396825396825397,0.03691813804173355,0.028662420382165606,0.010954616588419406,,,,3230.0,,,,,2.383018520137874,Basic Materials,
5541,"Pacific Metals Co., Ltd.",,,JP3448000004,-0.02735,0.51537,-0.35951,,,-0.17720906313337573,-0.35731887629374076,-0.2725840302218204,0.1499155489319423,0.0487,583886310.0,46372622336,18.248375,-65.04878,0.7514727,-0.0003748125937031484,0.010227272727272727,0.014068441064638783,0.006035458317615994,0.0508274231678487,,,,2667.0,,,,,,Basic Materials,
5563,"Nippon Denko Co., Ltd.",,,JP3734600004,0.05534,-0.02231,0.16795,0.21642,,-0.2833469837018933,-0.5365933452649,-0.4282150027377259,-0.2561576644276089,0.0387,201575630.0,54821294080,,9.56427,0.8012002,0.009195402298850575,0.0477326968973747,0.05275779376498801,0.03051643192488263,0.020930232558139535,,,,439.0,,,,,,Basic Materials,
5602,"Kurimoto,Ltd.",,,JP3270800000,0.03662,0.05723,0.06323,0.19211999999999999,0.464,3.5863320823214853,-0.3715735804644696,-0.29826344215936623,0.6080164641317131,0.0379,509208480.0,94467596288,14.347826,,1.0165818,-0.04979004199160168,-0.025830258302583026,-0.02040816326530612,-0.04,-0.07042253521126761,,,,1584.0,,,,,,Basic Materials,
5631,"The Japan Steel Works, Ltd.",,,JP3721400004,0.03951,0.07831,0.100839995,0.39917,0.354,0.08706880507754267,0.27077027537500054,0.452701005435315,-0.1008047492426543,0.0124,8211474910.0,544057229312,28.248737,26.546225,2.5448885,-0.008318797799543807,0.028098483794686328,0.0610106230261269,0.010804157549234136,-0.044843628844662704,0.6844811256934109,0.4477066702746584,0.565417399539981,7391.0,,,,,1.064133864607868,Industrials,
5632,"Mitsubishi Steel Mfg. Co., Ltd.",,,JP3900800008,0.024319999,0.02484,0.03451,0.80254,,0.20412201707165736,1.0632201032975765,0.8393892410652956,0.8787919175963408,0.0406,364404690.0,38725148672,12.674454,9.380953,0.7942642,-0.008133230054221533,0.04701553556827474,0.10913815504547424,0.12869105332745703,0.11009969657563935,,,,2561.0,,,,,1.3510838397761935,Basic Materials,
5659,"Nippon Seisen Co.,Ltd.",,,JP3721800005,0.0374,0.052010003,0.0664,0.01359,1.013,-0.25851213550282703,-0.4603392356612386,-0.4689946377224568,-0.473209994278085,0.0326,61578540.0,43397214208,20.20303,2.5124466,1.0196939,-0.006329113924050633,0.0420353982300885,0.0420353982300885,0.027636363636363636,0.02988338192419825,,,,1413.0,,,,,8.041177870208266,Industrials,
5698,Envipro Holdings Inc.,,,JP3169750001,0.06008,0.05454,0.08902001,0.35372,4.081,-0.3637504988692298,-0.5268842871635734,-0.40081088196577447,0.33561522670415905,0.029500000000000002,93697600.0,21265264640,8.756896,14.075472,1.114644,0.006747638326585695,0.014965986394557823,0.043356643356643354,0.012211668928086838,-0.1254396248534584,,,,746.0,,,,,0.6221387105171322,Industrials,
5702,"Daiki Aluminium Industry Co., Ltd.",,,JP3480600000,,0.0,0.03835,1.11859,2.577,-0.31346923060469295,-0.33455540971864556,-0.28385915894511765,0.013685794205502321,0.0499,408852090.0,71586242560,19.761852,9.324742,0.9129489,0.00221606648199446,0.04265129682997118,0.045060658578856154,-0.0005524861878453039,0.0005530973451327434,,,,1809.0,,,,,2.1192920940868927,Basic Materials,
5703,"Nippon Light Metal Holdings Company, Ltd.",,,JP3700200003,0.0353,0.0,0.06357,0.63837,,-0.17711481802190382,-0.33134391223982873,-0.23386252026735416,-0.37336391272605407,0.0364,749503600.0,186005274624,11.918857,12.339625,0.73401505,0.001658374792703151,0.0363761153054221,0.03815744242007563,0.015126050420168067,0.02861035422343324,0.059602649006622516,-0.10596026490066225,-0.006622516556291391,3020.0,,,3.0,Hold,0.9659010707375629,Basic Materials,
5706,"Mitsui Kinzoku Company, Limited",,,,0.13044,0.14418,0.10431,0.2779,,0.7232653522600206,-0.19061951138856156,-0.0954644593477969,0.30335388360168386,0.0012,36657551300.0,1304267587584,14.285714,37.898186,3.0897138,0.0734636213797975,-0.0004385003288752467,-0.01914802065404475,-0.1299618320610687,-0.28698780106349703,2.022592673831981,0.40381662645316957,1.1855670103092784,22795.0,,,1.3,Strong Buy,0.3769498096821837,Industrials,
5707,"Toho Zinc Co., Ltd.",,,JP3599000001,0.04517,0.047399998,-0.00804,4.07473,,-0.2631501403352823,-0.4566326358704808,-0.3643011848643139,1.797250826250052,,509443340.0,37088182272,6.9784126,-13.220109,0.96518105,0.00933609958506224,0.027455121436114043,0.0041279669762641896,-0.06889952153110047,0.02962962962962963,,,,973.0,,,,,,Basic Materials,
5711,Mitsubishi Materials Corporation,,,JP3903000002,0.022030002,0.04773,0.05527,0.889,,0.17436919858805078,-0.3637403182650331,-0.30202688360990587,0.9454951018643194,0.0223,8863561000.0,678738591744,16.722473,15.452354,0.87596613,0.03486750348675035,0.04908099373863866,0.03424930306650737,-0.03564797623468251,0.16535786403410366,0.241817481709665,-0.07585675779745861,0.09549480169426261,5194.0,,,2.6,Hold,1.082195825956356,Basic Materials,
5713,"Sumitomo Metal Mining Co., Ltd.",,,JP3402600005,0.04837,0.12449,0.16359,0.30335,2.257,-0.07672398143105377,-0.3588393256964147,-0.29251610599866584,0.22361572067455807,0.0216,23748328100.0,2580167000064,14.792808,23.633278,1.2113944,0.03023156089193825,0.015748863756473944,0.013285533530156053,-0.07328833172613308,0.05743838028169014,0.9562955254942768,-0.04266389177939646,0.23621227887617066,9610.0,,,2.4,Buy,0.6259312821522263,Basic Materials,
5714,"Dowa Holdings Co., Ltd.",,,JP3638600001,0.04519,0.094799995,0.097670004,0.24034,2.689,-0.025118680447456646,-0.36178613845106095,-0.32893491022985955,0.23976185747248208,0.037200000000000004,3719127400.0,537953566720,8.665536,18.816593,1.1681895,0.01893345283441631,0.019504539849792623,0.023635340461451885,-0.03817681895093063,0.02110699449870888,0.3963716327652556,-0.057724024189114896,0.1461556899395272,9095.0,,,2.9,Hold,0.4605263025033277,Basic Materials,
5715,"Furukawa Co.,Ltd.",,,JP3826800009,0.027780002,0.06473,0.06476,0.47203,0.775,-0.10999566830958707,-0.3629224275002623,-0.2940181600478946,0.2698145063358569,0.0189,928824000.0,134228738048,10.989154,32.828285,0.8515606,0.031746031746031744,0.06826801517067003,0.04449938195302843,-0.03538812785388128,0.08333333333333333,,,,4225.0,,,,,0.33474651508599973,Basic Materials,
5726,"OSAKA Titanium technologies Co.,Ltd.",,,JP3407200009,0.036530003,0.06704,0.101110004,1.15203,3.041,0.3500352030039897,0.4602665225071864,0.1478921234543861,0.2661243858017277,0.0054,1903183380.0,106079707136,34.6,6.6520185,1.9975736,0.0074875207986688855,0.0074875207986688855,-0.0350597609561753,-0.09118198874296435,-0.23836477987421384,0.6515276630883567,0.1147811725846408,0.3831544178364988,2422.0,,,,,5.201428709195563,Basic Materials,
5741,UACJ Corporation,,,JP3826900007,0.06785,0.05663,0.14137,0.99322,26.346,0.3300140445177306,-0.44996772743584373,-0.2749884786044829,0.14903188428439373,0.0311,1667068090.0,407586766848,Infinity,4.0351353,1.0699615,0.011685393258426966,0.025979945305378303,0.040203327171903884,-0.004422821760283061,-0.028904227782571183,0.799200355397601,0.19946690359840072,0.4223308307418926,2251.0,,,2.2,Buy,,Basic Materials,
5757,"CK SAN-ETSU Co., Ltd.",,,JP3325100000,0.105299994,0.020179998,0.11457,0.38439,-0.146,-0.056184159188451,-0.06303353138018171,-0.15979814970563494,0.04761517615176137,0.020099999999999996,41209500.0,41032065024,11.49412,,0.73231006,0.0010080645161290322,0.014300306435137897,0.032224532224532226,0.025826446280991736,-0.06320754716981132,,,,4965.0,,,,,,Industrials,
5801,"Furukawa Electric Co., Ltd.",,,JP3827200001,0.048010003,0.064959995,0.06971,0.77557,3.319,-0.15910847071460196,-0.16357330723672442,-0.13618197714535205,0.44555639050269125,0.005600000000000001,87812836340.0,2744339660800,37.877464,13.154168,6.2803173,0.03667286739303747,0.04893788652863673,-0.02009545340366742,-0.05521918139985468,-0.0020465592223074956,1.6916175339656498,-0.21558574724429633,0.5739553960522943,3901.0,,,1.8,Buy,2.879502831345928,Industrials,
5802,"Sumitomo Electric Industries, Ltd.",,,JP3407400005,0.05909,0.075729996,0.07294,0.25196999999999997,0.891,-0.10654505188179522,-0.2292035450158728,-0.22621531712323376,-0.15798052942211324,0.0187,36815383725.0,6490493026304,17.57476,9.412749,2.2894514,0.01364190012180268,0.04285714285714286,0.001444043321299639,-0.04978305549212149,-0.03613620569840167,1.547464551790435,0.24969959144436432,0.6569443403028118,2080.5,,,1.5,Buy,1.8671229839444354,Consumer Cyclical,
5803,Fujikura Ltd.,,,JP3811000003,0.16904,0.15669,0.26076,0.18072,,-0.232006597146108,-0.4110265318054286,-0.3561893385097805,0.24807053761575604,0.0077,173174361680.0,8199029653504,52.082455,16.35187,13.47571,0.017464557222108074,0.04384485666104553,-0.00602167804094741,-0.0984889859821591,0.07745865970409051,1.362681744749596,-0.29321486268174474,0.4845853190630049,4952.0,,,1.8,Buy,3.185106963301445,Industrials,
5805,SWCC Corporation,,,JP3368400002,0.097449996,0.07339,0.11468001,0.41418,0.884,-0.28380287746802474,-0.44412204640282515,-0.3765038163970786,-0.007212412522102933,0.0052,3603932800.0,388723179520,20.618557,30.458502,3.843649,0.015479876160990712,0.015479876160990712,-0.03529411764705882,-0.10504774897680765,0.09698996655518395,0.524390243902439,0.2423780487804878,0.3597560975609756,13120.0,,,1.2,Strong Buy,0.6769392992472184,Industrials,
5821,Hirakawa Hewtech Corp.,,,JP3795080005,0.05604,0.040149998,0.107370004,0.10468999999999999,0.022,-0.29954786274999307,-0.38824113597081766,-0.35994593641652467,-0.2939537934786086,0.0182,127192950.0,49668108288,30.212767,21.371237,1.1196171,0.02403846153846154,0.028985507246376812,0.04411764705882353,0.025682182985553772,-0.07792207792207792,,,,3195.0,,,,,1.4137116630169793,Industrials,
5830,"Iyogin Holdings, Inc.",,,JP3149700001,0.00727,0.31601998,0.49783,,-0.191,0.33577858190573706,-0.3030646666188186,-0.09753047546219248,-0.005014432420352586,0.0209,3799371040.0,1094177456128,15.060027,26.77397,1.1900378,-0.00494148244473342,-0.0007834943849569079,0.002620545073375262,0.028218220908357967,0.039956509921174235,0.045478306325143755,0.006272869837950863,0.02587558808154731,3826.0,,,3.0,Hold,0.5624876325774624,Financial Services,
5831,"Shizuoka Financial Group,Inc.",,,JP3351500008,0.0062800003,0.26049,0.41554,,0.481,0.09742229139029386,-0.19317875068951895,-0.11749672944111471,0.08259512036124278,0.031,6121310940.0,1826291318784,20.833582,27.896378,1.4483404,-0.003996574364830145,-0.006831767719897523,-0.017459870459025625,0.014244186046511629,0.06795224977043159,0.2238463743192892,-0.005445686443106907,0.08504282029234733,3489.0,,,1.9,Buy,0.7468203219787172,Financial Services,
5832,"Chugin Financial Group,Inc.",,,JP3520700000,0.00386,0.20126,0.22551,,0.413,1.0225996862874596,-0.19871280895006752,0.174955375532061,-0.07720448326172759,0.0279,1474568040.0,649202237440,16.393589,24.559517,0.9644296,0.005783530707793996,0.017270194986072424,0.04104903078677309,0.0722254844392249,0.07506623491315867,0.29791894852135814,0.09529025191675794,0.19660460021905804,3652.0,,,2.5,Buy,0.6675045360216163,Financial Services,
5838,"Rakuten Bank, Ltd.",,,JP3967220009,0.00479,0.37164003,0.51132,,0.245,0.07796087021456656,-0.2804956321968741,-0.2067671121072166,0.09530193279465234,,6029949250.0,1077602484224,14.770961,20.623894,2.7376792,-0.00032378177108628785,-0.032586558044806514,-0.034552845528455285,-0.025410353535353536,0.11865942028985507,0.24696356275303644,-0.10931174089068826,0.07067671255060735,6175.0,,,2.3,Buy,0.7162062120761482,Financial Services,
5844,"Kyoto Financial Group,Inc.",,,JP3252200005,0.00861,0.31151,0.52307,,0.584,0.1322764464960104,-0.31655377552580216,-0.17086398350747314,-0.12847927792506883,0.0226,4341200400.0,1364399620096,14.367918,35.003593,0.99327964,-0.002662843097091356,0.011214953271028037,0.011214953271028037,0.024405638544077426,0.05161987041036717,0.1501334976381187,-0.05524748408297392,0.04230848223454508,4869.0,,,2.3,Buy,0.4104698051997119,Financial Services,
5851,Ryobi Limited,,,JP3975800008,0.02099,0.03447,0.01922,0.35046999999999995,-0.507,0.41576659813132766,-0.01681712122664978,0.033587133202155846,-0.02717509551534777,0.0395,362212530.0,86340485120,8.143245,9.30494,0.4627307,-0.015146051208077894,0.023229674035219184,0.0395888846593072,0.014110657259561827,0.0,,,,2731.0,,,0.0,Strong Buy,0.8751528757842608,Industrials,
5857,"ARE Holdings, Inc.",,,JP3116700000,0.04581,0.046690002,0.059520002,1.12971,1.314,0.07585155458962496,-0.4314005913227563,-0.4346183949693141,0.08927742488678192,0.0364,1874841150.0,318424449024,12.903112,20.721476,1.4157231,0.02066115702479339,0.03927068723702665,0.04219409282700422,-0.012,0.0708092485549133,0.7273954116059379,0.7273954116059379,0.7273954116059379,3705.0,,,,,0.6226927077974561,Industrials,
5901,"Toyo Seikan Group Holdings, Ltd.",,,JP3613400005,0.02922,0.0543,0.07598,0.28114,-0.039,1.924881966022356,0.1545938225316907,0.2577941971526401,0.18930189301893022,0.040999999999999995,1507494240.0,683054923776,12.547024,-43.4067,0.96232855,-0.025982392097917115,0.004651162790697674,0.00420633163604162,0.007552199022656597,0.06729411764705882,,,,4536.0,,,,,,Consumer Cyclical,
5911,Yokogawa Bridge Holdings Corp.,,,JP3955200005,0.03665,0.0552,0.027520001,0.43093000000000004,-0.418,0.4895565769906719,-0.30064225062384226,-0.22523227383863081,-0.2373681187460322,0.0431,285279300.0,119831756800,13.811902,9.310441,0.898925,-0.008223684210526315,0.016520566419420093,0.02030456852791878,0.013445378151260505,0.027607361963190184,-0.1011608623548922,-0.1011608623548922,-0.1011608623548922,3015.0,,,,,1.4834852613318745,Industrials,
5929,Sanwa Holdings Corporation,,,JP3344400001,0.09222,0.08693,0.04188,0.12574,-0.316,0.8020739840653955,-0.29662192368092255,-0.045040398210936354,-0.10358014111919547,0.0382,2260947140.0,717451755520,12.285004,15.040243,2.1324344,-0.0150997150997151,0.0034833091436865023,0.02673002673002673,-0.004606968039159228,-0.048968363136176064,0.6777552791437663,0.04136534567544113,0.28930951692218687,3457.0,,,2.3,Buy,0.8168088773565694,Industrials,
5930,"Bunka Shutter Co., Ltd.",,,JP3831600006,0.04774,0.0523,-0.00223,0.12298,,0.5928326116171421,-0.39809077550684885,-0.30117647058823527,0.26643670231114186,0.038599999999999995,173910240.0,134839140352,10.706507,25.323647,1.1527568,-0.0026014568158168575,0.01751592356687898,0.026231263383297645,0.01589825119236884,0.05619834710743802,,,,1917.0,,,,,0.42278693112409915,Industrials,
5938,LIXIL Corporation,,,JP3626800001,0.01129,0.00364,0.00465,1.07898,,0.918044190941107,-0.26925753062676394,-0.1253297456403518,-0.21605664383065049,0.052000000000000005,3450329300.0,497535975424,60.979908,21.514736,0.76157206,-0.015367103016505406,-0.004029936672423719,0.007571345369831101,-0.0017311021350259665,-0.029453015427769985,0.27167630057803466,-0.07514450867052024,0.08742774566473989,1730.0,,,,,2.834332152623207,Industrials,
5943,Noritz Corporation,,,JP3759400009,0.01265,0.03521,0.0032300001,0.0519,,0.8133533167717165,-0.0511819234392642,-0.036865761756747696,0.05226190986664376,0.0421,182793380.0,101822873600,14.265636,32.189705,0.71484524,-0.0035698348951361,0.002694207453973956,0.005402971634398919,-0.004014272970561998,-0.05661174482467258,-0.14912673533363188,-0.14912673533363188,-0.14912673533363188,2233.0,,,,,0.4431738656815899,Industrials,
5946,"Chofu Seisakusho Co., Ltd.",,,JP3527800001,0.00927,0.06522,0.0023,0.00021,,0.893709282542844,-0.5676792550293304,-0.49083166768054226,-0.49602495712466993,0.0232,116640060.0,67424886784,22.220978,16.16137,0.48235407,-0.01245019920318725,-0.008995502248875561,-0.008995502248875561,-0.0080040020010005,-0.05300859598853868,,,,1983.0,,,,,1.3749439558651275,Consumer Cyclical,
5947,Rinnai Corporation,,,JP3977400005,0.05098,0.07538,0.080749996,0.020550000000000002,0.036,1.0506856703022815,-0.39151059013509815,-0.18596356879416645,0.05032193452055789,0.031400000000000004,1070981780.0,466261082112,12.986963,14.796477,1.0648146,-0.03514285714285714,-0.024270442068766253,-0.016025641025641024,-0.02398843930635838,-0.06090100111234705,0.48060408646727865,0.2140953509031685,0.2907166123778502,3377.0,,,2.0,Buy,0.8777064297129648,Consumer Cyclical,
5949,Unipres Corporation,,,JP3952550006,0.027390001,-0.02908,0.03635,0.28212,-0.549,-0.0015709131880870264,0.00036526344626069523,0.044544514810546144,0.08512429001770645,0.053,222496030.0,59179065344,,7.9732018,0.44704816,-0.01344286781179985,0.00532724505327245,0.0328381548084441,0.017719568567026195,-0.011967090501121914,-0.24299772899318697,-0.24299772899318697,-0.24299772899318697,1321.0,,,5.0,Sell,,Consumer Cyclical,
5959,"Okabe Co., Ltd.",,,JP3192000002,0.03063,0.04236,0.07058,0.10487,-0.033,-0.40047040664449385,-0.5067521689928329,-0.3021557963926601,-0.2258669755129054,0.0337,65284000.0,41913233408,12.360135,11.323004,0.665267,-0.0041928721174004195,0.010638297872340425,0.021505376344086023,0.017130620985010708,0.03373231773667029,,,,950.0,,,,,1.091595039620228,Industrials,
5970,G-Tekt Corporation,,,JP3236750000,0.03227,0.0436,0.05767,0.24181,0.857,-0.19753124281223644,-0.3825779777274383,-0.2599806661969754,0.03286285206800302,0.0431,223025240.0,97441447936,7.2410283,8.172352,0.4281296,-0.0026292725679228747,0.025225225225225224,0.037374658158614404,0.050784856879039705,0.051756007393715345,-0.02899824253075571,-0.02899824253075571,-0.02899824253075571,2276.0,,,,,0.8860396982410939,Consumer Cyclical,
5975,Topre Corporation,,,JP3598200008,0.05094,0.05899,0.0675,0.17169,2.292,0.6878592814371257,-0.32447091793734256,-0.24401729937530034,0.9556003077340817,0.029300000000000003,338783500.0,164940857344,9.107419,9.364273,0.66643035,0.0,0.046012269938650305,0.047619047619047616,0.06396255850234009,0.14660390047074648,0.26099706744868034,0.26099706744868034,0.26099706744868034,3410.0,,,,,0.9725708552068056,Consumer Cyclical,
5976,"Neturen Co., Ltd.",,,JP3288200003,0.01749,0.030380001,0.0461,0.17384,3.404,0.7775883824408385,-0.16507473962549246,-0.18685074982147104,0.31563267652746557,0.048600000000000004,104617840.0,47236079616,37.314186,18.987179,0.8295524,-0.008701472556894244,0.008168822328114363,0.024204702627939143,0.012303485987696514,0.058613295210864905,,,,1481.0,,,,,1.9652306432672277,Basic Materials,
5988,"PIOLAX, Inc.",,,JP3780400002,0.0086900005,-0.00037999998,0.017,0.36713999999999997,0.115,-0.014942816595709086,-0.2524581624015107,-0.25165695922876075,-0.12467191601049865,0.054400000000000004,111590700.0,40628592640,,12.630792,0.6343308,-0.013426736719206071,-0.0041249263406010605,0.007751937984496124,0.014405762304921969,-0.02085747392815759,-0.11242603550295859,-0.11242603550295859,-0.11242603550295859,1690.0,,,,,,Consumer Cyclical,
5991,"NHK Spring Co., Ltd.",,,JP3742600004,0.04212,0.041550003,0.066420004,0.12699,0.755,0.7480245649481998,-0.42531902256782017,-0.25877450359207305,-0.2476154363994712,0.0213,2184717920.0,686392672256,24.631042,17.850368,1.5135047,0.025734181047532546,0.0427823945829486,0.02635564980308997,0.018947368421052633,-0.07279693486590039,0.4167650531286895,0.2396694214876033,0.326741440377804,3388.0,,,1.8,Buy,1.3798618605509982,Consumer Cyclical,
5992,"Chuo Spring Co.,Ltd.",,,JP3517800003,0.00985,0.108950004,0.00087,0.26156,-0.333,-0.5509103427172583,-0.6582794526239257,-0.6282345493392418,-0.5207868489806816,0.0241,71487900.0,94211792896,7.5873,51.731304,1.0882173,0.0,0.010825439783491205,0.017711171662125342,0.017711171662125342,0.004032258064516129,,,,3735.0,,,,,0.14666748010063693,Consumer Cyclical,
6013,"Takuma Co., Ltd.",,,JP3462600002,0.06219,0.08708,0.08106,0.00209,1.548,0.265484356700686,-0.035349180933612515,0.049004653211817524,0.0244651216220097,0.0356,613302300.0,217707151360,16.366877,24.298317,1.9869739,-0.014634146341463415,0.01,0.03696098562628337,0.02157788267026298,-0.10487444608567208,0.38613861386138615,-0.24092409240924093,0.12376237623762376,3030.0,,,2.5,Buy,0.6735806846210788,Industrials,
6016,Japan Engine Corporation,,,JP3291000002,0.02104,0.04163,0.06992,0.57704,0.276,-0.04475068237800414,0.32933972310969123,0.10253565768621237,0.043564255916122126,0.008,1613414700.0,104879046656,22.026587,,15.738284,0.012135922330097087,0.0897212543554007,0.15512465373961218,0.06831767719897523,0.2739307535641548,,,,12510.0,,,,,,Industrials,
6036,"KeePer Technical Laboratory Co., Ltd.",,,JP3236320002,0.14813,0.37867,0.248,0.051710000000000006,0.055,-0.484232621311273,-0.1304085632443841,-0.03484787345654106,0.6252993433758209,0.027999999999999997,554492400.0,97429274624,9.910886,15.34362,3.8830938,-0.017881705639614855,-0.005571030640668524,0.014204545454545454,-0.017881705639614855,0.2552742616033755,0.3081232492997199,0.3081232492997199,0.3081232492997199,3570.0,,,2.0,Buy,0.6459287964639374,Basic Materials,
6055,"JAPAN MATERIAL Co., Ltd.",,,JP3389680004,0.14579001,0.19389,0.29692,0.00214,0.551,-0.20008109509396835,-0.3078254075852799,-0.30113330754059997,-0.3617773249019961,0.0159,1284360350.0,225589297152,21.275564,20.83729,3.5841942,0.03635505193578848,0.03684459140292867,0.05124521072796935,0.02426504899673355,-0.07266582171525138,0.45785876993166286,0.09339407744874716,0.1845102505694761,2195.0,,,2.0,Buy,1.0210331573827498,Industrials,
6058,Vector Inc.,,,JP3835500004,0.13976,0.09601,0.18735,0.3144,1.587,-0.2236787915593436,-0.38226484940265865,-0.3120066528313515,-0.10500132191556767,0.0181,858218880.0,93058408448,18.215204,17.94663,4.1775193,0.006085192697768763,0.006085192697768763,0.05531914893617021,0.026915113871635612,0.08415300546448087,,,,1984.0,,,,,1.014965149445885,Communication Services,
6088,SIGMAXYZ Holdings Inc.,,,JP3348950001,,0.16112,0.21858,0.39273,-0.184,0.15856007748461973,-0.4756221694425185,-0.3779789365060095,-0.05056528911516251,0.044500000000000005,246891840.0,47015710720,12.256033,4.877641,3.6431918,0.013888888888888888,0.02097902097902098,0.05415162454873646,0.06764168190127971,0.11663479923518165,0.13013698630136986,0.0958904109589041,0.11301369863013698,584.0,,,2.0,Buy,2.5126968138901575,Industrials,
6098,"Recruit Holdings Co., Ltd.",,,JP3970300004,0.17828,0.14974,0.24433,0.10003000000000001,0.737,0.13278322009796178,0.06834581095789757,0.12312170565048396,0.09309516695353817,0.0015,79199280000.0,24096888848384,50.0,57.330734,13.610426,-0.005445686443106907,0.02997922232116355,0.11935483870967742,0.13361646520744855,0.3507201245620864,0.23919308357348704,-0.30835734870317005,0.030619596541786743,17350.0,,,1.4,Strong Buy,0.8721325633123762,Communication Services,
6103,Okuma Corporation,,,,0.03551,0.06633,0.08477,0.09472,2.629,-0.07682763852406421,-0.4021913698805539,-0.2814018903591683,-0.15107980407953112,0.0268,1797249500.0,260537843712,21.505117,16.176842,1.043486,-0.0011160714285714285,0.03587962962962963,0.03348729792147806,0.03348729792147806,-0.18931159420289856,0.31843575418994413,-0.15083798882681565,0.0735195530726257,4475.0,,,2.8,Hold,1.3293767102380054,Industrials,
6113,"Amada Co., Ltd.",,,,,0.07236,0.074149996,0.1489,1.082,-0.07231687232871419,0.03515041538594471,0.32610383161730605,-0.006552684171650633,0.0265,6153829125.0,737530150912,24.450188,18.816784,1.3998629,-0.010053344275748872,0.03696539866752633,0.0316442163780201,-0.008425811755034936,-0.1792821908487838,0.5709844559585492,0.03626943005181347,0.31991112953367884,2412.5,,,1.9,Buy,1.2993818709934706,Industrials,
6135,"Makino Milling Machine Co., Ltd.",,,JP3862800004,0.045500003,0.0922,0.1088,0.19934000000000002,3.539,-0.4554269762939788,-0.5458963713139933,-0.4210668172133088,-0.40188674845996375,0.004699999999999999,1765078000.0,353767817216,16.920456,27.66597,1.3246106,0.0013183915622940012,0.017414601473543203,0.04183813443072702,0.029132791327913278,0.007962840079628402,0.4219881500987492,0.32323897300855825,0.3726135615536537,15190.0,,,1.0,Strong Buy,0.6115981474714243,Industrials,
6146,Disco Corporation,,,,0.18101,0.31645,0.42685002,,0.435,-0.10984434314478014,-0.2409072417114697,-0.23295897241451044,-0.2747084521459384,0.0104,70589820400.0,5685878194176,42.016674,38.517498,9.766715,0.036173156750345915,0.019844357976653695,0.008464794151596768,-0.021832431423773092,-0.148887806462088,1.0030522701259061,0.2018313620755437,0.5858450972911102,52420.0,,,1.8,Buy,1.0908463992131576,Technology,
6178,"Japan Post Holdings Co., Ltd.",,,JP3752900005,0.00287,0.03766,0.1033,,0.978,0.6864950131305556,-0.1861118680400384,-0.18421143347998659,-0.10865452758478285,0.023700000000000002,11374028025.0,6911176998912,19.568752,20.304466,0.69555175,-0.004725339633786178,0.01894779278371296,0.023693803159173753,0.053125,0.055323590814196244,0.17507418397626112,-0.3867457962413452,-0.011374876360039565,2527.5,,,1.9,Buy,0.9637659025359248,Financial Services,
6196,"Strike Group Co., Ltd.",,,JP3399780000,0.1892,0.24104,0.38709,,0.397,0.45114235096518873,-0.06423570003044346,-0.04518313358008243,0.21614037275255701,0.0447,558693030.0,83704840192,17.330631,4.0822635,3.9039307,0.011838440111420613,0.029766123316796598,0.04232424677187949,0.04008589835361489,0.10410334346504559,0.16999311768754302,0.03234686854783207,0.10116999311768754,1453.0,,,2.0,Buy,4.245348444557781,Financial Services,
6200,"Insource Co., Ltd.",,,JP3152670000,0.24851,0.27887,0.37449002,,0.128,-0.4996783750237821,-0.5487414234827748,-0.4840104799513974,-0.5153583762175723,0.0408,231764880.0,58803560448,14.491882,12.560806,4.4985347,-0.013642564802182811,0.0013850415512465374,0.03730272596843615,0.02553191489361702,0.006963788300835654,0.5214384508990318,-0.017980636237897647,0.2517289073305671,723.0,,,,,1.1537382234866138,Consumer Defensive,
6238,FURYU Corporation,,,JP3826770004,0.08248,0.04882,0.08934,,0.471,-0.11788780862650766,-0.2965376970369342,0.11920502940580009,0.2249179417260011,0.027000000000000003,169803990.0,39173890048,19.010283,13.280057,1.6850898,0.005438477226376614,0.013708019191226868,0.03138075313807531,0.06326383896477354,0.056428571428571425,0.21703853955375255,0.21703853955375255,0.21703853955375255,1479.0,,,,,1.4314910696542946,Consumer Cyclical,
6247,"Hisaka Works, Ltd.",,,JP3784200002,0.026600001,0.08161,0.07825,0.07122,0.524,0.6552346570397112,-0.0644477285870333,0.28768661827146963,0.10645626927366975,0.0326,120089340.0,45199233024,13.209867,33.67287,0.7052464,-0.02218430034129693,0.0023323615160349854,0.034918723660445516,0.0017482517482517483,-0.023295454545454546,,,,1719.0,,,,,0.3923000029400523,Industrials,
6250,Yamabiko Corporation,,,JP3943000004,0.08495,0.099259995,0.17615,0.15279,0.592,-0.029302497627816514,-0.2969082028859741,0.037147238723096776,0.3835333985011403,0.024900000000000002,529097250.0,181107638272,9.775117,13.46622,1.3748188,-0.006734006734006734,0.021939953810623556,0.027874564459930314,0.013745704467353952,0.054827175208581644,,,,4425.0,,,0.0,Strong Buy,0.7258991016038651,Industrials,
6258,Hirata Corporation,,,JP3795300007,0.04993,0.0765,0.14944,0.27253,1.257,0.3814088974301085,-0.34272000729652385,-0.3072842016442337,0.32071351323178754,0.019799999999999998,1110659500.0,116071292928,19.083584,6.215458,1.4825925,0.05718270571827057,0.08595988538681948,0.09855072463768116,0.06013986013986014,0.17884914463452567,0.287598944591029,-0.17678100263852242,0.055408970976253295,3790.0,,,,,3.0703423625419073,Industrials,
6268,Nabtesco Corporation,,,JP3651210001,0.03595,0.07006,0.09052,0.19435,1.201,0.12774632294796764,-0.16406861886523091,-0.17293959201325335,-0.28617052865422477,0.0178,4473686260.0,536966004736,27.247522,42.816093,1.8998215,0.008295132067234229,0.04101870633310795,0.04078413699864804,0.019646799116997793,-0.06079707198047987,0.47218012556830485,-0.23360034639532368,0.16888742151980957,4619.0,,,2.5,Buy,0.6363850620373045,Industrials,
6269,"MODEC, Inc.",,,,0.05821,0.08823,0.095319994,0.25077,0.574,0.3260552378105937,-0.17227837397635765,-0.09463039419514818,0.3037807090876989,0.0216,5606123700.0,632526077952,9.208131,25.437706,2.3651228,0.005431830526887561,0.01972234464521816,0.028904947192884937,-0.03331940672655108,-0.10014584346135148,0.8368449486763911,0.26418152350081037,0.46407347379794706,9255.0,,,1.5,Strong Buy,0.361987476386432,Energy,
6272,"Rheon Automatic Machinery Co., Ltd.",,,JP3979400003,0.062179998,0.09511,0.07216,0.03235,0.384,-0.1703248228846411,-0.4216991446395267,-0.2661241970021413,0.06995418872742298,0.0392,74804660.0,41218985984,10.592957,9.613814,0.9502706,-0.012258064516129033,0.007899934167215274,0.022029372496662217,0.022029372496662217,0.03585926928281461,,,,1531.0,,,,,1.1018475081793762,Industrials,
6273,SMC Corporation,,,JP3162600005,0.061479997,0.21955,0.27302998,0.00232,0.979,0.5160314147953936,-0.16958214571806476,-0.1746165020894797,0.03225515627625263,0.0151,17006348700.0,4144151658496,25.125668,20.203342,1.9354565,-0.0030061626333984666,-0.008223684210526315,-0.026848591549295774,-0.022978347326557666,-0.11970802919708029,0.5076134479119554,0.18347655661088497,0.3290191466907884,66330.0,,,1.7,Buy,1.2436391959310495,Industrials,
6287,Sato Corporation,,,JP3321400008,0.050679997,0.03767,0.076869994,0.25779,1.096,-0.3384771652928078,-0.4184760958404391,-0.40730259904390353,0.2488623588519125,0.0301,240091650.0,86359195648,16.949694,11.326792,0.9777896,-0.01190919240788984,-0.002254791431792559,0.016073478760045924,-0.010436079016026835,0.02549246813441483,0.054613935969868174,0.054613935969868174,0.054613935969868174,2655.0,,,2.0,Buy,1.4964249365575002,Industrials,
6289,Giken Ltd.,,,JP3264200001,0.04567,0.08805,0.05486,0.01423,,-0.28126271450111295,-0.3082816248862414,-0.33515243902439024,-0.015164838704482028,0.0279,104012460.0,49159389184,28.98594,19.58763,1.256213,0.0015503875968992248,0.03139968068121341,0.04137560451370231,0.03194888178913738,0.016376715741522548,-0.0196078431372549,-0.0196078431372549,-0.0196078431372549,1938.0,,,2.0,Buy,1.4798084301163539,Industrials,
6301,Komatsu Ltd.,,,JP3304200003,0.057579998,0.08939,0.14528,0.46667000000000003,0.082,1.1722045563469292,-0.14077676495753502,-0.10018878159125695,-0.24242586567936145,0.0271,21023308280.0,6223354134528,16.949072,12.622784,1.7782363,-0.006658166879161354,-0.006798866855524079,-0.014337925217880236,-0.05473173362092208,-0.05281642577333513,0.37335995436394753,-0.286936679977182,-0.015583713633770698,7012.0,,,2.8,Hold,1.3427364359558083,Industrials,
6302,"Sumitomo Heavy Industries, Ltd.",,,JP3405400007,0.03254,0.03602,0.08061,0.38419,1.415,0.6207125657442695,-0.17356753775081019,-0.1853704973471711,-0.10465296518721959,0.024300000000000002,4402498100.0,708946886656,17.668095,17.887491,1.0115935,0.024156244646222375,0.07344226970730831,0.08179515019905899,0.048771929824561404,0.013048635824436536,0.1876881900301104,0.0036801605888256944,0.0928962027433924,5978.0,,,2.3,Buy,0.9877346688811751,Industrials,
6305,"Hitachi Construction Machinery Co., Ltd.",,,JP3787000003,0.0551,0.06297,0.13722,0.58427,1.485,-0.226052471018914,-0.4740699133729671,-0.4370884655395731,0.7986963096837019,0.0336,5890086300.0,1179893497856,16.447388,13.179576,1.3087125,-0.0010583877227024166,0.006934566145092461,0.005325758920646192,-0.025468938220616074,0.004612382472946603,0.6263464594737771,-0.24068514921419742,0.09504679498499029,5663.0,,,2.5,Buy,1.2479451539260442,Industrials,
6306,"Nikko Co., Ltd.",,,JP3669200002,0.03329,0.05293,0.02326,0.21228999999999998,,-0.41867595403941177,-0.5256627443798361,-0.44037070665956984,-0.08693756270741682,0.0418,72148950.0,38727651328,15.266595,,1.0462103,-0.007897334649555774,0.0070140280561122245,0.022380467955239063,0.026557711950970377,0.01720647773279352,,,,1005.0,,,,,,Industrials,
6309,"Tomoe Engineering Co., Ltd.",,,JP3631600008,0.059070002,0.06722,0.0633,,-0.06,-0.09397182568907972,0.5796140816025923,0.329947201689546,-0.19111501266405714,0.0382,219662850.0,58400841728,14.42992,5.2179623,1.339438,-0.016336633663366337,0.012226184411614875,-0.007492507492507493,-0.014384920634920634,0.02422680412371134,,,,1987.0,,,,,2.7654320154823653,Industrials,
6310,"Iseki & Co., Ltd.",,,JP3139600005,0.01563,0.01386,0.058909997,0.74737,-0.079,-0.4528838293251339,-0.39206101227972917,-0.404333552199606,0.6821163490471415,0.023,225491600.0,44224344064,17.065502,14.123599,0.5628225,-0.004584819154355578,0.041022908897176344,0.05678745267712277,0.03167898627243928,-0.015120967741935484,,,,1954.0,,,,,1.2082969786950195,Industrials,
6315,TOWA Corporation,,,JP3555700008,0.05978,0.10852,0.13668,0.27262000000000003,,-0.4387530422109085,-0.45336399295406354,-0.3658870994165587,-0.1364117777119762,0.011200000000000002,5778843730.0,161092976640,35.087433,11.113987,2.1329439,0.02043726235741445,0.007035647279549718,0.014650283553875236,-0.019186843307446324,-0.2493006993006993,0.8630647414997671,0.21099208197484862,0.5370284117373079,2147.0,,,,,3.15705183027477,Technology,
6323,Rorze Corporation,,,JP3982200002,0.10873,0.16545,0.27497998,0.15139,0.583,-0.0002045474516858112,-0.553911657979246,-0.5088350892958471,-0.540418874293042,0.005600000000000001,4535214750.0,618284187648,32.571953,25.934816,4.5247493,0.05943536404160475,0.02915704387990762,0.02915704387990762,-0.028345598255655493,-0.14405762304921968,0.7391304347826086,0.17812061711079943,0.5077138849929874,3565.0,,,,,1.2559161013519433,Technology,
6324,Harmonic Drive Systems Inc.,,,JP3765150002,0.02424,0.04654,0.11043,0.20751999999999998,,-0.1656019777670002,-0.5216763072491333,-0.33932215573724495,-0.3687730569536983,0.0032,6458478000.0,586934124544,370.37036,81.91306,7.2118177,0.038525963149078725,0.05982905982905983,0.07081174438687392,0.06529209621993128,-0.13043478260869565,0.7741935483870968,-0.46774193548387094,0.24693548387096775,6200.0,,,,,4.521505606065748,Industrials,
6326,Kubota Corporation,,,JP3266400005,0.03751,0.082320005,0.15623,0.74229,0.983,0.07389303608938295,-0.11435745263638439,-0.05843213817477055,0.1999420988139438,0.0189,11300774940.0,3097016139776,11.654868,13.969616,1.1081488,-0.012214837434884138,-0.006324539212143115,-0.012037369744879626,-0.031013215859030836,0.02440387481371088,0.46935806510274597,-0.18166939443535188,0.16384797235861065,2749.5,,,2.1,Buy,0.8343012434987476,Industrials,
6328,"Ebara Jitsugyo Co.,Ltd.",,,JP3165950001,0.08663,0.11113,0.049289998,0.04418999999999999,-0.324,-0.3639613472602357,-0.5011374280744012,-0.38200070863351837,0.5536585760517797,0.031400000000000004,147682080.0,55327019008,12.1953745,8.038278,1.6967849,-0.016722408026755852,0.00944206008583691,0.033391915641476276,-0.007176023638666104,0.035211267605633804,,,,2352.0,,,,,1.5171625688984631,Industrials,
6330,Toyo Engineering Corporation,,,JP3607800004,-0.04447,-0.06948,0.039890002,1.13597,4.284,0.7280299060223633,0.6498715181765867,0.8636722202024402,2.4163951445314598,0.0086,23929757520.0,170401316864,,25.689047,3.6575444,0.03745986443096682,0.07943578322197475,0.06286549707602339,0.00588031822898651,0.44103072348860256,-0.312242090784044,-0.312242090784044,-0.312242090784044,2908.0,,,,,,Industrials,
6331,"Mitsubishi Kakoki Kaisha, Ltd.",,,JP3896000001,0.09192,0.0954,0.10762999,0.08893000000000001,0.665,-0.4749689286602038,-0.5454249164833374,-0.43440410170555616,-0.3627055355748397,0.0356,377305200.0,76772270080,10.172971,9.167573,1.7069263,-0.007363770250368188,0.03533026113671275,0.03533026113671275,0.03852080123266564,0.03058103975535168,0.18694362017804153,0.18694362017804153,0.18694362017804153,3370.0,,,,,1.10966893855113,Industrials,
6332,"Tsukishima Holdings Co., Ltd.",,,JP3532200007,0.03458,0.10915,0.01781,0.14138,-0.087,3.155497561127163,0.09468052449239135,0.12724652599073605,-0.04959334565619226,0.0337,403170720.0,103279992832,6.3210454,22.777292,1.0684812,-0.04468864468864469,-0.016591251885369532,-0.02285500187336081,-0.061195104391648665,-0.06051873198847262,,,,2608.0,,,0.0,Strong Buy,0.27751522876380563,Industrials,
6333,Teikoku Corporation,,,JP3541800003,0.07172,0.1362,0.1314,,-0.322,0.09896995708154517,-0.3423083188933813,-0.28961668648796995,0.054632205570014046,0.0371,120954600.0,53798535168,13.209891,14.710813,1.725746,-0.014044943820224719,0.017391304347826087,0.023323615160349854,0.004291845493562232,-0.001422475106685633,,,,3510.0,,,,,0.8979715125193966,Industrials,
6339,"Sintokogio,Ltd.",,,JP3378200004,0.01133,-0.09032,0.02775,0.39127,2.657,1.4720078191252353,0.6766344502054649,0.7652335323333166,0.3194812699707662,0.04,230844210.0,63072243712,,,0.54795593,-0.011522633744855968,0.023870417732310314,0.03982683982683983,0.04525674499564839,0.007550335570469799,,,,1201.0,,,,,,Industrials,
6340,Shibuya Corporation,,,JP3356000004,0.04903,0.07538,0.124069996,0.02341,0.547,-0.15644426025694164,0.009302852335420502,-0.1479755576531373,1.1022756621104697,0.023799999999999998,333660600.0,151057842176,14.771128,13.136052,1.2685195,0.001834862385321101,0.06019417475728155,0.05405405405405406,0.03018867924528302,0.2026431718061674,-0.3076923076923077,-0.3076923076923077,-0.3076923076923077,5460.0,,,3.0,Hold,1.124472406168916,Industrials,
6345,Aichi Corporation,,,JP3103200006,0.054959998,0.11565,0.03285,,1.177,-0.13994973405809802,-0.41835422693667623,-0.33810557657713536,0.5710335726999326,0.044500000000000005,162477810.0,94321180672,14.514206,16.972584,1.2654073,-0.005445881552076242,0.012474012474012475,0.020251396648044692,0.01037344398340249,0.026704146170063246,,,,1461.0,,,,,0.8551559385418271,Industrials,
6349,Komori Corporation,,,JP3305800009,0.03257,0.06267,0.02329,0.0827,0.229,-0.07064285908608635,-0.574785670781664,-0.46184560020563786,-0.28923805627242394,0.05,254680000.0,106125434880,14.388489,44.74273,0.84841174,-0.001996007984031936,0.02616726526423807,0.027221366204417053,0.023017902813299233,0.044386422976501305,,,,2000.0,,,,,0.32158272416546774,Industrials,
6361,Ebara Corporation,,,JP3166000004,0.069409996,0.078839995,0.09788,0.41984,-0.007,-0.05972690169075495,-0.48788756460419386,-0.3631972973601221,-0.13222608235757688,0.015300000000000001,10965592110.0,1968672735232,25.124956,28.277079,1.5733966,0.017176470588235293,0.015265382808830438,0.01789498469507888,-0.015710382513661202,-0.26127819548872183,0.8505667360629192,0.017811704834605598,0.4611066389081655,4323.0,,,1.7,Buy,0.8885272768096026,Industrials,
6363,"Torishima Pump Mfg. Co., Ltd.",,,JP3636600003,0.03091,0.085209996,0.07113,0.53402,,0.8545371718489008,-0.3637715563027073,-0.2812140958586985,-0.15767306320763125,0.0233,522001020.0,76791758848,13.004145,12.697998,1.2451907,0.013546370267453978,0.03328611898016997,0.03036723163841808,-0.009504412763068567,-0.09378881987577639,0.22686771761480465,0.22686771761480465,0.22686771761480465,2918.0,,,1.0,Strong Buy,1.0241098636178712,Industrials,
6364,Airman Corporation,,,JP3841400009,0.07592,0.11208,0.17733,0.16027000000000002,0.668,-0.10593761669844139,-0.42945108365404094,-0.3517479894995625,-0.29069606306367696,0.0401,138903510.0,69060657152,12.642108,11.798724,1.5200243,0.028991262907069104,0.051969143321153065,0.05582722086389568,0.04433696090286175,-0.031401869158878506,,,,2591.0,,,,,1.0714809499739124,Industrials,
6366,Chiyoda Corporation,,,JP3528600004,0.11951999,0.17093,0.05435,0.03618,2.478,-0.35936858815527717,-0.4610388076738307,-0.4016652330157322,-0.3939222915790722,,1082963000.0,181428436992,8.628128,11.957636,2.8321047,0.0028653295128939827,0.024890190336749635,0.010101010101010102,-0.04891304347826087,0.007194244604316547,0.42857142857142855,-0.14285714285714285,0.08095242857142856,700.0,,,2.7,Hold,0.7215580069505377,Industrials,
6367,"Daikin Industries,Ltd.",,,JP3481800005,0.04779,0.05238,0.09151,0.39478,,0.6810395583081178,-0.49458437967683844,-0.41588363271226153,-0.24673501255492783,0.0174,21034300600.0,5772691374080,22.075102,20.944206,1.928984,0.001932367149758454,0.01591966691158462,-0.0019249278152069298,-0.004559635229181665,-0.06153846153846154,0.38862102217936356,-0.22854387656702024,0.1638453230472516,20740.0,,,2.6,Hold,1.0539956492024571,Industrials,
6368,Organo Corporation,,,JP3201600008,0.11316,0.15515,0.15677,0.26333,-0.057,0.9656825005774118,0.673907015005022,0.4079192411452441,-0.09677165810353532,0.0106,3918927150.0,569951191040,20.080353,27.340906,4.0169373,0.030340814630091438,0.059854638734501926,0.02863070539419087,-0.012350597609561753,-0.17476697736351532,0.72650262202501,0.6135538523598225,0.6700282371924163,12395.0,,,1.0,Strong Buy,0.7344435842762489,Industrials,
6369,Toyo Kanetsu K.K.,,,JP3554400006,0.01868,0.026519999,-0.02695,0.45241,,-0.1541408835803713,-0.3257539046483021,0.09487072808320955,-0.0462530822284958,0.0452,209752460.0,36139515904,14.663183,9.515176,0.9500432,-0.007809288943690916,0.014712063892391762,0.03162393162393162,-0.01670061099796334,-0.03824701195219123,,,,2414.0,,,0.0,Strong Buy,1.5410311905948981,Industrials,
6370,Kurita Water Industries Ltd.,,,JP3270000007,0.0733,0.059380002,0.14308,0.34042,1.593,0.51653166705238,-0.06807272177495555,0.03955754008524447,0.2276100620120287,0.0177,4508674450.0,817526013952,20.964401,22.61582,2.465515,0.01145902731512325,0.024150026983270373,0.030545750746673907,0.0022445207288090837,-0.15420612813370474,0.5808193913845343,0.18561454353840073,0.36082202608351993,7591.0,,,1.5,Strong Buy,0.9269794771978199,Industrials,
6371,Tsubakimoto Chain Co.,,,JP3535400000,0.03551,0.09368,0.06072,0.18586,-0.044,0.6279153630985449,-0.1799087687168269,-0.11253005948614102,-0.14096810612475294,0.0294,480460860.0,274532876288,9.191127,13.798355,0.93198854,-0.011276827937431793,0.018358935931060322,0.02027027027027027,0.026047565118912798,0.021036814425244178,-0.22737306843267108,-0.22737306843267108,-0.22737306843267108,2718.0,,,,,0.6661030970720785,Industrials,
6376,"Nikkiso Co., Ltd.",,,JP3668000007,0.033350002,0.07264,0.084589995,0.65071,0.943,-0.39564470094769544,-0.375486169958499,-0.23728411818927708,0.42301961028903473,0.0176,1342982900.0,223181127680,13.245162,27.92314,1.2979722,-0.004373177842565598,0.05727554179566564,0.04434250764525994,-0.0014619883040935672,-0.16605616605616605,0.34699853587115664,-0.027818448023426062,0.1595900439238653,3415.0,,,,,0.474343573108182,Industrials,
6379,RAIZNEXT Corporation,,,JP3331600001,0.08271,0.059860002,0.03165,0.06148,0.32,0.47252402648908903,0.07116061037534063,0.26762235528119305,0.17013394768496806,0.025,655781250.0,168622981120,16.129032,23.079765,1.9107201,-0.006359300476947536,0.07057211373758136,0.06874145006839945,0.05538669368456602,0.11527480371163455,,,,3125.0,,,,,0.6988386580192649,Industrials,
6381,ANEST IWATA Corporation,,,JP3122450004,0.05155,0.097320005,0.090150006,0.01924,0.271,-0.2815829528158295,-0.5303757071397841,-0.36618457437284896,-0.18508744588744586,0.046,133552100.0,73870680064,14.085024,14.45283,1.4980106,-0.005711318795430945,0.014300847457627119,0.020788912579957356,-0.013395157135497167,0.012156448202959831,,,,1915.0,,,,,0.9745512816521055,Industrials,
6383,"Daifuku Co., Ltd.",,,JP3497400006,,0.12123,0.16624,0.09055999999999999,0.138,0.18094655801531948,-0.34246327482217614,-0.26980186800321254,0.1164590193424712,0.0165,7643802710.0,2026151608320,25.125652,37.9404,4.0428367,0.009822090437361009,0.015089418777943368,0.003683919690550746,-0.032321079737169245,-0.11785656467540877,0.7067351807671133,-0.008992475683611672,0.3838712424298036,5449.0,,,1.6,Buy,0.6622400396411213,Industrials,
6387,SAMCO Inc.,,,JP3322950001,0.09595,0.20655,0.34039003,0.06597,0.174,2.502743225065369,1.7612818155004597,1.3140875055057994,0.0946852741160924,0.019299999999999998,1486254100.0,62571679744,28.011505,36.814743,4.2718263,0.05412719891745602,0.01564537157757497,-0.028678304239401497,-0.10149942329873125,-0.16146393972012918,,,,7790.0,,,,,0.7608773745887619,Technology,
6395,Tadano Ltd.,,,JP3465000002,0.03401,0.06736,0.112320006,0.62686,13.94,-0.054766037226985496,-0.4323074946287648,-0.437424315233061,-0.2922585230840328,0.024700000000000003,336808620.0,174079967232,6.9059105,14.698331,0.8007502,-0.005788712011577424,0.02308265078183172,0.026905829596412557,-0.002178649237472767,-0.03171247357293869,0.16448326055312956,-0.053857350800582245,0.055312954876273655,1374.0,,,,,0.46984317471146897,Industrials,
6413,Riso Kagaku Corporation,,,JP3974400008,0.03484,0.05979,0.07709,0.12578,0.575,-0.17513340448239065,-0.4946106909276919,-0.19162603957556637,-0.20052321991485494,0.0478,89820020.0,65323102208,15.221188,7.198899,0.97247595,-0.004757373929590866,-0.0038095238095238095,0.03461918892185954,0.0028763183125599234,-0.0260707635009311,,,,1046.0,,,,,2.114377212404286,Technology,
6420,Galilei Holdings Co.Ltd.,,,JP3805150004,0.07474,0.08939,0.12128,,0.133,0.3675360089497972,-0.271071718309177,-0.26139020655137635,-0.17315733713865647,0.0255,127140700.0,139908694016,11.467815,6.628051,1.2467915,-0.0042796005706134095,0.01749271137026239,0.027982326951399118,0.011594202898550725,-0.001430615164520744,0.06017191977077364,0.06017191977077364,0.06017191977077364,3490.0,,,,,1.7301941400269853,Industrials,
6430,"Daikoku Denki Co., Ltd.",,,JP3483100008,0.0913,0.09364,0.1873,0.00062,-0.393,0.24683009298393924,-0.18032327646580942,0.18429515812042155,0.08168713749573527,0.0405,114687960.0,36075970560,6.2383094,39.678455,0.717887,-0.013194722111155539,-0.012404961984793917,0.016893283889575606,0.016055990119390694,0.03741067675493905,,,,2468.0,,,,,0.1572215803261493,Technology,
6432,"Takeuchi Mfg. Co., Ltd.",,,JP3462660006,0.1106,0.12218001,0.17563999,,0.002,0.10774242374387151,-0.3823380108053228,-0.3311370926600183,-0.38941085937220377,0.0302,1554425600.0,336284418048,11.890568,13.506243,1.804634,-0.013550135501355014,0.013927576601671309,0.01675977653631285,0.0027548209366391185,-0.04712041884816754,0.45604395604395603,0.0027472527472527475,0.1630037087912087,7280.0,,,2.0,Buy,0.8803756899679652,Industrials,
6436,Amano Corporation,,,JP3124400007,0.07567,0.111169994,0.05746,0.10577,-0.379,2.463690148870058,-0.04133812562109352,-0.12936274404519002,-0.31927972480655165,0.0646,1045866780.0,268108333056,13.513701,15.382476,2.0474517,-0.01073345259391771,-0.007944643772424398,-0.001032258064516129,0.007810466024472794,-0.006416837782340862,0.21415654869542755,0.08499095840867993,0.1624903125807285,3871.0,,,2.3,Buy,0.8785127309803701,Technology,
6448,"Brother Industries, Ltd.",,,JP3830000000,0.07733,0.113350004,0.21572,0.00099,3.379,1.0060175142748315,0.16959980034040956,0.20942320923628818,0.4477052282414665,0.0216,5450270210.0,1143086907392,18.691477,19.547506,1.427482,0.003466955579631636,0.03578617758890629,0.061425624570249825,0.05682336832496577,0.11671087533156499,0.27402288922478946,-0.3521917512416325,-0.013891923990498755,4631.0,,,2.0,Buy,0.9562077637934988,Industrials,
6454,"Max Co., Ltd.",,,JP3864800002,0.08906,0.14097,0.2076,0.01088,0.234,0.5880128896420687,-0.009468186263243618,0.05888323441927353,-0.12767682688550205,0.0207,530590740.0,340519649280,25.189344,7.768828,3.0644732,0.005211047420531527,0.001557632398753894,0.01579778830963665,0.026063829787234042,0.0036420395421436005,,,,1929.0,,,,,3.2423608812037026,Industrials,
6455,Morita Holdings Corporation,,,JP3925600003,0.06495,0.08056,0.02865,0.01825,0.021,0.12852444745369246,0.0634632587859424,0.013240934218530951,-0.08004939669954522,0.0316,168877500.0,103919173632,11.261461,18.768545,1.017303,-0.014029618082618862,0.012810248198558846,0.03307472437729685,0.026785714285714284,0.07203389830508475,,,,2530.0,,,1.0,Strong Buy,0.6000177957321678,Industrials,
6457,Glory Ltd.,,,JP3274400005,0.04443,0.0498,0.060149997,0.46587,9.585,0.4052113843149803,-0.38200218679278863,-0.10622806939620323,0.054017961778341804,0.0345,839295380.0,228264984576,16.207586,23.333334,1.0905339,-0.003125,0.010178692603483374,0.0393297649522923,0.03499420625724218,-0.05998737107977268,0.03000447828034035,0.016569637259292433,0.02328705776981639,4466.0,,,,,0.6946108087254054,Industrials,
6458,Sinko Industries Ltd.,,,JP3372800007,0.06103,0.11247,0.10092,0.12628,-0.111,-0.29182612178914014,-0.19842637561578502,-0.15313883703349426,0.5191974933931782,0.0403,235430110.0,83326550016,12.468602,3.5285754,1.272938,-0.011155378486055778,0.01721311475409836,0.01972062448644207,0.009764035801464606,-0.0040128410914927765,,,,1241.0,,,,,3.533607925736829,Industrials,
6460,Sega Sammy Holdings Inc.,,,JP3419050004,0.05016,-0.0004,0.025109999,0.39964,,0.40115095737510814,0.06921666433852064,0.2481641517037568,0.13612830074276186,0.0169,3823155840.0,662605660160,,13.202282,1.8647614,-0.015384615384615385,-0.017459361830222758,0.021916092673763307,0.03750794659885569,0.2024313869957635,0.07230392156862746,-0.2340686274509804,-0.039168566176470576,3264.0,,,1.7,Buy,,Communication Services,
6463,"TPR Co., Ltd.",,,JP3542400001,0.02268,0.047,0.04097,0.12054000000000001,-0.172,0.2526048252491021,-0.341693938997251,-0.17728002612742572,-0.10167516446699673,0.0379,188234530.0,100668342272,11.062194,5.083494,0.5760312,0.0076384468491406746,0.03261578604044357,0.03871391076115486,0.0380327868852459,0.019317450096587252,-0.07138344914718889,-0.07138344914718889,-0.07138344914718889,1583.0,,,,,2.176100532429073,Consumer Cyclical,
6465,Hoshizaki Corporation,,,,0.05926,0.0739,0.11354,0.01605,0.014,0.20967756025543582,-0.2947337724248702,-0.1676439593526533,-0.3046765795534194,0.0216,1910034720.0,744357691392,19.492922,20.237011,1.8473727,-0.007081625046589639,0.00585236926562205,0.004335532516493873,-0.0018733608092918695,-0.06706356154789003,0.43018018018018017,0.08858858858858859,0.26759572072072074,5328.0,,,1.8,Buy,0.9632312795600102,Industrials,
6471,NSK Ltd.,,,JP3720800006,0.023020001,0.03241,0.056350004,0.49416,7.932,0.35514068655036574,-0.06307924878064877,0.043669194833406456,-0.2184015144190401,0.031400000000000004,2980552940.0,529445322752,23.253815,18.603851,0.7720624,0.004642525533890436,0.0354066985645933,0.03689506468615237,0.020273455917020275,-0.07797187899446101,0.6635859519408502,0.0166358595194085,0.25693160813308685,1082.0,,,2.7,Hold,1.24994631487857,Consumer Cyclical,
6472,NTN Corporation,,,,0.0235,0.016210001,0.039189998,0.9601000000000001,0.63,0.8313527879023475,-0.4143305210435459,-0.3289155789206889,-0.30923993694531215,0.0338,1301605240.0,228766023680,16.444445,16.20893,0.76278526,0.004962147124058968,0.029702936661450588,0.03971897771969464,0.03747642580817899,-0.013333333333333305,0.3513513513513513,0.03950103950103947,0.16077614345114336,384.8,,,2.5,Buy,1.0145299535502963,Industrials,
6473,JTEKT Corporation,,,,0.01356,0.00983,0.04637,0.26205,1.125,0.40348134551529286,-0.17115844131973157,-0.10476510946470684,-0.14930814586192906,0.0336,2728230080.0,663085252608,55.251987,16.580435,0.8192843,0.0004803073967339097,0.037092357480706994,0.034517010181276384,0.022331288343558284,-0.03831948291782087,0.4786365818530965,0.1041766682669227,0.31925108017282766,2083.0,,,,,3.3323605200949187,Consumer Cyclical,
6479,MINEBEA MITSUMI Inc.,,,JP3906000009,,0.06348,0.061690003,0.52132,0.956,-0.02421901076826277,-0.31805890403283316,-0.22587119280011955,-0.19577416114370294,0.0174,8660821250.0,1387512463360,14.005432,16.08548,1.4972221,0.002902757619738752,0.01052939455981281,0.018873488646416987,0.023097423748889546,-0.07521413276231263,0.6642547033285094,-0.3342981186685962,0.39546555716353105,3455.0,,,1.8,Buy,0.8706878501605174,Technology,
6480,"Nippon Thompson Co., Ltd.",,,JP3739400004,0.031059999,0.08535,0.14078,0.29129,2.404,-0.3712472355488981,-0.39075400582123204,-0.3601032837496492,0.06661464990240663,0.0184,1112152350.0,119818240000,29.673336,26.553415,1.3898702,0.020588235294117647,0.07563546187228766,0.084375,0.049606775559588624,-0.15571776155717762,0.28530259365994237,0.28530259365994237,0.28530259365994237,1735.0,,,,,1.1174960358206278,Industrials,
6481,"THK Co., Ltd.",,,JP3539250005,0.04044,-0.18523,0.18083,0.50658,7.578,1.1128535277576996,-0.0658174898370631,-0.012346138769110131,0.023801526748920488,0.0316,7372046080.0,702926946304,28.818232,32.057247,2.5468447,0.045507584597432905,0.05981750591416019,0.06775621382362955,0.020003252561392095,-0.17364953886693016,0.5943877551020408,-0.47385204081632654,0.307796556122449,6272.0,,,1.9,Buy,0.8989615359048143,Industrials,
6490,PILLAR Corporation,,,JP3747800005,0.08731,0.16547,0.2712,0.13679,0.892,-0.2522115750340479,-0.5827448225687084,-0.4754785920131741,-0.1731764134550449,0.0176,746892800.0,215809867776,24.33115,19.300756,2.5782502,0.03736263736263736,0.04540420819490587,0.04424778761061947,-0.00944386149003148,-0.11027332704995288,0.2076271186440678,0.1652542372881356,0.1864406779661017,9440.0,,,,,1.260631966955077,Industrials,
6501,"Hitachi, Ltd.",,,JP3788600009,,0.07244,0.108610004,0.15628,0.005,0.425251951074142,-0.26759306724580484,-0.2342747177096482,-0.23645958273999235,0.0101,49630709440.0,24667773468672,31.249645,31.011059,3.7688656,0.008949771689497716,0.05803485922237119,0.06251202154260435,0.06785231007152523,0.004363636363636364,0.3577118030412744,-0.004344677769732078,0.1947863866763215,5524.0,,,1.6,Buy,1.0076935779587535,Industrials,
6503,Mitsubishi Electric Corporation,,,JP3902400005,0.039920002,0.07018,0.09318,0.07163,,0.2076125356467266,-0.16217506896284364,-0.12151415128925035,-0.06705557573242009,0.011699999999999999,28270146300.0,10490029801472,25.839298,31.040329,2.2951317,-0.007358636715724245,0.005098039215686275,0.019693654266958426,-0.008126934984520124,-0.12674616695059626,0.5996878657822864,-0.3172063987514631,0.3291715762777994,5126.0,,,2.0,Buy,0.8324427875748353,Industrials,
6504,"Fuji Electric Co., Ltd.",,,,0.06757,0.08604,0.09020001,0.08041999999999999,0.903,-0.06102167767727207,-0.43688527989959774,-0.40268178752940015,-0.36025624007830526,0.016399999999999998,8151739500.0,1908834304000,19.646292,21.525469,2.4137754,0.015139751552795032,0.04809619238476954,0.03359683794466403,-0.002669717772692601,-0.08757850662944872,0.5678776290630975,-0.12810707456978968,0.2661992351816444,13075.0,,,2.0,Buy,0.9126998347864104,Industrials,
6506,YASKAWA Electric Corporation,,,,0.03599,0.06073,0.06106,0.24475000000000002,-0.217,-0.37423523676079157,-0.49699808957622776,-0.4299893669566607,-0.53184532509478,0.016399999999999998,14441722020.0,1136809738240,32.258778,21.391966,2.343661,0.019539427773900907,0.020251396648044692,0.019065333643338758,-0.02664890073284477,-0.15974237320501605,1.053388090349076,0.16358658453114305,0.5080994752452658,4383.0,,,1.8,Buy,1.5079856615329326,Industrials,
6507,"Sinfonia Technology Co.,Ltd.",,,JP3375400003,0.08035,0.11378,0.111219995,0.16723,0.283,0.46320574745301796,0.059277687226559204,0.029571750897511507,0.1729224687808823,0.0126,2156695200.0,360032075776,24.8138,35.268105,3.5342305,0.018355945730247406,0.0981067125645439,0.1262135922330097,0.06244796003330558,-0.0898716119828816,0.5282131661442007,-0.23197492163009403,0.24608150470219436,12760.0,,,1.7,Buy,0.7035762199301607,Industrials,
6525,Kokusai Electric Corporation,,,JP3293330001,,0.0,0.21118,0.22405,0.704,0.22850225603268262,-0.0315442969790373,-0.04991518032333843,-0.05256217528182479,0.0074,79190998760.0,2073382092800,68.96444,46.44986,9.22598,0.07242877836793819,0.0797277588721439,0.08845871110022054,0.02409221902017291,0.08025291828793775,0.6321476812246736,-0.5610085547050878,0.22882969383160745,8884.0,,,1.6,Buy,1.484707165963471,Technology,
6526,Socionext Inc.,,,,0.03865,0.03746,-0.01696,,,0.011625336981175441,-0.25656397114567187,-0.3097500173164773,-0.38195908478915486,0.025,11547880000.0,350578278400,40.48583,13.99776,2.7295854,0.017811704834605598,0.05652403592181722,0.09021531752521122,0.0712372790573112,-0.005469915464942815,0.25,0.0,0.13,2000.0,,,3.0,Hold,2.892307769243079,Industrials,
6532,"Baycurrent, Inc.",,,,0.24876,0.24941,0.32486,0.05267,0.197,-0.1663911124999849,-0.37634239017736926,-0.31427224410615234,-0.39446533694492325,0.016399999999999998,8105631480.0,1165877313536,31.847748,31.697569,10.814319,0.01173469387755102,0.028793774319066146,0.08109581572849939,0.09937629937629938,0.1350134600320995,0.27332324760463944,-0.1805345436207766,0.0807246596066567,7932.0,,,1.4,Strong Buy,1.0047378712228687,Industrials,
6544,"Japan Elevator Service Holdings Co.,Ltd.",,,JP3389510003,0.19346,0.12736,0.19293,0.25617999999999996,0.196,0.08639384488257605,-0.1538367678363729,-0.024853735311729186,0.4643187193782733,0.0137,994442375.0,273598185472,37.311066,19.196035,12.0193815,0.0006538084341288003,0.01023102310231023,0.06841186736474694,0.042219952332311884,-0.055246913580246915,0.6987912446912774,0.5027768703038222,0.6007840574975498,1530.5,,,,,1.9436860789220274,Industrials,
6584,"Sanoh Industrial Co., Ltd.",,,JP3325200008,0.01316,0.0051599997,0.0219,1.11442,-0.989,-0.5642177326076362,-0.6062441859187073,-0.6087439806040842,-0.3432134129406216,0.0359,218774360.0,27894872064,18.316483,5.576235,0.5757814,-0.001282051282051282,0.016971279373368148,0.010376134889753566,0.007761966364812419,-0.08352941176470588,,,,779.0,,,3.0,Hold,3.284740151733204,Consumer Cyclical,
6594,Nidec Corporation,,,JP3734800000,0.024300002,0.04586,0.07153,0.40098,1.087,0.6914854324965428,-0.3345651289663819,-0.3571175191623505,-0.30423154523939455,0.0192,13267890720.0,3273861103616,27.246708,15.065675,1.8607402,0.048458149779735685,0.080999242997729,0.06131549609810479,0.10227711308375145,0.0377906976744186,0.22549019607843138,-0.3697478991596639,-0.09094887955182072,2856.0,,,2.4,Buy,1.8085288578175223,Industrials,
6627,"Tera Probe, Inc.",,,JP3546550009,0.07411,0.095790006,0.27283,0.6267,1.686,0.5849079210649286,-0.28184581949093135,-0.255997541046592,-0.051575357640207764,0.009399999999999999,1241790000.0,106071343104,22.123976,29.466766,4.8056235,0.10836501901140684,0.15217391304347827,0.1,0.08063021316033364,-0.0672,,,,11660.0,,,,,0.7508111341434618,Technology,
6632,JVCKENWOOD Corporation,,,JP3386410009,0.034479998,0.03921,0.01731,0.44018999999999997,-0.707,0.605605332016238,0.13523760184618286,0.1883424632429377,0.24087162784410132,0.02,1488780538.0,141192937472,8.952321,9.2234535,0.96958554,-0.012456747404844313,0.013288712080794228,0.03266826486696346,0.03663348413079561,0.021579067775053775,0.8019821803984383,0.05115627189908902,0.4849668635499049,998.9,,,2.0,Buy,0.9706040150796011,Consumer Cyclical,
6644,"Osaki Electric Co., Ltd.",,,JP3187600006,0.04823,0.064899996,0.07909,0.01625,2.436,0.3858664498153654,0.16090114838362532,0.22809632686997056,0.2789301456546198,0.0269,457290900.0,64476483584,11.681875,19.721115,1.1429522,-0.009339559706470981,0.02202339986235375,0.033402922755741124,0.02768166089965398,-0.019801980198019802,0.4478114478114478,0.4478114478114478,0.4478114478114478,1485.0,,,,,0.5923536777712619,Technology,
6645,OMRON Corporation,,,JP3197800000,0.03325,0.042579997,0.08984999,0.31574,0.562,0.04971406093981665,-0.2661773741732908,-0.2238937710889212,0.15693399430216926,0.0169,7140138480.0,1212810133504,35.460503,22.754269,1.4575974,0.011645071346563883,0.04383144356067016,0.027486256871564217,0.021699519628954778,-0.09546854377474703,0.5239948119325551,-0.3352788586251621,0.1267833981841764,6168.0,,,2.4,Buy,1.5584109953169667,Technology,
6701,NEC Corporation,,,JP3733000008,0.05716,0.08154,0.07169,0.25493,1.586,-0.14889288044198123,-0.23388132730972966,-0.1740263519935098,-0.1195173394771742,0.0083,27667219560.0,6382367539200,23.696262,6.693001,2.8568306,-0.01715686274509804,0.003545359749739312,0.06084656084656084,0.06862091938707528,0.02601279317697228,0.6625103906899418,0.07024106400665005,0.2956390274314214,4812.0,,,1.5,Strong Buy,3.5404539757277793,Technology,
6702,Fujitsu Limited,,,JP3818000006,0.07077,0.08996,0.06741,0.06507,-0.761,0.0020308288428993147,0.03382832979419158,0.1529154971914853,-0.22953387521161336,0.0138,28592099250.0,6881539522560,22.778797,26.2294,3.391434,-0.007235528942115769,0.00861850443599493,0.06134969325153374,0.06248331108144192,0.11176306230790724,0.5079165619502387,-0.037446594621764265,0.2067199296305604,3979.0,,,1.8,Buy,0.8684452179615242,Technology,
6723,Renesas Electronics Corporation,,,,0.05446,0.22947,0.23923999,0.40604999999999997,,0.13689662441727535,-0.46013213648024504,-0.3971260304883152,-0.3856269803456252,0.0085,32278732470.0,6047161909248,17.761675,11.77802,2.1220748,0.04450757575757576,0.04881141045958796,0.03665413533834586,-0.0018099547511312218,-0.09910155186496052,1.0550015110305229,-0.39558779087337564,0.5307902689634332,3309.0,,,,,1.508035730963269,Technology,
6724,Seiko Epson Corporation,,,JP3414750004,0.03568,0.01684,0.0561,0.31203,0.963,0.10490825471766209,-0.35988852116356035,-0.24792866943839129,-0.19193153991031706,0.0254,4604828160.0,1007424831488,55.245125,15.567438,1.1642702,-0.008514664143803218,0.015503875968992248,0.03081967213114754,0.04765078307230923,0.0035110118097669966,0.20865139949109415,-0.42748091603053434,-0.12134223918575064,3144.0,,,3.3,Hold,3.548761523893656,Technology,
6727,"Wacom Co., Ltd.",,,JP3993400005,0.12714,0.09206,0.11991,0.1268,0.251,-0.11536859641815908,-0.25511198474108987,-0.26185388226837886,-0.3850189294658979,0.0285,445847420.0,111784452096,11.862496,13.54351,3.036379,-0.0011862396204033216,0.01937046004842615,0.05911949685534591,0.06313131313131314,0.06582278481012659,0.5439429928741093,0.3657957244655582,0.45486935866983375,842.0,,,,,0.8758804770698291,Technology,
6728,"ULVAC, Inc.",,,,0.03105,0.06351,0.07672,0.19524999999999998,0.524,0.06334737542264839,-0.17956730096915088,-0.21690000178345314,0.16941766797725036,0.0209,3380127970.0,358427754496,20.964077,11.117211,1.4874499,0.039059158945117606,0.04998559492941516,0.05484804630969609,0.03214386859246672,-0.19440760389036252,0.6463163671285499,-0.025929482782274662,0.2656057072300727,7289.0,,,2.0,Buy,1.885731682163809,Industrials,
6736,Sun Corporation,,,JP3336450006,0.00079,0.94829005,-0.00259,0.05708,-0.126,0.17679057116953764,0.21360369059113832,0.07528971962616816,0.8577924944812363,0.0052,370351800.0,208607952896,21.977774,,4.2324796,-0.031,-0.04343534057255676,0.0,0.048701298701298704,-0.1036077705827937,,,,9690.0,,,,,,Technology,
6745,Hochiki Corporation,,,JP3837400005,0.08941,0.090909995,0.063779995,,0.475,0.429217937361317,-0.29421259424445156,-0.269772842188056,-0.19164224133303268,0.0202,306118680.0,147494436864,15.72292,8.306723,2.17242,0.01907216494845361,0.0594855305466238,0.0727075420510038,0.051036682615629984,-0.07789179104477612,,,,1977.0,,,0.0,Strong Buy,1.8927945472600929,Industrials,
6752,Panasonic Holdings Corporation,,,JP3866800000,0.035099998,0.030989999,0.0919,0.27876,0.892,0.2596692687204863,-0.22457641445310164,-0.2452443576026156,-0.3603015270496587,0.0126,34849023000.0,10009823936512,52.912865,25.389399,1.8515751,0.005865790708587518,0.019500594530321047,0.020714285714285713,0.025843503230437905,-0.028552005438477225,0.30627478423139726,-0.39351527874970843,0.13393690226265453,4287.0,,,1.6,Buy,2.0840534665668926,Technology,
6753,Sharp Corporation,,,,0.01829,0.012560001,0.01887,1.52005,-0.886,0.2605947158583183,0.23592472042755,0.4114298773279577,-0.04696217836351106,,2895198632.0,421270061056,8.881587,11.924278,1.4291914,-0.04080429245692489,-0.03279664310274067,-0.043067846607669685,0.0304955926915244,0.021893172234109592,0.371763255240444,-0.27558569667077676,0.017262638717632624,648.8,,,3.9,Underperform,0.744832265735502,Technology,
6758,Sony Group Corporation,,,,0.042529996,-0.01746,0.16721001,0.21318,0.476,-0.10166404651024827,-0.4067826315255824,-0.31066422951968603,-0.2650416800152453,0.0095,49766832770.0,21610195058688,19.841143,20.180132,2.5940764,-0.015183803942461374,-0.007516778523489933,0.01789647577092511,0.019862068965517243,0.01958080529509101,0.6310522044901271,0.027860427373546118,0.31617771165810105,3697.0,,,1.3,Strong Buy,0.9832018442694032,Technology,
6762,TDK Corporation,,,,0.04516,0.08663,0.11648,0.3299,0.943,-0.03201088033159112,-0.39781574232875805,-0.3133309389550224,-0.39241710767678145,0.0141,26351556450.0,5400248188928,27.624043,26.618639,2.349013,0.013898788310762652,0.004058584789130051,0.012996261349474809,0.011555555555555555,-0.05575838035180883,0.7398945518453427,-0.09490333919156414,0.4614455184534271,2845.0,,,1.8,Buy,1.037770676404605,Technology,
6768,Tamura Corporation,,,JP3471000004,0.026300002,0.011080001,0.034649998,0.57075,11.678,-0.407974213439843,-0.0030917703232228844,-0.042006674092011746,0.24173222464126065,0.0195,698469840.0,65412345856,,20.0,1.0047758,0.003663003663003663,0.019851116625310174,0.01858736059479554,0.04980842911877394,-0.035211267605633804,0.1435523114355231,0.1435523114355231,0.1435523114355231,822.0,,,3.0,Hold,,Technology,
6770,"Alps Alpine Co., Ltd.",,,JP3126400005,0.03034,0.02564,-0.0046900003,0.22353,,0.08882393062457378,-0.2362223218670596,-0.18330391421384756,-0.18083097744664833,0.028900000000000002,3779161480.0,428581683200,16.447905,20.727034,0.97313017,-0.018366895330825403,0.0024858757062146894,0.0009025270758122744,0.044256120527306965,0.04795653201039452,0.3525698827772768,-0.3913435527502254,0.03568205590622186,2218.0,,,2.8,Hold,0.793548416044476,Technology,
6777,santec Holdings Corporation,,,JP3335410001,0.20607,0.25937,0.33191,0.09207000000000001,0.96,-0.003666259304521709,-0.31339348563383884,-0.3002996845425867,-0.03383438232753306,0.0109,2276768000.0,247555997696,32.258064,47.602894,8.584948,0.06744421906693712,0.11081794195250659,0.10672975814931651,0.038480513073507645,0.07672634271099744,,,,21050.0,,,,,0.6776492202343832,Technology,
6807,"Japan Aviation Electronics Industry, Limited",,,JP3705600009,0.0215,0.02791,0.00561,0.27756000000000003,-0.611,-0.03894365737415941,-0.39818221844828133,-0.14306250440419982,-0.08955953633624494,0.019799999999999998,584831400.0,170121461760,24.03773,11.7754135,1.1805327,-0.0035545023696682463,0.008796481407437025,0.014067524115755627,0.030637254901960783,0.08190394511149228,0.08997225525168451,-0.20729290527150218,-0.08690051525961158,2523.0,,,3.5,Hold,2.041349121200712,Technology,
6814,"Furuno Electric Co., Ltd.",,,JP3828400006,0.086569995,0.122659996,0.1491,0.15265,0.382,-0.3227769326510856,-0.3609577022037055,-0.4309943552704492,-0.4903323681371714,0.0209,1826036400.0,241491410944,14.430069,33.880264,2.629418,0.014608233731739707,0.08677098150782361,0.07605633802816901,0.0213903743315508,-0.024046607083813173,0.8324607329842932,0.4790575916230366,0.6557591623036649,7640.0,,,1.5,Strong Buy,0.4259137118884316,Technology,
6841,Yokogawa Electric Corporation,,,,,0.0,0.11667,0.04682,-0.183,0.37353670406076717,-0.4734550558932204,-0.3537055088154296,-0.011757653826436811,0.019799999999999998,4435914600.0,1158263865344,20.407984,21.529062,2.303845,-0.006831767719897523,0.017943107221006564,0.01838879159369527,0.003234850118611171,-0.1280224929709466,0.5047291487532244,0.03181427343078246,0.29057394668959585,4652.0,,,2.1,Buy,0.9479272250690717,Industrials,
6845,Azbil Corporation,,,JP3937200008,0.09488,0.12871,0.10577,0.08776999999999999,-0.013,1.6857351683045156,-0.2653508523697947,-0.1833819257161302,0.10414009601725407,0.0262,2098742955.0,723314343936,19.156101,24.423304,3.120791,-0.009221311475409836,0.0024187975120939877,0.009394572025052192,-0.002407152682255846,-0.16204506065857885,0.3788348845225784,0.03412616339193381,0.17890382626680454,1450.5,,,1.8,Buy,0.7843370004320463,Industrials,
6849,Nihon Kohden Corporation,,,JP3706800004,0.03937,0.058579996,-0.02059,0.13738,,2.6263627033821106,-0.2632515144759206,0.015804081467875028,0.2911696104889492,0.0208,1410620610.0,253796204544,17.76198,14.443737,1.4323479,-0.004392845936617509,0.016661326497917333,0.030194805194805194,0.08330488221235917,0.02852512155591572,0.3236684525685471,-0.11755436495430192,0.12669398046013236,1586.5,,,2.5,Buy,1.2297357671356104,Healthcare,
6857,Advantest Corporation,,,,0.2925,0.37325,0.51702,0.10374,0.953,0.2014691091203473,-0.18535063476998326,-0.08665098673330644,-0.14281233702771712,0.0019,293878949500.0,23138593144832,62.1112,134.81682,22.254162,0.059854497354497355,0.0626657824933687,0.010403530895334174,-0.02405602923264312,-0.026723352566049196,0.7160686427457098,-0.2823712948517941,0.3147611232449297,32050.0,,,1.5,Buy,0.46070809265490753,Technology,
6861,Keyence Corporation,,,,,0.39224,0.53971,,0.51,0.01111177881332314,-0.31428441972553706,-0.15504426655357043,-0.2407381758239615,0.0072,40253511200.0,18572575244288,41.666664,41.00911,5.2335677,0.006307490144546649,0.015840274272231274,0.011295654465180898,0.007583519865006439,-0.10138580481022763,0.5669887699138156,0.005484460694698354,0.2779663619744059,76580.0,,,1.5,Strong Buy,1.0160343396869622,Technology,
6866,Hioki E.E. Corporation,,,JP3783200003,0.10807,0.15845999,0.21562,,1.096,-0.24763085925077913,-0.5245828577640089,-0.559621367577944,-0.48687891474377704,0.0236,275776200.0,136467193856,19.193785,20.84357,2.9816577,0.023115577889447236,0.023115577889447236,0.016983016983016984,0.0039447731755424065,-0.1823293172690763,,,,10180.0,,,,,0.9208492115314219,Technology,
6869,Sysmex Corporation,,,,0.06103,0.075430006,0.11343,0.25407,0.941,0.3643360487481227,-0.21042449313995756,-0.16272965540558848,0.08909616657264259,0.0215,4995100470.0,1119496699904,32.68014,17.562336,2.3175902,-0.007207688200747464,0.00977464023893565,0.04086202071088721,0.02282728272827283,0.13315051797684338,0.7746706103791342,-0.24710943802097338,0.11205012100026884,1859.5,,,2.1,Buy,1.86080826605299,Healthcare,
6871,"Micronics Japan Co., Ltd.",,,JP3750400008,0.13911,0.21736999,0.35062,0.07056,1.279,0.268999054198588,-0.07369436738632251,-0.036629411910335447,-0.02429500809402254,0.053200000000000004,17136789800.0,519143587840,27.700773,61.138763,5.684759,0.061014263074484945,0.08071025020177562,0.055993690851735015,0.0493730407523511,-0.08538251366120218,0.4189693801344287,-0.566840926064227,-0.07393577296489919,13390.0,,,,,0.4530803640891459,Technology,
6890,Ferrotec Corporation,,,JP3802720007,0.04597,0.083809994,0.15387,0.41593,6.985,-0.19691496692563926,-0.5982799010769466,-0.4952747991021441,-0.2505327762663557,0.016399999999999998,7421411800.0,491228364800,33.112103,20.744343,1.5182168,0.01107419712070875,0.04223744292237443,0.05916473317865429,-0.025613660618996798,0.028153153153153154,0.4786418400876232,0.4238773274917853,0.45125958378970427,9130.0,,,,,1.5961991662016,Technology,
6902,DENSO Corporation,,,,0.03934,0.056149997,0.04398,0.25468,-0.105,0.21507351712130776,-0.2975326054539078,-0.24064496553619275,-0.21470132400657102,0.038599999999999995,12549971650.0,4801174175744,11.750628,9.931542,0.9389957,-0.013140943055913424,0.0023554043444124575,-0.0031233732431025507,0.014032300767805136,-0.005194805194805195,0.40992167101827676,-0.1279373368146214,0.106469451697128,1915.0,,,2.5,Buy,1.1831624938000564,Consumer Cyclical,
6914,"OPTEX GROUP Company, Limited",,,JP3197700002,0.08214,0.107889995,0.13715,0.07526,0.596,0.3830756867638041,-0.2979468837542697,-0.24374950500650563,-0.09928236343457872,0.0241,447298000.0,112619388928,14.57699,18.52286,1.8802809,0.0031746031746031746,0.032679738562091505,0.03776683087027915,0.03436988543371522,-0.14709851551956815,,,,3160.0,,,,,0.7869729620587749,Technology,
6920,Lasertec Corporation,,,,0.19749,0.33618,0.44412997,,-0.349,0.45257200508308004,-0.0363258565511859,-0.06441527669524556,-0.1419349449230721,0.0108,141327940500.0,3503662563328,45.248817,35.79113,14.193606,0.08704115684093437,0.09834223096375386,0.13074920451258318,0.10799319727891156,-0.09785368105238865,0.7907393195190586,-0.36045024302890766,0.24744180097211563,39090.0,,,2.2,Buy,1.2642466722900338,Technology,
6929,"Nippon Ceramic Co., Ltd.",,,JP3725200004,0.07206,0.19934,0.21948,0.00136,-0.562,-0.29731286586125294,-0.40288020222468574,-0.32734429266033804,-0.018165652001087818,0.045,293861500.0,74492878848,14.143997,20.683403,1.6446977,-0.004092769440654843,0.005509641873278237,0.012482662968099861,0.0110803324099723,-0.06649616368286446,0.3150684931506849,-0.0136986301369863,0.1506849315068493,3650.0,,,,,0.6838331680720044,Technology,
6941,"Yamaichi Electronics Co.,Ltd.",,,JP3934200001,0.14419,0.0,0.29929,0.11413999999999999,0.556,0.01404903309003165,-0.40683454172188876,-0.28936611135867024,0.08523124189156438,0.0209,1985351000.0,148024492032,16.28658,24.737816,3.0171144,0.04563233376792699,0.07076101468624833,0.05111402359108781,0.05111402359108781,-0.07068366164542295,0.5586034912718204,-0.0773067331670823,0.305070698254364,8020.0,,,1.3,Strong Buy,0.658367739496486,Technology,
6946,"Nippon Avionics Co., Ltd.",,,JP3686200001,0.12347999,0.14109,0.20809,0.9068600000000001,2.079,0.07670551797212491,0.48869410121918305,0.25535236639554565,-0.18207589755936077,0.0021,1761855000.0,107958337536,28.818443,46.779877,6.3203244,0.02097902097902098,0.12135176651305683,0.16987179487179488,0.14420062695924765,0.23519458544839256,-0.0410958904109589,-0.0410958904109589,-0.0410958904109589,7300.0,,,,,0.6160435821582002,Industrials,
6954,Fanuc Corporation,,,JP3802400006,0.060700003,0.20131999,0.23153,,0.347,-0.19916302765647748,-0.5104840940525588,-0.341779771091658,-0.23159784842448014,0.0183,24624045600.0,5437682876416,32.786148,33.805096,2.8855162,0.010010355540214014,0.023792862141357594,0.02040104620749782,0.0006839945280437756,-0.08989113530326594,0.48667122351332875,-0.0430622009569378,0.25332267600820235,5852.0,,,2.4,Buy,0.9698581539304014,Industrials,
6960,"Fukuda Denshi Co., Ltd.",,,JP3806000000,0.07705,0.1357,0.14823,0.00912,0.13,0.8239075478512098,-0.16396885887132284,0.02023715415019758,0.38937593521697045,0.013300000000000001,649848800.0,326081708032,17.667896,19.010868,1.6998435,-0.007401315789473684,0.026360544217687076,0.03427592116538132,0.030742954739538857,0.018565400843881856,-0.09693454846727423,-0.19635459817729908,-0.14664457332228667,12070.0,,,3.0,Hold,0.9293576705703285,Healthcare,
6963,"ROHM Co., Ltd.",,,,,-0.30435,0.070989996,0.51627,2.038,-0.3562036210077835,-0.4155190624689042,-0.3030606289165129,-0.39972492935425247,0.0108,14120809920.0,1794291007488,,53.492924,2.3178554,0.03935599284436494,0.030370206162713367,0.01551234433034739,-0.05065359477124183,0.010434782608695653,0.7857142857142857,-0.2469879518072289,0.24784853700516352,4648.0,,,2.4,Buy,,Technology,
6966,"Mitsui High-tec, Inc.",,,JP3892400007,0.045149997,0.037,0.10738,0.76444,0.664,0.0005271744986070071,-0.14014770845269284,0.4693051070724968,-0.13400615636519117,0.0213,4319205600.0,162646884352,18.248924,13.768564,1.305803,0.028901734104046242,0.03248259860788863,0.02534562211981567,-0.010011123470522803,-0.06903765690376569,0.34831460674157305,-0.07865168539325842,0.16853932584269662,890.0,,,2.7,Hold,1.3254050313453167,Technology,
6971,Kyocera Corporation,,,JP3249600002,0.0189,0.07764,0.09345999,0.10172,0.752,0.5551330315570288,-0.3681726259406908,-0.1953389322774513,-0.36752158038356586,0.0154,17788930700.0,4646366085120,35.46217,40.63687,1.420742,0.02191626861477943,0.030019824412347778,0.024218529991551677,0.06782149148561362,-0.05039164490861619,0.29227385207588674,-0.5875721748693978,-0.02722023645861974,3637.0,,,2.5,Hold,0.8726599760266969,Industrials,
6976,"Taiyo Yuden Co., Ltd.",,,,0.02199,0.0499,0.05017,0.40270000000000006,,0.04105977775634106,0.20536946481727533,0.19551647364523,0.17869835802897394,0.0096,271807125000.0,1173252210688,86.95854,50.056065,3.3159678,0.041666666666666664,0.01935413721865826,0.018025844282766858,0.044917521176995094,-0.05674615152429822,1.7733333333333334,-0.68,0.6333333333333333,9375.0,,,2.3,Buy,1.7372228520160344,Technology,
6981,"Murata Manufacturing Co., Ltd.",,,JP3914400001,0.075100005,0.13854,0.19601999,0.02009,0.665,-0.10318338547804246,-0.25147244793783496,-0.21948548284157907,-0.24024971341979365,0.009000000000000001,163229030020.0,14071779819520,60.977142,32.718,5.122023,0.044677701520656705,0.04919583727530748,0.0559031556039173,0.08908529741863075,0.046085433230022906,1.1898750483060672,-0.45897204688908927,0.3060529434496972,7763.0,,,1.4,Strong Buy,1.863718503576013,Technology,
6988,Nitto Denko Corporation,,,,0.08402,0.12913999,0.18114,,0.111,0.41035144816201286,-0.14378491992791254,-0.11693960034429858,-0.23355745518484522,0.0189,10405940520.0,2237273735168,17.152712,17.647673,1.958248,-0.006754772393538913,0.047383090740167236,0.05522620904836194,0.06519685039370078,-0.030667813126970478,0.33057362507392074,-0.05381431105854524,0.10585452395032525,3382.0,,,,,0.9719531861226123,Basic Materials,
6995,"Tokai Rika Co., Ltd.",,,JP3566600007,0.04153,0.04384,0.04644,0.026760000000000003,-0.127,0.2896894810624387,-0.2669167923741743,-0.12440653415949145,-0.28984771209480154,0.0374,378606650.0,277901017088,9.250708,12.409494,0.7817115,-0.007739938080495356,0.023961661341853034,0.023961661341853034,0.049099836333878884,0.04567699836867863,0.0358814352574103,-0.06396255850234009,-0.03068121684867388,3205.0,,,3.0,Hold,0.7454540853962296,Consumer Cyclical,
6999,KOA Corporation,,,JP3283400004,0.01705,0.06762,0.040799998,0.47479999999999994,2.886,-0.4556094244482036,-0.6540281788060589,-0.6092789795135329,-0.4939170109131266,0.0277,920708820.0,84338802688,21.321941,42.117954,0.92675906,0.033682294037323625,0.05923507462686567,0.07783578547698149,0.06719924812030076,-0.11427457098283932,0.32100396301188905,0.32100396301188905,0.32100396301188905,2271.0,,,,,0.5062435131583077,Technology,
7004,Kanadevia Corporation,,,,0.013940001,0.02247,-0.01699,0.6802800000000001,,0.3247754428713044,-0.443258839596561,-0.25285986480418454,0.1369035317752738,0.0323,1118105520.0,197862637568,17.761667,8.771537,1.0074626,-0.007594936708860759,0.012919896640826873,0.025283347863993024,0.019064124783362217,-0.045454545454545456,0.1054421768707483,0.1054421768707483,0.1054421768707483,1176.0,,,3.0,Hold,2.0249207179995934,Industrials,
7011,"Mitsubishi Heavy Industries, Ltd.",,,JP3900000005,0.04144,0.07763,0.10626,0.26356,0.973,-0.06233711852038188,0.34054459221240857,0.05996870310639891,-0.20984747805517182,0.0077,63892483020.0,13034252664832,55.557148,41.858208,4.110704,-0.0020581425263699513,0.04809510942988381,0.04696356275303644,0.01730920535011802,-0.02976488244122061,0.6499097705594226,-0.2266047950502707,0.40515029646816203,3879.0,,,1.5,Strong Buy,1.3272701019594533,Industrials,
7012,"Kawasaki Heavy Industries, Ltd.",,,JP3224200000,0.02792,0.05053,0.051859997,0.92947,2.69,-0.16856176450667204,0.01587951351397685,-0.08316541950116568,-0.17520401018030995,0.0166,29382629325.0,2099603046400,18.587662,4.2145762,2.2705874,-0.006815365551425031,0.01370151770657673,0.03686934023285899,-0.005583126550868486,-0.16175701586194877,1.0378457059679767,0.039717196922437095,0.5031339571636515,2404.5,,,1.9,Buy,4.410327662363775,Industrials,
7013,IHI Corporation,,,,0.04947,0.12077,0.19548,0.67304,3.611,-0.16131696816750687,0.029000353450208027,-0.045213733666999316,-0.06492372320567422,0.008100000000000001,37029500550.0,3024111796224,18.797363,4.9320493,4.341216,0.003518029903254178,0.028854824165915238,0.07035647279549719,0.018568112836993392,0.08110668940685996,0.4723926380368098,0.051709027169149865,0.24487291849255038,2852.5,,,2.1,Buy,3.811268269358135,Industrials,
7014,"Namura Shipbuilding Co., Ltd.",,,JP3651400008,0.081590004,0.14671,0.22496,0.14843,0.608,0.05283476297762075,0.16416735344678662,0.2291724248509235,0.3018685942465743,0.0118,9158600100.0,352593346560,16.447155,,2.5488608,0.001976284584980237,0.06736842105263158,0.10698689956331878,0.03575076608784474,0.1628440366972477,0.1834319526627219,0.14398422090729784,0.16370808678500987,5070.0,,,,,,Industrials,
7102,"Nippon Sharyo, Ltd.",,,JP3713600009,0.056649998,0.12949,0.12362,0.35953,1.012,0.005494943059648,-0.4632148123873505,-0.45236381892728644,-0.3105600654887782,0.0138,98699700.0,52378099712,4.492352,,0.6203035,0.001379310344827586,0.025423728813559324,0.03418803418803419,0.012552301255230125,0.04610951008645533,,,,3630.0,,,,,,Industrials,
7128,UNISOL Holdings Corporation,,,JP3828100002,0.016649999,0.01163,0.010679999,0.031110000000000002,-0.182,-0.4204901642888024,-0.5706914344685243,-0.32810952770482626,-0.09518017664547962,0.0355,221880120.0,68220964864,36.09985,16.21514,0.9416217,-0.01893939393939394,0.0024630541871921183,0.018227305218012867,0.035247093023255814,-0.05662251655629139,,,,2849.0,,,,,2.226305169119724,Industrials,
7130,"Yamae Group Holdings Co.,Ltd.",,,JP3934350004,0.0272,0.013099999,0.01302,1.0473999999999999,2.537,0.04197186896148834,-0.2554966237528914,-0.12459374772280116,-0.09106867788531406,0.0285,184186130.0,77994123264,7.0323453,,0.70787174,-0.011611541168191415,0.006810035842293907,0.015178894109143477,0.00035612535612535614,-0.02193593314763231,,,,2809.0,,,,,,Industrials,
7148,"Financial Partners Group Co.,Ltd.",,,JP3166990006,0.10297,0.18240999,0.34559,0.82411,0.375,0.17378888391464195,-0.15315162000926535,-0.13013918511840633,-0.09274424720578561,0.0537,864536200.0,144613736448,9.372117,5.380062,2.410651,-0.006900517538815411,0.021289178001182733,0.027976190476190477,0.031044776119402984,0.06015960712093309,,,,1727.0,,,,,1.7420091069582468,Real Estate,
7157,Lifenet Insurance Company,,,JP3966660007,0.05524,0.21621001,0.24375999,,-0.248,-0.059307160600496775,-0.1744930805197246,-0.0023124115148654596,0.7127829959211165,,391444680.0,116654145536,14.5141945,-410.1695,1.2320496,-0.006839945280437756,0.002070393374741201,0.04235463029432879,0.055232558139534885,-0.14437242192103714,0.5151515151515151,0.03305785123966942,0.2741046831955923,1452.0,,,,,,Financial Services,
7164,"ZENKOKU HOSHO Co.,Ltd.",,,JP3429250008,0.051960003,0.56055,0.65613,0.12347,0.109,-0.22973880496780955,-0.3381731645882589,-0.36040973111395647,-0.3643577165784793,0.039,787422000.0,420002103296,12.953538,6.700495,1.7257746,-0.010658307210031349,0.0034976152623211448,0.011214354373598205,0.015117401093599228,0.01806451612903226,0.4892268694550063,0.01394169835234474,0.16603295310519645,3156.0,,,2.2,Buy,1.9332210530714522,Financial Services,
7167,"Mebuki Financial Group,Inc.",,,JP3117700009,0.00442,0.25542998,0.43924,,0.581,0.532120498960851,-0.1986080428535121,-0.03912938121113313,-0.091363995748804,0.0262,4541467280.0,1578645192704,18.903124,42.89722,1.4160823,-0.0020765351527736575,-0.0005941770647653001,0.00718562874251497,0.025609756097560974,0.033169533169533166,0.20689655172413793,0.07015457788347206,0.1272294887039239,1682.0,,,2.2,Buy,0.4406608167149293,Financial Services,
7172,"Japan Investment Adviser Co., Ltd.",,,JP3389470000,0.04934,0.30143,0.36758998,1.7526,-0.201,-0.21634670725312388,-0.5378472131204838,-0.545348767468362,-0.5830624000781068,0.050499999999999996,285636800.0,132768899072,10.582064,13.060476,1.6123886,0.001405152224824356,0.036354823073194376,0.03135552339604438,0.020038167938931296,0.05894006934125805,0.028999064546304958,0.028999064546304958,0.028999064546304958,2138.0,,,,,0.8102357065699597,Industrials,
7173,"Tokyo Kiraboshi Financial Group, Inc.",,,JP3584400000,0.00604,0.25077,0.28386,,0.465,0.3310707956873233,-0.35291969105315363,-0.25680358434119294,-0.48235781051964516,0.0176,1936531550.0,485775015936,13.227844,,1.2289407,-0.004107981220657277,-0.0011771630370806356,0.012529832935560859,0.03728606356968215,-0.017371163867979156,,,,1697.0,,,,,,Financial Services,
7177,"GMO Financial Holdings, Inc.",,,JP3386550002,0.00784,0.2201,0.31924,4.37891,-0.374,0.0035147983882656674,-0.2776251376897233,-0.24733716801810884,-0.057681922698953406,0.0489,213070130.0,139581456384,12.970069,,4.542854,0.017196904557179708,0.018949181739879414,0.02158894645941278,0.03318777292576419,0.07545454545454545,,,,1183.0,,,,,,Financial Services,
7180,"Kyushu Financial Group, Inc.",,,JP3246500007,0.00269,0.16680999,0.50018,,-0.048,1.3173447829148903,-0.1494235806934001,-0.0639721096340806,-0.08152598411846157,0.0226,2047747300.0,706019328000,19.157438,22.343542,0.90356225,0.032615384615384616,0.04094292803970223,0.0386877127824203,0.07015306122448979,0.09422888816432996,0.13230035756853398,0.013110846245530394,0.07270560190703218,1678.0,,,,,0.8574038082234231,Financial Services,
7181,"Japan Post Insurance Co., Ltd.",,,,,0.0495,0.21801001,1.02945,0.021,0.24674565354817318,-0.13127165709403327,-0.10141219604314895,0.0393948485650693,0.0278,3775135060.0,1950069030912,11.792267,7.8573923,0.41816685,-0.007719878687620623,0.020703346568349403,0.018104667609618104,0.0544975095224143,0.02799200228506141,0.23923312031119756,-0.19977771603223118,-0.0013892747985551543,1799.5,,,2.2,Buy,1.5007863359450693,Financial Services,
7182,"JAPAN POST BANK Co., Ltd.",,,JP3946750001,0.00266,0.30753002,0.44541,,0.702,0.33606752268642337,-0.32487076817460203,-0.20643668811449561,-0.13580729249350704,0.0285,16695653760.0,11626321281024,22.172405,27.842701,1.2587328,-0.006695069993913573,0.001226993865030675,-0.007902735562310031,0.016822429906542057,0.009900990099009901,0.25612745098039214,-0.12683823529411764,0.08394607843137254,3264.0,,,2.0,Buy,0.7963453330192355,Financial Services,
7184,"The First Bank Of Toyama, Ltd.",,,JP3632150003,0.01082,0.33032,0.55354,,0.606,0.5578820362132082,-0.32398902270304597,-0.10507950333745147,-0.25188577141664603,0.0212,619614800.0,215106355200,14.792652,,1.116425,0.007122507122507123,0.033625730994152045,0.020202020202020204,0.08936825885978428,0.1348314606741573,,,,3535.0,,,,,,Financial Services,
7186,"Yokohama Financial Group, Inc.",,,,,0.2792,0.44278,,0.217,0.9570770820494917,-0.052952936194518525,0.0954927742546886,0.0760957702180251,0.0254,7866167070.0,2094530691072,20.080877,25.472462,1.4410433,-0.005795574288724974,-0.00026490066225165563,-0.00631911532385466,0.01834862385321101,0.036243822075782535,0.2983571807101219,0.0598834128245893,0.16351653418124001,1887.0,,,1.8,Buy,0.7883367143702089,Financial Services,
7187,"J-Lease Co.,Ltd.",,,JP3386590008,0.11151,0.10288999,0.15541,0.82789,-0.205,0.04596191726854885,-0.27988309790550414,-0.17686250757116903,0.022069985848449766,0.0444,64544480.0,24106938368,9.804207,10.448223,3.2706144,0.003711952487008166,0.020377358490566037,0.03048780487804878,0.025796661608497723,0.004457652303120356,,,,1352.0,,,,,0.9383611930947492,Real Estate,
7189,"Nishi-Nippon Financial Holdings, Inc.",,,JP3658850007,0.00349,0.22153999,0.39588,,0.832,0.44851316444665745,0.15307247801537383,0.12558571097193227,-0.006383403938645598,0.0282,2197513160.0,691398180864,17.241499,20.726513,1.0800228,-0.0034129692832764505,0.009969481180061038,0.02013974517057131,0.05258693808312129,0.0878807801884725,0.25906526994359386,0.10797743755036261,0.18352135374697826,4964.0,,,1.5,Strong Buy,0.8318571966254044,Financial Services,
7198,SBI ARUHI Corporation,,,JP3126290000,,0.0,0.38342997,2.74723,0.46,-0.07951008800171706,-0.4448296979827142,-0.3671958874151496,-0.12532154477777216,0.0475,75070800.0,37339942912,20.704954,14.838367,0.895872,-0.0023752969121140144,0.004784688995215311,0.010830324909747292,0.009615384615384616,0.028151774785801713,0.08333333333333333,0.08333333333333333,0.08333333333333333,840.0,,,,,1.3953660803779824,Financial Services,
7199,"Premium Group Co., Ltd.",,,JP3833710001,0.029749999,0.14366001,0.20642,3.24243,0.408,0.23458093548526682,-0.3758078748420024,-0.3108815731330093,0.09382117120440736,0.030600000000000002,371531910.0,83012804608,13.660994,12.019069,3.241121,0.024378585086042064,0.0327710843373494,0.05722742969906265,0.04792176039119805,0.010849056603773584,0.9598693420438638,0.9598693420438638,0.9598693420438638,2143.0,,,1.0,Strong Buy,1.136609998661294,Financial Services,
7201,"Nissan Motor Co., Ltd.",,,JP3672400003,0.00693,-0.03372,0.02628,1.7241499999999998,,-0.023342807157474818,-0.3687136354206472,-0.3195005009842106,-0.001256752381522704,,9707536323.0,1091920199680,,-21.288343,0.22389887,-0.0012792203115310403,-0.0009597124045361291,0.0019248885770663663,0.01627078556996176,-0.06803940820124149,0.9852705731668266,-0.10342619276336859,0.2407941082292667,312.3,,,3.1,Hold,,Consumer Cyclical,
7202,Isuzu Motors Limited,,,,0.03943,0.04089,0.08979999,0.60175,0.274,0.10590576864027113,-0.3841092391087423,-0.3172083387963813,-0.1619173204250821,0.0425,5274496155.0,1519137718272,11.4545555,8.687706,1.0076973,-0.00874439461883408,0.007979936160510716,0.009360730593607305,0.019603321033210334,-0.03048245614035088,0.40239764759104274,-0.14046595792807057,0.16576475910427496,2210.5,,,2.2,Buy,1.318478721540531,Consumer Cyclical,
7203,Toyota Motor Corporation,,,,0.02339,0.0863,0.07863,1.14974,0.869,0.636347382670889,-0.32738642156022796,-0.2526183766887258,-0.3226407811662722,0.0331,73276148000.0,35821549780992,8.605729,9.330085,0.9601358,-0.002966381015161503,0.0013240648791790798,-0.001979544704717915,0.018175698418041064,0.013909837439249204,0.6198347107438017,-0.03140495867768595,0.22268813223140502,3025.0,,,1.7,Buy,0.9223634082647693,Consumer Cyclical,
7211,Mitsubishi Motors Corporation,,,JP3899800001,0.0224,0.00368,0.01627,0.43011000000000005,0.909,-0.12463089496878262,-0.5011094736309321,-0.49438842508862046,-0.3575683736683546,0.0271,3236890388.0,493316800512,49.278076,4.0390096,0.5384929,-0.01443850267379673,0.023320342888108324,0.0016304347826087574,0.03336133273262109,0.06809618510825345,0.35648399348887677,-0.10472056429734135,0.014423928377645024,368.6,,,3.1,Hold,12.200534507271287,Consumer Cyclical,
7220,"Musashi Seimitsu Industry Co., Ltd.",,,JP3912700006,0.04349,0.0041,0.05473,0.78631,0.11,-0.22394172464274506,-0.6315883632580592,-0.47850454290452255,-0.3895214110640468,0.0143,2325688020.0,183645519872,144.95602,15.773475,1.4681302,0.018168604651162792,0.028634361233480177,0.03280501290084777,0.009365994236311239,-0.2051063829787234,1.926481084939329,0.2491077801570307,1.3197715917201998,2802.0,,,2.0,Buy,9.189859558531015,Consumer Cyclical,
7222,"Nissan Shatai Co., Ltd.",,,JP3672000001,0.03945,0.02104,0.04839,,1.222,1.0217414071172737,-0.0789338725511744,0.0343906357585495,0.23039925100764844,0.0194,92902080.0,125700079616,18.249754,,0.6749975,-0.008547008547008548,0.010893246187363835,0.004329004329004329,0.017543859649122806,-0.002150537634408602,,,,928.0,,,,,,Consumer Cyclical,
7224,"ShinMaywa Industries, Ltd.",,,JP3384600007,0.03865,0.04302,0.03271,0.38864,1.074,-0.108086275990852,-0.2810891883745338,-0.24413214049187873,-0.10142912086799857,0.0296,268186800.0,129640955904,11.261131,17.705511,1.0438186,-0.005580923389142567,0.02510460251046025,0.033210332103321034,0.03103629668595476,-0.031141868512110725,,,,1960.0,,,,,0.6360240605312097,Industrials,
7226,"Kyokuto Kaihatsu Kogyo Co.,Ltd.",,,JP3256900006,0.03095,0.05742,0.03458,0.35853,,0.13749241372430013,-0.19124280063840127,-0.13074566801110285,0.06683456047383352,0.0519,478537760.0,89026822144,24.095884,13.770102,0.791786,-0.006446067898581865,0.00960698689956332,0.02075055187637969,0.015817223198594025,0.0052173913043478265,0.40570934256055363,0.40570934256055363,0.40570934256055363,2312.0,,,,,1.7498696814301014,Industrials,
7231,"Topy Industries, Limited",,,JP3630200008,0.01572,0.03073,0.00899,0.46762,-0.806,-0.21676000829703382,-0.0355158050006753,0.19498436728649005,-0.09409333562941279,0.042800000000000005,172610050.0,67638472704,6.7796974,9.810323,0.47798112,-0.0109717868338558,0.014469453376205787,0.051666666666666666,0.04643449419568822,0.08943370165745856,-0.017432646592709985,-0.017432646592709985,-0.017432646592709985,3155.0,,,3.0,Hold,0.6910778982506488,Consumer Cyclical,
7236,"T.RAD Co., Ltd.",,,JP3620200000,0.06943,0.05382,0.068909995,0.41731999999999997,0.104,0.1405844155844156,-0.21997045632179302,-0.1716427195970967,-0.15848885045994643,0.055099999999999996,465357120.0,84236394496,10.070385,,1.5817772,-0.011295681063122924,0.014314928425357873,0.030470914127423823,0.018480492813141684,-0.03188028627195836,,,,1488.0,,,,,,Consumer Cyclical,
7238,"Akebono Brake Industry Co., Ltd.",,,JP3108400007,0.02734,0.01285,0.03773,0.62311,,-0.14737152522283806,0.5212189607022967,0.5334521733639662,0.8868430836278614,,405219240.0,29314441216,31.671553,5.744681,0.57446504,0.0,0.018867924528301886,0.038461538461538464,0.038461538461538464,-0.01818181818181818,,,,108.0,,,,,5.513196120028248,Consumer Cyclical,
7239,"TACHI-S Co., Ltd.",,,JP3465400004,0.046290003,0.03957,0.030280001,0.03706,68.755,0.15607615280009887,-0.23946762733913737,-0.07576272702871976,-0.05903878994876807,0.0484,196495200.0,81545576448,8.764294,9.814126,0.7529393,-0.0016806722689075631,0.016253207869974338,0.03982494529540481,0.0316977854971776,0.04119193689745837,0.0016835016835016834,0.0016835016835016834,0.0016835016835016834,2376.0,,,,,0.8930284775231131,Consumer Cyclical,
7240,NOK Corporation,,,JP3164800009,0.02263,0.06644,0.04221,0.09712,0.623,0.3361831518466231,-0.11651527762699182,-0.024406626408757636,-0.12548944025021241,0.046799999999999994,1100363445.0,470161031168,10.5042305,16.223764,0.7518859,-0.019501802687643396,0.007917789757412398,-0.009764978483945714,0.010471204188481676,0.0035223079503522306,0.15661039612234665,0.002841383921109811,0.05799766003677085,2991.5,,,2.5,Buy,0.6474595229565716,Consumer Cyclical,
7241,"Futaba Industrial Co., Ltd.",,,JP3824000008,0.035639998,0.023039998,0.02078,0.34934,-0.052,0.3807777316061115,0.09894249062058247,0.19207976407807903,0.011910837185413446,0.0415,414513880.0,98947768320,6.176487,5.4180927,0.7106058,-0.005385996409335727,0.010948905109489052,0.032618825722273995,0.03551401869158879,0.06333973128598848,0.2364620938628159,0.2364620938628159,0.2364620938628159,1108.0,,,,,1.139974404646122,Consumer Cyclical,
7242,KYB Corporation,,,JP3220200004,0.03443,0.05104,0.07909,0.57228,-0.234,2.7794651069959557,-0.1925644275454162,-0.20599183947236036,-0.07068114511352419,0.0227,531810000.0,191095619584,7.518797,7.622441,0.83462054,-0.0021008403361344537,0.021505376344086023,0.019313304721030045,0.019313304721030045,0.05555555555555555,0.2631578947368421,0.2631578947368421,0.2631578947368421,4750.0,,,,,0.9864027809464186,Consumer Cyclical,
7245,"Daido Metal Co., Ltd.",,,JP3491800003,,0.0,0.05709,0.69987,0.737,-0.46300229110653124,-0.6432119595106665,-0.5873268961322486,-0.5459961331636948,0.0319,388443740.0,51964784640,12.047807,16.627394,0.6396814,0.0,0.025431425976385105,0.018034265103697024,0.005342831700801425,-0.26112565445026176,0.06288751107174491,0.06288751107174491,0.06288751107174491,1129.0,,,3.0,Hold,0.7245757813882321,Consumer Cyclical,
7246,"Press Kogyo Co., Ltd.",,,JP3833600004,0.04566,0.04571,0.07414,0.04689,0.793,0.016208989597361327,-0.2901674770394382,-0.2750364477027534,0.016639303781417328,0.0496,342195840.0,98333368320,11.7373085,13.228347,0.81716233,-0.009823182711198428,0.01002004008016032,0.017154389505549948,0.012048192771084338,0.05660377358490566,0.19047619047619047,0.19047619047619047,0.19047619047619047,1008.0,,,,,0.8872845942127161,Consumer Cyclical,
7259,Aisin Corporation,,,JP3102000001,0.03171,0.03146,0.02782,0.28868,-0.15,0.6839208687688847,-0.25570444469012216,-0.13066578359240638,-0.06794947311420677,0.0336,5913280590.0,1557786656768,16.207096,9.783608,0.7369276,-0.02189621195533173,0.005628095452498875,0.0013449899125756557,0.02149554081865996,-0.0042353990191707535,0.6118200134318335,-0.014998880680546228,0.18946348779941805,2233.5,,,2.3,Buy,1.6565561498375652,Consumer Cyclical,
7261,Mazda Motor Corporation,,,JP3868400007,0.01953,0.02093,0.02554,0.44479,,0.005648741282739826,-0.4731990947602448,-0.3866776670924923,-0.12277951808408795,0.0475,7366179340.0,730032570368,20.790655,4.221087,0.3804831,-0.012377294067434912,0.008278867102396514,0.014912280701754385,0.03488372093023256,0.0,0.5557476231633535,-0.049265341400172864,0.12606499567847876,1157.0,,,2.6,Hold,4.925426791724502,Consumer Cyclical,
7267,"Honda Motor Co., Ltd.",,,JP3854600008,-0.00154,-0.00754,0.08756,1.13838,1.475,0.027444258005271747,-0.42428847202469494,-0.3954136251669949,-0.14727263571331167,0.0414,20952061890.0,6575304998912,,7.403349,0.53191924,-0.01141352063213345,0.00835820895522388,0.015024038461538462,0.04259259259259259,0.03271170895750535,0.3025458851391356,-0.2895204262877442,0.013478271166370587,1689.0,,,2.5,Buy,,Consumer Cyclical,
7269,Suzuki Motor Corporation,,,JP3397200001,0.060900003,0.0789,0.09263,0.17348,0.8,0.013582079772944853,-0.3643612592850696,-0.29781159050293593,-0.2702829357174794,0.0256,11659296480.0,3912567357440,8.904891,11.506383,1.1054741,-0.009281875915974597,0.000493339911198816,-0.009281875915974597,0.019351595878361397,0.025537294563843238,0.47928994082840237,-0.11242603550295859,0.2605871301775147,2028.0,,,1.6,Buy,0.7739087947967662,Consumer Cyclical,
7270,Subaru Corporation,,,JP3814800003,0.00074,0.01767,0.03401,0.13140000000000002,-0.08,0.3025128907875572,-0.44588979359209013,-0.2873560987612819,-0.050378963650425275,0.0441,9752701725.0,1831078854656,20.964403,5.8974414,0.66894436,-0.020100502512562814,0.0013313046785850132,0.004962779156327543,0.030131089806300138,0.04671968190854871,0.36752136752136755,-0.27825261158594494,0.03197215574548916,2632.5,,,2.9,Hold,3.5548302353627457,Consumer Cyclical,
7272,"Yamaha Motor Co., Ltd.",,,JP3942800008,0.03928,0.02792,0.11991,0.7963899999999999,2.241,-0.12402079647787938,-0.46138913037907064,-0.37331047574008025,-0.07582469179888882,0.0275,10340675970.0,1767699513344,8.149838,9.622193,1.4125226,-0.006004366812227074,0.04086881966276079,0.0516892867455963,0.045050215208034435,-0.027243589743589744,0.15321252059308071,-0.31356397583745194,-0.047226798462383306,1821.0,,,2.9,Hold,0.8469834267510536,Consumer Cyclical,
7276,"Koito Manufacturing Co., Ltd.",,,JP3284600008,0.03908,0.0,0.06874,0.0023799999999999997,0.562,0.2769757172630218,-0.2972309740373176,-0.2473869202943425,-0.1519677209813622,0.0227,1918611195.0,680931360768,43.862995,17.416359,1.1108185,-0.011401869158878504,0.016138328530259365,0.017506733358984224,0.01927153594141453,-0.021461609620721554,0.1722442805823407,-0.09245604083947816,0.03542522215919826,2644.5,,,2.9,Hold,2.518493963060821,Consumer Cyclical,
7278,EXEDY Corporation,,,JP3161160001,0.04514,0.04674,0.06588,0.26631,0.254,0.8888153597579842,-0.0016749812130484932,0.21921322200223817,0.22340044394252104,0.059000000000000004,1646345900.0,212255850496,19.493114,19.80694,1.1250803,-0.01001669449081803,0.008503401360544218,0.020654044750430294,0.006791171477079796,-0.0050335570469798654,-0.0893760539629005,-0.0893760539629005,-0.0893760539629005,5930.0,,,2.0,Buy,0.9841557555079178,Consumer Cyclical,
7282,"Toyoda Gosei Co., Ltd.",,,JP3634200004,0.05461,0.055970002,0.07642,0.21634,0.456,0.4184869499348083,-0.24724358929654866,-0.13008898595130222,-0.2165136426986429,0.0195,2830866000.0,612456333312,10.582086,14.844816,1.0533453,-0.012105163608851902,0.016543402101985207,0.014371722664595066,0.026331302809982315,0.002302820955670697,0.3019337545471951,-0.019720467164464867,0.13608079647712043,5223.0,,,2.0,Buy,0.7128472323267597,Consumer Cyclical,
7283,"Aisan Industry Co., Ltd.",,,JP3101600009,0.04192,0.04143,0.06678,0.51192,0.254,-0.3641580439257324,-0.6037841791115199,-0.49897310938995737,-0.6504386502970995,0.038900000000000004,314544710.0,123715231744,Infinity,10.516317,0.84914523,0.0032527881040892194,0.023222748815165877,0.01983939537080775,-0.00963302752293578,-0.04044444444444444,0.25057897174617877,0.25057897174617877,0.25057897174617877,2159.0,,,,,,Consumer Cyclical,
7294,Yorozu Corporation,,,JP3961400003,0.019170001,0.01564,0.01699,0.60587,,16.031620220076732,-0.0896120740478717,-0.06276288659793809,0.24906262079628924,0.0378,91656380.0,18002610176,9.793815,5.4659166,0.32601017,-0.027808676307007785,-0.017977528089887642,-0.009070294784580499,-0.006818181818181818,-0.005688282138794084,,,,874.0,,,,,1.7917973721004086,Consumer Cyclical,
7296,"F.C.C. Co., Ltd.",,,JP3166900005,0.0523,0.07316,0.09797,0.02328,0.242,0.2617376131152863,-0.2548142521556878,-0.08366325737009699,0.32100899516629844,0.0429,545286000.0,199276331008,10.845987,15.188775,0.97910565,-0.0023752969121140144,0.010830324909747292,0.023142509135200974,0.038318912237330034,0.035758323057953144,0.16666666666666666,-0.18095238095238095,-0.06714285714285714,4200.0,,,2.6,Hold,0.7140791143459561,Consumer Cyclical,
7309,Shimano Inc.,,,JP3358000002,0.03427,0.121829994,0.1302,0.00379,,0.24157355451219042,-0.1636441674215792,-0.11334057167134792,-0.29437154294375323,0.0199,5237865000.0,1536851574784,27.247854,19.802034,1.7720352,-0.008433079434167573,0.017872102764590895,0.017303935249790677,-0.0027359781121751026,-0.06848964988499873,0.289437585733882,-0.12208504801097393,0.04574139917695467,18225.0,,,3.0,Hold,1.3760128883729823,Consumer Cyclical,
7313,"TS TECH Co., Ltd.",,,JP3539230007,0.0159,0.018,0.015360001,,1.781,0.3588479267866603,-0.12496558667830819,-0.07245791493033238,-0.09585060128837129,0.0501,592470120.0,214255386624,30.392643,17.729776,0.6876195,-0.008914100486223663,0.015218594355285003,0.011300992282249173,0.01747088186356073,0.013256006628003313,0.09021531752521122,-0.37312619242300354,-0.08312891796129736,1834.5,,,3.6,Underperform,1.714214719915243,Consumer Cyclical,
7322,"San ju San Financial Group,Inc.",,,JP3333500001,0.00261,0.13814999,0.13534,,-0.123,0.3924394319131162,-0.006217649145017064,0.7602137478746661,0.03558992831161491,0.021099999999999997,1000048660.0,217176260608,17.605871,,0.93126285,0.010653753026634382,0.03214638971315529,0.026561731431382195,0.0052986512524084775,0.08697916666666666,,,,2087.0,,,,,,Financial Services,
7327,"Daishi Hokuetsu Financial Group, Inc.",,,JP3483850008,0.00437,0.22284001,0.46576,,0.38,0.5271101220256507,-0.11525883662677426,0.023675161421555208,-0.09513217901105554,0.03,2125232640.0,699155611648,16.583666,,1.1713572,0.0037678975131876413,0.019127773527161437,0.012542759407069556,0.043478260869565216,0.11932773109243698,-0.08033033033033032,-0.08033033033033032,-0.08033033033033032,2664.0,,,,,,Financial Services,
7337,"Hirogin Holdings, Inc.",,,JP3796150005,0.00378,0.22167999,0.34070998,,0.221,0.5815722023096325,-0.3025089605734767,-0.19603258397541043,-0.20278431904969235,0.0292,1387609025.0,710911262720,16.474503,,1.180318,0.004393305439330544,0.016084656084656083,0.016730199068191443,0.043015424723006734,0.05912199426428414,0.1664236617371381,0.08310768589877109,0.12476567381795459,2400.5,,,,,,Financial Services,
7350,"Okinawa Financial Group, Inc.",,,JP3194750000,0.00403,0.18836,0.29878,,0.408,0.34507653996872767,-0.19564531609716154,-0.13825117248566968,0.46658082280531277,0.025099999999999997,610372800.0,169919250432,15.060355,21.232328,1.0297904,0.01272264631043257,0.019206145966709345,0.027096774193548386,0.05851063829787234,0.0324254215304799,-0.04522613065326633,-0.04522613065326633,-0.04522613065326633,7960.0,,,,,0.7093124691743646,Financial Services,
7366,LITALICO Inc.,,,JP3974470001,0.0748,0.07688,0.13233,1.73236,0.635,0.03443736349220596,-0.38949569229660064,-0.32775667816110216,0.0005693061771242959,0.008,150936580.0,64359645184,22.777777,22.143948,4.5728197,0.0064034151547491995,0.01945945945945946,0.055991041433370664,0.07894736842105263,0.1068075117370892,0.29374337221633084,0.29374337221633084,0.29374337221633084,1886.0,,,,,1.0286231253794489,Consumer Defensive,
7380,"Juroku Financial Group,Inc.",,,JP3392650002,0.00377,0.19016,0.33229,,0.26,1.352716282745437,-0.27053125801424316,-0.24280032912781127,-0.14601994386040185,0.0206,1149296610.0,482257272832,17.762556,,0.9326368,0.03183023872679045,0.040504394344669466,0.034181541967337636,0.07289204097714735,0.10198300283286119,,,,2723.0,,,,,,Financial Services,
7381,"CCI Group, Inc.",,,JP3851600001,0.0023100001,0.10298,0.33054,,0.346,0.19304383323247265,-0.1531857974226135,-0.06201356700019843,-0.263410161121732,0.0225,525585280.0,292976394240,23.810375,,1.1156803,-0.0007507507507507507,0.029389017788089715,0.041471048513302036,0.06309904153354633,0.09547325102880659,,,,1331.0,,,,,,Financial Services,
7383,"Net Protections Holdings, Inc.",,,JP3758270007,0.02141,0.07245,0.12777,0.53692,0.262,0.34291295046558024,-0.5166227375441677,-0.48052131489898225,0.11015842988186231,,252572760.0,39403188224,22.73249,36.0,1.820514,0.025906735751295335,0.02857142857142857,0.03937007874015748,0.01278772378516624,-0.13725490196078433,0.9696969696969697,0.4898989898989899,0.6603535353535354,396.0,,,,,0.6314580555555556,Financial Services,
7384,"Procrea Holdings, Inc.",,,JP3833850005,0.00067000004,0.04972,0.19400999,,0.108,0.20977762971599895,-0.0432630571315169,0.0009209544436962366,-0.04221271609850993,0.0184,570095700.0,153751470080,40.649796,,0.9033206,0.026465028355387523,0.05232558139534884,0.06262230919765166,0.10478128179043744,0.25549132947976877,,,,5430.0,,,,,,Financial Services,
7388,FP Partner Inc.,,,JP3167010002,0.08935001,0.05667,0.08479,0.09298999999999999,0.011,-0.03335428451707522,-0.5292837299882579,-0.47466385446875825,-0.24557594747836464,0.0398,53100000.0,54452649984,31.643871,10.374538,4.920716,0.008547008547008548,0.019878997407087293,0.022530329289428077,0.03282275711159737,0.1043518951801591,-0.08898305084745763,-0.08898305084745763,-0.08898305084745763,2360.0,,,,,3.050147486085646,Financial Services,
7389,"Aichi Financial Group, Inc.",,,JP3104790005,0.00467,0.28855,0.44638002,,2.822,0.4840798132031416,-0.2232898561672904,0.28008468288436233,0.10933386517750295,0.0152,2016085290.0,481860517888,22.220974,,1.0405986,-0.004531722054380665,0.004573170731707317,-0.001010611419909045,0.0544,0.19528415961305925,,,,1977.0,,,,,,Financial Services,
7414,"Onoken Co., Ltd.",,,JP3196700003,0.01439,-0.0085,0.01805,0.63052,0.118,-0.09138538722890806,-0.13547515421331827,-0.1630628164773505,0.0032591346361245193,0.0481,62307700.0,35060641792,,,0.37826926,-0.0013917884481558804,0.01556970983722576,0.016288951841359773,0.022808267997148968,0.013418079096045197,,,,1435.0,,,,,,Industrials,
7421,"Kappa Create Co., Ltd.",,,JP3212400000,-0.01339,-0.020480001,-0.04186,0.6975,,-0.2720250478917337,-0.38969013685031545,-0.20207047581126822,-0.1458873283153566,0.0031,108415900.0,80641703936,,,8.545265,-0.002442002442002442,-0.003050640634533252,0.01806853582554517,0.004920049200492005,0.05487411233053583,,,,1634.0,,,,,,Consumer Cyclical,
7433,"Hakuto Co., Ltd.",,,JP3766400000,0.031519998,0.029749999,0.04265,0.8161,1.217,0.013586708733791714,-0.08694875915015181,0.060770293817220475,0.006649045083950758,0.0302,465661100.0,102980354048,20.533802,,1.489245,-0.01263537906137184,-0.005454545454545455,0.011090573012939002,0.045889101338432124,0.012962962962962963,,,,5470.0,,,,,,Technology,
7438,Kondotec Inc.,,,JP3306050000,0.04741,0.0,0.05459,0.21934,0.339,-0.09609328453485409,-0.16682967309801142,-0.02974815639348832,0.7674129353233833,0.0322,76014000.0,46142926848,13.96648,17.142857,1.1927243,0.007274762171236709,0.03986135181975736,0.04590354445090064,0.04468949506674405,0.2,,,,1800.0,,,,,0.8147113401225946,Industrials,
7447,"Nagaileben Co., Ltd.",,,JP3647000003,0.04991,0.0,0.26264998,,0.053,-0.13543858342487947,-0.4747018396921722,-0.4247455433311761,0.1614185385582336,0.0426,98360520.0,48600543232,20.080614,17.250786,1.2497387,-0.011425135297654841,-0.004239854633555421,0.0024390243902439024,-0.0006079027355623101,-0.03211558630009614,,,,1644.0,,,,,1.1640405254577966,Consumer Cyclical,
7453,"Ryohin Keikaku Co., Ltd.",,,JP3976300008,0.09875,0.07442,0.14185001,0.23742000000000002,0.34,-0.254608780983807,-0.5026813170129993,-0.38494166456444656,-0.48186090693080375,0.008100000000000001,10307298750.0,2094117552128,35.0885,25.049208,5.730072,-0.004290762241292277,-0.014489133150137397,-0.0149812734082397,-0.03427172582619339,-0.09903434032770761,0.47021546261089986,-0.11280101394169835,0.21292775665399238,3945.0,,,1.5,Strong Buy,1.400782811177104,Consumer Cyclical,
7456,"MATSUDA SANGYO Co., Ltd.",,,JP3868500004,0.0939,0.02849,0.049450003,0.36227,1.538,0.5907543252595155,-0.3173507792810242,-0.2465041902336462,0.5684210526315789,0.0163,899443600.0,189679583232,11.337833,20.905724,1.5131377,0.044096728307254626,0.06997084548104957,0.08100147275405008,-0.01740294511378849,0.24196277495769883,,,,7340.0,,,1.0,Strong Buy,0.5423315164784535,Basic Materials,
7458,"Daiichikosho Co., Ltd.",,,JP3475200006,0.056350004,0.09481,0.12127,0.43844,-0.102,1.3274513801653436,0.6755755920768142,0.59916035548978,-0.02458388939540088,0.0361,670349580.0,194555314176,12.270178,13.1783495,1.5743263,-0.009212950776520137,0.006955591225254147,0.029258955427946404,0.03863134657836645,0.0775837389063842,-0.04357066950053135,-0.04357066950053135,-0.04357066950053135,1882.0,,,3.0,Hold,0.9310860969349766,Consumer Cyclical,
7459,MediPal Holdings Corporation,,,JP3268950007,0.01733,0.01207,0.01353,,0.444,2.3240837215003673,-0.310135900939549,-0.2732650032502443,0.060404416883547966,0.0294,1384540340.0,594956582912,14.064844,16.851229,0.91570276,-0.029225116900467602,-0.005814947836497349,0.007103257103257103,0.009727288518325517,0.03766511960014281,0.05969378978152417,-0.02976088078444865,0.01496645449853776,2906.5,,,,,0.8346479654391974,Healthcare,
7466,SPK Corporation,,,JP3163800000,0.05203,0.036730003,0.05369,0.25747,0.227,-0.15951831924160909,0.014569488717200619,-0.06818814361258001,0.22306055329851043,0.0286,43334960.0,29603407872,10.988681,,1.0030296,-0.0006816632583503749,0.02661064425770308,0.03312191684284708,0.018763029881862403,0.0835181079083518,,,,1466.0,,,,,,Consumer Cyclical,
7476,AS ONE Corporation,,,JP3131300000,0.08367,0.084759995,0.13139,0.12486000000000001,0.259,0.20846006217663096,-0.3740246684452693,-0.2613259469765099,-0.26789804478455814,0.0259,301206000.0,181870247936,19.87994,20.055054,2.4822762,0.006512729425695678,0.01593625498007968,0.03532277710109622,0.048304213771839674,0.06694560669456066,0.37254901960784315,0.058823529411764705,0.21568627450980393,2550.0,,,2.0,Buy,0.9912683356524497,Healthcare,
7480,Suzuden Corporation,,,JP3398400006,0.0596,0.042,0.06389,0.06644,1.611,-0.2463783830673144,-0.4961247216035635,-0.35886785517368125,0.006286607946414053,0.048600000000000004,179727500.0,45966684160,28.089888,,2.7764142,0.028368794326241134,0.03276353276353276,0.0446685878962536,0.059941520467836254,0.012569832402234637,,,,3625.0,,,,,,Industrials,
7482,"Shimojima Co., Ltd.",,,JP3359500000,0.06329,0.04938,0.08896,0.00209,1.197,0.012270604843088288,-0.04658639121915959,1.0763852925945105,0.7118449425806127,0.0393,74300940.0,35694108672,13.038278,,0.9580252,-0.00909090909090909,0.006596306068601583,0.026917900403768506,0.005932762030323006,0.10740203193033382,,,,1526.0,,,,,,Consumer Cyclical,
7483,"Doshisha Co.,Ltd.",,,JP3638000004,0.07132,0.07175,0.11339,,0.011,-0.21694273790082172,-0.318394325326455,-0.19466295264623948,-0.21063445721102525,0.0385,169821600.0,111986556928,12.903226,17.962004,1.1764671,-0.003194888178913738,0.003215434083601286,0.02127659574468085,0.02127659574468085,0.055123435914778494,0.21794871794871795,0.21794871794871795,0.21794871794871795,3120.0,,,,,0.7183622718266848,Industrials,
7504,Kohsoku Corporation,,,JP3288900008,0.052360002,0.03271,0.046550002,0.04391,0.493,-0.5652084911260773,-0.272691181579078,-0.31540521125840787,-0.15292287601782142,0.0277,236877600.0,83331743744,22.371016,,1.9787943,-0.004618937644341801,0.0011614401858304297,-0.019340159271899887,-0.03254769921436588,-0.06304347826086956,,,,4310.0,,,,,,Consumer Cyclical,
7510,Takebishi Corporation,,,JP3463100002,0.04364,0.02851,0.04915,0.0288,0.37,0.6830793278624462,0.6105274328770032,0.47978894751457934,0.5597727562875017,0.032400000000000005,123393200.0,44490924032,15.037919,13.449613,0.97529304,-0.0010795250089960418,0.02967359050445104,0.0563165905631659,0.05351043643263757,-0.04996577686516085,,,,2776.0,,,,,1.1180930633468786,Technology,
7512,Aeon Hokkaido Corporation,,,JP3860270002,0.03011,0.01286,0.01958,2.29592,6.763,-0.10354567173510165,-0.3636339147935643,-0.24924061514948895,-0.19601924938311993,0.0187,104742540.0,119231389696,32.049366,17.383368,1.5645739,-0.006952491309385863,-0.01380897583429229,-0.004645760743321719,0.0023391812865497076,0.04895960832313342,,,,857.0,,,,,1.843679889880948,Consumer Cyclical,
7513,"Kojima Co.,Ltd.",,,JP3297380002,0.04537,0.02004,0.04217,0.11507999999999999,0.589,-0.34071644261867906,-0.5325903269507409,-0.49849223662261005,0.1794504439100384,0.0384,278694960.0,112232857600,22.422283,,1.5280738,0.006910850034554251,-0.0006858710562414266,0.026779422128259338,0.03186968838526912,0.09470060360239063,,,,1457.0,,,,,,Consumer Cyclical,
7525,Rix Corporation,,,JP3974500005,0.05377,0.05806,0.06434,0.18127,0.265,-0.20909546479579053,-0.4089009521347637,-0.19138163210342043,0.09862598144182726,0.0452,42374700.0,29059799040,9.132362,,1.0076398,-0.005547850208044383,0.004201680672268907,0.01991465149359886,0.014144271570014143,-0.01780821917808219,,,,3585.0,,,,,,Industrials,
7532,Pan Pacific International Holdings Corporation,,,JP3639650005,0.070199996,0.04502,0.06032,0.48507,,0.5777973881517605,0.13495963210947612,0.3049675625659875,0.5875720576235366,0.013999999999999999,12157199010.0,2131498106880,19.417212,4.023929,3.0160363,-0.018852362703866615,-0.019661746229864295,-0.01804155905027579,-0.05637900603808639,-0.20424107142857142,0.82328190743338,0.26227208976157085,0.4753610098176717,713.0,,,1.8,Buy,4.825436035277958,Consumer Defensive,
7537,Marubun Corporation,,,JP3877500003,0.0397,0.014730001,0.03455,0.70625,-0.202,-0.42105814249173557,-0.5378971356162563,-0.4304421768707483,-0.19151032367348816,0.0425,129750000.0,49205514240,14.858546,7.662444,0.8562629,0.020685900925421885,0.048071548351034096,0.04282536151279199,0.07511467889908256,0.0451505016722408,,,,1875.0,,,,,1.9391392615724174,Technology,
7545,"Nishimatsuya Chain Co., Ltd.",,,JP3659300002,0.04019,0.03541,0.097550005,,0.081,-0.35642058302579255,-0.5998985043292074,-0.6121849850357978,-0.12481974972443742,0.0163,291522260.0,117124284416,16.978355,12.003428,1.1771443,0.002043944813490036,-0.0015274949083503055,0.011867905056759546,0.005125576627370579,-0.012153859019957988,0.1728709841917389,0.030086690464048955,0.10147883732789394,1961.0,,,,,1.4144588529210156,Consumer Cyclical,
7550,"Zensho Holdings Co., Ltd.",,,JP3429300001,0.06276,0.04079,0.0764,0.91263,0.894,0.22076389522410997,0.04145772099564812,-0.05605667876274408,-0.07112578119139258,0.0077,5609769000.0,1635030138880,37.878788,33.146194,4.6121492,0.004807692307692308,-0.07848324514991181,-0.06987093902981753,-0.10950149126544526,0.01901511457825451,0.3397129186602871,0.14832535885167464,0.23763952153110052,10450.0,,,2.4,Buy,1.142779409304127,Consumer Cyclical,
7552,Happinet Corporation,,,JP3770300006,0.072859995,0.021240002,0.041739997,,-0.162,0.08470315696083994,-0.2624447784305688,-0.27274640292500724,0.16235759560468724,0.0233,639367500.0,176498802688,17.920753,11.8649,2.9851577,0.003694581280788177,0.04487179487179487,0.08957219251336898,0.09986504723346828,0.2423780487804878,,,,4075.0,,,,,1.510400677628973,Consumer Cyclical,
7570,"Hashimoto Sogyo Holdings Co.,Ltd.",,,JP3768000006,0.016210001,0.016970001,0.008880001,0.74101,0.354,-0.374490295221008,-0.24611120538492004,-0.2037127845884414,-0.26165132336018415,0.0368,12287660.0,27515490304,9.78479,,0.72487915,-0.013258897418004187,0.005689900426742532,0.026870007262164125,0.02463768115942029,0.03438185808339429,,,,1414.0,,,,,,Industrials,
7575,"Japan Lifeline Co., Ltd.",,,JP3754500001,0.10559,0.15472999,0.19926001,0.044930000000000005,0.002,0.08746742478085767,-0.36266141387612166,-0.34199969838636707,0.04845551582676498,0.0356,225398250.0,110493302784,11.819887,12.922547,1.7143044,0.0,0.014819587628865979,0.03346456692913386,0.056338028169014086,0.05,0.08571428571428572,-0.047619047619047616,0.00740736507936509,1575.0,,,,,0.9146716200761351,Healthcare,
7581,"Saizeriya Co.,Ltd.",,,JP3310500008,0.05942,0.04171,0.05955,0.22327000000000002,-0.017,-0.33784521050598687,-0.3008987709728532,-0.3607390607301114,-0.533368411256434,0.0055000000000000005,3087376500.0,314914275328,26.04209,23.076647,2.3982844,-0.012326656394453005,-0.04328358208955224,-0.04896142433234421,-0.11218836565096953,-0.1815470521851911,0.45085803432137284,-0.15756630265210608,0.22152886115444617,6410.0,,,1.7,Buy,1.1285040673369922,Consumer Cyclical,
7590,"Takasho Co.,Ltd.",,,JP3456500002,0.0055400003,0.0125899995,0.052270003,0.46764000000000006,-0.503,-0.2969726325986921,-0.5072089092174605,-0.4773308957952468,-0.018137733515589557,0.0127,7848480.0,6642222080,25.836065,15.951417,0.51062596,-0.010050251256281407,-0.010050251256281407,0.0076726342710997444,0.002544529262086514,0.0,,,,394.0,,,,,1.6196720955887494,Consumer Cyclical,
7593,"Vt Holdings Co.,Ltd.",,,JP3854700006,0.028080001,0.01377,0.035269998,1.15234,0.574,0.105980143154006,-0.11222983831294475,0.026903000745686547,0.308635618356331,0.0455,285838080.0,59905994752,12.722892,7.542857,0.8653255,0.0018975332068311196,0.011494252873563218,0.027237354085603113,0.005714285714285714,0.1092436974789916,,,,528.0,,,,,1.6867470774005129,Consumer Cyclical,
7599,IDOM Inc.,,,JP3235700006,0.051119998,0.02122,0.027290002,1.24024,0.173,-0.3231500522992225,-0.6188748607628987,-0.5071731091011572,-0.022759533874307368,0.0348,845413070.0,122396418048,10.27738,8.123959,1.3640519,-0.012955465587044534,-0.001638001638001638,0.013300083125519535,0.0,-0.04238660736255974,0.6406890894175554,0.16488925348646433,0.39868744872846595,1219.0,,,,,1.265070392403507,Consumer Cyclical,
7606,United Arrows Ltd.,,,JP3949400000,0.08816,0.04072,0.08123,0.12147000000000001,0.449,-0.5167622774148622,-0.22694270100404898,-0.0743134872417983,0.2226851417234625,0.038599999999999995,451121020.0,63964266496,10.775901,11.190845,1.5620234,-0.0115990057995029,0.0016792611251049538,0.03784254023488473,0.025795356835769563,-0.04253611556982344,0.5926236378876781,0.09388097233864208,0.27933780385582563,2386.0,,,2.0,Buy,0.9629211198975591,Consumer Cyclical,
7607,"Shinwa Co., Ltd.",,,JP3384710004,0.04144,0.0,0.04724,,-0.218,0.3343360071301248,-0.33002500480861713,-0.3079959694149724,0.5039483675018982,0.0407,69326500.0,40914403328,11.025159,11.654566,0.88235515,0.0,0.008264462809917356,0.02866779089376054,0.0241773002014775,0.002072758882097872,,,,3050.0,,,,,0.9459948143929169,Industrials,
7609,"Daitron Co., Ltd.",,,JP3487600003,0.06806,0.05197,0.08786,0.00891,0.198,-0.6488010259636557,-0.5721558047243054,-0.4752359687404851,-0.16791237983745702,0.0319,353940000.0,83686981632,14.492754,10.297829,2.1867812,0.009900990099009901,0.046153846153846156,0.036848792884371026,0.036848792884371026,-0.03202846975088968,,,,4080.0,,,0.0,Strong Buy,1.4073601338689932,Technology,
7611,Hiday Hidaka Corp.,,,JP3765180009,0.12936,0.07659,0.1244,,0.158,-0.33036235148167564,-0.5369460861844113,-0.5432323014639102,0.18527584166228303,0.0177,343249410.0,105524854784,22.42197,27.624882,4.176219,-0.002382573179033356,-0.02071500167056465,-0.015120967741935484,-0.02947019867549669,0.048469749341921345,,,,2931.0,,,,,0.8116584896181639,Consumer Cyclical,
7613,SIIX Corporation,,,JP3346700002,0.029679999,0.01318,0.03767,0.29681,0.828,-0.38860103626943004,-0.3613515454285737,-0.28590281370637166,0.1090213429948592,0.0317,280158120.0,74401742848,18.975468,9.477477,0.6760476,0.0019047619047619048,0.030026109660574413,0.052,0.041584158415841586,-0.011897307451471509,,,,1578.0,,,,,2.002164500109048,Technology,
7616,"Colowide Co.,Ltd.",,,JP3305970000,0.02217,0.00818,0.03049,2.31952,,0.6919516780671228,0.41293780667444063,0.33570963029553885,-0.06816091592818384,0.0025,1012490960.0,212186365952,126.569435,,2.517964,-0.006965174129353234,-0.020848663232769193,-0.019164619164619166,-0.021568627450980392,-0.020848663232769193,,,,1996.0,,,,,,Consumer Cyclical,
7628,Ohashi Technica Inc.,,,JP3173100003,0.03615,0.05494,0.07775,,0.502,1.6982381606897414,0.9061259152149465,0.8817401511261097,0.27962640340689104,0.0387,54567960.0,29745893376,14.285713,,0.7240814,-0.012733446519524618,0.013066202090592335,0.021968365553602813,0.03469750889679715,0.021071115013169446,,,,1163.0,,,,,,Consumer Cyclical,
7630,"Ichibanya Co., Ltd.",,,JP3142150006,0.06316,0.03548,0.06397,0.03972,-0.211,-0.13973650099876644,-0.2876216603337743,-0.24481039796328558,0.5410089803255876,0.0147,513139900.0,173171769344,67.55916,50.23148,5.449769,0.0027726432532347504,0.0027726432532347504,-0.0045871559633027525,-0.013636363636363636,0.20248744133806273,,,,1085.0,,,,,1.3449565889756783,Consumer Cyclical,
7637,"Hakudo Co., Ltd.",,,JP3766500007,0.051209997,0.03936,0.06287,,2.507,-0.42261206818796787,-0.16171088387289312,-0.16915007285089845,0.5863188820073049,0.0397,95172000.0,40886718464,19.04787,18.582474,1.5622345,0.006983240223463687,0.04492753623188406,0.06499261447562776,0.0027816411682892906,-0.052562417871222074,,,,3605.0,,,,,1.0250448890712829,Industrials,
7649,"Sugi Holdings Co.,Ltd.",,,JP3397060009,0.05333,0.02962,0.0471,0.31598,-0.675,1.2372451713689052,0.059747890723473536,0.17764074487627424,0.2101113597690895,0.0202,3384145695.0,459741495296,9.940462,7.968397,1.5214993,-0.027548209366391185,-0.041505042668735455,-0.02254746835443038,-0.05470543228768172,-0.09358188893288091,0.537838931606637,0.12505058680696074,0.3908,1235.5,,,2.4,Buy,1.2474857866644946,Healthcare,
7685,"BuySell Technologies Co.,Ltd.",,,JP3778270003,0.1434,0.06768,0.10225,0.94326,0.6,0.3236818347540755,-0.011329619253497437,0.23507970902337091,0.26169798357779867,0.0176,1240556300.0,189811146752,22.883123,13.188418,6.943628,0.053534660260809885,0.04670985339243096,0.09642857142857143,0.041383989145183174,-0.00967741935483871,0.6286644951140065,0.5635179153094463,0.5852333876221499,3070.0,,,1.3,Strong Buy,1.735092336321157,Consumer Cyclical,
7701,Shimadzu Corporation,,,JP3357200009,0.06876,0.11504,0.109230004,0.01812,0.683,0.9439622137682541,0.059979098294819004,0.2398090193880115,-0.0743802625356116,0.0219,4758339920.0,1134956773376,18.761942,18.304674,1.973323,0.012110280855449627,0.039153439153439155,0.049706039551042226,0.044125465178096755,-0.05166586190246258,0.654786150712831,-0.13441955193482688,0.29667349796334,3928.0,,,1.7,Buy,1.024980942026064,Technology,
7717,"V Technology Co., Ltd.",,,JP3829900004,0.03986,0.05924,0.025910001,0.5193,,-0.6377744734971758,-0.6752534406561151,-0.6304929179018226,-0.64562432638525,0.0137,871152800.0,55226200064,23.98062,25.789358,1.4841365,0.033628318584070796,0.06375227686703097,0.05605786618444846,0.019197207678883072,-0.0017094017094017094,0.8835616438356164,0.1386986301369863,0.5111301369863014,5840.0,,,,,0.9298649466186788,Industrials,
7721,TOKYO KEIKI INC.,,,JP3624000000,0.043649998,0.0677,-0.02174,0.45527,,0.013670523089093264,0.19539649388613292,-0.002210052172785822,-0.3046780742541575,0.006500000000000001,2245234000.0,121604096000,30.395136,36.315453,2.686947,0.0013531799729364006,0.1044776119402985,0.1297709923664122,0.05714285714285714,-0.004037685060565276,0.7972972972972973,-0.2702702702702703,0.16756756756756758,7400.0,,,1.4,Strong Buy,0.8369752678012856,Technology,
7729,"Tokyo Seimitsu Co., Ltd.",,,,0.09106,0.15159,0.16126,0.06665,0.445,0.09150952095532304,-0.5562128936161286,-0.4872335202096019,-0.3587700966513925,0.0175,4700272500.0,703216484352,28.571194,28.408627,3.6858573,0.06386245010746085,0.0658258997231621,0.06386245010746085,0.03618421052631579,-0.03696498054474708,0.3852813852813853,-0.047619047619047616,0.21356421356421357,17325.0,,,,,1.0057224518453496,Technology,
7731,Nikon Corporation,,,,-0.00798,-0.13798,-0.00607,0.36892,-0.864,-0.05863133949606789,-0.2954982365393853,-0.15457691333827242,-0.07755527144241137,0.0115,2876954040.0,575161696256,,16.48881,0.9693769,0.006920415224913495,0.029177718832891247,0.02555066079295154,0.0034482758620689655,-0.125250501002004,0.2600229095074456,-0.3699885452462772,-0.05326460481099656,1746.0,,,3.7,Underperform,,Consumer Cyclical,
7733,Olympus Corporation,,,JP3201200007,0.06335,0.074939996,0.12509,0.42638,1.226,0.3125783875310673,-0.3905365809838594,-0.22651365287793304,0.15175021614875067,0.0148,7946596950.0,2131019563008,32.788223,15.958294,2.8492417,-0.009387351778656126,0.015189873417721518,0.017766497461928935,0.039668135856883585,0.07104700854700854,0.6458852867830424,-0.10224438902743142,0.07807411471321689,2005.0,,,2.6,Hold,2.0546195602111355,Healthcare,
7735,"SCREEN Holdings Co., Ltd.",,,JP3494600004,0.09986,0.14501001,0.118,0.012150000000000001,-0.372,-0.24750601493812407,-0.4318817608333627,-0.4417971232539137,-0.4707871770360385,0.0192,22209760300.0,2421269463040,26.31579,14.639305,4.870668,0.03936688311688312,0.054777594728171335,0.044879640962872294,-0.01651305683563748,-0.06464572680788896,0.952362358453729,-0.0003904724716907458,0.386665365091761,12805.0,,,2.3,Buy,1.797611976798079,Technology,
7741,HOYA Corporation,,,JP3837800006,0.14042,0.27176002,0.32389998,0.044039999999999996,0.3,0.21403810069013765,0.018569976014037044,0.02952989740999436,-0.10817425474586144,0.0131,25999818900.0,7540164788224,30.39532,33.08743,7.4481544,-0.0022070183182520413,0.012315270935960592,-0.00374614367562803,-0.026066350710900472,-0.1126594700686948,0.5925680159256802,0.021897810218978103,0.3330384428223844,22605.0,,,1.5,Strong Buy,0.9186364731258971,Healthcare,
7744,"Noritsu Koki Co., Ltd.",,,JP3759500006,0.052670002,0.14246,0.23234,0.35668,,-0.26402371287077314,-0.2507289259411244,-0.23394504083300444,0.10077716468119594,0.037599999999999995,557442100.0,208457662464,10.4493265,6.2378716,0.90831405,-0.018709995076317085,0.018395503321410323,0.019959058341862845,0.01683673469387755,-0.022560078469838155,0.4902157551430005,0.4902157551430005,0.4902157551430005,1993.0,,,2.0,Buy,1.675142928559158,Technology,
7745,"A&D HOLON Holdings Company, Limited",,,JP3160130005,0.07457,0.0804,0.043319996,0.23609000000000002,-0.457,0.18512163116987995,-0.27580301282723424,-0.25516571654647796,-0.22093979441997066,0.0207,225616240.0,79258902528,13.369058,11.07836,1.5936211,-0.0006906077348066298,0.02225362062875309,0.02333804809052334,0.032465215840171244,-0.05270049099836334,0.38217000691085,0.002073255010366275,0.1978806841741535,2894.0,,,2.0,Buy,1.2067723020374859,Technology,
7751,Canon Inc.,,,,0.04876,0.07389,0.13483,0.34446,0.555,0.04665872337005249,-0.45645760671814245,-0.39166655812438944,-0.312084191228391,0.0355,13166681940.0,3758697742336,11.38962,12.422412,1.0978019,-0.006837229819144243,0.017627118644067796,0.028082191780821917,0.043085476025017375,-0.005301524188204109,0.26582278481012656,-0.045081057073062404,0.04930046635576282,4503.0,,,2.6,Hold,0.9168605903587806,Technology,
7752,"Ricoh Company, Ltd.",,,,0.03233,0.03127,0.075840004,0.43356,2.849,0.2616805178286551,-0.3679612612970278,-0.31282921442836087,-0.15197892163062263,0.0265,3297553740.0,929358282752,17.00635,14.380359,0.79539996,-0.012782401902497027,0.02531645569620253,0.05161494616846105,0.07894736842105263,0.05629770992366412,0.023788015657934355,-0.21710328214393254,-0.11472448057813911,1660.5,,,,,1.182609557939409,Industrials,
7762,"Citizen Watch Co., Ltd.",,,JP3352400000,0.04937,0.0,0.10102,0.2151,-0.029,0.022000804969316858,-0.1856416333382709,-0.006504738287131303,0.39640889523342193,0.0226,4192039250.0,572164800512,18.382065,29.033058,1.9207566,0.012958963282937365,0.0262582056892779,0.06108597285067873,0.038069942452412575,-0.04597233523189585,0.5565031982942431,-0.232409381663113,0.1513859275053305,2345.0,,,2.3,Buy,0.6331425714783472,Consumer Cyclical,
7779,CYBERDYNE Inc.,,,JP3311530004,,0.0,-0.01753,0.01347,0.489,-0.4250175506629136,-0.5426615393818672,-0.3759051516235939,-0.2212771710918657,,185964240.0,48982392832,322.2222,154.66667,1.221657,0.022026431718061675,0.013100436681222707,0.008695652173913044,0.017543859649122806,0.02654867256637168,0.6379310344827587,-0.13793103448275862,0.25,232.0,,,2.5,Buy,2.083333144755751,Healthcare,
7803,Bushiroad Inc.,,,JP3829930001,0.053379998,0.07895,0.04894,0.63414,-0.426,-0.44824026310302856,0.4175200434497529,0.32009449603373274,0.004223334955964114,0.0062,741618680.0,65352839168,14.556391,12.923899,2.2484229,-0.016260162601626018,0.04535637149028078,0.09009009009009009,0.14420803782505912,0.2906666666666667,,,,484.0,,,,,1.1263157503784267,Communication Services,
7821,"Maeda Kosen Co., Ltd.",,,JP3861250003,0.082770005,0.13407,0.13536,0.0461,-0.052,-0.30298866772356287,-0.21893925490915758,-0.3014878347628216,-0.09473097739573388,0.0161,189403830.0,132771856384,13.94746,15.47249,1.7429396,-0.0030045067601402104,0.021025641025641025,0.03968668407310705,0.029472595656670115,-0.008959681433549029,0.5821195379206429,0.20542440984429935,0.3937719738824711,1991.0,,,1.5,Strong Buy,0.9014360325972096,Basic Materials,
7826,"Furuya Metal Co., Ltd.",,,JP3828850002,0.116160005,0.16012,0.29356,0.18170999999999998,3.252,0.4210513794767572,-0.25820388509613795,-0.08766705243216547,0.3520819236904246,0.0317,6577871800.0,267394433024,16.722305,27.228094,3.4095128,0.09356136820925554,0.050241545893719805,0.05227492739593417,-0.033777777777777775,0.5708092485549133,0.1499540018399264,0.07635694572217111,0.11315547378104876,10870.0,,,2.0,Buy,0.6141562828452113,Technology,
7832,BANDAI NAMCO Holdings Inc.,,,JP3778630008,0.114580005,0.111499995,0.21067,,0.346,0.12061599367278347,-0.3094860315529614,-0.12522324045290828,0.32752876963583116,0.009000000000000001,16108348200.0,3582670143488,25.706396,32.87623,4.0445814,-0.0115023889577066,0.004856988667026443,0.04235864900167942,0.0379041248606466,0.1435005117707267,0.27103472968134623,-0.35374149659863946,-0.034982384532760535,5586.0,,,2.2,Buy,0.7819143496684383,Consumer Cyclical,
7839,"Shoei Co., Ltd.",,,JP3360900009,0.16431999,0.204,0.31015,0.014830000000000001,0.329,0.5355791890223224,-0.27016656124815513,-0.10715146493936882,-0.07747583925314108,0.0282,458733960.0,108652150784,17.27169,14.7596855,3.3475788,-0.001411764705882353,0.03968642822146007,0.03714565004887586,0.015797032072762087,0.05310173697270471,0.13100848256361922,-0.010367577756833177,0.060320452403393024,2122.0,,,,,1.1701936331908969,Consumer Cyclical,
7846,Pilot Corporation,,,JP3780610006,0.0648,0.11003,0.23854999,0.0434,0.437,0.43119655349218233,0.10117104691052915,0.20212988918288755,0.6868266088588345,0.0227,697484700.0,222095360000,15.576669,5.4651165,1.5297929,-0.014675052410901468,0.007142857142857143,0.04161536567347944,0.04470239565324772,0.1662531017369727,0.1111111111111111,0.1111111111111111,0.1111111111111111,2115.0,,,,,2.850198893289832,Industrials,
7864,"Fuji Seal International, Inc.",,,JP3813800004,0.056999996,0.09533,0.10338,0.07045,0.142,0.350250955127725,-0.27688363788847525,-0.20881718412906855,-0.23871790866010525,0.026000000000000002,456670350.0,180568981504,8.733681,17.566166,1.0974045,-0.0029455081001472753,0.025757575757575757,0.044753086419753084,0.04961240310077519,0.056162246489859596,0.18168389955686853,-0.05465288035450517,0.08321025110782872,3385.0,,,1.0,Strong Buy,0.49718766178117646,Consumer Cyclical,
7867,"TOMY Company, Ltd.",,,JP3630550006,0.09872,0.044889998,0.08608,0.05321,0.23,1.8573757380181402,0.32406999845346735,0.5835460450897976,-0.191384457410203,0.0173,3307871200.0,347275984896,30.76923,18.760157,3.1945422,0.0017356806347632037,0.045548654244306416,0.11019510854630393,0.1348314606741573,0.1666185388391568,-0.009900990099009901,-0.012376237623762377,-0.011138613861386138,4040.0,,,2.0,Buy,1.6401371267841736,Consumer Cyclical,
7911,TOPPAN Holdings Inc.,,,JP3629000005,0.01835,0.041350003,0.0438,0.37443,1.372,0.46825888783872804,-0.182156319055698,-0.051768457619216605,0.12698397225717648,0.0062,7266316170.0,1310809260032,20.53418,17.436377,0.94739896,0.0008592910848549946,0.0062634989200863935,-0.013968253968253968,-0.08106508875739644,-0.002355460385438972,0.4488087572440438,0.28783000643915,0.3629534234814338,4659.0,,,,,1.1776632267127511,Industrials,
7912,"Dai Nippon Printing Co., Ltd.",,,JP3493800001,0.03275,0.05409,0.07475,0.1892,-0.457,0.7402362934956181,-0.28798103782295004,-0.14864985827241528,-0.19007032831084306,0.0138,4177620760.0,1266686492672,12.578603,15.083045,1.0327893,-0.012673003168250792,-0.0062101376300772075,-0.02261472433146253,-0.0309328968903437,-0.012673003168250792,0.35112312109440974,-0.15554804931599392,0.10116534369194392,2960.5,,,,,0.833956472317095,Industrials,
7917,ZACROS Corporation,,,JP3821000001,0.043730002,0.04855,0.081140004,0.11606,0.067,0.32930170616424137,-0.47586609357289555,-0.46757688563083444,-0.1419115323854661,0.028999999999999998,131130000.0,88791777280,11.792677,3.269956,0.9206278,-0.012738853503184714,0.009771986970684038,0.017227235438884332,-0.007205764611689352,-0.12982456140350876,0.532258064516129,0.532258064516129,0.532258064516129,1240.0,,,,,3.60637176769351,Consumer Cyclical,
7936,ASICS Corporation,,,JP3118000003,0.18649,0.13503,0.22604,0.28031,0.633,0.1915839664195926,-0.05752137330403471,-0.03518703095461241,0.777093191883526,0.0118,24363593980.0,2882431877120,22.727781,40.233524,8.031637,-0.007566512082011228,-0.011907654921020656,0.019303083479568814,-0.008292682926829269,-0.1782538399353274,0.5986227250368913,0.10673880964092475,0.40520691096901124,4066.0,,,1.6,Buy,0.5648966021470055,Consumer Cyclical,
7944,Roland Corporation,,,JP3983400007,0.07399,0.0136,0.09553,0.45173,-0.15,-0.3598712708607743,-0.7057103448275862,-0.6480713414377656,-0.23602453768982684,0.0453,233110400.0,99163168768,66.225746,11.489505,2.2817109,-0.006613756613756613,0.016238159675236806,0.025956284153005466,0.025956284153005466,-0.18280739934711643,0.4380825565912117,0.17177097203728361,0.31380386151797596,3755.0,,,2.0,Buy,5.764020817258881,Consumer Cyclical,
7947,FP Corporation,,,JP3167000003,0.04484,0.06092,0.06736,0.51573,0.01,-0.00016123283718878065,-0.296648849830784,-0.24088171984414591,-0.16994526900206625,0.025699999999999997,470985600.0,229690048512,15.455782,16.915838,1.4008055,-0.01079763148728666,0.004598514326140785,0.017191977077363897,0.015736766809728183,0.05380333951762523,0.25,-0.11971830985915492,0.05457746478873239,2840.0,,,2.2,Buy,0.9136870428766224,Consumer Cyclical,
7951,Yamaha Corporation,,,JP3942600002,0.03798,0.06704,0.081879996,0.04743,3.623,1.238632053412707,-0.3539764454709526,-0.23949341825279197,0.01014013752084506,0.0208,2993927940.0,549431312384,23.695694,16.371738,1.1141728,-0.027637212923316466,-0.00040016006402561027,0.013798701298701298,0.015447154471544716,-0.0696461824953445,0.12089671737389912,-0.15932746196957567,0.005375660528422651,1249.0,,,2.7,Hold,1.4473536041194892,Consumer Cyclical,
7956,Pigeon Corporation,,,JP3801600002,0.0813,0.08012,0.1354,,0.271,1.3888734903310203,-0.19474439823442052,-0.11370050401234795,0.012896601530684143,0.0375,2259861760.0,242129911808,26.455233,28.321922,2.8339188,0.011982026959560658,0.036298568507157465,0.059869281045751635,0.04565385607428424,-0.002706027060270603,0.23334977799703996,-0.11198815984213123,0.1262950172668969,2027.0,,,1.8,Buy,0.9340903135034408,Consumer Defensive,
7966,LINTEC Corporation,,,JP3977200009,0.04933,0.05824,0.08264,0.025939999999999998,0.432,0.34984763043657047,0.42785428007417603,0.15522956547414,2.0955093716918864,0.021400000000000002,7736133900.0,336790814720,21.231503,20.38888,1.410379,0.01263537906137184,0.05056179775280899,0.0872093023255814,0.0525328330206379,-0.12752721617418353,0.42602495543672014,-0.3226381461675579,0.07754010695187166,5610.0,,,1.8,Buy,1.0413275766005783,Basic Materials,
7970,"Shin-Etsu Polymer Co.,Ltd.",,,JP3371600002,0.06005,0.07819,0.13565,,-0.226,-0.26384630381227514,-0.5718964912916833,-0.5613950314453809,-0.5791413331976563,0.028999999999999998,211893500.0,182845669376,18.621593,17.18278,1.4011916,0.010213143872113677,0.03928734582000914,0.033621081326669695,0.04071363220494053,-0.018550474547023296,,,,2275.0,,,,,1.0837357517235278,Basic Materials,
7972,Itoki Corporation,,,JP3142700008,0.07163,0.063260004,0.09066,0.59525,0.079,0.16814538887007563,-0.3309584499338723,-0.24199081903841504,-0.20562722491077512,0.0361,434480200.0,123276591104,12.121212,14.598711,1.9927998,-0.015408929276965626,0.007682976142337242,0.04355108877721943,0.006868686868686869,-0.1474512487170715,0.6452648475120385,0.6051364365971108,0.6252006420545746,2492.0,,,,,0.8302933046623089,Consumer Cyclical,
7974,"Nintendo Co., Ltd.",,,JP3756600007,,0.0,0.27538002,,0.55,-0.347754940223951,-0.32151976522356396,-0.19619303500256421,-0.03209323745634483,0.0263,69626146940.0,9613809287168,22.883566,24.50269,3.294822,-0.016047197640117992,0.027223454052722345,0.030396639070801926,-0.007380073800738007,0.0913492998298652,1.5494663628732461,-0.400407722748531,0.24029260103129862,8339.0,,,1.9,Buy,0.9339205613750979,Communication Services,
7981,"Takara Standard Co.,Ltd.",,,JP3460000007,0.04106,0.05751,0.05763,0.022170000000000002,-0.104,-0.057541615776256,-0.3480850258012592,-0.3394399219444,-0.28085311762077986,0.0401,265987200.0,195236659200,13.333333,,0.99813646,-0.006430868167202572,-0.0016155088852988692,0.008156606851549755,0.011456628477905073,0.011456628477905073,,,,3090.0,,,,,,Consumer Cyclical,
7984,"Kokuyo Co., Ltd.",,,JP3297000006,0.049450003,0.05935,0.05534,0.01413,0.282,0.332210721676402,-0.35704191980300226,-0.14201128893425458,-0.2047383393142716,0.0274,799073856.0,370012094464,17.152739,4.1866355,1.4759367,-0.01825382006643132,-0.007558888139707329,-0.014351940790641848,-0.024262295081967263,0.021627159924397094,0.23207885304659504,-0.10394265232974906,0.06406810035842299,892.8,,,,,4.0970222986930676,Industrials,
7988,Nifco Inc.,,,JP3756200006,0.080170006,0.09257,0.14068,0.08369,-0.076,0.07825612418142139,-0.2821914242956601,-0.24880832711825934,-0.16790253002215216,0.017,1241502680.0,461520175104,13.698781,14.32003,1.5426893,-0.002016942315449778,0.016016427104722793,0.010002041232904674,0.005486689697216013,-0.01727904667328699,0.25303152789005656,-0.029911075181891674,0.13610119240097016,4948.0,,,1.7,Buy,0.9566167808307665,Consumer Cyclical,
7994,Okamura Corporation,,,JP3192400004,0.05244,0.06322,0.046409998,0.14728,-0.379,-0.10015779814028453,-0.3153646509820992,0.022280541778795925,-0.4006272126159338,0.045,491610900.0,221061398528,9.861891,10.441821,1.0821333,-0.017255892255892257,-0.0051129100979974435,0.009075194468452896,-0.00764980875478113,0.015217391304347827,0.284796573875803,-0.057815845824411134,0.12419700214132762,2335.0,,,,,0.9444608368597777,Industrials,
7995,"Valqua, Ltd.",,,JP3744200001,0.06315,0.11565,0.16886999,0.2523,1.597,-0.331188022554929,-0.5996027805362463,-0.5686988171064604,-0.4492333831863179,0.0259,303993900.0,115855826944,22.573442,18.044493,2.0647457,0.009216589861751152,0.02336448598130841,0.03139717425431711,0.007668711656441718,-0.07724719101123595,0.4764079147640791,0.3698630136986301,0.4231354642313546,6570.0,,,,,1.2509878775757235,Industrials,
8001,ITOCHU Corporation,,,JP3143600009,0.02846,0.060110003,0.05301,0.72922,0.048,1.2697551901374193,0.24364221729931612,0.3116943324320645,0.007938965566282567,0.0191,45191208370.0,16122233487360,18.018124,3.563428,2.382204,-0.02679324894514768,-0.0062473071951744934,0.0054489973844812556,0.0032622879512831664,0.13397246804326451,0.3873834814654238,-0.08952959028831563,0.08485679601127256,2306.5,,,1.7,Buy,5.056401869211332,Industrials,
8002,Marubeni Corporation,,,JP3877600001,0.01939,0.06611,0.050640002,0.57643,0.222,1.1079501304336634,0.08418978270828781,0.07006574375311354,-0.1677466964251624,0.0231,24749778080.0,8085389705216,15.082901,16.00875,1.8142852,-0.008764940239043825,0.004846526655896607,-0.014458308575955635,-0.032847424684159375,0.008103727714748784,0.42684887459807075,0.02491961414790997,0.20450884244373,4976.0,,,2.3,Buy,0.9421660654329663,Industrials,
8005,Scroll Corporation,,,JP3913600007,0.06307,0.03568,0.07407,,0.36,-0.14127460534008968,-0.4438842683279278,-0.3145912783949594,0.31461687057308446,0.0546,324954720.0,58457059328,22.026543,,1.5658599,-0.005042016806722689,0.006232294617563739,0.027183342972816656,0.010238907849829351,-0.03530689842476915,,,,1776.0,,,,,,Consumer Cyclical,
8008,Yondoshi Holdings Inc.,,,JP3119950008,0.03183,0.028800001,0.06443,0.41338,0.822,-0.5131698455949137,-0.5382730461211634,-0.4726858803584403,-0.22006842456608813,0.0407,123324320.0,44796391424,25.0,27.962467,1.1161759,-0.009966777408637873,-0.006193425440686041,0.013605442176870748,0.008704061895551257,0.043545275335824585,0.05465004793863854,0.05465004793863854,0.05465004793863854,2086.0,,,,,0.8940555924482628,Consumer Cyclical,
8012,"Nagase & Co., Ltd.",,,JP3647800006,0.0367,0.03966,0.06081,0.46863,1.065,0.8257272406077023,-0.3633085949888995,-0.31249224409425697,0.05275395412788774,0.0239,943092645.0,478352703488,14.859209,3.8390956,1.0691434,0.006443298969072165,0.0362671384343211,0.03856382978723404,0.018252933507170794,-0.06354916067146282,0.23772940674349125,0.23772940674349125,0.23772940674349125,1171.5,,,2.0,Buy,3.8704972598233813,Basic Materials,
8014,"Chori Co., Ltd.",,,JP3528200003,0.057779998,0.04151,0.0482,0.00508,0.236,-0.03458340704050955,-0.4545289030496131,-0.3680367006834567,0.5006848026489071,0.0405,114452500.0,104743280640,8.718485,,1.0041119,-0.010477299185098952,0.01070154577883472,0.01070154577883472,0.015531660692951015,0.059850374064837904,,,,4250.0,,,,,,Industrials,
8015,Toyota Tsusho Corporation,,,JP3635000007,0.049200002,0.0325,0.05158,0.93242,0.401,0.39074009501068185,-0.30819118297715564,-0.2212706511972611,-0.2484581590050836,0.0167,16970339590.0,6997909438464,21.276655,21.210743,2.7045176,-0.009555408095554082,0.018283531177513985,-0.011915795048325168,-0.007183716908341094,0.00040214477211796245,0.38014203403457053,0.004957791772745545,0.14950422082272544,7463.0,,,1.8,Buy,1.0031074819019776,Industrials,
8018,"Sankyo Seiko Co., Ltd.",,,JP3328000009,0.0071799997,0.08969,0.061680004,0.10237,0.235,-0.20084714205920687,-0.25832002452047936,-0.13389310674242044,0.002971674253919973,0.0313,25501650.0,31992932352,15.699472,,0.5286131,-0.006904487917146145,0.011723329425556858,0.04353083434099154,0.03477218225419664,0.0524390243902439,,,,863.0,,,,,,Consumer Cyclical,
8020,Kanematsu Corporation,,,JP3217100001,0.05116,0.03421,0.064229995,0.83248,0.673,1.3769395936583722,0.1403870443727823,0.09152464894361673,0.14956272085851102,0.0302,1379345205.0,385823375360,11.905006,6.567989,1.8107551,-0.016334323292320745,0.02024202420242024,0.024524966858152895,0.02339439417347164,0.06499770326136886,0.2939400474444684,0.20767737761483718,0.2508087125296528,2318.5,,,1.5,Strong Buy,1.8125800758801516,Industrials,
8022,Mizuno Corporation,,,JP3905200006,0.06633,0.07312,0.11693,0.12697,0.247,-0.03644810231851222,-0.33015481654215,-0.15991005957394197,0.5882640138954683,0.016399999999999998,960244250.0,306133106688,16.778524,6.306405,1.7178771,-0.014687882496940025,0.0024906600249066002,0.042746113989637305,-0.0037128712871287127,0.07908847184986595,0.2422360248447205,-0.11304347826086956,0.115527950310559,4025.0,,,2.0,Buy,2.6605528823473916,Consumer Cyclical,
8031,"Mitsui & Co., Ltd.",,,JP3893600001,0.01732,0.06225,0.03398,0.63652,0.556,0.43841577354727934,-0.12213755761810338,-0.0348546930436023,-0.15274141766906593,0.0271,31788250520.0,14668290588672,17.730522,17.563383,1.6291015,-0.012059724349157733,0.01814953639771158,0.019960474308300395,0.000969743987587277,0.08356078102036532,0.6663437318349157,-0.12807595427242782,0.203093683394691,5161.0,,,2.1,Buy,1.0095163329297094,Industrials,
8032,Japan Pulp and Paper Company Limited,,,JP3694000005,0.01815,0.00868,0.02015,0.80497,0.736,0.7437416380547094,-0.06704578791776682,0.005640280163869464,0.2921841158634198,0.028300000000000002,270164440.0,139893719040,32.359665,1.8975275,1.0702528,-0.0046875,0.011111111111111112,0.029911075181891674,0.05726141078838174,0.11266375545851529,,,,1274.0,,,,,17.05359474368619,Basic Materials,
8035,Tokyo Electron Limited,,,JP3571400005,0.15821,0.23645,0.28866,,0.404,0.05660939273438753,-0.2708262968997629,-0.2252808241400135,-0.3877134816655922,0.0141,165022329800.0,24127706497024,42.372746,41.485706,11.268151,0.041985481655876004,0.04856860809476802,0.032063738826272836,-0.010986964618249535,-0.04012289896981746,0.9205422707588025,-0.20353982300884957,0.44621907362078717,53110.0,,,1.6,Buy,1.0213818224522924,Technology,
8037,Kamei Corporation,,,JP3219400003,0.03724,0.022809999,0.04022,0.17736000000000002,0.558,1.4393045828725886,0.4876131728186251,0.6338637810311905,0.21471546406044226,0.0268,399592800.0,155620016128,13.054763,17.069893,0.8636189,0.0,0.056133056133056136,0.10314875135722042,0.13773796192609183,0.2877059569074778,,,,5080.0,,,,,0.7647829426933138,Energy,
8043,Starzen Company Limited,,,JP3399100001,0.030480001,0.01986,0.0223,0.7040099999999999,0.418,0.6090966818421534,0.05470147669729236,0.07498994106648355,0.12621228008854715,0.0331,272709000.0,88201986048,10.764483,,0.9375334,0.003194888178913738,0.022135416666666668,0.0274869109947644,0.04666666666666667,0.17779444861215304,,,,1570.0,,,,,,Consumer Defensive,
8051,Yamazen Corporation,,,JP3936800006,0.025729999,0.0,0.01982,0.34991999999999995,0.11,0.3950437804959561,-0.2168934467378782,-0.09192156152348174,0.11069036717838221,0.0277,393523290.0,174322630656,20.20212,,1.2452902,-0.017518248175182483,0.025393600812595226,0.041258380608561115,0.05817610062893082,0.10448577680525165,,,,2019.0,,,,,,Industrials,
8052,"Tsubakimoto Kogyo Co., Ltd.",,,JP3534600006,0.03978,0.03771,0.04514,,-0.102,0.011534955472968166,0.1410146706846733,0.46508461079036423,0.6589181982668316,0.0408,211765160.0,54064369664,10.752532,,1.0552757,-0.016053511705685617,0.009262435677530018,0.02117320374869837,0.018345448251990307,0.09246193835870777,,,,2942.0,,,,,,Industrials,
8053,Sumitomo Corporation,,,JP3404600003,0.02016,0.08262,0.053039998,1.0199500000000001,0.132,0.7607089457623265,-0.27985377607938017,-0.21519477649528182,-0.20853069840764107,0.0223,18652627400.0,8489558605824,14.409499,4.0515237,1.7973462,-0.026294388723231227,0.014689265536723164,-0.014270032930845226,-0.02391304347826087,0.027166142407778097,0.2806236080178174,-0.0757238307349666,0.117511135857461,1796.0,,,2.0,Buy,3.556562929645457,Industrials,
8056,BIPROGY Inc.,,,JP3754200008,0.07816,0.06973,0.07275,0.40829,-0.218,2.1600549260412754,-0.0967091213173807,-0.11510951260022223,0.2819216683650604,0.029500000000000002,2436655000.0,458925211648,14.836796,16.573044,2.594701,-0.020012378791004745,-0.01859504132231405,0.0,0.027916035490153646,0.13963531669865642,0.3684210526315789,-0.031578947368421054,0.12748541052631576,4750.0,,,2.0,Buy,0.8952366264157628,Technology,
8057,"Uchida Yoko Co., Ltd.",,,JP3157200001,0.05392,0.02933,-0.00275,0.02221,,0.2757632278015971,-0.13795453137582853,-0.17634197422505712,-0.3274205621126233,0.0334,430801690.0,112105521152,8.976738,2.5744705,1.3081006,0.003975265017667844,0.012021371326803205,0.09121459433509362,0.037425832952989506,0.09966134494436381,,,,2273.0,,,0.0,Strong Buy,3.486828844999389,Industrials,
8058,Mitsubishi Corporation,,,JP3898400001,0.01393,0.04507,0.02901,0.62621,0.579,0.24152455990346364,-0.20982474760481454,-0.11739565363776149,-0.15750081572599606,0.025099999999999997,37173786270.0,18113433174016,23.58522,23.330503,1.8805331,-0.006426993372163085,0.007535641547861507,-0.011588411588411588,-0.018062723302897977,0.04191238416175232,0.41499898928643625,-0.3368223165554882,0.07354477461087529,4947.0,,,2.3,Buy,1.010917767182302,Industrials,
8059,"Daiichi Jitsugyo Co., Ltd.",,,JP3475800003,0.04381,0.047270004,0.02568,0.07536999999999999,0.01,0.002201014819046388,-0.42286040912476397,-0.36115599530198955,0.11888329043873329,0.0346,285367050.0,114644615168,11.723272,15.012356,1.2557638,-0.009510869565217392,0.008298755186721992,0.008298755186721992,0.0,0.039942938659058486,,,,3645.0,,,,,0.7809082065466606,Industrials,
8060,Canon Marketing Japan Inc.,,,JP3243600008,0.07414,0.06592,0.08304,0.00786,0.025,0.2185746352413019,-0.42883749197433746,-0.29973262032085557,0.1565568148186835,0.0258,1009125950.0,759558176768,17.421488,9.808561,1.9514337,-0.015216230646022424,-0.001893939393939394,0.00847457627118644,0.04179610279582039,0.01234906695938529,0.35538086202222824,0.0029818378964489023,0.13513147194361616,3689.0,,,,,1.7761512621474242,Industrials,
8061,Seika Corporation,,,JP3414200000,0.03678,0.076630004,0.09175,0.33822,0.547,-0.4065935082719568,-0.4302550655542312,-0.394119314017687,-0.208002132255983,0.0384,351134250.0,108038807552,14.880953,,2.0582054,-0.006462035541195477,0.035005048805116123,0.059249052704099206,0.0315330426031533,0.03674983142279164,,,,3075.0,,,,,,Industrials,
8065,Sato Shoji Corporation,,,JP3322000005,0.028970001,0.021389998,0.025929999,0.40293,-0.073,1.0531092234954724,1.0673357217561583,3.7246306695464364,1.5057090769526003,0.0356,750282900.0,63990935552,9.9600315,,0.81513804,0.00980392156862745,0.024875621890547265,-0.01592356687898089,-0.06787330316742081,-0.1404728789986092,,,,3090.0,,,,,,Basic Materials,
8070,"Tokyo Sangyo Co., Ltd.",,,JP3576600005,0.02555,0.03801,0.03213,0.49502,-0.194,-0.15759451003439875,0.47668967232481496,0.3691948112656304,1.565140415140415,0.0391,114494660.0,26695065600,10.627015,,1.0205824,-0.015414258188824663,0.009881422924901186,0.048205128205128206,0.07578947368421053,0.1939252336448598,,,,1022.0,,,,,,Industrials,
8074,"Yuasa Co., Ltd.",,,JP3945200008,0.04073,0.022179998,0.02536,0.0332,0.243,0.8200514138817478,-0.16237425606994266,0.13988297575926442,0.10749513303049965,0.0366,226688000.0,134770614272,11.235955,,1.0971053,-0.012345679012345678,0.0,-0.019908116385911178,-0.003115264797507788,0.10344827586206896,,,,6400.0,,,,,,Industrials,
8075,Shinsho Corporation,,,JP3374000002,0.0214,0.013830001,0.02315,0.55669,0.266,-0.07354672025261955,-0.19683813402000125,-0.18474837912936093,0.3940900168255749,0.0353,146208750.0,83890987008,10.121457,,0.82038563,-0.006259780907668232,0.02090032154340836,0.029173419773095625,0.03758169934640523,0.11795774647887323,,,,3175.0,,,,,,Basic Materials,
8078,"Hanwa Co., Ltd.",,,JP3777800008,0.03381,0.01451,0.02863,0.8279000000000001,0.195,0.7386095809218325,-0.3034311988098941,-0.23562730062494866,-0.055021132538593656,0.0345,904299520.0,367447048192,9.901093,4.613788,0.8466216,-0.008298755186721992,0.01164021164021164,0.0,-0.011886304909560724,0.0888382687927107,0.20292887029288703,-0.12133891213389121,0.0425383891213389,1912.0,,,,,2.1459791823984977,Industrials,
8079,Shoei Foods Corporation,,,JP3361200003,0.03576,0.02999,0.03422,0.35678,0.122,-0.37808773424190795,-0.385487694601266,0.12120974692470418,-0.3676998943289891,0.020099999999999996,189840900.0,74103906304,19.268072,20.080862,1.2475615,-0.002232142857142857,0.006756756756756757,0.019384264538198404,-0.014332965821389196,0.03832752613240418,,,,4470.0,,,,,0.9595241479175546,Consumer Defensive,
8081,Kanaden Corporation,,,JP3215000005,,0.0,0.01679,,0.469,-0.011218003195431276,-0.1577551189587996,-0.1718761437669278,0.0395724566106957,0.0384,110588940.0,58124783616,14.641132,,1.1357428,-0.009122006841505131,0.024764150943396228,0.03988831272437176,0.06975789905621665,0.08084577114427861,,,,2607.0,,,,,,Industrials,
8084,Ryoden Corporation,,,JP3976200000,0.02585,0.02538,0.03346,0.02155,0.416,-0.1573136142625608,-0.5043789716926632,-0.26712338645705636,-0.09317671182077958,0.0265,178313550.0,102441574400,19.685362,,1.085226,-0.01131687242798354,0.019088016967126194,-0.0010395010395010396,0.030010718113612004,0.03556034482758621,,,,4805.0,,,,,,Technology,
8088,Iwatani Corporation,,,JP3151600008,0.03197,0.07979,0.057490002,0.44168999999999997,5.714,0.24815291094388228,-0.37927171859201675,-0.32770172443967643,0.010715489357604588,0.022099999999999998,1469644120.0,489007349760,10.256349,3.090047,1.0275228,-0.007242990654205608,0.012631077216396568,0.0028321925890960587,-0.024115755627009645,0.034323271665043814,0.12967757119322193,-0.15274182160508354,-0.025653094845846082,2124.5,,,,,3.319156310567444,Industrials,
8093,"Kyokuto Boeki Kaisha, Ltd.",,,JP3257000004,0.025150001,0.0286,0.0291,0.13258,0.011,-0.08640844456076063,-0.025930515397677753,-0.07814230933106087,0.047676180088468634,0.0408,63726950.0,21455650816,11.947282,,0.65920275,-0.003298515667949423,0.022560631697687534,0.02603282399547255,0.020833333333333332,-0.0016519823788546256,,,,1813.0,,,,,,Technology,
8095,"Astena Holdings Co., Ltd.",,,JP3150000002,0.027520001,0.03446,0.06341,0.70376,0.06,-0.5361741879850532,-0.557000701320739,-0.4310629671094436,-0.39287597298266963,0.034300000000000004,34924600.0,21185605632,9.132102,,0.7451851,-0.0019047619047619048,0.019455252918287938,0.031496062992125984,0.011583011583011582,0.007692307692307693,,,,524.0,,,,,,Industrials,
8097,"San-Ai Obbli Co., Ltd.",,,JP3323600001,0.04724,0.01792,0.02402,0.021269999999999997,1.503,0.8938346743690256,0.35671824379568323,0.3613691363521963,0.10913633119200566,0.0404,332894520.0,153344491520,16.778387,,1.3219582,-0.0016116035455278,0.011015911872705019,0.03508771929824561,0.023121387283236993,0.09500662836942113,,,,2478.0,,,,,,Energy,
8098,"Inabata & Co.,Ltd.",,,JP3146000009,0.03726,0.02404,0.040370002,0.39736,0.069,0.9933799821636825,-0.05662756968091815,0.17016423357664237,0.20922894791023267,0.031400000000000004,556328500.0,242887704576,11.820332,13.692447,1.0059748,-0.008714596949891068,0.030577576443941108,0.02132435465768799,0.02132435465768799,0.13325031133250312,,,,4550.0,,,,,0.8632738910729397,Basic Materials,
8101,GSI Creos Corporation,,,JP3276000001,,0.0,0.025150001,0.3308,0.071,-0.4035541049004941,-0.38191582365430243,-0.32864021571648694,-0.12730670807096237,0.0401,67518220.0,31577030656,12.625995,,0.9429613,-0.009458948164964056,0.0030651340996168583,0.010030864197530864,0.0049904030710172746,-0.03714600956233909,,,,2618.0,,,0.0,Strong Buy,,Consumer Cyclical,
8103,Meiwa Corporation,,,JP3920600008,0.0318,0.01957,0.02948,0.06176,0.056,-0.39910322296797623,-0.3199575701128014,-0.1679995160607344,-0.07635016810363228,0.0475,132931490.0,36567748608,11.778016,,0.9358121,-0.007028112449799197,0.00508130081300813,0.01958762886597938,0.029136316337148804,0.09888888888888889,,,,989.0,,,,,,Industrials,
8111,Goldwin Inc.,,,JP3306600002,0.09985,0.16871999,0.01577,0.00764,-0.295,2.2878916116305574,-0.11596913942168995,-0.08769992411375711,0.508356937287422,0.0329,1301694445.0,290924593152,12.092005,3.5229702,2.3008368,-0.01982023507720673,-0.0067725361980383,0.017464114832535887,0.01503579952267303,-0.06895796847635727,0.45779449800141075,0.08158946625911122,0.3127988243592759,2126.5,,,,,3.432332467643354,Consumer Cyclical,
8113,Unicharm Corporation,,,JP3951600000,0.05761,0.066539995,0.13056,0.014690000000000002,0.279,0.10220750265684488,-0.2970480995015831,-0.19384150784252074,0.06481668435158446,0.0229,4076269846.0,1652312375296,25.770264,5.4306884,2.0358834,-0.011631497683993778,-0.000832466181061347,0.00914345769837104,0.017053304555029115,-0.03970399384411108,0.5101020620704019,0.020620704019995786,0.16701874609456363,960.2,,,2.3,Buy,4.745303376271782,Consumer Defensive,
8125,"Wakita & Co.,LTD.",,,JP3992000004,0.024230001,0.03575,0.07361,0.01482,-0.062,1.1787270881843692,-0.310853385061978,-0.3068228267660669,-0.15322605735904474,0.0507,273812200.0,98065178624,28.248102,19.016394,1.0083928,-0.0020242914979757085,0.0020325203252032522,0.009211873080859774,0.014925373134328358,0.049659640508383666,,,,1972.0,,,,,1.4854604926675374,Industrials,
8129,"Toho Holdings Co., Ltd.",,,JP3602600003,0.01242,0.010369999,0.0061000003,0.022160000000000003,-0.278,0.09887362123761448,-0.29445717681011796,-0.2627448043437559,-0.2468263207494872,0.0452,417277730.0,257447755776,15.244043,19.029173,0.9772091,-0.017045454545454544,-0.006491885143570537,0.009898477157360405,0.006322711178553364,0.05993606819392648,0.15606936416184972,-0.12038200552902739,0.01784367931641116,3979.0,,,,,0.8010880451819951,Healthcare,
8130,Sangetsu Corporation,,,JP3330000005,0.07114,0.07876,0.09832,0.11710000000000001,0.71,0.13685299537680637,-0.3855766804695965,-0.3440740740740741,-0.3806859035562314,0.0482,334810100.0,189014638592,12.903355,11.716473,1.5550618,-0.0046439628482972135,0.009419152276295133,0.012598425196850394,0.014195583596214511,0.022257551669316374,-0.06687402799377916,-0.06687402799377916,-0.06687402799377916,3215.0,,,3.0,Hold,1.1013002803830128,Consumer Cyclical,
8131,"Mitsuuroko Group Holdings Co.,Ltd.",,,JP3894400005,0.03921,0.02616,0.03855,0.31994,-0.042,2.0224100040238957,-0.18659689471757437,-0.07726112081709448,0.1761973377247153,0.026699999999999998,142560240.0,135246643200,15.014577,,1.2780247,-0.04482225656877898,-0.04148894920511826,-0.013960909453530115,0.015612161051766639,0.19825496849248667,,,,2472.0,,,,,,Energy,
8132,"Sinanen Holdings Co., Ltd.",,,JP3354000006,0.03329,0.01689,0.01637,0.06007,1.527,-0.2704301075268817,-0.6211373194368257,-0.5760860455370862,2.0851643192488263,0.0159,42089200.0,82271092736,18.553013,,1.3821521,0.014745308310991957,0.04126547455295736,0.01747311827956989,0.013386880856760375,0.23089430894308943,,,,7570.0,,,,,,Energy,
8133,"Itochu Enex Co.,Ltd.",,,JP3144000001,0.03946,0.02467,0.0422,0.25175000000000003,1.591,0.12609715705216676,-0.2496889654512394,-0.1838560762368448,-0.09180942184154176,0.028999999999999998,246682560.0,264670085120,16.474558,,1.4144928,-0.010135135135135136,0.012526997840172787,0.030782761653474055,0.02626970227670753,0.1215311004784689,,,,2344.0,,,,,,Industrials,
8136,"Sanrio Company, Ltd.",,,JP3343200006,,0.2755,0.43115002,0.07690000000000001,0.081,-0.5040645268045976,-0.34067354477461675,-0.3473581158075352,-0.1671435666899892,0.013300000000000001,21367968300.0,1464009490432,26.953125,9.205611,8.972292,-0.025030278562777553,-0.010245901639344262,0.015986537652503154,0.012578616352201259,-0.07929851315287838,0.5403726708074534,0.043478260869565216,0.287080745341615,1207.5,,,1.5,Strong Buy,2.927901798153322,Consumer Cyclical,
8137,Sun-Wa Technos Corporation,,,JP3345400000,0.03221,0.025009999,0.033299997,0.16579,2.617,-0.22943594180952898,-0.2207323943661972,-0.1562008046178065,-0.37893942085627996,0.027999999999999997,214739200.0,72514379776,21.834267,,1.2810502,0.004329004329004329,0.046223224351747465,0.060571428571428575,0.09563164108618655,0.15279503105590062,,,,4640.0,,,,,,Technology,
8141,"Shinko Shoji Co., Ltd.",,,JP3374200008,0.00977,0.0105,0.0104600005,0.08321999999999999,-0.035,-0.2553201447828258,-0.8179708135755208,-0.19444062568109038,-0.1444366017685235,0.0118,115063480.0,44652044288,40.319668,,0.83432376,-0.002551020408163265,-0.0006389776357827476,-0.0006389776357827476,-0.0019144862795149968,-0.001277139208173691,,,,1564.0,,,,,,Technology,
8142,"Toho Co., Ltd.",,,JP3553200001,0.052589998,0.01887,0.02398,0.47634,0.439,-0.37071097940290465,-0.4872943377076544,-0.23678414096916295,-0.46216051382721224,0.043899999999999995,125822200.0,44275232768,8.591235,,1.2254761,0.001443001443001443,-0.0014388489208633094,-0.01630049610205528,-0.028011204481792718,0.02359882005899705,,,,1388.0,,,,,,Consumer Defensive,
8150,"Sanshin Electronics Co., Ltd.",,,JP3333200008,0.05465,0.02757,0.02587,0.32289999999999996,-0.125,-0.11740090283040623,-0.4105597099478812,-0.3715062761506276,0.09455490760907748,0.0424,113454000.0,40400637952,8.14996,,0.8898995,-0.013452914798206279,0.024844720496894408,0.034482758620689655,0.03610675039246468,0.09271523178807947,,,,3300.0,,,,,,Technology,
8151,TOYO Corporation,,,JP3616600007,0.05472,0.071100004,-0.0594,0.054880000000000005,,0.2951671206245381,-0.3001372664369555,-0.1633122408902465,1.0566079760170584,0.0384,288404380.0,38053609472,15.624732,14.680525,1.3525722,-0.013001083423618635,0.0022002200220022,0.0066298342541436465,-0.01778975741239892,-0.10773751224289912,,,,1822.0,,,,,1.0643169777647599,Technology,
8153,"Mos Food Services, Inc.",,,JP3922400001,0.04279,0.0377,0.03296,0.10013,-0.538,2.5468974820143884,1.4980881978078,1.499667774086379,0.5549738697527729,0.0086,903355200.0,121770016768,26.666666,39.402985,2.092958,-0.012468827930174564,-0.0012610340479192938,0.008917197452229299,0.0063532401524777635,0.08049113233287858,,,,3960.0,,,,,0.6767676611302418,Consumer Cyclical,
8154,"Kaga Electronics Co.,Ltd.",,,JP3206200002,0.05534,0.048260003,0.049640004,0.29389,0.657,-0.09403967528141896,-0.2837178765709998,-0.2681342527848773,-0.14828462605839196,0.0274,558216400.0,243537657856,8.143296,13.009166,1.2745701,0.0,0.03967446592065107,0.06458333333333334,0.06569343065693431,0.02920443101711984,0.17416829745596868,0.17416829745596868,0.17416829745596868,5110.0,,,1.0,Strong Buy,0.6259660304127105,Technology,
8158,"Soda Nikka Co., Ltd.",,,JP3431400005,0.023670001,0.0404,0.04468,0.045739999999999996,1.185,-0.22999971253629234,-0.5290835322664623,-0.334907992309805,0.1651599678796331,0.0331,64957200.0,30355468288,12.836598,,0.8323409,-0.0029985007496251873,0.0121765601217656,0.023076923076923078,0.021505376344086023,0.043137254901960784,,,,1330.0,,,,,,Basic Materials,
8159,"Tachibana Eletech Co., Ltd.",,,JP3466600008,0.03194,0.03627,0.03801,0.09849999999999999,1.744,-0.1678964777725274,-0.5047761194029851,-0.465644312199588,0.1608506666666665,0.028900000000000002,113419500.0,91203633152,12.578426,12.6795,0.8332599,-0.010727056019070322,0.019656019656019656,0.02977667493796526,0.040100250626566414,0.06683804627249357,,,,4150.0,,,,,0.9920285500216885,Technology,
8160,"Kisoji Co., Ltd.",,,JP3237000009,0.03711,0.03022,-0.019919999,0.23582999999999998,,0.8917835671342684,0.11354854630585712,-0.052248865068095895,0.241749271953405,0.0124,208638000.0,67921436672,39.373165,,2.181702,-0.0049504950495049506,-0.01871440195280716,-0.015108207431604737,-0.016714227476559314,0.0012453300124533001,,,,2412.0,,,,,,Consumer Cyclical,
8167,"Retail Partners Co., Ltd.",,,JP3873200004,0.02762,0.01752,0.020669999,0.14775,-0.255,-0.5274540127997184,-0.4716935595090332,-0.3393019159950899,1.3135577552123332,0.0281,109995750.0,59102851072,11.904762,,0.67139363,-0.014522821576763486,-0.006276150627615063,0.025179856115107913,0.02223816355810617,0.07444391664334207,,,,1425.0,,,,,,Consumer Defensive,
8173,Joshin Corporation,,,JP3393000009,0.0212,0.011419999,0.02807,0.3151,3.678,0.5739373033294765,-0.07971376268929928,-0.08677448485346032,-0.04771349862258944,0.022799999999999997,674563800.0,113352982528,34.48276,16.32501,1.0637277,0.02336448598130841,0.041617122473246136,0.03546099290780142,0.05542168674698795,0.08014796547472257,,,,4380.0,,,,,2.1122657811541923,Consumer Cyclical,
8174,"Nippon Gas Co., Ltd.",,,JP3695600001,0.09159,0.06953,0.07688,0.76563,0.009,0.11158269993946321,-0.10445685069268221,-0.022776416741238408,-0.1829686446322705,0.012,742800000.0,329611935744,22.624268,22.378885,5.1308494,-0.006420545746388443,0.004543979227523531,0.02212681638044914,0.006176853055916775,0.11914662809618513,0.19547657512116318,0.0016155088852988692,0.09208400646203554,3095.0,,,1.4,Strong Buy,1.0109649341332243,Utilities,
8179,"ROYAL HOLDINGS Co., Ltd.",,,JP3983600002,0.03622,0.03477,0.041950002,0.82781,0.237,0.013883877864635474,-0.3762769701935441,-0.3110901569822264,-0.3116185072486978,0.0131,361011960.0,131249102848,22.322777,12.371134,2.3362231,0.002257336343115124,-0.011135857461024499,-0.007451564828614009,-0.0213078618662748,0.02382782475019216,0.05105105105105105,0.05105105105105105,0.05105105105105105,1332.0,,,,,1.8044244771740408,Consumer Cyclical,
8194,Life Corporation,,,JP3966600003,0.04837,0.02063,0.03238,0.17681999999999998,-0.09,0.07945752685303056,-0.04350218646236527,0.02139632686097641,-0.07086578856878019,0.026000000000000002,632558770.0,232992030720,12.376488,6.8751593,1.4783285,-0.015356489945155392,-0.007005899705014749,0.010127531882970742,-0.0014831294030404152,0.06036841183929737,0.058299294467137025,-0.03453397697734868,0.00878822874118092,2693.0,,,,,1.8001747246787432,Consumer Defensive,
8200,"Ringer Hut Co.,Ltd.",,,JP3977000003,0.03194,0.03849,0.052449998,0.60012,0.065,-0.45289868094741764,-0.6077193755020327,-0.6044560357675112,-0.24608451505135592,0.005699999999999999,159370470.0,59058921472,34.132095,113.38308,3.845719,-0.011708586296617519,-0.015975820379965457,-0.012136974425661032,-0.018941024537236333,0.005195262217200855,,,,2279.0,,,,,0.3010334081593126,Consumer Cyclical,
8214,AOKI Holdings Inc.,,,JP3105400000,0.04675,0.043709997,0.02744,0.18100000000000002,-0.757,-0.0110936247863826,-0.25305592373913854,-0.09659126577245808,-0.0409748935733703,0.0698,285147720.0,144783572992,15.290874,,1.0333099,-0.009221902017291067,0.0023323615160349854,0.01475796930342385,0.01535735380980508,-0.008078476630121177,,,,1719.0,,,,,,Consumer Cyclical,
8218,"Komeri Co.,Ltd.",,,JP3305600003,0.03743,0.03993,0.097679995,0.12825,0.063,0.24559269503782444,-0.2577833988807845,-0.13001080302484697,-0.17308084711701968,0.0148,360914400.0,181714059264,12.658228,11.934483,0.7004033,-0.012594458438287154,0.0025575447570332483,0.010309278350515464,0.015544041450777202,0.010309278350515464,0.04591836734693878,-0.030612244897959183,0.007653061224489796,3920.0,,,2.5,Buy,1.0606431799349834,Consumer Cyclical,
8219,"Aoyama Trading Co., Ltd.",,,JP3106200003,,0.0,0.02982,0.41015999999999997,-0.485,0.11569087304911081,-0.004397599455740718,-0.00907796835421814,-0.052296909010149745,0.0499,451652640.0,108164169728,15.898185,4.999344,0.6200536,-0.0078125,-0.001310615989515072,0.010610079575596816,0.016,0.032520325203252036,-0.13385826771653545,-0.13385826771653545,-0.13385826771653545,762.0,,,,,3.1800542231140727,Consumer Cyclical,
8227,"SHIMAMURA Co., Ltd.",,,,0.06894,0.06506,0.09847999,,0.264,-0.12470669365383585,-0.2816422952885619,-0.2674267980997511,-0.18068800906755578,0.025099999999999997,1923071150.0,661263810560,15.747837,5.4353395,1.3424267,-0.0157601977750309,-0.009639303482587064,0.004415011037527594,-0.01362650975534221,-0.04046585702737091,0.31868131868131866,-0.058084772370486655,0.1075353218210361,3185.0,,,,,2.8973051269382526,Consumer Cyclical,
8233,"Takashimaya Company, Limited",,,JP3456000003,0.02686,-0.010089999,0.16606002,0.8625499999999999,0.944,-0.241271066289168,-0.3342828968993098,-0.26208489315401995,-0.22255747126436784,0.0189,3701256950.0,620311478272,,16.070751,1.3648828,-0.010978743284279373,0.006657156443176415,0.008335317932841153,0.007615421227986673,-0.0724362845172888,0.22815304676428907,-0.05526688710439301,0.1204534718941899,2117.0,,,2.8,Hold,,Consumer Cyclical,
8237,"Matsuya Co., Ltd.",,,JP3869200000,0.101289995,0.05017,0.054819997,0.9283499999999999,0.634,-0.4434622552339843,-0.5475581093033678,-0.4063389919460649,0.576705832603377,0.0053,609613940.0,114114863104,53.76524,36.157555,4.368865,0.0017817371937639199,-0.0061864781263809105,-0.02217391304347826,-0.013163668275559455,0.04909441777329325,,,,2249.0,,,,,1.48697111848409,Consumer Cyclical,
8242,H2O Retailing Corporation,,,JP3774600005,0.03076,0.053200003,0.04423,0.44838,1.728,0.4495808668379872,-0.31119047315004383,-0.31063227677284677,-0.23016678342735641,0.0169,890128600.0,319238701056,11.235822,14.431992,1.059624,-0.024449035812672177,-0.00421792618629174,-0.0001764602082230457,-0.0014099400775467042,0.02053314121037464,0.16484292269678785,-0.011648429226967879,0.07659724673490999,2833.0,,,2.5,Buy,0.7785357696983203,Consumer Defensive,
8252,"Marui Group Co., Ltd.",,,JP3870400003,0.02765,0.10498,0.21295,3.4071800000000003,0.144,0.710656930696567,-0.28633290543431744,-0.11370441370689832,0.00017058877085044045,0.04650000000000001,2934644425.0,501672378368,18.21485,18.233286,2.1841936,-0.016043693463048302,-0.002940159114493255,0.010517090271691499,0.00716282320055905,-0.005691617799241117,0.2489158716392021,0.07545533391153512,0.17085862966175194,2882.5,,,,,0.9989888822014857,Financial Services,
8253,"Credit Saison Co., Ltd.",,,JP3271400008,0.01864,0.12394,0.30652002,4.66593,0.389,-0.050669448228489,-0.3065441065940006,-0.19693573796236014,-0.17905954575458313,0.0345,3005181750.0,667076853760,10.929078,13.781128,0.8654786,-0.010232359837987636,0.009347826086956522,0.01044613710554951,0.019319429198682767,-0.010232359837987636,0.24919233254361403,-0.00926125349989231,0.17407925909972,4643.0,,,2.0,Buy,0.7930466940006653,Financial Services,
8267,"Aeon Co., Ltd.",,,JP3388200002,0.012200001,0.00839,0.025559999,1.85559,,0.8406115558212486,-0.1874197121953513,-0.0650317895814441,-0.028178559041459415,0.010700000000000001,13579330780.0,3633961762816,49.011196,20.958992,3.004332,-0.02559347181008902,-0.02775721687638786,-0.01425891181988743,-0.05059631369714492,-0.02016609709525409,0.7510468214693566,-0.38332698896079176,0.05824133993148078,1313.5,,,3.6,Underperform,2.338432878833104,Consumer Cyclical,
8275,Forval Corporation,,,JP3802750004,0.06374,0.02111,0.02046,0.10983000000000001,0.792,0.312211498111624,0.4400080357591283,0.21699610894941637,0.03324651521728645,0.0319,23831280.0,26191730688,17.69896,,1.4243153,-0.005946481665014866,-0.00496031746031746,0.003,0.0,0.015182186234817813,,,,1003.0,,,,,,Technology,
8276,"Heiwado Co.,Ltd.",,,JP3834400008,0.026199998,0.01833,0.02271,0.10561999999999999,-0.445,-0.288476976502954,-0.6189248974507656,-0.6106198659900754,1.0552569742085869,0.0245,238268920.0,133132517376,14.22457,14.840133,0.67970526,-0.01065784638000735,-0.012110091743119266,0.005227781926811053,0.005979073243647235,0.02780396279059189,0.04011887072808321,0.04011887072808321,0.04011887072808321,2692.0,,,,,0.9585203852283534,Consumer Cyclical,
8278,"Fuji Co., Ltd.",,,JP3807400001,0.01426,0.00874,0.0019699999,0.16975,-0.943,0.06660246268143356,-0.32737526785162796,-0.29668088099529605,0.1900699858800418,0.0147,195011200.0,177191927808,21.69301,,0.7869217,-0.006799417192812044,-0.0215311004784689,-0.010643444605708756,-0.004866180048661801,0.03918061208203531,,,,2045.0,,,,,,Consumer Cyclical,
8282,K's Holdings Corporation,,,JP3277150003,0.049000002,0.02419,0.06204,0.23315000000000002,1.081,2.988157163610559,-0.02312481702572674,0.012724889614621464,-0.1191499585584894,0.0258,1753365465.0,287621218304,20.408947,18.892723,1.1310856,-0.02641213389121339,-0.01560021152829191,0.007032729239924263,0.013336962438758846,-0.009313464608834487,0.2355627182379801,-0.0867579908675799,0.03769358044587699,1861.5,,,,,1.0802543921275933,Consumer Cyclical,
8283,Paltac Corporation,,,JP3782200004,,0.01847,0.01874,,-0.221,,,,,,475304700.0,401983012864,18.484444,,1.3398305,,,,,,,,,6630.0,,,,,,Consumer Defensive,
8285,"Mitani Sangyo Co., Ltd.",,,JP3886600000,0.02476,0.03686,0.035350002,0.2032,1.282,-0.1536115300821183,0.13704572932223877,0.3532078602949497,0.11793759787977358,0.0191,46844200.0,51595792384,14.225089,,0.9009852,0.00963855421686747,0.04228855721393035,0.052763819095477386,0.082687338501292,0.1574585635359116,,,,838.0,,,,,,Industrials,
8303,"SBI Shinsei Bank, Limited",,,JP3729000004,,0.19402,0.28609,,-0.219,0.4220128995304862,-0.16275890892552022,-0.012517327701154109,-0.1512852366956539,0.012199999999999999,5257913040.0,1452019023872,11.90459,,1.1862869,0.010493827160493827,0.01740211311373524,0.043672298374242906,0.07591192901741703,0.04634068392457654,0.14233353695784973,-0.11423335369578497,-0.02565668906536347,1637.0,,,3.3,Hold,,Financial Services,
8304,"Aozora Bank, Ltd.",,,JP3711200000,0.00389,0.2193,0.34358,,0.816,-0.07566261164584483,-0.33155519313207504,-0.23050479468988563,-0.031592294150571125,0.027000000000000003,4127493720.0,482396405760,18.796505,18.76615,0.96622485,-0.010783200908059024,0.0011487650775416428,0.008388776395718832,0.038117927337701016,0.06540342298288508,-0.11933448078026392,-0.28284566838783703,-0.17288201376936324,3486.0,,,3.8,Underperform,1.0016175400921339,Financial Services,
8306,"Mitsubishi UFJ Financial Group, Inc.",,,JP3902900004,0.0051499996,0.27446,0.45599997,,0.509,0.31340717820515557,-0.028651270230189138,0.035068583325060576,-0.10538960936846578,0.0265,142884694200.0,40745868197888,15.313677,23.866035,1.7949867,-0.008762322015334063,-0.013086150490730643,-0.011199125921879268,0.005276312135517912,0.012870733072188025,0.20441988950276244,-0.3729281767955801,0.018081381215469622,3620.0,,,1.7,Buy,0.6416514934298889,Financial Services,
8308,"Resona Holdings, Inc.",,,JP3500610005,0.0035100002,0.23052,0.40370998,,0.163,0.05044479192204841,-0.13920342658717777,-0.004320694673828645,-0.07739722982416622,0.0151,22690373065.0,5475089776640,21.55165,27.838974,1.8275138,-0.01109318273497378,-0.004669102720259845,-0.02795400475812847,0.016376451077943614,0.046754910333048676,0.28492759534978584,-0.4574750152967571,0.009029777687130357,2451.5,,,2.4,Buy,0.7741538894357242,Financial Services,
8309,"Sumitomo Mitsui Trust Group, Inc.",,,JP3892100003,0.00451,0.21312,0.39499,,0.598,0.26635784092071196,-0.29366514860992715,-0.2377851236453712,-0.20127253916850413,0.0269,13983670980.0,4870344540160,13.386572,4.7618403,1.3286343,-0.01173512154233026,-0.0025380710659898475,0.0008488964346349745,0.022254335260115606,0.05330553901131626,0.18744698897370654,-0.3610404297427198,-0.026670398642917738,1768.5,,,2.3,Buy,2.811218175460441,Financial Services,
8316,"Sumitomo Mitsui Financial Group, Inc.",,,JP3890350006,0.00422,0.27818,0.40895998,,0.35,0.607069033559999,-0.05424242707421762,-0.011600136792736387,-0.13664366829660424,0.0132,80873415300.0,25950653775872,15.313901,21.490828,1.6113541,-0.006978772899098575,-0.0017538731365097924,-0.01172044566632904,0.00426407881193942,0.0072260728506120045,0.2884333821376281,-0.30161054172767204,0.08321134699853583,6830.0,,,1.8,Buy,0.7125784543992442,Financial Services,
8331,"The Chiba Bank, Ltd.",,,JP3511800009,0.00468,0.27705,0.36259997,,0.402,0.73578856246574,-0.1882219436171636,0.2436819210022621,0.012841914182249413,0.023399999999999997,8433080180.0,1891991683072,18.726053,24.80515,1.469714,-0.008153651023736184,0.006990434142752024,0.0029314767314034445,0.020697370874510537,0.02701688555347092,0.267811472415053,0.059554256485202774,0.1279294117647059,2737.0,,,2.1,Buy,0.7549260133480346,Financial Services,
8334,"The Gunma Bank, Ltd.",,,JP3276400003,0.0058,0.31309,0.44399,,0.263,1.5610053179766454,-0.03436943560235419,0.1437395693599192,0.14411231318381929,0.0233,3578403500.0,1135309750272,19.380371,45.105263,1.7952305,0.027226027397260273,0.04257907542579075,0.03753026634382567,0.07144132880871584,0.15632228218966845,0.16352725454242373,-0.09984997499583263,-0.0009445907651274482,2999.5,,,2.7,Hold,0.4296698369766739,Financial Services,
8336,"The Musashino Bank, Ltd.",,,JP3912800004,0.00287,0.15843001,0.24687,,0.142,0.3232535432138947,-0.2904701356085596,-0.22935395929753374,-0.2487795644080809,0.0285,681461250.0,279001563136,18.483992,,1.01669,0.0017421602787456446,0.02459016393442623,0.027152554483744193,0.06010324483775811,0.07276119402985075,,,,2875.0,,,,,,Financial Services,
8337,"The Chiba Kogyo Bank, Ltd.",,,JP3512200001,0.0026,0.13134,0.21886998,,0.236,0.9287390809882161,-0.4004811734638662,-0.3963898363545779,0.1874060893633848,0.0074,286630120.0,155230027776,25.57523,,0.9123074,-0.0007399186089530152,0.02194475974271661,0.022331566994700985,0.040046207162110124,0.0448742746615087,,,,2701.0,,,,,,Financial Services,
8338,"Tsukuba Bank, Ltd.",,,JP3231000005,0.0023999999,0.1532,0.19367,,0.984,-0.07400379862241371,-0.1996523841910375,-0.21370121893602945,0.18518721693580786,0.0068000000000000005,1101945070.0,60901244928,9.242121,,0.5478209,0.0,0.004076086956521739,0.01790633608815427,0.030683403068340307,0.05873925501432665,,,,739.0,,,,,,Financial Services,
8341,"The 77 Bank, Ltd.",,,JP3352000008,0.00611,0.31388,0.5563,,0.803,2.0355527471065584,0.2015087690316897,0.23009613425454287,0.12636334359479054,0.024900000000000002,3287484900.0,933666291712,17.271265,16.284046,1.2328601,0.030280649926144758,0.03666088679712658,0.05336018122325698,0.08842652795838751,0.13383906800325115,0.17323775388291518,-0.13978494623655913,-0.011549223416965288,4185.0,,,3.0,Hold,1.0606249208581209,Financial Services,
8343,"The Akita Bank, Ltd.",,,JP3107600003,0.00245,0.17218,0.33009997,,0.479,1.3773453692592998,0.1575095818731235,0.308125296194946,0.3743764172335601,0.004,1687899200.0,175841984512,22.831263,,0.93908054,0.04,0.06695464362850972,0.046610169491525424,0.10638297872340426,0.23809523809523808,,,,9880.0,,,,,,Financial Services,
8344,"The Yamagata Bank, Ltd.",,,JP3934800008,0.0023100001,0.12809,0.20222999,,0.683,1.480415355280388,0.18191367222805782,0.3690101470283702,0.11537357743691236,0.0182,1089234800.0,165466374144,25.906487,,1.0711212,0.05283757338551859,0.09460834181078331,0.07923771313941826,0.18111964873765093,0.27036599763872493,,,,5380.0,,,,,,Financial Services,
8345,"The Bank of Iwate, Ltd.",,,JP3152400002,0.00261,0.19910999,0.32071,,0.583,0.6317253169967232,0.41150797785937154,0.4743170248319277,0.19767351851615567,0.0209,1077086160.0,191772459008,21.504879,,0.9630785,0.02547065337763012,0.05147615442846329,0.05909264201296226,0.11521477318346046,0.15557404326123128,,,,2778.0,,,,,,Financial Services,
8346,"The Toho Bank, Ltd.",,,JP3601000007,0.00207,0.17457001,0.30347002,,0.524,0.7328634876927805,0.0013969775895315934,0.014962134559739968,-0.023910968734740995,0.020499999999999997,999895040.0,255884689408,20.7036,,1.1332009,0.0009775171065493646,0.014866204162537165,0.014866204162537165,0.05675954592363261,0.06889352818371608,,,,1024.0,,,,,,Financial Services,
8354,"Fukuoka Financial Group, Inc.",,,JP3805010000,0.0027599998,0.21019,0.42450002,,0.258,0.6146316424345862,0.0799882350279418,0.2046728572039882,0.019617594116075304,0.0271,5894551080.0,1463848009728,17.123152,19.044107,1.3008015,-0.005648267008985879,0.0014221073044602456,-0.010348792640858567,0.020284510010537406,0.012019858897308597,0.187709785695843,-0.4384198295894655,0.009409850245287945,7746.0,,,2.6,Hold,0.8991312640702975,Financial Services,
8358,Suruga Bank Ltd.,,,JP3411000007,0.01227,0.44891998,0.59768003,,1.767,0.7349574536607701,-0.1392507140663287,-0.0467181271535707,-0.07244966880955185,0.0212,2359084880.0,475411906560,14.22455,32.25217,1.4538513,-0.019444444444444445,-0.0017674089784376105,0.006414825374198147,-0.0052835505459668895,0.028404952658412235,0.09773371104815864,-0.1501416430594901,0.018059490084985835,2824.0,,,1.8,Buy,0.4410416415391585,Financial Services,
8359,"Hachijuni Nagano Bank, Ltd.",,,JP3769000005,0.00527,0.26992,0.48618,,0.46,0.801102683085688,-0.3023948737363116,-0.22299266503667478,-0.07893086274335127,0.0241,3508608210.0,1225935683584,19.120878,51.079548,1.0213227,-0.009730126675234074,-0.003694126339120798,-0.002404290734233401,0.028408007626310773,0.05578391074574281,0.03819058212829069,-0.11012235817575083,-0.023606488691138384,2697.0,,,,,0.3743353014791752,Financial Services,
8360,"The Yamanashi Chuo Bank,Ltd.",,,JP3942000005,0.00244,0.14854999,0.32756,,0.48,0.6187839914152623,-0.3112819475352349,-0.10141466442997343,-0.12222015402871163,0.0044,1032383000.0,226758819840,22.675669,,0.9455767,0.01094391244870041,0.02638888888888889,0.024965325936199722,0.07883211678832117,0.023545706371191136,,,,7390.0,,,,,,Financial Services,
8361,"The Ogaki Kyoritsu Bank, Ltd.",,,JP3176000002,0.0031299999,0.12885,0.23384,,0.406,0.1827726391168133,0.06896427080971497,0.016514659974291503,-0.12349162325694402,0.0036,1416316400.0,346743078912,18.148975,,0.8294455,0.004761904761904762,0.02551640340218712,0.03178484107579462,0.0737913486005089,0.10615989515072084,,,,8440.0,,,,,,Financial Services,
8362,"The Fukui Bank, Ltd.",,,JP3803600000,0.00262,0.16058001,0.11297,,0.928,1.757998604604804,0.19068925786910407,0.6961251037918627,0.22956672705314024,0.018600000000000002,1070115200.0,191141543936,22.222221,,1.1795001,0.06036745406824147,0.06596306068601583,0.052083333333333336,0.15428571428571428,0.2886762360446571,,,,8080.0,,,,,,Financial Services,
8364,"The Shimizu Bank, Ltd.",,,JP3358400004,0.00135,0.08027001,0.27345,,0.303,-0.018654202459154445,-0.4355704018625367,-0.3388149074984359,-0.04111726220432821,0.0192,99534000.0,35427700736,17.667645,,0.43827865,-0.0031847133757961785,-0.0031847133757961785,0.006430868167202572,0.02287581699346405,0.13037197544239798,,,,3130.0,,,,,,Financial Services,
8366,"The Shiga Bank, Ltd.",,,JP3347600003,0.0031400002,0.17525999,0.37851003,,0.478,-0.23941928873960944,-0.21296445781658965,-0.29160168450276214,-0.48177017984107073,0.0173,1749029610.0,662742237184,31.248644,54.914288,1.0264096,-0.0058620689655172415,0.010161177295024528,0.010869565217391304,0.04456521739130435,0.09578107183580388,0.04058272632674298,-0.5754422476586889,-0.26742976066597296,2883.0,,,,,0.5690439617463491,Financial Services,
8367,"The Nanto Bank, Ltd.",,,JP3653400006,0.00265,0.18426001,0.22563,,0.287,0.31907888901896925,-0.300522152209332,-0.0897317341498504,-0.24305182167625008,0.0277,930580000.0,317736845312,18.621134,,1.0391796,0.00998502246630055,0.03214285714285714,0.03690415171706817,0.07492029755579172,0.09885931558935361,,,,2023.0,,,,,,Financial Services,
8368,"The Hyakugo Bank, Ltd.",,,JP3793800008,0.004,0.20865999,0.264,,1.161,0.6016840770018757,-0.07925735544161833,0.0036391993761371857,-0.043424762916780796,0.0169,1889976180.0,598887497728,22.521786,,1.1434222,-0.0012077294685990338,0.02309278350515464,0.03418090871196332,0.08720420683610867,0.13081130355515042,,,,2481.0,,,,,,Financial Services,
8370,"The Kiyo Bank, Ltd.",,,JP3248000006,0.00378,0.23029,0.34912,,0.178,0.38603214369121674,-0.10304136117693742,0.022595114695423735,-0.25100953959970107,0.0196,863406000.0,342034481152,15.625,,1.379225,0.011428571428571429,0.03508771929824561,0.04940711462450593,0.06412825651302605,0.08923076923076922,,,,5310.0,,,,,,Financial Services,
8377,"Hokuhoku Financial Group, Inc.",,,JP3842400008,0.00404,0.28031,0.51138,,0.689,1.1863893729068113,-0.32412460072034543,-0.2596046427727256,-0.20019714774024722,0.0018,3528156240.0,1025008926720,17.79377,38.037136,1.3667349,0.032149712092130515,0.044681884409907724,0.04290909090909091,0.0877370417193426,0.069617105917454,-0.01208740120874012,-0.09344490934449093,-0.052766155276615524,8604.0,,,2.5,Buy,0.4677999416149523,Financial Services,
8381,"The San-in Godo Bank,Ltd.",,,JP3324000003,0.003,0.19398001,0.23517,,0.99,0.5889132888660851,-0.34293358714942723,-0.16484801316010583,-0.16213383190173708,0.0262,973466000.0,387355836416,17.331022,,1.198792,0.00038476337052712584,0.009316770186335404,0.0081426909654905,0.03420843277645187,0.03958416633346661,,,,2600.0,,,,,,Financial Services,
8386,"The Hyakujushi Bank, Ltd.",,,JP3794200000,0.00349,0.20327,0.26389998,,0.291,0.7868158117656963,-0.2779511393590297,-0.22150472129150167,-0.16751633730912607,0.0223,945579600.0,355098165248,18.903137,,0.91313,0.014539579967689823,0.027823240589198037,0.017828200972447326,0.05617221661621258,0.07240437158469945,,,,3140.0,,,,,,Financial Services,
8387,"The Shikoku Bank, Ltd.",,,JP3350000000,0.0049799997,0.25538,0.16179001,,-0.021,2.341633337633853,0.34813499794421343,0.5939494139420112,0.28517665130568354,0.0194,1113241200.0,185964822528,10.627094,,0.938439,0.041031652989449004,0.08557457212713937,0.07636363636363637,0.1855807743658211,0.22145804676753783,,,,4440.0,,,,,,Financial Services,
8388,"The Awa Bank, Ltd.",,,JP3126800006,0.00426,0.18059999,0.24184,,0.56,0.4001743358051367,-0.37593835509259854,-0.18090608902390704,0.2865006915629323,0.0034999999999999996,1179064200.0,403538280448,26.177748,,0.97383076,0.002898550724637681,0.026706231454005934,0.018645731108930325,0.0690010298661174,0.155902004454343,,,,10380.0,,,,,,Financial Services,
8392,"The Oita Bank, Ltd.",,,JP3175200009,0.00248,0.12758,0.22617,,0.211,0.201766712229021,-0.41581747479870806,-0.34758031196873546,-0.09126218003527506,0.0159,591386400.0,237371162624,22.573444,,0.8998456,0.024509803921568627,0.03636363636363636,0.03125,0.07731958762886598,0.13917151162790697,,,,3135.0,,,,,,Financial Services,
8393,"The Miyazaki Bank, Ltd.",,,JP3908000007,0.00365,0.20813,0.25756,,0.267,0.6757074685148465,-0.2737611527227447,-0.11198314838997567,-0.05993661045329505,0.020099999999999996,776038900.0,233448259584,16.694672,,1.0046273,0.012741172187841281,0.033432392273402674,0.03304864463423691,0.08206923376118241,0.12540453074433658,,,,2782.0,,,,,,Financial Services,
8395,The Bank of Saga Ltd.,,,JP3315200000,0.0031299999,0.15724,0.26225,,1.34,0.24972520127150116,-0.4807531806615776,-0.2576200152400305,0.1362847110019604,0.016200000000000003,331203000.0,114588524544,13.422819,,0.8712764,0.014970059880239521,0.030395136778115502,0.02727272727272727,0.07109004739336493,0.16295025728987994,,,,6780.0,,,,,,Financial Services,
8399,"Bank of The Ryukyus, Limited",,,JP3975000005,0.00303,0.12408,0.21222,,0.161,0.37963384324570315,0.15211205953162618,0.32734109878015216,-0.006272431119209332,0.029500000000000002,522490500.0,136346361856,15.014676,22.978577,0.9300127,-0.005979073243647235,0.009104704097116844,0.03260869565217391,0.06230031948881789,0.06741573033707865,,,,3325.0,,,,,0.6534206186919232,Financial Services,
8410,"Seven Bank, Ltd.",,,JP3105220002,0.01048,0.07405,0.26089,,0.543,0.05176273291694241,-0.4435717103823478,-0.32688322430753514,-0.27008880008275665,0.0321,1252281798.0,400156065792,28.244022,19.577143,1.4255636,-0.007244294579252209,-0.005226463206690337,0.015411992286849387,0.029447153144511993,0.047386100908781995,0.021599532983070567,-0.21190893169877414,-0.11850554582603626,342.6,,,3.0,Hold,1.4427039737105665,Financial Services,
8411,"Mizuho Financial Group, Inc.",,,,0.00476,0.29136,0.46686,,0.497,0.2456627232913969,-0.16122134583465178,-0.0785860374688012,-0.12511014372142262,0.0177,70062767350.0,20563061899264,15.151516,25.235422,1.7957317,-0.006316528248918002,-0.011979530123284485,-0.018373006702103074,0.002241623407267579,-0.0004706436051300153,0.266627427898764,-0.3443201883460859,0.06083790464979391,8495.0,,,2.0,Buy,0.6004066823213815,Financial Services,
8418,"Yamaguchi Financial Group, Inc.",,,JP3935300008,0.0028900001,0.15958,0.32882,,0.516,3.23937074829932,-0.16412537935657448,-0.03256722592507475,-0.19857609626119777,0.0279,2151771710.0,693873606656,21.881155,31.703499,1.0167166,0.057432432432432436,0.07258566978193147,0.07492975335622853,0.10707395498392283,0.12003903708523098,0.16177751960499565,-0.012489108335753703,0.07464420563462097,3443.0,,,1.5,Strong Buy,0.6901810743350442,Financial Services,
8424,"Fuyo General Lease Co., Ltd.",,,JP3826270005,0.00775,0.02728,0.098129995,5.1637900000000005,0.055,0.657345976250037,-0.08375430043393316,0.016348255046625803,-0.06984918448385134,0.038,793537830.0,408342102016,18.939045,5.897603,0.798981,-0.010491803278688525,0.006447309915518008,0.02536806342015855,0.026530612244897958,0.02583276682528892,-0.0943229511817981,-0.0943229511817981,-0.0943229511817981,4527.0,,,,,3.211312290773048,Industrials,
8425,"Mizuho Leasing Company, Limited",,,JP3286500008,0.00749,0.06101,0.07709,7.6898800000000005,0.526,-0.07189956607365228,-0.33320454691802753,-0.27680137665826743,-0.19989305206025185,0.0381,638919180.0,382735187968,8.038605,2.3856096,0.8488321,-0.007988380537400145,0.008118081180811807,0.014858841010401188,0.01712583767684289,0.019402985074626865,,,,1366.0,,,,,3.369623009565354,Financial Services,
8439,Tokyo Century Corporation,,,JP3424950008,0.0139999995,0.0,0.119219996,4.1386,0.59,-0.09467358007395617,-0.2674911663884046,-0.24459035624383926,-0.061870207374808396,0.0337,1419664505.0,1305238568960,11.764835,14.584129,1.1245512,-0.018198529411764707,0.005648653737525889,0.004702784048156509,0.01424230915305735,0.056577645895153315,0.12338513387006178,-0.026399550645946453,0.07345691818011617,2670.5,,,2.0,Buy,0.8066875299855067,Industrials,
8473,"SBI Holdings, Inc.",,,,0.016180001,0.24256,0.54348,3.02859,0.643,0.04934258488590837,-0.12617807085836982,-0.23470872980959773,-0.2088810866327365,0.0321,11812705280.0,2114993520640,5.238385,8.041485,1.1339,0.004914004914004914,-0.0027430661383724473,0.0030656039239730227,0.017096673919801058,0.05821474773609314,0.37836185819070906,0.008557457212713936,0.15743973105134476,3272.0,,,1.7,Buy,0.65142010461998,Financial Services,
8511,"Japan Securities Finance Co., Ltd.",,,JP3714400003,0.00081,0.09521,0.13777,99.8434,0.684,-0.12885676874217797,-0.26874154262516914,-0.327842498386254,-0.08554917363516064,0.0375,437496570.0,202478583808,19.305407,,1.4428935,-0.0015929908403026682,0.030838815789473683,0.03126285479226656,0.037236243276789406,0.009259259259259259,,,,2507.0,,,,,,Financial Services,
8522,"The Bank of Nagoya, Ltd.",,,JP3648800005,0.00361,0.20255,0.31426,,0.288,0.1649204820409217,-0.23874721889440356,-0.25905211366603065,-0.09450864422201993,0.0277,740050000.0,355201777664,17.51322,,1.1278181,0.004172461752433936,0.024113475177304965,0.009790209790209791,0.04941860465116279,0.13166144200626959,,,,7220.0,,,,,,Financial Services,
8524,"North Pacific Bank,Ltd.",,,JP3843400007,0.00211,0.12051,0.173,,0.413,0.37414995194784795,-0.1549852930457321,-0.10816202605756241,-0.27043922827142275,0.0242,2143437920.0,494582792192,19.418331,42.236423,1.253184,-0.013432835820895522,0.01614142966948501,0.01848998459167951,0.04671417260490895,0.07479674796747968,0.1346444780635401,0.1346444780635401,0.1346444780635401,1322.0,,,2.5,Buy,0.45975320874118525,Financial Services,
8541,"The Ehime Bank, Ltd.",,,JP3166400006,0.0025099998,0.13902001,0.20587,,-0.005,-0.29990369786721083,-0.507906117304985,-0.46016037108794955,-0.4337608571835398,0.014199999999999999,503787900.0,132466958336,18.348127,,0.91519564,0.014970059880239521,0.02727272727272727,0.028831562974203338,0.07448494453248812,0.20683517265930937,,,,3390.0,,,,,,Financial Services,
8544,"The Keiyo Bank, Ltd.",,,JP3281600001,0.00273,0.16764,0.26413,,0.557,0.27540065028305466,-0.49539715028724546,-0.36461706496570406,-0.32613709041170075,0.0231,794032600.0,331490295808,21.691233,,1.0386887,0.003162333099086437,0.004220893422441084,0.005635787249031349,0.04693802713604694,0.04235122307411464,,,,2855.0,,,,,,Financial Services,
8550,"The Tochigi Bank, Ltd.",,,JP3627800000,0.0025099998,0.19181,0.24097,,0.22,0.025324526161332486,-0.09630510679360335,-0.10769215152868576,-0.2322996133713514,0.026600000000000002,645460590.0,117565677568,14.163844,,0.7132316,0.004448398576512456,0.03388278388278388,0.051210428305400374,0.08349328214971209,0.06610009442870633,,,,1129.0,,,,,,Financial Services,
8551,"The Kita-Nippon Bank, Ltd.",,,JP3238200004,0.0032,0.18160999,0.32994998,,0.608,0.48672223299088974,0.27975697321181997,0.3061185468451242,0.2488079372130903,0.0075,450128100.0,68646027264,16.154997,,0.72668064,-0.00813953488372093,0.0035294117647058825,0.00589622641509434,0.05962732919254658,0.25997045790251105,,,,8530.0,,,,,,Financial Services,
8558,"The Towa Bank, Ltd.",,,JP3622400004,-0.01222,-0.70502,-0.35397997,,,0.151832942692659,-0.31270771233768463,-0.31515963855421686,-0.43440674351520314,0.033,239794200.0,53686345728,,,0.6296928,0.00597609561752988,0.01,0.03201634877384196,0.05944055944055944,0.08914450035945364,,,,1515.0,,,,,,Financial Services,
8566,"Ricoh Leasing Company, Ltd.",,,JP3974100004,0.0088599995,0.03679,0.05444,4.62294,-0.053,0.34974003466204506,-0.2057096395338332,-0.1559583313869295,-0.279787287665709,0.027000000000000003,232261900.0,212380385280,16.556131,15.28055,0.88071525,-0.007204610951008645,0.0014534883720930232,0.00583941605839416,0.014727540500736377,0.0487062404870624,,,,6890.0,,,,,1.0834774271868486,Financial Services,
8570,"AEON Financial Service Co., Ltd.",,,JP3131400008,0.00457,0.04129,0.13206,,0.153,-0.028144896777927773,-0.3598782716064781,-0.17985857930587096,0.2308793932540635,0.0326,847780140.0,351027658752,16.639378,12.182513,0.73615104,-0.01124961994527212,-0.011550151975683891,-0.006112469437652812,0.02135678391959799,0.03480491295295271,0.04551045510455105,-0.33579335793357934,-0.09440344403444034,1626.0,,,3.4,Hold,1.365841185640434,Financial Services,
8572,"Acom Co., Ltd.",,,JP3108600002,0.044299997,0.18792,0.36029997,0.9542700000000001,-0.439,0.4554114783897877,-0.06977897499061798,-0.061604652850492894,-0.19879226631777863,0.0453,576111137.0,761531006976,9.559489,10.608905,1.063895,-0.017384297543603322,-0.0034850099128953507,0.0037167298211883333,0.016945606694560716,0.011444015452841596,0.028594939312898533,0.008023040526640561,0.013166015223205055,486.1,,,,,0.9010815913612196,Financial Services,
8584,"JACCS Co., Ltd.",,,JP3388600003,0.00209,0.07768,0.12246,9.53336,-0.267,3.091694199001153,-0.10322317421460638,-0.05655421324377165,-0.07025614743802311,0.054400000000000004,506672250.0,164559388672,9.680478,7.1491103,0.54890084,-0.017379679144385027,-0.01606425702811245,-0.014745308310991957,-0.014745308310991957,-0.018691588785046728,-0.047619047619047616,-0.047619047619047616,-0.047619047619047616,3675.0,,,,,1.3540815001833166,Financial Services,
8585,Orient Corporation,,,JP3199000005,0.0014,0.04802,0.14611,8.65062,-0.681,0.6813688293821049,-0.41259170939733303,-0.12703818250801938,-0.24920506924538793,0.046799999999999994,411066900.0,146363908096,11.3500595,51.599277,0.59954816,-0.01611047180667434,0.0023446658851113715,0.007067137809187279,0.017857142857142856,-0.006968641114982578,-0.005847953216374269,-0.005847953216374269,-0.005847953216374269,855.0,,,,,0.21996547548524759,Financial Services,
8591,ORIX Corporation,,,,0.02647,0.17940001,0.21518,1.3027799999999998,1.706,0.5218498332943147,-0.18290518897612165,-0.1685106378134841,0.04494405293965845,0.0276,18788137620.0,6391755440128,10.917101,16.537508,1.4290677,-0.011102172164119066,0.006056637747585529,0.009361143044834949,0.02076067098488623,-0.0563488407799785,0.26911812561015297,-0.007484542792059876,0.09917925479986982,6146.0,,,2.1,Buy,0.6601418424105978,Financial Services,
8593,Mitsubishi HC Capital Inc.,,,JP3499800005,0.0114400005,0.06292,0.0917,4.98194,-0.448,0.16143674200059643,-0.2552732834147624,-0.2351468691432277,-0.06321585945175931,0.037599999999999995,4878825705.0,1985095663616,14.576753,12.615034,0.98793286,-0.01423994304022784,0.000361271676300578,0.001808972503617945,0.003624501631025734,-0.030122591943957968,0.3506681112314915,-0.04658721560130011,0.07740455037919827,1384.5,,,,,1.1555064377947772,Financial Services,
8595,"JAFCO Group Co., Ltd.",,,JP3389900006,0.02011,0.29382,0.37780997,0.11315,-0.723,-0.28064596087381505,-0.3015475630208612,-0.28159812454797123,-0.35175910806228566,0.0584,659170050.0,119984840704,18.416586,6.3904085,0.8955333,0.0,0.007962840079628402,0.018551631649530623,0.011992005329780146,0.01900715563506261,0.031380294053105114,0.031380294053105114,0.031380294053105114,2278.5,,,,,2.8819106008637787,Financial Services,
8600,"TOMONY Holdings, Inc.",,,JP3631700006,0.00341,0.21302,0.42246,,0.259,0.2644851839457824,-0.25526451916294385,-0.11589226423832848,-0.06360890028429161,0.0254,575600480.0,227391700992,14.327237,,0.752445,0.010247651579846286,0.02959094865100087,0.040457343887423045,0.07839562443026436,0.14742967992240544,,,,1183.0,,,,,,Financial Services,
8601,Daiwa Securities Group Inc.,,,JP3502200003,0.0058399998,0.20921,0.30099002,12.21076,0.826,1.1819212708562294,0.15011464584038078,-0.013742241557564592,-0.13025332821769137,0.0379,9012259335.0,2562603614208,14.859098,18.75127,1.4208745,0.008469945355191256,0.004900626191124422,0.0019001085776330076,0.026989426822481913,0.010955902492467817,0.051205635329179086,-0.2251422378759144,-0.06955144947168784,1845.5,,,3.0,Hold,0.792431552636168,Financial Services,
8604,"Nomura Holdings, Inc.",,,JP3762600009,0.0067000003,0.17292999,0.30805,9.45609,0.42,0.39731077996683295,0.15345673181392896,-0.00747656405965279,-0.19213657794862543,0.0323,15061633650.0,4620617777152,11.862245,17.383179,1.2050829,-0.005972964476579692,-0.038613560352690784,-0.05016521477921298,-0.021658415841584157,0.0025364616360177552,0.39152435167615435,-0.17141049968374447,0.09243693864642637,1581.0,,,2.1,Buy,0.6823979089210322,Financial Services,
8609,Okasan Securities Group Inc.,,,JP3190800007,0.01884,0.26577,0.35582,2.2919300000000002,3.668,0.12391422756070299,-0.12261007893867992,-0.20244581006876436,0.08972724916528187,0.0317,551094830.0,253204611072,11.848163,,1.0740608,-0.0031620553359683794,0.03022875816993464,0.03276003276003276,0.043874172185430466,0.12088888888888889,,,,1261.0,,,,,,Financial Services,
8613,"Marusan Securities Co., Ltd.",,,JP3874800000,0.06191,0.24540001,0.3339,0.017490000000000002,-0.117,-0.14885753289101114,-0.16251837456710772,-0.17924350397362465,-0.3231324853460363,0.0325,286808560.0,85606883328,17.09481,,1.66408,0.0038880248833592537,0.0,-0.0007739938080495357,0.0007751937984496124,0.07225913621262459,,,,1291.0,,,,,,Financial Services,
8614,"Toyo Securities Co., Ltd.",,,JP3611800008,0.06726,0.34267,0.36224997,0.43856,3.196,-0.4696005270729969,-0.38809797571899657,-0.3637018580479817,-0.023231116349311038,0.0706,307109160.0,48084545536,12.209002,,1.683806,0.00425531914893617,0.00425531914893617,-0.008403361344537815,-0.016666666666666666,0.04579025110782865,,,,708.0,,,,,,Financial Services,
8616,"Tokai Tokyo Financial Holdings, Inc.",,,JP3577600004,0.01963,0.23346001,0.28819,3.0922,19.728,0.4486320225943047,-0.20701613841222902,-0.14889567393055464,-0.12857512283423841,0.0501,717609760.0,227927310336,13.718302,17.888447,1.158756,0.0033519553072625698,0.008988764044943821,0.010123734533183352,0.026285714285714287,0.08454106280193237,-0.33184855233853006,-0.33184855233853006,-0.33184855233853006,898.0,,,,,0.7668805458629249,Financial Services,
8622,"Mito Securities Co., Ltd.",,,JP3905400002,0.05511,0.23229,0.35056,0.08676,3.509,-0.14841905790657287,-0.23758939143554536,-0.18874711544718703,0.28688831240253715,0.044800000000000006,296672940.0,56439439360,18.282927,,1.2957596,0.016268980477223426,0.0021390374331550803,-0.014721345951629864,-0.0010660980810234541,0.09207459207459208,,,,937.0,,,,,,Financial Services,
8624,"Ichiyoshi Securities Co., Ltd.",,,JP3142300007,0.11193,0.21288,0.32775003,0.010620000000000001,6.329,0.3836457385501972,0.13768395760930188,-0.016895218933658102,-0.05391700275270485,0.0516,221236920.0,54222487552,12.330872,,1.761174,0.0011876484560570072,-0.014611338398597311,-0.007651559741024131,-0.004134672179562906,0.059710873664362035,,,,1686.0,,,,,,Financial Services,
8628,"Matsui Securities Co., Ltd.",,,JP3863800003,0.01356,0.33574,0.55165,6.23573,0.949,0.7921726517515714,-0.057020006501374204,-0.10198129161017082,-0.1439962119956418,0.0478,1130042400.0,301901119488,19.530079,23.96728,3.6960416,-0.003401360544217687,-0.015126050420168067,-0.007620660457239628,-0.015126050420168067,0.10670443814919736,-0.06143344709897611,-0.06143344709897611,-0.06143344709897611,1172.0,,,3.0,Hold,0.8148642232243293,Financial Services,
8630,"Sompo Holdings, Inc.",,,JP3165000005,0.03344,0.11423001,0.13623999,0.1764,0.594,0.4191167115688163,-0.08427280365125348,-0.08433904875435363,-0.16041696328157756,0.028999999999999998,15976370040.0,6110833541120,27.47279,25.244532,1.1560061,-0.014726908778953388,0.01338235294117647,0.017271922054915855,0.047582851930678016,-0.015149349721309132,0.2581628210709621,-0.30503555362066465,0.025962704977506842,6891.0,,,2.5,Buy,1.0882669561867893,Financial Services,
8697,"Japan Exchange Group, Inc.",,,JP3183200009,,0.0,0.6487,0.15701,,0.4431938485540758,-0.25056858617131056,-0.26641579906451035,-0.2213899407408936,0.0349,7010595065.0,2285348585472,38.025173,36.09138,7.1019883,-0.007547169811320755,0.017292377701934016,0.011309658448314861,0.016136363636363636,-0.025501307759372274,0.25251621561172,-0.2619100872288079,0.024379333482442405,2235.5,,,3.2,Hold,1.0535804671364741,Financial Services,
8698,"Monex Group, Inc.",,,JP3869970008,0.014400001,0.12156,0.11901,0.9311400000000001,0.036,-0.05312812376270955,-0.5144101197235241,-0.5414932508754734,-0.487116290509131,0.0433,869117040.0,178970935296,16.394197,13.936191,1.3736979,-0.001402524544179523,-0.015214384508990318,-0.0028011204481792717,-0.00697350069735007,0.012802275960170697,0.15168539325842698,0.05337078651685393,0.10252808988764045,712.0,,,,,1.1763757399708425,Financial Services,
8706,"Kyokuto Securities Co., Ltd.",,,JP3256970009,0.06782,0.57039,0.53443,0.22183,0.551,0.18587617606685167,-0.3201794467059899,-0.3520275293667821,-0.18482134062253744,0.0587,255545760.0,59342823424,12.531595,,1.1346403,0.0058729311265349705,0.003194888178913738,-0.00211864406779661,-0.007376185458377239,0.04376731301939058,,,,1884.0,,,,,,Financial Services,
8707,"IwaiCosmo Holdings, Inc.",,,JP3149950002,0.054840002,0.33735,0.46583998,0.13727999999999999,0.555,0.12246273687364247,-0.09769618543587162,-0.16683125181527741,-0.0042595464728481715,0.048499999999999995,451959000.0,111336554496,10.661029,,1.4959562,-0.001053740779768177,0.006369426751592357,0.014989293361884369,0.031556039173014146,0.0871559633027523,,,,4740.0,,,,,,Financial Services,
8708,"Aizawa Securities Group Co., Ltd.",,,JP3101850000,0.02809,0.16427,0.04222,0.50108,7.273,0.18999054206502036,-0.17926267829314432,-0.2534483388765031,-0.10623930874161151,0.0264,234838930.0,55608070144,20.16056,,1.1617929,0.011344299489506523,0.015954415954415956,0.01769406392694064,0.022948938611589215,0.050677666470241606,,,,1783.0,,,,,,Financial Services,
8713,FIDEA Holdings Co. Ltd.,,,JP3802940001,0.00154,0.09434,0.17789,,0.425,-0.03078817733990148,-0.08526384935406182,-0.0412981228125994,0.651256830601093,0.026699999999999998,196754880.0,50528014336,12.300026,,0.55173635,-0.0007102272727272727,0.008240773916159082,0.021415607985480943,0.05393258426966292,0.25625,,,,2814.0,,,,,,Financial Services,
8714,"Senshu Ikeda Holdings, Inc.",,,JP3132600002,0.00299,0.18414,0.31349,,0.634,0.3290167968261696,-0.22315100200280633,-0.18707705694775326,-0.3369062705959455,0.025,915354260.0,306846171136,17.731295,,1.2210865,0.007312614259597806,0.008234217749313814,0.028944911297852476,0.05758157389635317,0.05353728489483748,,,,1102.0,,,,,,Financial Services,
8715,"Anicom Holdings, Inc.",,,JP3122440005,0.05562,0.0504,0.17941,0.34526,2.81,-0.25702162159316444,-0.37781839678239454,-0.3120499064813467,0.23273881535605195,0.0129,271393500.0,76462276608,35.21127,23.20442,2.628088,-0.0019011406844106464,0.02040816326530612,0.032448377581120944,0.032448377581120944,-0.1264559068219634,0.5238095238095238,0.23809523809523808,0.36507942857142855,1050.0,,,,,1.5174380570598187,Financial Services,
8725,"MS&AD Insurance Group Holdings, Inc.",,,JP3890310000,0.027309999,0.1155,0.23006001,0.25214,0.498,1.5988473541880526,-0.0678072279597512,-0.08827349631404835,-0.21807183680563566,0.0268,24777984990.0,7449939542016,9.862003,12.686331,1.1271499,-0.00817490494296578,0.011438542070569989,0.024749558043606363,0.0545785324439054,0.08079552517091361,0.24592677784167147,-0.37320299022426684,-0.024866206632164052,5217.0,,,2.4,Buy,0.7773723545444305,Financial Services,
8729,Sony Financial Group Inc.,,,JP3435350008,0.00958,0.0,0.41911,1.9861199999999999,,-0.02485583780255724,-0.18328312693033977,-0.17236749233676074,-0.04962031180778855,0.0492,8114825875.0,1090122416128,20.967741,,1.244181,-0.009146341463414634,-0.003067484662576687,0.011830596664235015,0.023299728445447476,0.055880483720487525,0.2923076923076923,-0.13846153846153847,0.03452990769230767,162.5,,,2.8,Hold,,Financial Services,
8739,"SPARX Group Co., Ltd.",,,JP3399900004,0.120120004,0.36084998,0.49144,0.24675,0.78,1.2525070522382549,0.43226681932871114,0.502442799461642,0.01151308167356777,0.0412,409758110.0,105662562304,16.556128,,2.599698,-0.0033582089552238806,0.02102446483180428,0.04663009404388715,0.0336687306501548,0.07962813257881972,,,,2671.0,,,,,,Financial Services,
8750,"Daiichi Life Group, Inc.",,,JP3476480003,0.01124,0.04823,0.16672,0.30146999999999996,2.783,0.23590947118819205,-0.1585652262675575,-0.145000595283024,-0.2001772271073143,0.037599999999999995,15425488900.0,6892793888768,15.772338,5.1732993,1.5069505,-0.009062661833247023,0.010029031406703616,0.0161975570897504,0.060698447893569846,-0.0039042165538781884,0.1497256336556049,-0.1899660308335511,0.04311471126208519,1913.5,,,2.3,Buy,3.0487967320970584,Financial Services,
8766,"Tokio Marine Holdings, Inc.",,,JP3910660004,,0.0,0.13237001,0.09282,-0.433,0.5909686903295313,0.03949764064738367,0.17083583085740953,-0.02010521590713141,0.0159,46898014000.0,15578104332288,29.411766,16.632185,1.9006176,-0.011810074716799228,0.014977101126377027,0.028858218318695106,0.06479677963900791,0.04899577843162339,0.2804878048780488,-0.2875609756097561,0.055203292682926765,8200.0,,,1.8,Buy,1.7683645293748236,Financial Services,
8771,"eGuarantee, Inc.",,,JP3130300001,0.11262,0.33163,0.47643003,,0.186,1.1177757129583303,-0.1749708929157835,-0.006150483921323804,0.5224991104403627,0.047,281455740.0,79456763904,23.146708,21.236624,4.0477204,-0.008879023307436182,0.00563063063063063,0.028209556706966035,0.05555555555555555,-0.027233115468409588,0.3997760358342665,0.11982082866741321,0.2597984322508399,1786.0,,,1.0,Strong Buy,1.0899429212477465,Financial Services,
8793,NEC Capital Solutions Limited,,,JP3164740007,0.00583,0.0293,0.05015,7.46073,0.034,0.18505473584007606,-0.2630120720364141,-0.21715160796324662,-0.19444444444444453,0.0354,72249100.0,91242364928,9.940381,12.155568,0.69527525,-0.00935672514619883,0.0059382422802850355,0.01437125748502994,0.022946859903381644,0.04438964241676942,,,,4235.0,,,,,0.8177635960738322,Industrials,
8795,"T&D Holdings, Inc.",,,JP3539220008,0.01872,0.051069997,0.18302,0.13856,0.202,-0.0316829495961934,-0.4571181074049475,-0.33628108634982223,-0.10154291775400087,0.0325,6310977360.0,2349756055552,17.730673,20.019405,1.4196653,-0.01901743264659271,0.007938123346224303,0.004666260904848854,0.05361702127659575,-0.002015316404675534,0.2924071082390953,-0.07310177705977383,0.062399030694668824,4952.0,,,2.2,Buy,0.8856743244866668,Financial Services,
8798,"Advance Create Co., Ltd.",,,JP3122100005,0.028269999,-0.00513,-0.01428,12.507829999999998,,25.153057341001354,-0.7625797610380711,-0.6758918071344571,-0.6376896692052788,,40374960.0,6432663040,,,14.386109,0.27941176470588236,0.27007299270072993,0.3082706766917293,0.3082706766917293,0.359375,,,,174.0,,,,,,Financial Services,
8801,"Mitsui Fudosan Co., Ltd.",,,JP3893200000,0.02123,0.09122,0.16778,1.52103,-0.374,0.4237325375412599,-0.08710080105122178,-0.033261610530613474,0.013950739910781525,0.024900000000000002,13536309600.0,3997892870144,14.705882,15.626644,1.2316915,-0.013289036544850499,0.009174311926605505,-0.004024144869215292,-0.013616738625041515,-0.0020161290322580645,0.7306397306397306,0.1447811447811448,0.38832774410774423,1485.0,,,1.3,Strong Buy,0.9410774315969571,Real Estate,
8802,"Mitsubishi Estate Co., Ltd.",,,JP3899600005,0.02939,0.15154,0.24361,1.29755,2.074,0.776611082974807,-0.13573275535179566,-0.2066414380696753,0.03015721489065593,0.0138,12203991400.0,4329146679296,19.881144,23.973192,1.5979486,-0.017672648178357803,0.017746478873239435,0.003053858967240422,-0.018739815317762087,-0.05911458333333333,0.7437032936617769,0.06006089122612787,0.3859673401605314,3613.0,,,1.6,Buy,0.829307336294641,Real Estate,
8803,"Heiwa Real Estate Co., Ltd.",,,JP3834800009,0.02096,0.21316,0.25305998,2.1224100000000004,-0.276,1.1024968714617722,0.10933872065208995,0.07451597051597045,-0.13681519082534319,0.037000000000000005,448582400.0,157247209472,14.367643,9.087785,1.2712399,-0.0033500837520938024,0.015358361774744027,0.026747195858498704,0.01406050276949297,0.026747195858498704,0.1722689075630252,0.046218487394957986,0.1106442436974789,2380.0,,,,,1.580984035163684,Real Estate,
8804,"Tokyo Tatemono Co., Ltd.",,,JP3582600007,0.027139999,0.13406,0.28423,2.47989,1.855,1.8857768179101024,-0.26554138825311946,-0.2082066863010098,-0.2657350574381142,0.04019999999999999,2890686440.0,670301945856,10.893422,13.140049,1.1045394,-0.024419656315948148,-0.014316174230886384,-0.015815085158150853,-0.029685157421289354,-0.02176541717049577,0.4215080346106304,0.069221260815822,0.23145859085290482,3236.0,,,2.3,Buy,0.8290244579757655,Real Estate,
8818,"Keihanshin Building Co., Ltd.",,,JP3279000008,0.020280002,0.23643999,0.31967,1.0015,0.148,1.1544604821998703,0.6011587485515644,0.37135125383366413,-0.08881239292244342,0.026699999999999998,498628880.0,107234844672,23.256775,13.94541,1.2697122,-0.00794351279788173,0.03024747937671861,0.005366726296958855,0.0026761819803746653,0.061378659112370164,-0.0035587188612099642,-0.0791814946619217,-0.041370106761565835,1124.0,,,,,1.667701057193729,Real Estate,
8830,"Sumitomo Realty & Development Co., Ltd.",,,JP3409000001,0.02688,0.0,0.36598,1.55974,,0.41354721498918134,-0.14250160203497012,-0.15119129217827276,0.06546574446426344,0.0163,9583615440.0,2942641635328,13.94677,7.6172714,1.1494013,-0.0205963725791577,0.00695322376738306,-0.007785736530675802,-0.03658905352283036,-0.10152284263959391,0.9774011299435028,0.12052730696798493,0.4633733835530446,3186.0,,,2.0,Buy,1.8309404073484898,Real Estate,
8841,"TOC Co., Ltd.",,,JP3538400007,0.016139999,0.17791,0.24906999,0.008060000000000001,1.154,0.24513360639750348,-0.24647484025739183,-0.2816874453951657,0.27767278509036736,0.010700000000000001,93264750.0,90422919168,38.9142,79.76653,0.8671501,-0.0019474196689386564,0.018886679920477135,0.023976023976023976,0.025,0.06993736951983298,0.3073170731707317,0.3073170731707317,0.3073170731707317,1025.0,,,,,0.4878512328416442,Real Estate,
8848,Leopalace21 Corporation,,,JP3167500002,0.10854,0.04769,0.1046,0.60941,17.922,3.8755989768747146,10.559482272050898,7.429110386668053,1.3504650804546146,0.0096,5853723200.0,330452729856,24.81508,18.705036,6.8615613,-0.018867924528301886,0.3147914032869785,0.5829528158295282,0.5926493108728943,0.5568862275449101,-0.3269230769230769,-0.3557692307692308,-0.34134615384615385,1040.0,,,3.0,Hold,1.32665235180515,Real Estate,
8850,Starts Corporation Inc.,,,JP3399200009,0.065560006,0.10106,0.12851,0.36906,0.102,1.0438223448897401,-0.4088192850432441,-0.27106006854668996,-0.18335324985712056,0.0315,253232000.0,225639923712,9.041522,9.457581,1.1823698,-0.0031413612565445027,0.019271948608137045,0.02696871628910464,0.019271948608137045,0.019271948608137045,-0.012605042016806723,-0.012605042016806723,-0.012605042016806723,4760.0,,,,,0.9560078840456139,Real Estate,
8860,Fuji Corporation Limited,,,JP3815000009,0.025929999,0.03127,0.057690002,1.99842,-0.299,-0.12051005747126432,-0.16403969643899588,-0.044285155740909674,-0.10273962060871915,0.0429,40597320.0,26681333760,5.643392,,0.45220783,-0.006657789613848202,0.006747638326585695,0.0332409972299169,0.021917808219178082,-0.007978723404255319,,,,746.0,,,,,,Real Estate,
8864,"Airport Facilities Co., Ltd.",,,JP3266050008,0.03303,0.08202,0.18513,0.36003999999999997,-0.42,-0.09179312750741321,-0.43950112665723423,-0.3821031764326218,-0.1683702441794435,0.0432,61162780.0,48047235072,13.985913,21.431717,0.7801725,0.005165289256198347,0.019916142557651992,0.0384204909284952,0.01671891327063741,0.06222707423580786,0.05858170606372045,0.05858170606372045,0.05858170606372045,973.0,,,,,0.6525801455851624,Real Estate,
8871,"GOLDCREST Co.,Ltd.",,,JP3306800008,0.031570002,0.24947001,0.51735,1.20238,1.333,-0.0633922863839762,-0.12703841387856246,-0.15243019648397105,0.08283261802575116,0.049800000000000004,159697500.0,106684530688,18.181818,20.7767,0.7612765,-0.006191950464396285,0.004694835680751174,0.022292993630573247,0.015822784810126583,-0.0077279752704791345,0.3364485981308411,0.059190031152647975,0.19781931464174454,3210.0,,,,,0.875106152565133,Real Estate,
8876,"Relo Group, Inc.",,,JP3755200007,0.06408,0.13921,0.18417,1.0066599999999999,0.189,1.5204550762944633,-0.08418343873709849,-0.0863664349298376,-0.2507563472112156,0.0329,1381751000.0,346188349440,17.48257,15.830732,4.422832,0.01018149623727313,0.044393592677345536,0.06935332708528585,0.03987240829346093,0.13787085514834205,0.09553023663453111,-0.14548641542506574,-0.057843996494303246,2282.0,,,2.7,Hold,1.1043437536558638,Industrials,
8881,"NISSHIN GROUP HOLDINGS Company, Limited",,,JP3677900007,0.03081,0.0,0.052600004,0.80943,-0.294,-0.22518818675224417,-0.4237277799798762,-0.26310900473933646,0.09877502870203606,0.0559,69417320.0,30918459392,7.3694754,,0.43974936,-0.004511278195488722,0.010687022900763359,0.016897081413210446,0.009146341463414634,0.0060790273556231,,,,662.0,,,,,,Real Estate,
8892,ES-CON JAPAN Ltd.,,,JP3688330004,0.03133,0.08122,0.05874,4.69482,,-0.18170421117055927,-0.15059567426611492,-0.18279816513761468,-0.14987136672850965,0.047599999999999996,158680410.0,106724605952,8.741066,,1.2955856,-0.0141718334809566,-0.0017937219730941704,0.01551094890510949,0.005420054200542005,0.035348837209302326,,,,1113.0,,,,,,Real Estate,
8897,"MIRARTH HOLDINGS,Inc.",,,JP3460800000,0.0334,0.03223,0.08958,3.20514,,-0.1368787549240981,-0.3493797768415272,-0.3344416152478384,1.5183812359016065,0.050499999999999996,263813550.0,60796502016,13.104838,,0.7325854,-0.010869565217391304,0.011111111111111112,0.03881278538812785,0.029411764705882353,0.12345679012345678,,,,455.0,,,,,,Real Estate,
8918,"LAND Co., Ltd.",,,JP3968800007,0.0552,0.27021,0.52875,0.058949999999999995,,-0.10945857235156549,-0.20803781835823437,-0.18019120720289092,0.005875327709944796,,2976570800.0,15378829312,34.48276,,1.6131635,0.0,0.0,0.0,0.0,0.0,,,,10.0,,,,,,Real Estate,
8919,"KATITAS CO., Ltd.",,,JP3932950003,0.13395001,0.082679994,0.12657,0.6631100000000001,0.287,0.2528395061728395,-0.20291294273419402,-0.06098208551792887,0.35973401245048114,0.0255,614276950.0,276654686208,22.17274,26.036678,5.1676373,0.011444921316165951,0.02167630057803468,0.036656891495601175,0.015804597701149427,0.06315789473684211,0.2164073550212164,0.021216407355021217,0.12184282885431395,3535.0,,,2.1,Buy,0.8515963518848296,Consumer Cyclical,
8920,"Tosho Co., Ltd.",,,JP3594400008,0.06431,0.12734,0.26174998,0.37655,-0.084,-0.262007325332289,-0.5178726152779747,-0.15703784642892613,0.01043423635649772,0.0144,48983600.0,24350373888,7.3096337,14.76838,0.6507521,-0.0014367816091954023,-0.005722460658082976,0.023564064801178203,0.011644832605531296,0.004335260115606936,0.5107913669064749,0.22302158273381295,0.3669064748201439,695.0,,,2.0,Buy,0.4949516263801446,Industrials,
8923,Tosei Corporation,,,JP3595070008,0.05468,0.14255,0.22447,1.58767,-0.118,1.758582562706832,-0.5122991031876377,-0.5082813257881973,-0.43889106136148853,0.0319,311406120.0,167238516736,10.3413105,6.6834655,1.5040455,0.018912529550827423,0.03543543543543543,0.03110047846889952,0.01710914454277286,-0.01710376282782212,0.36310904872389793,0.10208816705336426,0.2325986078886311,1724.0,,,,,1.5472976556847644,Real Estate,
8934,"Sun Frontier Fudousan Co., Ltd.",,,JP3336950005,0.063140005,0.13438,0.21465,0.96012,-0.099,0.15894231744973247,-0.03882444400408521,0.18530864396145372,0.048858461290452654,0.0334,310133340.0,137127247872,8.250756,7.0570927,1.0121585,-0.005804311774461028,0.014811680067710538,0.03362068965517241,-0.0111340206185567,-0.02042483660130719,,,,2398.0,,,,,1.1691437750279234,Real Estate,
8951,Nippon Building Fund Inc.,,,JP3027670003,0.02088,0.42652,0.49566,0.833,-0.0,0.05803254330836258,-0.3193991069518857,-0.1520527739981228,-0.222974316459237,0.0407,3648884400.0,1073666981888,24.390245,25.523996,1.4190515,-0.0065252854812398045,0.0008216926869350862,-0.0008203445447087777,-0.002457002457002457,-0.06523407521105141,0.3505747126436782,0.059113300492610835,0.17446633825944172,121800.0,,,2.9,Hold,0.955580975643469,Real Estate,
8952,Japan Real Estate Investment Corporation,,,JP3027680002,0.02253,0.43587002,0.48556,0.92572,-0.014,1.00098562234002,-0.3323738874718212,-0.0007176730854080967,-0.15417754392529742,0.0449,2337078500.0,826686308352,22.172949,4.8471336,1.4855031,-0.009598603839441536,-0.010462074978204011,-0.0052585451358457495,-0.010462074978204011,-0.049413735343383586,0.3039647577092511,0.05814977973568282,0.14438325991189427,113500.0,,,2.4,Buy,4.574445606368267,Real Estate,
8953,Japan Metropolitan Fund Investment Corporation,,,JP3039710003,0.023759998,0.44765,0.51386,0.9640900000000001,0.232,0.7519894692754143,-0.2921920376235602,-0.010006775397777947,-0.00956188168786602,0.0546,1946824800.0,788331888640,17.36111,21.203287,1.207067,-0.01615798922800718,-0.017040358744394617,-0.013501350135013501,-0.02142857142857143,-0.02118823818348255,0.35036496350364965,0.11313868613138686,0.24233576642335766,109600.0,,,1.4,Strong Buy,0.8187933314301693,Real Estate,
8954,ORIX JREIT Inc.,,,JP3040880001,0.026589999,0.45182,0.522,0.9831799999999999,0.308,3.7365994113834615,-0.2049929335700196,0.1351126675189077,-0.006355862589046479,0.051500000000000004,1765091200.0,521088008192,19.379845,13.3068695,1.4734777,-0.01973001038421599,-0.01973001038421599,-0.011518324607329843,-0.016666666666666666,-0.02676351993422406,0.2711864406779661,0.06991525423728813,0.2076271186440678,94400.0,,,2.0,Buy,1.456378977790381,Real Estate,
8955,Japan Prime Realty Investment Corporation,,,JP3040890000,0.02406,0.46352002,0.51858,0.84868,-0.088,0.27480107746017113,-0.4084292238486473,-0.1639328299076841,-0.12901936673839529,0.045700000000000005,667776000.0,380536061952,18.832392,12.249153,1.3290197,-0.008438818565400843,-0.009483667017913594,-0.005291005291005291,-0.013641133263378805,-0.023883696780893044,0.32978723404255317,0.0425531914893617,0.16489361702127658,94000.0,,,2.3,Buy,1.537444425749274,Real Estate,
8956,NTT UD REIT Investment Corporation,,,JP3041770003,,0.34357,0.44516,1.00171,0.127,0.1470357161563111,-0.39984109431953146,-0.1635152883234147,-0.2088116534333122,0.0492,394693000.0,185144426496,20.576132,22.550072,1.2594998,-0.007867820613690008,-0.006304176516942475,-0.001583531274742676,-0.004735595895816891,-0.04179331306990881,0.3481363996827914,0.14195083267248215,0.23975678033306888,126100.0,,,,,0.9124641375867891,Real Estate,
8957,"Tokyu REIT, Inc.",,,JP3044510000,0.02342,0.58213,0.57139,0.82073,0.145,0.25666018854942485,-0.3885637231374651,-0.13980307956966828,-0.4709332586228365,0.044199999999999996,439466400.0,175161802752,33.783783,24.50051,1.5481719,-0.004915346805024577,-0.01406926406926407,-0.009782608695652175,-0.015135135135135135,-0.009782608695652175,0.13062568605927552,0.015367727771679473,0.07848518111964874,182200.0,,,3.5,Hold,1.3789012147094082,Real Estate,
8958,Global One Real Estate Investment Corp.,,,JP3044520009,0.02733,0.54943,0.61007,1.26682,0.075,0.6801536491677337,0.19610261052430647,0.44455992205261446,0.2189795778172503,0.0616,580504900.0,122259783680,12.70648,24.838781,1.086803,-0.003568242640499554,0.0008960573476702509,0.008122743682310469,0.0035938903863432167,0.029493087557603687,0.22649955237242614,0.06535362578334826,0.1459265890778872,111700.0,,,,,0.5115581155129956,Real Estate,
8960,United Urban Investment Corporation,,,JP3045540006,0.02507,0.45587003,0.52857,0.88247,0.183,1.9830276721747102,-0.38537847881533843,-0.05512224811840325,-0.19252380415523607,0.0604,1313212800.0,491840012288,18.214937,23.94301,1.3107274,-0.0103026400515132,-0.016005121638924456,-0.007746933505487412,-0.022264631043257,-0.03877423389618512,0.33376707872478856,0.08653220559531555,0.23964430709173706,153700.0,,,,,0.7607622015778299,Real Estate,
8961,"MORI TRUST REIT, Inc.",,,JP3046170001,0.019650001,0.56488997,0.64064,0.94036,-0.047,0.40102366258583444,-0.26747664395626536,-0.012844117035366745,-0.019257812500000072,0.051100000000000007,372208200.0,254183997440,18.281536,21.089817,0.5883881,0.001402524544179523,0.0028089887640449437,0.009900990099009901,0.001402524544179523,-0.021891638795986622,0.23249299719887956,-0.0056022408963585435,0.12745098039215685,71400.0,,,3.4,Hold,0.866841850737728,Real Estate,
8963,Invincible Investment Corporation,,,JP3046190009,0.03332,0.5673,0.65564,0.9881,0.025,1.8746295020847712,0.31572103663646156,0.6062010170183945,0.3153470858427162,0.0725,4963534200.0,461081116672,14.858841,17.269476,1.3067229,-0.025848142164781908,-0.014705882352941176,-0.006589785831960461,-0.022690437601296597,-0.008223684210526315,0.37645107794361526,0.21061359867330018,0.29076842454394686,60300.0,,,1.3,Strong Buy,0.8604106459281103,Real Estate,
8964,Mitsui Fudosan Retail Fund Investment Corporation,,,JP3046200006,0.02322,0.4866,0.54019,0.87541,,3.6603503397493813,-0.3620293615549675,-0.1348860654784215,-0.11099842261631292,0.0592,820500000.0,202874994688,17.211704,3.5266569,1.1554891,-0.01832460732984293,-0.01703800786369594,-0.009247027741083224,-0.01703800786369594,-0.0625,0.4,0.10666666666666667,0.2906666666666667,75000.0,,,2.6,Hold,4.880458884446628,Real Estate,
8966,"Heiwa Real Estate REIT, Inc.",,,,0.028770002,0.48959,0.5751,1.02994,0.111,1.1137176240741269,-0.3220076891197482,0.07404839239443821,0.042782602409797005,0.0617,577850000.0,174659289088,14.947683,24.326347,1.2083216,-0.007633587786259542,-0.0023023791250959325,0.00463678516228748,-0.0038314176245210726,-0.009900990099009901,0.3153846153846154,0.14615384615384616,0.2256409999999999,130000.0,,,,,0.6144647611908192,Real Estate,
8967,"Japan Logistics Fund, Inc.",,,JP3046230003,0.03233,0.54688,0.59904,0.87471,0.114,4.9641541914536615,0.19409116396650758,0.2640041109413243,0.03155008575070234,0.0484,1006172100.0,249599492096,18.939394,8.157807,1.7649642,-0.016233766233766232,-0.01088139281828074,-0.016233766233766232,-0.03091684434968017,-0.0550935550935551,0.29812981298129815,0.14411441144114412,0.24312431243124313,90900.0,,,1.6,Buy,2.3216281042196756,Real Estate,
8968,Fukuoka REIT Corporation,,,JP3046240002,0.02238,0.38868,0.41471002,0.8472,0.014,0.07278200091832047,-0.30396618756306315,0.025773149803360745,0.2230517354289457,0.0463,274392300.0,150218981376,19.762846,20.095304,1.3208735,0.0,-0.00345821325648415,0.009340338587273789,0.005232558139534884,0.00349713164107457,0.2724117987275882,0.11046847888953153,0.16136495083863506,172900.0,,,2.6,Hold,0.9834559357748458,Real Estate,
8972,KDX Realty Investment Corporation,,,JP3046270009,0.01987,0.42671,0.5029,0.92144,0.016,2.070896806990261,-0.3591584403492834,-0.09653751660630772,-0.25713329670384055,0.0591,1622181600.0,578009235456,17.006802,18.472525,0.26708502,-0.024539877300613498,-0.026530612244897958,-0.022540983606557378,-0.01581843191196699,-0.056068601583113456,0.39902166317260657,0.09713487071977638,0.24056603773584906,143100.0,,,,,0.9206538900339829,Real Estate,
8975,Ichigo Office REIT Investment Corporation,,,JP3046300004,0.024530001,0.43392,0.52607,1.22678,-0.29,0.517387534026145,-0.2549212503496234,-0.04323603945601578,0.1475018340280665,0.1043,363754800.0,141618069504,18.214937,21.5331,1.3718966,-0.008556149732620321,0.0,0.013114754098360656,0.005422993492407809,-0.010672358591248666,0.25674217907227614,0.07874865156418555,0.16774541531823084,92700.0,,,,,0.8459040732639517,Real Estate,
8976,Daiwa Office Investment Corporation,,,JP3046310003,0.02219,0.47325,0.55739,0.9838899999999999,0.153,2.8707166552382364,-0.16570023523489605,0.09798180871589125,-0.01900352239771983,0.0473,783255000.0,283227750400,18.416206,22.242613,0.58570594,-0.006557377049180328,-0.008183306055646482,0.001652892561983471,-0.006557377049180328,-0.07621951219512195,0.46204620462046203,0.0891089108910891,0.23872389438943903,303000.0,,,2.8,Hold,0.8279695375718671,Real Estate,
8977,"Hankyu Hanshin REIT, Inc.",,,JP3046320002,0.018819999,0.36284,0.43497002,0.99799,-0.061,0.572636495409889,-0.47722763534414486,-0.2443908323281061,-0.3471654839318961,0.0508,258588000.0,91766398976,19.762846,21.042562,1.0591812,-0.011235955056179775,-0.0200445434298441,-0.021497405485544848,-0.022222222222222223,-0.025110782865583457,0.17424242424242425,0.17424242424242425,0.17424242424242425,132000.0,,,,,0.939184401595205,Real Estate,
8979,Starts Proceed Investment Corporation,,,JP3046340000,0.01908,0.32945,0.42938998,1.20092,-0.101,2.2200674775311158,-0.16222301220523766,0.5573217413871407,0.2081945950543258,0.0556,167300000.0,52085747712,22.075054,29.046715,1.1162989,0.02795698924731183,0.02685284640171858,0.037438958220293,0.04139433551198257,0.0534435261707989,0.07217573221757322,0.07217573221757322,0.07217573221757322,191200.0,,,,,0.7599845283709363,Real Estate,
8984,Daiwa House REIT Investment Corporation,,,JP3046390005,,0.45541,0.40133998,0.82403,-0.065,7.1717599070947,0.009488010761874135,0.2501135489542507,0.15294330245538904,0.048,1702009800.0,498474975232,18.450184,10.862253,1.006889,-0.03852889667250438,-0.046046915725456126,-0.046046915725456126,-0.04852686308492201,-0.06501537318722159,0.3843351548269581,0.22950819672131148,0.3105646630236794,109800.0,,,2.5,Buy,1.6985595898014896,Real Estate,
8985,Japan Hotel REIT Investment Corporation,,,JP3046400002,0.031519998,0.56096,0.65099996,0.97678,-0.16,0.6368609820734664,-0.24517949688082627,0.060932228998163904,-0.10102676216931598,0.0697,1855816800.0,492394086400,16.949152,21.365332,1.4386932,-0.015348288075560802,-0.0059594755661501785,0.004819277108433735,-0.008323424494649227,0.0208078335373317,0.2829736211031175,0.04316546762589928,0.18060551558752996,83400.0,,,1.6,Buy,0.7933015971855716,Real Estate,
8986,Daiwa Securities Living Investment Corporation,,,JP3046410001,0.024619998,0.45431998,0.53652,1.08704,-0.039,5.161720060973266,0.12802645177429972,0.5224500981047694,-0.0947072819317057,0.0562,841891500.0,218322845696,16.233767,18.9441,1.2448571,-0.017185821697099892,-0.011879049676025918,-0.014008620689655173,-0.015069967707212056,-0.041884816753926704,0.3879781420765027,0.22404371584699453,0.30601092896174864,91500.0,,,,,0.8569299676416404,Real Estate,
8987,"Japan Excellent, Inc.",,,JP3046420000,0.022,0.37592998,0.45402,0.92781,0.001,0.4892657986580638,-0.08164883075703529,0.2206582191388109,-0.09075883671140211,0.0463,416029300.0,172021923840,19.646364,22.562628,1.1832913,-0.002245508982035928,-0.00149812734082397,-0.00149812734082397,-0.005965697240865026,-0.056617126680820945,0.35783945986496624,0.08777194298574643,0.18529632408102026,133300.0,,,2.5,Buy,0.8707480352022822,Real Estate,
8999,Grandy House Corporation,,,JP3274030000,0.02115,0.02286,0.05289,1.56412,2.655,-0.6563360204482894,-0.33138158397189477,-0.39155719403915057,-0.2732311489996843,0.056299999999999996,24054800.0,16469650432,17.889763,,0.66554415,-0.0035087719298245615,0.0070921985815602835,0.017921146953405017,0.008880994671403197,0.05970149253731343,,,,568.0,,,,,,Real Estate,
9001,"Tobu Railway Co., Ltd.",,,JP3597800006,0.02566,0.084180005,0.13448,1.26825,0.031,2.3954187707433063,-0.13277043749955525,-0.08490024527777072,0.049190501943484,0.0253,2021472800.0,578772795392,10.460103,12.980748,0.9227977,-0.01431901431901432,-0.005042016806722689,0.007145287512759442,0.01161995898838004,0.008689725677287442,0.11486486486486487,0.013513513513513514,0.0472972972972973,2960.0,,,,,0.8058166601801375,Industrials,
9003,"Sotetsu Holdings, Inc.",,,JP3316400005,0.03202,0.08234,0.1515,2.18029,0.111,4.65410351028797,0.25508377056875914,0.20071626917187874,-0.04878674142378324,0.026600000000000002,1132417600.0,252878503936,10.193818,12.010028,1.2077278,-0.009398496240601503,-0.006222892702244013,0.003427265803503427,0.012099097368926445,0.08213552361396304,-0.013282732447817837,-0.013282732447817837,-0.013282732447817837,2635.0,,,,,0.8487755399071509,Industrials,
9005,Tokyu Corporation,,,JP3574200006,,0.0,0.1148,1.48251,0.45,-0.09814967239447543,-0.3518275341982637,-0.18377382508665793,-0.01377674702984421,0.0192,3652529125.0,928818462720,10.916673,14.480446,1.0034537,-0.014522821576763486,-0.006276150627615063,-0.005681818181818182,0.004228329809725159,-0.007166318303971335,0.5097744360902255,0.07067669172932331,0.24511278195488723,1662.5,,,,,0.7538906605500962,Consumer Cyclical,
9006,Keikyu Corporation,,,JP3280200001,0.018919999,0.08762,0.10394,1.4131200000000002,-0.111,0.5210187134071927,-0.262753333528617,-0.195884096991096,-0.18353938918966464,0.029300000000000003,1151563875.0,413046407168,15.384238,19.846796,1.1053717,-0.009791535060012634,-0.004445855827246745,0.004485741749439282,0.005129849310676499,0.04465178273908697,0.03349282296650718,-0.0430622009569378,-0.01594896331738437,1567.5,,,3.3,Hold,0.7751497017453094,Industrials,
9007,"Odakyu Electric Railway Co., Ltd.",,,JP3196000008,0.0249,0.08303001,0.16062,1.33921,-0.165,1.1888741508903091,-0.20123892267517532,-0.01952163887393179,-0.18358942991479915,0.0333,2610372695.0,616461500416,16.61128,16.139013,1.2116565,-0.026771227690643593,-0.015321477428180574,-0.003323179174743838,0.005588153115395362,0.06605450236966824,0.11141983884412336,-0.05529313698249514,0.037325145873853854,1799.5,,,2.2,Buy,1.029262446222703,Industrials,
9008,Keio Corporation,,,,0.02852,0.08425,0.13137999,1.05769,-0.001,5.3023540940553735,-0.05456647665025989,0.014939531393815231,-0.23709079521718818,0.0282,2175318176.0,451760422912,10.694806,2.8528607,0.99351114,-0.026082600912716705,-0.028628359117659912,-0.017499670158111283,-0.010649071910449196,0.014824447334200231,0.15325474115838036,-0.03895438236801638,0.0661199384930805,780.4,,,2.8,Hold,3.748800633693752,Industrials,
9009,"Keisei Electric Railway Co., Ltd.",,,JP3278600006,0.01949,0.15107,0.13903,0.71229,0.212,0.9101033999463394,-0.16400542996182363,-0.0336173996586298,-0.14960593727443086,0.016,2670890880.0,663320068096,13.811628,4.173494,1.1789067,-0.012917115177610334,-0.00829127613554434,-0.005063291139240506,-0.014684813753581662,0.07629107981220658,0.09051254089422028,-0.20029080334423846,-0.05343511450381679,1375.5,,,3.0,Hold,3.309368121770392,Industrials,
9010,"Fuji Kyuko Co., Ltd.",,,JP3810400006,0.053319998,0.10741,0.13139,1.0215699999999999,0.002,0.4934071809771697,0.10103060475915757,-0.010948495160064829,-0.06572431853350799,0.0125,442780800.0,140844023808,3.927753,22.604675,3.3523128,-0.007518796992481203,0.015775298191612157,0.017733230531996914,0.024844720496894408,-0.044170890658942794,0.5151515151515151,0.5151515151515151,0.5151515151515151,2640.0,,,,,0.17375843713745054,Industrials,
9020,East Japan Railway Company,,,JP3783600004,0.02575,0.07548,0.16247,1.62617,-0.134,0.4588077730138255,-0.2475456640557171,-0.21827202495724474,-0.1269418623538942,0.024300000000000002,9247265200.0,3906577104896,15.773158,16.779825,1.2760761,-0.028362819432743613,-0.01927437641723356,-0.009447466361294017,-0.022046353872244205,0.009334889148191364,0.3583815028901734,-0.017341040462427744,0.1620905491329479,3460.0,,,2.3,Buy,0.9400073004337054,Industrials,
9021,West Japan Railway Company,,,JP3659000008,0.03139,0.06386,0.13193,1.1525,-0.179,-0.0963688812129823,-0.4414036451721009,-0.3000304969301409,-0.31445332879020205,0.0321,5515501200.0,1381634408448,10.929119,12.860592,1.128672,-0.01715765619941729,-0.0068694798822374874,0.012675116744496331,0.005964214711729622,0.037239494362828834,0.152832674571805,-0.09090909090909091,0.02886577733860345,3036.0,,,2.7,Hold,0.8498146119556549,Industrials,
9022,Central Japan Railway Company,,,JP3566800003,0.04912,0.27235,0.44481,0.91502,0.012,0.18265823184829713,-0.39027682318445234,-0.34858190874569955,-0.34671834228758286,0.0084,7838451600.0,3621885050880,6.6845393,8.98662,0.6991805,-0.007027589796980739,-0.007027589796980739,0.00474058467210956,-0.0129366106080207,-0.008318170002599427,0.33682830930537355,-0.06946264744429882,0.16692487549148102,3815.0,,,2.4,Buy,0.7438324197529216,Industrials,
9023,"Tokyo Metro Co., Ltd.",,,JP3583900000,0.02726,0.1258,0.25476998,1.4906,-0.246,0.40835420631366837,-0.34838929236027144,-0.22318292226766873,-0.33879071187702103,0.0282,2791972850.0,905440788480,15.337333,,1.2252823,0.006129032258064516,0.012662337662337663,0.021618080576482148,0.021952817824377458,0.07440578711677574,0.045206797050336645,-0.19846104520679705,-0.052901571016351394,1559.5,,,3.1,Hold,,Industrials,
9024,Seibu Holdings Inc.,,,JP3417200007,0.019650001,0.07872,0.16877002,1.19746,0.283,0.10156188175324435,-0.5757690209799101,-0.5661169551469462,-0.14070881456459808,0.0116,3736731440.0,918598516736,23.98142,25.623938,1.6003628,-0.007415545179895633,0.03434459072696051,0.03051040775591674,-0.006597031335898846,0.10486089880770406,0.16214720531267293,-0.32484781405644714,-0.0773974543442169,3614.0,,,3.0,Hold,0.9358990799930909,Industrials,
9025,"Konoike Transport Co.,Ltd.",,,JP3288970001,0.04693,0.03791,0.07165,0.35155000000000003,-0.173,0.2904133180252584,-0.25178787034457145,-0.07228525121555912,0.006538551675650374,0.0371,268688300.0,157440360448,11.037486,11.646633,0.97517085,-0.006034193764666443,0.016803840877914953,0.020654044750430294,0.044381824586121874,0.05179141539553033,0.3490725126475548,0.045531197301854974,0.18043844856661045,2965.0,,,1.3,Strong Buy,0.9476975877921112,Industrials,
9031,"Nishi-Nippon Railroad Co., Ltd.",,,JP3658800002,0.02546,0.06954,0.052800003,1.2118600000000002,0.327,1.2004818057240616,0.5854292929292929,0.6003607828988905,0.1152574128380579,0.028900000000000002,783281460.0,234855956480,7.3530107,15.643554,0.8060928,-0.012702445220704985,-0.006074168797953964,-0.004163997437540038,0.0012882447665056361,0.05175913396481732,0.029269861691862336,-0.06722418784174976,-0.018977163074943713,3109.0,,,,,0.47003453946590396,Industrials,
9037,"Hamakyorex Co., Ltd.",,,JP3771150004,0.05786,0.07017,0.10459,0.23003,0.191,0.06915424345580472,-0.3462726159017505,-0.17565975457603558,0.04641976817616981,0.024900000000000002,180601360.0,136537358336,12.739205,14.866172,1.3756666,-0.0021645021645021645,0.015418502202643172,0.02501389660922735,0.014859658778205834,0.026726057906458798,0.057483731019522775,0.057483731019522775,0.057483731019522775,1844.0,,,,,0.8569257102635432,Industrials,
9039,"Sakai Moving Service Co.,Ltd.",,,JP3314200001,0.06611,0.071100004,0.15731,0.031219999999999998,0.104,0.6471290492917326,0.2921913739352432,0.24927127891191314,0.36757770632368697,0.0576,246945400.0,121584377856,14.144537,12.46646,1.2067059,-0.009836065573770493,0.00801068090787717,0.0268616116967018,0.01546738399462004,0.0533658876874782,-0.039735099337748346,-0.039735099337748346,-0.039735099337748346,3020.0,,,,,1.134607338410423,Industrials,
9041,"Kintetsu Group Holdings Co.,Ltd.",,,JP3260800002,0.02145,0.03071,0.050240003,1.91228,0.091,2.3103760132884354,-0.019903607271019617,0.10296864565301894,0.12210431920234152,0.0197,2528088780.0,674456141824,12.546869,13.208953,1.085457,-0.007554560716284275,0.0019774011299435027,0.008529997156667614,0.028115942028985506,0.023665223665223667,0.09952072173667888,-0.18240766845221315,-0.04144347335776713,3547.0,,,,,0.9498761181147363,Industrials,
9042,"Hankyu Hanshin Holdings, Inc.",,,JP3774200004,0.022909999,0.065809995,0.14602,1.24309,0.089,0.8628207866168357,-0.34703851535585767,-0.3485146235467503,-0.41983482842090275,0.0217,3303437240.0,1063810039808,13.966447,14.185095,0.9677347,-0.013897797733589907,-0.011573081868838405,-0.0010829542993285683,-0.016421411814885902,0.012513721185510428,0.19254119687771032,-0.024284475281873375,0.13183000867302688,4612.0,,,,,0.9845860743266083,Industrials,
9044,"NANKAI Co., Ltd.",,,JP3653000004,0.024319999,0.093109995,0.16046,1.31234,0.081,5.6879583220167405,0.7362173735083907,0.679801423700766,-0.10762433868714813,0.0173,1652040000.0,343750377472,13.966677,15.2417965,0.99914867,-0.016408668730650156,-0.005944931163954944,0.0022082018927444794,0.011461318051575931,0.11375985977212971,0.07019200503619767,-0.05571293673276676,0.007239534151715455,3177.0,,,2.0,Buy,0.9163406032878081,Real Estate,
9045,"Keihan Holdings Co., Ltd.",,,JP3279400000,,0.0,0.17466,1.22577,0.001,0.14971689094786392,-0.21881085084241514,-0.1498783712321523,-0.03895623553947922,0.026699999999999998,774791680.0,325302976512,9.689829,13.529733,0.9510089,-0.012254901960784314,-0.012557427258805513,0.0034235916588857764,0.00718525460793502,0.03598971722365039,0.08560794044665013,0.05459057071960298,0.07009925558312655,3224.0,,,,,0.7161877473857022,Industrials,
9046,"Kobe Electric Railway Co., Ltd.",,,JP3290600000,0.01573,0.05908,0.14398,2.12205,-0.135,1.3364804615788093,-0.09669141233617443,-0.07437357630979495,0.35735603194619575,0.0101,20163700.0,19502215168,13.332973,,0.75704694,-0.011627906976744186,-0.008447304907481898,0.0,-0.00040551500405515005,0.013569078947368422,,,,2465.0,,,,,,Industrials,
9048,"Nagoya Railroad Co., Ltd.",,,JP3649800004,0.014520001,0.04235,0.05666,1.33827,0.861,1.3806825520203456,0.8847160819393817,0.5571381743340623,-0.23960654829831507,0.0315,1743456000.0,373628174336,18.315546,13.414549,0.75213414,-0.00858704137392662,0.003952569169960474,0.023368251410153102,0.019261637239165328,0.03504482477587612,0.023622047244094488,-0.05511811023622047,-0.015748031496062992,1905.0,,,,,1.3653493680629891,Industrials,
9052,"Sanyo Electric Railway Co.,Ltd.",,,JP3341600009,0.02369,0.08592,0.16150999,0.6831,-0.315,0.5064681681299571,0.4395053832214049,0.15116868487749932,1.3121565242411162,0.024900000000000002,83491200.0,44594647040,11.025655,,0.6918941,-0.00495785820525533,0.000997506234413965,0.011083123425692695,0.006015037593984963,0.03134635149023638,,,,2007.0,,,,,,Industrials,
9064,"Yamato Holdings Co., Ltd.",,,JP3940000007,0.00815,0.0070499997,-0.010989999,0.36069,,0.3730182835047062,-0.48221659655978977,-0.3232772900152845,-0.15184622327834732,0.0232,2022382380.0,627969622016,47.852318,18.339037,1.1188093,-0.017100371747211896,0.0030349013657056147,0.0010095911155981827,0.02613195342820181,0.04782034346103038,0.059001512859304085,-0.2839132627332325,-0.07761422087745845,1983.0,,,3.5,Hold,2.6093146548534687,Industrials,
9065,Sankyu Inc.,,,JP3326000001,0.049050003,0.05391,0.06612,0.34293,0.472,0.2513343037360505,-0.15720351365753873,0.7309555161161047,0.09355066748459077,0.0192,2088366040.0,407727800320,13.245044,16.21433,1.332105,-0.01668883782803241,0.00880893300248139,0.0274197624462977,0.007184441967050662,-0.06818702727481091,0.352847128274505,0.16836797441889068,0.25855774197515685,8131.0,,,,,0.8168727292462902,Industrials,
9068,"Maruzen Showa Unyu Co., Ltd.",,,JP3876000005,0.04812,0.0834,0.093430005,0.17370999999999998,-0.041,0.34199837530463034,-0.3055501544710178,-0.14575859743762645,-0.10510629763337354,0.016,174957200.0,144204857344,11.494253,12.650093,0.99395996,0.01907356948228883,0.03314917127071823,0.043235704323570434,0.036011080332409975,-0.0039946737683089215,,,,7480.0,,,0.0,Strong Buy,0.9086299207444563,Industrials,
9069,"SENKO Group Holdings Co., Ltd.",,,JP3423800006,0.031489998,0.02226,0.042930003,1.4316499999999999,0.306,0.35318242624797574,-0.20490845583062642,-0.14625641025641026,-0.04453213866965334,0.023700000000000002,785891625.0,396363563008,20.919855,18.324305,1.7158247,0.0010570824524312897,0.034520428228097005,0.04640883977900553,0.06644144144144144,0.0686075378018506,0.03484688489968321,-0.19746568109820486,-0.08412532206969386,2367.5,,,2.8,Hold,1.1416452083721593,Industrials,
9072,"NIKKON Holdings Co.,Ltd.",,,JP3709600005,0.033940002,0.061880004,0.07272,0.51913,-0.488,0.09468941959290732,-0.5738830573344954,-0.4542202156229323,-0.15730724066831253,0.0219,761426400.0,635542372352,33.555992,33.147884,2.5347376,-0.0060135790494665374,-0.0017533606078316774,0.006086785784409974,0.008462901003739422,-0.022696929238985315,0.09289617486338798,-0.21935987509758,-0.06323185011709602,5124.0,,,,,1.0123117360975442,Industrials,
9076,"Seino Holdings Co., Ltd.",,,JP3415400005,0.032190003,0.03215,0.058720004,0.19260000000000002,0.519,1.6729751374665003,-0.46954519868895506,-0.3254139155483936,-0.04316988052632513,0.0446,961074900.0,444337782784,18.796864,16.381895,0.96655697,-0.013003431461080007,0.008488651042627792,0.015799256505576207,0.029577995478522984,0.05440864364267799,0.20768526989935956,-0.08508691674290943,0.050843000914913075,2732.5,,,2.4,Buy,1.1474169502368314,Industrials,
9081,"Kanagawa Chuo Kotsu Co., Ltd.",,,JP3214600003,0.02506,0.0298,0.09047,0.91647,0.117,2.720883842258708,0.5444425984382787,0.5545023696682464,0.13255581472842384,0.022099999999999998,66178200.0,49881964544,13.774058,,0.7491197,0.006188118811881188,0.011194029850746268,0.01625,0.02392947103274559,0.08835341365461848,,,,4065.0,,,,,,Industrials,
9090,AZ-COM MARUWA Holdings Inc.,,,JP3879170003,0.044310004,0.029790001,0.03739,0.94033,-0.268,0.546735717966617,0.24096659481778587,0.17217612549833086,0.3206387916000059,0.0354,436354800.0,121888342016,17.360445,13.483313,1.986736,-0.016304347826086956,-0.002205071664829107,0.026077097505668934,0.023755656108597284,0.10500610500610501,0.10497237569060773,-0.08287292817679558,-0.012891381215469604,905.0,,,,,1.2875503965531319,Industrials,
9101,Nippon Yusen Kabushiki Kaisha,,,JP3753000003,0.0209,0.08962,0.07931,0.42798,0.374,0.15945018175832626,-0.27975039162540566,-0.24044149595323147,0.0872385885603806,0.032,19370712900.0,3022635401216,14.8366785,14.619198,0.9704485,-0.010044937879989427,0.03538844346143213,0.03139630955659598,0.040133314817386474,0.26285617939639183,0.17489986648865152,-0.540720961281709,-0.12076707610146863,7490.0,,,2.9,Hold,1.0148763632587778,Industrials,
9104,"Mitsui O.S.K. Lines, Ltd.",,,JP3362700001,0.01354,0.10431,0.05269,0.85568,0.162,0.17026879994901245,-0.13046671871907414,-0.0530976288638737,0.2876082151266511,0.028300000000000002,19884515200.0,2487809998848,11.682319,12.867223,0.83516955,-0.026620059155687013,0.030604982206405694,0.02753335225659949,0.02855519249893451,0.19946984758117958,0.3812154696132597,-0.468232044198895,0.03528378453038675,7240.0,,,2.2,Buy,0.907912997233358,Industrials,
9107,"Kawasaki Kisen Kaisha, Ltd.",,,JP3223800008,0.023459999,0.11924,0.06827,0.12975,-0.211,0.37625810325086784,-0.3041213716818985,-0.2402276051371441,0.06870405255911599,0.034300000000000004,14263668510.0,2074046234624,16.611248,10.007727,1.2183417,-0.015484234234234234,0.03308714918759232,0.02943773918163085,0.044504181600955796,0.25475421600287046,0.04375178724621104,-0.6225336002287675,-0.17799674006291108,3497.0,,,3.1,Hold,1.6598422399012285,Industrials,
9119,"Iino Kaiun Kaisha, Ltd.",,,JP3131200002,0.02755,0.17318001,0.0907,0.85543,2.403,0.5970463438937318,-0.19178622899053593,-0.156931876387229,0.12106165766433423,0.0297,404048970.0,185472303104,12.04811,,1.1057781,-0.022308979364194088,0.014467592592592593,0.022157434402332362,0.032391048292108364,0.13023855577047067,,,,1753.0,,,,,,Industrials,
9142,Kyushu Railway Company,,,JP3247010006,0.0395,0.08801,0.16569,1.01196,-0.039,0.7742441916982601,-0.26657978130482957,-0.19796885402117295,0.01094030182200256,0.035,2357044830.0,532419018752,11.72346,10.215768,1.066806,-0.03404967903991069,-0.02808199943836001,-0.012835139760410725,-0.025070422535211266,0.004352872896111433,0.38688240392950013,0.011268419531927188,0.21210959260329373,3461.0,,,2.2,Buy,1.1475847924502591,Industrials,
9143,"SG Holdings Co.,Ltd.",,,JP3162770006,0.048460003,0.035469998,0.044850003,0.71869,0.231,0.2923992870932735,-0.27368790501382506,-0.24203734542467623,0.09667187263664782,0.0361,1931263920.0,891525857280,15.220048,13.391897,1.6376516,-0.015485996705107084,0.0030211480362537764,0.01253812267028126,0.026804123711340205,-0.024804177545691905,0.3386880856760375,0.004016064257028112,0.14396987951807222,1494.0,,,2.5,Hold,1.1365117279501178,Industrials,
9147,"Nippon Express Holdings, Inc.",,,JP3688370000,0.01918,0.00691,0.04429,1.01717,1.795,0.13162551613718715,-0.32587198303906734,-0.26357682173865943,-0.022891991866649856,0.0177,5428159400.0,1345426423808,72.45969,9.171013,1.6221489,0.006935799395340565,0.033023170954205434,0.048130322102924845,0.07011907011907012,0.11456692913385827,0.1303426351112681,-0.41363475803602967,-0.07232426704344755,5662.0,,,,,7.900947256317267,Industrials,
9201,"Japan Airlines Co., Ltd.",,,JP3705200008,0.03432,0.05544,0.020550001,0.5555,-0.799,-0.006845846451017489,-0.32440298575979876,-0.2791451299907588,-0.40527907869425417,0.0313,5720607950.0,1317421973504,9.980138,12.301332,0.9102378,-0.0026033192320208264,0.017934241115908335,0.03407557354925776,0.024912222036448755,0.006568144499178982,0.30505709624796085,-0.18433931484502447,0.056799608482871106,3065.0,,,1.9,Buy,0.8113054748867846,Industrials,
9202,ANA Holdings Inc.,,,JP3429800000,0.03319,0.06215,0.03089,0.84724,-0.19,0.33629536546689404,-0.03357743189685902,-0.08404135816005108,-0.20322128739671805,0.020099999999999996,7021372870.0,1280231473152,9.284981,6.122428,0.93025124,-0.006166666666666667,0.0018481182795698926,0.015843270868824533,0.010335479498475093,-0.05768015170670038,0.4086869025658226,-0.09441556263625692,0.1624461848063055,2981.5,,,2.2,Buy,1.5165520933851733,Industrials,
9247,TRE Holdings Corporation,,,JP3538540000,0.06092,0.09491,0.07294,0.72867,-0.759,-0.2512040755035983,-0.33413588460157545,-0.3291905653578749,-0.29568215757529154,0.027999999999999997,383345920.0,83891437568,5.8445816,13.471269,1.0157202,-0.012728278915329275,-0.01327433628318584,0.0,-0.027262813522355506,-0.10396785534907081,0.4013452914798206,0.26121076233183854,0.3312780269058296,1784.0,,,,,0.4338553108842233,Industrials,
9267,"Genky DrugStores Co., Ltd.",,,JP3282750003,0.048649997,0.03569,0.04862,0.64589,0.024,-0.2444307667871183,-0.25459751128730324,-0.18104921394395074,-0.30146612855416466,0.0037,211253600.0,105878372352,13.4590025,13.428793,1.7248458,-0.011396011396011397,0.001443001443001443,0.00725689404934688,-0.011396011396011397,-0.04275862068965517,0.5273775216138329,0.41210374639769454,0.4697406340057637,3470.0,,,,,1.002249606498514,Healthcare,
9273,"Koa Shoji Holdings Co.,Ltd.",,,JP3283420002,0.09049,0.1519,0.14116,0.10653,0.027,-0.38427133805441666,-0.3132905685653194,-0.25040257221055995,-0.3322031762036804,0.0489,35321620.0,31883708416,8.503707,9.087635,1.022557,0.006648936170212766,0.003978779840848806,0.02021563342318059,0.009333333333333334,-0.03689567430025445,,,,757.0,,,,,0.9357447784819702,Healthcare,
9274,"Kpp Group Holdings Co., Ltd.",,,JP3293350009,0.01717,0.0080699995,0.01391,1.3144300000000002,-0.171,0.6292887029288703,0.5913637541399541,0.4436988977593402,0.2630200324969192,0.0354,380751150.0,69052284928,12.936063,,0.7828924,-0.0026455026455026454,0.02631578947368421,0.03476669716376944,0.04819277108433735,0.033820840950639856,,,,1131.0,,,,,,Basic Materials,
9278,Bookoff Group Holdings Limited,,,JP3829940000,0.046550002,0.02123,0.02228,1.20568,2.461,-0.399968534729792,-0.46330635838150286,-0.4390174127882922,-0.3385338986258848,0.0149,272325760.0,47953440768,17.361464,18.880444,2.267517,0.01712583767684289,0.0293896006028636,0.02745393004889056,-0.015495495495495495,-0.037010927035600986,,,,2732.0,,,,,0.9195474428461534,Consumer Cyclical,
9279,Gift Holdings Inc.,,,JP3264860002,0.12633,0.07297,0.09779,0.56566,0.278,0.5968595734111585,1.5328667260209976,1.201698763770919,0.22650535930217527,0.0079,685863360.0,161682423808,27.699919,15.37054,6.704401,0.019726858877086494,-0.04905660377358491,-0.06276150627615062,-0.11540149188240456,-0.25608856088560883,0.6369047619047619,0.2896825396825397,0.41369047619047616,2016.0,,,1.5,Strong Buy,1.8021435161028827,Consumer Cyclical,
9301,Mitsubishi Logistics Corporation,,,JP3902000003,0.01578,0.15348,0.05471,0.36719,-0.657,0.38569144149418405,-0.09198640252865252,-0.16912002593986997,-0.06044850375970436,0.0286,1349962470.0,522239213568,9.862046,12.166548,1.3791097,-0.017263427109974423,0.0003254149040026033,-0.0009749756256093598,0.004246978111728194,0.024666666666666667,0.17111255692908262,-0.08913467794404685,0.04098893949251789,1537.0,,,,,0.8105870292871896,Industrials,
9302,"MITSUI-SOKO HOLDINGS Co., Ltd.",,,JP3891200002,0.044699997,0.03776,0.07059,0.55977,0.118,1.978685663401603,-0.3189893232127826,-0.21976213937074632,-0.13385559472515998,0.0147,853681780.0,255007817728,22.988739,7.7902193,1.8708832,-0.00408997955010225,0.011872959335114277,0.034597875569044007,0.016701461377870562,0.06067205973864343,0.14403050748019947,0.056028160750953356,0.09514030507480194,3409.0,,,,,2.950974563707083,Industrials,
9303,"The Sumitomo Warehouse Co., Ltd.",,,JP3407000003,0.01605,0.10304,0.06965,0.22787,0.92,0.24799814857671829,-0.36602537515021955,-0.2975927173537966,-0.20314212264504994,0.024700000000000003,375058250.0,314628472832,18.05062,25.866352,1.005298,-0.011862396204033215,0.0048250904704463205,0.009696969696969697,0.0048250904704463205,0.05443037974683544,0.008403361344537815,-0.03961584633853541,-0.009603841536614645,4165.0,,,3.3,Hold,0.6978417366314352,Industrials,
9304,Shibusawa Logistics Corporation,,,JP3355600002,0.021710001,0.09317,0.057189997,0.45142000000000004,0.67,-0.022221284445703673,-0.5961173659185534,-0.6234900710591493,-0.4270226412920324,0.038,304696080.0,115182690304,18.867586,,1.6630512,-0.022737819025522042,0.004291845493562232,0.012013455069678039,0.02982885085574572,0.12620320855614972,,,,2106.0,,,,,,Industrials,
9305,Yamatane Corporation,,,JP3937600009,0.01567,0.05671,0.01975,1.28534,-0.291,-0.24875919237065722,-0.30571651887987494,-0.18833291425697757,-0.011332457293035532,0.0401,109952640.0,44806451200,8.312431,,0.7151894,-0.006091846298031865,0.008079847908745247,0.0381791483113069,0.033625730994152045,0.04277286135693215,,,,2121.0,,,,,,Industrials,
9308,"Inui Global Logistics Co., Ltd.",,,JP3146800002,0.02712,0.03437,0.1158,0.82999,1.634,0.7055138662316477,1.166059793954577,0.615795238023795,0.1496428571428571,0.019299999999999998,363795240.0,59478626304,71.424255,,1.5551977,0.005106382978723404,0.09911586784550953,0.1269083969465649,0.15954835542464407,0.19776876267748478,,,,2362.0,,,,,,Industrials,
9310,Japan Transcity Corporation,,,JP3739600009,0.031600002,0.05376,0.06726,0.32545,0.142,0.2157369276824654,-0.34039216920228854,-0.23913722428264683,0.054989512489671356,0.030600000000000002,128169610.0,86317621248,13.476655,30.60215,0.849207,-0.0048951048951048955,0.02521613832853026,0.04325513196480939,0.03717201166180758,0.02521613832853026,,,,1423.0,,,,,0.44038262017537977,Industrials,
9319,"Chuo Warehouse Co.,Ltd.",,,JP3516600008,0.02043,0.07027,0.086899996,0.15567999999999999,-0.099,0.8842414082145852,0.08265342319971618,0.10574755128442062,0.1737070032170255,0.0232,38239200.0,32153006080,15.974554,,0.6347586,-0.015250544662309368,-0.0011049723756906078,0.02902675014228799,0.033733562035448826,0.06918982850384388,,,,1808.0,,,,,,Industrials,
9324,Yasuda Logistics Corporation,,,JP3932820008,0.01235,0.0,0.04971,0.74059,5.55,-0.24747700443153467,-0.43123936707727334,-0.08351075648924353,-0.08708953332609248,0.0276,233159080.0,76643737600,11.547563,,0.7392223,-0.007763401109057301,0.0003727171077152441,0.010922787193973634,0.0484375,0.10316481709823264,,,,2684.0,,,,,,Industrials,
9336,"Daiei Kankyo Co., Ltd.",,,JP3480470008,0.06498,0.17926,0.22721,0.95069,0.204,0.08311801696575004,-0.3271238234934604,-0.32626908325186127,-0.05004405561143721,0.0144,396366700.0,382525931520,23.924044,24.240507,3.4483256,-0.001303780964797914,0.002617801047120419,0.021333333333333333,0.025435073627844713,0.03934871099050204,0.2793733681462141,0.044386422976501305,0.1618798955613577,3830.0,,,,,0.9869448687686275,Industrials,
9364,"Kamigumi Co., Ltd.",,,JP3219000001,0.04441,0.0,0.1163,0.15449,-0.085,1.1262412776784139,-0.21481084808170536,-0.17134441063029934,-0.3182098579811501,0.0431,1530002880.0,474899120128,15.649492,19.221209,1.234765,-0.01952103038840813,-0.001639344262295082,0.013100436681222707,0.010788381742738589,-0.022668004012036107,0.19047619047619047,0.05090311986863711,0.12342641625615758,4872.0,,,,,0.814178338105579,Industrials,
9381,AIT Corporation,,,JP3160050005,0.09856,0.052800003,0.074200004,,-0.093,-0.22723804679552392,-0.5515333029494107,-0.4750850056670445,0.2964672025404385,0.0466,34617950.0,55515357184,17.482983,,2.752783,-0.007559848803023939,0.008536064874093044,0.022058823529411766,0.027391304347826086,0.048524967939266715,,,,2363.0,,,,,,Industrials,
9401,"TBS Holdings,Inc.",,,JP3588600001,0.0070999996,0.11408,0.04384,0.049240000000000006,-0.163,0.3647775239739365,-0.08111889141687481,-0.11021328958162434,-0.04220620234639967,0.0171,1656966460.0,892395388928,17.636759,27.066345,0.5599253,-0.015005901197099982,0.0001712035610340695,0.027616534740545293,0.01954624781849913,-0.004261121527185955,0.40362889421431014,-0.09277644642245807,0.1126326600479288,5842.0,,,2.4,Buy,0.6516121404644772,Communication Services,
9404,"Nippon Television Holdings, Inc.",,,JP3732200005,0.02964,0.13344,0.09665,0.0258,0.521,0.98660220755142,0.05636518979616752,0.04512818563636706,-0.15881856047840026,0.015,1521831840.0,732395536384,13.315338,20.113636,0.6917102,-0.015379581151832461,0.000998003992015968,0.019481619515500592,0.022599830076465592,0.04806687565308255,0.42904619474908606,-0.0029910269192422734,0.210178963110668,3009.0,,,2.0,Buy,0.6620055170532071,Communication Services,
9409,TV Asahi Holdings Corporation,,,JP3429000007,0.02463,0.08292,0.04443,,-0.208,0.9559713955380466,-0.27836634969770835,-0.01954842265546915,0.045004069460038994,0.0319,678145800.0,314688045056,10.638298,17.67962,0.6602175,-0.00949367088607595,-0.00792393026941363,-0.001594896331738437,0.02287581699346405,0.02622950819672131,0.08626198083067092,-0.009584664536741214,0.043815591054313124,3130.0,,,3.0,Hold,0.6017266208210358,Communication Services,
9412,SKY Perfect JSAT Corporation,,,JP3396350005,0.05984,0.19851999,0.32611,0.08492000000000001,0.495,0.26057877982171723,-0.44796343027083907,-0.4710214087134275,-0.35953709860864314,0.0229,3587587380.0,593625808896,25.44659,29.978525,1.9383003,0.01650485436893204,0.0710997442455243,0.09290187891440502,0.03766105054509415,-0.06601248884924175,1.387774594078319,0.14613180515759314,0.740483046800382,2094.0,,,2.0,Buy,0.8488272855318932,Communication Services,
9413,TV TOKYO Holdings Corporation,,,JP3547060008,0.04103,0.04112,0.04082,0.052160000000000005,-0.427,1.267093178428448,-0.25327237597627017,-0.2902999121596185,-0.3762282995920915,0.0292,247627500.0,91510153216,11.834421,12.290523,0.8610757,-0.015804597701149427,0.004398826979472141,0.03007518796992481,0.03007518796992481,0.036308623298033284,0.38394160583941606,0.10948905109489052,0.22238437956204388,3425.0,,,2.3,Buy,0.9628899437395789,Communication Services,
9416,Vision Inc.,,,JP3800330007,0.14814,0.116969995,0.15821,0.08260999999999999,0.165,-0.47526173885640255,-0.21528154233212404,-0.16844753556979003,-0.22187863028705232,0.054299999999999994,270350100.0,51023491072,20.408552,12.771805,2.5111227,-0.004655493482309125,0.0,0.03085824493731919,0.037864077669902914,0.04598825831702544,0.047708138447146865,0.047708138447146865,0.047708138447146865,1069.0,,,,,1.597937957868915,Communication Services,
9418,"U-NEXT HOLDINGS Co.,Ltd.",,,JP3944640006,0.070250005,0.0404,0.059159998,0.80974,-0.265,0.4394332463270144,-0.3778528977593881,-0.2400734416389081,0.092659237470302,0.0097,869633600.0,317459857408,16.83566,5.689717,2.9686904,-0.017857142857142856,-0.013452914798206279,0.01440922190201729,0.02266124346310285,0.03729058024420278,0.25,0.10227272727272728,0.18560607954545466,1760.0,,,2.0,Buy,2.9589626338181674,Industrials,
9432,"NTT, Inc.",,,JP3735400008,0.03076,0.07126,0.12453,1.68396,0.075,0.07412675552313876,-0.320318860116066,-0.25361529312697456,-0.0760599824406824,0.0305,35044040016.0,14366254563328,14.06027,12.185567,1.4644421,-0.014999999999999937,-0.004491892622679825,0.00910644894449915,0.029616742985719806,0.14757281553398066,0.35363790186125205,-0.19345741680767067,0.0007251551043429006,177.3,,,2.4,Buy,1.1538461854093451,Communication Services,
9433,KDDI Corporation,,,JP3496400007,0.03814,0.12086,0.20364,0.9379900000000001,0.194,0.7953525436508825,-0.20793538344550133,-0.12292573383498558,-0.06442930667579695,0.0275,24907267800.0,11309646086144,16.666666,1313.3048,2.272329,-0.01576069475715664,0.005256241787122208,0.009567799406136588,0.02805308247942214,0.05480868665977249,0.1437908496732026,-0.39052287581699346,-0.020304999999999986,3060.0,,,2.5,Hold,0.012690630537556856,Communication Services,
9434,SoftBank Corp.,,,JP3732000009,0.03484,0.07721,0.16525,1.59994,0.034,0.24640032573378864,-0.11959045486087143,0.037129946497368664,-0.16923784066205777,0.0355,19436667567.0,11867546189824,22.033749,21.406385,4.076167,-0.013910993714664798,-0.0099760815747265,0.004860292155449528,0.0372073710924151,0.08530180829327844,0.3704151551793632,-0.07295445384925431,0.07241708988311175,248.1,,,1.7,Buy,1.029307330499755,Communication Services,
9435,"Hikari Tsushin, Inc.",,,JP3783420007,0.028299998,0.20982,0.15155,0.86268,0.307,0.25697367903371754,-0.33171682594018925,-0.340385739333723,0.02884737732656509,0.0208,2461935200.0,1692119072768,11.210755,17.25651,1.3464242,-0.015832482124616958,0.013144058885383806,0.022823779193205943,0.0054787372815027395,-0.04248447204968944,0.22210690192008303,0.11572392319667878,0.15360664244940322,38540.0,,,2.8,Hold,0.6496536669349713,Industrials,
9449,"GMO internet group, Inc.",,,JP3152750000,0.01942,0.058769997,0.20138,1.9415799999999999,0.07,-0.16623813567092013,-0.43111593095572587,-0.46510361101000336,-0.30324619349115006,0.0179,1049046390.0,372254900224,22.123747,25.905619,2.4819932,-0.004514672686230248,-0.0017605633802816902,0.04009433962264151,0.04944473823373876,-0.05409914204003813,0.2597631645250693,-0.24414210128495842,0.05366591080876795,3969.0,,,,,0.8540134478160897,Communication Services,
9468,Kadokawa Corporation,,,JP3214350005,,-0.021370001,0.01853,0.0039000000000000003,,1.0972389038927497,-0.485777947406406,-0.4463771818105515,-0.36605317913759206,0.0083,1275412450.0,534220242944,454.375,27.967993,2.2349784,-0.008185538881309686,-0.016770354341357856,0.013099219620958752,0.018207282913165267,0.03296391020176186,0.017881705639614855,-0.1746905089408528,-0.10729023383768914,3635.0,,,3.3,Hold,16.246249775591693,Communication Services,
9501,"Tokyo Electric Power Company Holdings, Incorporated",,,JP3585800000,0.00992,0.06165,-0.023139998,1.96059,,0.044251756671115645,-0.13127637325411778,-0.11707469232917203,0.07044401946058718,,19751666484.0,881005363200,,2.5934138,0.259442,-0.011686465415990931,0.03756136780963399,0.016269135124314778,-0.044166191382739715,0.02364990689013044,-0.272330362015645,-0.5088229943605603,-0.39057667818810266,549.7,,,5.0,Sell,,Utilities,
9502,"Chubu Electric Power Company, Incorporated",,,JP3526600006,0.0116,0.04975,-0.030350002,0.9116599999999999,-0.588,0.3101481529003414,-0.3554983606692443,-0.08735627771641236,-0.3731464523910418,0.024,9019667550.0,2200461377536,9.661692,12.408418,0.6944281,-0.017703591299949417,0.008307372793354102,-0.026403743315508023,-0.04959216965742251,0.07510610813803285,0.20151047030552696,-0.23789907312049433,0.033299004462753176,2913.0,,,2.2,Buy,0.7786401135100381,Utilities,
9503,"The Kansai Electric Power Company, Incorporated",,,JP3228600007,0.02141,0.10079,0.02021,1.21085,0.382,0.6789177072032309,-0.2314679216766269,-0.06483031301482702,0.14521842196261953,0.0275,11461325850.0,3236891721728,8.51778,8.843942,0.9073755,-0.024836381943279074,-0.012909801257006965,-0.01990217574633159,-0.031177059019673225,0.2251739405439595,0.152985716744106,-0.23593185338151781,-0.004646360351058337,2905.5,,,,,0.9631202918336642,Utilities,
9504,"The Chugoku Electric Power Co., Inc.",,,JP3522200009,0.0063300002,0.02606,-0.01568,4.30981,,0.9997478926526915,-0.11196964852262292,-0.03539007467824797,0.28264977750215803,0.0277,2316165445.0,389600968704,5.6849785,5.7709723,0.5025753,-0.035603026257231864,-0.0009220839096357768,-0.0009220839096357768,-0.0027611596870685687,0.19710532452348273,0.0798338717120443,-0.1601292108906322,-0.06475929856945084,1083.5,,,,,0.9850989061236699,Utilities,
9505,Hokuriku Electric Power Company,,,JP3845400005,0.02615,0.060890004,0.13363,2.43501,-0.207,0.9972293952586487,0.1137001701086839,0.24695640238005614,0.04459414026839224,0.0218,1169218940.0,239927656448,4.405278,7.727762,0.50935036,-0.012043010752688172,0.030044843049327353,0.05999077065066913,0.06490496059341679,0.24633749321758003,-0.07705703090988246,-0.18154114061819765,-0.11768976926425773,1148.5,,,,,0.5700587052240998,Utilities,
9506,"Tohoku Electric Power Company, Incorporated",,,JP3605400005,0.01777,0.03179,0.076519996,3.08159,-0.043,2.0856142019406922,0.3691027117127818,0.5096391319985613,0.340740818233809,0.028999999999999998,6933594330.0,689595416576,8.110496,5.1627173,0.60591656,-0.05360824742268041,-0.02305782192266761,-0.02857142857142857,-0.013256897169473307,0.14273858921161825,0.4233841684822077,-0.20116194625998549,0.058823529411764705,1377.0,,,2.5,Buy,1.570974261945352,Utilities,
9507,"Shikoku Electric Power Company, Incorporated",,,JP3350800003,0.0255,0.0719,0.12901,1.6091399999999998,0.299,2.5571423152784103,0.6935997683174051,0.7416776785242348,0.7289675719032886,0.0252,3255631660.0,446893588480,8.841611,14.532642,0.9139733,-0.039964866051822576,-0.000228675966155957,0.005288572085536905,-0.0031919744642042863,0.2552397358598909,0.006404391582799634,-0.29551692589204026,-0.1338822506861848,2186.0,,,,,0.6083966700617823,Utilities,
9508,"Kyushu Electric Power Company, Incorporated",,,JP3246400000,0.02642,0.07402,0.15662,2.5694600000000003,0.306,1.0730673099412524,0.10294046219752685,0.28987663447766027,0.09113451982310036,0.0235,4654476090.0,1006308294656,6.7659492,12.993712,0.8105946,-0.021379310344827585,-0.005606166783461808,-0.02339986235375086,-0.03315920962979786,0.1828285634898583,0.5175005872680292,0.010101010101010102,0.17077754287056612,2128.5,,,1.4,Strong Buy,0.5207094939459948,Utilities,
9509,"Hokkaido Electric Power Company, Incorporated",,,JP3850200001,0.01435,0.03226,0.11399,3.3744400000000003,-0.591,0.29788925506356306,-0.19176746585029025,-0.12014618405462411,-0.045580362495793995,0.029300000000000003,2144598750.0,231018954752,5.4883404,8.290957,0.49031746,-0.026816608996539794,-0.004424778761061947,0.009421265141318977,-0.006183745583038869,0.10240078392944635,0.76,-0.06666666666666667,0.23555555555555555,1125.0,,,,,0.6619670563965052,Utilities,
9511,"The Okinawa Electric Power Company, Incorporated",,,JP3194700005,0.00417,0.0017499999,-0.14076,2.71556,,0.39256388278115256,0.28431385565897027,0.2825694193512522,-0.07075739856414254,0.0406,362930750.0,66535952384,10.672591,9.784346,0.5413118,-0.005681818181818182,0.028547439126784216,0.04522184300341297,0.025963149078726967,0.14700374531835206,-0.10204081632653061,-0.10204081632653061,-0.10204081632653061,1225.0,,,,,1.0907822556561269,Utilities,
9513,"Electric Power Development Co., Ltd.",,,JP3551200003,0.01757,0.02794,0.12946,1.2578,-0.453,0.060930930599543215,-0.34813630458678924,-0.1523482804071443,-0.34382856137165724,0.0262,2099977000.0,740114825216,12.919778,11.641105,0.51678,-0.009889333647280433,0.006221584111031347,0.009361497839654344,0.011303511303511303,0.08825051759834368,-0.041617122473246136,-0.36504161712247324,-0.12841854934601665,4205.0,,,3.3,Hold,1.1098412049371602,Utilities,
9514,EF-ON Inc.,,,JP3802140008,0.0058999998,0.05777,-0.064169995,1.03491,,0.9037639505680023,0.3272049217321077,0.24244065281899108,0.05986494182735337,0.0222,41359770.0,7637166080,6.3690896,7.337398,0.387475,0.008379888268156424,0.0712166172106825,0.10397553516819572,0.0712166172106825,0.11419753086419752,-0.002770083102493075,-0.002770083102493075,-0.002770083102493075,361.0,,,,,0.8680310922209753,Utilities,
9517,"eREX Co.,Ltd.",,,JP3130830007,0.02169,0.035,0.01302,0.74551,,-0.28189926126875087,-0.43393116990129554,-0.3133669433025673,-0.2003588862090867,0.0258,156751700.0,66768048128,12.5,20.256166,0.94235414,0.0011723329425556857,0.016666666666666666,0.02891566265060241,-0.005820721769499418,-0.002336448598130841,0.17096018735362997,-0.08665105386416862,0.014832201405152215,854.0,,,,,0.6170960486796958,Utilities,
9519,"RENOVA, Inc.",,,JP3981200003,0.00399,0.02891,0.05138,1.6891100000000001,-0.89,0.7543720964171917,-0.22432564237353617,-0.21474356186781934,-0.04489459842092391,,702065060.0,81265106944,24.569555,30.777132,0.6127773,0.01124859392575928,0.03930635838150289,0.02043132803632236,-0.0011111111111111111,-0.02810810810810811,0.42380422691879865,-0.04338153503893215,0.19021134593993325,899.0,,,,,0.7983055406202241,Utilities,
9531,"Tokyo Gas Co.,Ltd.",,,JP3573000001,0.03101,0.05617,0.082279995,0.70137,-0.621,0.34589558744124405,-0.2474785627205872,-0.16694816986457217,-0.07175495352013764,0.019,5787434970.0,2060934840320,9.633973,23.264132,1.2078009,-0.02186046511627907,-0.004104183109707972,0.005418326693227091,0.00895570126339357,0.05731523378582202,0.0936757013789824,-0.09969884292280869,0.02488508479949279,6309.0,,,3.0,Hold,0.4141127208184685,Utilities,
9532,"Osaka Gas Co., Ltd.",,,JP3180400008,0.029690001,0.068670005,0.0655,0.42406,-0.238,0.7622216650233489,-0.08161674822671186,0.07980291071672978,0.015810847210354532,0.021400000000000002,6145572350.0,2292418347008,15.527998,20.762394,1.2634299,-0.021273166800966962,-0.0008226390259953932,0.005630071203841696,0.021530698065601345,0.12650714153218326,0.22180141610406717,-0.2705417421373292,0.04972830561501729,6073.0,,,1.5,Strong Buy,0.7478905370931695,Utilities,
9533,"Toho Gas Co., Ltd.",,,JP3600200004,0.01556,0.03824,0.052750003,0.33697000000000005,-0.392,1.074721770689992,-0.17829948595974185,-0.11993705460513,0.020972900736713672,0.0173,1047682800.0,459921653760,15.528358,5.8515186,0.94058377,-0.020338983050847456,-0.00611387084447841,0.0003846153846153846,0.001926040061633282,0.1580587711487088,-0.04652056901191849,-0.4232987312572088,-0.23490965013456364,1300.5,,,,,2.6537312895151697,Utilities,
9534,"Hokkaido Gas Co., Ltd.",,,JP3847000001,0.04816,0.05589,0.09004,0.51341,-0.416,1.15830463036802,0.8621037114440857,0.9580770271489131,0.5581475736760471,0.0285,316281240.0,83740901376,7.2883825,,0.8467189,-0.001053740779768177,0.022653721682847898,0.024864864864864864,0.00851063829787234,0.22007722007722008,,,,948.0,,,,,,Utilities,
9535,"HIROSHIMA GAS Co.,Ltd.",,,JP3796200008,0.00693,0.021470001,0.031489998,0.47499,-0.33,-0.2782356232326746,-0.3745396200269846,-0.19354524180967242,-0.31468761574971355,0.0268,36673280.0,30793537536,14.62141,,0.42977703,0.0022371364653243847,0.011286681715575621,0.009009009009009009,0.02517162471395881,0.10073710073710074,,,,448.0,,,,,,Energy,
9536,"Saibu Gas Holdings Co.,Ltd.",,,JP3311600005,0.0149,0.0344,0.0668,2.1371100000000003,0.496,1.2633814918533603,0.7923802215944103,0.4679005205320995,0.8912252642142566,0.0263,371695060.0,95809437696,13.56848,,0.7831105,0.0015048908954100827,0.0285935085007728,0.04433111023930953,0.044740973312401885,0.1284442560406952,,,,2662.0,,,,,,Utilities,
9543,"Shizuoka Gas Co., Ltd.",,,JP3351150002,0.044549998,0.04911,0.07198,0.13993,-0.218,0.18577100478366496,-0.2548373694207028,-0.2286421904740065,0.021715681958263684,0.0333,203522280.0,104286674944,10.5822935,17.298311,0.73746705,-0.005035971223021582,0.007283321194464676,0.016911764705882352,0.022928994082840236,0.14297520661157026,0.1569052783803326,0.1569052783803326,0.1569052783803326,1383.0,,,,,0.6117529913758631,Utilities,
9551,"METAWATER Co., Ltd.",,,JP3921260000,0.038829997,0.043959998,-0.024149999,0.4235,,1.0983594975343007,-0.508950021994383,-0.35489802641430324,-0.3012504665920119,0.026000000000000002,310002000.0,134737338368,14.705882,19.558039,1.5273869,-0.0144,0.006535947712418301,0.01818181818181818,-0.00964630225080386,-0.06382978723404255,0.42857142857142855,0.11038961038961038,0.23944805194805194,3080.0,,,2.0,Buy,0.7519098412678286,Industrials,
9601,"Shochiku Co., Ltd.",,,JP3362800009,0.01949,0.03423,0.071669996,0.5985499999999999,,0.3409879447221405,-0.4636015325670498,-0.30258240210348386,0.1321799455226422,0.0028000000000000004,478292000.0,149806170112,28.571428,62.392673,1.419353,-0.009990917347865577,0.0,-0.0045662100456621,0.0009182736455463728,-0.0009165902841429881,0.2018348623853211,0.2018348623853211,0.2018348623853211,10900.0,,,1.0,Strong Buy,0.45792921870810055,Communication Services,
9602,"Toho Co., Ltd.",,,JP3598600009,0.05742,0.13277,0.15630001,0.00296,-0.281,-0.10429193756965016,-0.372354737423962,-0.34515149613466006,-0.32500592176522825,0.0139,4403525880.0,1314740895744,25.83783,6.426887,2.6231015,-0.02166511915815537,-0.023478529502625887,-0.020148791072535647,-0.008780181875195987,0.08614503732585024,0.4552356849098387,-0.11420436570705474,0.09113913318570072,1580.5,,,1.8,Buy,4.020271400446282,Communication Services,
9603,"H.I.S. Co., Ltd.",,,JP3160740001,0.01643,-0.00532,-0.015269999,2.6922800000000002,,-0.2915504456085448,-0.19774644689320456,-0.0016031036443294687,-0.20551826856138314,0.0218,574360250.0,84736696320,21.880962,10.446265,1.5880004,-0.018819503849443968,-0.013757523645743766,-0.021331058020477817,-0.01797945205479452,0.03333333333333333,0.13339145597210114,-0.05841325196163906,0.041848299912816043,1147.0,,,2.8,Hold,2.0946206132048153,Consumer Cyclical,
9605,"Toei Company, Ltd.",,,JP3560000006,0.04779,0.12550999,0.20177999,0.05729,-0.017,0.2049704724409449,-0.3715624614625725,-0.35455515254960535,-0.3617544380895789,0.002,327244500.0,378045923328,16.154873,29.18335,1.2801846,-0.009819967266775777,-0.0032948929159802307,0.008333333333333333,0.02195945945945946,0.023688663282571912,0.008264462809917356,-0.05785123966942149,-0.024793388429752067,6050.0,,,3.0,Hold,0.5535647209795996,Communication Services,
9616,"Kyoritsu Maintenance Co., Ltd.",,,JP3253900009,0.05047,0.06493,0.079569995,0.88946,-0.154,-0.20011238820207214,-0.3248140796569247,-0.2535398088609235,-0.17874295574065285,0.0143,2530207260.0,291628646400,15.600973,17.00525,1.9859103,-0.006815365551425031,0.01874801398156975,0.035864297253634894,0.01327433628318584,-0.07581435572211012,0.49719276356830944,-0.011228945726762321,0.14918452900810986,3206.0,,,2.0,Buy,0.9174209729348289,Consumer Cyclical,
9627,Ain Holdings Inc.,,,JP3105250009,0.043759998,0.025009999,0.02485,1.05466,0.021,0.10984891773902303,0.9304338322761798,0.46392929909028385,-0.06672806229409999,0.0181,859032350.0,194160738304,12.225052,18.093302,1.2200935,-0.011463370947519255,-0.0374956400418556,-0.05867303428279038,-0.05253218884120172,-0.04515570934256055,0.5763725312556622,0.05091502083710817,0.2743854865011777,5519.0,,,2.2,Buy,0.6756672717893063,Healthcare,
9678,"Kanamoto Co.,Ltd.",,,JP3215200001,,0.0635,0.091120005,0.42401000000000005,0.536,0.1762701089547759,-0.2208486632327692,-0.12012680709661408,-0.3078876397684918,0.0202,513499000.0,184898273280,14.814613,21.045723,1.2041405,-0.0018315018315018315,0.03415559772296015,0.005535055350553505,0.001838235294117647,0.005535055350553505,0.1559633027522936,0.1559633027522936,0.1559633027522936,5450.0,,,1.0,Strong Buy,0.7039251158061902,Industrials,
9682,DTS Corporation,,,JP3548500002,0.12919,0.08443,0.10751,,-0.132,-0.25182538009745853,-0.35179404383306595,-0.2746025138314444,-0.11537446605977729,0.0342,486684660.0,172643975168,15.221264,4.573334,2.9046435,-0.0017969451931716084,0.009082652134423252,0.03734827264239029,0.038317757009345796,0.06621880998080615,0.09810981098109811,0.0711071107110711,0.0846084608460846,1111.0,,,3.0,Hold,3.328264237862356,Technology,
9684,"Square Enix Holdings Co., Ltd.",,,JP3164630000,0.094110005,0.120120004,0.21688999,,1.756,0.33016879544368544,-0.1053126628276006,-0.10259083012312108,0.3594340492402228,0.0144,3465075960.0,1079862493184,36.494392,10.63248,3.0475051,-0.009265387160820648,-0.0008343066911396629,0.03922249219021173,0.05907322249734701,0.11612301957129544,0.20240480961923848,-0.23847695390781562,-0.0636829325317302,2994.0,,,3.3,Hold,3.4323499315305552,Communication Services,
9697,"Capcom Co., Ltd.",,,JP3218900003,,0.30193,0.58308,,0.691,0.4147717135476113,-0.19797400723678088,-0.1852803145694711,-0.22361131309926216,0.0105,13693186970.0,1835120852992,33.671043,32.290592,6.396871,-0.010153429602888087,0.008273960009193289,0.034669811320754716,0.024282045295353723,0.11288685946220192,0.20811488488716662,-0.16571689081376795,0.05040460451333485,4387.0,,,1.4,Strong Buy,1.0427508730716366,Communication Services,
9706,"Japan Airport Terminal Co., Ltd.",,,JP3699400002,0.06206,0.10609,0.19378,0.94268,0.344,0.8440734264744995,0.06891136377913186,0.2048608512150556,1.8124721168346107,0.0172,6773510540.0,512203358208,17.574928,25.566418,2.3901818,-0.010046645138141371,0.007853881278538814,0.02015159918654095,-0.012880143112701253,-0.037334263782274946,0.23233055454874954,-0.05762957593330917,0.08735048930772019,5518.0,,,,,0.6874223835345257,Industrials,
9716,"NOMURA Co., Ltd.",,,JP3762400004,0.07811,0.047810003,0.06974,,-0.529,0.6075846249490856,-0.19608237740658746,-0.08686948535822647,-0.20085923605332287,0.0351,370413250.0,140048957440,15.336673,32.529808,2.4016747,-0.003968253968253968,0.016194331983805668,0.028688524590163935,0.013731825525040387,0.08583976423846068,0.5537848605577689,0.5537848605577689,0.5537848605577689,1255.0,,,,,0.47146521737847324,Industrials,
9735,"SECOM CO., LTD.",,,JP3421800008,0.047199998,0.08823,0.11214,0.047869999999999996,-0.007,0.18340427143586646,-0.22435513767824175,-0.06998268043342895,-0.08540822092823266,0.018600000000000002,7957277320.0,2567508590592,23.310394,27.105795,1.9748389,-0.010759299108515216,0.00861933866165178,0.015782828282828284,0.02451448583253741,-0.042261904761904764,0.15755127408328154,0.05655686761963953,0.10783095090118086,6436.0,,,2.4,Buy,0.8599782445045422,Industrials,
9743,"Tanseisha Co., Ltd.",,,JP3472200009,0.06983,0.04514,0.04618,0.00736,-0.054,-0.35056787785718957,-0.28160363658649007,0.030234401349072487,-0.3519178801418667,0.0483,545225220.0,69539127296,15.456748,19.717741,1.8154997,-0.015436241610738255,0.0020491803278688526,-0.002719238613188307,-0.004073319755600814,0.03748231966053748,,,,1467.0,,,0.0,Strong Buy,0.7839005492566313,Industrials,
9744,MEITEC Group Holdings Inc.,,,JP3919200000,0.15683,0.11066,0.15387,,0.073,0.8286845342664438,0.2774703449498617,0.3406579924450328,0.029196522403745158,0.052199999999999996,1514614320.0,267752882176,17.793741,19.97926,6.0686026,-0.002014388489208633,0.02,0.04773413897280967,0.06609283738087919,0.07268790596968759,0.00922722029988466,-0.1061130334486736,-0.03690888119953864,3468.0,,,,,0.8906106132058945,Industrials,
9746,TKC Corporation,,,JP3539400006,0.09673,0.15782,0.26077998,,0.248,-0.027183079029345875,-0.1887922705314009,-0.21303644414168943,-0.20135637848153248,0.0264,276016000.0,203852808192,15.479647,17.931034,1.8641292,0.0036188178528347406,0.012165450121654502,0.024630541871921183,0.04130162703379224,0.11229946524064172,,,,4160.0,,,,,0.8632880290116007,Technology,
9757,Funai Soken Holdings Incorporated,,,JP3825800000,0.16851,0.23725,0.29683,0.01024,0.185,-0.4766051015131322,-0.5740810022432934,-0.5082644301143332,-0.4285580173574875,0.04019999999999999,282132570.0,111389802496,13.698473,8.588913,3.9946427,-0.003341687552213868,0.007601351351351352,0.03200692041522491,0.025795356835769563,0.0944954128440367,0.173512154233026,0.173512154233026,0.173512154233026,1193.0,,,1.0,Strong Buy,1.5949018228499927,Industrials,
9759,"NSD Co., Ltd.",,,JP3712600000,0.14187,0.11076,0.13972001,,0.162,0.5202980052242567,-0.050858340556877955,-0.033315263908701875,-0.21149452613310835,0.0333,754295360.0,220242313216,17.094217,19.095081,3.2225544,-0.0006863417982155113,0.0118137595552467,0.03981431887163007,0.05430847212165098,0.09084098145720172,0.4423076923076923,0.4423076923076923,0.4423076923076923,2912.0,,,,,0.8952157364506598,Technology,
9766,Konami Group Corporation,,,JP3300200007,0.14449,0.21426001,0.34952998,0.09489,0.642,0.010366476390494126,-0.3198483380451181,-0.148137069671211,-0.2503600966320876,0.0106,10034602450.0,2854141558784,25.316532,34.99601,4.92281,-0.010108133521391631,-0.010805731735964294,0.01567776169802219,0.01764137264378927,0.03847102342786683,0.47233436238423177,0.06862977914984564,0.26793968178579913,21055.0,,,1.4,Strong Buy,0.7234119546771189,Communication Services,
9793,"Daiseki Co.,Ltd.",,,JP3485600005,0.08592,0.13274,0.22719999,0.09293,0.19,0.2615082382762991,-0.24401833950951043,-0.20416411512553587,-0.2442964033542599,0.0231,456462050.0,175665725440,19.23077,25.527384,2.1195567,-0.014588859416445624,0.0013477088948787063,0.016415868673050615,0.02482758620689655,-0.006196122237960562,0.3728129205921938,0.13055181695827725,0.2449528936742934,3715.0,,,,,0.753338845844917,Industrials,
9824,"Senshu Electric Co.,Ltd.",,,JP3424400004,0.06143,0.05613,0.08696,0.00976,,0.06834027247419378,-0.39758913585270333,-0.28240239609058904,-0.12459508943242095,0.0225,555974100.0,136468324352,18.181818,18.179754,2.1782155,0.008816120906801008,0.052562417871222074,0.02956298200514139,-0.007434944237918215,0.20089955022488756,,,,8010.0,,,1.0,Strong Buy,1.0001135328893889,Technology,
9828,Genki Global Dining Concepts Corporation,,,JP3282800006,0.05926,0.043270003,0.06916,1.8711799999999998,-0.022,-0.07865008543763062,0.19140914293408734,0.11997275846713994,-0.1803555243692074,0.0206,245806950.0,60130684928,17.211748,14.626288,3.0269651,0.0014705882352941176,0.004424778761061947,0.01188707280832095,0.01188707280832095,0.06572769953051644,0.17474302496328928,0.11600587371512482,0.14537444933920704,3405.0,,,,,1.176768022070945,Consumer Cyclical,
9830,Trusco Nakayama Corporation,,,JP3635500006,0.04601,0.048060004,0.07114,0.54314,0.09,0.1843547304853501,-0.42630722014898487,-0.4032040123912081,-0.1411745554059643,0.0252,204864650.0,159756189696,9.775286,10.176396,0.8264655,-0.007780507780507781,0.012536564981195153,0.022794428028704093,0.0275657336726039,-0.011020408163265306,,,,2423.0,,,0.0,Strong Buy,0.9605842775772483,Industrials,
9831,"Yamada Holdings Co., Ltd.",,,JP3939000000,0.00834,0.0091699995,0.03723,0.44656,0.168,1.1673228422215296,-0.20599182412698366,-0.16738561636340119,-0.11527811253638433,0.023799999999999998,3193796936.0,475922923520,32.890625,15.548556,0.74962425,-0.012555171007491818,0.0009790209790210426,-0.0027866966323170012,0.032607163771657593,0.06900672143390597,0.17367612127986579,-0.2734385915886545,-0.04788514740813202,715.7,,,2.6,Hold,2.1153491681156757,Consumer Cyclical,
9832,"Autobacs Seven Co., Ltd.",,,JP3172500005,0.03657,0.027509999,0.03392,0.29181,-0.26,1.3623450751419262,0.88636145177797,0.9554544710195689,-0.043186242202228546,0.0374,539312100.0,126037680128,15.083168,15.256655,0.92937934,-0.015337423312883436,0.0006234413965087282,0.016466117796073463,0.03215434083601286,0.07071380920613743,,,,1605.0,,,,,0.9886287656108105,Consumer Cyclical,
9837,"Morito Co., Ltd.",,,JP3926200001,0.041750003,0.03434,0.06226,0.08858,-0.415,-0.08353718199608613,-0.42699863431032664,-0.3401771519418578,-0.3078427257144857,0.04019999999999999,72490990.0,44426690560,13.1577015,18.203045,1.103532,-0.008844665561083471,0.0011166945840312675,0.009572072072072071,0.015288788221970554,-0.010485651214128035,,,,1793.0,,,,,0.7228296968996122,Consumer Cyclical,
9842,Arclands Corporation,,,JP3100100001,0.02606,0.02264,0.02572,0.91033,1.633,-0.31969826828995634,-0.7303437127602507,-0.6931331059515272,0.2288569424964937,0.021099999999999997,271527880.0,119238082560,14.663164,9.613534,0.93375784,0.0005271481286241434,0.009574468085106383,0.019881783987103708,0.02207862143241788,0.029055410914234484,,,,1898.0,,,,,1.5252626141437686,Consumer Cyclical,
9843,"Nitori Holdings Co., Ltd.",,,JP3756100008,0.0499,0.098009996,0.15597,0.14875,-0.015,0.28255112711229097,-0.06495760437119892,-0.0683843876054795,0.10967017939710957,0.0106,11470883100.0,1712124592128,19.194223,3.3918037,1.6978728,-0.028223220012828735,-0.04657016991818754,-0.06539173349784085,-0.07818679647094615,0.10181818181818182,0.18811881188118812,-0.1419141914191419,0.01020105610561058,3030.0,,,2.3,Buy,5.659001728195532,Consumer Cyclical,
9861,"Yoshinoya Holdings Co., Ltd.",,,JP3958000006,0.04788,0.02471,0.043319996,0.45081000000000004,1.444,-0.13388602484200843,-0.4294308347982953,-0.4347671590400863,-0.09849851201359167,0.006,1227289140.0,233148284928,50.50659,52.93091,3.3937507,-0.013821138211382113,-0.04161179878851725,-0.039841688654353564,-0.04312384959242703,-0.030391468214292266,-0.23055784556196757,-0.23055784556196757,-0.23055784556196757,3639.0,,,,,0.9541984069421819,Consumer Cyclical,
9869,"Kato Sangyo Co., Ltd.",,,JP3213300001,0.02546,0.01334,0.01316,0.07942,0.557,1.3402614313617467,-0.17206269505029895,-0.09804645105274586,-0.1730198556515813,0.0233,230076300.0,207351103488,14.164365,34.705734,1.2001709,0.0,0.02384500745156483,0.022321428571428572,0.02844311377245509,0.08530805687203792,,,,6870.0,,,,,0.40812751575863515,Consumer Defensive,
9882,Yellow Hat Ltd.,,,JP3131350005,0.04696,0.07047,0.0705,0.4267,0.101,0.41885793712751584,-0.09597482016782109,-0.019548060147877383,-0.18956058060300562,0.039,326690490.0,146342297600,12.690207,,1.1905249,-0.01636568848758465,-0.005136986301369863,0.009849362688296639,0.006932409012131715,0.0028768699654775605,,,,1743.0,,,,,,Consumer Cyclical,
9887,"Matsuya Foods Holdings Co., Ltd.",,,JP3869800007,0.038,0.02042,0.013739999,0.90836,0.173,-0.34961526400849074,-0.3841809317353134,-0.4246036585365854,0.1880244457587325,0.0046,241626000.0,107710472192,26.595474,,1.8585511,-0.0038095238095238095,-0.013207547169811321,-0.0019083969465648854,-0.013207547169811321,0.052313883299798795,,,,5230.0,,,,,,Consumer Cyclical,
9889,JBCC Holdings Inc.,,,JP3746800006,0.10769,0.07091,0.11038999,0.07716,0.122,-0.0690845865730698,-0.1414561184339121,-0.13027706570214553,-0.1505645190013178,0.0353,300181740.0,102679683072,19.724186,5.4920945,4.19528,-0.004095962551199532,-0.0017595307917888563,0.06842435655994979,0.08338637810311904,0.0112893642305407,,,,1702.0,,,,,3.5913777521490204,Technology,
9896,"JK Holdings Co., Ltd.",,,JP3389570007,0.018509999,0.01053,0.015570001,0.47381999999999996,0.306,0.13306948679685976,-0.5217815633040547,-0.4243149046675323,-0.05356531415853451,0.0425,39591360.0,37842079744,9.51485,,0.58033764,0.0028328611898017,0.03056768558951965,0.03282275711159737,0.0049680624556423,0.029818181818181817,,,,1416.0,,,,,,Industrials,
9900,Sagami Holdings Corporation,,,JP3316200009,,0.0,0.06981,0.02262,-0.206,0.14425836653941532,0.009668433909523029,-0.08259302088293309,0.21267537797880803,0.0054,236682780.0,66816245760,41.318928,,3.3793771,-0.004488330341113106,-0.024626209322779244,-0.023767605633802816,-0.004488330341113106,0.024480369515011546,,,,1109.0,,,,,,Consumer Cyclical,
9902,NICHIDEN Corporation,,,JP3661950000,0.03657,0.039189998,0.05072,,0.655,0.6270983213429255,0.08672936259143156,0.2606805293005672,-0.2878377090904141,0.0366,242055250.0,94814945280,18.903318,22.950245,1.0113541,-0.007575757575757576,0.031496062992125984,0.03639240506329114,0.08443708609271523,0.056451612903225805,,,,3275.0,,,,,0.8236651939881252,Industrials,
9932,"Sugimoto & Co., Ltd.",,,JP3397050000,0.03274,0.04572,0.040149998,0.06584,0.799,0.018850514104930206,-0.6080753701211306,-0.5517093039220173,-0.38704435030276924,0.041100000000000005,27896220.0,22966437888,11.198228,,0.6573915,-0.004545454545454545,0.009216589861751152,0.017815646785437646,0.029780564263322883,0.0330188679245283,,,,1314.0,,,,,,Industrials,
9934,"Inaba Denki Sangyo Co.,Ltd.",,,JP3146200005,0.07361,0.060599998,0.09559,0.00117,0.719,1.1287680295262055,-0.1183956244302643,-0.05191932582141842,0.12643559006835545,0.0274,589297160.0,347774976000,15.037631,,1.6751832,-0.012751036021676761,0.013747954173486088,0.012422360248447204,0.022787318361955085,0.036479250334672024,,,,3097.0,,,,,,Industrials,
9936,Ohsho Food Service Corp.,,,JP3174300008,0.06679,0.05481,0.05019,0.03895,-0.52,0.14897315710203685,0.4282820782854877,0.5827218075448861,0.17137290307851175,0.019,934707500.0,154967212032,20.963615,20.284674,2.414423,0.003401360544217687,-0.0023672641190395673,0.007857874957294158,0.001697792869269949,0.02537365311087939,0.11864406779661017,-0.15254237288135594,-0.01694915254237288,2950.0,,,,,1.0334706389661477,Consumer Cyclical,
9948,ARCS Company Limited,,,JP3968600001,0.03765,0.01985,0.025899999,0.13686,0.043,0.3333391773905116,-0.19929788634535212,-0.033522434244455904,0.3225894401771504,0.0219,391540600.0,199268515840,16.15481,16.824112,1.0171018,-0.017082785808147174,-0.0026666666666666666,0.009446693657219974,0.012178619756427604,0.071076908770621,-0.0374331550802139,-0.09090909090909091,-0.06417112299465241,3740.0,,,,,0.9602176923215918,Consumer Cyclical,
9956,"Valor Holdings Co., Ltd.",,,JP3778400006,0.03483,0.0199,0.03039,0.66429,0.643,-0.12464782931048683,-0.48307497805885025,-0.5084905172859284,-0.7101288730169778,0.0118,658450200.0,196574642176,10.82265,12.859476,0.94175136,-0.020260492040520984,-0.005873715124816446,0.04314329738058552,0.047987616099071206,0.06782334384858044,0.21122599704579026,0.21122599704579026,0.21122599704579026,3385.0,,,,,0.8416089426971984,Consumer Cyclical,
9960,Totech Corporation,,,JP3595300009,0.09825,0.075729996,0.07092,0.10993,-0.096,0.7809267163423281,-0.0012956329548052075,0.0030873836301464224,-0.023422408047021826,0.0391,434577600.0,180222279680,13.773975,17.221786,2.4143763,0.022093023255813953,0.08118081180811808,0.06934306569343066,0.06545454545454546,0.07195121951219512,,,,4395.0,,,0.0,Strong Buy,0.799799451694499,Technology,
9962,MISUMI Group Inc.,,,JP3885400006,0.07819,0.094919994,0.13597,,0.683,0.06868024147825956,0.1814911034181988,0.06363086060781663,-0.16219630047249672,0.016,4871351100.0,950091055104,24.390244,25.845497,2.4840539,0.01909039865244245,0.023688663282571912,0.05308964316797215,0.022535211267605635,-0.046242774566473986,0.8732782369146006,0.17079889807162535,0.39669421487603307,3630.0,,,,,0.9436941375126197,Industrials,
9974,"Belc CO., LTD.",,,JP3835700000,0.04895,0.02865,0.030639999,0.38728,-0.159,0.4820413730393271,-0.21052008055917548,-0.055558988937642884,-0.17109328266300713,0.0189,188930000.0,145816272896,11.494253,11.629259,1.1992358,0.0,-0.0070921985815602835,0.027900146842878122,0.041666666666666664,0.09236529164728396,0.11428571428571428,0.02857142857142857,0.07142857142857142,7000.0,,,,,0.9883908338441857,Consumer Defensive,
9983,"Fast Retailing Co., Ltd.",,,JP3802300008,0.1092,0.1351,0.20999001,0.28419,0.391,0.17042984739320727,-0.2853716019209677,-0.16778160016220464,-0.2021297361259022,0.0095,70813584000.0,20767676825600,43.47826,49.446575,7.611554,-0.0002954209748892171,0.01591113779645752,0.018050541516245487,0.01226443314388274,-0.1382419460860071,0.47754137115839246,-0.02186761229314421,0.2665137411347517,67680.0,,,1.8,Buy,0.8792977066662352,Consumer Cyclical,
9984,SoftBank Group Corp.,,,,-0.00476,0.61613,-0.115509994,1.3015,-0.178,0.7302693822714444,0.36653431236706924,0.36609862944130867,-0.08455111180926711,0.0017000000000000001,517167493350.0,35988701184000,7.235915,21.385756,1.9743803,0.010885224907955819,0.005733397037744864,-0.034403669724770644,-0.07268722466960352,0.10886742756804214,0.7577197149643705,-0.5027711797307997,0.22719087885985748,6315.0,,,1.7,Buy,0.33835207883228446,Communication Services,
9987,"Suzuken Co., Ltd.",,,JP3398000004,0.0187,0.01496,0.00659,,-0.05,0.7023884469371794,-0.22406130572721075,-0.15636453384340102,-0.13686798471306905,0.011399999999999999,924850080.0,351292293120,9.652595,16.983139,0.85714114,-0.014590347923681257,0.010356731875719217,0.018364585346994006,0.01757774773034576,0.07334963325183375,0.38572513287775245,-0.012908124525436599,0.14338145406226266,5268.0,,,,,0.5683634220976463,Healthcare,
9989,"Sundrug Co.,Ltd.",,,JP3336600006,0.06425,0.03701,0.056149997,0.16754999999999998,0.009,2.602619449324265,-0.20385724890523474,-0.18260134187001145,0.04956308695452388,0.0364,2066642920.0,424530935808,13.531957,13.224255,1.4829636,-0.02077711818672423,-0.024200053777897284,-0.009822646657571623,-0.021305285868392664,-0.015997830802603037,0.5431248277762469,0.11049875998897768,0.296303554698264,3629.0,,,,,1.0232680026209418,Healthcare,
9991,Gecoss Corporation,,,JP3225500002,0.04774,0.05163,0.077020004,0.04321,0.153,-0.20768331384666774,-0.4551330537028124,-0.4302795850184632,-0.41391035272232946,0.0378,59158260.0,61471711232,10.504227,,0.86770517,0.0032948929159802307,0.02582818641212802,0.021240916713247623,0.029295774647887324,0.05302593659942363,,,,1827.0,,,,,,Industrials,
166A,TASUKI Holdings Inc.,,,JP3464310006,0.08180001,0.069910005,0.16303,2.21947,18.779,-0.33203228212409147,-0.6309870972362914,-0.5912984619229608,-0.44620677682559223,0.0368,285946220.0,67090317312,11.904502,,2.0779924,0.003693444136657433,0.01683816651075772,0.022577610536218252,0.014939309056956116,-0.04229074889867841,,,,1087.0,,,,,,Technology,
167A,"Ryoyo Ryosan Holdings, Inc.",,,JP3975410006,0.03207,0.02084,0.03941,0.37201,0.168,0.026091684945899536,-0.27770757546748354,-0.31594390380148774,-0.2531071138775887,0.0424,437844000.0,132333117440,17.793594,,0.9562044,0.00303951367781155,0.01694915254237288,0.04100946372239748,0.0492845786963434,0.07142857142857142,,,,3300.0,,,,,,Technology,
186A,Astroscale Holdings Inc.,,,JP3119820003,-0.13077,-1.4539101,-2.29987,2.37064,,0.09586696032558047,-0.16347894199882987,-0.14601538565254188,-0.15438437556936654,,4137459790.0,163864969216,,-326.6289,12.7482195,0.07857811038353602,0.14498510427010924,0.14158415841584157,0.09289099526066351,-0.0195578231292517,0.08412836079791847,0.040763226366001735,0.062445793581960105,1153.0,,,2.0,Buy,,Industrials,
247A,Ai Robotics Inc.,,,JP3160060004,0.072,0.06007,-0.04798,6.93496,,-0.27765513595927716,-0.47184030832390766,-0.4058816323899168,0.8205045303779792,,770704800.0,64689082368,24.568327,,11.558279,-0.004995004995004995,-0.004995004995004995,-0.0187192118226601,-0.0691588785046729,0.17591499409681227,,,,996.0,,,,,,Consumer Defensive,
250A,Shimadaya Corporation,,,JP3356550008,0.0842,0.059439998,0.076079994,0.10980000000000001,-0.151,6.6615257829055805,-0.23475703168086276,-0.09236168719290404,0.29715099715099724,0.0338,74148710.0,22845081600,9.328271,,1.223558,-0.008074534161490683,0.0069356872635561164,0.015257469802924348,0.010120177103099304,-0.020245398773006136,,,,1597.0,,,,,,Consumer Defensive,
256A,TOBISHIMA HOLDINGS Inc.,,,JP3629810007,0.03068,0.03358,0.05373,0.47863,-0.135,-0.21386767342489985,0.5487564614678401,0.6840119782346711,0.5511410546526779,0.0483,677566890.0,43706519552,9.001067,,0.82298964,0.0022007042253521128,-0.013431542461005199,0.0061864781263809105,0.02799097065462754,0.10426770126091174,,,,2277.0,,,,,,Industrials,
268A,Rigaku Holdings Corporation,,,JP3969750003,0.04851,0.09946,0.09014,0.75035,-0.298,-0.004175788908706339,-0.29075336586723133,-0.3301367850517816,-0.04957158138937513,0.011899999999999999,3461358240.0,360582414336,39.83984,,4.0427227,0.02775984506132989,-0.016069221260815822,0.0006285355122564425,-0.03690260133091349,-0.27438468550592526,1.0100502512562815,0.0678391959798995,0.5389447236180904,1592.0,,,2.3,Buy,,Technology,
277A,Globe-ing Inc.,,,JP3274430002,0.24075001,0.24974,0.21290001,0.16902999999999999,-0.315,-0.6967163892291802,-0.6009562830357896,-0.5005905858108618,-0.4929309944946961,0.0232,213023700.0,52613111808,20.16173,,6.893743,-0.0032414910858995136,-0.007530930607853685,0.030726256983240222,-0.004317323259579061,0.10545236668663871,1.3306233062330624,1.3306233062330624,1.3306233062330624,1845.0,,,,,,Industrials,
285A,Kioxia Holdings Corporation,,,JP3236330001,0.34332,0.3664,0.71869004,0.34845,44.188,-0.15378663056142086,-0.3455277249994503,-0.34215402036345766,-0.24890578877233727,,1626057214800.0,29058796617728,54.053787,,12.438094,0.09402566158781074,0.05449275362318841,0.009994447529150472,-0.04263157894736842,0.11961427985227739,2.665017408832692,-0.2669965182334616,1.0387804654572108,54570.0,,,1.6,Buy,,Technology,
290A,Synspective Inc.,,,JP3376720003,-0.08724,0.25365,-1.74823,0.28071999999999997,,0.3898098303545265,-0.3692031399356951,-0.459876874646033,-0.22677757418349823,,1463561940.0,207778824192,,,5.4757953,0.09377186843946816,0.10537482319660538,0.1014799154334038,0.04478609625668449,0.17430503380916604,0.35188739603326935,-0.04030710172744722,0.1788867562380038,1563.0,,,1.6,Buy,,Industrials,
319A,Next Generation Technology Group Inc.,,,JP3264350004,0.07113,0.19165,0.17113,1.6616,3.641,-0.27337424358646545,-0.3249437011524705,-0.11245157719977862,0.1606708556066148,,737646000.0,170726080512,38.75969,,15.875548,0.03263777421080792,0.0,0.012591815320041973,-0.08790170132325142,-0.02278481012658228,,,,19300.0,,,,,,Financial Services,
401A,Kasumigaseki Hotel REIT Investment Corporation,,,JP3050870009,,0.0,0.0,,,1.3029853058905558,-0.1217586458643161,0.028498698947844712,-0.21966023382260288,0.09449999999999999,152701600.0,28413970432,,,,0.014358974358974359,0.02699896157840083,0.04656084656084656,0.038865546218487396,0.02063983488132095,,,,98900.0,,,,,,Real Estate,
409A,"Orion Breweries, Ltd.",,,JP3200010001,,0.09398,0.13284001,0.92113,-0.591,0.3778740820994343,0.34395824595740715,0.20770929532222437,0.3850978669400107,0.0296,186264390.0,48431452160,10.090454,,2.7323835,-0.0017376194613379669,-0.016267123287671232,-0.018787361229718188,-0.02544529262086514,-0.08300079808459697,,,,1149.0,,,,,,Consumer Defensive,
417A,"Blue Zones Holdings Co.,Ltd.",,,JP3831110006,0.060739998,0.02871,0.052160002,0.39189,0.082,-0.20062074372614702,-0.38325468277608576,-0.28999868794497663,-0.08838052551399393,0.0169,406963200.0,382327914496,16.34001,,1.8864313,-0.016883116883116882,-0.013295099061522419,-0.0034228541337546076,-0.00968079539508111,0.09393063583815028,0.16248348745046234,0.05680317040951123,0.12725669749009236,1892.5,,,,,,Consumer Defensive,
429A,Tekscend Photomask Corp.,,,JP3545320008,0.090950005,0.18484,0.21322,0.0070799999999999995,-0.09,-0.4138365928804044,-0.44777530214030115,-0.45032100862053054,-0.28589413115715395,0.018600000000000002,2213065400.0,374571597824,15.128411,,2.1103458,0.024456521739130436,0.0286493860845839,0.008021390374331552,-0.010498687664041995,-0.12223515715948778,0.5119363395225465,0.16710875331564987,0.3209549071618037,3770.0,,,,,,Technology,
464A,QPS Holdings Inc.,,,JP3244860007,-0.02634,-0.14753,-1.00612,0.35281999999999997,0.144,0.030139443598547346,-0.40979155637698794,-0.35249546425619166,-0.2202446665975403,,1987130250.0,99324084224,76.344086,,5.690051,0.04967474866942637,0.06287425149700598,0.09230769230769231,0.03558926487747958,0.07837181044957472,1.4788732394366197,0.04225352112676056,0.663661971830986,1775.0,,,1.8,Buy,,Industrials,
471A,"NS Group, Inc.",,,JP3164810008,,0.22836,0.38127,0.97466,,-0.0005860758154187016,0.11388474377442141,0.031240469757363384,-0.052235942739231316,0.0489,312306200.0,78746755072,11.049528,,2.9523392,-0.005754475703324808,0.007777057679844459,0.023026315789473683,0.014350945857795172,0.026402640264026403,0.22186495176848875,0.15755627009646303,0.18971061093247588,1555.0,,,1.5,Strong Buy,,Industrials,
543A,ARCHION Corporation,,,JP3100020001,0.044310004,0.17916,0.04853,0.40679000000000004,2.863,0.9604073650686411,0.1803070963751733,0.05008660524929486,0.23014678139122904,0.0282,6475910000.0,782869463040,1.9520241,,0.8298707,0.0070921985815602835,0.04797047970479705,0.055762081784386616,0.05970149253731343,0.055762081784386616,0.4788732394366197,-0.08450704225352113,0.14688133802816894,284.0,,,2.7,Hold,,Industrials,
546A,"Miraini Holdings Co., Ltd.",,,JP3910590003,,0.0,0.02792,0.88275,,-0.7459808351483235,-0.7260093235992612,-0.7210463522175701,-0.6985676380004738,0.0393,359315200.0,86610976768,,,0.95845354,-0.007723577235772358,0.029957805907172997,0.048089308716187204,0.054427645788336934,-0.06259600614439324,,,,2441.0,,,,,,Technology,
547A,Muninova Holdings Inc.,,,JP3914100007,0.013789999,0.15242,0.23987,3.64889,1.637,-0.02404541595257937,-0.26812448917832465,0.010174139644843217,0.25408543211214346,0.045599999999999995,800187250.0,210279448576,7.5132637,,0.85943955,-0.006787330316742082,0.01152073732718894,0.023310023310023312,0.055288461538461536,-0.04148471615720524,0.2984054669703872,0.11617312072892938,0.21298405466970388,439.0,,,,,,Financial Services,
