Ticker,Name,Fee,Bought,ISIN,ROA,Net Margin,Operating Margin,Debt To Equity,Earnings Growth,Vol 1D,Vol 3D,Vol 5D,Vol 30D,Dividend yield,Notional Volume,Market cap,PE ratio,Forward PE ratio,PB,Price 1D,Price 3D,Price 5D,Price 7D,Price 30D,Target high %,Target low %,Target mean %,Current price,Avg Rating 1D,Avg Rating 7D,Avg Rating Score,Avg Rating Label,Growth,Sector,Note
A,"Agilent Technologies, Inc.",,,US00846U1016,0.086330004,0.19533001,0.25559,0.56336,0.085,1.25236502176497,0.10205582171596632,-0.026480570131591878,-0.01047291054714126,0.006500000000000001,346704661.3,44119191552.0,30.861933,23.155527,5.9920344,0.0008315444873645947,0.041259037407742304,0.06492893078181747,0.08096718480138168,0.10704686609683534,0.21429027928676425,-0.00939477216079759,0.11812091774781112,156.47,,,1.7,Buy,1.3328106503471073,Healthcare,
AAPL,Apple Inc.,,,US0378331005,0.27082002,0.27618998,0.32623002,0.78445,0.287,0.628777782238678,-0.3559019405491855,-0.2849678781721989,-0.36673376612918374,0.0032,16523626437.199999,4905541566464.0,38.591274,35.05517,45.669838,-0.0025816023738872537,0.01445646078061964,0.01161709186492101,0.06592885109262395,0.0768537508444765,0.20489096480528368,-0.3603665248564543,-0.02467072263707498,336.13,,,2.2,Buy,1.1008725389150873,Technology,
ABBV,AbbVie Inc.,,,US00287Y1091,0.105100006,0.098000005,0.40035,,2.904,0.32545499281126766,-0.37647494030652484,-0.3520426604866257,-0.4654461769833991,0.0262,1108777178.0,466448285696.0,74.56497,16.226177,-78.58291,-0.00022721390867412323,0.003497534311100772,0.026602384150229207,0.052010665766298106,0.08237997820584109,0.24261251704803768,-0.24230944082436726,0.055490036369146886,263.96,,,1.7,Buy,4.5953504636366285,Healthcare,
ABNB,"Airbnb, Inc.",,,US0090661010,0.061389998,0.2045,0.21009001,0.32004,0.334,1.1787166113039476,-0.34113121314723616,-0.35807406138171466,0.46525120492749567,,643321266.0,99530153984.0,37.863327,26.866573,12.574325,0.001747769161813973,-0.012476278712213382,-0.02332688397941037,-0.02010260440166983,0.09614877782271246,0.3235471062447359,-0.18782336662254842,0.10756828299843578,166.22,,,2.0,Buy,1.4093098885369564,Consumer Cyclical,
ABT,Abbott Laboratories,,,US0028241000,0.05328,0.116450004,0.14706999,0.63212,-0.475,1.7209555416418567,-0.30472226209272285,-0.2677110358267258,-0.3822536126085183,0.024700000000000003,995976782.3,177554636800.0,33.100002,16.917128,3.4739478,0.0037170755217492907,0.005684614600042647,0.006473791775519927,-0.024897873927141358,-0.04955538282550912,0.3156612415943865,0.003800799142383789,0.17204560958970858,102.61,,,1.5,Buy,1.9565970063003602,Healthcare,
ACN,Accenture plc,,,,0.10903,0.10656,0.16964,0.25035,0.09,0.6415557691910405,-0.44585038819284284,-0.4489030478341586,-0.4846765586503298,0.034300000000000004,923456814.9,110938972160.0,15.196143,12.353157,3.4782524,-0.04729619845327245,-0.0626163096104654,-0.014192463203416552,0.031228651040613765,0.0594938890382575,0.5169066137128359,-0.2829168735175685,0.022606872965966123,181.29,,,2.1,Buy,1.2301424647966508,Technology,
ADBE,Adobe Inc.,,,US00724F1012,0.19731002,0.28048,0.34822,0.5748,0.105,0.8981027593645529,-0.10689331654445355,0.1697535667782233,-0.16519704531028676,,1688872416.0,98945695744.0,14.103116,8.994958,8.358068,-0.014841485717025753,-0.03429550524017679,-0.01312292662889532,-0.023306915938657153,-0.04349827335983261,0.5148240398521614,-0.2166157801703358,0.11038598746585264,248.92,,,2.8,Hold,1.5678912564127592,Technology,
ADC,Agree Realty Corporation,,,US0084921008,0.02399,0.28842,0.48116,0.58984,0.021,1.3655473972879728,0.18048529230631408,0.11205139534916146,0.18698839053598745,0.047,109898708.5,8487667712.0,36.58602,35.20435,1.3319633,-0.0016139034066767466,-0.028828310312857482,-0.04464415565163738,-0.06254300271290734,-0.10544697064290944,0.36664217487141815,0.058045554739162425,0.2405094783247612,68.05,,,1.9,Buy,1.0392471384928283,Real Estate,
ADI,"Analog Devices, Inc.",,,US0326541051,0.06406,0.29787,0.39503,0.27314,1.635,0.9279947826057439,-0.31731807635117926,-0.21696249952216515,-0.25198872624026786,0.0121,1339855092.0,182060941312.0,43.087154,22.98246,5.4264216,0.03604027663997806,0.03976752083509815,-0.008078564837526735,0.029172466820378964,-0.0011800970279500422,0.7965506228042157,-0.028531885446609246,0.2528445384861066,375.72,,,1.4,Strong Buy,1.8747842485095154,Technology,
ADM,Archer-Daniels-Midland Company,,,US0394831020,0.02257,0.021559998,0.04008,0.39134,3.156,1.949666562284016,-0.0007162728304847963,-0.01833463374798373,0.012973612594716223,0.0236,385008489.20000005,41053319168.0,24.130312,14.8526325,1.7416729,-0.03303435644075428,-0.016510802450919775,-0.01775831640942673,-0.01582903527962361,0.10592990393466603,0.11528527823432722,-0.29560929795726704,-0.05963841277295154,85.18,,,3.0,Hold,1.624648829088042,Consumer Defensive,
ADP,"Automatic Data Processing, Inc.",,,US0530151036,0.062470004,0.20109,0.23459,0.9143600000000001,0.098,1.795386544938459,-0.08397164145550308,-0.06844058277352877,-0.22602796479400644,0.025,681084951.8000001,107745607680.0,24.88257,20.242655,17.88932,-0.003746658356462802,-0.019202252206766343,0.011034034617985473,0.02916739496191471,-0.0020264193016739547,0.1872280805250349,-0.170415161123811,0.06039377627018654,271.22,,,2.7,Hold,1.2292147448049677,Technology,
ADSK,"Autodesk, Inc.",,,US0527691069,0.11472999,0.21078,0.29228002,1.09518,0.596,1.1571768959000905,0.023468041471002496,0.00486079069828756,-0.137160871789897,,599706207.0,45342547968.0,28.322454,15.278825,13.40273,-0.007729598400870021,-0.04216335540838857,0.021421874925915074,0.04999518501079084,-0.10525013854177409,1.1018667895828533,-0.008988246139663465,0.4421243143581472,216.95,,,1.5,Buy,1.8537062895870593,Technology,
AEP,"American Electric Power Company, Inc.",,,US0255371017,0.029790001,0.13781999,0.23251,1.6078899999999998,-0.432,1.0012524551929922,0.0048605069725332385,-0.13937598678439855,-0.30426574690228353,0.031200000000000002,475724400.0,65327685632.0,21.08963,17.500772,2.0363488,-0.013320199884862766,-0.005057628780902337,-0.027000744195368916,-0.037458877336444735,-0.03469897494946921,0.44166666666666665,0.075,0.19645833333333323,120.0,,,2.0,Buy,1.2050685535472376,Utilities,
AEVA,"Aeva Technologies, Inc.",,,US00835Q2021,-0.51715,-1.50116,-5.63233,3.71853,,0.584281159918294,-0.27269361508148626,-0.28332714142488535,-0.005922669005453953,,20460260.0,1031645248.0,,-9.20398,36.90773,-0.029508196721311428,0.04298805057471486,-0.04639178070407212,-0.052496792033729985,-0.4140934336541318,1.8378378378378377,0.35135135135135126,1.027027027027027,14.8,,,,,,Technology,
AFL,Aflac Incorporated,,,US0010551028,0.0313,0.26908,0.25722998,0.5336500000000001,0.468,2.304143841616782,0.0473429273839696,-0.05981542261073015,0.06272263034153017,0.0209,281510456.9,58321264640.0,12.576217,15.425436,1.9275252,-0.002315595863245406,-0.010378588005826262,0.00910826883953518,0.013857435644353698,-0.0769313712693999,0.18628040918077884,-0.14897274993552823,0.018940342130147066,116.33,,,,,0.8152908611464856,Financial Services,
AHR,"American Healthcare REIT, Inc.",,,US3981823038,0.02095,0.048309997,0.0683,0.41888,1.575,2.6164184687460716,0.10408322616867219,-0.031253971020529354,-0.174599344627566,0.018799999999999997,147772761.5,11368636416.0,77.83582,52.67677,2.7480636,-0.018814703615615207,-0.017705785456511653,-0.026689096345380626,-0.03012833260130216,-0.0467921609817613,0.41898370086289555,0.05465004793863857,0.23489932885906054,52.15,,,1.4,Strong Buy,1.4776118581302538,Real Estate,
AIQ,Global X Artificial Intelligence & Technology ETF,,,US37954Y6326,,,,,,-0.3066866708714611,-0.3751091351586832,-0.4247581381131518,-0.5300176677711619,0.0007000000000000001,61047270.9,,24.223663,,,-0.0037284874373378777,0.018583242257636683,0.0023444898223958987,0.0003119542888477798,0.035189656339192334,,,,64.13,,,,,,,
AKAM,"Akamai Technologies, Inc.",,,US00971T1016,0.025150001,0.09507,0.076290004,1.96672,-0.268,0.38661786395773245,-0.22318588394251374,-0.056796906084382356,-0.0679383999499114,,358506735.59999996,15021259776.0,38.71111,14.49193,3.1605685,-0.023907375674999804,-0.008349160466215392,-0.021256680363950516,-0.05625282167042893,-0.11834671185653575,0.8656716417910448,-0.1102181400688863,0.4668339073861462,104.52,,,2.1,Buy,2.6712183953414073,Technology,
AKR,Acadia Realty Trust,,,US0042391096,0.011779999,0.13208,0.29906,0.63176,4.001,0.4415856400063804,0.07356739467502561,0.07539658905651425,-0.01285172978184351,0.0414,28380738.400000002,2810945536.0,55.085716,56.705883,1.1331179,-0.0015535715573318696,-0.018329908392878035,-0.024785050400504556,-0.0407960381048394,-0.06904872755618799,0.3485477178423236,0.19294605809128623,0.28186151452282143,19.28,,,1.3,Strong Buy,0.9714285905749849,Real Estate,
ALAB,"Astera Labs, Inc.",,,US04626A1034,0.10672,0.30742002,0.22744,0.02574,1.862,0.6221389966497926,-0.18044578830207494,-0.10955292163335009,-0.2997023026698373,,1242997490.0,52609355776.0,145.0957,47.431133,30.48658,0.03300859286685391,0.20079990521109956,0.04130897166702453,0.009017073860477585,-0.08521870286576169,0.6488046166529267,-0.3734542456718879,0.2859116240725474,303.25,,,1.8,Buy,3.0590814687053753,Technology,
ALB,Albemarle Corporation,,,US0126531013,0.03165,0.03795,0.2771,0.18975999999999998,,1.1302185657707002,0.0376831075354451,0.007219736393564529,-0.03581595651961412,0.0143,327263246.09999996,13087941632.0,426.57697,9.817434,1.6276784,-0.035984380199410713,-0.022388691199357023,-0.05624571844689884,-0.11616514338883155,-0.11271203910337821,1.028671896131999,-0.24912090884500943,0.5558921648183212,110.91,,,2.0,Buy,43.45096386693305,Basic Materials,
ALGM,"Allegro MicroSystems, Inc.",,,US01749D1054,0.02974,0.01501,0.09824,0.31472,,0.1989866912906354,-0.2650324670936828,-0.2751948902718638,-0.41772183114226086,,71216827.0,6356309504.0,487.14282,23.100164,6.5893717,0.0299003132406746,0.025255613976473475,-0.06086481106323095,-0.04854911119363512,-0.1967966428149634,0.8181818181818181,0.40762463343108496,0.6075712609970674,34.1,,,1.3,Strong Buy,21.088284048546146,Technology,
ALGN,"Align Technology, Inc.",,,US0162551016,0.07556,0.09991,0.18247,0.02855,-0.121,0.6233323600651538,-0.0004694835680751594,-0.11924066924066924,-0.21192450859473091,,137948925.5,10486193152.0,25.987677,11.763112,2.484724,-0.014027163313677525,0.004149659863945671,-0.021283696912427295,-0.03472402715489728,-0.126981320076561,0.6259061039224983,0.1516834902784363,0.41318338865930476,147.61,,,1.9,Buy,2.20925185444124,Healthcare,
ALNY,"Alnylam Pharmaceuticals, Inc.",,,US02043Q1076,0.123430006,0.16126,0.17928,2.2062299999999997,,0.4863839204067449,-0.2847977653015979,-0.3497982475360217,-0.20605536226525498,,370273518.4,32055312384.0,42.702316,19.208626,23.660246,-0.024235243533722063,0.005414008076585079,-0.03667360843005782,-0.07147286821705426,0.10845828897091427,1.2374352980464185,0.06862581399231925,0.5501496493571548,239.56,,,1.7,Buy,2.2230801932423487,Healthcare,
ALSN,"Allison Transmission Holdings, Inc.",,,US01973R1014,0.084580004,0.120170005,0.19093001,2.11925,-0.061,1.628594032549729,-0.39592240399814427,-0.42813873862233814,-0.5036786799628256,0.0097,73003653.0,9669888000.0,18.948221,10.364987,4.891395,-0.022211106285758453,-0.043300665521301795,-0.07751695487754748,-0.0861557627769139,0.009666173077947718,0.5798462852263023,-0.10333048676345,0.19043552519214357,117.1,,,2.4,Buy,1.8280988678519328,Consumer Cyclical,
AMAT,"Applied Materials, Inc.",,,US0382221051,0.15482001,0.30052,0.33736,0.28666,0.428,0.6916275486617004,-0.29704785500590547,-0.2967690929485781,-0.3342939219019733,0.0051,2925506222.1,352809615360.0,35.96845,24.089682,13.767613,0.0650934511279696,0.05555947913248258,-0.026112270782224476,-0.05178629793630618,-0.15628008383179848,1.024428099062015,-0.1947274894842207,0.4415855770744766,444.57,,,1.4,Strong Buy,1.493106052624522,Technology,
AMD,"Advanced Micro Devices, Inc.",,,US0079031078,0.05128,0.15577,0.1725,0.06361,1.595,0.28681702296720685,-0.08756833038479207,-0.10306022304567496,-0.3619078521500795,,12850192253.000002,913892179968.0,138.91315,35.95345,13.590833,0.027023009812720294,0.11031334082977073,0.08464920602147007,0.07430440650189019,0.1441710296695005,1.2328605623236037,-0.34800471580150766,0.10126111964560035,559.82,,,1.5,Strong Buy,3.8636945828564437,Technology,
AMGN,Amgen Inc.,,,US0311621009,0.08667,0.22951001,0.35548002,4.90281,0.649,2.3355388783689226,0.07984597016461276,0.03899775846537405,-0.02827430430869768,0.0265,1410777117.0,208494723072.0,23.587154,15.803838,17.83765,0.0154563200789159,0.0266205411047371,0.021995478368184992,-0.014363455341512335,-0.041858123497617174,0.18501231686762615,-0.41656942823803966,0.0052889148191365256,385.65,,,2.6,Hold,1.492495303988816,Healthcare,
AMH,American Homes 4 Rent,,,US02665T3068,0.021930002,0.25530002,0.25921,0.68848,0.106,2.40365572415165,0.7733897156211269,0.48554770848985723,0.01829230674316745,0.042199999999999994,85698023.4,12716710912.0,24.816,45.871967,1.6396215,-0.008312042229478319,-0.01897535810590274,-0.004223339987390715,-0.0276970595623977,-0.0927047822496667,0.3539651837524178,0.06382978723404256,0.19937298517085744,31.02,,,2.1,Buy,0.5409839957375274,Real Estate,
AMP,"Ameriprise Financial, Inc.",,,US03076C1062,0.022750001,0.199,0.30719998,0.67578,0.117,1.4364233175121814,0.0804377666481173,-0.027527228404041947,-0.3746401384825338,0.0125,347277096.70000005,48082419712.0,13.192681,10.535054,7.5628705,-0.0025105592383814074,-0.02683524535129906,-0.023815903051287148,-0.013680518982411122,-0.027669620809475104,0.18494295739716707,-0.10164789741517101,0.06452795179394855,544.33,,,2.5,Buy,1.252265152129263,Financial Services,
AMPX,"Amprius Technologies, Inc.",,,US03214Q1085,-0.08550999,-0.33401,-0.12629,0.05076,,-0.16759043951163752,-0.24036641899370853,-0.281042341958432,-0.2634741842332644,,42596955.0,1387765888.0,,95.0,11.046512,-0.004192868135531716,0.037117921206510474,0.00635597693684039,-0.037487324199510216,-0.15102767147069113,2.1578947368421053,0.8947368421052632,1.4210526315789473,9.5,,,,,,Industrials,
AMT,American Tower Corporation,,,US03027X1000,0.04893,0.31083,0.45411,4.38721,1.385,0.31512617095965123,-0.13207022492664225,-0.17605358157624176,-0.42524460207815656,0.0398,411742807.79999995,81067728896.0,24.163889,24.81869,21.793812,-0.009112665533482793,-0.020989289139316292,-0.021759943608116273,-0.008265363599832362,0.016238335872156954,0.4944246465110933,0.08058397516955979,0.23977267502011734,173.98,,,,,0.9736166171542495,Real Estate,
AMZN,"Amazon.com, Inc.",,,US0231351067,0.06589,0.1744,0.13689,0.45616999999999996,2.423,0.15823751294544103,-0.2682789966366152,-0.3019199469372174,-0.44603453685387495,,8426132795.7,2736595664896.0,20.19984,24.453907,4.959536,0.01003223668976071,0.021294589284462817,-0.011955755097325705,0.005190198633891012,-0.06813343532013301,0.5963107484923731,-0.09345315517717082,0.29369910527767923,253.71,,,1.3,Strong Buy,0.8260373281046663,Consumer Cyclical,
AN,"AutoNation, Inc.",,,US05329W1027,0.05435,0.02822,0.04449,5.0158499999999995,1.385,2.38095399328089,1.4351174148184376,0.8561205505541692,-0.0751683303397034,,128381709.39999999,5563802624.0,8.110361,6.7364583,2.4678485,-0.037683009485438235,-0.1734688890745767,-0.17371237043758123,-0.19547755094895114,-0.20366252523606432,0.7826371145047241,0.24784598015330686,0.4771129003505853,168.29,,,1.7,Buy,1.2039503013029857,Consumer Cyclical,
ANET,"Arista Networks, Inc.",,,US0404132054,0.14119,0.38371,0.45393002,,0.357,0.5165045780251433,-0.22826802208367372,-0.2559980237078105,-0.3520015575293704,,925038002.5999999,251475591168.0,63.298412,38.639374,16.993948,-0.000701642761255882,0.03396600179680862,-0.0010020358813578017,0.03348368615280453,0.03676160777106478,0.44942073323637105,-0.07217011886253065,0.20886739555644723,199.39,,,1.3,Strong Buy,1.6381842003962073,Technology,
AOS,A. O. Smith Corporation,,,US8318652091,0.1254,0.13149,0.18929,0.36766,-0.15,1.1124779566061218,-0.22644632621513294,-0.16723940948497956,-0.30941263091256904,0.0253,85438668.0,7739993600.0,15.86351,13.93678,4.202332,0.00035130326219940885,-0.004718651082541944,-0.0076668303594336394,-0.015217046570835903,-0.09588826031944012,0.4749780509218612,0.03599648814749775,0.2275520632133451,56.95,,,2.5,Hold,1.1382478592616083,Industrials,
APD,"Air Products and Chemicals, Inc.",,,US0091581068,0.047319997,-0.00375,0.25536,1.1009099999999998,,1.211759797604271,0.1610825575508879,0.016120543459191807,-0.2927646373234608,0.0253,336420809.40000004,63282774016.0,,19.684336,4.5580378,-0.0067803549220421325,-0.021957590901022655,-0.024877304525917247,-0.03746101680058676,-0.05248070393117303,0.31254838482651837,0.10493349285664014,0.21438968259553798,284.18,,,1.9,Buy,,Basic Materials,
APH,Amphenol Corporation,,,US0320951017,0.14473,0.17729001,0.29779,1.20415,0.593,1.3005874813451972,-0.3389677618138803,-0.25354187639167886,-0.27133335937416236,0.0064,954416380.5,191235735552.0,39.166668,23.687853,12.340866,-0.010463222123822077,-0.0012878496318584226,-0.07590560424133255,-0.04659449850657459,-0.09090909416133322,0.48291424887169576,0.09606705351386206,0.2800091553836234,77.55,,,1.5,Strong Buy,1.6534494704944345,Technology,
APLE,"Apple Hospitality REIT, Inc.",,,US03784Y2000,0.03275,0.12166,0.22447,0.51367,0.046,0.8273766943662342,-0.019621484165281557,-0.09724821654697548,-0.15449019666226144,0.0616,37710766.8,3678168576.0,21.054054,21.430536,1.1710764,-0.0006414465997442957,0.009067384936627294,0.0019292481605891901,0.0032195922658424052,-0.02090827927151678,0.18741976893453144,0.0269576379974326,0.10184017971758663,15.58,,,2.5,Buy,0.9824324505929297,Real Estate,
APP,AppLovin Corporation,,,US03831W1080,0.4646,0.64575994,0.77678,1.1113,0.57,0.8900399981838978,-0.16215686802625817,-0.2025932522095362,-0.09696254803235199,,1365482111.2,103489527808.0,24.684296,14.685756,32.65423,-0.0421020082293077,-0.07059672979642087,-0.04908010826788435,0.009834139072364063,-0.08225344035289726,1.5644354995780043,0.0549892878010777,0.6293433097448549,308.06,,,1.6,Buy,1.6808325019154615,Communication Services,
ARE,"Alexandria Real Estate Equities, Inc.",,,US0152711091,0.00928,-0.36078998,0.17282,0.6867,,1.1862308699381519,0.28395118913438433,0.19300965734086242,0.037949969074719425,0.051100000000000007,104578331.0,9172678656.0,,-65.80247,0.5850521,-0.05395811402830207,0.0069903588265809126,0.04223700891926054,0.0588001557099705,0.09942245262532294,0.12570356472795502,-0.11819887429643522,-0.005628517823639722,53.3,,,2.9,Hold,,Real Estate,
ARM,Arm Holdings plc,,,US0420682058,0.05415,0.20247999,0.07603,0.0562,1.083,0.33719248364999643,-0.19682796173025752,-0.10708481091125771,-0.4061785637814738,,1203178211.1000001,294351077376.0,270.20587,90.22312,34.105923,0.04043037504825619,0.13968489398823408,0.040862536749540976,0.04306849540365313,-0.03861445848542618,0.814157686586118,-0.5464605783534705,0.047512789811690326,275.61,,,2.0,Buy,2.994862846684974,Technology,
ASML,ASML Holding N.V.,,,,0.16454001,0.30114,0.37057,0.09092,0.285,0.5629311322061794,-0.11645616839275617,-0.12269848277302192,-0.41367408229304903,0.005600000000000001,2429349111.2000003,645257297920.0,55.552914,28.303585,1432.0648,0.03083443562172628,0.0555709280773995,-0.010822615733190186,-0.02867848823437902,-0.014345473803947316,0.6942415115005476,-0.470907721796276,0.2723141578170388,1679.92,,,1.4,Strong Buy,1.962751856346113,Technology,
ASTS,"AST SpaceMobile, Inc.",,,US00217D1000,-0.07643,0.0,-5.44626,1.24865,,0.4915394029453166,-0.4166023531817218,-0.45933403311177873,-0.40964041923215105,,491299393.20000005,22774081536.0,,-45.393196,9.26096,-0.06681548629634919,-0.004253878778567255,-0.022385576289483594,-0.06247994686558009,-0.13123516226621101,0.845522898154477,-0.27375256322624747,0.3603610731373888,58.52,,,2.6,Hold,,Technology,
ATO,Atmos Energy Corporation,,,US0495601058,0.03893,0.28496,0.37223998,0.6766200000000001,0.233,0.999020421446587,0.19709421185749024,0.09598713819450798,-0.12205365145803718,0.024700000000000003,172833857.0,27088867328.0,19.313253,17.770357,1.7753512,-0.010677027663582946,-0.010738048372171264,-0.017709433164840478,-0.03775734723670177,-0.062294799849687485,0.28509045539613215,0.06051154086088576,0.16372713661883953,160.3,,,2.7,Hold,1.0868241420248337,Utilities,
ATR,"AptarGroup, Inc.",,,US0383361039,0.06141,0.09217,0.12494001,0.5278,-0.186,0.8442833219152013,0.12047295134658266,0.0871438685272149,-0.15064161232505816,0.015300000000000001,58841454.0,7912035840.0,22.666668,19.698788,3.0112522,-0.00844621513944225,-0.0019249302581676405,-0.0032040720091660478,0.019081151240702848,-0.08351744646668792,0.7679202828672453,0.2455801992928319,0.3672681613629059,124.44,,,,,1.1506630763273356,Healthcare,
AVB,AvalonBay Communities Inc,,,US0534841012,0.02628,0.33321998,0.30628002,0.75129,-0.413,,,,,0.000387,1313611187.84,26283393024.0,25.248285,36.584446,2.1691887,,,,,,0.22242746930348797,0.0268390742149299,0.09587031402803438,184.06,,,,,0.6901371418881128,Real Estate,
AVGO,Broadcom Inc.,,,US11135F1012,0.15369001,0.42944,0.54307,0.59604,2.153,0.9331942821202784,0.06393526302705077,0.12126891997175278,0.06876541992752282,0.0075,10132693392.800001,1707097718784.0,44.258663,18.448807,17.125275,0.029686186494130348,0.05405727467863087,-0.012099755110739682,-0.018579518063813007,-0.14970161026171955,0.9993848046754844,-0.3963256061072118,0.48722574872067337,357.61,,,1.3,Strong Buy,2.398998645278256,Technology,
AVT,"Avnet, Inc.",,,US0538071038,0.03936,0.0121,0.03852,0.6920499999999999,19.689,1.2771510222153222,0.14916232262685197,0.3063011614865997,0.0762906882894486,0.0159,137571750.0,7888854528.0,23.217392,8.701265,1.5708706,0.032216464400051666,0.03756477367529453,-0.03523032570692506,0.04774364768063994,-0.003033507623462055,0.24843945068664164,-0.16770703287557223,0.10538909696213061,96.12,,,,,2.668277773404212,Technology,
AXON,"Axon Enterprise, Inc.",,,US05464C1018,0.00509,0.06191,0.0517,0.50363,-0.182,0.22149647168600917,1.2826577140209776,0.6063391479627123,0.03423774949258254,,529167245.59999996,36374867968.0,188.92828,42.345898,9.898968,-0.012657111356119095,0.012848384003481391,-0.06588224763040562,-0.08620408163265308,-0.1429774888624221,0.8536716097909595,-0.017330712881900998,0.5772076558870824,447.76,,,1.7,Buy,4.4615485542424915,Industrials,
AXP,American Express Company,,,US0258161092,0.037920002,0.16141,0.2032,1.7238,0.11,1.0313941327575653,0.3520452663039195,0.11851498754445208,-0.23077734721239565,0.012199999999999999,967219326.4,210399526912.0,18.870987,15.493029,6.1348825,0.0012532909838248187,-0.03966955265027811,-0.04043857939166358,-0.031820970110032085,-0.09060130049775006,0.444344588522275,0.011041211965592495,0.20668763641032226,311.56,,,2.3,Buy,1.218030831801838,Financial Services,
AYI,Acuity Inc.,,,US00508Y1029,0.07834,0.10253,0.16052,0.28206,0.462,0.7437058709217714,0.40203122279612324,0.09744297233652857,-0.44682441340055107,0.0026,88285573.6,9069273088.0,19.879265,13.966078,3.1767468,0.01141747799130883,0.010405561967101323,-0.05016300440091892,-0.0556109366328342,-0.1513725490196079,0.5348560866120942,0.18167414840242943,0.3146478082915238,302.96,,,,,1.4233963894516415,Industrials,
AZO,"AutoZone, Inc.",,,US0533321024,0.11389,0.12399,0.19082001,,0.077,0.5862841015992476,0.0288091441074811,0.19916385046859203,0.025977350294756483,,970148678.6999999,46613950464.0,19.568981,16.344307,-16.784983,0.003867349613666383,-0.0017271217550913571,-0.007452854784044513,-0.01912076430306863,-0.0698164948775026,0.6810784118011705,0.12071894120078032,0.36682027520654503,2855.31,,,1.5,Strong Buy,1.1972964653686449,Consumer Cyclical,
BA,The Boeing Company,,,US0970231058,-0.01984,0.025910001,4.0000003e-05,7.90875,,0.7163717763726538,0.7067307827104945,0.28129195907668897,-0.1445918440891185,,1259507486.0,156651339776.0,71.03943,48.455154,25.686884,0.006091370558375577,-0.05479518483298657,-0.058208586960706625,-0.039821714183998935,-0.14638874234037585,0.5388496468213926,0.24117053481331996,0.38671120080726545,198.2,,,1.5,Buy,1.4660861463777413,Industrials,
BAC,Bank of America Corporation,,,US0605051046,0.00969,0.29524,0.38305,,0.341,0.6034605915179769,0.4353621993555343,0.4720458007532926,-0.05541028009488736,0.022000000000000002,2332928184.6,403691372544.0,13.425581,10.909805,1.4673885,-0.007734621911573824,-0.03007393219080849,-0.07911945661769064,-0.07882556746895229,-0.07897553434649698,0.3164732374848433,0.07396500952710901,0.19274450025983034,57.73,,,1.5,Buy,1.23059770545853,Financial Services,
BAI,iShares A.I. Innovation and Tech Active ETF,,,US09290C7801,,,,,,-0.4944960691619696,-0.20636116984507014,-0.34233922983257753,-0.3919904868188846,0.0134,101258950.8,,34.48729,,,0.019652124084940145,0.061618050659215044,0.014154160912695722,-0.00419152489256068,0.027777820626534534,,,,45.14,,,,,,,
BALL,Ball Corporation,,,US0584981064,0.046329997,0.0661,0.09232,1.31495,0.092,0.869479312562212,-0.07436048210237467,0.03614631834115139,-0.1935184811160141,0.0132,124910497.5,15921907712.0,17.434782,13.299373,2.7699747,-0.009876543209876567,-0.014096022704358476,0.00417359712441884,-0.0023221249527513067,-0.0441683671697222,0.3133832086450541,0.04738154613466337,0.20650756442227777,60.15,,,1.7,Buy,1.3109476664802167,Consumer Cyclical,
BC,Brunswick Corporation,,,US1170431092,0.033800002,-0.01528,0.06804,1.3648099999999999,0.875,0.5628276272585879,0.13541934547528542,0.10934802804487812,-0.04172370282567962,0.0259,53179413.0,4377066496.0,,12.474032,2.6092165,-0.0041279938595917415,-0.018168648202202053,-0.04482467712083575,-0.047652619351943586,-0.1641087016717895,0.7764618800888232,0.12509252405625468,0.34279615099925975,67.55,,,2.0,Buy,,Consumer Cyclical,
BDX,"Becton, Dickinson and Company",,,US0758871091,0.0434,0.0419,0.15732999,0.6884,-0.314,2.260766028424521,-0.04285816073048106,-0.10534511808070579,-0.2249199499104806,0.0232,393929902.2,49285672960.0,31.358753,13.612198,2.0185862,-0.0024258731445992864,-0.026785704700900415,0.017374156820022125,0.0063403611173133406,0.02788184244567229,0.2435061346302642,-0.06046203161268928,0.08138979772300217,180.94,,,2.1,Buy,2.3037244242259773,Healthcare,
BE,Bloom Energy Corporation,,,US0937121079,0.05599,0.07868,0.17106001,1.71578,,3.7350866479158635,-0.18017578834827744,-0.1468589832999739,-0.2972649163274442,,3990376205.2999997,78235303936.0,368.93054,53.89443,48.340313,-0.053889475848983445,0.024214358005365946,-0.03669990933816865,-0.013554659818193312,0.1601589457147402,0.4682076572676279,-0.6348304031924105,0.054995520084327745,265.63,,,2.2,Buy,6.8454298523984765,Industrials,
BEN,Franklin Templeton Inc.,,,US3546131018,0.02638,0.08717,0.12979001,0.24805,1.067,0.9102681041769279,-0.34108937070333156,-0.36637976462322147,-0.3614188149838603,0.039900000000000005,112532740.5,16771617792.0,22.45578,10.379785,1.4272125,-0.0018143240211039762,-0.008410961484736574,-0.019019360976453684,-0.03253220886966341,-0.02911764705882359,0.24204786428355052,-0.2123598909421387,0.07290730081793413,33.01,,,2.8,Hold,2.163414752810391,Financial Services,
BF-B,Brown-Forman Corporation,,,US1156372096,0.08627,0.18416001,0.27552,0.61502,0.057,2.358617452194416,0.018096030294143216,0.07670972510647277,-0.187853388705435,0.0349,77914162.2,11902939136.0,17.06579,15.135513,2.9978044,-0.021132075471698066,-0.009167314834917398,-0.010678845182573301,-0.00803057826362121,-0.07461223312234308,0.34926754047802616,-0.22898997686969935,0.08939167309175014,25.94,,,3.2,Hold,1.1275329749312097,Consumer Defensive,
BIDU,"Baidu, Inc.",,,US0567521085,0.01195,-0.02895,0.096540004,0.38258000000000003,-0.717,-0.06692868549389194,-0.24081070439524405,-0.2423438794910544,0.33507722128902184,,254074732.50000003,30666000384.0,,11.620922,0.75350726,-0.0011107273203680606,-0.0050890518061128594,-0.01608316741069949,-0.0228186331321487,-0.17744444805766205,1.3020495941287669,-0.10584999444012015,0.6324474591348827,89.93,,,1.6,Buy,,Communication Services,
BIIB,Biogen Inc.,,,US09062X1037,0.052059997,0.083229996,0.25058,0.44329,-0.848,1.469020364014098,-0.32436140722197815,-0.28589978054133136,-0.47460099927922456,,199408615.0,31840987136.0,38.89892,13.03229,1.6887391,-0.016206359289203054,-0.003099404055236577,-0.007598406368231025,0.022635620790446273,0.044696535171923235,0.39211136890951276,-0.18793503480278423,0.10525266821345708,215.5,,,1.9,Buy,2.984810804547781,Healthcare,
BKNG,Booking Holdings Inc.,,,US09857L1089,0.2038,0.25527,0.34412,,1.3,1.882399750359335,0.17861778264174766,0.1573038327924672,-0.15256895015213626,0.009899999999999999,1522730433.0,126156775424.0,18.928974,13.5680275,-11.802334,-0.015364791266804253,-0.0199626849054849,-0.03461360529165542,-0.029547987943758083,-0.18845900873280058,0.7927337701012507,0.1197141155449672,0.42217855866587256,167.9,,,1.5,Buy,1.3951161287077285,Consumer Cyclical,
BKR,Baker Hughes Company,,,US05722G1004,0.04853,0.111669995,0.1283,0.80925,-0.042,1.5221129085882252,0.1042728019426032,0.14646171390110213,-0.2939366175527382,0.0163,561639102.5,56830590976.0,18.174603,18.402916,2.8536537,0.012020511027826588,0.009344124962808047,-0.030646822404402467,-0.10040853945526314,-0.08429303293629853,0.4847161572052402,-0.1091703056768559,0.2629580786026201,57.25,,,1.7,Buy,0.9875936509192348,Energy,
BLK,"BlackRock, Inc.",,,US09290D1019,0.03737,0.24089001,0.35079,0.23192000000000002,0.196,0.5855835795119971,-0.19794319707616065,-0.24930697785186953,-0.33990690083023145,0.0217,592262301.4,173813792768.0,25.254486,16.634682,2.8780427,0.015010094926592856,0.01050381185772152,-0.009141873932174544,-0.002098849132379977,-0.04784393469225805,0.39094019331077423,0.11237824599450356,0.23699498962403487,1069.78,,,1.5,Strong Buy,1.5181826740060314,Financial Services,
BMI,"Badger Meter, Inc.",,,US0565251081,0.10583,0.14269,0.17724001,0.03438,-0.128,1.5978814231822605,-0.14278985167970545,-0.20673781326856464,-0.419668857064086,0.0138,53746558.4,3848293888.0,29.833708,26.722704,5.6354527,0.04027579644881038,0.052731737034838876,0.06097660764052807,0.03856683171655578,-0.02905750757007473,0.2805061765592047,-0.15637240132570046,0.18823440795420315,132.76,,,2.1,Buy,1.1164180091954767,Technology,
BMRN,BioMarin Pharmaceutical Inc.,,,US09061G1013,0.03257,0.02142,0.21162,0.66473,-0.813,1.302379288420411,-0.05775910023986824,-0.1393393376356287,0.26328864502017585,,132949802.6,12377106432.0,177.6111,9.658975,1.9575067,-0.017516929916721467,-0.007913063962621328,-0.026492087349132765,-0.007297060012214647,0.04035146359372291,0.9393181107288083,-0.06162026900218952,0.42922458554895215,63.94,,,1.7,Buy,18.388193364202724,Healthcare,
BMY,Bristol-Myers Squibb Company,,,US1101221083,0.10719,0.18871,0.34418,2.01859,1.531,2.4906561159274836,2.5893341434194785e-05,-0.1461297583510449,-0.36201780592139415,0.0401,692787249.6,128813588480.0,13.859341,9.605719,5.7720823,0.003500952369158318,-0.010513095042348012,-0.00911375542443479,-0.02095953400641619,-0.016991449726453767,0.30034887408816996,-0.36568347605455126,0.0578549000951475,63.06,,,2.5,Buy,1.4428218231243284,Healthcare,
BNL,"Broadstone Net Lease, Inc.",,,US11135E2037,0.026630001,0.3061,0.46188998,0.8932599999999999,0.957,1.613657522343595,-0.06154088511535188,-0.2146952849254802,0.029914206983874366,0.060899999999999996,32282880.0,4087614976.0,25.263159,26.230583,1.2782956,-0.0010405470379281918,-0.03855780369704735,-0.05974535121134855,-0.07291159590657734,-0.09262759270065969,0.35416666666666674,0.041666666666666706,0.234375,19.2,,,1.8,Buy,0.9631184712897919,Real Estate,
BR,"Broadridge Financial Solutions, Inc.",,,US11133T1034,0.09295,0.15037,0.24609,1.23939,0.084,1.6931533481232042,-0.27068455804786573,-0.35432911422296737,-0.07331458503245503,0.0265,198114859.79999998,18600376320.0,17.117525,14.092307,6.546936,-0.007181532323819563,-0.04182085168869312,-0.02748304126740916,-0.02956576991707609,-0.0037344573580635454,0.5325200760129958,0.07889413351314906,0.3080058848770919,163.13,,,,,1.214671593515526,Technology,
BRK-B,Berkshire Hathaway Inc.,,,US0846707026,0.060100004,0.22296,0.32561,0.17142,1.078,1.8897081272156913,0.168261815379727,0.049031103120386624,-0.04476083180479661,,2542844909.4,1091269558272.0,12.805074,22.970331,0.0009761484,0.0011193789852797281,-0.013526607387431774,-0.001175608133173565,0.006019100828760108,-0.028287653239420597,0.1848480687368814,0.0004511838672342786,0.07434078113659104,509.77,,,,,0.557461448857659,Financial Services,
BRO,"Brown & Brown, Inc.",,,US1152361010,0.05381,0.18084998,0.41838002,0.63975,0.071,1.4779852487889167,-0.10391780655547508,-0.1309186991090182,-0.3871553852147571,0.0101,150414017.0,21756364800.0,20.77316,13.4752,1.7052189,-0.0015356686480988225,-0.03287227795007502,-0.01767642239388013,-0.02269650995043709,-0.08442654759690887,0.38418948015995086,-0.07720701322669941,0.17656105813595824,65.02,,,2.8,Hold,1.541584540489195,Financial Services,
BRX,Brixmor Property Group Inc.,,,US11120U1051,0.03704,0.30822,0.36018002,1.76202,-0.141,0.9681663997535551,1.0653289089319196,0.8206600958146575,0.10612551323222519,0.043899999999999995,95339560.2,8601631744.0,20.02143,28.010954,2.8465524,-0.0007129852978435063,-0.011636128464366438,-0.024364759950909465,-0.03010379342608852,-0.07031507944787219,0.4983945772386728,0.1773100249732429,0.26451801641098815,28.03,,,1.5,Strong Buy,0.7147714426291942,Real Estate,
BXP,"BXP, Inc.",,,US1011211018,0.01683,0.09304,0.28755,2.11631,-0.232,2.6839133976664464,0.013488738751040029,-0.08116365251192045,-0.2031282143369073,0.0438,98890108.2,11426026496.0,34.33152,28.418854,1.9547591,-0.011888007219581538,-0.01049498983374813,-0.023647558275252032,-0.017421074810668406,-0.08196479812095799,0.4405572265315814,-0.050182048440715554,0.21180940319772035,63.17,,,2.1,Buy,1.2080543430780142,Real Estate,
C,Citigroup Inc.,,,US1729674242,0.0066299997,0.21832001,0.36229,,0.61,0.8878349527826177,-0.019696498899406646,0.02104197142672504,-0.32975239464602873,0.0202,1327456250.8000002,221035855872.0,14.307275,10.227978,1.1484426,-0.007008266538279649,-0.032312537476032355,-0.050785239535056446,-0.04375909229474347,-0.015319139231938521,0.33566062077862935,-0.021021476815663732,0.1755331259011914,131.77,,,1.7,Buy,1.3988370917497086,Financial Services,
CAH,"Cardinal Health, Inc.",,,US14149Y1082,0.037219997,0.00674,0.013300001,,0.688,1.1142305292607346,-0.10680136341008484,-0.13665927140125642,-0.26875732431894284,0.0091,407604237.59999996,52417916928.0,31.346315,16.010809,-18.21547,-0.004241390622174896,-0.031248631365617407,-0.03917810051272446,-0.06091666666666669,-0.05167046820199644,0.2955896707782412,0.04268346792084482,0.20213639187150592,225.38,,,1.5,Strong Buy,1.957822056337066,Healthcare,
CARR,Carrier Global Corporation,,,US14448C1045,0.02982,0.055180002,0.13069001,0.91998,-0.118,2.4612290837613733,0.5296050041663517,0.30069609171555417,-0.17884931846432378,0.0177,350968393.2,44414636032.0,39.04348,16.31042,3.3812363,-0.00937671254590046,-0.02988838473467245,-0.06230419668489122,-0.07023297168862719,-0.15759848700372697,0.6703786191536748,0.11358574610244984,0.44069710467705997,53.88,,,1.9,Buy,2.393775267589676,Industrials,
CASS,"Cass Information Systems, Inc.",,,US14808P1093,0.016280001,0.17076999,0.316,0.34393999999999997,0.243,0.5965796616395582,0.24680150073658008,0.05640864792203435,-0.07657316148597426,0.0231,4764569.600000001,699358272.0,20.051283,15.10069,2.8652186,-0.013160288527822564,-0.014226522540306744,-0.007973909074707056,-0.011913384615532888,-0.05225637318600681,0.11435878699305806,0.05955425648520274,0.08695652173913039,54.74,,,,,1.3278388603434679,Industrials,
CAT,Caterpillar Inc.,,,US1491231015,0.090299994,0.14511,0.22183001,2.32783,0.682,0.5970084351227269,-0.19208246955590144,-0.24261032054742135,-0.3394447204882231,0.008199999999999999,1996546870.5,371872366592.0,34.366608,24.986303,19.17356,0.013048314587591005,0.032480821255259695,-0.01170334514885823,-0.008055811440312484,-0.055976965952545754,0.5142337976983646,-0.2892371969987268,0.2059557472898305,808.99,,,2.1,Buy,1.3754178839502587,Industrials,
CB,Chubb Limited,,,,0.03358,0.18070999,0.23527001,0.30940999999999996,-0.007,1.441526114717952,-0.13061378882315214,-0.25702292184479425,-0.19896719103378324,0.011899999999999999,598361411.1999999,131418873856.0,12.12242,11.704559,1.74285,-0.0036852703099663456,-0.003568669642069701,0.007065779748706538,0.011992907948023008,-0.03491504520696851,0.24765147956787228,-0.10169093471113196,0.07419275481446698,340.64,,,2.5,Buy,1.0357007043153015,Financial Services,
CBT,Cabot Corporation,,,US1270551013,0.088970006,0.05228,0.14257,0.74394,-0.937,1.2743788808438234,-0.08679270550846914,-0.09433094627930932,-0.33942856316245196,0.023799999999999998,33696467.199999996,3998305280.0,21.75281,11.0836,2.4911537,-0.0015471578438756202,-0.022222184546198422,-0.028112453521542968,-0.024070554642090077,-0.11050253523299083,0.2913223140495868,0.007231404958677716,0.17940767045454553,77.44,,,,,1.962612328124436,Basic Materials,
CCI,Crown Castle Inc.,,,US22822V1017,0.04725,0.20716,0.46825,,-0.675,0.9126201681339123,0.2967118224879046,0.08761294908556415,-0.4016252670772537,0.0576,279258699.2,31927218176.0,30.065842,25.303217,-9.517978,-0.00922156066543135,-0.002593856655290071,-0.01980546207976322,-0.014068667977793319,-0.010647154261891684,0.6424856282507527,0.09499041883383517,0.29783739392280306,73.06,,,2.1,Buy,1.1882221142078495,Real Estate,
CDNS,"Cadence Design Systems, Inc.",,,US1273871087,0.10613,0.23605,0.28575,0.38661,1.254,0.7749796333493256,0.03264529036560574,0.04252999640761595,-0.016842639583969643,,822509117.9999999,77908672512.0,55.909092,29.63725,11.360533,0.007622133352115975,0.03263253330327164,-0.02235890115202628,-0.0059733171716704605,-0.16405653101124898,0.661364439731354,0.060445387062566365,0.4214070696359139,282.9,,,1.4,Strong Buy,1.8864466844933319,Technology,
CDP,COPT Defense Properties,,,US22002T1088,0.0343,0.20839001,0.32167,1.6415,0.192,1.5881891850740713,-0.290494243655859,-0.17840761522559662,-0.31161578451629235,0.0371,32441311.8,3982732544.0,24.04196,23.547945,2.5395184,-0.004632336748300817,-0.006358337682749842,-0.029635910136370777,-0.02134930388020823,-0.0760548012389923,0.2798138452588713,0.10529377545084344,0.18164630599185563,34.38,,,,,1.0209791130393757,Real Estate,
CDW,CDW Corporation,,,US12514G1085,0.06585,0.04597,0.07345,2.6327800000000003,0.049,0.5703538729876272,-0.34430070808529845,-0.2861323798934014,-0.176966267340483,0.0169,216656503.79999998,18276296704.0,17.54982,12.134438,7.5007696,-0.02017424269309043,-0.049108919106287986,-0.049417996085042444,0.026831530616181997,0.034643620224859596,0.16971065052329162,0.012381147821328424,0.08686565428551889,146.19,,,1.8,Buy,1.4462820610233453,Technology,
CE,Celanese Corporation,,,US1508701034,0.02565,-0.12037,0.11047,2.70205,-0.371,1.3555274933326389,-0.018205463759874016,0.011669705811461869,-0.2668358525902233,0.0026,94758409.3,4983698944.0,,7.3566103,1.1959757,-0.029908167746601176,-0.03833124044710003,-0.014753745939176634,0.02159728280276995,0.033219549754631136,0.8938559788592823,-0.009028848271305805,0.39254107024884394,45.41,,,1.8,Buy,,Basic Materials,
CEG,Constellation Energy Corporation,,,US21037T1097,0.03888,0.110810004,0.086619996,0.7641899999999999,-0.468,1.2372241756368123,0.041980397595591926,-0.005244527371219149,-0.17374015300555862,0.006500000000000001,738722677.5,90245636096.0,25.702322,19.140306,2.8301425,-0.030783821037853147,-0.01993156472535,-0.105496049165935,-0.13335941526033623,-0.022973787935349342,0.7313807859919124,0.1385497232146362,0.3674531820501746,254.71,,,,,1.342837570099454,Utilities,
CF,"CF Industries Holdings, Inc.",,,US1252691001,0.12934,0.27122,0.49325,0.40503999999999996,0.996,0.8632388405377778,-0.1632542331311089,-0.14864807562060126,0.07363859870978526,0.0179,337857167.0,19325878272.0,9.930016,11.949198,3.3678825,-0.04573312650769186,-0.0578426565920077,-0.040354753352759495,-0.07537470541124097,0.0996141471790725,0.5326546593578699,-0.23257635082223965,-0.019197963978073666,127.7,,,3.0,Hold,0.8310194541926579,Basic Materials,
CG,The Carlyle Group Inc.,,,US14316J1088,0.02031,0.13012,0.26855,1.97617,-0.575,0.7773323565433868,0.247322234090684,0.16742299151774015,0.08086257649431555,0.0349,136011982.0,14288945152.0,41.770832,7.8470664,2.7032492,-0.001742548472392647,-0.03186861968369137,-0.052905057735361784,-0.09090910348821238,-0.17375541497276417,0.8204488778054863,0.22194513715710718,0.45225162094763083,40.1,,,2.2,Buy,5.323114380681168,Financial Services,
CGNX,Cognex Corporation,,,US1924221039,0.07126,0.16051,0.29361,0.044480000000000006,0.792,-0.09463657322162582,-0.3387272035005366,-0.3073549953823872,-0.14884806569695164,0.005600000000000001,88721503.2,10355859456.0,58.628574,30.412016,6.3549085,0.011668061523138167,0.04074384466527342,-0.04142013656402106,-0.005010488722103486,-0.08509334805264661,0.4944769330734243,0.05588044184535409,0.3004000974658868,61.56,,,1.9,Buy,1.9278095210787736,Technology,
CHD,"Church & Dwight Co., Inc.",,,US1713401024,0.07873,0.119569995,0.18065001,0.55851,0.09,0.24171414665138394,0.08458184763080402,0.07683054761931508,-0.06345675670897827,0.0129,189282075.0,22475069440.0,30.466238,23.46848,5.167712,-0.0031562655668138286,0.002539391158023558,0.006372793036611612,-0.004622359807975543,-0.08050594313711132,0.21372031662269128,-0.17678100263852242,0.11206775725593668,94.75,,,2.2,Buy,1.2981768738324766,Consumer Defensive,
CHRW,"C.H. Robinson Worldwide, Inc.",,,US12541W2098,0.099580005,0.03726,0.05337,1.21188,0.238,0.15161143894689066,-0.2696832057960768,-0.286567106398542,-0.3957336886608387,0.016399999999999998,226249261.5,17877073920.0,29.308432,20.40079,11.0080595,-0.0053959646645268195,-0.029436051126573447,0.0013745334623709346,0.01688270590415255,0.047660462950162914,0.5491208575723903,-0.40518988169161385,0.3033531603372769,152.99,,,1.8,Buy,1.4366322088507357,Industrials,
CI,The Cigna Group,,,US1255231003,0.04462,0.022720002,0.03985,0.7429000000000001,0.102,0.41119602123677185,-0.2840558851593025,-0.25983135527952766,-0.2007769370910405,0.0226,398319148.79999995,72740118528.0,11.417668,8.229224,1.7032229,-0.0026086956521740117,-0.04714432047154898,-0.019518484025555036,-0.010389378035836337,0.005662025316878968,0.4530659691950016,0.053472827666376156,0.23278116826503942,275.28,,,1.7,Buy,1.3874537866510865,Healthcare,
CINF,Cincinnati Financial Corporation,,,US1720621010,0.06409,0.23843001,0.37202,0.05255,0.855,2.411824185857019,0.12183386496129439,-0.0723589109438628,-0.488625998503964,0.022099999999999998,121737460.0,25937790976.0,8.020883,18.712864,1.5550668,-0.0052971979329953225,-0.015553085556147624,-0.004711443094108535,-0.0012411010314674073,-0.0560768189378079,0.1834319526627219,0.047337278106508875,0.13412230769230776,169.0,,,,,0.4286293642704826,Financial Services,
CL,Colgate-Palmolive Company,,,US1941621039,0.15838,0.096829996,0.20966,13.88163,-0.055,1.3935968366723226,0.30065543183629023,0.23894542318384998,-0.11191671963257813,0.0242,480800722.5,69728706560.0,34.437008,21.292498,295.50674,-0.002963676587082291,0.0054022988505747,0.007718858579332942,-0.006361453902786809,-0.059462365591397864,0.25757402538013036,-0.0053732708357150894,0.13124499828512637,87.47,,,2.0,Buy,1.6173305734254384,Consumer Defensive,
CLIP,Global X 1-3 Month T-Bill ETF,,,US37960A4388,,,,,,-0.18338172375979417,0.5022489614668386,0.27885616242493555,0.02434991222937391,0.038,30592245.599999998,,,,,0.0001995487832097392,0.0005989188924080465,0.0005989188924080465,0.0009986080583289333,0.004401031810276877,,,,100.24,,,,,,,
CLX,The Clorox Company,,,US1890541097,0.08321,0.087349996,0.12885,22.214290000000002,-0.501,0.8767868963941047,0.22235883512032295,0.3935268313844549,0.1799639061560056,0.0588,281787114.0,10049367040.0,17.680851,13.273509,111.69354,-0.022352941176470655,-0.04658104051772046,-0.053099384945282026,-0.07275164635978211,-0.20387504939196902,0.8531889290012035,-0.07340553549939825,0.21257172081829123,83.1,,,3.2,Hold,1.3320404574253877,Consumer Defensive,
CMCSA,Comcast Corporation,,,US20030N1019,0.043080002,0.08966,0.17233999,1.00474,-0.668,1.088590312773648,-0.06136622737406489,-0.0967985298030573,-0.4136910970046454,0.0576,731693155.1999999,80696000512.0,7.335484,6.3516006,0.89842355,-0.007420333851783677,-0.0687960717053736,-0.0976190749389687,-0.07523384063066772,-0.0965435069101415,0.9349164467897978,-0.0765171503957783,0.30884696569920844,22.74,,,2.6,Hold,1.1549032223468207,Communication Services,
CME,CME Group Inc.,,,US12572Q1058,0.01481,0.63443,0.65036005,0.14587,0.025,0.3619458082234843,-0.24946763184910847,-0.336888339963606,-0.4169656059571252,0.0192,505708282.09999996,99247472640.0,22.981682,21.352411,3.7391622,0.017923681404805773,0.003344373384553517,0.0017057103887020174,0.004768794083567246,0.04912864269997255,0.19560885475163947,-0.1666968588094634,0.027499003659287823,276.01,,,2.6,Hold,1.0763038422218456,Financial Services,
COF,Capital One Financial Corporation,,,US14040H1059,0.01523,0.21867001,0.33629,,,1.1923624399875072,0.07056486310786728,-0.07542795759581601,-0.2974149234529169,0.0158,743490976.9,124187738112.0,11.134763,8.420437,1.2059526,0.0019303441240708197,-0.0213681700415502,-0.02818052311933593,-0.03997913585293668,-0.07661428433017908,0.4819937756261423,0.057155559946648185,0.2758619769796966,202.43,,,1.5,Buy,1.3223497782834785,Financial Services,
COHR,Coherent Corp.,,,US19247G1076,0.03393,0.11309,0.118269995,0.31611999999999996,,0.670485017486843,0.011138867961105142,0.19240971124305017,0.3778095388694943,,2229733276.8,62149316608.0,71.963715,22.741163,5.6976657,0.07223457064693288,0.17033589366464028,0.03926386047919109,0.045736089729801636,-0.05044581760254845,0.5754978573229139,-0.11772119989916817,0.3088037874968489,317.36,,,1.6,Buy,3.164469424892649,Technology,
COIN,"Coinbase Global, Inc.",,,US19260Q1076,0.01116,-0.16344,-0.13922,0.5098199999999999,,1.490774400397337,0.6701152907514936,0.512144793630771,0.26656179795999735,,1989160792.5,51250323456.0,,68.57851,3.9175155,0.11657181489335688,0.12863865731877075,0.10835333840218377,0.11177883838626429,0.33587782895171775,0.6988416988416989,-0.510939510939511,0.039914800514800446,194.25,,,1.9,Buy,,Financial Services,
COLD,"Americold Realty Trust, Inc.",,,US03064D1081,0.01288,-0.1745,0.06261,1.8856600000000001,,0.8240799537929159,-0.004588117502059923,0.1077665618313959,-0.1922088296141978,0.061900000000000004,55704592.9,4133463552.0,,-68.61905,1.7035111,-0.030282615550064396,-0.038050704916859704,-0.014363877373659179,0.054133132375715036,-0.0006934865631786646,0.4573213046495489,-0.09784871616932686,0.14095628036086044,14.41,,,2.5,Buy,,Real Estate,
COO,"The Cooper Companies, Inc.",,,US2166485019,0.02735,0.1346,0.20822,0.33634000000000003,3.571,2.166085651748628,0.9421577874190448,1.1577402218603945,0.3290789371352,,382516124.4,10513686528.0,18.491638,11.779494,1.2620406,0.02807737551091975,0.03792002111653687,0.025598222157185466,-0.12901700695172696,-0.24590834383346277,0.3564839934888768,0.04901428829806476,0.19758166033640814,55.29,,,2.5,Buy,1.5698159870024977,Healthcare,
COP,ConocoPhillips,,,US20825C1045,0.07533,0.144,0.3151,0.35639000000000004,1.07,1.7720372202157177,0.15391621472973901,0.054360651718450566,-0.01034371931230455,0.0252,993588208.7,158372315136.0,17.600801,13.706977,2.4234793,-0.010210994943141757,-0.06649200636975013,-0.040189340067123026,-0.0344246599378829,0.13659887987345307,0.43366456800424774,-0.04422362133050149,0.10809375711143138,131.83,,,1.7,Buy,1.2840760584919637,Energy,
COPX,Global X Copper Miners ETF,,,US37954Y8306,,,,,,-0.30762150262779064,-0.23645286477335525,-0.08540636543596632,0.1410642481912467,0.0207,265363493.6,,16.050367,,,0.0077358201700365855,0.03180049389486066,-0.014119493917684222,-0.08386687230609768,0.013822786766522628,,,,87.28,,,,,,,
COR,"Cencora, Inc.",,,US03073E1055,0.03559,0.00789,0.014149999,4.46516,0.119,1.3925620887285077,-0.30897678601752215,-0.32543755533475344,-0.13993592623494427,0.0078000000000000005,431665176.59999996,58923614208.0,22.991808,15.589689,19.313234,-0.0020361450976142214,-0.0448823290587581,-0.03977363259292842,-0.044970948270573165,-0.04809462433895096,0.39257723945851425,0.06872206749141793,0.1960220221516939,308.78,,,1.7,Buy,1.4748086379401153,Healthcare,
COST,Costco Wholesale Corporation,,,US22160K1051,0.086660005,0.0301,0.03991,0.24567,0.152,0.9255197320336287,0.017972828492740584,-0.044260636573493065,-0.25478890553145306,0.0066,2048451373.8,397051002880.0,45.035717,39.566135,11.850092,0.001543753241893081,-0.006701032617226365,-0.01045571728399132,-0.008076640575139777,-0.0567244619177032,0.4687650087679129,-0.17347064145379806,0.19422322994270153,895.31,,,1.9,Buy,1.138238976336708,Consumer Defensive,
CPAY,"Corpay, Inc.",,,US2199481068,0.06316,0.22723,0.4692,2.75291,-0.07,0.38320928570318696,-0.36154544159223684,-0.34185597193556255,-0.32619079010978375,,170257190.4,26116763648.0,24.568253,12.648173,7.3731627,-0.01607878496167225,-0.02450030656039242,-0.02562344125575552,-0.020512685397351158,-0.0013056110798700604,0.34754625905068387,-0.019509251810136744,0.15899034593724862,397.76,,,,,1.9424349271629981,Technology,
CPRT,"Copart, Inc.",,,US2172041061,0.10268,0.31809,0.32011002,0.0097,-0.146,1.2148303400797493,-0.3120759861256183,-0.007584277986929623,-0.23367646576662016,,350211345.6,27107760128.0,19.137257,16.537703,2.983797,-0.012811862756811981,-0.056701058750514594,-0.022370642600066982,-0.0858569742148845,0.009307127507339977,0.878415300546448,-0.14617486338797817,0.3217213114754099,29.28,,,2.3,Buy,1.1571895444004527,Industrials,
CPT,Camden Property Trust,,,US1331311027,0.01867,0.20622,0.16104001,1.25648,-0.757,1.2641351197773827,-0.018312876710221183,-0.05393094540215615,-0.15654133023128505,0.042,103853971.2,11471413248.0,33.373737,90.935776,2.6733556,-0.017933224013702478,-0.03617266112756575,-0.03776334390407978,-0.047930079541805386,-0.10493045049598296,0.3317191283292978,0.05932203389830504,0.1763747982243745,99.12,,,2.6,Hold,0.3670033782963484,Real Estate,
CRCL,Circle Internet Group,,,US1725731079,0.00191,0.15531999,0.04899,0.00454,,1.1023407712806639,0.48880617462877707,0.27866763815108786,0.05833502976783218,,1469565757.4,25018687488.0,17.059479,60.053265,6.610963,0.07862268127904846,0.06349938301804693,0.013024299621991297,-0.013012129170517656,0.4503792947294965,1.6476356504685117,-0.5968620614512966,0.1361634342994116,91.78,,,2.4,Buy,0.28407246466948965,Financial Services,
CRM,"Salesforce, Inc.",,,US79466L3024,0.05704,0.2199,0.21375,1.10417,1.189,0.5706133479916107,-0.1095724243774708,-0.14869938004403632,0.18255443463753532,0.0072,3158326140.7999997,195808165888.0,22.214752,14.859358,5.1020756,-0.020300621699034283,-0.06771532235797101,-0.03787111826700462,-0.023842725260090895,0.2761073056847545,0.996469401479489,-0.32750504371217215,0.17236339946200407,237.92,,,1.8,Buy,1.4950007934393936,Technology,
CRWD,"CrowdStrike Holdings, Inc.",,,US22788C1053,-0.0078100003,0.00834,-0.02259,0.15958,,0.9425060000589587,0.40501448400929424,0.5325289680984304,0.10208585626390185,,2736432807.5,243338117120.0,4753.0,147.98463,47.692154,-0.032763520749810794,-0.019959608163316652,0.149511433131204,0.14364772141416812,0.14590867785046124,0.2623606143488323,-0.4445613296865138,-0.013885966757837202,237.65,,,1.7,Buy,32.11820038337765,Technology,
CRWV,"CoreWeave, Inc.",,,US21873S1087,-0.00244,-0.25402,-0.01903,10.27329,,1.369177310959381,0.38650960537577544,0.1462399717934995,0.002495722284869911,,2431911420.0,44873015296.0,,-41.731853,8.92301,0.018527826708440494,0.005437491856290557,-0.08573994883615937,-0.14303773006312454,-0.04652527535291649,2.8962635201573255,-0.5206489675516224,0.7753340707964602,81.36,,,1.8,Buy,,Technology,
CSCO,"Cisco Systems, Inc.",,,US17275R1023,0.079780005,0.20951,0.27719,0.62017,0.521,1.0304471830706914,-0.23311667159592817,-0.28945986438605975,-0.22883597907398767,0.0152,1803701976.6000001,431752708096.0,33.084595,19.547468,8.593738,-0.006621896570350357,-0.005087668723329217,-0.023365712276766336,0.000731058161391964,-0.09406020443218094,0.5523696466076157,0.05013240799926942,0.25673454479043006,109.51,,,1.8,Buy,1.692525855522567,Technology,
CSX,CSX Corporation,,,US1264081035,0.07383,0.22208999,0.38424,1.3806800000000001,0.227,1.2777930794869787,-0.1327955720697999,-0.21878714747153075,-0.3201699527740508,0.011699999999999999,496405740.0,87251566592.0,27.869822,20.735106,6.1957374,-0.0167014927013455,-0.03205918315462292,-0.037793682004191226,-0.026255922264401793,-0.06846273724923072,0.2738853503184713,-0.32059447983014866,0.12825647558386413,47.1,,,1.9,Buy,1.3440887160162094,Industrials,
CTAS,Cintas Corporation,,,US1729081059,0.161,0.17754,0.23688,0.52646,0.156,0.8982488954142429,-0.11820558100302901,-0.16299847283074526,-0.3042354327861673,0.0105,400414687.2,79089516544.0,40.334694,32.316612,15.386532,-0.0016165220398771816,-0.006584553748864863,-0.019156327543424386,-0.011997567319950508,-0.01977042294568774,0.26492612831410656,-0.11455171018012542,0.09447733252378068,197.64,,,2.2,Buy,1.2481102288816661,Industrials,
CTRE,"CareTrust REIT, Inc.",,,US14174T1079,0.0444,0.62194,0.64858,0.26701,0.086,1.4075522209561429,0.018877268362895244,-0.06762149978844977,-0.10001612277915707,0.0409,73453767.2,8870447104.0,23.4625,21.161217,1.9729857,-0.01650506154485155,-0.022904690548804122,-0.027964758201821614,-0.038422153697510564,-0.08728424446597627,0.30527437400106555,0.1454448588172616,0.20281965903036758,37.54,,,1.3,Strong Buy,1.1087500307756402,Real Estate,
CTVA,"Corteva, Inc.",,,US22052L1044,0.04546,0.056649998,0.3013,0.19191,-0.099,0.7080209313156958,0.23063860670381442,0.17151703883292443,0.10008075785470467,0.0088,386152624.2,53729296384.0,49.404907,19.52645,2.134998,-0.012265408981593241,-0.03429667119056797,-0.040166882772218186,-0.049793510324483765,0.04998237400707687,0.2790264497702719,-0.03141686328076495,0.14988203154104052,80.53,,,1.8,Buy,2.5301530488132764,Basic Materials,
CUBE,CubeSmart,,,US2296631094,0.04282,0.29334998,0.41088,1.3430000000000002,0.083,2.11146939742652,0.11578474698594161,0.18888291662891232,-0.08004762655992716,0.0527,114805344.49999999,8952417280.0,27.27586,25.158712,3.4580746,-0.015924325667522284,-0.009516661714789116,0.00025288528682675804,0.016970959647976635,-0.05495814953358608,0.21365360303413408,0.01137800252844508,0.11409608091024029,39.55,,,2.3,Buy,1.0841516847126356,Real Estate,
CURB,Curbline Properties Corp.,,,US23128Q1013,0.00973,0.13103,0.19184,0.28476,-0.386,2.9143620763059532,-0.18383023438909846,-0.19919138031134329,-0.14622848173256947,0.023700000000000002,36165794.699999996,3259027200.0,104.92592,104.92592,1.5485951,-0.014265823743331723,-0.031121743441907233,-0.03376533782839645,-0.033435669866904084,-0.04258195829977699,0.3766325450052948,0.05894811154253448,0.19425803035651248,28.33,,,1.8,Buy,1.0,Real Estate,
CUZ,Cousins Properties Incorporated,,,US2227955026,0.01567,0.00627,0.24225001,0.8420799999999999,0.844,0.7853690037113887,-0.05335539907416296,-0.1034167605635568,-0.197043968662212,0.0452,37752156.3,4657299456.0,707.25006,70.725,1.0385844,-3.236222392980383e-08,0.012526823881615471,0.0035473382067363946,0.013978508487530593,-0.05162587756100561,0.27253446447507956,0.06044538706256631,0.19219759632378927,28.29,,,1.4,Strong Buy,10.00000084835631,Real Estate,
CVS,CVS Health Corporation,,,US1266501006,0.029679999,0.011849999,0.03861,0.95503,1.888,2.0410250959395357,-0.09257846458826004,-0.22230960584897624,-0.1435110423027623,0.029500000000000002,613481066.4,113623719936.0,23.817694,10.416923,1.4245169,-0.015841328195908826,-0.05979466601232633,-0.06148323935084539,-0.0685678071057357,-0.07669924264265346,0.6659162539396668,0.15938766321476808,0.3088698784331382,88.84,,,1.4,Strong Buy,2.286442359226424,Healthcare,
CVX,Chevron Corporation,,,US1667641005,0.05861,0.09834,0.21866,0.18959,3.219,4.764304263542264,0.01644267289908195,-0.0022428112477358877,-0.0738655940366042,0.0337,2501086382.9,410975502336.0,20.16458,15.447548,2.1643593,-0.00973676444157757,-0.03792994494377894,-0.021255711531755518,-0.020111302594329635,0.11683370310468022,0.16939525559639163,-0.164717674574006,0.06279733664264245,209.51,,,1.7,Buy,1.305357976553949,Energy,
DASH,"DoorDash, Inc.",,,US25809K1051,0.029719999,0.05292,0.03862,0.33276000000000006,-0.3,0.7898064066155167,-0.26941220509023106,-0.3549723767989183,0.035662483890896414,,641886297.8,83600506880.0,102.084656,23.691092,8.425695,-0.008326467819295039,-0.026833424060508124,-0.04461498927653544,-0.021825624090638204,-0.09528273014273474,0.8140354514356795,-0.10853114958018036,0.32157727791023116,192.94,,,1.6,Buy,4.308989049554997,Consumer Cyclical,
DCH,Dauch Corporation,,,US0240611030,0.025339998,-0.02011,0.04855,3.43042,-0.988,1.2810922630487398,-0.03459570718849711,-0.1497949033978487,-0.23841890039684183,,18415202.8,1399491072.0,,5.0991254,0.9265377,-0.03600656770982147,-0.0344262144124112,-0.09104938539149035,-0.1235118773966479,0.03880069148955847,1.8862478777589133,0.1884550084889644,0.5952173174872667,5.89,,,2.1,Buy,,Consumer Cyclical,
DDOG,"Datadog, Inc.",,,US23804L1035,0.0018000001,0.044770002,0.00666,0.29259,14.985,0.1632516510848031,-0.2930970912186848,-0.37569958534308173,0.0059770437562204504,,795228902.4,82558525440.0,479.0,77.3238,18.89857,-0.02576271186440683,-0.00151997336156218,0.039374318619315826,0.02064187703354835,0.0027476415557349883,0.43528183716075164,-0.31280445372303406,0.24077374739039678,229.92,,,1.5,Strong Buy,6.194729177821059,Technology,
DE,Deere & Company,,,US2441991054,0.03759,0.10168,0.13372,2.30298,0.074,0.8412181198669351,-0.007015960283920732,-0.01947963649829118,0.08093695785860654,0.0095,846389745.7,184421072896.0,38.169083,30.121647,6.588801,-0.002391967783108908,-7.306302109398508e-05,0.012208852346837664,0.010011632739270823,0.1124682358404529,0.18887703036594095,-0.26899516074796415,0.006509744294507173,683.99,,,2.0,Buy,1.2671645411686818,Industrials,
DECK,Deckers Outdoor Corporation,,,US2435371073,0.20319,0.18361,0.15233,0.20521,0.011,1.611969477202497,0.4200566349211678,0.43912206119637204,0.15929923646658478,,294892094.20000005,10680742912.0,11.333815,9.42032,4.659024,-0.01605819971364158,0.011869408313943315,-0.03494520438507604,-0.022435538846054752,-0.1986308593136413,1.3460410557184748,-0.10748438097666717,0.5352427642483742,78.43,,,2.4,Buy,1.2031242038487016,Consumer Cyclical,
DELL,Dell Technologies Inc.,,,US24703L2025,0.08643,0.07525,0.12020001,,2.729,0.5093217502553933,0.41674834761594276,0.5035680712613726,0.19978950790679598,0.0043,6092182192.4,361179774976.0,34.241108,19.812387,-256.80832,-0.03456836092812446,0.045169343329962794,0.0013573692511435129,0.06129845866417552,0.29797785427219936,0.2938774073161287,-0.18142449741224512,0.004260113368306294,568.06,,,1.8,Buy,1.7282676741575862,Technology,
DG,Dollar General Corporation,,,US2566771059,0.048899997,0.03903,0.06813,1.69811,0.333,0.9425987323256947,-0.012327353612217467,0.012940969426119752,0.028565130298935076,0.0189,318117883.9,27005702144.0,16.234749,14.813587,2.907394,-0.020328107325159273,-0.018364049753687436,-0.017418540690001528,-0.017339645983108793,-0.039544896578451456,0.4377910301445961,-0.2647659504942406,0.1400353729270484,122.41,,,2.5,Buy,1.0959363859678282,Consumer Defensive,
DGRO,iShares Core Dividend Growth ETF,,,US46434V6213,,,,,,0.4263067607445908,0.32715572574812807,0.16268603751924515,-0.05227047718232144,0.0187,116470665.3,,21.987823,,,-0.004015504669644231,-0.009021734384962012,-0.012392266063957132,-0.009861269328611215,-0.023747015118170362,,,,76.89,,,,,,,
DHR,Danaher Corporation,,,US2358511028,0.03949,0.15948,0.19777,0.5297,0.597,0.9102665690333458,-0.04671082331098765,-0.1310954172797482,-0.4597207288829441,0.0075,870672540.3,148899479552.0,37.890877,22.78046,2.8314574,-0.003247058823529401,0.01170232796382263,0.058309186798944077,0.033976049251213225,0.05915593821983386,0.463575846277324,-0.07936358056748974,0.08156819791322413,211.81,,,1.5,Strong Buy,1.6633060526433618,Healthcare,
DIA,State Street SPDR Dow Jones Industrial Average ETF Trust,,,US78467X1090,,,,,,-0.25443875994361925,0.23002954701007214,0.07786761071640277,-0.20935676876160167,0.0138,1878736942.8,,20.947197,,1.4402251,-0.0024711192434990945,-0.007982926210365641,-0.01658633025598353,-0.013358840093021549,-0.03844786089868877,,,,515.88,,,,,,,
DIS,The Walt Disney Company,,,US2546871060,0.048070002,0.086990006,0.19301,0.39404000000000006,-0.483,0.9543446418016567,-0.08953912035501536,-0.1682621977165534,-0.3112955158674343,0.014199999999999999,908892335.2,177278943232.0,21.75212,13.729625,1.6142573,-0.02543899869898361,-0.03523772066780215,-0.036414856317489336,-0.01449414763632671,-0.019201378480282614,0.40255186519918185,-0.14288497126716668,0.2390715885847862,102.67,,,1.4,Strong Buy,1.5843200378743048,Communication Services,
DIV,Global X SuperDividend U.S. ETF,,,US37950E2919,,,,,,0.24939310703995837,-0.15426423974220516,-0.16654723127035825,-0.13300350541746342,0.0641,4024838.4,,12.972734,139.07143,,-0.008150747203615995,-0.007645302386198087,-0.010167772014143721,-0.008655773672683484,-0.003360341251310188,,,,19.47,,,,,0.09328108584200222,,
DLB,"Dolby Laboratories, Inc.",,,US25659T1079,0.05152,0.16700001,0.12548,0.0183,-0.375,1.2100620462655893,-0.040565559676730645,0.0981610819421261,-0.0772554887794085,0.025099999999999997,59590499.0,5400006144.0,24.427967,12.587337,2.089601,0.0031320475982873374,-0.044897292626713575,-0.10592436416489669,-0.06775550035978692,-0.04815904331951021,0.5611448395490026,0.07545533391153515,0.37033824804856896,57.65,,,1.8,Buy,1.9406779209931377,Industrials,
DLR,"Digital Realty Trust, Inc.",,,US2538681030,0.01476,0.11825,0.25882,0.67944,-0.587,0.6134689685763282,-0.23203410233993238,-0.3127010717870012,-0.45646290590083527,0.0265,386353010.40000004,68780113920.0,90.15842,65.9129,2.523556,-0.011613994196426291,0.015897783564547373,-0.027633922766764418,-0.030205243989330735,-0.04773164825080347,0.3727212826707665,0.043268174829782534,0.22712425873050732,182.12,,,1.5,Strong Buy,1.3678418033495723,Real Estate,
DOC,"Healthpeak Properties, Inc.",,,US42250P1030,0.01513,0.08248,0.1599,1.08653,0.682,0.8664041890877431,-0.037478464343064496,-0.1724635592241458,-0.3284728921044399,0.059500000000000004,96973693.39999999,14412898304.0,58.085716,145.21428,1.7867814,-0.008292682926829352,0.008432547315208013,0.006535302805997025,0.0020925118539731804,-0.026852815389106027,0.4264633546483031,-0.1637973438268568,0.13133300541072315,20.33,,,2.4,Buy,0.40000002754550035,Real Estate,
DOV,Dover Corporation,,,US2600031080,0.07061,0.13475999,0.18691999,0.42316000000000004,0.141,0.9564281137859604,0.12160668110340549,0.0796603929215342,-0.09970165265562422,0.0111,266095167.6,25241767936.0,22.884007,16.1177,3.2764587,-0.009617445784896783,-0.008202366569775537,-0.008622073660118194,-0.020896448684609055,-0.1087243469279444,0.5366556397396224,-0.1036175434852203,0.31107784654786047,187.42,,,1.6,Buy,1.419805989688355,Industrials,
DOW,Dow Inc.,,,US2605571031,0.012999999,-0.03129,0.11594,1.11913,,0.41214745507165645,-0.00832343800039937,-0.03184556229582544,-0.23521025525697198,0.0475,257065122.6,20752848896.0,,16.14698,1.3085262,-0.025771440387140666,-0.03752095032350484,-0.010334160508081381,-0.022789102966789997,-0.04081173283551399,0.4618865297598329,0.009397841977027482,0.20083536373129132,28.73,,,2.5,Buy,,Basic Materials,
DPZ,"Domino's Pizza, Inc.",,,US25754A2015,0.33892,0.118640006,0.19084999,,0.068,0.8985610373181531,-0.1386979116232529,-0.21076123686764486,-0.2262659403458704,0.026699999999999998,227896146.0,9732646912.0,16.859598,14.104143,-2.4429536,-0.01159077428936287,-0.0534714848870147,-0.05000185262706463,-0.07914066653688495,-0.1741220242365936,0.5295717199184229,-0.08225696804894626,0.29540159755268525,294.2,,,2.2,Buy,1.19536493638784,Consumer Cyclical,
DRIV,Global X Autonomous & Electric Vehicles ETF,,,US37954Y6243,,,,,,-0.6535345276146585,-0.2306799272473975,-0.34296416039112093,-0.48744620751104284,0.0063,1161582.345,,20.625803,,,-0.009651358607028043,0.00934268922077288,-0.02015903972166417,-0.029294913910008963,-0.03917166562215322,,,,33.5233,,,,,,,
DVN,Devon Energy Corporation,,,US25179M1036,0.05909,0.17464,0.41077,0.28488,0.44,2.551245980676913,0.16263352521939986,0.15581637962865483,-0.06073142401203897,0.0263,725097384.3,53471002624.0,10.590414,9.067185,1.3389341,-0.0022578246705047605,-0.05299048770750452,-0.025984123844166276,-0.00112659274862369,0.1348832526785645,0.39888911746554206,-0.09483645340464923,0.2431304258383049,48.61,,,1.3,Strong Buy,1.1679935944838449,Energy,
DXCM,"DexCom, Inc.",,,US2521311074,0.103310004,0.20118,0.24327,0.5334599999999999,0.436,2.1930205698964262,-0.09879073620546615,-0.24979446913462566,-0.18146042923866954,,450016636.0,33717184512.0,34.766537,28.600603,12.863518,0.016149206071828345,0.03354543845147901,0.07611708194170154,0.06521224279557462,0.07624673106346423,0.28707330721880253,-0.11583659764969216,0.0574146614437606,89.35,,,1.3,Strong Buy,1.2155875524722328,Healthcare,
EA,Electronic Arts Inc,,,US2855121099,0.072340004,0.13803001,0.25881,0.2643,0.975,,,,,3.6000002e-05,1456575780.6,52925640704.0,59.743587,21.720531,7.7727118,,,,,,0.0014306151645207981,-0.19885550786838335,-0.020212064854554023,209.7,,,,,2.7505583081739573,Communication Services,
ECL,Ecolab Inc.,,,US2788651006,0.07233,0.12566,0.18521999,1.38023,0.033,0.9362441344527085,-0.18807598186170663,-0.17957028690129292,-0.008857436926546185,0.010700000000000001,346940528.4,75537342464.0,36.51219,28.616241,7.512127,-0.00817135135317298,-0.018718157280659432,-0.021739882185540398,-0.007472645167686791,-0.04686418519558815,0.33600534402137616,0.09478215690640548,0.20593928597936628,269.46,,,1.5,Buy,1.2759254438764336,Basic Materials,
ED,"Consolidated Edison, Inc.",,,US2091151041,0.03237,0.12533,0.16540001,1.10113,0.221,0.6084853001832999,-0.17157186825103385,-0.23576761638748,-0.03239998088045504,0.032799999999999996,208096679.70000002,38991032320.0,17.601002,16.245268,1.5167383,-0.015409056806498459,0.0018054175226839937,-0.00967498678687173,-0.019164553955804527,-0.024371785452911045,0.23304562268803938,-0.10841316513326384,0.04601394290050263,105.43,,,3.3,Hold,1.0834540864453577,Utilities,
EFX,Equifax Inc.,,,US2944291051,0.061550003,0.10729,0.17305,1.20956,0.007,1.3695622191650951,-0.09018238893568437,-0.11039808521688076,-0.33875308868477655,0.0139,271361080.90000004,18664824832.0,27.920914,15.628443,4.26531,-0.014270634702957254,-0.049138147839837484,-0.059940828402366836,-0.05485154702101841,-0.09363961732607734,0.5421413734499905,0.1267073708063196,0.3530079939573236,158.87,,,1.7,Buy,1.7865448272742204,Industrials,
EGP,"EastGroup Properties, Inc.",,,US2772761019,0.03543,0.40567002,0.40761003,0.46090000000000003,0.167,2.5735669181249707,0.1671856570908513,0.028275035231264293,-0.2654138387907958,0.0347,109490264.8,10882105344.0,35.44133,36.441658,3.0150476,0.0036700644708985166,0.019085497703689832,0.02145167064181804,0.022535477011587327,0.00872298337855247,0.32430696249444085,-0.08583288036764344,0.12664920689825565,202.37,,,1.8,Buy,0.9725498768469866,Real Estate,
EL,The Estée Lauder Companies Inc.,,,US5184391044,0.0523,0.01209,0.07003,2.4293199999999997,,1.0619947203668125,-0.2990605829284669,-0.27379922971645787,0.39469622317900926,0.0149,280953353.0,33802840064.0,186.86,23.873648,8.881178,-0.004581297757887849,-0.029298701298701227,-0.03799426114320088,-0.05406496734391925,0.09658862411452186,0.35930643262335427,-0.2507759820186236,0.14563887402333295,93.43,,,2.3,Buy,7.827040090395905,Consumer Defensive,
ELS,"Equity LifeStyle Properties, Inc.",,,US29472R1086,0.05905,0.25625,0.32112998,1.82359,0.191,1.5939550670390228,0.10160698222838108,0.04202489969139688,-0.2396902181528608,0.0355,101240064.0,12110859264.0,29.178745,27.671898,6.663725,-0.01145660379054804,-0.01452114377929256,0.005326201051810015,-0.010971011923568157,-0.06588313363498507,0.29139072847682124,-0.023178807947019844,0.1667827814569537,60.4,,,1.9,Buy,1.054454052989065,Real Estate,
ELV,"Elevance Health, Inc.",,,US0367521038,0.03832,0.02468,0.04559,0.68953,-0.131,0.6187064250272425,-0.01676153936462914,-0.025214542770139323,-0.36516455130438213,0.0166,565191863.5,89122439168.0,18.31328,13.911853,1.9854001,-0.00799017449813152,-0.01578293914369379,-0.018556556166533938,0.039905884954952606,0.05451876945750581,0.19722593989536444,-0.04367927971772719,0.09838410998904976,410.95,,,1.8,Buy,1.3163796368463638,Healthcare,
EMN,Eastman Chemical Company,,,US2774321002,0.03549,0.04986,0.12893,0.88518,0.325,0.7769795882130992,0.21357939673389761,0.17889789159444178,-0.31613001023205284,0.0507,81811639.8,7510116352.0,17.24147,9.497551,1.2319725,-0.008303108114536323,-0.0028839900021112043,-0.02328544965112154,-0.026572540592265315,-0.09491110805097443,0.5223017202009439,0.0960572385446796,0.2401685188004262,65.69,,,2.1,Buy,1.815359559532768,Basic Materials,
EMR,Emerson Electric Co.,,,US2910111044,0.068969995,0.13828,0.26924,0.6767700000000001,0.23,0.5122623650493373,-0.15470279740168127,-0.1964704710294904,-0.2189015506603353,0.0151,345782984.0,83625377792.0,32.24086,20.687666,4.103462,0.017096378615085662,0.019863945578231207,-0.014915581871287652,-0.0027936433957780043,-0.0413076023432898,0.3673959445037354,-0.30629669156883665,0.1514758537886873,149.92,,,1.9,Buy,1.558458068686917,Industrials,
ENS,EnerSys,,,US29275Y1029,0.078449994,0.09292,0.14028,0.56108,1.116,2.1044282275385835,-0.08668757016219568,-0.015589373297943153,0.03525472213123695,0.006500000000000001,105327699.60000001,6423937536.0,18.828753,12.539247,3.283197,0.015553829317684353,0.04542643277531095,-0.005781601554531875,-0.0038387691820352537,-0.04821294224084565,0.571973950145969,0.1392319784415,0.41805524365596225,178.12,,,,,1.5015856215289483,Industrials,
ENTG,"Entegris, Inc.",,,US29362U1043,0.04131,0.091850005,0.19271,0.85655,0.751,0.19170732796997716,-0.30272482221983876,-0.24793873305830208,-0.3863010396797903,0.003,294605440.0,21735800832.0,67.09906,28.361174,5.2263207,0.05628574986349576,0.09726936647423691,0.013393210431068144,-0.005453392896272452,-0.0028040232288732885,0.5114235500878734,-0.15641476274165203,0.21872513181019337,142.25,,,1.8,Buy,2.3658773787008958,Technology,
EPP,iShares MSCI Pacific ex Japan ETF,,,US4642866655,,,,,,-0.5731260782311728,-0.2652370845632781,-0.3692985125609415,-0.3286131909435313,0.0323,9270714.299999999,,20.199116,,1.0883542,-0.008545454594846172,-0.004291083566355243,-0.01520776743878258,-0.024864307392323516,-0.029959934714921352,,,,55.69,,,,,,,
EPR,EPR Properties,,,US26884U1097,0.0425,0.35626,0.54328996,1.52233,-0.132,1.6055183576036784,0.46273003243692995,0.4202304554116098,0.1914889787211851,0.06509999999999999,64883709.6,4345257984.0,18.17949,17.836477,1.8802003,-0.007697688043853823,-0.03356617264960145,-0.04156810227256175,-0.0494385496810793,-0.07047910735833236,0.24294781382228495,0.022566995768688314,0.14037059238363897,56.72,,,2.5,Buy,1.0192309837867648,Real Estate,
EPRT,"Essential Properties Realty Trust, Inc.",,,US29670E1073,0.03579,0.43506,0.62468,0.65659,0.075,1.877174780895065,1.6213464143104765,0.9874252053267469,-0.05550585760594581,0.0478,61629325.0,5800625152.0,20.736435,19.105915,1.3123037,-0.001865643227011929,-0.04430152844794495,-0.07085796633049454,-0.09567274952688662,-0.12667317228452363,0.4953271028037383,0.12149532710280374,0.37383177570093457,26.75,,,1.3,Strong Buy,1.0853411103315387,Real Estate,
EQIX,"Equinix, Inc.",,,US29444U7000,0.03683,0.15479,0.27021998,1.6221700000000001,0.288,0.18698080206924514,-0.19371018698609696,-0.13408733456940092,-0.10579106586376036,0.020099999999999996,508382198.40000004,100777345024.0,66.234764,54.637978,7.007142,-0.004483636147302009,0.014260481647872912,-0.015784576923990812,-0.020823401696574286,-0.02530246572291235,0.37074823271388563,0.03785223334051341,0.20746597607065234,1021.34,,,1.5,Buy,1.2122477153162585,Real Estate,
EQR,Equity Residential,,,US29476L1070,0.026689999,0.27974,0.27879998,0.78679,-0.399,,,,,0.00042600002,255422636.04,24611481600.0,28.675674,41.35888,2.273409,,,,,,0.24096764059063783,0.03675777568331768,0.14662456801759347,63.66,,,,,0.6933377789727382,Real Estate,
ERIE,Erie Indemnity Company,,,US29530P1021,0.14147,0.14007,0.19096,0.0256,0.032,0.9597309346512374,-0.46738672822031563,-0.472162933823996,-0.07685391043834741,0.0239,49798896.0,12499893248.0,22.175325,17.062813,5.0666585,-0.0218503187650264,-0.04612745134750245,-0.024405170016276907,-0.019603829697572045,-0.059080523115930476,,,,239.05,,,,,1.2996289064411597,Financial Services,
ES,Eversource Energy,,,US30040W1080,0.03302,0.10354,0.23923,1.807,-0.854,1.6671764619058909,0.09744957278598512,-0.019027709383336727,-0.1746893438161299,0.045700000000000005,166868174.8,25508415488.0,17.915344,13.774111,1.5607643,-0.018408434600582568,0.007588170249583692,-0.01167537481406692,-0.03861445694396188,-0.060227556281344484,0.25516834022445367,-0.232132309509746,0.08658195510927355,67.72,,,2.8,Hold,1.300653377920361,Utilities,
ESS,"Essex Property Trust, Inc.",,,US2971781057,0.029560002,0.20893,0.33975,1.2240900000000001,-0.718,0.6749437612746965,0.20716467399968128,-0.06812088658489932,-0.0988821152323951,0.0383,130974250.0,18615324672.0,42.19531,42.867527,3.2604496,-0.002769526686766756,-0.021735149640609998,-0.010479658582432699,-0.01574514412679256,-0.052854922051305285,0.3034623217922606,-0.11497870764673213,0.12864284391779304,270.05,,,2.6,Hold,0.9843187361846182,Real Estate,
ETN,Eaton Corporation plc,,,,0.07052,0.12752,0.16563,1.05059,-0.159,1.1273881018235492,0.09738300789926022,0.10999112884384438,-0.2702186215932554,0.010700000000000001,1009385198.6999999,164980670464.0,41.684986,26.328268,8.145627,0.03739073136429135,0.08249237157749512,-0.0014105252464321615,0.02299985249077806,-0.04992282654658681,0.2571509287379053,-0.21604633095557593,0.12901287755726637,424.77,,,1.5,Buy,1.5832787025716997,Industrials,
ETSY,"Etsy, Inc.",,,US29786A1060,0.105349995,0.07114,0.18744,,,1.2255340339785186,-0.06399631787601627,-0.0656965150239808,0.20285305804568954,,228939743.99999997,6663354368.0,22.902206,10.533814,-4.806992,0.0035941895945767865,-0.018918918918918996,-0.0021990397406929456,0.019806117576049515,-0.11743255391888494,0.4462809917355373,-0.035812672176308465,0.21582961432506886,72.6,,,2.4,Buy,2.1741608500017184,Consumer Cyclical,
EXC,Exelon Corporation,,,US30161N1019,0.028110001,0.10989001,0.16590999,1.77362,-0.002,0.4064099367030516,-0.32338941718517966,-0.3540906723192047,-0.30005584403616165,0.0394,316876709.1,43342782464.0,15.697761,13.846559,1.4622871,-0.013367715708429723,-0.0030805867438187602,-0.025254862170196832,-0.03729978797441586,-0.0628734112419861,0.3786546232469693,-0.025433800808176855,0.16192892797718095,42.07,,,,,1.1336940101869353,Utilities,
EXPD,"Expeditors International of Washington, Inc.",,,US3021301094,0.1523,0.07634,0.107080005,0.26745,0.515,1.392771644092842,-0.09943486392429673,-0.11496855697183485,-0.37735176481821364,0.0086,195339257.6,24820410368.0,27.833818,24.085474,11.717705,0.009837096207600217,-0.015265569828045493,-0.00861893069008229,0.013966345257839574,0.069332451896701,0.1521944066198806,-0.4762752697182361,-0.0692662616528752,190.94,,,3.2,Hold,1.1556267483048082,Industrials,
EXR,Extra Space Storage Inc.,,,US30225T1025,0.03358,0.2728,0.45882,1.01674,0.06,1.737415528482368,0.10587138158309281,0.44258416036872256,-0.16324924811612865,0.0466,220689585.9,30172246016.0,30.178808,28.517849,2.1785762,-0.016687037327675937,-0.004297181636153291,0.004921690166626963,0.01981429768713857,-0.0750473129127323,0.3020261868188135,0.024065540194572393,0.16304586350669292,136.71,,,2.2,Buy,1.0582427868244901,Real Estate,
F,Ford Motor Company,,,US3453708600,0.00348,-0.03935,0.018819999,4.567080000000001,,1.3077249195059688,0.004480988634115256,-0.11138423312606734,-0.20503776212505986,0.0441,700404635.9000001,52676141056.0,,6.760145,1.4746594,-0.029390129813926934,-0.021481481481481417,-0.05440230869733887,-0.017843852243017145,-0.031684660455663635,0.514004542013626,-0.03103709311127934,0.22053974261922774,13.21,,,2.3,Buy,,Consumer Cyclical,
FANG,"Diamondback Energy, Inc.",,,US25278X1090,0.01308,0.09029,0.48466998,0.28678000000000003,1.795,2.6011233118102246,2.799455433045629,1.6218134610196921,0.07863652262291669,0.0223,676731519.0,53881405440.0,37.4358,10.303807,1.4244577,-0.022951164747502514,-0.09034179024052093,-0.06122847805025781,-0.050387428499137084,0.020301030961866917,0.47074108720507235,0.06537781935349762,0.21806101236877673,192.42,,,1.5,Buy,3.6332008159702522,Energy,
FAST,Fastenal Company,,,US3119001044,0.21521999,0.15454,0.21023001,0.10851000000000001,0.146,0.5294554785234903,-0.2989965217317722,-0.24404400487800704,-0.27855724432853635,0.0195,323143024.09999996,56238854144.0,41.88889,34.93752,13.821206,-0.0034566958950972624,-0.008095524158012353,-0.006285476414079398,0.00450910187219611,-0.03523620598314253,0.20383595184656197,-0.1858804325647827,-0.0035001020199959243,49.01,,,2.7,Hold,1.1989657537226457,Industrials,
FBIN,"Fortune Brands Innovations, Inc.",,,US34964C1062,0.054190002,0.0339,0.11015,1.21292,,0.3119558794563719,-0.02255212227162611,-0.10849772788217794,-0.19051692022571481,0.0262,90028606.0,4700161024.0,32.03252,11.413046,2.0374393,-0.008805031446540917,-0.013520246501657958,-0.03265405247199039,-0.03241653195314746,-0.21292811455241992,0.7766497461928935,0.21827411167512695,0.44670050761421326,39.4,,,2.4,Buy,2.8066582751002667,Industrials,
FCX,Freeport-McMoRan Inc.,,,US35671D8570,0.07585,0.113850005,0.33404,0.32149,0.281,0.04406829443665451,-0.3082860446010298,-0.2918599187875789,-0.11545442342044873,0.0085,882816477.2,102732693504.0,34.728157,17.243084,5.1089053,0.009738906714739658,0.031132932143141966,0.006613202577655505,-0.06152437557917282,0.04928130947176244,0.16019010343863563,-0.5806541794800112,0.007065278166060891,71.54,,,1.8,Buy,2.01403397443288,Basic Materials,
FDS,FactSet Research Systems Inc.,,,US3030751057,0.11079001,0.2321,0.30542,0.7728400000000001,-0.096,0.2879501934262485,-0.27925657265010795,-0.11896545590380302,-0.14316583878836767,0.0166,284556604.8,10094567424.0,18.382772,14.384583,4.996655,0.017859041733840484,0.024324240323315125,0.09287285564095782,0.016692289100282927,0.037583254515065105,0.19790015149913687,-0.2601204946622978,-0.06017686643413306,283.83,,,3.2,Hold,1.2779495936726146,Financial Services,
FFIV,"F5, Inc.",,,US3156161024,0.07977,0.21952999,0.24649,0.06546,0.114,1.0476231195024486,0.05910524365890473,-0.025522526273920043,-0.27954554876238896,,256621499.7,24464642048.0,34.590073,23.899748,6.3673344,-0.005959217583832473,0.0026689451915974604,0.049355150389006223,0.06771617227230334,0.04590019207300984,0.19204684859847704,-0.30560377751545026,0.009420642085040508,432.03,,,2.5,Hold,1.4472986493414073,Technology,
FICO,Fair Isaac Corporation,,,US3032501047,0.39981,0.3405,0.53787,,0.412,1.4814281262611557,-0.267449206576733,-0.17257992663194427,0.04387223131246584,,519759864.0,20510842880.0,28.014158,17.880419,-5.005983,-0.01719961502941637,-0.03679664607502966,-0.03623947281541917,-0.034082936521115964,-0.07966935766545459,0.8427259708533402,-0.2671215567349001,0.5164649144975151,949.68,,,2.0,Buy,1.5667506449373474,Technology,
FIGR,"Figure Technology Solutions, Inc.",,,US3493811034,0.05061,0.38301,0.35525,1.04341,3.375,2.4409578836016403,-0.08626913435320176,-0.10734620760971775,0.2876817465010841,,149747215.8,7963170816.0,35.138615,18.978611,5.6163955,0.052803351049251185,0.06640628911554963,0.01778035810458009,-0.06899262868774506,0.24090907435771877,0.972386587771203,0.26796280642434483,0.5577827557058326,35.49,,,1.7,Buy,1.8514850744345832,Financial Services,
FIS,"Fidelity National Information Services, Inc.",,,US31620M1062,0.04275,0.27648002,0.20669001,1.3251,,0.5489164277180747,-0.1399383850592111,-0.01698141530130565,-0.1447183913384055,0.0483,225835786.79999998,18369443840.0,5.5918365,5.315402,1.1460378,-0.022234430370309474,-0.04606320689767557,-0.06607235002558474,-0.053544094534000566,-0.1583374514025172,1.1617069062324539,0.0387422796181921,0.4037057832678272,35.62,,,2.3,Buy,1.0520063205003123,Technology,
FISV,"Fiserv, Inc.",,,US3377381088,,,,,,0.5670719368905405,-0.2814757008854262,-0.22283839817511145,-0.06365692836663861,,383103520.79999995,25094070272.0,9.438,5.8414087,0.93137544,-0.042799173827864655,-0.05657737768621763,-0.08511054042676688,-0.030010307915453498,-0.1278876461337117,1.2462386098749736,-0.15236278872642506,0.28087391396482314,47.19,,,2.7,Hold,1.615706156633074,,
FIX,"Comfort Systems USA, Inc.",,,US1999081045,0.17039,0.12775,0.17062001,0.11498,0.919,0.8528675101149573,-0.39733050472907266,-0.34435820273524687,-0.3646918758738705,0.0023,570399711.6999999,58118856704.0,38.755455,27.441206,89.96841,0.049181707911039894,0.04730524823832681,-0.023331843450064345,0.022431482733989757,-0.03581628226130923,0.5138945239407281,0.15661541629071626,0.33041050763911184,1651.37,,,,,1.412308737451262,Industrials,
FLY,Firefly Aerospace Inc.,,,US31816X1063,-0.18066,-1.29058,-0.80893,0.04366,,1.7212809259618909,-0.17207539266212893,-0.2807426437142436,-0.347884208799901,,49491926.099999994,3510475264.0,,-11.66218,2.8499591,-0.034530356218444164,0.023426072925506948,-0.007572132850042095,-0.03851441937236602,-0.12842890833461432,1.3843586075345733,0.19217930376728667,0.8407248450166906,20.97,,,1.7,Buy,,Industrials,
FR,"First Industrial Realty Trust, Inc.",,,US32054K1034,0.03524,0.47917998,0.45097,0.90051,0.393,2.0682883910386964,0.028310455184901977,-0.13201606075061662,-0.44356263648997424,0.0321,65750874.0,8467772416.0,22.637362,33.177467,2.951853,-0.009297868839115772,0.007006698315124535,0.006842602225090829,0.013613232125293704,-0.025082811247164747,0.3915857605177994,0.06796116504854374,0.16909385113268613,61.8,,,,,0.6823113410074374,Real Estate,
FRT,Federal Realty Investment Trust,,,US3137451015,0.03259,0.32663,0.35035,1.34114,-0.456,1.0694502414882834,-0.0770186585259564,-0.18983929307266154,-0.09397407283643493,0.0415,92058627.3,9695567872.0,22.406063,34.764755,3.0069137,-0.007605602362053978,-0.026507507215714345,-0.030167896047031684,-0.03690520603472106,-0.05936734326774382,0.34343161121630156,0.06392570552700391,0.20059399513118753,110.91,,,1.9,Buy,0.6445051317059476,Real Estate,
FSLR,"First Solar, Inc.",,,US3364331070,0.08619001,0.32465,0.42641997,0.018799999999999997,0.233,0.2884105370977503,0.1266235690506781,-0.010062868101324545,0.04475824480268155,,459261654.0,21059780608.0,12.410387,8.428706,2.0405912,-0.02585008733069954,-0.03153106876228546,-0.06252690453821774,-0.035155125007118475,-0.1973457831985694,1.0514390691977953,-0.2345376607470913,0.39316452337211677,195.96,,,1.9,Buy,1.472395288197263,Technology,
FTNT,"Fortinet, Inc.",,,US34959E1091,0.14166,0.28173,0.33595002,0.36194000000000004,0.439,1.5619571230062772,-0.08119845938861159,-0.11225133392791149,-0.2429449689691392,,811014872.8000001,124613926912.0,60.87455,44.957737,80.34058,-0.015876705307588182,-0.014677700231223268,0.08822958947631473,0.08026967740307488,0.06077071608617163,0.29533678756476683,-0.3876589731512011,-0.03250447479981169,169.84,,,2.8,Hold,1.3540394615503,Technology,
FUTU,Futu Holdings Limited,,,US36118L1061,0.045050003,0.46201,0.66746,0.72235,0.43,-0.3448602408696628,-0.5282750869644661,-0.5328729063728354,-0.19792041111872488,0.0233,81928594.4,15703185408.0,11.112103,9.074034,3.136418,0.005836919774477995,0.030261209918661946,-0.006386971839731644,-0.04051737151211213,0.07166096055773713,1.1130180341040976,0.0880836532452459,0.436392643513972,112.01,,,1.4,Strong Buy,1.2246045143758553,Financial Services,
GD,General Dynamics Corporation,,,US3695501086,0.06079,0.08179,0.1038,0.35335,0.134,1.5280069737070248,0.07207981568918344,0.07020205640515477,-0.23249938883387603,0.0179,433891389.0,95520210944.0,21.686117,18.994131,3.5553875,-0.008147245701861374,-0.015476871190887587,-0.008007850366283797,0.0010774564261146048,-0.08753750711336702,0.3170938960487183,-0.09644526271066424,0.1961559552471321,353.05,,,2.1,Buy,1.1417272524865707,Industrials,
GDDY,GoDaddy Inc.,,,US3802371076,0.09882,0.17834999,0.27056998,573.3433,0.298,1.872197841660935,-0.06692315628306744,-0.09471249809161379,-0.12815021474132637,,179538862.79999998,12343085056.0,14.481426,8.837905,1838.8679,-0.007030071473783746,-0.04805623545036499,-0.006220043812811581,0.04123933321373001,0.0786939861201593,0.7443053560435051,-0.2201928996511389,0.0792889390519188,97.46,,,2.4,Buy,1.6385586855708454,Technology,
GE,GE Aerospace,,,US3696043013,0.05065,0.17716,0.20571,1.13225,0.194,1.6035275862928895,0.456612663268956,0.264628773949725,-0.1238892058212415,0.006,1549225392.0,326074761216.0,36.886147,34.57791,18.485384,0.002552074444704538,0.023514126344468023,-0.029011937081704586,-0.03426345328392184,-0.16093976707399688,0.44779966271040833,0.104146116396729,0.27597288955356863,314.27,,,1.5,Buy,1.0667546708288616,Industrials,
GEHC,GE HealthCare Technologies Inc.,,,US36266G1076,0.05131,0.093339995,0.14976,0.93965,0.168,0.8206970129462613,-0.04794812983428161,-0.15534432223878214,-0.4804192166342027,0.0022,216899203.39999998,28966637568.0,14.844906,11.853491,2.6393118,-0.004887884185210445,0.0009364804972930836,0.0031284169227201175,-0.015958235356233218,-0.08789642686935913,0.4969593014189928,0.0915328239513489,0.28644939965694693,64.13,,,1.7,Buy,1.2523657376548394,Healthcare,
GEMI,"Gemini Space Station, Inc.",,,US36866J1051,-0.16046,-2.5013,-1.69194,1.06835,,6.667283824559947,0.030788200464420507,0.009381332399369575,0.8266189040887935,,11862799.899999999,753279296.0,,-2.894147,1.5800924,0.31151246617066264,0.33409873124089223,0.3026905718175556,0.30561803348918576,0.45979898797903107,0.2048192771084338,-0.4492254733218588,-0.10690361445783131,5.81,,,2.9,Hold,,Financial Services,
GEV,GE Vernova Inc.,,,US36828A1016,0.02544,0.23035,0.07466,0.28364,0.328,0.6533729641315791,0.19989731517943207,0.08059287228554118,-0.2772857929130001,0.0022,1970649581.0,250441465856.0,26.525528,37.152172,20.945095,0.016649916692253925,0.06515558568715527,-0.017696176821190998,-0.011261333145593362,-0.0599520029239275,0.54201184690481,-0.00035094062722665543,0.3158582625248581,940.33,,,1.5,Buy,0.7139697781330254,Industrials,
GILD,"Gilead Sciences, Inc.",,,US3755581036,0.14085001,-0.10637999,0.33679,2.2346500000000002,,1.5136966333874244,-0.10829613334044148,-0.1961679089147606,-0.2507195427023802,0.0217,990130063.3000001,186129678336.0,,15.179324,15.748008,-0.0051693246259097965,0.026042357271136254,0.050344099058710026,0.03642605694269772,0.15356456120062736,0.19912064486043557,-0.18060089267870236,0.053548397841582655,150.11,,,1.8,Buy,,Healthcare,
GLPI,"Gaming and Leisure Properties, Inc.",,,US36467J1088,0.06415,0.58529,0.77479,1.5571899999999999,0.479,0.942772755285285,0.12259845106641695,0.17193699498631354,0.43231538967429045,0.0818,135300408.60000002,11857253376.0,11.713017,11.893854,2.31115,-0.012964363062546494,-0.025356941382789207,-0.01615312254856644,-0.02654547808004464,-0.07892473364489996,0.5913109371053294,0.08613286183379631,0.33762364233392256,39.59,,,2.0,Buy,0.9847957609030682,Real Estate,
GLW,Corning Incorporated,,,US2193501051,0.05367,0.111999996,0.15649,0.7144799999999999,0.185,0.1395857298493414,-0.3587641643450655,-0.2683214229971285,-0.44784236851067355,0.0076,1477436836.5,129320239104.0,67.93213,34.513756,10.829547,0.015764525711317107,0.045691943589353315,-0.09777640921432824,-0.10880924838737,-0.04305446979591093,0.5852927462865517,-0.14074468793712114,0.2818057683341105,150.13,,,1.5,Strong Buy,1.9682624516439184,Technology,
GLXY,Galaxy Digital,,,US36317J2096,3.56477,-0.00416,0.96228,1.86687,,0.12551316363947557,-0.1735403307210421,-0.2994262593170633,-0.19263725906964213,,122443141.80000001,14549751808.0,,-72.46632,2.6378207,0.10816872706826404,0.10767155611917469,0.011885261721458828,-0.01829024355894419,0.263561865054993,1.3086269744835966,0.053057918185500146,0.645402997164844,24.69,,,1.6,Buy,,Financial Services,
GM,General Motors Company,,,US37045V1008,0.02247,0.01051,0.03202,2.02341,-0.262,2.2456391471531645,0.10963017290581585,0.06489045798187418,-0.25154998042928733,0.0083,667602918.0,74345914368.0,38.591545,5.4789844,1.1627249,-0.05102750642381432,-0.037132513114613276,-0.03994396912955665,-0.018624666862988123,-0.05256513806904271,0.6058394160583941,-0.08759124087591244,0.26317919708029197,82.2,,,1.6,Buy,7.043558109053934,Consumer Cyclical,
GNMA,iShares GNMA Bond ETF,,,US46429B3336,,,,,,-0.26756410753772736,0.3946494336738239,0.13942616974739466,-0.07365089012129959,0.0431,1503280.8,,,,,-0.007454001931073863,-0.003274853801169604,-0.003274853801169604,-0.01320056278710722,-0.0177962620009372,,,,42.61,,,,,,,
GNTX,Gentex Corporation,,,US3719011096,0.1067,0.15499,0.18993,0.00441,0.258,0.7465048860979377,-0.30314856047405575,-0.33186688671576714,-0.1944649995747214,0.021400000000000002,48458736.0,4685597184.0,11.893048,10.049389,1.846256,-0.00979515108817393,-0.007585892394896308,-0.024133431041357144,-0.01853485658606821,-0.05522518542766262,0.8884892086330937,0.03417266187050367,0.2465026978417267,22.24,,,,,1.1834598103426985,Consumer Cyclical,
GOOG,Alphabet Inc.,,,US02079K1079,0.12958999,0.54771,0.34033,0.18859,2.94,0.7688031018999056,-0.29113036388473384,-0.18313302449361415,-0.33264252103371283,0.0026,5348907722.400001,4212111966208.0,17.237738,23.201982,6.766937,0.0021240902577283425,0.00872801859281461,0.02671035166765443,0.04881538120114249,-0.03361109327151521,0.3791701750820242,-0.012804506257077393,0.2262594001335617,344.41,,,1.4,Strong Buy,0.7429424779314112,Communication Services,
GOOGL,Alphabet Inc.,,,US02079K3059,0.12958999,0.54771,0.34033,0.18859,2.94,0.655922066471569,-0.31315240023855984,-0.17103009994271381,-0.33462535687597245,0.0025,9474281700.0,4274851676160.0,17.424726,23.527227,6.8677306,0.006362863884989035,0.013218125307128627,0.03261447562776963,0.05712991517377582,-0.022320983759419953,0.4733649939921038,-0.027293013675115923,0.22563243119528514,349.54,,,1.4,Strong Buy,0.7406196233835802,Communication Services,
GPC,Genuine Parts Company,,,US3724601055,0.04481,0.00131,0.06562,1.4641499999999998,-0.098,0.9034653861910963,-0.35184172115534146,-0.40038121558973666,-0.45767766845067537,0.0325,141433620.8,17657077760.0,533.6667,15.422426,3.9011908,-0.02139367954119164,-0.022364663992738672,-0.041891030689709084,-0.05294295476441669,-0.027961272937087826,0.32729544034978125,-0.047470331043098155,0.0959946908182385,128.08,,,,,34.60329133691418,Consumer Cyclical,
GPN,Global Payments Inc.,,,US37940X1028,0.023340002,-0.091529995,0.16108,0.98273,-0.952,0.9311844921524887,-0.32815882904432186,-0.3050764766742082,-0.20554509874219473,0.011699999999999999,224805924.6,22508439552.0,40.50476,5.319954,0.97833085,-0.003981282433301512,-0.044054879849902064,-0.03658399458640496,-0.01975601746593427,-0.02724568184249295,1.2807430049376909,-0.17705149306371976,0.2157746296731719,85.06,,,2.3,Buy,7.6137425248413795,Industrials,
GS,"The Goldman Sachs Group, Inc.",,,US38141G1040,0.010720001,0.31039,0.42176998,7.25381,0.923,1.0026334304098106,0.5869881025303173,0.29530313130946534,-0.09244736552028217,0.021,2146686120.0,274283446272.0,14.684333,12.724152,2.6018577,-0.009952989578984614,-0.035498155484262016,-0.08470826207386203,-0.0843523657396278,-0.08325393683856384,0.40658174097664546,-0.22505307855626328,0.21194267515923576,942.0,,,2.6,Hold,1.15405199497774,Financial Services,
GSAT,"Globalstar, Inc.",,,US3789735079,0.00386,-0.18488,-0.07372,1.4324299999999999,,0.3871741923069385,-0.402255058435875,-0.48325918402781015,-0.497896808530798,,47710869.6,10733031424.0,,336.3378,36.687332,0.0038778886324698472,0.012342638963036405,0.004364653593774944,0.014201759188175676,-0.004805356487684728,0.08643167551907287,0.08643167551907287,0.08643167551907287,82.84,,,,,,Communication Services,
GWW,"W.W. Grainger, Inc.",,,US3848021040,0.19934,0.09923001,0.16072,0.6197699999999999,0.205,0.3140641566964259,0.03103649171124414,-0.018228856538611678,-0.2583905242345288,0.0079,337703558.2,59658526720.0,32.155624,24.814037,14.441543,0.003168052442832243,-0.002300086827006643,-0.010460937500000078,-0.009555575388918266,-0.010522840215379671,0.18426350652529203,-0.13154009521478585,0.05207711923954504,1266.61,,,2.8,Hold,1.29586427230684,Industrials,
HAS,"Hasbro, Inc.",,,US4180561072,0.13079001,0.15968001,0.22157,5.310420000000001,,1.055569663608784,-0.2943399435269872,-0.37483362667556414,-0.39811360873511775,0.0315,139826521.79999998,12351263744.0,15.581851,13.4192295,17.542067,-0.013406963807910219,-0.029265038368979115,-0.04336902857572448,-0.01573565473187107,-0.03776773701476146,0.37033230558410424,0.02774922918807819,0.252059609455293,87.57,,,1.5,Strong Buy,1.1611583958676615,Consumer Cyclical,
HD,"The Home Depot, Inc.",,,US4370761029,0.121379994,0.0841,0.12858,3.80261,0.046,1.068555756336366,0.04328617356950278,0.012932601154445793,-0.09631934863584193,0.0308,1327357503.6000001,299286921216.0,21.18503,18.719736,18.016817,-0.00836339190093297,-0.01800448732658407,-0.028373357878663453,-0.03372527555273229,-0.1354124691009674,0.4167611174078271,0.03340222681512094,0.25737549169944657,299.98,,,1.9,Buy,1.1316949127915052,Consumer Cyclical,
HDV,iShares Core High Dividend ETF,,,US46429B6636,,,,,,0.42984865454877097,-0.04790852088521264,-0.18819613158835152,-0.31676939312850466,0.0334,122002449.6,,21.491783,,,-0.004502973171262713,-0.01689817130983452,-0.01115888048078513,-0.00979867642714851,0.006187363939169698,,,,28.74,,,,,,,
HII,"Huntington Ingalls Industries, Inc.",,,US4464131063,0.042779997,0.05013,0.0708,0.55252,0.365,2.1199562447531863,-0.07064402537798005,-0.11654505425381347,-0.2747063924704166,0.0199,134863783.6,10751938560.0,16.496975,13.096382,2.0240638,-0.015443510219434914,-0.02361694574136931,-0.0244199019692779,-0.028449371300959335,-0.14802182097462568,0.6088836766107161,0.11412445942974414,0.350203987392802,272.86,,,,,1.2596589653539427,Industrials,
HIW,"Highwoods Properties, Inc.",,,US4312841087,0.0218,0.20107001,0.26328,1.3264799999999999,4.002,0.12433811436810913,-0.27794984449160864,-0.23691699502189498,-0.516277637386036,0.065,36203450.4,3416879616.0,20.416107,43.45714,1.4189095,-0.012016917977444789,-0.011053323353443735,-0.01648885548476496,0.004623491089160981,-0.0180912769878293,0.15055884286653512,-0.013806706114398477,0.06289710716633776,30.42,,,2.8,Hold,0.46979867980267453,Real Estate,
HLT,Hilton Worldwide Holdings Inc.,,,US43300A2033,0.11026,0.31034002,0.62987,,0.141,0.38151265581757354,-0.25002549857290696,-0.24609399452934697,-0.314304332463579,0.002,500620645.8,68809097216.0,44.894276,29.242357,-10.947471,0.010544031747802657,-0.006692902588555596,-0.0015023431128985334,-0.004104336540136139,-0.05003673107120907,0.28871880417361717,-0.11686782455107453,0.1546135479017433,305.73,,,2.0,Buy,1.5352482017779894,Consumer Cyclical,
HON,Honeywell International Inc.,,,US4385162056,0.0572,0.21581,0.20249,1.85369,2.639,0.8941948536922627,0.09117641919255372,-0.025670595211395652,-0.32993067041563384,0.013600000000000001,708199092.0,65435435008.0,7.9377165,20.772694,3.5300155,-0.00014531208468125052,0.01484465946889458,0.020260918053380917,0.007465999994639024,-0.13982104062832026,0.4675966288869514,-0.09909909909909913,0.2751755303690787,206.46,,,2.0,Buy,0.3821226317587887,Industrials,
HONA,Honeywell Aerospace Inc.,,,US43849R1059,,0.10862,0.14684,,-0.709,2.2692281968967363,0.47589348928979563,0.2136200873504578,0.3008892776155543,,688590764.0,51853467648.0,50.965733,18.001781,-9.102036,-0.021121311432304807,0.03217665615141952,0.03374197951797223,0.07929804739244126,0.04556783232358966,0.5647921760391199,0.0696821515892421,0.2805623471882641,163.6,,,2.5,Buy,2.8311494845982184,Industrials,
HOOD,"Robinhood Markets, Inc.",,,US7707001027,0.04528,0.42011002,0.43884,2.40279,0.476,0.7987161484235079,0.3085747907814215,0.12225101093690882,-0.08577455320854308,,3088934437.7999997,107728044032.0,48.51012,35.401524,11.362731,0.09115747804351772,0.08483479683705804,0.06440437349942639,0.039382384357887906,0.32091281236172187,0.4187948589550994,-0.5242864296444667,0.0794401602403605,119.82,,,1.7,Buy,1.370283381020546,Financial Services,
HPQ,HP Inc.,,,US40434L1052,0.05629,0.04143,0.05396,,-0.113,1.3224416831883132,-0.08505458913756798,0.1714007995090152,0.03537178601565239,0.0346,627446368.0,31021611008.0,13.23077,10.962502,-337.2549,-0.00750143821571666,0.01714962479034388,-0.03043967181991278,0.062056210195358626,0.2325871430321966,1.0930232558139537,-0.4476744186046511,-0.13765377906976742,34.4,,,3.3,Hold,1.2069115243947046,Technology,
HR,Healthcare Realty Trust Incorporated,,,US42226K1051,0.0086,-0.07571,0.14713,1.03031,,1.1932477694062376,0.19298349241751095,0.03577489758773883,-0.14903974367166165,0.052199999999999996,60162500.2,6336179712.0,,260.85715,1.4839495,-0.007608675077866906,-0.02091150812372006,-0.03386241436231523,-0.03437333964341952,-0.08485661636747054,0.3143483023001094,-0.014238773274917937,0.1728734939759035,18.26,,,2.5,Hold,,Real Estate,
HRL,Hormel Foods Corporation,,,US4404521001,0.04634,0.028210001,0.08615,0.36326,-0.672,1.2959025541572615,-0.26253696779343916,-0.1596210875064657,0.24048770648117235,0.0564,94844822.39999999,11463806976.0,33.596775,13.408174,1.4615493,0.003371857916493513,0.0019239578023674156,0.012639781673949187,-0.00667617157552013,-0.1697887655113664,0.4402304368698993,0.1041766682669228,0.25420067210753733,20.83,,,2.6,Hold,2.5056935418648356,Consumer Defensive,
HST,"Host Hotels & Resorts, Inc.",,,US44107P1049,0.0433,0.16474001,0.18215,0.8529800000000001,0.084,1.352513632607841,-0.01864052422626382,-0.14885160610302903,-0.07689881486881339,0.0365,199181673.6,15172826112.0,14.657718,20.68985,2.34184,-0.002739708656410479,-0.013104345764311177,-0.017985601404439822,-0.009074451325745716,-0.06586822994206246,0.32783882783882784,-0.03846153846153846,0.1579821428571429,21.84,,,1.9,Buy,0.7084496987653366,Real Estate,
HSY,The Hershey Company,,,US4278661081,0.09922,0.12242,0.23119,1.29821,6.31,1.7852192316925184,-0.01679906308236171,-0.1403761176357301,-0.36281544872005683,0.0345,280032949.09999996,34115166208.0,22.975643,17.205736,7.4767714,0.008673428105885958,-0.0036967385031935855,-0.020366992701629633,-0.013938105623890352,-0.06499284671500957,0.47240709111255086,0.0012368219565345895,0.2104588020495907,169.79,,,2.5,Buy,1.3353478746855119,Consumer Defensive,
HWM,Howmet Aerospace Inc.,,,US4432011082,0.12815,0.20522,0.28504,0.81368,0.33,0.5367484154352977,0.07155449832578342,0.07545832329632039,0.16166799572439308,0.0025,1053036950.0,91592720384.0,48.556026,35.564358,16.027216,0.017319301861719597,0.022254871018847915,0.00026131000169388977,-0.012681605962984338,-0.20688588146348633,0.6327774633169331,0.11708102930291295,0.4705487873906041,229.67,,,1.4,Strong Buy,1.3653002255797786,Industrials,
HY,"Hyster-Yale, Inc.",,,US4491721050,-0.029289998,-0.033299997,-0.06458,1.2195099999999999,,0.9034805890227576,-0.14511547054465707,-0.11142582900193784,-0.058746724794680516,0.0436,3007196.4,601385216.0,,16.281555,1.5407939,0.007509734983397047,0.004191570889977943,-0.002082731600129868,-0.038417460638789,-0.08214696134223137,0.6398330351818724,0.3416815742397138,0.4907573047107931,33.54,,,,,,Industrials,
IBM,International Business Machines Corporation,,,US4592001014,0.053039998,0.15522,0.16548,1.8897,-0.018,0.565556206763209,-0.36494369716485553,-0.354030920976762,-0.5847333586080257,0.028399999999999998,1436597356.0,216266948608.0,21.098345,17.439816,6.277346,-0.03449001051524706,-0.0757740286152831,-0.056475784723185166,-0.04330250202420288,-0.009567394637828937,0.5247222827270747,-0.2419952080156829,0.06881703332607267,229.55,,,2.2,Buy,1.2097802522687164,Technology,
ICE,"Intercontinental Exchange, Inc.",,,US45866F1049,0.02172,0.38246,0.52626,0.69226,0.142,0.07995681670094922,-0.3256554852488241,-0.36760134160415464,-0.31742779772245583,0.013600000000000001,505311703.4,87280001024.0,21.653204,17.665781,2.9514391,0.014155230952666992,-0.005819092495218097,-0.008977285581741167,-0.0032781055549425293,0.04164927020321034,0.492249308548273,0.04843378143693318,0.204642053129221,155.47,,,1.5,Strong Buy,1.2257145042158057,Financial Services,
IDXX,"IDEXX Laboratories, Inc.",,,US45168D1046,0.27085,0.25030002,0.3498,0.67971,0.176,0.870390374467293,-0.21006265642056826,-0.2524793051974488,-0.27779250579402354,,277252902.0,40308359168.0,35.580666,30.565063,25.025679,0.010207686190030924,0.0018013216256768582,0.01377053224662455,-0.006794184699968694,-0.13279661016949157,0.5733411511775629,-0.0814033030391869,0.3660179810417278,511.65,,,2.2,Buy,1.1640959483708573,Healthcare,
IEMG,iShares Core MSCI Emerging Markets ETF,,,US46434G1031,,,,,,-0.37906325229336135,-0.14475876945915678,-0.237026421312336,-0.378256236349822,0.022000000000000002,689663613.0,,14.317743,,1.2645369,0.001963190184049038,0.019475674851391064,-0.011020948264352048,-0.01909909909909914,0.029241287738771937,,,,81.66,,,,,,,
IFF,International Flavors & Fragrances Inc.,,,US4595061015,0.0227,0.02569,0.08495,0.44821,-0.916,1.164970724057496,-0.10180339327436623,-0.12343648657715617,-0.2485814063149246,0.018799999999999997,149072483.2,21167241216.0,,20.944153,1.5154449,-0.01834104954502149,-0.010533416928356168,-0.0030778348160096043,-0.011354957011887564,-0.014161363823457916,0.2656702025072325,-0.08389585342333648,0.15303230472516877,82.96,,,1.8,Buy,,Basic Materials,
IIPR,"Innovative Industrial Properties, Inc.",,,US45781V1017,0.03275,0.52268004,0.48824,0.32892000000000005,0.577,2.0455088570608644,-0.23681661751580874,-0.32097960270189335,-0.19811403006351277,0.13470000000000001,14091883.2,1533518336.0,12.75688,12.669704,0.89023334,-0.014354072316060049,-0.01400460644476237,-0.011200000000000045,-0.023696703383824604,-0.04678660746378396,0.6181229773462784,-0.08306364617044225,0.15965480043149952,55.62,,,,,1.0068806658782243,Real Estate,
INDI,"indie Semiconductor, Inc.",,,US45569U1016,-0.10552,-0.64785004,-0.54807997,1.33876,,0.8519690599714475,-0.22627495134106648,-0.2658163978578573,0.15958244444938696,,14926831.2,711653248.0,,37.185074,2.2343524,-0.019169364935194378,-0.0032467285564157723,-0.0835820634637538,-0.0640243820797326,-0.10495628564157852,1.6058631921824105,0.3843648208469056,0.8627850162866451,3.07,,,1.6,Buy,,Technology,
INR,"Infinity Natural Resources, Inc.",,,US4569411030,0.10323,0.11537,0.74872,0.37265,-0.257,1.4198810956189398,0.684530010159857,0.5082192885758072,-0.168610672283658,,3760413.6,237126608.0,4.371134,3.8946724,0.59436476,-0.01624132252276275,-0.13292433988770433,-0.14745308746944819,-0.16425757051033538,-0.0015698407753117318,1.0440251572327044,0.4150943396226414,0.7393867924528301,12.72,,,1.1,Strong Buy,1.1223367593125417,Energy,
INTC,Intel Corporation,,,US4581401001,0.0141199995,-0.19794,0.12189999,0.48997,,0.6333627826086404,0.11167662730984243,0.006904248122342826,-0.13233327695457173,,12429053886.0,574070980608.0,,52.66527,6.256121,-0.0018382632918004028,0.11797406508500322,0.05498346050472878,0.022213875975945235,0.0880673545377661,0.841620626151013,-0.30939226519337015,0.07156620626151018,108.6,,,2.5,Buy,,Technology,
INTU,Intuit Inc.,,,US4612021034,0.1047,0.21289,0.17638999,0.4434,-0.014,0.8607385741361332,-0.241688512251015,-0.2692468465440644,-0.18059252976280643,0.0176,1100455392.1,81023287296.0,19.008778,11.087414,4.3422036,-0.03174401918632009,-0.07920548450769678,-0.05715709458465556,-0.0342422193979967,-0.058152910593479726,1.4143276493288037,-0.04350407335334278,0.337774992578911,303.19,,,2.1,Buy,1.7144464886041053,Technology,
INVH,Invitation Homes Inc.,,,US46187W1071,0.02479,0.23197001,0.25115,0.9442499999999999,0.605,2.007795705143187,0.2774683336451211,0.3370800658340594,-0.08648549338972499,0.044199999999999996,136393604.1,15893670912.0,24.916666,37.85396,1.755267,-0.008839765079277202,-0.026410977053850163,-0.022875849476538777,-0.045067434046213335,-0.11392824312219334,0.5235971757710888,0.04050538833147528,0.2456982534373839,26.91,,,2.2,Buy,0.6582314241363387,Real Estate,
IONS,"Ionis Pharmaceuticals, Inc.",,,US4622221004,-0.12425,-0.64658,-0.38176,4.97802,,1.079270045275443,0.8493117995393424,0.6012410811024534,-0.23392040814343776,,232459862.79999998,7385230848.0,,-39.953247,16.73823,-0.049411764705882405,-0.05947089947089952,-0.18022503688385183,-0.20671189509351084,-0.18443753659193463,1.362736273627363,0.2151215121512152,0.8860976597659767,44.44,,,1.8,Buy,,Healthcare,
IQV,IQVIA Holdings Inc.,,,US46266C1053,0.05061,0.08096,0.13027,2.57975,-0.006,3.034278017873555,0.1698366106449854,0.09527122349418994,-0.1380876636487782,,387252126.8,43852734464.0,33.554157,18.425283,7.106239,-0.011208441263516462,-0.01205181616755951,0.017763728393193606,0.03673433189390796,0.14623761302454516,0.12604158846933405,-0.07289242549358162,0.04325662487801214,266.42,,,1.4,Strong Buy,1.8210931685554026,Healthcare,
IRDM,Iridium Communications Inc.,,,US46269C1027,0.051149998,0.10548,0.15099,3.7865699999999998,-0.55,2.0293001899871204,-0.34714534420549564,-0.36255697765556383,-0.6305317710573176,0.0126,59534000.7,4956756992.0,54.38372,27.271137,10.486547,-0.014953655203908279,-0.006795501200912642,-0.007982849286552003,-0.0029237048228484587,-0.02872264229177081,0.1545862732520846,-0.23027581783194362,-0.10198845413726754,46.77,,,,,1.9941860143198282,Communication Services,
IRM,Iron Mountain Incorporated,,,US46284V1017,0.04634,0.055359997,0.19059,,,0.5801346754470231,-0.01762544791486538,-0.11432683201656642,-0.2638982352537252,0.030299999999999997,192168951.20000002,34039339008.0,80.521126,41.910877,-26.572159,0.002982456140350907,0.020528374381277862,0.0004204459752074899,7.316853774233788e-05,-0.05519490061018929,0.35560608710862335,0.22441840125940174,0.27864264474374656,114.34,,,1.7,Buy,1.921246506008452,Real Estate,
IRT,"Independence Realty Trust, Inc.",,,US45378A1060,0.01286,0.06421,0.14755,0.7015600000000001,-0.667,0.4427011054251957,0.39868135713267844,0.46214979236310083,0.039568576860137705,0.0478,68165778.89999999,3574539008.0,82.166664,184.875,1.0360771,-0.017275759962775708,-0.025049444586870483,-0.02633308699362111,-0.028890318809012962,-0.12897524153571904,0.4874915483434754,0.1494252873563219,0.3028553076402976,14.79,,,1.7,Buy,0.44444443002028394,Real Estate,
ISRG,"Intuitive Surgical, Inc.",,,US46120E6023,0.10512,0.28445998,0.33603,,0.265,0.6131810882981612,-0.30026913345783235,-0.20905359158642173,-0.3563805150888664,,1112636170.8,140921503744.0,44.04591,32.529274,7.661576,0.025525346083761852,0.04287304109896289,0.0655018461419671,0.11349227401751776,0.05250062613667177,0.74154018254392,-0.17626420562886122,0.21105641573233683,393.33,,,1.8,Buy,1.3540391341042533,Healthcare,
IT,"Gartner, Inc.",,,US3666511072,0.1017,0.11996,0.22623,,0.331,0.9166161417123919,-0.28644349119629725,-0.19231768623718942,-0.16044388220309455,,235676792.4,11731816448.0,16.889091,11.356655,-71.50885,-0.010756139610930129,-0.05030158144770826,0.03446741905636636,0.09481995006835837,0.005194203212519049,0.2326407578856712,-0.19259339003121972,-0.003370384325546321,185.78,,,2.8,Hold,1.487153655719928,Technology,
ITT,ITT Inc.,,,US45073V1089,0.05984,0.08896,0.123959996,0.7973,-0.375,1.2884166917892812,0.09317186224995762,0.006357373703010766,-0.2556348517814684,0.0076,175408678.9,18369548288.0,39.8577,21.286142,3.807848,0.008185012876037623,0.032728897050612334,0.0016165406649271063,0.0313225343751835,-0.044554851187829994,0.3938475081919108,-0.14412872304005478,0.2636797574216265,204.47,,,1.4,Strong Buy,1.8724717706007974,Industrials,
ITW,Illinois Tool Works Inc.,,,US4523081093,0.16924,0.19393998,0.26900998,3.3485300000000002,0.101,0.6450249246402439,-0.15403993308299765,-0.137196927107222,-0.31778601428670933,0.025699999999999997,344313371.6,76730818560.0,24.20665,21.72607,26.512499,0.007139883236699913,0.00305284392349706,0.004698673630234129,0.020568998698792165,-0.08578218920897648,0.2990869274738326,-0.07579244302575909,0.12278227303095532,269.42,,,3.2,Hold,1.1141752742212467,Industrials,
IVV,iShares Core S&P 500 ETF,,,US4642872000,,,,,,0.029273879829536664,1.0894683886911243,0.6544583537630371,0.26972890134325095,0.0106,8346202753.2,,24.596003,,1.7752383,0.0010993389322697604,0.0079590911320956,-0.0010279286858990862,0.0013453821791041068,-0.00647478385932979,,,,764.92,,,,,,,
IVVW,iShares S&P 500 BuyWrite ETF,,,US46438G7117,,,,,,-0.7014940577249575,-0.3370839193624004,-0.3408560311284047,-0.15857944320948444,0.0861,2638603.968,,24.590654,,,0.0034484710710774333,0.00926042806869416,-0.0016373086462406,0.0018951520783604284,0.012983910786310521,,,,45.3057,,,,,,,
JKHY,"Jack Henry & Associates, Inc.",,,US4262811015,0.12989001,0.19760999,0.22503,0.03793,-0.104,1.4407620430347703,0.29878501313424577,0.17950214379606763,-0.18044002281514862,0.015600000000000001,187524898.5,10856937472.0,22.377169,19.71775,5.287871,-0.008706271400130871,0.0050625860888022095,-0.03891506521352081,-0.02290507209364017,-0.009729490473076767,0.34969325153374237,0.09783661608007753,0.22851333548595415,154.85,,,1.8,Buy,1.1348743644685626,Technology,
JNJ,Johnson & Johnson,,,US4781601046,0.08595,0.21482,0.2919,0.57709,-0.009,1.2693956646198363,-0.23763237491842965,-0.2938544941278009,-0.2636773638678189,0.019799999999999998,1783278550.2,650648485888.0,31.357723,22.243368,7.65191,-0.0008511628290433675,0.010441570604446783,0.016605217451256996,0.010895662625574539,0.05580806823213781,0.18522908255861323,-0.2962702322308234,0.029331086336531035,269.99,,,1.9,Buy,1.409756067516394,Healthcare,
JPM,JPMorgan Chase & Co.,,,US46625H1005,0.0136,0.34921002,0.50394,,0.469,1.3751565175228095,0.2637981169144859,0.15149027833662476,-0.36909387396995585,0.0172,2904785617.4,929488044032.0,14.96875,13.993524,2.6289594,0.001030610185572712,-0.008000199473749418,-0.018415099188765088,-0.014208766531789093,-0.018607881055615266,0.24688992478622696,-0.12774902050504766,0.07352918465982203,349.67,,,2.1,Buy,1.069691237175139,Financial Services,
KDP,Keurig Dr Pepper Inc.,,,US49271V1008,0.03378,0.07103,0.12888,0.99649,-0.9,0.7855272427054711,-0.11152374246519127,-0.1848773473590777,-0.305194792318065,0.029300000000000003,337723444.8,42131169280.0,31.591835,12.21456,1.683066,-0.014953875297875273,-0.016830732771369077,-0.013698610959203735,-0.03491277328951027,0.019427038013262538,0.3565891472868217,-0.0633074935400517,0.1694405684754522,30.96,,,1.8,Buy,2.586407942652048,Consumer Defensive,
KEYS,"Keysight Technologies, Inc.",,,US49338L1035,0.072270006,0.19143,0.25677,0.42094000000000004,1.091,0.24507281091409763,0.043536061960954234,-0.1432820449882474,-0.12206147798742127,,327566350.0,57031991296.0,44.84605,24.150114,8.682131,0.010741001485549727,0.06905800248924347,-0.010748920656102669,0.012053986636839632,-0.005816688938690876,0.3492537313432836,0.04477611940298507,0.23905474626865678,335.0,,,1.6,Buy,1.8569705302426316,Technology,
KHC,The Kraft Heinz Company,,,US5007541064,0.0363,-0.13639,0.1549,0.52591,,0.6089467624552407,-0.051083788784101095,1.5695237617557336,0.43985293678005716,0.0647,734767673.5,28969674752.0,,11.696998,0.8047037,-0.012130996675675616,-0.012130996675675616,-0.006910584505428783,-0.007314124578926266,-0.005586214242702904,0.6782644289807613,-0.2222677036430618,0.02694392140810476,24.43,,,3.1,Hold,,Consumer Defensive,
KIM,Kimco Realty Corporation,,,US49446R1095,0.023740001,0.27759,0.36565,0.84993,-0.058,0.9919194179369186,0.3155585852033468,0.5923684183943188,0.08578524107074957,0.0496,150795993.6,15112885248.0,26.197676,25.602274,1.4710108,-0.0017722505700073356,-0.02000868967802473,-0.028460565711860033,-0.04412387391980294,-0.06685005125045172,0.37594318686196176,0.06524633821571232,0.19470350643586323,22.53,,,2.4,Buy,1.023255824853683,Real Estate,
KLAC,KLA Corporation,,,US4824801009,0.20799999,0.35574,0.42486,0.9688,0.138,0.7410962977873895,-0.30171547099049983,-0.2514135236934169,-0.3266585931693819,0.0054,1928626401.9,231245725696.0,46.09115,26.395184,36.43269,0.04740208589764769,0.05338647482113703,-0.020205931144714074,-0.03236566367931095,-0.08296221311974393,0.836261935702582,-0.011243573083225092,0.32080473473077564,176.99,,,1.9,Buy,1.7461954423200838,Technology,
KLIC,"Kulicke and Soffa Industries, Inc.",,,US5012421013,0.08999,0.121800005,0.20661,0.0418,,0.5628298986250416,-0.3489172994137625,-0.35500045569158795,-0.3852750396431094,0.01,56195988.8,4350642688.0,37.96347,14.083577,4.7710314,0.014892600809617365,0.057936331555111145,-0.032220998337587126,-0.005075080939655042,-0.08057792010286555,0.3832090449843637,0.2027904738994467,0.2829765455857589,83.14,,,,,2.6955843675225406,Technology,
KMB,Kimberly-Clark Corporation,,,US4943681035,0.10195,0.1179,0.19002001,3.48933,-0.323,0.6329164880305493,0.12302806513139955,0.4317040223922626,-0.12798343763828302,0.0521,578554191.6,32546185216.0,19.416666,13.081558,18.597492,-0.0033608558223957243,-0.008309690946897704,-0.00295467673326977,-0.00851060764148431,-0.08858572077312613,0.6554261189454322,-0.08031882280809319,0.19558553034947884,97.86,,,2.4,Buy,1.48427779015313,Consumer Defensive,
KO,The Coca-Cola Company,,,US1912161007,0.09401,0.28558,0.34873,1.1551900000000002,0.169,0.7016656988017382,-0.055410074409532405,-0.1504045572656406,-0.24005824237406084,0.0241,1411413137.5,379699953664.0,26.422157,25.025663,10.504702,0.00215764758884788,-0.005185425422388175,0.0055113557782220214,0.014010257480197961,0.022183127405095652,0.17847025495750707,-0.1501416430594901,0.07303852691218131,88.25,,,1.8,Buy,1.0558024776406523,Consumer Defensive,
KRC,Kilroy Realty Corporation,,,US49427F1084,0.015700001,0.1547,0.23993,0.85616,-0.702,1.9738534854177727,0.44738077165983936,0.2233194352572143,-0.144301652428295,0.06280000000000001,56406590.099999994,4020058624.0,24.105635,100.67647,0.76178396,-0.005519993580846187,-0.00782608695652183,-0.019197750618494748,-0.02976187119124964,-0.08181327465575639,0.46070698217937495,-0.09436167104878752,0.17482588372772428,34.23,,,2.8,Hold,0.23943663300868614,Real Estate,
KRG,Kite Realty Group Trust,,,US49803T3005,0.01818,0.41806,0.24018,0.96238,0.58,1.3487440716911132,-0.2785762335200972,-0.3382759901378411,-0.28116074593292967,0.045700000000000005,56572340.9,5218147840.0,15.89375,74.79412,1.775714,0.0011811173984364886,-0.01357644209942999,-0.017767454634717322,-0.02305035231725268,-0.04792209391039475,0.33700353912701536,0.10106173810460088,0.21466338969720802,25.43,,,2.5,Buy,0.2124999933149825,Real Estate,
KVUE,Kenvue Inc.,,,US49177J1025,0.06992,0.107609995,0.19418,0.8161700000000001,0.085,0.1812555509400023,0.518421697964458,0.7735821015108646,0.179578082290282,0.047,603172160.5,34208974848.0,20.95294,14.365104,3.2405386,-0.003357629346142419,-0.006138397088483486,0.0016872504047214846,0.003380281690140773,-0.06107825124444551,0.291409320606401,0.010668163952835558,0.09489051094890519,17.81,,,2.8,Hold,1.4585999516606354,Consumer Defensive,
LAD,"Lithia Motors, Inc.",,,US5367971034,0.03924,0.01883,0.04611,2.57698,0.169,2.142614691692826,0.31802655180227396,0.04484159008668944,-0.43112223416222056,0.0087,102525245.89999999,6952600064.0,10.648821,7.414906,1.0868198,-0.01681793334667835,-0.08568703809752273,-0.11661356989784603,-0.13991624347304185,-0.1567932558661393,0.6599740727859109,0.07503082808992323,0.42536440383216884,316.27,,,1.8,Buy,1.4361370191341603,Consumer Cyclical,
LAMR,Lamar Advertising Company,,,US5128161099,0.06603,0.23905,0.33283,5.0011399999999995,0.039,1.443651865370164,-0.21673441794246098,-0.3093495079680916,-0.2656135920367341,0.045,74206582.6,14908508160.0,26.790146,22.655863,15.180437,1.6629700244353866e-08,-0.006832683494619667,-0.015226736001970076,-0.013572544555550722,-0.08243749999999998,0.15795926707989918,0.028540290170969262,0.10482937129623313,146.81,,,,,1.1824818149721332,Real Estate,
LCID,"Lucid Group, Inc.",,,US5494982029,-0.30702,-2.49214,-2.61009,1.9784,,-0.11666038093982598,-0.1323275590237555,-0.21509071666837837,-0.544099704644883,,50061763.6,1611747072.0,,-0.7918684,-1.5232775,-0.044392570208976134,-0.007281525823394823,-0.030805639017756115,-0.04215456246617056,-0.4140401162143693,3.1564792176039123,0.2224938875305624,0.983156479217604,4.09,,,,,,Consumer Cyclical,
LFUS,"Littelfuse, Inc.",,,US5370081045,0.06701,-0.00308,0.18799,0.27093,0.517,0.6588422770683078,-0.2931324241678542,-0.2943295365763395,-0.5279003348434115,0.008,89439926.4,10359641088.0,,20.300112,3.9561975,0.015030867303289992,0.030859014223719197,-0.05648852297600259,-0.0334139310375651,-0.11012096256045033,0.2748847700304011,0.017456114543493197,0.19826909875453566,407.88,,,,,,Technology,
LII,Lennox International Inc.,,,US5261071071,0.15994,0.14871,0.22856002,1.5608199999999999,0.001,0.7034661647083176,-0.13705346719589068,-0.036723852467678834,-0.1593966549359649,0.0151,187079799.4,12415232000.0,15.951599,13.743739,9.57028,0.0004177716200961333,-0.008172512828774422,-0.01860454700564817,-0.044041723436741516,-0.1755674593383205,0.6702391225677142,0.04389945160482137,0.3715233137544191,359.23,,,2.5,Buy,1.1606447852363901,Industrials,
LIN,Linde plc,,,,0.07164,0.20435,0.28119,0.68947,0.113,1.159820178986691,-0.1759212680604582,-0.2195415364213318,-0.16162977059983732,0.013999999999999999,1004298144.0,212235255808.0,29.588688,23.543587,5.430654,0.004187726765974769,-0.005529617034578135,-0.012483379532119273,-0.013393322572014896,-0.05752544369227645,0.2597741094700261,-0.13119026933101646,0.18245004344048654,460.4,,,1.7,Buy,1.2567621068106574,Basic Materials,
LINE,"Lineage, Inc.",,,US53566V1061,0.00753,-0.03147,0.03674,0.9500799999999999,,0.22010188592785643,-0.12945938739022295,-0.04957846213170214,-0.21484242373126938,0.0562,32876851.500000004,9230028800.0,,-53.347828,1.0619086,-0.029783834148941854,-0.04352346586428335,-0.02490066225165557,-0.020750203496186715,-0.09424211238113327,0.7114914425427872,-0.049171420809562674,0.22098451507742453,36.81,,,2.6,Hold,,Real Estate,
LITE,Lumentum Holdings Inc.,,,US55024U1097,0.05815,-2.3009598,0.27954,0.35987,,0.9900277246448451,0.024227980798370404,-0.03134945632822976,0.019568822553897212,,4221509286.2,83502620672.0,,23.448614,17.760712,0.04174082123059867,0.10959995186795753,0.0041853775827173706,-0.05871704343421231,0.1107915933368655,0.503904781342987,-0.11914148521339332,0.2346829446455619,930.91,,,1.5,Strong Buy,,Technology,
LLY,Eli Lilly and Company,,,US5324571083,0.20357001,0.33528998,0.54222,1.6207099999999999,0.262,0.7132452164174381,-0.3508979305560977,-0.3233103483880084,-0.17551922445215132,0.006,2585606935.2000003,1028115464192.0,38.753952,24.352015,30.338669,0.00042523569007168907,0.014804917539064415,0.0333692304898109,0.025546864073815782,-0.0313420413521496,0.3877685548992566,-0.1933595274648071,0.1491316038267718,1152.93,,,1.6,Buy,1.591406378486544,Healthcare,
LMT,Lockheed Martin Corporation,,,US5398301094,0.08638,0.08163,0.119569995,2.34238,4.438,1.4711756635533746,-0.08957857103693667,-0.1219315971908536,-0.19615854427915988,0.0256,710222139.0,123099168768.0,19.843006,16.284359,13.991396,-0.0087532320251196,-0.00015000556622845912,0.017531806245429108,0.017007927494250088,-0.07921577222025071,0.41737597960178485,-0.05695751621733097,0.20031159773519827,533.38,,,2.4,Buy,1.2185315983269591,Industrials,
LOW,"Lowe's Companies, Inc.",,,US5486611073,0.12519,0.073460005,0.13365,,0.0,0.9690124828487089,0.05365162740945131,0.009709677659550773,-0.01877157796118808,0.025699999999999997,600216543.3000001,107997290496.0,16.42406,14.774964,-14.5198765,-0.008754325248639871,-0.010893585137981793,-0.021999833162723047,-0.030765387289721016,-0.11863550650447817,0.5065717699620759,-0.007740661852563817,0.3107331289937139,192.49,,,1.8,Buy,1.111614214423805,Consumer Cyclical,
LRCX,Lam Research Corporation,,,US5128073062,0.22840999,0.31272,0.37390998,0.33049,0.348,0.8818267659667567,-0.11568107860137375,-0.026054080797566218,-0.3831453445758871,0.0049,2994405019.7000003,360518057984.0,46.695297,24.726564,28.90639,0.06980803762146241,0.06364678699593104,-0.03390115075890239,-0.08779760847079235,-0.057755795690211546,0.7354482662871819,0.0065599944465655,0.2950922564298358,288.11,,,1.5,Strong Buy,1.8884668731167014,Technology,
LUNR,"Intuitive Machines, Inc.",,,US46125A1007,-0.055170003,-0.26635998,-0.18099001,0.52818,,0.6111534436466177,-0.2623708709350897,-0.3431410683920348,-0.15166164531950357,,89320603.2,2233496064.0,,-89.80645,-8.121354,-0.058823526984243875,0.003604910948339381,-0.02996518258110917,-0.06827306620025565,-0.06764904785873613,2.089080459770115,-0.0660919540229885,1.1192528735632183,13.92,,,,,,Industrials,
LW,"Lamb Weston Holdings, Inc.",,,US5132721045,0.060310002,0.043860003,0.097729996,2.21223,-0.062,0.22644189951112723,-0.01945080176524283,-0.08218365258380966,-0.33649708618154406,0.0327,62815486.5,6416338432.0,22.330143,13.833312,3.5153658,0.004520037013895027,-0.008919094313589788,-0.02466036597178316,-0.0303345322192906,-0.09676791844653883,0.3927576601671309,0.11420612813370469,0.18384401114206123,46.67,,,2.5,Buy,1.6142296942337453,Consumer Defensive,
LXP,LXP Industrial Trust,,,US5290434084,0.00896,0.18656,0.16078,0.69889,,0.33233454469215185,-0.1523694498541474,-0.014821823069461965,-0.12936200240753803,0.046,54195696.300000004,3585191424.0,61.424244,-3040.5002,1.9337298,-0.000985689714762503,-2.258330837588898e-08,-0.0004930991537253023,0.0004936035094713824,0.004293984578290762,0.06890314093076792,-0.07909883242887686,-0.013320177602368068,60.81,,,2.4,Buy,,Real Estate,
MA,Mastercard Incorporated,,,US57636Q1040,0.24063,0.46339,0.61108,4.39583,0.221,0.7883330603038539,-0.2891438059756026,-0.285299637316319,-0.24866996826805227,0.0062,1399743378.8,495155838976.0,31.159868,24.54917,88.373985,-0.0008661030627084764,-0.014007394870947477,-0.006939690480267814,-0.003982378854625534,-0.018595384981399073,0.30917840209468544,-0.026961998443139214,0.1795233882952374,565.24,,,1.4,Strong Buy,1.2692839717187994,Financial Services,
MAA,"Mid-America Apartment Communities, Inc.",,,US59522J1034,0.03129,0.18173,0.25356,1.0237699999999998,0.137,1.6375026097938132,0.24435657092919605,0.14741431758264043,-0.21466641644952117,0.050499999999999996,147699167.0,14148364288.0,34.774853,36.2639,2.5391233,-0.018486409200255276,-0.04466220547175105,-0.04695889792880184,-0.06706936877773902,-0.11000527086490594,0.3453291852350121,0.017405196333977913,0.19431598419238194,118.93,,,2.5,Hold,0.9589385863075952,Real Estate,
MAC,The Macerich Company,,,US5543821012,0.01342,-0.16502,0.16256,1.6892699999999998,,0.6769958343738279,0.01896593601849119,-0.14697652899162533,0.3020127868509237,0.0302,94690256.39999999,6676536832.0,,484.89392,2.2739148,0.0035477057936202593,0.011170726032539938,0.008466999172037273,-0.009924552526880808,-0.0293129100746491,0.32567388422448085,-0.07202828104286342,0.19605258506407422,22.63,,,1.9,Buy,,Real Estate,
MAR,"Marriott International, Inc.",,,US5719032022,0.09761,0.35029998,0.65276,,0.043,1.6912987637775658,-0.20896623929423486,-0.12410473596589605,-0.0952928589049564,0.0087,621260695.2,88378916864.0,34.619,25.759928,-19.608887,0.014730538922155737,0.004981644568479091,0.01263855366977777,0.02232146245040737,-0.05577687022313398,0.25398324088280416,-0.17384633541838787,0.12356898383099255,338.92,,,2.2,Buy,1.343909035770597,Consumer Cyclical,
MAS,Masco Corporation,,,US5745991068,0.15857,0.11614,0.23645,,0.245,2.057314097454395,0.024867932118697002,0.021164153177306244,-0.2619398928518154,0.018799999999999997,191202999.8,13420575744.0,15.718245,14.619016,-36.769314,-0.002491621699683173,-0.011904722504576994,-0.0067133196964765385,-0.019025616974248837,-0.09422990161352436,0.41052012929767845,-0.0008815750808110824,0.18033103144284457,68.06,,,2.4,Buy,1.075191722890241,Industrials,
MBLY,Mobileye Global Inc.,,,US60741F1049,-0.02259,-2.0148802,-0.05906,,,0.8101695731282862,0.09395550599057396,-0.07398164068844623,-0.5259265381413027,,34848343.6,6818504704.0,,16.518034,0.82054436,-0.0024875574562090246,0.012626252871559043,-0.02787878787878793,-0.009876589839766291,-0.04750594687286575,2.3665835411471323,-0.13341645885286776,0.4908042394014964,8.02,,,2.3,Buy,,Consumer Cyclical,
MCD,McDonald's Corporation,,,US5801351017,0.1325,0.3172,0.46485,,0.057,1.0741000856667506,0.23300004087635245,0.09851675948813575,-0.102890120710835,0.029900000000000003,1288102465.6000001,175664939008.0,20.198536,17.759768,-171.67358,-0.0009658553270510004,-0.01796027692547287,-0.016988075872309282,-0.02067222587920282,-0.09503925751268437,0.6395423783435384,0.007089912987431481,0.2602267966484048,248.24,,,2.1,Buy,1.1373198118353798,Consumer Cyclical,
MCHP,Microchip Technology Incorporated,,,US5950171042,0.03536,0.0934,0.23958,0.8368800000000001,,0.5542408141616981,-0.27416380424568393,-0.19721829804117083,-0.2716617455067229,0.025699999999999997,636440804.8,39786246144.0,104.671425,16.049856,6.167508,0.03459475170479042,0.024898617840532253,-0.012533652109054747,0.003561126642407068,-0.008730037620930371,0.842500341203767,0.09185205404667673,0.482735089395387,73.27,,,1.5,Buy,6.5216426240833565,Technology,
MCK,McKesson Corporation,,,US58155Q1031,0.04743,0.01117,0.01348,,-0.176,1.7271011693419611,-0.12200687005019326,-0.17864594723233462,-0.11352071328793437,0.0043,900653344.5,101975760896.0,23.58183,17.330372,-23.928925,-0.0055936506284316794,-0.027691313115522607,-0.007782112159394486,-0.019098771774251812,0.004819510274211749,0.21762990910649976,-0.03389927399531239,0.12128661750414454,874.65,,,1.6,Buy,1.3607226665417222,Healthcare,
MCO,Moody's Corporation,,,US6153691059,0.15619999,0.34252,0.49473998,2.4068199999999997,0.567,0.7294312591985045,-0.1872086800931789,-0.17323550372239582,-0.28099260555327665,0.0089,336874036.9,81150877696.0,29.32353,24.76148,26.827162,0.014527572196787183,0.0030610418843238503,-0.013390908608417802,-0.012600896036258205,-0.007502692486440664,0.3017776734458696,0.07770118867240024,0.19913954629847,468.59,,,1.7,Buy,1.1842397950364842,Financial Services,
MDLZ,"Mondelez International, Inc.",,,US6092071058,0.04123,0.08862001,0.21978001,0.82643,1.449,1.1002192980255148,-0.23266632574749874,-0.26448611014928514,-0.318822721468137,0.0335,506679086.5,77663346688.0,22.705223,18.100153,2.9250588,-0.019181187910484208,-0.020128800399922774,-0.02546442443432172,-0.025152166212757177,-0.03027888446215137,0.26540673788003283,-0.09613804437140512,0.13607937551355798,60.85,,,2.0,Buy,1.2544216062704001,Consumer Defensive,
MDT,Medtronic plc,,,,0.05118,0.13934,0.19332,0.55365,0.407,0.9722152082121522,0.22953137207018112,0.11463823746465078,-0.003086211485040499,0.031,817159933.1999999,117846974464.0,22.804455,14.381246,2.3477395,-0.006898745997898491,-0.01728000000000005,0.012862807028403592,0.0026118251381618187,0.07227655916430419,0.3133615543254098,-0.07739064365570385,0.13788483664387288,92.13,,,1.8,Buy,1.5857078726001905,Healthcare,
MELI,"MercadoLibre, Inc.",,,US58733R1023,0.0431,0.052950002,0.06716,1.6858600000000001,-0.109,1.644134675095753,1.0033741505896223,0.5606950195562541,0.2891296129612961,,1079726551.2,90614956032.0,49.746452,31.664038,11.566847,-0.02072088238992191,-0.022718045828395355,-0.05796444309766514,-0.04740102121574568,-0.023284153005464426,0.566529968277768,-0.020918769826394967,0.2671409149653964,1787.39,,,1.6,Buy,1.5710710049046808,Consumer Cyclical,
META,"Meta Platforms, Inc.",,,US30303M1027,0.14591,0.29834998,0.34827,0.42997,-0.134,0.49991482224056816,-0.046746118242060486,-0.034710186473388326,-0.14554951314976625,0.0031,13378346112.5,1696002211840.0,25.704634,19.043377,6.493855,-0.02427048939316128,-0.006699078389525674,0.0273443666219473,0.018449108160675524,0.1285810687349572,0.5020653398422832,-0.12880210289147578,0.13448096132181753,665.75,,,1.3,Strong Buy,1.3497938942236978,Communication Services,
MKC,"McCormick & Company, Incorporated",,,US5797802064,0.05136,0.21912001,0.17422001,0.65143,-0.142,2.1245742899375317,-0.07054014907163782,0.002978376384913805,-0.36176012863935303,0.038599999999999995,179122490.4,13098447872.0,8.271647,14.782271,1.8724059,-0.019718324907355457,-0.02286403121533226,-0.05066250409752902,-0.05361304519771627,-0.06809485199733119,0.539408866995074,0.0673234811165846,0.23626375205254518,48.72,,,2.3,Buy,0.5595653739537044,Consumer Defensive,
MMM,3M Company,,,US88579Y1010,0.087419994,0.11902001,0.20354,4.37937,0.328,0.4236865751158963,-0.014267666126975932,-0.016251576866949672,-0.2656306563046974,0.0189,511807145.79999995,85553192960.0,29.257496,16.953934,28.981482,0.007164065557854497,0.007408768109677132,0.005576764093406608,0.009063297803124034,-0.07799129076606987,0.3201519078907711,-0.2766290915667008,0.11970016275845452,165.89,,,2.2,Buy,1.7257054321433598,Industrials,
MNST,Monster Beverage Corporation,,,US61174X1090,0.17483999,0.23079,0.2918,0.00992,0.18,0.7023177090595633,-0.1879441300390373,-0.2285655051953064,-0.1523246826261064,,463302009.8,87589199872.0,41.018345,34.15219,9.353556,0.004493410155219894,0.0017924922691054937,0.03018429557750034,0.043650789933509064,-0.0503398840033901,0.2748825766047864,-0.21717736524267503,0.12366651755759342,44.71,,,2.0,Buy,1.2010458187308046,Consumer Defensive,
MO,"Altria Group, Inc.",,,US02209S1033,0.29486,0.38999,0.7612,,-0.027,0.6808404438768159,0.11415156148703869,-0.0030934823476176402,0.07948305711844511,0.0637,613319344.0,116080590848.0,14.697674,11.855328,-43.504375,-0.0025824527420833833,-0.004154097818874006,0.023924516496734036,0.04036406760766249,0.04251394337483609,0.17951668584579983,-0.16570771001150744,0.006904487917146203,69.52,,,2.6,Hold,1.2397526243052912,Consumer Defensive,
MPC,Marathon Petroleum Corporation,,,US56585A1025,0.087390006,0.05549,0.13561,1.33328,3.48,3.131317903699304,0.19050660193093677,0.22778409455061624,0.1374757136413428,0.0095,1380204178.2,119319642112.0,14.641282,9.959271,6.3030705,0.006943806532031817,0.034198237239185685,0.07314426252100956,0.06371419337833344,0.4237373126709266,0.08734025277130555,-0.4445621219609781,-0.128794134952576,424.89,,,2.2,Buy,1.4701158347834897,Energy,
MPWR,"Monolithic Power Systems, Inc.",,,US6098391054,0.13573,0.24500999,0.30989,0.00486,0.858,0.6798749279159376,-0.17059686987015577,-0.14625406675178768,-0.44810343890797544,0.0068000000000000005,928109736.0,59846348800.0,71.425224,34.9233,15.36288,0.04122851430181125,0.06594545247841867,-0.013495748314791662,0.011671858774662475,-0.1039526448942807,0.7244210872064379,0.29331581540482843,0.5107571029725735,1217.8,,,1.3,Strong Buy,2.0452026011287594,Technology,
MRK,"Merck & Co., Inc.",,,US58933Y1055,0.11868,0.047659997,-0.00241,1.2840799999999999,,2.169468636403864,-0.1029426920513648,-0.14181708749861968,0.04946341909224887,0.0231,1549174479.1000001,362353491968.0,117.495995,15.378187,8.646532,-0.0019027788521781238,0.021420174265800104,0.026450023055814724,0.0014026856600071681,0.15086819279228958,0.2664260911009736,-0.28508204534622456,0.04147565874582968,146.87,,,1.8,Buy,7.64043219138901,Healthcare,
MRP,"Millrose Properties, Inc.",,,US6011371027,0.045760002,0.62595004,0.85156995,0.42579999999999996,0.116,3.6722619784259356,0.18378665195741906,0.027175860967172737,-0.24253196337274452,0.107,36088366.1,4793803776.0,10.024305,8.864883,0.819193,0.002778710730415825,-0.0193614308327954,-0.027618744335049357,-0.05313216737550512,0.0020826287806269333,0.3855213023900242,0.21233113959127117,0.28738032559750615,28.87,,,,,1.1307881897595264,Real Estate,
MRVL,"Marvell Technology, Inc.",,,US5738741041,0.04125,0.27934998,0.16679001,0.28525,0.5,-0.0500814130401858,-0.3379896943043254,-0.2951697940866796,-0.1759342099540916,0.001,4687777895.0,219508604928.0,80.08197,36.127113,11.74053,0.014495786562517845,0.10171404313109805,0.03451924475135801,0.03931750014527697,0.16011212970855307,0.6376663254861822,-0.14022517911975435,0.18338219037871023,244.25,,,1.4,Strong Buy,2.216672281563157,Technology,
MS,Morgan Stanley,,,US6174464486,0.01345,0.25897,0.41567,5.172820000000001,0.624,0.46660481909585544,0.3174065464462685,0.25531936013410206,-0.2794188916145586,0.0226,1088668971.6000001,318165319680.0,16.443182,14.849326,2.9878614,-0.004618731587694451,-0.017936779140936325,-0.05504246951231658,-0.05929884254276387,-0.05225730994152041,0.2933162207522953,-0.09171685260144147,0.16708742225293707,202.58,,,2.3,Buy,1.107335242017045,Financial Services,
MSCI,MSCI Inc.,,,US55354G1004,0.21134001,0.40735,0.56298,,0.196,0.24533491952344014,-0.08577386029760219,-0.08595912878488852,-0.29774954538823617,0.0149,328509825.3,40193650688.0,30.030962,24.574894,-14.944856,0.006187834600904911,0.015185502726408956,-0.003137313422980536,-0.003011465527308476,-0.021830096118117,0.3746450340948143,0.03098377557111074,0.2517569048781812,552.87,,,,,1.2220179667916369,Financial Services,
MSFT,Microsoft Corporation,,,US5949181045,0.14088,0.40305,0.45111,0.29118,0.317,0.17997714292419145,-0.4927688015523418,-0.48550923461152407,-0.5123843432634546,0.0079,9646757659.0,3666585845760.0,27.693775,20.929373,8.289767,-0.007975891511803168,-0.00671868995412301,-0.003732632941078588,0.0043323627172953145,-0.010303732391114052,0.7619182631941351,-0.1899226376118919,0.1602640042124024,493.78,,,1.4,Strong Buy,1.3232013687175437,Technology,
MSI,"Motorola Solutions, Inc.",,,US6200763075,0.1125,0.17438999,0.27354,3.5785,0.095,0.8250343294028013,-0.04317278427019029,-0.046468362778105544,0.04359950330332762,0.0105,448923262.5,75907039232.0,36.14421,23.703876,28.409414,-0.0021971647491162314,-0.019789269379441737,-0.013523106502325782,-7.381106857325824e-05,-0.029982809117699037,0.19911919244772927,0.03778315564567114,0.14857784463775706,458.67,,,1.6,Buy,1.5248227758194481,Technology,
MSTR,Strategy Inc,,,US5949724083,-0.38731,0.0,-68.081116,0.14938,,1.369349854684689,-0.07517228724444579,-0.1193875427396431,0.19448644044218705,,3624872950.3999996,61149593600.0,,3.1101232,1.8518697,0.1638563327032135,0.1876542650550434,0.17523095797046565,0.15990959713461314,0.5892617700053795,1.8261434511434516,-0.11642411642411635,0.48475396309771324,153.92,,,1.3,Strong Buy,,Technology,
MTD,Mettler-Toledo International Inc.,,,US5926881054,0.21098,0.21907,0.312,166.68447,0.183,1.929123805354928,0.5791420630446179,0.2751743545821608,-0.08036361479372414,,325259875.2,27897303040.0,31.74464,26.933218,2175.5,-0.01284701381058732,0.046542374060169124,0.07638071230204338,0.07901672076467725,-0.020348421401797104,0.14916111238795685,-0.13812916570903236,0.043222822339692074,1392.32,,,2.6,Hold,1.1786426709203484,Healthcare,
MTSI,"MACOM Technology Solutions Holdings, Inc.",,,US55405Y1001,0.063769996,0.20698999,0.23337,0.26873,1.667,0.8284202075400144,-0.15888281518891112,-0.0971936945542895,-0.23502377409937514,,380071632.20000005,21067683840.0,84.10365,32.491577,13.672679,0.04833922871273217,0.1493208694674256,0.003492201254384662,-0.035859063652595315,-0.08546616296410205,0.7218879141593562,0.08750815631117229,0.4330941057057928,275.86,,,1.7,Buy,2.5884754685806723,Technology,
MU,"Micron Technology, Inc.",,,US5951121038,0.3487,0.55906,0.80370003,0.0633,13.685,-0.06247747805160088,-0.463074096170477,-0.43464249671727817,-0.4510208872015189,0.0005,26326966026.0,1147237564416.0,22.073011,6.489501,11.385978,0.03918158567774931,0.09508411679112982,0.041568391842620046,-0.01164659340492281,0.15239319972491347,1.1657806654853318,-0.6446150817089978,0.4895758023232921,1015.8,,,1.3,Strong Buy,3.4013417980827803,Technology,
MUFG,"Mitsubishi UFJ Financial Group, Inc.",,,US6068221042,0.0051499996,0.27446,0.45599997,,0.509,-0.25209118668006086,0.04133192152607429,0.10860848711724615,-0.20452886963429598,0.0229,72065447.1,260345839616.0,15.419999,22.45631,1.7898053,-0.015744680851063873,-0.02446221454527556,-0.03181244910277173,-0.0004321257524713536,0.027087012870198785,0.08842282749675748,-0.22178988326848245,-0.0666835278858624,23.13,,,,,0.6866666429168462,Financial Services,
NDAQ,"Nasdaq, Inc.",,,US6311031081,0.058530003,0.35037,0.49333,0.77687,0.141,0.7945424089084581,-0.08472977633983562,-0.12358281848142406,-0.39240586198887545,0.0127,308731576.20000005,52286742528.0,26.573864,19.989656,4.385167,0.024422325057836747,0.048302101097382796,0.02577034209538197,-0.0038609957299302975,-0.008910016233522083,0.44323284156510573,-0.10198845413726754,0.1724039982895017,93.54,,,1.8,Buy,1.329380755726862,Financial Services,
NDSN,Nordson Corporation,,,US6556631025,0.084709994,0.18631001,0.27403998,0.55619,0.23,1.253626274065685,0.14318313294328988,-0.025852651541341202,0.12143700543410897,0.0121,124073405.39999999,17354252288.0,31.535425,23.998566,5.3086505,-0.000545294924296377,0.007502021018593349,-0.009221869206747757,-0.004568690095846667,0.011410724938782516,0.2035818596142119,-0.09490644157011263,0.12242610007381965,311.57,,,2.0,Buy,1.3140545564264132,Industrials,
NEE,"NextEra Energy, Inc.",,,US65339F1012,0.024430001,0.32401,0.31524,1.61676,0.531,0.9911720784064717,-0.07083021901773669,-0.056605098137079084,-0.05276600980946434,0.030699999999999998,915882180.1999999,167858667520.0,18.288637,18.30457,2.938148,-0.009965536312276544,-0.007401007735078675,-0.022354484426802688,-0.026376303516416965,-0.04166519715556927,0.4166770224928545,-0.3165154716043246,0.22267789238225433,80.47,,,2.0,Buy,0.9991295616340621,Utilities,
NEM,Newmont Corporation,,,US6516391066,0.15755,0.33363998,0.51569,0.15807000000000002,0.114,1.805363847002119,-0.2464043144620124,-0.23474335137922023,0.03938091591042804,0.0084,987460178.6,130036170752.0,15.681068,12.1026745,3.7082334,-0.007878441952384116,-0.006280718464227942,-0.026811746897343426,-0.04117789167433995,0.17297639616034963,0.37752208086864925,-0.45709423871647353,0.09256405477676034,123.41,,,1.6,Buy,1.295669647233758,Basic Materials,
NET,"Cloudflare, Inc.",,,US18915M1071,-0.02037,-0.082100004,-0.07603,2.17858,,0.31743521229149063,-0.17997943467226743,-0.11584904637683772,0.12286530919067443,,1004464108.0000001,115227394048.0,,193.06264,71.08963,-0.0309636532485218,-0.011093148135730639,0.055687865098624924,0.029982836411673645,0.13771405383703064,0.23609394313967852,-0.5055624227441285,0.040811063040791073,323.6,,,1.9,Buy,,Technology,
NFLX,"Netflix, Inc.",,,US64110L1061,0.16084999,0.28219,0.33381,0.55236,0.111,2.032018589239683,-0.28916577855042225,-0.30329508700712876,-0.42863711082240713,,2626882965.9,298929225728.0,23.69307,18.799002,9.914376,-0.04674010984869659,-0.07843390765337939,-0.0724806384403388,-0.05576744505290495,-0.0257837207010138,0.8804847471792727,-0.024933834795932665,0.3077339462320657,71.79,,,1.8,Buy,1.2603365859528073,Communication Services,
NHI,"National Health Investors, Inc.",,,US63633D1046,0.04385,0.38275,0.4109,0.80432,0.452,0.2623059913911753,-0.1505598741732605,-0.27839915323699677,-0.554040741150035,0.054299999999999994,28938396.0,3329687552.0,20.0,20.88313,2.1191475,-0.02065583255226547,-0.021645064728749205,-0.03583617329011026,-0.03405046813328433,-0.10055714419748497,0.32743362831858414,0.07669616519174045,0.20759587020648973,67.8,,,1.8,Buy,0.9577108412388372,Real Estate,
NKE,"NIKE, Inc.",,,US6541061031,0.06971,0.066989996,0.12687,0.74289,4.28,0.9542819923783079,0.35478650827570696,0.1991784850577027,0.1644898515188667,0.0451,1177250601.5,52679036928.0,17.32195,15.515018,3.5424979,-0.023377354127699666,-0.01960246263871727,-0.03505432782078474,-0.049263682711954755,-0.14555496963186587,1.6471416502393694,-0.35229512813292024,0.357676992396508,35.51,,,2.7,Hold,1.1164634162847895,Consumer Cyclical,
NNN,"NNN REIT, Inc.",,,US6374171063,0.03914,0.40353,0.61697,1.1211799999999998,-0.037,1.2107320199718534,0.6096475253935493,0.3441103071868436,-0.1257253522146446,0.059500000000000004,77969821.5,7904811520.0,20.569307,19.634623,1.7877889,-0.002640418814570527,-0.03819446143054154,-0.05288349642968855,-0.05846365297233897,-0.1159574468085107,0.21540312876052956,0.08303249097472931,0.15042117930204574,41.55,,,2.9,Hold,1.0476038679224957,Real Estate,
NOBL,ProShares S&P 500 Dividend Aristocrats ETF,,,US74348A4673,,,,,,-0.4967251270793925,-0.2979728630952957,-0.16405387724977769,-0.22966193602773677,0.020099999999999996,53686853.0,,21.954144,,,-0.006958059631920223,-0.011718744644895227,-0.010136929519414008,-0.015041556304724108,-0.04232620401056491,,,,55.66,,,,,,,
NOC,Northrop Grumman Corporation,,,US6668071029,0.07148,0.104820006,0.11604,0.95348,-0.058,0.4957089935786067,-0.04733417785516881,-0.08262028519010124,-0.2721875596192845,0.0189,469081761.59999996,74922622976.0,16.668459,17.319885,4.1893587,0.006469465648854936,-0.007265882352941202,0.01622450194077151,0.022926067280613117,-0.06684651046859963,0.5453459489182578,0.020117939285917468,0.225675685925027,527.39,,,2.0,Buy,0.9623885493466036,Industrials,
NOW,"ServiceNow, Inc.",,,US81762P1021,0.04249,0.11336,0.04063,0.67538,-0.219,-0.042944929142119614,-0.4418559556810769,-0.39740852484198375,-0.30579272936658375,,1794550769.5,140057280512.0,86.28662,27.064177,11.190319,-0.021665351298159632,-0.045313560063822395,0.02218366594569376,0.03325451429602236,0.15440989997008706,0.8306636155606407,-0.46851701483723335,0.06178799734258504,135.47,,,1.4,Strong Buy,3.188222571852083,Technology,
NTAP,"NetApp, Inc.",,,US64110D1046,0.116560005,0.19184999,0.26667,1.69498,0.635,0.8858566987267759,-0.1957947887864717,-0.16278054480370605,-0.08495745529025261,0.0106,481846108.5,38849716224.0,27.779493,17.785366,25.92947,0.0044180471213912526,0.04138370782563087,-0.00747691082107573,0.07063978628775573,0.03295385634664191,0.10723494615501293,-0.14050255321300364,-0.003994135193892473,197.79,,,2.3,Buy,1.5619297910428156,Technology,
NUE,Nucor Corporation,,,US6703461052,0.0732,0.07989,0.15668,0.30512,0.938,1.3070713277605521,-0.3044065627388592,-0.3230402206150164,-0.15933901206539855,0.0084,299653083.4,56351383552.0,21.138723,12.564497,2.5487943,-0.06321193981474449,-0.04033694084221535,-0.042593350760298625,-0.03695088801051214,-0.08683823529411766,0.2480876076978823,-0.0699734278122232,0.14869353410097433,248.38,,,1.5,Buy,1.6824169722035032,Basic Materials,
NVDA,NVIDIA Corporation,,,US67066G1040,0.53572,0.63663,0.66236997,0.16971,1.278,0.4866028591569434,-0.28206385973521936,-0.23142452625038326,-0.10942645675337699,0.0046,25269140586.300003,5367153557504.0,27.714462,14.173006,23.438786,0.013358273507015793,0.047603345987741096,0.018232657640198085,-0.005147248135217058,0.016113542649644767,1.3170018446034102,-0.1901741125657984,0.47787780627165166,222.27,,,1.3,Strong Buy,1.9554399398405673,Technology,
NVR,"NVR, Inc.",,,US62944T1051,0.16547,0.1185,0.13889,0.3215,-0.226,2.7808375174698488,0.04803557110576582,0.04878187290590039,0.09050818829404414,,281814535.40000004,16471900160.0,16.233723,15.020788,4.857255,-0.014699871801560759,-0.0170964517452555,-0.0016702104961815313,-0.005952484258092274,-0.02447973169046973,0.21063918692392608,-0.07909476836729555,0.10267995779184351,6150.47,,,2.7,Hold,1.0807504240123755,Consumer Cyclical,
O,Realty Income Corporation,,,US7561091049,0.02359,0.20898001,0.46965998,0.74722,0.692,1.6951366686369578,0.6552658378606498,0.5906165264563413,0.1103833393519801,0.056799999999999996,460528513.79999995,53612716032.0,41.357662,36.483753,1.3555672,-0.01151430038970879,-0.034917375514230485,-0.04773109243697485,-0.05739478581468256,-0.08741461937656742,0.3060360042357925,0.08542181433109784,0.2030091775503,56.66,,,2.5,Buy,1.1335912179868117,Real Estate,
ODFL,"Old Dominion Freight Line, Inc.",,,US6795801009,0.15775,0.19443001,0.28835,0.0044,0.323,1.1369908388471777,0.13992873994378724,-0.0007970243832799064,-0.04516351384456368,0.0066,331405720.0,35978514432.0,33.65759,26.012691,7.8930564,-0.011936697593261278,-0.04398765704321342,-0.03776624695305845,-0.04924162663918139,-0.18041395365345858,0.6184971098265896,-0.09826589595375723,0.3224428323699422,173.0,,,2.4,Buy,1.2938911241439803,Industrials,
OHI,"Omega Healthcare Investors, Inc.",,,US6819361006,0.04913,0.68055,0.61487,0.7147100000000001,1.613,1.5488240761246426,0.05946976636226659,0.21332424696742538,-0.05776950127075049,0.0574,114709877.19999999,14898411520.0,16.844765,23.070913,2.589058,-0.01498836706552823,-0.009972439156875103,-0.007022806271105621,-0.011231164274902412,-0.041495486699103676,0.3073296185169311,-0.014144877839691313,0.11206365195027877,46.66,,,2.4,Buy,0.7301299692820998,Real Estate,
OLED,Universal Display Corporation,,,US91347P1057,0.06767,0.32243,0.35257998,0.01288,-0.249,1.8082080581963502,0.116639053217144,0.28980213393779924,-0.02000140715824386,0.0259,75712968.0,3599203328.0,18.687351,16.445435,2.1496227,0.012543620147126022,0.011758633124802426,-0.05689464016447611,-0.013817061424109515,-0.09678078675685833,1.0178799489144317,0.026309067688378065,0.47347803320561943,78.3,,,,,1.1363245180197423,Technology,
OMC,Omnicom Group Inc.,,,US6819191064,0.05092,0.017439999,0.15384,1.07744,0.588,4.506191781188769,-0.3485825496246205,-0.3295752882025818,-0.4032709886836401,0.0407,301192689.2,21006669824.0,212.69444,6.519881,2.1741724,-0.015809807243060622,-0.031216627247413926,-0.02091702579216142,-0.012039000712803508,-0.06244886207693505,0.8153323756040226,0.005615776413739152,0.33211440511949863,76.57,,,2.1,Buy,32.62244203536844,Communication Services,
ON,ON Semiconductor Corporation,,,US6821891057,0.0675,0.10168,0.19532,0.6505500000000001,0.366,0.9158379750944017,0.537253621153583,0.3847840344795278,-0.31238986488429,,921840241.8000001,27244519424.0,44.57325,15.451195,3.7739313,0.024597318787366495,-0.043989031181503456,-0.08090359126645741,-0.014088522254710568,-0.10660030174727055,1.1434695627322091,0.07173478136610455,0.4929979994284081,69.98,,,2.2,Buy,2.8847768732450794,Technology,
ORCL,Oracle Corporation,,,US68389X1054,0.06357,0.2636,0.35632,2.51716,0.545,0.17935666096249658,-0.06414276026466637,0.33801149623752524,-0.2782494146754146,0.013300000000000001,5962537674.6,446333681664.0,23.579872,13.42252,7.220918,-0.01978880676246355,0.05172777756154678,-0.017766827262342848,-0.0867413503636128,0.028856198118575573,1.7098435065374973,-0.25479303570218825,0.6191216042273556,147.61,,,1.6,Buy,1.7567395690228065,Technology,
ORLY,"O'Reilly Automotive, Inc.",,,US67103H1077,0.13670999,0.1427,0.2015,,0.103,1.5843813437759713,0.0061028922714646645,-0.12512454258117553,-0.439701700023686,,606704032.3,68527067136.0,26.977705,23.19373,-37.665627,-0.002120383919691641,-0.005284213747745568,-0.0129340444974526,-0.01591544844229365,-0.09274930375750741,0.4165978042734035,0.050643371502774245,0.2725770275056074,84.71,,,1.5,Buy,1.1631464624275614,Consumer Cyclical,
OSK,Oshkosh Corporation,,,US6882392011,0.05014,0.05243,0.08405,0.24359000000000003,-0.076,0.7776092218114692,-0.2964802616496767,-0.33745593809840163,-0.47462844527966375,0.015700000000000002,73392966.0,9051664384.0,16.58484,10.473841,2.0026774,0.011871078870847592,0.024027393134386895,0.005210790981695197,-0.03571424313281692,-0.041000816347225855,0.34370097537685,-0.058727235522815724,0.15321560602960216,146.61,,,2.0,Buy,1.5834534818697361,Industrials,
OUT,OUTFRONT Media Inc.,,,US69007J3041,0.04721,0.1266,0.22278,5.7364,3.4,2.8697811533810973,-0.1441371907868165,-0.22484319120254803,-0.018202108658562484,0.0441,38705853.2,4928264192.0,19.985714,18.440895,7.1087394,0.004307228536235257,-0.004624710335427353,-0.0223620132937264,-0.023044671917380886,-0.09156893898827594,0.42959256611865615,0.28663330950679056,0.35811293781272335,27.98,,,,,1.0837713679298104,Real Estate,
PANW,"Palo Alto Networks, Inc.",,,US6974351057,0.014040001,0.02674,0.05396,0.09337,,1.0939109788802657,-0.09281066493384155,0.059536804838471805,-0.13346326536588224,,2270855235.6,297408430080.0,908.94995,74.5183,10.778169,-0.03060842967344259,-0.030685959237159027,0.09959173358952159,0.08498953559459684,0.011377256326270558,0.3064525001375214,-0.47741899994499143,0.08746355685131199,363.58,,,1.7,Buy,12.197674262563693,Technology,
PAYX,"Paychex, Inc.",,,US7043261079,0.09823,0.27029,0.38325,1.23967,0.434,2.387953844927539,-0.0899099360708896,-0.1538521095493437,-0.3191933945706291,0.0409,367371725.2,41343574016.0,23.79918,18.163818,11.056741,-0.0031757113504970974,-0.01825868973826469,0.0029360702874094355,0.012113289760348589,-0.03321399604297788,0.2915446874461856,-0.09591871878767005,0.04184604787325641,116.14,,,3.1,Hold,1.3102520626445389,Technology,
PCAR,PACCAR Inc,,,US6937181088,0.041160002,0.09003,0.12024,0.7291,0.042,2.4948419626922336,-0.19804053104392785,-0.22059340280104345,-0.33563935841758097,0.011899999999999999,365831565.40000004,61089914880.0,24.693617,16.064558,3.0061905,-0.011077033091263427,-0.05226195600457213,-0.054346966304036785,-0.047751865643029065,-0.11882996741825716,0.4130622092021368,0.07702912286748231,0.24763053592969161,116.06,,,2.3,Buy,1.5371488589975522,Industrials,
PDD,PDD Holdings Inc.,,,US7223041028,0.100109994,0.20426,0.2471,0.010820000000000001,-0.112,0.17806474350396997,0.10023015952697234,0.04751075086547007,-0.05379991646627256,,566038857.0,112305987584.0,8.384697,6.364096,1.6633509,0.015052059597808407,0.01050202548303708,0.014008514016279776,0.0036890902861824344,-0.13153548348737817,0.9079252217997464,0.08143098859315583,0.45408314321926474,78.9,,,2.1,Buy,1.317500081708384,Consumer Cyclical,
PECO,"Phillips Edison & Company, Inc.",,,US71844V2016,0.025510002,0.19138001,0.28799,0.91852,2.192,1.9219620833777074,0.07617399002474058,-0.017395310155893292,-0.2492195375094466,0.0369,29894476.799999997,5256153600.0,32.884956,54.80018,2.0099523,-0.005353335307391577,-0.021590298897303475,-0.02963838424991828,-0.03765574285011754,-0.08223858965825394,0.318622174381055,0.1302475780409043,0.2254698600645857,37.16,,,2.0,Buy,0.6000884668627001,Real Estate,
PEP,"PepsiCo, Inc.",,,US7134481081,0.08931,0.10785,0.16836001,2.3894900000000003,1.37,1.9057029746846976,0.05783455021756247,0.12758886281410592,-0.21043678432073848,0.0443,1293581550.0,177238507520.0,17.510122,14.456196,8.020647,-0.029253355940299163,-0.042435424354243544,-0.04819547367388907,-0.050771836399528654,-0.05275860666900229,0.41040462427745666,-0.04431599229287091,0.19460500963391136,129.75,,,2.7,Hold,1.2112537765813356,Consumer Defensive,
PFE,Pfizer Inc.,,,US7170811035,0.05784,0.06804,0.27877,0.74253,,0.9411613392161046,-0.19003555891925286,-0.24719564505468067,-0.21419352031800754,0.0622,936677133.6,157652975616.0,36.394737,9.547808,1.8504148,0.0007236110996099786,0.003992768275342785,-0.002164477447356449,-0.00431967903813605,0.05572516009716121,0.29248011569052784,-0.09616775126536516,0.04392624728850325,27.66,,,2.5,Buy,3.811842152670016,Healthcare,
PFFD,Global X U.S. Preferred ETF,,,US37954Y6573,,,,,,-0.32387768379960963,0.31677440985224464,0.3687967337039311,-0.028353049566979847,0.0654,17880885.599999998,,,,,-0.0022148099183399417,0.00614182878420206,-0.005518809856613097,-0.008255370152124986,-0.0211289612352276,,,,18.02,,,,,,,
PG,The Procter & Gamble Company,,,US7427181091,0.107209995,0.18437,0.22084999,0.6448999999999999,-0.155,0.4388859225270133,-0.17280641175058517,-0.05315486253307533,-0.03467911998213113,0.029500000000000002,1313936620.1,340016005120.0,22.113293,19.782967,6.379483,-0.007861762302715226,-0.0019090350613000188,0.007709752148409403,0.026289965131784002,-0.003946391888723996,0.2705785914338412,-0.023157319489036047,0.09712890224742136,146.39,,,2.2,Buy,1.1177945653955748,Consumer Defensive,
PGR,The Progressive Corporation,,,US7433151039,0.07839,0.12849,0.18208,0.24428,0.05,1.3270621829048626,-0.03906280032000956,-0.19457251482908086,-0.31076855010751303,0.0018,505358395.2,123903787008.0,10.858596,13.104408,3.6126106,-0.012991785904840483,-0.03538022522692722,-0.019023964755435913,-0.009373549883990766,-0.008637486623581573,0.4474423833614391,-0.07251264755480602,0.08541455874086575,213.48,,,2.6,Hold,0.8286216363226787,Financial Services,
PH,Parker-Hannifin Corporation,,,US7010941042,0.09787,0.16968,0.23458,0.5666,0.193,0.7337426529429618,-0.1390700310515676,-0.16286761754395349,0.03254767231277293,0.0086,583268121.8,118992109568.0,32.468685,24.094769,7.7239947,0.019723570346632347,0.020043243243243206,-0.007040380335558196,-0.006245558981432165,-0.11624577887484001,0.4392606566759226,-0.2793098331814231,0.23042319350530993,943.54,,,1.7,Buy,1.3475408292978448,Industrials,
PK,Park Hotels & Resorts Inc.,,,US7005171050,0.027460001,-0.064050004,0.17621,1.35246,,0.6587256252893292,-0.3540793568610002,-0.3817452230757782,-0.27780152391171126,0.0664,43527962.0,3018061568.0,,27.454212,0.97680175,-0.004648102102674485,-0.015111712417447163,-0.01897904044758781,-0.01897904044758781,0.044599275367038345,0.3675783855903936,-0.26617745163442297,0.059039359573048684,14.99,,,2.6,Hold,,Real Estate,
PL,Planet Labs PBC,,,US72703X1063,-0.05047,-0.95132005,-0.11995,0.8835299999999999,,0.10929844690698877,0.006857110238214944,0.02677966202670786,-0.10397823705466414,,266612525.20000002,5974384128.0,,-13136.0,13.188755,-0.03354913353719539,0.02496875972575148,-0.0018237545014004352,-0.046457569410822984,-0.27728871055253246,2.045066991473812,0.3398294762484773,1.0706455542021922,16.42,,,1.8,Buy,,Industrials,
PLD,"Prologis, Inc.",,,US74340W1036,0.02516,0.43575,0.43030998,0.63823,0.853,0.8675262055809966,-0.22817240099598926,-0.2297627828087431,-0.36502529715434184,0.0317,476361403.6,131076800512.0,30.098213,39.600586,2.3444319,-0.0025151109202727413,0.000519484989503309,0.0011827243955232461,0.0018469572816218864,-0.02321003593294107,0.26075348561257783,0.03826757638682881,0.17347055769801248,134.84,,,,,0.7600446367132042,Real Estate,
PLTR,Palantir Technologies Inc.,,,US69608A1088,0.17292999,0.49005002,0.47120997,0.02139,2.154,0.00987228067664656,-0.3597822585196896,-0.40034698975495503,-0.2915679612291574,,4492497836.0,426879287296.0,153.13794,76.47041,43.667652,0.00794368170222411,0.02943905026239521,0.062249623503079644,0.047838148287024644,0.13930221963907552,0.4354875028146815,-0.5496509795091196,0.108087930646251,177.64,,,1.8,Buy,2.0025777290850146,Technology,
PLUG,Plug Power Inc.,,,US72919P2020,-0.122250006,-2.20586,-0.24881001,1.76565,,0.0023243196638164203,-0.08393524133157214,-0.14865992663210467,0.1969213549358652,,106502533.5,2920137984.0,,-14.090203,5.0240383,-0.014150890178548602,0.019512218836161353,-0.0047618595650927706,-0.036866393309337726,0.009661868310242175,2.349282296650718,-0.6411483253588517,0.7000574162679426,2.09,,,2.8,Hold,,Industrials,
PM,Philip Morris International Inc.,,,US7181721090,0.14591,0.25559,0.40002,,-0.075,0.6569630649067786,-0.2931069003804219,-0.23361607235896045,-0.2164885791033051,0.030899999999999997,806972946.0,293985648640.0,26.160887,20.537825,-34.250954,-0.009764782492958366,-0.028282935413368834,-0.012770844707278161,0.015669555656289386,0.0030310924700453707,0.21938288622627503,-0.0722086735234864,0.09956526349273673,188.62,,,1.7,Buy,1.273790530399397,Consumer Defensive,
POR,Portland General Electric Company,,,US7365088472,0.02407,0.07272,0.14987999,1.3616300000000001,0.049,1.1253094798225443,0.181136216720035,-0.005750989464582548,-0.19447414097660629,0.045899999999999996,48409190.0,5555789824.0,21.27928,13.171873,1.3263329,-0.0170620339130228,-0.004425727282674166,-0.02072971898160551,-0.033353774657467535,-0.026782053790845473,0.31244707874682465,0.016088060965283615,0.13059038950042332,47.24,,,2.5,Hold,1.6155090471947309,Utilities,
POWI,"Power Integrations, Inc.",,,US7392761034,0.026199998,0.05578,0.074829996,,7.5,0.9726098688439991,-0.06243775553243744,-0.034847856846799224,-0.1026336650362624,0.0175,37134406.6,2815455232.0,111.977776,26.90164,4.1303277,0.025228859320954426,0.04391960891094939,-0.03615146946111489,0.013679358842308819,-0.14206161975158474,0.6868426275054574,0.2899384798571145,0.5380035721373289,50.39,,,,,4.162488829677299,Technology,
PPG,"PPG Industries, Inc.",,,US6935061076,0.060489997,0.09573,0.14016,0.86938,-0.015,1.4373609733538295,-0.11931615921465843,-0.10530325645385281,-0.31513652893464594,0.0281,200490264.0,23234795520.0,15.125904,12.064909,2.7519746,-0.008819316976354774,-0.003527499206801946,-0.009289099526066389,-0.024636091562983548,-0.10233816556549544,0.32032146957520097,0.10026789131266747,0.208244450822809,104.52,,,2.1,Buy,1.2537105750238149,Basic Materials,
PSA,Public Storage,,,US74460D1090,0.06985,0.41632998,0.45703998,1.09632,0.451,0.7721263453733838,-0.12516010041498027,-0.1796545401547705,-0.33704853918856137,0.039900000000000005,255712566.9,55366201344.0,28.30086,28.972116,10.7510605,-0.01479588250144287,-0.0012471103037459768,0.00961252742787232,0.016123954846545135,-0.08455621348637925,0.2621916236374068,-0.03816948466133442,0.1391973608720596,296.31,,,2.5,Buy,0.9768309639516838,Real Estate,
PTC,PTC Inc.,,,US69370C1009,0.11537,0.41429,0.28232,0.46335,-0.12,2.906245046935518,-0.0071379534105121935,0.0007544518881420458,-0.22074279105742362,,294627185.7,14744915968.0,13.041266,15.252721,4.3361306,0.010785462156069932,0.02365348399246694,0.03907326248967705,0.05430988163162131,-0.07971016775160528,0.6925454411656489,0.030245051144307998,0.275664140113327,135.89,,,1.9,Buy,0.8550124269630318,Technology,
PYPL,"PayPal Holdings, Inc.",,,US70450Y1038,0.046230003,0.14364,0.16966,0.7175100000000001,-0.031,0.9834579024290975,-0.44628001500755343,-0.41888471299488284,-0.3642428981973797,0.0106,539840819.4,44834705408.0,10.001909,9.059308,2.2793894,-0.010011307904371495,-0.026017493729073197,-0.024385725817859208,0.0046003802851875015,-0.1211198721421135,0.5264262545315781,-0.3131081854607899,0.0889799656554093,52.41,,,2.9,Hold,1.1040477926128573,Financial Services,
Q,"Qnity Electronics, Inc.",,,US74743L1008,0.053049996,0.11248,0.22323,0.59992,-0.343,1.1277163553183378,-0.07605960555753621,-0.18933174020653748,-0.21284264154924976,0.0027,176580344.5,25115486208.0,41.82927,22.321844,3.462049,0.024929589473688986,0.047648170316800624,-0.050237353237522084,-0.04319758641883876,-0.0992732566958922,0.5743440233236152,0.2494793835901708,0.47230320699708456,120.05,,,1.3,Strong Buy,1.873916420166721,Technology,
QCOM,QUALCOMM Incorporated,,,US7475251036,0.11612,0.21013,0.18528,0.5521,-0.23,3.1101694633234778,-0.10124629148059229,-0.08177950625314727,-0.3412932220492405,0.0195,3211553239.2,189815717888.0,21.541819,17.416683,6.791761,-0.05823754079205169,-0.05367413678358545,-0.023355504710628062,0.007483028056623597,0.11407967213105345,1.2507314877335134,-0.43731712806662165,0.09235499662390279,177.72,,,2.6,Hold,1.236849691758184,Technology,
QRVO,"Qorvo, Inc.",,,US74736K1016,0.06706,0.10953,0.1578,0.44619,2.556,1.5772088415577983,0.6092785380310926,0.6901017603416204,-0.0562855206795126,,188507466.0,10337810432.0,27.767775,14.820923,2.9774368,-0.01949629398863597,-0.007453816506789238,0.004543493074910247,0.11345498269285886,0.22920379470534602,-0.10394265232974916,-0.4367639528929852,-0.23052850315753548,117.18,,,3.0,Hold,1.873552342185436,Technology,
QS,QuantumScape Corporation,,,US74767V1098,-0.24270001,0.0,0.0,0.06405,,-0.2941798692601572,-0.42181564486561207,-0.48986748592115525,-0.4504884312119502,,50466075.0,3091104000.0,,-7.3836255,2.9681041,-0.028046436006609613,-0.004950532631806686,-0.04829549236279388,-0.03735628314737743,-0.09132010680807023,0.9900497512437809,-0.5024875621890548,0.325870646766169,5.025,,,,,,Consumer Cyclical,
QTOP,iShares Nasdaq Top 30 Stocks ETF,,,US46438G5624,,,,,,-0.429860135180352,-0.19551013570112244,-0.21677791654106202,-0.3524227794913057,0.0034000000000000002,4295347.836,,30.16914,,,0.007654876390880325,0.02739782809134195,0.01286267472306067,0.012701101005129719,0.017026620921111395,,,,38.0692,,,,,,,
QYLD,Global X NASDAQ 100 Covered Call ETF,,,US37954Y4834,,,,,,-0.06579244697652269,-0.027643743554839593,-0.15942855234596764,-0.16696838739002726,0.0967,62117643.0,,29.654303,,,0.001619845653068161,0.0164383561643836,0.009798538516240692,0.011450373264172397,0.036347766765813104,,,,18.55,,,,,,,
RDDT,"Reddit, Inc.",,,US75734B1008,0.15653,0.31348,0.28788,0.00635,1.778,1.3720463859603214,-0.22742504321449314,-0.28425118327625937,0.0998109370230109,,663374943.0,29023014912.0,35.577835,15.571629,8.8299,-0.012955583375857564,-0.0550022214762073,-0.04386134299971521,0.030114705579565103,-0.0001325320993877847,0.9887305270135898,-0.13821677162744445,0.4267898574743122,150.85,,,1.9,Buy,2.2847856829879523,Communication Services,
REG,Regency Centers Corporation,,,US7588491032,0.0323,0.32996,0.39643002,0.7197199999999999,0.089,0.8548538215185552,0.0379568888973537,0.06989444699403397,-0.13065259677740462,0.041299999999999996,107253278.5,13638639616.0,24.64527,28.980843,2.004286,-0.0023249827707367684,-0.014854868418964873,-0.02238009494925304,-0.02191728386916275,-0.04250592869701646,0.39821795750514044,0.1240575736806031,0.19335928718300202,72.95,,,,,0.8503986581756783,Real Estate,
REGN,"Regeneron Pharmaceuticals, Inc.",,,US75886F1075,0.06526,0.27865,0.33106,0.08535,-0.045,2.368042665189084,-0.27178520282961166,-0.292957400018695,-0.19315193051119794,0.0048,580781151.5,80804225024.0,19.53335,12.945983,2.4828303,-0.0058268568445153,0.013874016421012757,0.0042994917498781135,-0.02823007952064824,0.017687269078101045,0.3123526788558323,-0.06988596547110916,0.08213977193094221,784.85,,,1.9,Buy,1.508834825443537,Healthcare,
REXR,"Rexford Industrial Realty, Inc.",,,US76169C1009,0.01976,-0.39163,0.4159,0.41445,,0.9692486102372123,0.5161453332083128,0.37775474720135677,-0.19578326619059874,0.0453,109232986.5,8777277440.0,,38.875164,1.1557683,-0.0010408614326863123,-0.005955435998080191,0.00920081693083747,0.035608317130903094,0.05178082191780824,0.17218025527481112,-0.06225579578015109,0.05007814535035164,38.39,,,2.6,Hold,,Real Estate,
RGEN,Repligen Corporation,,,US7599161095,0.01395,0.05291,0.09309,0.32715000000000005,-0.659,0.22324775012427298,-0.16583540551260748,-0.24891359832738344,-0.24250974782130197,,163563107.39999998,9982897152.0,242.31506,66.75271,4.7260146,-0.007295596967252638,0.01236195458866189,0.07089240733412178,0.07173581780867513,0.10944554246984887,0.27197693481824875,-0.18028153089490637,0.07115269376448652,176.89,,,1.5,Strong Buy,3.6300407878571526,Healthcare,
RHP,"Ryman Hospitality Properties, Inc.",,,US78377T1079,0.054369997,0.09947,0.23305,3.3457,0.264,1.7745226495917494,-0.2798587562339773,-0.3241479637364368,0.2957275827011235,0.0398,79391475.8,8411944448.0,29.383133,25.563942,10.165055,0.011027272887139722,0.01018971853911281,-0.000409852157103633,-0.00457142857142859,-0.018433577195953486,0.24651467935050028,0.02509430867639825,0.14341946859111046,121.94,,,1.2,Strong Buy,1.149397577259407,Real Estate,
RJF,"Raymond James Financial, Inc.",,,US7547301090,0.02576,0.15131,0.19301,0.47594000000000003,0.42,1.855344883949003,-0.011387862637766,-0.09962453291714807,-0.21723229699895877,0.0132,223934790.0,31648475136.0,14.376091,11.604327,2.492511,0.0059839757096706355,-0.023703703703703703,-0.05021334242327612,-0.06109307087323544,-0.08130263582325944,0.24430955993930198,-0.028831562974203338,0.12898330804248861,164.75,,,2.5,Buy,1.2388560749796176,Financial Services,
RKLB,Rocket Lab Corporation,,,US7731211089,-0.046230003,-0.21511999,-0.24572,0.03828,,0.6372216372115445,0.021543705224692858,-0.09106194244166295,-0.1394146569854322,,1250509756.1,41286766592.0,,1417.252,11.060295,-0.04792096298213717,0.01605036624995915,0.02573469765570332,0.023783103098680855,-0.1466895524982412,1.3230602446956794,-0.008827628929843475,0.6937961901811989,64.57,,,1.6,Buy,,Industrials,
RKT,"Rocket Companies, Inc.",,,US77311W1018,0.028099999,0.04598,0.27083,1.40911,,0.6984320078560032,0.7474987664818278,0.35062864758812057,-0.10694390500353095,,383733865.4,34800885760.0,,14.427084,1.4775187,-0.022275234814803643,-0.0682334805925102,-0.06752657697786846,-0.0848846075406594,-0.07034797641784214,0.7087062652563061,0.1391375101708707,0.4401952807160293,12.29,,,2.1,Buy,,Financial Services,
RMBS,Rambus Inc.,,,US7509171069,0.11034001,0.3169,0.36671,0.014870000000000001,0.151,3.0203803762021497,-0.23176694513423424,-0.23929773961946624,-0.44705529115731124,,251000279.99999997,9501236224.0,39.28251,23.540476,6.4783316,0.020146700804511433,0.054024778686972974,0.0072438630614495006,-0.0005704680548596322,-0.10319410599594027,1.0547945205479454,0.1415525114155252,0.68786700913242,87.6,,,1.5,Strong Buy,1.6687219918577687,Technology,
RMD,ResMed Inc.,,,US7611521078,0.14002,0.26945,0.30857,0.12542,0.024,1.6818213387294043,-0.12751928146211358,-0.22401329361399308,-0.025470353376686967,0.0116,325839517.6,32455325696.0,21.886189,17.003323,4.92794,-0.015016190335525651,-0.01939505924884511,0.030787536518992645,0.022914312896961834,0.010731246409388655,0.42228543490821807,-0.22218765278456823,0.09532645895373124,224.99,,,2.4,Buy,1.2871712782260267,Healthcare,
ROL,"Rollins, Inc.",,,US7757111049,0.14061,0.1355,0.18799,0.78015,0.031,2.047995542064806,0.13274211999749977,0.06307243432596335,-0.18303426222285757,0.022099999999999998,211863892.8,15603546112.0,30.027777,24.93522,10.915517,-0.01727272727272728,-0.03968020253477989,-0.06622515325516262,-0.06108861782278645,-0.1151773594111875,1.0351526364477337,-0.013259327782917043,0.4057428307123034,32.43,,,2.5,Hold,1.204231484622955,Consumer Cyclical,
ROP,"Roper Technologies, Inc.",,,US7766961061,0.04232,0.30244,0.27725,0.60531,2.33,2.9925765631493717,-0.09794957973574393,-0.13570866315836025,-0.33013238873927425,0.0097,346156183.2,36864311296.0,15.621961,15.343887,1.9713036,-0.005390142259010788,-0.02917123084384908,-0.040615642592115316,-0.04511337473591758,-0.06129743979891043,0.47555937114342434,-0.10125020121264154,0.19439824006009546,372.74,,,2.4,Buy,1.018122787270266,Technology,
ROST,"Ross Stores, Inc.",,,US7782961038,0.12785,0.10848,0.13578,0.70281,0.705,0.5159269405094941,-0.22157485341122393,-0.3014078075517242,-0.11402830080457406,0.0078000000000000005,465787790.6,72692203520.0,27.770834,25.341156,10.742866,-0.012506518132179968,0.0015469172706689053,-0.017898957245567046,0.005948398375836891,-0.10719999403642262,0.3679890560875512,-0.22333524557609996,0.19122911610255502,226.61,,,1.8,Buy,1.09587873576091,Consumer Cyclical,
RTX,RTX Corporation,,,US75513E1010,0.04212,0.08276,0.12696,0.5702,0.287,1.1822175339491205,-0.13604153169103259,-0.167799137437824,-0.20627456917872322,0.0151,800201500.0,261465063424.0,34.15493,24.709002,3.9390862,0.002376804432286539,-0.0076726342710997444,-0.018615908600405892,-0.01797014931367891,-0.12813227993147114,0.36597938144329895,0.030927835051546393,0.21040298969072171,194.0,,,1.9,Buy,1.3822869090382524,Industrials,
SARO,"StandardAero, Inc.",,,US85423L1035,0.05608,0.051220004,0.10532,0.93207,0.45,1.981443451818417,0.28400083393849845,0.08172254757983798,-0.017560851028446497,,74754283.0,7379503104.0,23.229166,12.624761,2.6799662,-0.01064777754121613,-0.041684591262654905,-0.07237940304750501,-0.07927330172531577,-0.25666666666666665,0.9013452914798205,0.34529147982062774,0.6060219730941704,22.3,,,1.7,Buy,1.8399687724781484,Industrials,
SBAC,SBA Communications Corporation,,,US78410G1040,0.08406,0.34512,0.52165,,-0.105,0.8687993122192403,-0.07487874512059586,-0.09322175172969431,-0.29080056728828874,0.0276,190801984.20000002,18946275328.0,19.539387,21.820593,-4.092159,-0.014023103927236292,-0.02484437809769706,-0.037094954307549444,-0.04364359673033427,-0.01521284233736704,0.5678369449577244,-0.06489725068592868,0.26770815835153144,178.59,,,2.1,Buy,0.8954562783880348,Real Estate,
SBRA,"Sabra Health Care REIT, Inc.",,,US78573L1061,0.01898,0.07576,-0.12527001,0.95672,,0.9892335510190005,-0.12963704223660483,-0.22638627465991562,-0.35860612896737387,0.0596,52944653.99999999,5042834432.0,78.96,24.37037,1.8332095,-0.020347375994649277,-0.02614703728635963,-0.03801171736663207,-0.05050509231787168,-0.04168636685490445,0.2664640324214793,-0.03748733535967571,0.15429128672745712,19.74,,,2.3,Buy,3.240000049240122,Real Estate,
SBUX,Starbucks Corporation,,,US8552441094,0.08022001,0.05172,0.12919,,0.857,0.888424189158373,0.0997962650609693,-0.016091181958389576,-0.27442270171869143,0.025699999999999997,680140008.8,109246201856.0,55.715115,30.687695,-14.232883,-0.008689336762759544,-0.007765601748140896,-0.029471317872463643,-0.04208317549979056,-0.08348715943057929,0.4922258165501409,-0.15475320880726284,0.17109266409266408,95.83,,,2.4,Buy,1.81555229221354,Consumer Cyclical,
SCHW,The Charles Schwab Corporation,,,US8085131055,0.020680001,0.38793,0.52277,1.5110599999999998,0.426,1.2216641173486897,0.08020723082601484,-0.11319944837601785,-0.20474084274792162,0.012199999999999999,868235667.5,182012575744.0,19.032549,13.484306,4.139952,0.005925669147064586,-0.02356434635822934,-0.018648018648018648,-0.012108136891702773,-0.0195345717962588,0.37767220902612825,-0.13539192399049882,0.18717339667458435,105.25,,,1.7,Buy,1.4114592920095406,Financial Services,
SF,Stifel Financial Corp.,,,US8606301021,0.0225,0.16344999,0.21761999,0.52002,0.506,1.3796012325381986,-0.07191540495073295,-0.23162537985211706,-0.28102215240674294,0.018000000000000002,93232310.60000001,11444420608.0,13.485765,10.341703,2.1562493,0.0037080897344484603,-0.013407962756001016,-0.04977434841901934,-0.06026040215658802,-0.0872964305969934,0.3590183401504155,0.06874257817654035,0.17429740071249494,75.79,,,,,1.3040178198890453,Financial Services,
SGOV,iShares 0-3 Month Treasury Bond ETF,,,US46436E7186,,,,,,-0.11933160195590173,-0.07247651739658385,-0.047120785868780324,0.042716933763545635,0.0374,2069857530.3,,,,,0.00029835364095719824,0.0005968489150671814,0.0006964122490191687,0.0009951451722194408,0.0043562864877638215,,,,100.59,,,,,,,
SHLD,Global X Defense Tech ETF,,,US37960A5294,,,,,,-0.34581962699377783,0.9492683704037949,0.4868718342540827,-0.2882722228297289,0.006500000000000001,66678357.2,,27.738014,-6.408998,,-0.004921442613213512,0.0017580358911985128,0.015060728744939267,0.013583438637442446,-0.07524341798682134,,,,62.68,,,,,,,
SHW,The Sherwin-Williams Company,,,US8243481061,0.09516,0.11013,0.18124,3.8995800000000003,0.143,0.4342211275062729,-0.273053885850646,-0.17066233835385797,-0.3553352907514363,0.01,527074852.8,77859823616.0,29.587639,23.582048,20.07951,-0.0006543355138304138,-0.007703734952351752,-0.007979949825480285,0.0002806429249361834,-0.11542753544815136,0.3095126742119539,0.06008168864777221,0.21909394194493803,320.73,,,2.0,Buy,1.25466791518701,Basic Materials,
SIL,Global X Silver Miners ETF,,,US37954Y8488,,,,,,-0.29776523688607937,-0.26625917021526446,-0.2008194169238654,0.3189058783554197,0.0104,86283568.0,,18.200832,,,0.001999766966609525,0.02685795426724774,-0.012038196378207012,-0.04904605514350438,0.14340616811699386,,,,95.2,,,,,,,
SITM,SiTime Corporation,,,US82982T1060,-0.00029999999,0.03012,0.10623,1.2941900000000002,,1.1126693141134987,0.049207411732869966,-0.01609445690955239,-0.24904500057902956,,265462923.2,18400778240.0,1007.0,41.164707,15.887388,0.026177789931788643,0.11606312551357954,-0.03365002367337638,0.041365055155865346,-0.10651636363636366,0.4651537597473424,0.18840249401728884,0.3829423543392971,614.27,,,,,24.462702965431042,Technology,
SJM,The J. M. Smucker Company,,,US8326964058,0.06257,0.02506,0.17898001,1.20682,,1.1339222914797118,-0.0795514265100163,-0.09903629495812116,-0.14420342041748876,0.0362,179589376.5,13133910016.0,57.723,11.296865,2.2838726,-0.006464646464646442,0.010271183920320306,0.0149413952408046,-0.0029194515101882597,0.044631634080475664,0.27694184627897517,-0.07279381862545753,0.15036600244001624,122.95,,,2.1,Buy,5.109647676589921,Consumer Defensive,
SKT,Tanger Inc.,,,US8754651060,0.04715,0.2023,0.32639998,2.7831099999999998,0.108,1.0749637536034842,0.03464126228044063,-0.07132584939683997,-0.20414733745461275,0.035,30696709.999999996,4279599872.0,32.844036,29.773539,6.101926,0.001398601398601319,-0.011322813997210851,-0.015672228447195888,-0.025319889840099558,-0.08952186475442844,0.2849162011173185,0.06145251396648053,0.15363128491620112,35.8,,,2.6,Hold,1.103128385241674,Real Estate,
SLG,SL Green Realty Corp.,,,US78440X8873,0.00452,-0.16719,0.18843001,1.4255600000000002,,1.0896054348619475,-0.06175415634397547,-0.21164254031564836,-0.2950071373522116,0.0472,45510628.8,3996006144.0,,-68.48397,1.1546904,-0.005157564125900931,0.005211322515968351,-0.01883952141217964,-0.006675573205007814,-0.04475422665584766,0.5168970814132104,-0.17434715821812594,0.1277897465437788,52.08,,,2.5,Hold,,Real Estate,
SMH,VanEck Semiconductor ETF,,,US92189F6768,,,,,,-0.3509947519791265,-0.3816220224069572,-0.31268106584579,-0.47150189970993284,0.002,3908123580.0,,39.13644,,,0.022100952484225972,0.05698108406618832,0.00786232999627689,-0.0022462137190252867,0.002659794889058443,,,,573.0,,,,,,,
SMOT,VanEck Morningstar SMID Moat ETF,,,US92189H7301,,,,,,-0.7389380530973452,-0.22735097057810963,-0.27273023369432453,-0.23398969871005965,0.0123,577059.45,,21.180445,,,-0.007870967741935476,-0.016500387568946815,-0.019760356873574587,-0.024288117782576772,-0.04650296897360611,,,,38.445,,,,,,,
SNDK,Sandisk Corporation,,,US80004C2008,0.43910998,0.56465,0.78472,0.012769999999999998,,0.27141420336849403,-0.4674801351282285,-0.42168378060540035,-0.20659899287633415,,17289145752.6,262356500480.0,21.880816,6.7686954,16.966225,0.10990527923340818,0.17043949920788393,0.09702147536213965,0.01567306742883599,0.42368388387248573,1.0091303813999175,-0.44190822738891183,0.18599357078277956,1791.82,,,1.5,Buy,3.2326489385236625,Technology,
SNPS,"Synopsys, Inc.",,,US8716071076,0.01353,0.11432999,0.14521,0.34804,0.893,0.7237817061852083,0.11873762723986876,-0.007259884524712961,-0.13448108707158354,,798704958.4000001,73774358528.0,66.71924,21.965788,2.3677783,0.009969269455625969,0.04696760190272992,-0.031229565479702955,-0.02098062457426373,-0.05175134345970456,0.6442839701794943,0.07740862924383705,0.4181204769202795,384.97,,,1.5,Strong Buy,3.037416185570033,Technology,
SOFI,"SoFi Technologies, Inc.",,,US83406F1021,0.0124699995,0.14906,0.16956,0.30835,0.404,-0.2934514611823541,-0.24655365427893433,-0.377812895205649,-0.5041530268986542,,636454358.4,21905031168.0,33.92,20.493238,1.9757688,0.013747786255643147,-0.006444036133027631,-0.020785202145921375,-0.021350255356892618,-0.06298344516262144,0.7688679245283018,-0.2924528301886793,0.19934610849056603,16.96,,,2.7,Hold,1.6551801135574573,Financial Services,
SOXQ,Invesco PHLX Semiconductor ETF,,,US46138G6153,,,,,,-0.760346915180485,-0.18633596089606844,-0.19560490374717182,-0.40836893841788624,0.0031,121251163.8,,38.688965,,,0.02770172033528903,0.06659090909090909,0.008163281829592752,-0.0009579239080951552,-0.009915643686684282,,,,93.86,,,,,,,
SPCX,Space Exploration Technologies Corp.,,,US84615Q1031,,-0.35661998,-0.01804,0.31211,,2.6881837203242647,-0.028173808954032365,-0.10017321795376996,0.2228467036578318,,13868002835.7,2012989751296.0,,87.605774,15.815038,-0.013564999623483088,0.06425530806238063,0.009919933995977126,0.03497117479849976,0.32883747331338403,1.9467618361600416,-0.08322965097243146,0.4564930259969877,152.71,,,1.7,Buy,,Industrials,
SPG,"Simon Property Group, Inc.",,,US8288061091,0.05633,0.66571,0.46023998,5.03504,-0.125,0.9796439203225935,-0.21433553811157002,-0.27637929479455986,-0.36813334312989343,0.0435,299892445.2,77944299520.0,14.428673,30.208912,15.11818,0.0041570830646173226,0.005977431945129931,0.0023922187402481195,0.0038625200480032684,-0.0644919814203388,0.38807714786674463,0.008182349503214528,0.1445548412234561,205.32,,,2.5,Buy,0.4776296809365395,Real Estate,
SPGI,S&P Global Inc.,,,US78409V1044,0.07033,0.30536,0.4479,0.42979999999999996,0.177,0.16148826261470908,-0.26348955346468694,-0.2046208797338404,-0.2470316822720007,0.0096,713614498.4,119488339968.0,24.639513,20.046244,3.7931776,0.0029942706003288186,-0.017453673047182344,-0.013123594670736585,-0.031169293929017978,0.002443156379168588,0.3643540905950854,0.1965854139938814,0.283677094641271,405.32,,,1.3,Strong Buy,1.2291336471809882,Financial Services,
SPYM,State Street SPDR Portfolio S&P 500 ETF,,,US78464A8541,,,,,,-0.3050354075830242,-0.1374945282152575,0.5740414707113333,0.0947482386360097,,1615609508.4,,24.607456,,,0.0010049910125650352,0.008097186750799368,-0.0008916765449693724,0.0014573639922142517,-0.006512756804401297,,,,89.64,,,,,,,
SQM,Sociedad Química y Minera de Chile S.A.,,,US8336351056,0.11553001,0.20622,0.48824,0.6125,6.464,1.0262383599475975,0.015650200107520405,0.02409480227237048,-0.03332648795508488,0.0338,74978906.8,19343392768.0,14.786027,9.7625675,3.064947,-0.05682455262316213,-0.022658405177990407,-0.030910093564898076,-0.10257088760110138,-0.04740096880489452,0.6243354991139989,-0.3450974601299468,0.25685011813349085,67.72,,,,,1.5145633564121326,Basic Materials,
SSNC,"SS&C Technologies Holdings, Inc.",,,US78467J1007,0.04892,0.13161999,0.24598,1.15897,0.347,0.9964212777621212,-0.18008156948720846,-0.23041305703146087,-0.29271614491498943,0.015,137879250.0,18755973120.0,22.968391,10.3405,2.8236833,-0.0013743242662307032,-0.016730236194001085,-0.004235662853933454,0.007436396386970995,0.004760256834453113,0.40122607281371186,0.025897660452896196,0.17046866007756778,79.93,,,1.8,Buy,2.2212070015956673,Technology,
STAG,"STAG Industrial, Inc.",,,US85254J1025,0.02892,0.28053,0.37036,0.9378,0.033,0.8484396947724081,-0.21767245483805275,-0.2641984431020364,-0.24660271782573942,0.041299999999999996,51530048.0,7399968256.0,28.923077,42.727272,1.9964954,0.002934070861788851,0.012113013610716103,0.012385584757973208,0.011296387610996134,0.02173915161753019,0.2234042553191489,0.010638297872340387,0.1125885638297871,37.6,,,2.3,Buy,0.6769230902454993,Real Estate,
STX,Seagate Technology Holdings plc,,,,0.29354998,0.26108998,0.4307,1.7988,1.488,0.49477549464784587,-0.09213808343776211,-0.118776727808249,-0.2875356204994671,0.0037,3624308497.5,195282829312.0,57.79206,15.509631,89.87859,0.06930384219091529,0.11269613339622868,0.03447488788924456,-0.03062351389911883,0.006846811312960284,0.8630864355663201,-0.18489968443973495,0.30998265000756886,858.79,,,1.4,Strong Buy,3.7262047046767264,Technology,
STZ,"Constellation Brands, Inc.",,,US21036P1084,0.08574,0.20143999,0.35931,1.23205,0.307,2.1807444803811595,-0.19755650526110238,-0.052292199829735035,-0.16373483243260395,0.0336,333087447.2,20320593920.0,11.663726,9.626907,2.4709744,-0.028419738954449564,-0.037615293991818004,-0.028419738954449564,-0.02122585756463708,-0.10224874611837582,0.7567453979994957,-0.033369757081617206,0.4176025888879549,118.97,,,2.0,Buy,1.2115756389876833,Consumer Defensive,
SUI,"Sun Communities, Inc.",,,US8666741041,0.02564,-0.37355,0.23205,0.72848,,0.6287162865706878,-0.40320296646666376,-0.4458337526990725,-0.01404043203169598,0.039,128057475.0,14372619264.0,147.72728,35.496624,2.524748,-0.010439295172687152,-0.02885680297682528,-0.0063766888148800915,-0.019734582018784853,-0.05460438590000129,0.3626373626373626,0.1076923076923077,0.22059006593406588,113.75,,,1.8,Buy,4.161727605419603,Real Estate,
SWK,"Stanley Black & Decker, Inc.",,,US8545021011,0.038,0.040689997,0.08443,0.58172,2.478,1.0979166646640448,-0.05604231214090755,-0.05747396012968198,-0.14348620382490487,0.0377,173193972.0,13528071168.0,21.79562,14.041611,1.5099874,0.0051615489142880335,0.01128920916994978,0.0038099747239965388,-0.022905762414763296,-0.1057046611867408,0.2279526680062514,0.038178164768921656,0.12443927215896412,89.58,,,2.5,Buy,1.5522164800036122,Industrials,
SWKS,"Skyworks Solutions, Inc.",,,US83088M1027,0.03441,0.072270006,0.08825,0.11869,-0.686,2.611865879712774,0.5981756870953122,0.7665137288113208,0.08729713809962467,0.041299999999999996,893121759.6,13355964416.0,47.46524,17.885607,2.327948,-0.028033286283172292,-0.01377777777777772,0.004640651193661382,0.15965506843877816,0.32794740968115893,-0.042361424064894154,-0.41415051825146465,-0.22991279855790897,88.76,,,3.0,Hold,2.653823266943079,Technology,
SYF,Synchrony Financial,,,US87165B1035,0.02902,0.35507,0.50219,,0.036,1.0022304249187564,-0.19678407468216028,-0.2617259132243012,-0.24189331984325368,0.0183,196647572.8,24415827968.0,7.6337743,7.148614,1.606405,0.008466554319112798,-0.013410433754063379,-0.01250161719273405,-0.029864234255853814,-0.046142090421177034,0.3859275053304903,0.039445628997867715,0.19008995202558623,75.04,,,1.9,Buy,1.067867743313599,Financial Services,
SYK,Stryker Corporation,,,US8636671013,0.08162,0.14433,0.27015,0.6439100000000001,0.441,0.815071605799227,0.17378904180453938,0.2247847785268811,0.005627381232617482,0.0126,1056083885.6,105528614912.0,29.08245,16.44075,4.3992453,-0.01788457071890012,-0.022664298401420944,-0.001596739593888937,-0.000980480896455871,-0.18466050448470847,0.6901715615004361,0.14495492875835997,0.36260540854899675,275.12,,,1.7,Buy,1.7689247753295925,Healthcare,
SYY,Sysco Corporation,,,US8718291078,0.079679996,0.02078,0.048449997,5.64591,0.053,1.126965591791973,1.5790995585429721,0.9029450296105243,-0.10308300198603687,0.0278,417061476.0,37909872640.0,21.59836,14.716642,14.189553,-0.0007584453278807617,-0.006909528701811566,-0.04999398065429053,-0.030893707297440638,-0.06283341517483437,0.2650221378874131,-0.013282732447817802,0.14241227071473747,79.05,,,2.4,Buy,1.4676146909057106,Consumer Defensive,
T,AT&T Inc.,,,US00206R1023,0.04163,0.16943,0.24786,1.29054,0.062,0.4497138918685093,-0.3651008736300506,-0.35083087199195534,-0.588207813997256,0.0437,1093561186.0,174050590720.0,8.382838,9.905663,1.5819632,0.00039387989728106697,-0.04940117317648156,-0.02532615040168871,0.009940373171438432,0.07127798316255947,0.4173228346456694,-0.21259842519685035,0.13017795275590563,25.4,,,2.1,Buy,0.8462672311787711,Communication Services,
TDV,ProShares S&P Technology Dividend Aristocrats ETF,,,US74347G6061,,,,,,0.06009913258983894,-0.05846621108580101,-0.10120805369127513,0.02847399829497017,0.0103,462349.96499999997,,24.652674,,,0.0013101404254174437,-0.0005016420913713171,-0.028053792435429485,-0.008870611020049027,-0.03242347369606605,,,,99.4301,,,,,,,
TEAM,Atlassian Corporation,,,US0494681010,0.030439999,-0.00819,0.122609995,1.16483,,1.0550484239094498,-0.45481734924439626,-0.43154593596277224,0.17307829888884363,,558230943.0,48607715328.0,,28.47525,45.970795,-0.0026489315043391874,0.011643235181666548,0.06855872710619061,0.08034203930181133,0.7429427538479033,1.499739610457244,-0.43766274346422246,0.03752296635767096,192.02,,,1.5,Buy,,Technology,
TECH,Bio-Techne Corporation,,,US09073M1045,0.06671,0.14968,0.27871,0.13712,,0.0377605435101792,-0.29648205391878624,-0.3657895869350686,-0.6247355901367411,0.0044,221279235.70000002,11348936704.0,62.387936,31.378859,5.35836,-0.0005524604348322043,0.00041475896638474213,0.0034664065986855686,0.0016608996539793017,0.007651508681221762,0.008705264612408394,-0.309105983142186,-0.02269904656625674,72.37,,,,,1.9882155689599805,Healthcare,
TER,"Teradyne, Inc.",,,US8807701029,0.19745001,0.25766,0.33161,0.02883,3.858,0.24236407598766585,-0.2538471263599175,-0.13479710779599338,-0.4314292886220375,0.0015,1078455418.7,58075897856.0,48.55817,31.87908,18.496738,0.051935533269889436,0.11602822048461572,-0.021726538486730864,-0.03184863395879686,-0.03449639107962858,0.48060408646727854,-0.057797399520822745,0.20189159286079628,371.47,,,1.6,Buy,1.5231985992067525,Technology,
TEX,Terex Corporation,,,US8807791038,0.028110001,0.02232,0.07239,0.54558,-0.119,0.13127326849866797,-0.1761569425983013,-0.24644358193126645,-0.38481712947572927,0.011699999999999999,57800750.4,6748272128.0,27.71831,9.895116,1.3618121,0.020041446276402742,0.011651805732295045,-0.02926668371844299,-0.04620357763130602,-0.09423587818022955,0.6937669376693767,0.1263550135501355,0.3539972899728997,59.04,,,,,2.801211223799701,Industrials,
TGT,Target Corporation,,,US87612E1064,0.05689,0.04078,0.06044,1.07583,1.005,0.6327418204156057,-0.1715800816849323,-0.22947533362931244,0.057270415866715746,0.028999999999999998,558893179.5,71865204736.0,16.58176,16.5683,4.027548,-0.01026091354730899,0.024546672625237194,0.015144697049441967,0.004253400897451568,0.08379240893475315,0.2643024211391365,-0.2098109867880397,0.02891908464504716,158.19,,,2.5,Hold,1.000812394753837,Consumer Defensive,
THC,Tenet Healthcare Corporation,,,US88033G4073,0.083179995,0.102740005,0.18159,1.5227600000000001,2.134,2.0372395551236924,-0.4231381229221114,-0.43626787518755555,-0.48515903891105217,,234774478.8,21095172096.0,10.123261,12.427377,4.528155,0.0003436659244490433,0.004370304273759493,-0.006446973437242822,-0.026348992589835325,0.020846263428137946,0.202335967021642,-0.007595709759914535,0.09000893163861211,261.99,,,1.5,Strong Buy,0.8145935381215199,Healthcare,
THRM,Gentherm Incorporated,,,US37253A1034,0.03885,0.01682,0.07101,0.44955,7.981,1.131139613303476,-0.21059904974245577,-0.33826393319832443,-0.4319841286309446,,11240510.5,1117363328.0,43.79518,11.149656,1.5435244,-0.03478491377376167,-0.045430718168817136,-0.06435002760132412,-0.053878143352398176,-0.10024755873547697,0.6231086657496561,-0.0646492434662999,0.3204951856946354,36.35,,,1.9,Buy,3.927940018956639,Consumer Cyclical,
TIGR,UP Fintech Holding Limited,,,US91531W1062,0.01224,0.18370001,0.3534,0.06876,-0.333,-0.1442523839537269,0.03463054730013083,-0.0501499950183066,0.22241756607523258,,10265613.600000001,850668544.0,9.854167,5.2547383,0.998944,-0.0021096564559125904,0.004246276367525516,-0.020703918278599975,-0.05964218634093847,-0.0021096564559125904,2.0655391120507396,-0.02536997885835097,0.630213530655391,4.73,,,1.5,Buy,1.8752916772277701,Financial Services,
TJX,"The TJX Companies, Inc.",,,US8725401090,0.13543001,0.09729,0.10909,1.3441900000000002,0.236,1.6244856671401837,0.7893734602395656,0.49391268970377983,0.3924954283864493,0.0152,1259044889.6,139960696832.0,23.432781,22.038548,13.516041,0.0054523661130215844,0.02118781346877158,0.00968102991138044,0.00888040936431328,-0.212381422033578,0.5561144294247092,0.06884627475636597,0.3344860106884629,127.24,,,1.6,Buy,1.0632633783314582,Consumer Cyclical,
TMO,Thermo Fisher Scientific Inc.,,,US8835561023,0.05129,0.15036,0.18751,0.8057500000000001,0.094,1.2193550665829929,0.6891020329802063,0.30895889396643655,-0.1948643173057477,0.0029,1639836454.5,240871882752.0,35.46271,23.662271,4.5724454,-0.010435665402517938,0.015684661628348993,0.06908491674077133,0.0763746437080024,0.12401184148434959,0.1512779184895233,-0.20178064318059719,-0.009673605034922109,651.45,,,1.5,Buy,1.4987027238425255,Healthcare,
TMUS,"T-Mobile US, Inc.",,,US8725901040,0.05973,0.11455,0.2522,2.1403499999999998,0.053,1.7154412291126735,0.11720715915106565,-0.06367250180788117,-0.2615896297746193,0.0245,870585451.8000001,180401897472.0,17.427979,11.647991,3.2127302,0.010393530089975104,-0.06809996751578254,-0.07760654685983025,-0.05165217394297129,-0.06011755433031233,0.7838030681412771,0.004875728386252783,0.44711023902961106,168.18,,,1.7,Buy,1.496221880665945,Communication Services,
TOPT,iShares Top 20 U.S. Stocks ETF,,,US46438G5707,,,,,,0.06283097661191914,0.02540117478464921,-0.04542347271386878,-0.11384048640915602,0.0038,12185921.6,,26.650293,,,0.004076873814502757,0.021327064995958656,0.013169260458104438,0.017350995867103872,0.017951140688414385,,,,34.48,,,,,,,
TPL,Texas Pacific Land Corporation,,,US88262P1021,0.25811002,0.60322,0.78177,0.01077,0.327,2.760819038119525,0.10051201822871247,5.860308745743301e-05,0.1203592530516193,0.0069,154462406.6,24325302272.0,44.24969,4.8231673,14.544893,0.015754572582523635,-0.051018498597257274,-0.04451369772913996,-0.0571833334176375,-0.006759165695238596,0.8118921371253579,-0.2996285479343296,0.25613179459551416,352.67,,,3.0,Hold,9.17440495999382,Energy,
TRNO,Terreno Realty Corporation,,,US88146M1018,0.02437,0.77274,0.41769,0.21396,-0.402,1.0233831732323273,0.038906193492691345,-0.15281246368780002,-0.35003852209158215,0.0344,48512322.5,7164797952.0,17.77027,37.258457,1.5979682,-0.007247521253271118,0.007045475233915317,0.007354119528433962,0.008435630023026263,-0.03521645593753278,0.3840304182509506,-0.08745247148288973,0.12726463878326993,65.75,,,,,0.476945945453404,Real Estate,
TROW,"T. Rowe Price Group, Inc.",,,US74144T1088,0.10659,0.29262,0.28688,0.03702,0.286,0.5910481723055752,-0.02272549144994327,-0.03433368605552374,-0.3795338485506635,0.0506,170176608.0,22218979328.0,10.333334,10.091841,2.0194266,0.012835508645608791,-0.0006716238576129759,-0.007848609712175353,-0.02120129659936257,-0.07185558526366759,0.19047619047619052,-0.13594470046082946,0.049667146697388705,104.16,,,3.4,Hold,1.0239295288144155,Financial Services,
TRU,TransUnion,,,US89400J1079,0.04938,0.15077,0.19701,1.13212,0.321,2.6503490788610433,-0.07607366093972685,-0.11585115850166948,-0.2309700390659642,0.0068000000000000005,169276153.00000003,13877587968.0,19.314667,12.9990635,2.8655643,-0.009301061478247002,-0.0595948694251158,-0.06782493121270843,-0.059961101476587224,-0.08410931053202246,0.5877398867872428,0.06309540245754512,0.3510581250862901,72.43,,,1.8,Buy,1.4858506537797895,Financial Services,
TRV,"The Travelers Companies, Inc.",,,US89417E1091,0.04775,0.16951999,0.23698,0.27378,0.571,0.8589709321430659,-0.2434270622640951,-0.21799772531831674,-0.26747752390190455,0.0132,581470179.2,78136377344.0,10.193742,12.388936,2.3593948,-0.012832987324296127,-0.008863140487032985,-0.0015458747019208546,0.02467175532248341,-0.026163640041728303,0.1478298008648764,-0.3006246329614009,-0.03758032139234431,374.62,,,3.0,Hold,0.8228101267130609,Financial Services,
TSLA,"Tesla, Inc.",,,US88160R1014,0.019299999,0.03671,0.014099999,0.18373,-0.03,0.31738810842151977,-0.1469700753933354,-0.17849941292358215,-0.12590357723760023,,14359417761.699999,1438701584384.0,343.65094,165.76111,16.561491,-0.005270377232920832,0.021566026466198977,-0.0032016266243153377,-0.009624527832552542,0.14001815601547182,0.6471298761907377,-0.656847942460263,0.08967902929145974,364.27,,,2.3,Buy,2.073169876818513,Consumer Cyclical,
TSM,Taiwan Semiconductor Manufacturing Company Limited,,,US8740391003,0.19002001,0.49923,0.60344005,0.16504000000000002,0.774,0.039228756763525705,-0.13510721714616075,-0.08162599435973228,-0.36214412388105244,0.0095,4843710371.400001,2254404845568.0,32.05531,19.825224,88.95169,0.010249593581279526,0.053380269002977966,0.005992302109874546,0.0010936098135841932,0.042171375337548805,0.6104170980283893,0.012262175903558985,0.27052568615271355,434.67,,,1.4,Strong Buy,1.6168952239833456,Technology,
TTD,"The Trade Desk, Inc.",,,US88339J1051,0.06252,0.13608,0.14205,0.16863,-0.236,6.123626307327187,-0.1360479464725761,-0.1975536302654125,0.7292734285546724,,252395491.2,6581307904.0,16.97561,13.984187,2.5392194,-0.023842932918977683,-0.07200000000000001,-0.029288713257934987,0.00288183611161974,-0.2122241120601319,0.5086206896551724,-0.35344827586206895,-0.025382902298850554,13.92,,,3.1,Hold,1.213914688068745,Communication Services,
TTWO,"Take-Two Interactive Software, Inc.",,,US8740541094,-0.00621,-0.04792,0.0051499996,0.81607,,1.3946717950248673,0.02836815615983102,-0.09460863644171397,0.22147897425667604,,532142208.5,38415130624.0,,19.961777,10.849131,-0.024546554159356818,-0.03048465646015403,-0.046502998858016335,-0.02694894101589835,-0.1162300558300888,0.7911900705767828,-0.17254806522268187,0.39421611097590675,205.45,,,1.2,Strong Buy,,Communication Services,
TW,Tradeweb Markets Inc.,,,US8926721064,0.1248,0.40701,0.43829,0.020489999999999998,0.197,0.2244075578235741,-0.22219664475878625,-0.2981296829971182,-0.39064684811207795,0.0055000000000000005,126317311.8,22460459008.0,24.406103,22.638987,3.3445923,0.018714506046403692,0.023830594539802887,0.024940827067262004,0.010005804683947102,0.0076009391667353566,0.7120323170145234,-0.05742040973357698,0.18921669712417044,103.97,,,2.2,Buy,1.0780563193927362,Financial Services,
TXN,Texas Instruments Incorporated,,,US8825081040,0.13059,0.31111,0.42576998,0.78036,0.518,1.6322532572407,-0.3403899166775565,-0.27996421127934185,-0.40685728953690203,0.022000000000000002,1746926623.1999998,243508379648.0,39.211765,25.048735,13.519242,0.032927809983813124,0.012185428438171353,-0.007666587694250049,0.019305033574702802,-0.0422413583128778,0.5001500150015002,-0.15616561656165612,0.2177831533153316,266.64,,,2.1,Buy,1.5654189722554852,Technology,
UBER,"Uber Technologies, Inc.",,,US90353T1007,0.06877,0.17345,0.13317999,0.51872,0.855,0.08485131672325535,-0.06862084485870232,0.030324553310916956,-0.05304761243929111,,1477973280.0,144000483328.0,15.562913,16.00207,5.265123,-0.005220865418971301,-0.013019743821958151,-0.01632479696995826,-0.008159845471490774,0.00042569573970805845,1.127659574468085,-0.0070921985815602835,0.4360468085106382,70.5,,,1.6,Buy,0.972556238036704,Technology,
UDR,"UDR, Inc.",,,US9026531049,0.022449998,0.29563,0.20177999,1.5614400000000002,0.909,1.1139091523168745,0.5209058327611095,0.33768695396347875,-0.07502231525546535,0.0506,161985726.0,12453647360.0,21.592358,60.535717,3.761234,-0.009061651352494805,-0.028931533996754872,-0.030764634893178013,-0.038430964346443476,-0.10408649791730709,0.3569321533923304,0.12094395280235994,0.22980766961651924,33.9,,,2.4,Buy,0.35668790377092585,Real Estate,
UE,Urban Edge Properties,,,US91704F1049,0.02789,0.13948,0.31436002,1.26633,-0.693,0.8375896523758251,-0.06828720570825024,-0.17064807064892473,-0.15131301621347876,0.0418,15984988.500000002,2755119616.0,37.75472,42.126316,1.9669714,-0.003982088202104063,-0.0084241973540594,-0.017195478931818827,-0.029462850251552243,-0.06145370769967378,0.2993503248375811,0.09945027486256863,0.2077296351824087,20.01,,,2.3,Buy,0.8962264822777286,Real Estate,
UNH,UnitedHealth Group Incorporated,,,US91324P1021,0.04871,0.03135,0.071329996,0.69211,0.615,0.6994084872078749,-0.10709985603060611,0.011702454751230672,-0.19874109049450064,0.024700000000000003,2219511334.0,338303483904.0,24.098465,16.668907,3.4647596,0.004504167222114574,0.002580287136215026,0.0003450672562017262,-0.035208886953618485,-0.061264956547740994,0.40355531971345193,0.008224993366940894,0.2781109047492705,376.9,,,1.6,Buy,1.4457135671822994,Healthcare,
UNP,Union Pacific Corporation,,,US9078181081,0.09274,0.28847,0.40982,1.50772,0.066,0.8276549243091567,-0.18254638747567026,-0.3090867601306404,-0.27859861848184597,0.020099999999999996,607674449.2,165966872576.0,22.880424,19.724142,8.541335,-0.011009667464501207,-0.016268144629189744,-0.017686336161860758,-0.018859276598116242,-0.04981220642657868,0.34230590256648885,-0.12302681032322728,0.18286981422486315,279.37,,,1.7,Buy,1.160021257198412,Industrials,
URA,Global X Uranium ETF,,,US37954Y8710,,,,,,0.3571173044010403,-0.039335120276541916,0.02731633052224264,0.046254352871275696,0.045700000000000005,136542028.0,,26.23054,,,-0.02413309038919747,-0.002872886196997136,-0.04318857872771214,-0.11118225656191422,-0.03587964665660779,,,,41.65,,,,,,,
URI,"United Rentals, Inc.",,,US9113631090,0.08768,0.15673,0.25986,1.6679300000000001,0.255,0.3025151829140133,0.0006513983048103154,-0.11083316039015982,-0.1503834828697128,0.0079,455154338.09999996,63108280320.0,24.094818,17.694668,6.8522243,0.011351251703758258,0.025052313644173888,0.025062687040186094,-0.01444445235488187,-0.1264345951621901,0.5879121421033425,-0.06303320807566744,0.25191920387411115,1013.91,,,1.8,Buy,1.3616993548565026,Industrials,
USB,U.S. Bancorp,,,US9029733048,0.0116,0.29896,0.39646998,,0.216,0.9812776978365229,0.4808958141056182,0.2893378708330698,-0.2584602621297835,0.0359,499083585.0,93576568832.0,12.012,10.380533,1.5435225,-0.003153526970954319,-0.03471554449253856,-0.04423934032204807,-0.03300596667535529,-0.05876823840440557,0.282051282051282,0.08225108225108221,0.17105111555111557,60.06,,,1.9,Buy,1.1571660145004115,Financial Services,
USD,ProShares Ultra Semiconductors,,,US74347R6696,,,,,,-0.3707767194956018,-0.3527289912043716,-0.2871338100102145,-0.3253342390088547,0.0036,46641919.599999994,,34.41807,,,0.042548154635138856,0.11941620030219365,0.02498259937716614,-0.015183651886322517,-0.025734491848538977,,,,88.21,,,,,,,
USRT,iShares Core U.S. REIT ETF,,,US4642885218,,,,,,-0.07109533750011554,0.33784501236966696,0.13367949792505668,-0.17410772485562356,0.026000000000000002,41488192.0,,28.461615,,,-0.009932213497473011,-0.011957227137669382,-0.018826845975183807,-0.021406872092258833,-0.05671611140651648,,,,62.8,,,,,,,
V,Visa Inc.,,,US92826C8394,0.1911,0.50782,0.66130996,0.67821,0.102,1.734263705629075,-0.22052966196298446,-0.2734492549377215,-0.2651084873053422,0.0072,2358565989.0,691411156992.0,31.450897,24.545631,19.517223,-0.004433251448250569,-0.01951439010828121,-0.0058307791492906635,0.002449672869916548,-0.004037639191252007,0.2653072307149257,-0.10396698254093246,0.1386723234407667,368.29,,,1.5,Strong Buy,1.281323629447538,Financial Services,
VC,Visteon Corporation,,,US92839U2069,0.05415,0.037839998,0.07813,0.25696,-0.3,1.8932755106691932,0.20747583640974981,-0.017323908642063016,-0.41098640845882195,0.015300000000000001,50233179.5,2525654528.0,18.884232,9.038961,1.6234535,-0.03459183673469388,-0.03132997057757963,-0.06261765863535508,-0.05029113238760602,-0.07984752477069504,0.5326075467709545,0.16266779410210339,0.363492231265194,94.61,,,2.0,Buy,2.0892038365913956,Consumer Cyclical,
VEEV,Veeva Systems Inc.,,,US9224751084,0.075830005,0.29345,0.29637,0.020409999999999998,0.395,2.257680033339252,-0.3634416294617729,-0.39013787459690197,-0.0856636425693608,,308749573.4,42130300928.0,42.72742,25.384756,5.8046308,-0.013421800947867376,-0.024041689425319115,-0.00834601351914794,-0.002262223238434817,0.1947199097979989,0.34506744552476853,-0.3082510280158333,0.14252449944275777,260.21,,,2.0,Buy,1.6831920700754424,Healthcare,
VICI,VICI Properties Inc.,,,US9256521090,0.04818,0.67496,0.70182997,0.60277,-0.414,1.0206707694482058,0.09541761478946872,0.03429907573580645,-0.08405888593819383,0.07629999999999999,256544846.0,26117558272.0,9.338583,7.93311,0.8953308,-0.016175885544528687,-0.023695017489880864,-0.026447392266870692,-0.0411220960778421,-0.08917439261197856,0.6020236087689714,0.09612141652613833,0.3596121416526139,23.72,,,1.8,Buy,1.1771654496155983,Real Estate,
VLO,Valero Energy Corporation,,,US91913Y1001,0.105579995,0.05446,0.12269,0.40148000000000006,4.535,2.2757691109658955,0.23796670247388577,0.3260305053480351,-0.09600547633509762,0.0116,1633666910.3999999,118994657280.0,17.212828,11.07206,4.759645,0.0018180525608377577,0.040902657428894026,0.05855229185503042,0.0625529940336351,0.3640054566829458,0.08885017421602795,-0.4241192411924119,-0.13987199961285318,413.28,,,2.3,Buy,1.5546183817645494,Energy,
VLTO,Veralto Corporation,,,US92338C1036,0.10307,0.17346,0.21370001,1.15978,0.101,1.9145120826084965,-0.23367717911616595,-0.3135047669306308,-0.2994360185175638,0.0055000000000000005,129286887.39999999,23036033024.0,23.982233,19.809307,7.4507174,-0.00797900262467197,-0.01036869838842236,0.004144543381540621,-0.002428222315656583,-0.036013025545396316,0.43930574663985617,0.05831304899989423,0.21479214731717644,94.49,,,1.9,Buy,1.210654819979316,Industrials,
VNO,Vornado Realty Trust,,,US9290421091,0.01008,0.03616,0.097959995,1.2231699999999999,-0.978,0.832985253732721,-0.018951824134326643,-0.10349660661332384,-0.34855405288822444,0.0213,49495878.0,6911904768.0,1163.3334,112.58065,1.3575541,0.002297538939601754,0.010715355742351341,-0.015236982156709834,0.006343705100584549,-0.10374932637871093,0.4326647564469915,-0.11174785100286529,0.1637644699140402,34.9,,,2.8,Hold,10.333333481375352,Real Estate,
VOO,Vanguard S&P 500 ETF,,,US9229083632,,,,,,0.37947706963291267,0.6732825022567475,0.37560646459291636,0.10059678143125654,0.0104,6537101753.4,,24.68499,,1.7955042,0.0010698125212655792,0.008014920561807436,-0.0011102219900140631,0.0012983932671569386,-0.006540238185714529,,,,701.78,,,,,,,
VRSK,"Verisk Analytics, Inc.",,,US92345Y1064,0.18958001,0.28237,0.45106998,,-0.034,1.0240329055000825,-0.3303232510079164,-0.32701261078197835,-0.38485514462039166,0.0113,232965529.2,22830667776.0,27.111284,20.170763,-19.680243,-0.006062985910261425,-0.025932928607119505,-0.0018149706353592218,-0.011853562737282103,-0.07309513118265769,0.48224160538167726,0.11168120403625793,0.3383770024513996,175.41,,,2.1,Buy,1.344088173560911,Industrials,
VRSN,"VeriSign, Inc.",,,US92343E1029,0.45124,0.49769002,0.68178004,,0.077,0.9188690052044342,-0.21832642615268472,-0.22707647698441463,-0.1819336430803732,0.010700000000000001,224187552.0,27402047488.0,32.76973,27.39763,-12.156406,0.003542500414748114,0.019713348724557066,0.035564240541203024,0.05638808608394622,0.039243271770239424,0.1711533386117709,-0.05977830562153604,0.07020321984692522,303.12,,,1.8,Buy,1.1960790039138423,Technology,
VRT,Vertiv Holdings Co,,,US92537N1081,0.10889,0.15088001,0.20362,0.70166,0.53,0.3421575475561981,-0.07694300720978127,0.10314512840047324,-0.29283094570103707,0.001,1597273120.8,96012197888.0,54.69079,27.33832,20.178816,0.032713546428982755,0.0629981644055982,-0.0295994871086654,-0.05111980129742817,-0.09346539226924089,0.7121777136212359,-0.053691006054773595,0.35592381410641977,249.39,,,1.4,Strong Buy,2.0005175884984885,Industrials,
VRTX,Vertex Pharmaceuticals Incorporated,,,US92532F1003,0.11926,0.34997,0.38055,0.09766999999999999,0.08,0.7375206687599711,-0.4504440290758048,-0.4396314631463146,-0.40952387451943856,,518791470.4,128844324864.0,30.02599,25.249094,6.3605313,-0.015493718168992738,-0.012222382727654668,-0.013774643814559936,-0.02452409279423947,0.05022416230814596,0.32194987606719916,-0.31148443954833377,0.11969390565369642,508.34,,,1.7,Buy,1.1891907883902686,Healthcare,
VSAT,"Viasat, Inc.",,,US92552V1008,0.00429,-0.00635,0.04441,1.46805,,0.9542209628236006,-0.290253752709068,-0.3689922076058203,-0.4126367678569217,,139782274.2,10521788416.0,,458.27084,2.2381105,0.04601483855659198,0.081716461404513,0.027856311524893266,0.055555546652017944,-0.06842295413997726,0.8329405603561143,-0.35847080387536,0.3608274417386751,76.38,,,1.6,Buy,,Technology,
VTR,"Ventas, Inc.",,,US92276F1003,0.02169,0.04093,0.14807999,0.8492799999999999,-0.067,3.0194390343811963,-0.1142469516544852,-0.09160731936169722,-0.20905436855348208,0.023700000000000002,369672167.0,44467322880.0,157.61818,109.73418,3.0354705,-0.011629222381935122,-0.02111560083723478,-0.03667071832544326,-0.030096188588941843,-0.06037288106720229,0.30349521282731573,0.038182027915561224,0.17503333717845204,86.69,,,1.6,Buy,1.4363635833429476,Real Estate,
VZ,Verizon Communications Inc.,,,US92343V1044,0.050479997,0.11643,0.22999,1.8408099999999998,-0.22,0.7993016823077563,-0.05691549146937343,-0.1711831909382913,-0.44850198458243884,0.058600000000000006,1069012326.9000001,199803142144.0,12.589005,9.108507,1.9226772,-0.004965897412825457,-0.06530613630932598,-0.04979254257973924,-0.03317252960972666,0.02340919945183321,0.47639841962986057,-0.08504886670825541,0.07261010605115402,48.09,,,2.4,Buy,1.382115093066295,Communication Services,
WAB,Westinghouse Air Brake Technologies Corporation,,,US9297401088,0.061669998,0.10593,0.19188,0.61686,0.189,0.685361937634337,-0.2313116450579954,-0.3007742075254311,-0.18168707482993193,0.0044,208575189.0,47333888000.0,37.61477,22.522509,4.225677,0.0050569996368362985,0.007586670932895188,-0.01055716830667304,-0.0008557108412968871,-0.04982815407338601,0.26681654355350953,0.0420012132890839,0.17463033936409364,280.23,,,,,1.6700967907261133,Industrials,
WAT,Waters Corporation,,,US9418481035,0.03558,0.03588,0.09422,0.36045,,0.29013925010722114,-0.07931532146681358,-0.15334838567096434,-0.2794904414756252,,277234373.9,41398104064.0,108.66753,25.48123,2.7255392,-0.018826215204602786,0.010884949775758821,0.0325464166657636,0.04155036323916791,0.054866117396087905,0.16215639304603563,-0.17226003842231338,0.049992505277138784,421.63,,,1.7,Buy,4.2646108527728055,Healthcare,
WBD,"Warner Bros. Discovery, Inc.",,,US9344231041,0.01708,-0.08769,0.05105,0.94199,-0.906,1.0199784041970386,0.009575449101691422,-0.13681255044468546,-0.19067998582439974,,550231778.0,69698396160.0,,397.14285,2.123272,-0.015580728565308396,-0.008205518409248118,-0.008559233512522493,-0.003941234253439387,0.053030318246181374,0.12410071942446041,-0.06474820143884895,0.0701438848920863,27.8,,,2.7,Hold,,Communication Services,
WDAY,"Workday, Inc.",,,US98138H1014,0.04513,0.12319,0.11816,0.5839,2.06,0.770148260458268,-0.39582158197890305,-0.4366304003311836,-0.07713709332175707,,510312368.8,46722670592.0,40.643604,14.663316,7.223443,-0.027147725875332117,0.016782933139902242,0.04399570913312906,0.042031694813069814,0.13880400460739412,0.4184762985505751,-0.525455201939444,0.07640088719244849,193.87,,,2.3,Buy,2.7717880457599087,Technology,
WDC,Western Digital Corporation,,,US9581021055,0.20758,0.72947,0.43608,0.13436,9.841,0.7597380858475288,-0.018172785188415284,-0.09404321605249732,-0.18232595641022714,0.0014000000000000002,3059097055.2000003,159128338432.0,15.745986,13.901307,21.102556,0.041262663279520516,0.07136617427599833,-0.013014877166029438,-0.08484697454356355,-0.022187957953732795,1.379010331702012,-0.04839586731919524,0.5065178085916259,441.36,,,1.5,Buy,1.1326982419710607,Technology,
WELL,Welltower Inc.,,,US95040Q1040,0.00825,0.12149999,0.16561002,0.41375,0.356,1.9064851048052736,-0.2836215511091177,-0.3171094725244736,-0.18309586010548437,0.0146,629877704.4,164917313536.0,104.031815,71.971695,3.5449092,-0.01459568839667805,-0.016712470349889475,-0.028647802635894,-0.029800737932910725,-0.026550815896442474,0.2758334425656486,-0.04312491807576355,0.14574762965875823,228.87,,,1.7,Buy,1.4454545637698264,Real Estate,
WFC,Wells Fargo & Company,,,US9497461015,0.0107700005,0.27232,0.37387002,,0.25,0.761670140742157,-0.011431932371955196,-0.002959980796626905,-0.208868738297812,0.023,1215967034.0,260426825728.0,12.627566,10.898562,1.6189796,-0.00886177229896685,-0.04012484587296696,-0.04618452622930715,-0.03958958672282822,-0.011137861737038561,0.33534602879702735,0.04505341384115183,0.16647143520668825,86.12,,,1.9,Buy,1.1586451496995658,Financial Services,
WMG,Warner Music Group Corp.,,,US9345502036,0.07651,0.092,0.16738,4.52947,,1.3234362476643493,0.07078935796904005,-0.003766391961413315,-0.14907048672453077,0.0286,56483836.8,14657536000.0,22.416,14.219236,17.158604,0.0025044449069698254,-0.03545608482311165,-0.010942461155697093,-0.004971585517425907,0.06760512791741796,0.6416845110635261,-0.17915774446823696,0.31628658101356183,28.02,,,1.6,Buy,1.5764560064971143,Communication Services,
WMT,Walmart Inc.,,,US9311421039,0.06414,0.03,0.0345,0.7165300000000001,-0.091,0.8843361431809437,-0.26558384472780355,-0.22782198881200502,0.08661807461691465,0.009300000000000001,2302841700.9,849365827584.0,38.81091,33.043858,9.008272,-0.0005618589288598423,-0.012582074049103085,-0.003919752868855194,0.00850418740785868,-0.04536886291036731,0.4522627190105874,-0.24107561135575756,0.19390049658015546,106.73,,,1.5,Buy,1.174527199578209,Consumer Defensive,
WPC,W. P. Carey Inc.,,,US92936U1097,0.03402,0.35761002,0.59301996,1.01882,2.565,2.0189627408517965,0.3165700698469313,0.14633536210843712,-0.22157274615451794,0.0565,112111257.4,15095146496.0,22.76976,21.04521,1.7405238,-0.003908548649836732,-0.03015222049218298,-0.04137735290705631,-0.052751924363520795,-0.07780095466716666,0.328101418653788,0.13190461817084204,0.21200860247509792,66.26,,,2.4,Buy,1.08194501266559,Real Estate,
WSM,"Williams-Sonoma, Inc.",,,US9699041011,0.16636999,0.14729,0.17272,0.71369,0.42,1.5719065468943236,0.2737439321631199,0.11356945827568277,0.11581513289617865,0.0139,294937342.0,26406090752.0,22.464931,21.323706,14.118387,0.024118407981074366,0.012326720387635335,-0.008973150182895758,-0.014592142273719194,-0.09190327451797058,0.24888492417484395,-0.32649420160570913,0.1054861730597681,224.2,,,2.2,Buy,1.053519074029627,Consumer Cyclical,
WST,"West Pharmaceutical Services, Inc.",,,US9553061055,0.11377,0.1698,0.22469,0.10585000000000001,0.181,1.1800535611032774,0.037856012764123335,-0.0331783254171536,-0.41659414573048237,0.0024,245222277.3,25497841664.0,46.931347,36.31598,8.53016,-0.011702144113724505,-0.007369863013698624,0.04644308264284704,0.07529529701064683,0.039328725348367434,0.26687091165024424,-0.06157710248130055,0.11886230024012585,362.31,,,1.4,Strong Buy,1.2923056737006684,Healthcare,
WYNN,"Wynn Resorts, Limited",,,US9831341071,0.05728,0.060549997,0.16537,,1.061,2.132502998665383,0.30253741054001304,0.23394264537192272,0.007829097580473668,0.0121,178662748.00000003,8410907136.0,19.873478,15.852991,-49.116055,-0.015429111603163247,-0.05800944686405125,-0.06864306907325203,-0.09475787475160916,-0.19330084924496566,0.7629774730656218,0.42017629774730647,0.6161238981390792,81.68,,,1.2,Strong Buy,1.2536106277988803,Consumer Cyclical,
XEL,Xcel Energy Inc.,,,US98389B1008,0.02365,0.15278,0.22700001,1.73135,0.24,0.7244952509472153,0.2811989588840068,0.25841781639814737,-0.004468643726660119,0.0322,471448056.0,45161062400.0,20.139277,15.923988,1.8765574,-0.018063252791391784,-0.0026210217874002026,-0.03466508353124228,-0.043407500290465216,-0.05310137220033575,0.39695712309820197,0.02351313969571235,0.269221438450899,72.3,,,,,1.26471314849019,Utilities,
XOM,ExxonMobil Holdings Corporation,,,US30231G1022,0.055209998,0.09072,0.15859,0.15921,1.128,1.6062775706218475,-0.1579636761968647,-0.15093537086355266,-0.07770563173012102,0.0252,2587309101.0,672462077952.0,21.020565,15.155684,2.5925806,0.0016536762447099122,-0.03413658796477038,-0.014759957901591663,-0.004201398925223061,0.06302597718181642,0.2229423994129877,-0.13171089641677872,0.045059863030451265,163.54,,,2.3,Buy,1.3869756719657127,Energy,
XPEV,XPeng Inc.,,,US98422D1054,-0.02428,-0.041360002,-0.06028,0.99445,,-0.140393989004958,-0.07832117921802868,-0.03067536653301952,0.049178044879178005,,76100902.19999999,10159024128.0,,57.680943,2.5247757,0.0018867563972200197,0.03812321360851352,0.007590136474052429,0.004730397977235891,-0.09075344841438591,1.3794684557438797,0.132350470809793,0.7994343691148776,10.62,,,1.7,Buy,,Consumer Cyclical,
XYLD,Global X S&P 500 Covered Call ETF,,,US37954Y4750,,,,,,-0.15347309136420526,-0.13569841221399467,-0.2902708033673097,-0.5134143359802702,0.0943,17962963.2,,24.957468,,,0.0007196299899082727,0.007242922363999839,0.0024027167391064775,0.005301204819277081,0.012378189725802988,,,,41.72,,,,,,,
XYZ,"Block, Inc.",,,US8522341036,0.0201,0.01426,0.06999,0.3258,-0.833,0.25763831485207545,-0.2685673575177599,-0.3360874835221729,-0.18216475070530225,,248823071.6,45828640768.0,136.21428,14.70696,2.0785873,-0.002484650420689203,-0.025922584879087086,-0.03699026787448879,-0.03929472878992327,-0.03467472487303409,0.6386995280545359,-0.016780283167278462,0.2887981122181437,76.28,,,1.6,Buy,9.261892328530164,Technology,
YSS,"York Space Systems, Inc.",,,US9870841007,,-0.50064,-0.38147,0.10157,,7.894004735883677,0.5509761626242954,0.4226007934051711,1.3468773399928198,,27068701.500000004,1174407552.0,,-21.375,0.6332864,-0.02397262824143106,0.10038610308728443,0.08502536495288096,0.059479593968712954,-0.21487605781000121,1.1052631578947367,0.28654970760233905,0.7368421052631577,8.55,,,2.3,Buy,,Industrials,
YUM,"Yum! Brands, Inc.",,,US9884981013,0.22694,0.25406998,0.32779998,,1.316,0.8884853925525139,-0.12500434104373578,-0.14556095608041225,-0.17253927048046025,0.022099999999999998,339902487.6,37657624576.0,17.099134,19.723001,-5.218197,0.016500920810313142,-0.019748555715606988,-0.02044434739130692,-0.04939379637106559,-0.08927168927261975,0.4493803898833248,0.06529458656424371,0.2528948474527138,137.99,,,2.1,Buy,0.8669641095693297,Consumer Cyclical,
ZBH,"Zimmer Biomet Holdings, Inc.",,,US98956P1021,0.03878,0.09481,0.17959999,0.60175,0.338,0.8004041488282312,0.1836132847033474,0.06622675352770278,-0.23340968999288664,0.0102,223666880.0,18188746752.0,22.868105,10.516959,1.4397874,0.01177718832891246,-0.03099282134549613,0.020002162573106184,0.007927273911954476,-0.01882912229073684,0.36325503355704697,-0.024748322147651002,0.12805610318791955,95.36,,,2.4,Buy,2.1744027907687005,Healthcare,
ZBRA,Zebra Technologies Corporation,,,US9892071054,0.07315,0.092180006,0.21259001,0.8623000000000001,1.215,0.9344839606154081,-0.28554666455133476,-0.2572402600716524,-0.3090511594392768,,206591480.0,16399294464.0,31.947464,15.614203,4.782093,-0.0033926499148287607,0.011379187373898942,-0.01067441610100373,0.005220002603680593,-0.04834721806093731,0.31263883680004617,0.009722182153881674,0.18700825087268852,346.63,,,1.9,Buy,2.0460515339783916,Technology,
ZM,"Zoom Communications, Inc.",,,US98980L1017,0.06107,0.65192,0.24609,0.0053300000000000005,3.423,0.8112997901449344,-0.04226275488800247,-0.08018732108837034,-0.035165698914009655,,247763283.89999998,25901639680.0,8.242339,14.007498,2.6128035,-0.036783892441436,-0.046201780476242474,-0.0711520321914628,-0.0770430472204628,-0.12369203034826946,0.5207840486650896,-0.11005970485524384,0.33198152529007546,88.77,,,,,0.5884233572619464,Technology,
ZTS,Zoetis Inc.,,,US98978V1035,0.15352,0.27685,0.40721,2.9399599999999997,0.012,0.66621089057942,-0.2958049697179423,-0.2847651367513575,-0.09411858125601558,0.028999999999999998,325078488.0,29504165888.0,11.9198675,10.93174,9.108305,-0.022185657594387564,-0.027645380590209382,-0.021515707748921854,-0.026053711938363654,-0.07596734694038747,1.1708683473389354,0.12044817927170859,0.3445378151260503,71.4,,,2.2,Buy,1.0903906880331953,Healthcare,
