Ticker,Name,Fee,Bought,ISIN,ROA,Net Margin,Operating Margin,Debt To Equity,Earnings Growth,Vol 1D,Vol 3D,Vol 5D,Vol 30D,Dividend yield,Avg Volume,Market cap,PE ratio,Forward PE ratio,PB,Price 1D,Price 3D,Price 5D,Price 7D,Price 30D,Target high %,Target low %,Target mean %,Current price,Avg Rating 1D,Avg Rating 7D,Avg Rating Score,Avg Rating Label,Growth,Sector,Note
1332,Nissui Corporation,,,JP3718800000,0.03754,0.02954,0.04834,0.95197,0.172,0.155715332235957,0.152088472394561,0.302380555545491,0.13038222372816,0.0274,2237157000,354828058624,12.969737,13.171226,1.1610587,-0.0101522842639594,-0.027431421446384,-0.0483936559577064,-0.0923196276183088,-0.0968737939019684,0.666666666666667,-0.094017094017094,0.38319094017094,1170,,,1.7,Buy,0.984702335226804,Consumer Defensive,
1333,Umios Corporation,,,JP3876600002,0.02385,0,0.02398,1.14996,-0.472,-0.0800862931714397,-0.310705412780516,-0.28283089786369,-0.0157575833258259,0.0354,524252165,192229556224,8.665577,4.847503,0.7754216,0.00315581854043393,-0.00313602508820071,-0.006640625,-0.0234254992319508,-0.0605836719615811,,,,1271.5,,,,,1.78763726396869,Consumer Defensive,
1375,"Yukiguni Factory Co., Ltd.",,,JP3947010009,0.08535,0.085310005,-0.054229997,1.14213,,-0.0959301231128346,-0.429781105990783,-0.344850708002998,-0.188041218957755,0.0171,39791700,46662905856,15.772446,7.405063,3.4028246,0.00429184549356223,-0.0067911714770798,-0.00340715502555366,0.00171232876712329,-0.02418682235196,,,,1170,,,,,2.12995432989564,Consumer Defensive,
1376,"Kaneko Seeds Co., Ltd.",,,JP3216200000,0.02112,0.01956,0.04966,0.02991,0.063,-0.039931484851729,-0.302972143013819,-0.399301675977654,-0.133419715481626,0.0311,17243790,16898681856,12.837387,,0.6318681,-0.00644745325596389,-0.036875,-0.0586438607208308,-0.0522755227552276,-0.0109114249037227,,,,1541,,,,,,Basic Materials,
1377,Sakata Seed Corporation,,,JP3315000004,0.04023,0.116639994,0.12015,0.03119,0.874,-0.110801242684777,-0.164507540827557,-0.305152862954642,-0.318280449850587,0.0229,394100400,183733501952,15.337532,20.668406,1.0324392,0,0.0116009280742459,0.00345224395857307,-0.00796359499431172,-0.0169109357384442,0.490825688073395,0.490825688073395,0.490825688073395,4360,,,2,Buy,0.742076191071532,Consumer Defensive,
1379,Hokuto Corporation,,,JP3843250006,0.04028,0.07033,0.021659998,0.45986,-0.668,-0.233876939191996,-0.283450280488031,-0.264074926747593,0.342788244806835,0.0299,210986000,65088962560,10.822511,,1.0090685,0.00532945736434109,-0.00527325023969319,-0.0281030444964871,-0.046853468075333,0.0333665338645418,,,,2075,,,,,,Consumer Defensive,
1407,West Holdings Corporation,,,JP3154750008,0.04789,0.12636,0.23391001,2.63342,7.555,0.0138040117909267,-0.0916260954235639,-0.275028619003018,-0.306578266060037,0.0315,1198800000,88043315200,17.036299,8.392877,2.511355,-0.0190013256738842,-0.0504704875962361,-0.0605162928480745,-0.0765391014975042,-0.0913683833545441,0.621621621621622,0.0855855855855856,0.292792792792793,2220,,,,,2.02985209958397,Utilities,
1514,"Sumiseki Holdings,Inc.",,,JP3400750000,0.0075,0.25367,0.01704,,,-0.422416733480693,-0.449883960338818,-0.361757603007365,0.344769620182013,0.0237,196983270,37868052480,14.347235,,1.3506938,-0.015552099533437,-0.0466867469879518,-0.0580357142857143,-0.0276497695852535,0.118374558303887,,,,633,,,,,,Energy,
1515,"Nittetsu Mining Co., Ltd.",,,JP3680800004,0.04479,0.07022,0.08863,0.41877,0.462,0.244319707322214,-0.17096823339238,-0.0890599708372908,0.437185428916497,0.0186,3254128600,262797590528,18.726171,,1.636658,-0.0861833105335157,-0.0538243626062323,-0.00595238095238095,-0.00595238095238095,0.220314212641578,,,,3340,,,,,,Basic Materials,
1605,Inpex Corporation,,,,0.08093,0.22082001,0.60152,0.24637,0.629,0.985223679932514,0.340250761525561,0.157850334977097,0.0166156495967435,0.0285,24099074400,4567524704256,10.615597,14.642325,0.8951419,0.0136703636832603,0.0255741127348643,0.0396825396825397,-0.0298691681066403,0.0832414553472988,0.272264631043257,-0.267175572519084,0.0807310432569975,3930,,,2.1,Buy,0.724993947341013,Energy,
1662,"Japan Petroleum Exploration Co., Ltd.",,,JP3421100003,0.0231,0.12694,0.09526,0.09263,-0.794,0.713927761623694,0.115798242063944,0.0389133278656301,-0.0153838819413117,0.0234,2823178440,490318135296,9.199751,12.740417,0.8315121,0.0164021164021164,0.0137203166226913,0.0245333333333333,-0.00155925155925156,0.088385269121813,0.0931806350858928,-0.0109318063508589,0.0437272254034357,1921,,,3,Hold,0.722091827920546,Energy,
1663,K&O Energy Group Inc.,,,JP3277020008,0.05187,0.081020005,0.13063,,-0.09,-0.292458558503856,-0.229765755934053,-0.340853052296679,0.00714779372948721,0.0301,434332260,102890528768,14.045066,12.831445,0.9323594,-0.0228310502283105,-0.0082389289392379,-0.0257966616084977,-0.0282542885973764,0.0594059405940594,,,,1926,,,,,1.09458178716427,Utilities,
1719,Hazama Ando Corporation,,,JP3767810009,0.05702,0.06836,0.061750002,0.12671,0.348,0.243747183836654,0.0265595138922918,-0.0390428781837698,0.134441417393948,0.0451,1270237780,292116267008,9.813429,19.35551,1.353973,-0.00957446808510638,-0.0256410256410256,-0.0281837160751566,-0.0304608174954439,0.0169306389950847,0.0472610096670247,-0.0440386680988185,0.00161117078410312,1862,,,,,0.507009580217726,Industrials,
1721,COMSYS Holdings Corporation,,,,0.06258,0.06086,0.070760004,0.00687,0.486,0.419238884675248,0.257263279575744,-0.0159542710993503,-0.135004176348892,0.0251,2295563040,616620359680,17.331268,21.244118,1.5584404,0.00280007466865783,-0.0159369847957501,-0.0053693760414738,-0.00812407680945347,0.0232380952380952,0.135517498138496,-0.236783320923306,-0.00409530900967982,5372,,,,,0.815814899917238,Industrials,
1766,Token Corporation,,,JP3590900001,0.06157,0.039,0.04824,,-0.086,-0.0897279740154284,-0.0308564231738035,-0.27724358974359,-0.213751706396337,0.0297,212467500,149751283712,10.893264,16.192533,1.287095,-0.00295639320029564,-0.0174799708667152,-0.0196220930232558,-0.0238784370477569,-0.0102714600146735,,,,13490,,,,,0.672733784146063,Real Estate,
1801,Taisei Corporation,,,JP3443600006,,0.078990005,0.08695,0.45852,0.093,0.284877487190383,0.304625170517961,0.228114025054833,0.0118043162849011,0.0305,9707271500,2032723689472,12.165497,26.19748,2.1782088,-0.00992457324335054,-0.0513503233168505,-0.0173364854215918,-0.010710035700119,-0.0444444444444444,0.772253408179631,-0.0858059342421812,0.301409061748196,12470,,,1.6,Buy,0.464376611796249,Industrials,
1802,Obayashi Corporation,,,,0.043909997,0.072519995,0.052449998,0.27364,1.223,0.291573011657269,0.219509691097751,0.0380335482218753,0.036845872152848,0.0312,8181977520,2070513582080,12.077469,21.832415,1.6638182,-0.00429752066115703,-0.0124590163934426,0.000332115576220525,0.00199600798403194,-0.0666253486210102,0.560424966799469,-0.00398406374501992,0.265770252324037,3012,,,1.6,Buy,0.553189786837599,Industrials,
1803,Shimizu Corporation,,,JP3358800005,0.029690001,0.08135,0.03994,0.55696,3.982,0.38356363149318,0.554787679456008,0.277948383858745,0.0217810693025677,0.0326,8342198800,1601852276736,12.641954,28.73843,1.5792038,-0.0131716495923061,-0.0390879478827362,-0.00442944526471209,-0.015025041736227,0.0183387270765912,0.440677966101695,-0.0254237288135593,0.225786949152542,2360,,,2.4,Buy,0.439897169052032,Industrials,
1808,HASEKO Corporation,,,,0.050180003,0.048860002,0.095649995,0.73346,0.735,0.180915981154248,0.183792979540504,0.0141716027706496,-0.106457722244035,0.0368,2701088985,720277340160,13.297639,12.79223,1.2639108,-0.0116300199890969,-0.02875,-0.0471268395234758,-0.0630490956072351,-0.0400635368866926,0.397315683029969,0.103143960286817,0.22173193601765,2719.5,,,2.3,Buy,1.0395090613599,Consumer Cyclical,
1812,Kajima Corporation,,,JP3210200006,,0.059439998,0.06331,0.58946,0.179,0.390265804751007,0.587295608252718,0.23960212875447,0.434575999126608,0.0298,11609464810,2262978789376,12.886502,18.373856,1.6501111,-0.0180469219971927,-0.0325958119320427,-0.00830295666261645,0.0032780167998361,-0.090115198810851,0.878701245660609,0.102715948539922,0.430905248111088,4897,,,1.4,Strong Buy,0.701349896287421,Industrials,
1820,"Nishimatsu Construction Co., Ltd.",,,JP3659200004,0.03187,0.06511,0.06814,1.11804,1.82,-0.139555568104811,-0.100567974950848,-0.0350257603456872,0.159166996150459,0.0456,722406150,216335204352,8.984766,12.508276,1.1252844,-0.0039992728594801,-0.0275115370962016,-0.0245682748798291,-0.0263017593744446,0.027569392348087,0.423617448439496,0.054024457017704,0.225588611060412,5479,,,2.4,Buy,0.71830570415939,Industrials,
1833,Okumura Corporation,,,JP3194800003,,0,0.04024,0.3475,-0.07,0.488874191651969,0.314117249119786,0.3254133230204,0.338859349365679,0.0531,873094500,202864508928,11.037527,,1.0568417,-0.0087719298245614,-0.0241796200345423,-0.0224913494809689,-0.0207972270363952,-0.0241796200345423,,,,5650,,,,,,Industrials,
1835,"Totetsu Kogyo Co., Ltd.",,,JP3595400007,0.06799,0.07825,0.07169,,-0.033,0.103271299147588,0.167115746440269,-0.0871287835522558,0.0603798868753604,0.0394,269621000,132944904192,10.351855,14.988545,1.015426,-0.00898587933247754,-0.0203045685279188,-0.0289308176100629,-0.0252525252525253,-0.0776583034647551,0.347150259067358,0.295336787564767,0.321243523316062,3860,,,2,Buy,0.690651093885364,Industrials,
1852,Asanuma Corporation,,,JP3110000001,0.04504,0.03299,0.04555,0.28746,0.596,-0.209947300597524,-0.366869367472416,-0.405699024920233,-0.0351851705424518,0.0643,338052520,69190180864,13.550094,,1.4496951,-0.0102272727272727,-0.0191441441441441,-0.0289855072463768,-0.0407488986784141,-0.0113507377979569,,,,871,,,,,,Industrials,
1860,Toda Corporation,,,JP3627000007,0.02606,0.067540005,0.0478,0.4299,2.376,-0.118823893487878,-0.269868606609704,-0.203303346875605,-0.0536963077845767,0.0408,1313112320,435770589184,11.933522,16.140352,0.90529406,-0.0100874243443174,-0.0274198876775686,-0.0283828382838284,-0.0407298794395569,-0.0104201680672269,0.290760869565217,-0.116847826086957,0.161684782608696,1472,,,,,0.739359463783689,Industrials,
1861,"Kumagai Gumi Co.,Ltd.",,,JP3266800006,0.040149998,0.04217,0.02868,0.31467,0.247,-0.116603237446858,0.141450698473899,-0.0195902931843348,0.525772884177598,0.0391,1145816460,217182191616,10.928681,3.405548,1.1807227,-0.0108359133126935,-0.0169230769230769,-0.0100697134004648,-0.0031201248049922,-0.10252808988764,0.76056338028169,0.291079812206573,0.546165884194053,1278,,,1.8,Buy,3.2090814752868,Industrials,
1870,"Yahagi Construction Co.,Ltd.",,,JP3933200002,0.05208,0.05544,0.048800003,0.1918,0.149,-0.270759308120786,-0.429672735102031,-0.416227598347229,0.246933364724264,0.0523,289994320,90854285312,10.695405,,1.1964899,-0.00473036896877957,-0.00754716981132076,-0.0154422087037904,-0.0290724503922473,0.0867768595041322,,,,2104,,,,,,Industrials,
1871,"PS Construction Co., Ltd.",,,JP3801400007,0.06617,0.06611,0.09826,0.40505,0.22,0.738809458880362,0.0206706615822286,-0.0447211632606296,0.0421683660398626,0.0473,214832610,100053131264,10.718226,24.394978,1.5565444,-0.0124768946395564,-0.0312783318223028,-0.0219679633867277,-0.0481069042316258,-0.0476827094474153,,,,2137,,,,,0.439361986717102,Industrials,
1878,"Daito Trust Construction Co.,Ltd.",,,JP3486800000,0.0672,0.049629997,0.08203,0.6069,-0.001,-0.0386855490491012,-0.20553296267565,-0.271191787265835,-0.0251716450126849,0.0494,4945482920,1074265063424,11.037484,2.3640392,2.1741023,0.0045689917758148,0.00243161094224924,-0.00392630625188765,-0.00632720699005725,-0.0590584878744651,0.121892055791389,-0.0297149787750152,0.0354760460885385,3298,,,3.1,Hold,4.66890904347102,Real Estate,
1879,Shinnihon Corporation,,,JP3380300008,0.07359,0.10519,0.1167,,0.044,1.80788842580735,-0.226045415954178,0.0791523848983641,1.93638148304523,0.0349,538272280,130782543872,8.591079,,0.9656328,-0.00578034682080925,-0.018006148440931,-0.0162780466344039,-0.0240069838498472,0.0632429862101759,,,,2236,,,,,,Industrials,
1882,Toa Road Corporation,,,JP3558000000,0.04757,0.02842,-0.014090001,0.00967,,0.293813896891348,0.189256171485219,0.00465660015177887,0.316333254145058,0.0568,640894750,73239027712,21.366945,,1.4266876,-0.00439698492462312,-0.0167493796526055,-0.0149160969546302,-0.00999375390381012,-0.0341255332114564,,,,1585,,,,,,Industrials,
1885,TOA Corporation,,,JP3556000002,0.052399997,0.055749997,0.06723,0.25509,0.092,0.137934374527801,-0.0730724764072632,-0.0559645410920052,0.139651129096386,0.0373,947967540,159842402304,8.319581,15.459986,1.3777025,-0.00720461095100865,-0.0175855513307985,-0.0095831336847149,-0.0095831336847149,0.0207407407407407,0.0159651669085631,0.0159651669085631,0.0159651669085631,2067,,,1,Strong Buy,0.538136386410699,Industrials,
1893,"Penta-Ocean Construction Co., Ltd.",,,JP3309000002,0.04792,0.0435,0.06099,1.27205,0.061,0.0266528959136553,0.455046888320546,0.22001233357765,0.33796701185607,0.0362,2823743080,388734025728,11.454516,20.729422,2.0279484,-0.0204359673024523,-0.0123626373626374,-0.00518851608439986,0.00383944153577661,-0.015405682985279,0.738525730180807,-0.0264255910987483,0.466156675938804,1438,,,1.5,Strong Buy,0.552572859966863,Industrials,
1898,"Seikitokyu Kogyo Co., Ltd.",,,JP3414600001,0.05037,0.04711,0.02347,0.15503,-0.496,-0.144602275814848,-0.246168005354752,-0.104164013752706,0.297538828586491,0.0516,236799480,53959143424,11.561102,,1.2528515,-0.002708192281652,-0.0127345844504021,-0.0147157190635452,-0.0120724346076459,-0.0283641160949868,,,,1473,,,,,,Industrials,
1911,"Sumitomo Forestry Co., Ltd.",,,JP3409800004,0.03644,0.031229999,0.06561,0.75836,0.41,1.41393836081849,0.318316751787959,0.33999054302325,0.156246471952368,0.0411,6013266000,746855464960,8.857538,1.944817,0.60124755,-0.0287081339712919,-0.0428290766208252,-0.063437139561707,-0.0652340752110514,-0.118987341772152,0.576354679802956,0.149425287356322,0.341543513957307,1218,,,2.3,Buy,4.55443262785136,Consumer Cyclical,
1925,"Daiwa House Industry Co., Ltd.",,,JP3505000004,0.04947,0.062800005,0.09276,1.15364,0.09,-0.0511050696685294,-0.12328347372106,-0.247527926908007,-0.105448964326664,0.02,8941270800,2848646234112,8.116935,9.768223,0.97875094,0.000435161009573542,-0.00883811166199612,-0.0210772833723653,-0.032,-0.0484271523178808,0.250543714658547,0.000434971726837756,0.102411635493693,4598,,,2.6,Hold,0.830953081230844,Real Estate,
1926,"Raito Kogyo Co., Ltd.",,,JP3965800000,0.09677,0.0928,0.112799995,0.02119,0.249,0.278249787595582,0.160972404730618,-0.0202036482232925,0.0289312341428495,0.0141,536702400,154358530048,13.037899,17.843584,1.8279536,-0.011826544021025,-0.0271668822768435,-0.011826544021025,-0.0079155672823219,-0.0131233595800525,0.154255319148936,-0.0957446808510638,0.0664893617021277,3760,,,,,0.730677144232907,Industrials,
1928,"Sekisui House, Ltd.",,,JP3420600003,0.046830002,0.0616,0.09866,0.81733,-0.024,0.212465904288696,0.348573448013637,0.0755956445166737,-0.17227524060976,0.0434,9076010790,2179283812352,8.525047,8.904255,0.9687691,-0.00326215895610913,0.0178679588128407,-0.00532701982835158,-0.0146584579302257,-0.0630052969054921,0.294257661410295,0.0116036893781613,0.143839422790836,3361,,,2.1,Buy,0.957412720098425,Consumer Cyclical,
1934,Yurtec Corporation,,,JP3946200007,0.04911,0.045739997,0.05503,0.05805,1.524,-0.205043925899967,-0.0700104819186902,-0.100717108905282,0.191781816942671,0.0302,359463650,177692770304,17.212242,24.042751,1.1491771,-0.0125954198473282,-0.013348588863463,-0.00115830115830116,0.007398753894081,0.0765709529754474,0.236954000773096,0.236954000773096,0.236954000773096,2587,,,,,0.715901520587224,Industrials,
1938,"Nippon Rietec Co.,Ltd.",,,JP3510600004,0.052059997,0.078260005,0.03032,0.00739,21.256,-0.0338225791562817,-0.189378548237036,-0.199188222882151,0.566973140942412,0.0378,212815960,63661228032,11.467726,,0.94033194,0.000389408099688474,-0.00542005420054201,0.0162183544303797,0.0358870967741936,0.0686356073211314,,,,2569,,,,,,Industrials,
1939,Yondenko Corporation,,,JP3962600007,0.0678,0.08141,0.11686,0.07127,0.862,-0.222922031009762,-0.0840025238040611,0.103940285365512,0.371880957440011,0.037,293971640,107402231808,14.306431,,1.5214292,-0.00917030567685589,-0.0207164436771688,-0.0100349040139616,0.0188594521778177,0.141348088531187,,,,2269,,,,,,Industrials,
1941,Chudenko Corporation,,,JP3524000001,0.056360003,0.0796,0.10309,,0.061,0.290846807903269,-0.129231545104961,-0.114270211611503,0.151391344396737,0.0273,431872000,271065612288,14.969885,,1.0715475,-0.0058252427184466,-0.0153846153846154,-0.00389105058365759,-0.00775193798449612,0.0178926441351889,,,,5120,,,,,,Industrials,
1942,"Kandenko Co.,Ltd.",,,JP3230600003,0.09071,0.0872,0.12478,0.02919,0.07,-0.536787925947541,-0.171043082954498,-0.304786331773314,0.154585927256743,0.0239,4345693710,1081242812416,17.421837,32.041756,2.80496,-0.0240704149452129,-0.0360184528034067,-0.0349911190053286,-0.0245960502692998,-0.0100218658892128,0.546107123136389,0.196392416712682,0.383082201362047,5433,,,2,Buy,0.543722915810232,Industrials,
1944,Kinden Corporation,,,JP3263000006,0.07358,0.09716,0.08377,0.56624,1.371,-0.377161041583795,-0.176613495644874,-0.237541984239762,-0.151557053553424,0.0207,4286411760,1111238508544,19.267624,33.99074,2.567035,-0.0190213445622187,-0.0515232345921662,-0.0412941677309493,-0.034581308945413,-0.0620574760516452,0.509769094138544,0.250740082889284,0.375320751924215,6756,,,1.8,Buy,0.566849206578027,Industrials,
1946,Toenec Corporation,,,JP3552230009,0.04887,0.073860005,0.08247,0.47019,1.119,0.409905006926578,-0.108602479718353,-0.0833720341129781,-0.0369508483811479,0.0353,409970820,201324412928,11.223427,,1.2889466,-0.0379633765073694,-0.0375335120643432,-0.032345013477089,-0.0204638472032742,0.0813253012048193,,,,2154,,,0,Strong Buy,,Industrials,
1950,"Nippon Densetsu Kogyo Co., Ltd.",,,JP3736200001,0.05975,0.08084,0.03091,0.00045,1.441,0.0206437360962025,-0.0422247592095319,-0.0583600671531391,0.0519778546922453,0.032,387499450,231610990592,12.820514,22.262774,1.108455,-0.0293757649938801,-0.0281862745098039,-0.00750938673341677,-0.00251572327044025,0.0089058524173028,0.311475409836066,0.311475409836066,0.311475409836066,3965,,,,,0.575872261021919,Industrials,
1951,"EXEO Group, Inc.",,,JP3254200003,0.059510004,0.042579997,0.06865,0.34938,0.903,-0.255160277481807,-0.158385020684665,-0.27603083788484,-0.128291721426283,0.0315,1118074050,516626284544,16.806694,21.458738,1.5052799,-0.00294348508634223,-0.0253213121043545,-0.0268147864393794,-0.0321904761904762,-0.0327431943651247,0.259594567998426,-0.0553040740011809,0.157252509348553,2540.5,,,,,0.783209804789079,Industrials,
1952,"Shin Nippon Air Technologies Co., Ltd.",,,JP3380250005,0.0793,0.083330005,0.026919998,0.03022,0.73,-0.12204118721379,-0.307959194957426,-0.271455029462476,0.0926408373436488,0.0382,465536400,143028813824,11.751058,,1.7622243,-0.00632911392405063,-0.00946372239747634,0.00159489633173844,0.0048,-0.01875,,,,3140,,,,,,Industrials,
1959,Kraftia Corporation,,,JP3247050002,0.07043,0.08592,0.108739994,0.08336,0.09,-0.183015717565463,-0.03057040406388,-0.146464409640814,-0.0182480885472528,0.0279,1363820040,557885554688,13.927493,15.875605,1.6047899,-0.00842343474981142,-0.0202484472049689,-0.0256948733786288,-0.0258152173913043,-0.0354653295829766,0.724356536072017,-0.0237099023709902,0.426397869912514,7887,,,1.8,Buy,0.877288960011288,Industrials,
1963,JGC Holdings Corporation,,,JP3667600005,0.03136,0.06696,0.07756,0.08387,1.072,0.253334987370146,0.123860757594116,-0.0523983822551034,-0.142453277239987,0.0225,4057398160,559679668224,13.368798,18.981937,1.314896,-0.0283673040554738,-0.0232361639205746,-0.0136518771331058,-0.0170068027210884,0.0379349046015713,0.29757785467128,-0.221453287197232,0.0899653979238754,2312,,,2.6,Hold,0.704290505231368,Industrials,
1965,Techno Ryowa Ltd.,,,JP3545040002,0.11571,0.121070005,0.12684,0.01257,0.253,-0.238139402154527,-0.191509134039275,-0.0580612374539449,0.41655592082255,0.0086,456116800,142909603840,12.210075,,2.114954,-0.00428571428571429,-0.0127478753541076,0.0219941348973607,0.0341246290801187,0.300373134328358,,,,6970,,,,,,Industrials,
1968,"Taihei Dengyo Kaisha, Ltd.",,,JP3447200001,0.06337,0.08821,0.09137,0.11969,1.083,-0.14037276514494,-0.283339820942001,-0.164686352808497,0.203937926339537,0.0298,322995890,158581309440,13.315318,4.8862534,1.267555,-0.00238189757840413,-0.015282131661442,0.00923694779116466,0.020714865962632,0.0436046511627907,,,,2513,,,0,Strong Buy,2.72505678890906,Industrials,
1969,"Takasago Thermal Engineering Co., Ltd.",,,JP3455200000,0.088549994,0.08422,0.09962,0.19125,-0.28,-0.113244292939171,-0.0712286674649086,-0.0564937042599632,0.157452604733831,0.028,2195917800,575142100992,15.384347,13.110401,2.7793922,-0.0103580274712903,0.00113895216400911,0.0187760778859527,0.0271091376489834,0.0387615220987946,0.569965870307167,0.114903299203641,0.321577588168373,4395,,,,,1.17344595333125,Industrials,
1975,"Asahi Kogyosha Co., Ltd.",,,JP3112800002,0.09232,0,0.11323,0.1304,0.107,-0.000955464727427184,-0.169121931677471,-0.361761710794297,-0.0757617941339224,0.0385,264979000,96775061504,10.438472,,1.8945487,-0.0348387096774194,-0.0422535211267606,-0.0323415265200518,-0.0273081924577373,0.0121786197564276,,,,3740,,,,,,Industrials,
1976,"MEISEI INDUSTRIAL Co.,Ltd.",,,JP3918200001,0.057189997,0.09314,0.08276,0.01165,0.107,-0.0895195703354914,-0.319435028248588,-0.316946616468771,0.241170027974077,0.0474,153055080,77390929920,14.42999,,1.1358124,-0.0174825174825175,-0.0220417633410673,-0.00823529411764706,-0.00765155974102413,-0.172718351324828,,,,1686,,,,,,Industrials,
1979,Taikisha Ltd.,,,JP3441200007,0.052389998,0.05217,0.057740003,0.01983,-0.265,-0.146812764646544,-0.356577679497949,-0.42059525233386,-0.0269612172544353,0.0373,826543000,232548761600,15.082956,9.694238,1.3356533,-0.0120160213618158,-0.0288713910761155,-0.0402075226977951,-0.0451612903225806,-0.116945107398568,0.567567567567568,0.202702702702703,0.389639594594595,3700,,,2.3,Buy,1.55586813527788,Industrials,
1980,"Dai-Dan Co., Ltd.",,,JP3486000007,0.11166,0.10268,0.17727,0.02518,-0.051,-0.198601940574926,-0.288018219239558,-0.186218357045005,0.0912461741393752,0.0324,1268027880,343240015872,12.804054,9.005431,2.635385,-0.0366739288307916,-0.0525,-0.030690537084399,-0.0289165446559297,0.106338615512927,0.507727101394648,0.507727101394648,0.507727101394648,2653,,,,,1.42181468049669,Industrials,
1982,"Hibiya Engineering, Ltd.",,,JP3793400007,0.07517,0.09759,0.12158,,0.331,-0.123084996529718,-0.105829666876178,0.204501518917426,0.485205527364549,0.0325,360636000,126890000384,15.408127,,1.7579898,-0.00646203554119548,-0.0222575516693164,0.0277406417112299,0.0473433242506812,0.109307359307359,,,,3075,,,,,,Industrials,
2001,Nippn Corporation,,,JP3723000000,0.029660001,0.05076,0.040149998,0.27091,-0.025,-0.230760458875315,-0.371543344651557,-0.437007874015748,-0.391622523118119,0.0229,442084500,245513666560,11.560469,12.862712,0.8729002,0.0050761421319797,0.00609756097560976,0.00575685743311886,-0.00535833891493637,0.0192175703500343,,,,2970,,,0,Strong Buy,0.898758286743884,Consumer Defensive,
2002,Nisshin Seifun Group Inc.,,,,0.035720002,0.03496,0.05144,0.16757,-0.167,0.49245367529395,0.133224392825929,0.121614772290751,0.269624920950207,0.0319,2013802300,570273431552,17.985008,16.002354,1.1055837,0.000736015701668302,-0.00244558571777941,-0.0034204739799658,-0.0121094696052313,-0.0350130115921457,0.0541799460652121,-0.0193674920323609,0.0247609708261829,2039.5,,,,,1.12389764655875,Consumer Defensive,
2003,"Nitto Fuji Flour Milling Co.,Ltd.",,,JP3683200004,0.03636,0.04526,0.05396,0.0081,-0.035,0.194001601514159,-0.132023104043208,-0.0759982908638906,0.374108708357685,0.0376,39878400,67739615232,20.408163,,1.3744993,0.0086767895878525,0.0264900662251656,0.0202962150301701,0.0264900662251656,-0.00747065101387407,,,,1860,,,,,,Consumer Defensive,
2004,"Showa Sangyo Co., Ltd.",,,JP3366400004,0.02764,0.03091,0.03767,0.3446,-0.003,0.321571579105826,-0.304727979274611,-0.263805626922955,-0.0889335356103162,0.0357,238208250,127550095360,12.019231,12.751787,0.8388277,0.016839378238342,0.0261437908496732,0.016839378238342,0.0261437908496732,0.081267217630854,,,,3925,,,,,0.942552679087253,Consumer Defensive,
2053,"Chubu Shiryo Co., Ltd.",,,JP3525400002,0.04008,0.03703,0.02192,0.09712,2.482,0.291388352194314,0.0285689773507206,-0.175321825629023,-0.0195744018211851,0.0378,120258300,57679507456,10.548412,13.692098,0.7696947,0.003996003996004,0.00449775112443778,-0.00099403578528827,-0.00740740740740741,0.0234215885947047,,,,2010,,,,,0.770401438844507,Consumer Defensive,
2060,"Feed One Co.,Ltd.",,,JP3802960009,0.041789997,0.021879999,0.027290002,0.39762,0.074,-0.0627929585778272,-0.277061786852271,-0.252233164320624,0.254468797560656,0.0358,156037670,55605067776,8.7183485,81.62922,0.88910645,0.00623268698060942,0.00345303867403315,0.00345303867403315,-0.00615595075239398,0.115118956254797,,,,1453,,,,,0.106804260778187,Consumer Defensive,
2117,"WELLNEO SUGAR Co., Ltd.",,,JP3676600004,0.0656,0.06145,0.10762,0.20299,0.213,-0.161858067760387,-0.429890363531448,-0.239303482587065,-0.133190451908981,0.0419,65341080,92126298112,14.225053,,1.1888336,-0.0014194464158978,-0.00318809776833156,-0.00283486888731396,0.00213675213675214,-0.0133239831697055,,,,2814,,,,,,Consumer Defensive,
2121,"MIXI, Inc.",,,JP3882750007,0.06506,0.11587,0.11535,0.22649,3.286,-0.179348375776712,-0.174266282952787,-0.313407837995069,0.335694003256807,0.0521,1456532500,238379106304,14.143997,18.851358,1.2594188,0.0124826629680999,0.0354609929078014,-0.00136798905608755,-0.0135135135135135,0.220327649615513,-0.0136986301369863,-0.0136986301369863,-0.0136986301369863,3650,,,,,0.750290615668113,Communication Services,
2124,"JAC Recruitment Co., Ltd.",,,JP3386130003,0.2787,0.18529,0.22097,0.01109,-0.028,-0.15940786355879,-0.490699639194517,-0.384946812011871,0.331839265561687,0.0397,389541320,151959666688,16.83395,6.7205625,6.963768,-0.00520291363163372,-0.012396694214876,-0.0194871794871795,-0.0224948875255624,-0.0294416243654822,0.359832635983264,0.359832635983264,0.359832635983264,956,,,,,2.50484241460443,Industrials,
2127,Nihon M&A Center Holdings Inc.,,,JP3689050007,0.21545,0.25821,0.25812998,0.05866,0.338,1.67451491182807,1.42923782153649,1.27384859757036,0.818178812440106,0.0398,3120254865,199080296448,15.948693,16.174652,4.1906376,0.00415802376105606,-0.01890625,-0.0486363636363637,-0.0486363636363637,-0.105300639895094,0.433349259436216,0.0351966873706005,0.264532568880395,627.9,,,,,0.986030054927921,Financial Services,
2146,"UT Group Co.,Ltd.",,,JP3949500007,0.11412,0.046680003,0.083009996,0.28649,0.46,-0.298987144526685,-0.41632753418145,-0.465522195017226,0.266066097181864,0.0609,1021829910,125205864448,18.798285,0.7293922,4.07844,-0.0223214285714286,-0.0223214285714286,-0.0352422907488987,-0.0560344827586207,0.190217391304348,-0.0867579908675799,-0.178082191780822,-0.132420091324201,219,,,,,25.7725336245713,Industrials,
2154,Open Up Group Inc.,,,JP3635580008,0.082779996,0.07063,0.07142,0.12433,-0.432,0.483596359112042,0.00667796610169494,-0.158762185558004,-0.186348665727302,0.052,301814850,163378413568,13.850475,12.561239,2.0362997,-0.00671487603305785,-0.00927357032457496,-0.0326961770623742,-0.0494315373208107,-0.063321967851924,0.352054082163287,0.196047841913677,0.282717992719709,1923,,,,,1.10263605365681,Industrials,
2158,"FRONTEO, Inc.",,,JP3944630007,0.0473,0.07854,-0.109680004,1.04006,,-0.231626447277434,-0.2095595604716,-0.197126436781609,-0.0489869919557833,,108103590,23861536768,43.84449,56.91589,6.373293,-0.0161550888529887,-0.0256,-0.0240384615384615,-0.00975609756097561,0.00495049504950495,,,,609,,,,,0.770338300956025,Technology,
2160,GNI Group Ltd.,,,JP3386370005,-0.0066000004,-0.20045,0.51208997,0.07628,,-0.198318355648788,-0.241297928306061,-0.133393288122528,0.269094060482936,,2628216340,190664851456,,15.047006,3.9993594,-0.0102494021182098,-0.013283378746594,0.00870473537604457,0.042461317020511,0.238563488670372,0.725923369002416,0.311701760441836,0.518812564722126,2897,,,,,,Healthcare,
2175,"SMS Co., Ltd.",,,JP3162350007,0.07381,-0.21922001,0.21319,0.19986,-0.037,-0.115836371000405,-0.220095459552074,-0.0981840733769272,0.0205290652983887,0.0118,1286101530,212013793280,,24.027906,7.5048814,0.0177304964539007,0.0201421800947867,0.0258141382049245,0.0336134453781513,0.191970466082141,-0.148277197057685,-0.407665505226481,-0.271196283391405,2583,,,,,,Healthcare,
2181,"Persol Holdings Co.,Ltd.",,,JP3547670004,0.073520005,0.02753,0.04453,0.34607,0.135,0.122249163067682,0.465013604494122,0.282549699736853,0.49921984236316,0.0458,3006110397,633728073728,14.8123045,15.915966,2.8621225,-0.017634896237073,-0.000703439330128854,-0.0507851266719157,-0.0434343434343434,0.0421863302971367,0.337557198169658,-0.120028159098909,0.0961934530095036,284.1,,,,,0.930656957925143,Industrials,
2209,"Imuraya Group Co., Ltd.",,,JP3149200002,0.0448,0.04473,0.0223,0.33788,0.255,0.223633440514469,-0.170086035737922,-0.102800137009762,0.032156958296185,0.0161,47601190,30111457280,12.610537,,1.1969414,-0.00675390460109751,-0.0158929318276872,-0.0272840016535759,-0.0248653128885205,-0.034072249589491,,,,2353,,,,,,Consumer Defensive,
2212,"Yamazaki Baking Co., Ltd.",,,JP3935600001,0.043730002,0.03148,0.051269997,0.18655,0.025,-0.0812629286284982,0.0105523964947175,-0.0167571640504519,0.266923058516031,0.0155,2475808080,761430867968,18.115807,19.95768,1.614727,-0.00257931390250193,-0.00565698122910774,0.0205859065716548,0.0138961719979025,0.0747637576431351,0.124903025601241,-0.0819756917507112,0.0246961468838893,3867,,,2.4,Buy,0.907711066616962,Consumer Defensive,
2217,Morozoff Limited,,,JP3927600001,0.02093,0.0117999995,-0.0308,0.10111,,0.418544089147287,-0.088,-0.19988464496283,0.0385001673920321,0.0068,50281560,29699008512,46.507236,6.511013,1.4884759,-0.00337154416722859,-0.00672043010752688,-0.0120320855614973,0.0013550135501355,-0.0308196721311475,,,,1478,,,,,7.14285718673884,Consumer Defensive,
2220,"Kameda Seika Co.,Ltd.",,,JP3219800004,0.02803,0.02891,0.0583,0.40638,-0.937,-0.174021796016378,0.289649818594287,-0.0247945634524878,0.404766910969602,0.0178,445277920,85323104256,3.4613707,,0.81786674,0.00671641791044776,0.00521609538002981,0.00671641791044776,-0.0181950509461426,0.0457364341085271,,,,1349,,,,,,Consumer Defensive,
2222,"Kotobuki Spirits Co., Ltd.",,,JP3299600001,0.23072,0.16136,0.22247,,0.185,0.220639956917969,0.782610747499535,1.48386311794549,0.0718508069027105,0.0138,2254253180,392800436224,31.250769,27.640732,8.674522,0.00137795275590551,0.0331031681559708,-0.039463746223565,-0.0598780262428387,0.00177235131941709,0.258108905052094,0.179477098486338,0.218793001769216,2543.5,,,1.3,Strong Buy,1.13060569452357,Consumer Defensive,
2229,"Calbee, Inc.",,,JP3220580009,0.05441,0.05184,0.07591,0.16774,0.184,-0.0124540093745276,-0.194281049985748,-0.114854353307226,-0.160226070818268,0.0229,841677480,365857865728,21.505146,18.21208,1.7629545,-0.00496031746031746,-0.01634521085322,-0.0111731843575419,-0.0274725274725275,-0.0352677140109009,0.196410767696909,-0.135925556663343,-0.00576048521103349,3009,,,,,1.1808176770583,Consumer Defensive,
2264,"Morinaga Milk Industry Co., Ltd.",,,JP3926800008,0.03971,0.03891,0.06783,0.47077,2.993,0.541202339257675,0.0221333110324525,-0.0291227013824482,-0.155821810034103,0.0226,1958438440,357011521536,16.05225,4.458419,0.32239136,0.0156106519742883,-0.00940438871473354,0.00545454545454546,-0.031523642732049,-0.122918318794607,0.537070524412297,0.265822784810127,0.35623869801085,1106,,,1.5,Strong Buy,3.60043549069749,Consumer Defensive,
2266,"Rokko Butter Co., Ltd.",,,JP3984800007,,0.03822,0.03129,0.3414,0.764,0.404545594530504,-0.236671515304832,0.0904936014625229,1.89471242855587,0.055,126060030,20387215360,11.338309,,0.6269323,0.0118613138686131,0,-0.00269784172661871,-0.0373263888888889,0.00818181818181818,,,,1109,,,,,,Consumer Defensive,
2267,"Yakult Honsha Co.,Ltd.",,,JP3931600005,0.031659998,0.09427,0.083739996,0.17337,0.194,-0.20282583813135,0.078950009662212,-0.14100982388772,0.222918575925301,0.0256,2830643200,807729758208,18.691092,15.895236,1.3473337,-0.00459526334393779,-0.0044193035177656,-0.00212615166548547,-0.0196692776327241,-0.0299689975887013,0.207386363636364,-0.289772727272727,-0.108664772727273,2816,,,3.7,Underperform,1.17589270143583,Consumer Defensive,
2269,"Meiji Holdings Co., Ltd.",,,JP3918000005,0.04938,0.03384,0.07835,0.16913,0.512,-0.0467976637910579,-0.184989803711606,-0.139489836089042,0.271914234707233,0.0258,4102598610,1154357002240,32.895447,20.329514,1.4942615,-0.0104602510460251,-0.033817521561507,-0.0342558983666062,-0.0581858407079646,0.0782674772036474,0.245008221752408,-0.083861874559549,0.0817477096546864,4257,,,2.1,Buy,1.61811280879612,Consumer Defensive,
2270,"MEGMILK SNOW BRAND Co.,Ltd.",,,JP3947800003,0.02747,0.062179998,0.02372,0.16788,0.752,-0.363307567435718,-0.420069515962925,-0.413220784915589,-0.198636419319074,0.027,556517000,220428025856,7.0521865,17.124079,0.91157055,0,-0.0172642762284197,-0.0159574468085106,-0.0301441677588467,-0.059720457433291,0.22972972972973,-0.0540540540540541,0.0675675675675676,3700,,,,,0.411828659515061,Consumer Defensive,
2281,"Prima Meat Packers, Ltd.",,,JP3833200003,0.023599999,0.00939,0.02025,0.14804,-0.033,0.12943519434246,0.168441316672778,0.218125977052178,0.848484690675881,0.0335,351497300,120127012864,26.177437,13.815029,0.98871297,0,-0.015245158632056,-0.0180772391125719,-0.0284552845528455,-0.0612725844461901,0.0460251046025105,0.0460251046025105,0.0460251046025105,2390,,,,,1.8948521208316,Consumer Defensive,
2282,NH Foods Ltd.,,,JP3743000006,0.03444,0.02313,0.04478,0.45995,-0.008,0.42610375044234,0.0631800959366893,0.0217146170946228,0.327056587266608,0.0288,3693351340,580036198400,17.300877,18.160412,1.0990903,0.0169298388409572,0.00612014817200838,0.0257799671592775,-0.0124881441669301,-0.0500304136253041,0.296622378741796,-0.0715543460861213,0.0805186489514967,6247,,,3,Hold,0.952669851322756,Consumer Defensive,
2288,"Marudai Food Co., Ltd.",,,JP3876400007,0.0337,0.03916,0.022149999,0.19846,-0.274,0.634932187744089,0.318023104639501,0.393602877922891,0.687352026929086,0.0357,296506710,53719433216,5.6054425,,0.7241279,-0.00532623169107856,-0.00576752440106477,-0.00532623169107856,-0.00576752440106477,-0.0627352572145546,,,,2241,,,,,,Consumer Defensive,
2292,S Foods Inc.,,,JP3399300007,0.02858,0.01912,0.022880001,0.3786,-0.009,-0.110961935120945,-0.536629520092689,-0.505544029775364,0.422975971924237,0.0405,630724380,86056312832,9.310853,11.969163,0.6579027,-0.0112809315866084,-0.0191335740072202,-0.0299892895394502,-0.0720628415300546,-0.0254524590686481,,,,2717,,,,,0.77790343401623,Consumer Defensive,
2294,"Kakiyasu Honten Co., Ltd.",,,JP3206500005,0.042480003,0.018960001,0.0078100003,,-0.891,1.89209864116759,1.27690217391304,0.384749612231332,-0.0294913019494935,0.0343,56519200,23765594112,29.32482,,1.6123202,-0.00839664134346262,-0.0350194552529183,-0.0380139643134213,-0.0323839250877878,-0.0637976594941487,,,,2480,,,,,,Consumer Defensive,
2296,Itoham Yonekyu Holdings Inc.,,,JP3144500000,0.03424,0.01893,0.03233,0.36613,-0.039,-0.237995201809887,-0.20318429829157,-0.217052277534718,-0.215006283779556,0.031,501400000,283752857600,14.025246,17.74245,0.9655373,0.00806451612903226,-0.0138067061143984,-0.00793650793650794,-0.0215264187866928,-0.0118577075098814,0.04,0.02,0.0333333000000001,5000,,,3,Hold,0.79049094121725,Consumer Defensive,
2317,Systena Corporation,,,JP3351050004,0.18304001,0.1191,0.1611,0.0396,0.031,-0.0194594952759296,-0.368047121410133,-0.30160788545893,0.0486116854966963,0.0424,457920500,151918739456,13.423879,16.865078,3.8282082,-0.00700934579439252,-0.0207373271889401,-0.0618101545253863,-0.0555555555555556,-0.0918803418803419,0.247058823529412,0.247058823529412,0.247058823529412,425,,,,,0.795957125131588,Technology,
2353,"NIPPON PARKING DEVELOPMENT Co.,Ltd.",,,JP3728000005,0.0959,0.14251,0.15619001,0.93028,0.585,-0.0702727536302962,-0.339446454109531,-0.379721379264599,-0.285058455415373,0.0775,443040180,79976062976,14.144737,15.357143,4.082214,-0.0114942528735632,-0.0408921933085502,-0.0444444444444444,-0.0373134328358209,0.015748031496063,0.317829457364341,0.317829457364341,0.317829457364341,258,,,,,0.921052633292534,Industrials,
2371,"Kakaku.com, Inc.",,,,0.17989999,0.18889,0.26782,0.12468,-0.067,0.335576879664649,-0.632764515924777,-0.701352123371278,-0.642104730382114,0.0132,843471200,750986461184,40,30.598099,11.588753,0.0273342354533153,0.0284475751828773,0.0287262872628726,0.0287262872628726,0.026500811249324,-0.341412012644889,-0.46522655426765,-0.399038461538462,3796,,,2.4,Buy,1.30727075561132,Communication Services,
2384,"SBS Holdings, Inc.",,,JP3163500006,0.05985,0.03583,0.03433,0.74624,0.589,-0.468646864686469,-0.429772342570228,-0.449648030717319,-0.255297150193463,0.0499,334006400,191040536576,9.587785,17.056738,1.826985,-0.00619834710743802,-0.0331658291457286,-0.0437375745526839,-0.0223577235772358,0.0688888888888889,0.247401247401247,0.226611226611227,0.237006237006237,4810,,,1.5,Strong Buy,0.562111289978189,Industrials,
2413,"M3, Inc.",,,,,0.12988,0.20062,,,-0.185530595046276,-0.250222697309817,-0.251241217899352,0.417186134752767,0.013,5959311800,1126074548224,23.310345,23.58688,2.7631085,-0.00646678424456202,-0.017727404824179,-0.0556021234981839,-0.0518934081346424,-0.124805800103573,0.656804733727811,-0.0532544378698225,0.220414201183432,1690,,,2.2,Buy,0.988275897448073,Healthcare,
2432,"DeNA Co., Ltd.",,,JP3548610009,0.03888,0.28841,0.19935,0.07139,2.316,-0.171215144742444,-0.16761233328176,-0.148704536946126,-0.178298820722646,0.0264,2949323520,230909050880,14.598199,26.199224,1.0708103,-0.00537955768081291,-0.0438613292472706,-0.0473282442748092,-0.0431282346175963,-0.00458624127617149,0.24198717948718,-0.170673076923077,0.0276442307692308,2496,,,,,0.557199671257439,Industrials,
2501,Sapporo Breweries Limited,,,,0.010570001,0.6287,-0.0297,0.28817,48.364,-0.139024951061119,-0.222293581612941,-0.288382175313471,-0.112121549758949,0.0218,2023729900,716770377728,75.76257,10.6829405,1.3973712,-0.00325379609544469,-0.0202558635394456,-0.0104979811574697,-0.00996498788042015,-0.116346153846154,0.134385201305767,-0.455930359085963,-0.248639825897715,1838,,,3.8,Underperform,7.0919209931011,Consumer Defensive,
2502,"Asahi Group Holdings, Ltd.",,,JP3116000005,0.028770002,0.05402,0.13619,0.52869,1.142,-0.178816639643547,-0.118592557785236,-0.193733760514096,-0.0400054109878469,0.0391,9438675505,2320513630208,14.430598,11.088977,0.72769654,-0.00470514429109159,-0.0284751990202082,-0.0320317266625991,-0.0442771084337349,-0.0929102344196684,0.701859439016703,0.0526315789473684,0.295808383233533,1586.5,,,1.9,Buy,1.30134619271011,Consumer Defensive,
2503,"Kirin Holdings Company, Limited",,,JP3258000003,0.055159997,0.078099996,0.12544,0.50194,1.649,-0.0911004103079872,0.072373843699501,-0.149893761477484,-0.14432372957701,0.0274,8093176500,2198940024832,11.402391,16.13372,1.6236511,-0.00573271228950197,-0.0251185666608115,-0.0470467032967033,-0.0670700958144226,-0.0955019556714472,0.393513513513514,-0.0810810810810811,0.0694774774774775,2775,,,2.5,Buy,0.70674283426265,Consumer Defensive,
2531,Takara Holdings Inc.,,,JP3459600007,0.02153,0.029660001,0.04324,0.2288,-0.64,0.446220787147329,-0.0253657493662381,-0.0266260598245251,-0.11502000109595,0.0122,1496359800,485311447040,41.83859,27.083334,1.8853191,0.0105640821207893,0.0410677618069815,0.0315361139369278,0.17009000692361,0.17009000692361,,,,2535,,,,,1.544809438897,Consumer Defensive,
2533,"Oenon Holdings, Inc.",,,JP3307400006,0.049850002,0.03613,0.057529997,0.16909,-0.207,-0.332801858013143,-0.0449778539791399,-0.256652062406497,0.0587325176342884,0.0258,63365550,25503488000,8.129371,28.181818,0.94367385,-0.0189873417721519,0.0086767895878525,0.0108695652173913,0.0130718954248366,-0.0935672514619883,,,,465,,,,,0.288461553473946,Consumer Defensive,
2579,Coca-Cola Bottlers Japan Holdings Inc.,,,JP3293200006,0.028870001,0.02214,0.03928,0.47463,,-0.305415046158468,-0.332673348014765,-0.369123985213311,-0.0488207976312816,0.0195,2440576320,595975667712,33.4453,39.38001,1.6382872,-0.0147098154586788,-0.0320546505517604,-0.0292490118577075,-0.0578005115089514,-0.179692718770875,0.397937024972856,-0.239956568946797,0.13056460369164,3684,,,2.3,Buy,0.849296381590558,Consumer Defensive,
2585,"Lifedrink Company, Inc.",,,JP3966680005,0.07603,0.06302,0.11209,1.89297,0.116,-0.0481448880357608,0.241386322700598,0.0784807086366522,0.220176164842949,0.0111,861931830,69894725632,20.283089,15.122937,4.13774,-0.0274368231046931,-0.096579476861167,-0.125892277741726,-0.103195739014647,-0.0983935742971888,0.55902004454343,0.11358574610245,0.410541945063103,1347,,,,,1.34121361478924,Consumer Defensive,
2587,Suntory Beverage & Food Limited,,,JP3336560002,0.045890003,0.049569998,0.09512,0.01087,0.056,-0.172605815686678,-0.024590980898322,-0.117177751568296,0.0718257265013843,0.0269,4980783120,1376902447104,15.36075,13.433016,1.0167179,0,0.0049616599007668,-0.0128489144882588,-0.0270742358078603,-0.089125102207686,0.402603231597846,-0.0798922800718133,0.081891606822262,4456,,,2.9,Hold,1.14350716175727,Consumer Defensive,
2590,"DyDo Group Holdings, Inc.",,,JP3488400007,0.03283,-0.1074,0.08005,0.45395,0.809,-0.373535967578521,-0.377219016592584,-0.281922076445253,-0.229429340581454,0.01,281480400,95597314048,,29.666437,1.3836038,-0.00985221674876847,-0.00658978583196046,0.00332778702163062,0.0185810810810811,-0.0147058823529412,-0.303482587064677,-0.303482587064677,-0.303482587064677,3015,,,4,Underperform,,Consumer Defensive,
2594,Key Coffee Inc.,,,JP3236300004,0.01279,0.013409999,0.03247,0.59236,0.953,0.785730053224105,-0.152047079029121,-0.0853235848069478,0.246335787330215,0.006,164862390,42868326400,43.292946,,1.3315624,-0.00744047619047619,-0.0123395853899309,-0.0103857566765579,-0.0162241887905605,-0.00744047619047619,,,,2001,,,,,,Consumer Defensive,
2602,"The Nisshin OilliO Group,Ltd.",,,JP3677200002,0.02855,0.01878,0.04217,0.54791,-0.781,0.676888556469708,0.19216873871002,0.0729966867999766,-0.046564092027915,0.0286,548344530,191881314304,8.2438965,3.9866161,0.9049043,0.00865800865800866,0.0174672489082969,0.012554321583776,0.00431034482758621,0.0601617795753286,-0.0462565569861707,-0.0462565569861707,-0.0462565569861707,2097,,,3,Hold,2.06789324409742,Consumer Defensive,
2607,"Fuji Oil Co., Ltd.",,,JP3816400000,0.03697,0.01763,0.04976,1.14175,0.715,0.0282052298612959,-0.166836687107981,-0.212888391226505,0.0992451836043148,0.0142,1279815560,375915446272,33.784096,23.488958,1.5186415,-0.002054325496462,-0.00545950864422202,-0.0318866253321524,-0.0616012019746727,0.0565490575157081,0.395242451967063,0.0521500457456542,0.187753202195791,4372,,,1.7,Buy,1.4382969223241,Consumer Defensive,
2659,"SAN-A CO.,LTD.",,,JP3324500002,0.05475,0.04241,0.07283,,0.049,0.385899966253183,0.0780170446706218,-0.116007292120157,-0.321549855660087,0.033,553043050,198232735744,19.305355,17.04139,1.3653477,0.00451807228915663,-0.00298953662182362,-0.0176730486008837,-0.0162241887905605,-0.00149700598802395,0.109445277361319,0.0644677661169415,0.0869565217391304,3335,,,2.5,Buy,1.13285095875395,Consumer Cyclical,
2664,Cawachi Limited,,,JP3226450009,0.02131,0.011410001,0.01994,0.1438,0.055,0.565122268055334,-0.09601457794498,-0.0620663631716045,0.83335076207158,0.0268,323181000,83195076608,26.041668,,0.7245001,0.0136054421768707,-0.0116019645654744,0.00550743606016332,0.0444482641941523,0.105616538683137,,,,3725,,,,,,Healthcare,
2670,"ABC-Mart,Inc.",,,JP3152740001,0.090299994,0.12342,0.19261,0.0109,0.104,-0.255135353024029,-0.388221395535894,-0.311967073935994,-0.425999810012349,0.0303,1531780000,653955497984,14.104139,14.488699,1.629386,-0.00602182913059842,-0.0256410256410256,-0.0322462440454379,-0.00863363363363363,-0.0496173223414083,0.32525558500568,0.00340780007572889,0.165804240817872,2641,,,2.3,Buy,0.973457934352836,Consumer Cyclical,
2676,"Takachiho Koheki Co.,Ltd.",,,JP3457710006,0.060650002,0.05116,0.04976,0.0498,2.075,0.081925460565413,-0.32632310767359,-0.423485183547103,-0.228201641841398,0.037,33919560,38330404864,Infinity,,2.2833388,-0.00339970859640602,-0.00194552529182879,-0.0062953995157385,0,-0.00339970859640602,,,,2052,,,,,,Industrials,
2678,ASKUL Corporation,,,JP3119920001,-0.05092,-0.05535,-0.043569997,1.3673,,0.359057029372824,-0.196388731329174,-0.272380032441689,-0.283760194591501,0.0167,394476000,107440283648,,9.574722,2.2475152,-0.0212071778140294,-0.0683229813664596,-0.0551181102362205,-0.0625,-0.0675990675990676,0.0916666666666667,-0.166666666666667,-0.0202381666666668,1200,,,3.7,Underperform,,Consumer Cyclical,
2681,Geo Holdings Corporation,,,JP3282400005,0.03402,0.01891,0.04242,1.48315,0.309,0.209993557581555,0.327666877796621,0.200461685417109,0.3588916923652,0.0153,376587040,88160174080,10.101194,8.240982,0.8753603,-0.0115967885816236,-0.0554134697357204,-0.0858085808580858,-0.077819392426134,0.0249768732654949,,,,2216,,,,,1.22572698253679,Consumer Cyclical,
2685,"and ST HD Co.,Ltd.",,,JP3856000009,0.079959996,0.0294,0.09807,0.07176,-0.105,-0.494948715971312,-0.28792709355712,-0.298234356424943,0.464076110955,0.0284,656737500,145995726848,15.384242,10.403313,1.7547711,-0.014018691588785,-0.0124804992199688,-0.0365296803652968,-0.039453717754173,-0.0801120596853141,0.295418641390205,0.0110584518167457,0.102685624012638,3165,,,2.5,Buy,1.47878296077413,Consumer Cyclical,
2695,"Kura Sushi, Inc.",,,JP3268200007,0.01208,0.008590001,0.0057099997,0.47027,-0.871,1.25066035748432,0.752458386610322,3.24420515756882,0.262469477696385,0.009,1070559500,133139505152,38.16359,14.829571,1.9736067,0,-0.0368027602070155,-0.0373563218390805,-0.0317919075144509,-0.013545347467609,-0.0746268656716418,-0.277611940298507,-0.152238805970149,1675,,,3.3,Hold,2.57347903051275,Consumer Cyclical,
2702,"McDonald's Holdings Company (Japan), Ltd.",,,,0.10248999,0.0881,0.13551,0.00026,-0.057,-0.375139823025699,-0.327149967233722,-0.380807475352428,-0.269992529218566,0.008,3441497400,1067657986048,29.069977,33.644783,3.6480548,-0.00864197530864197,-0.0278450363196126,-0.0195360195360195,-0.0171358629130967,-0.0195360195360195,0.183063511830635,0.108343711083437,0.145703611457036,8030,,,,,0.864026289008908,Consumer Cyclical,
2726,"PAL GROUP Holdings CO., LTD.",,,JP3781650001,0.105129994,0.0754,0.12962,0.15721,0.034,0.024394790231881,0.0930049670560719,0.381677250653717,-0.19930955985461,0.027,1536048770,256296697856,14.513916,7.6241956,3.1419322,-0.00269360269360269,-0.0408031088082902,-0.0463618802318094,0.0171703296703297,-0.0351791530944625,0.384199864956111,0.215395003376097,0.308237677245105,1481,,,1,Strong Buy,1.90366522076113,Consumer Cyclical,
2730,EDION Corporation,,,JP3164470001,0.04513,0.024419999,0.054980002,0.24884,1.375,0.173605488810226,-0.259913056131544,-0.382213275205167,-0.176180540303097,0.0203,530258760,260013948928,16.835546,19.798712,1.0840751,-0.00243407707910751,-0.00726685506661284,-0.0210987261146497,-0.0128462464873545,-0.0210987261146497,-0.105327368849126,-0.105327368849126,-0.105327368849126,2459,,,,,0.850335415758359,Consumer Cyclical,
2733,Arata Corporation,,,JP3125100002,0.022550002,0.00922,0.011729999,0.47254,-0.271,0.105746424207576,-0.159624847386141,-0.213240881458967,-0.260555523680201,0.0423,213722500,88713289728,8.756567,7.2246456,0.71767133,-0.00562851782363978,-0.00749063670411985,-0.0148698884758364,-0.0159673226884515,-0.0159673226884515,,,,2650,,,,,1.21204104461539,Consumer Cyclical,
2737,Tomen Devices Corporation,,,JP3553900006,0.08653,0.0251,0.05633,2.00077,10.433,0.219693769030172,0.0152157513578756,-0.113370965991036,0.580140226668461,0.0943,3741000000,236669337600,23.640661,,3.3564303,-0.0265734265734266,0.0875,0.0529500756429652,0.0326409495548961,1.02915451895044,,,,34800,,,,,,Technology,
2742,"Halows Co.,Ltd.",,,JP3773750009,0.05786,0.0385,0.048660003,0.14036,-0.07,0.0110779526134925,-0.271806167400881,-0.269285714285714,0.524647072436936,0.0185,238212000,83258302464,9.310987,10.815308,1.0542629,-0.0114068441064639,-0.0201005025125628,-0.0394088669950739,-0.0225563909774436,-0.0148689760444138,,,,3900,,,,,0.860908168311064,Consumer Defensive,
2749,"Jp-Holdings,Inc.",,,JP3386190007,,0,0.15917,0.19757,0.213,-0.32078431372549,-0.304707660672581,-0.18875116141566,0.149633367545588,0.0209,146202150,55236820992,12.887113,8.290488,2.3993573,-0.00462962962962963,-0.0227272727272727,-0.0271493212669683,-0.0242057488653555,0,,,,645,,,,,1.55444564903779,Industrials,
2760,Tokyo Electron Device Limited,,,JP3571600000,0.052259997,0.04237,0.06745,0.61683,1.183,-0.449124125570908,-0.541267696645715,-0.513146867798031,0.0334864542457178,0.0337,484069950,120595619840,15.40806,11.970184,2.2598128,-0.00364963503649635,0.0353982300884956,-0.00486026731470231,-0.00243605359317905,0.092,,,,4095,,,,,1.28720327106083,Technology,
2767,Tsuburaya Fields Holdings Inc.,,,JP3802680003,0.0941,0.07526,0.15743,0.12741,-0.149,-0.426743576529811,-0.529624092268262,-0.504481512543423,0.25885536746013,0.0279,1047941700,155942371328,11.975904,9.329609,2.5442708,0.0108958837772397,0.0100806451612903,0.00400801603206413,-0.000399042298483639,0.0376967688483844,0.225548902195609,-0.201596806387226,0.0119760479041916,2505,,,,,1.28364479154485,Consumer Cyclical,
2768,Sojitz Corporation,,,JP3663900003,0.01417,0.03768,0.03451,1.25907,0.443,0.0459091291748057,0.159258769793659,-0.0115647735910523,0.107684473476847,0.0314,7773934620,1194057662464,11.60097,10.856364,1.0431299,-0.0010443864229765,-0.00760850769496801,-0.00399166955918084,0.0141367732814985,0.0737137511693171,0.376546436661439,-0.0939188011848754,0.120902073531974,5739,,,2.4,Buy,1.06858705179745,Industrials,
2784,Alfresa Holdings Corporation,,,JP3126340003,0.0145000005,0.012510001,0.00709,0.06169,-0.497,-0.027135460245553,-0.337192682044356,-0.233790341656688,0.0388451227655888,0.0314,922727700,402566053888,9.989988,14.292831,0.8289658,0,0.00459619172685489,-0.00584795321637427,-0.0152327826646642,-0.0385421030582321,0.0893246187363835,-0.0501089324618736,0.0196078431372549,2295,,,,,0.698950963598464,Healthcare,
2801,Kikkoman Corporation,,,,0.07305,0.08465,0.12189,0.10577,0.264,0.266589837049743,0.0641657596343513,-0.000258867003453373,0.0411396737617102,0.015,6401467320,1550252638208,25.318182,25.999691,2.6962137,-0.00683506686478455,-0.039102932719954,-0.0636032502101429,-0.088130968622101,-0.0282058738005234,0.316576900059844,-0.102333931777379,0.130560502692998,1671,,,2.2,Buy,0.973787803862746,Consumer Defensive,
2802,"Ajinomoto Co., Inc.",,,JP3119600009,0.0672,0.08513,0.12911999,0.66233,0.168,-0.274893323138396,-0.275219551132286,-0.300001427843385,-0.266068368957691,0.0101,14178387000,4739013017600,35.970493,21.427649,6.129979,-0.0121151936444886,-0.0185477505919495,-0.0386548125241593,-0.0480382775119617,0.027898326100434,0.467631684760756,-0.266184157619622,0.227095154804986,4974,,,1.8,Buy,1.67869526890234,Consumer Defensive,
2804,"Bull-Dog Sauce Co., Ltd.",,,JP3831200005,0.01135,0.086780004,0.04177,0.16293,-0.648,-0.20217997049664,-0.394124539671912,-0.357145920905894,-0.130597597129037,0.0271,27516720,22564849664,9.718132,,0.91731596,-0.00377358490566038,-0.00858369098712446,-0.0101767541510445,-0.0101767541510445,-0.00431034482758621,,,,1848,,,,,,Consumer Defensive,
2809,Kewpie Corporation,,,JP3244800003,0.050100002,0.047620002,0.08916,0.07205,0.317,-0.0794855015231863,-0.0502170881737079,-0.260811048599189,-0.298106802304563,0.0143,1472761800,614803439616,25.062035,25.399574,1.9049592,-0.00980392156862745,-0.0282232200128287,-0.03523668011038,-0.0517421239307323,-0.0391120507399577,0.276127612761276,-0.0319031903190319,0.119361936193619,4545,,,2,Buy,0.986710840110941,Consumer Defensive,
2810,House Foods Group Inc.,,,JP3765400001,0.026659999,0.033800002,0.051030003,0.05919,1.967,-0.104341513735179,-0.315366658407126,-0.249402335591923,0.0316146772092778,0.0258,1230405440,345428328448,48.545635,24.59037,1.205576,0.0012929919834497,0.00467047223663726,-0.00794260825006405,-0.0140056022408964,-0.0356164383561644,0.0588842975206612,-0.147727272727273,-0.0272038481404958,3872,,,2,Buy,1.97417261310017,Consumer Defensive,
2811,"Kagome Co., Ltd.",,,JP3208200000,0.03832,0.04443,0.06509,0.30977,-0.207,0.0263093891103662,-0.141443767258705,-0.254994063975297,0.0541171481766963,0.2133,730687710,249344409600,18.868053,12.347725,1.2922683,-0.00108695652173913,0.00749132103051343,0.00657174151150055,0.000725952813067151,-0.0266548984995587,-0.0206746463547334,-0.0206746463547334,-0.0206746463547334,2757,,,3,Hold,1.52805905541304,Consumer Defensive,
2815,"ARIAKE JAPAN Co., Ltd.",,,JP3125800007,0.04987,0.13611001,0.15948,0.00006,-0.113,0.411882195549358,-0.048834628190899,-0.132086338141026,-0.146227058439826,0.0457,459847500,164530896896,17.667845,18.787575,1.2684888,0,-0.0295748613678373,-0.0313653136531365,-0.0313653136531365,-0.0608228980322004,0.295238095238095,-0.00952380952380953,0.174603142857143,5250,,,2,Buy,0.940400504056537,Consumer Defensive,
2819,"EBARA Foods Industry,Inc.",,,JP3165930003,0.03255,0.04473,0.06524,0.01338,2.934,0.646467867963642,0.139054726368159,0.14227115716753,0.451050336900515,0.0206,28503900,23665860608,13.297581,12.55814,0.647384,-0.0117934119560797,-0.028,-0.0463108320251177,-0.0429302875147696,-0.0368608799048751,,,,2430,,,,,1.05888141078217,Consumer Defensive,
2871,Nichirei Corporation,,,JP3665200006,0.04423,0.036930002,0.03602,0.49471,0.225,-0.102046001294564,-0.215642213014867,-0.253313241964471,-0.311567201792912,0.0341,2524547350,544090030080,19.921085,9.213597,1.8889792,0.00859465737514518,0.00976744186046512,0.029641925539483,0.00812630601346645,-0.0599696904091795,0.151543067710732,-0.0327038231229848,0.0555811607554124,2171,,,,,2.16213982443556,Consumer Defensive,
2874,"Yokorei Co.,Ltd.",,,JP3957000007,0.01924,0.01933,0.061189998,1.24339,,-0.0949782482963262,-0.0562276470639175,-0.301309322481767,-0.140135530171951,0.0127,310689720,130874908672,41.31938,33.398792,1.5384904,-0.0289855072463768,0.00591446769790719,0.0226641998149861,0.00637232589895312,0.03125,-0.0954319312528268,-0.0954319312528268,-0.0954319312528268,2211,,,3,Hold,1.23715193052491,Consumer Defensive,
2875,"Toyo Suisan Kaisha, Ltd.",,,JP3613000003,0.09099,0.13387999,0.16639,0.00574,0.225,0.107769735970769,0.278782205217958,0.168672127267502,-0.00778581815827741,0.022,4116657300,961756463104,14.025177,15.816932,1.8099556,-0.00694789081885856,-0.0098960910440376,-0.030053320407174,-0.0530052058684335,-0.11889035667107,0.429285357321339,-0.146426786606697,0.167249675162419,10005,,,2.8,Hold,0.886719181697184,Consumer Defensive,
2897,"Nissin Foods Holdings Co.,Ltd.",,,,0.03425,0.058870003,0.07285,0.34874,0.205,0.0223403366786543,-0.146793605912362,-0.228995289320115,0.204197547591627,0.0238,3609835000,841823092736,18.79639,14.201112,1.6032131,0.0124073754954334,-0.0101095197978096,-0.0144271095453783,-0.029887714663144,-0.036253280839895,0.6,-0.114893617021277,0.099858144680851,2937.5,,,2.5,Buy,1.32358578680317,Consumer Defensive,
2914,Japan Tobacco Inc.,,,JP3726800000,0.07413,0.16726999,0.31737,0.3791,0.446,-0.017013536549928,-0.333493821280304,-0.289197881303822,-0.230239183294109,0.0406,23629368780,11882468474880,19.920237,22.227758,2.7043998,0.0119443604475355,0.00495495495495496,-0.0161693370571807,-0.0442667428245038,0.00420105026256564,0.255042581801883,-0.0886000298819662,0.080543403555954,6693,,,1.9,Buy,0.896187415752862,Consumer Defensive,
2918,"Warabeya Nichiyo Holdings Co., Ltd.",,,JP3994400004,0.0323,0.020380002,0.027679998,0.54374,-0.361,0.0122381386105822,-0.312175638546861,-0.345681100586378,0.0639162933901386,0.0441,231604420,47081881600,8.849471,13.567864,0.7909675,-0.00802626778547975,-0.0134252539912917,-0.0250986016493367,-0.0219424460431655,-0.0239322326294799,0.324016182420007,0.324016182420007,0.324016182420007,2719,,,,,0.652237596131565,Consumer Defensive,
2922,"Natori Co., Ltd.",,,JP3651060000,0.0416,0.04033,0.07029,0.13068,,0.225247738043947,-0.387905994190652,-0.43119615936827,-0.0382784995929039,0.0153,31011560,24711938048,18.415377,16.072014,0.8801531,-0.00556962025316456,-0.0130653266331658,-0.018,-0.0140562248995984,-0.0238568588469185,,,,1964,,,,,1.14580394218173,Consumer Defensive,
2931,"Euglena Co., Ltd.",,,JP3944370000,0.030350002,-0.00331,0.07769,0.73052,,0.333890114057284,-0.376607694791715,-0.353932849806566,-0.0305577422350429,0.0059,204233120,47151288320,,-135.2,1.4211174,-0.023121387283237,-0.0259365994236311,-0.037037037037037,-0.0259365994236311,-0.00879765395894428,0.183431952662722,0.183431952662722,0.183431952662722,338,,,,,,Consumer Defensive,
2933,Kibun Foods Inc.,,,JP3241500002,0.02438,0.0081400005,0.00095,0.96947,,0.0352636274801376,-0.166236662585272,0.363185299336882,1.12562375528654,0.0204,79031250,25683386368,23.364485,12.228261,1.0287341,0,-0.00265957446808511,-0.00618374558303887,0.00446428571428571,0.016260162601626,,,,1125,,,,,1.91069564184147,Consumer Defensive,
2935,"Pickles Holdings Co.,Ltd.",,,JP3801810007,0.04323,0.03549,0.066199996,0.16966,0.11,-0.0545302650565808,-0.224020908097987,-0.232619677652153,0.222897831826546,0.0243,24340640,14933650432,11.123553,13.925234,0.7402007,-0.0016750418760469,-0.00831946755407654,-0.0132450331125828,-0.0181219110378913,0.0360731421591725,,,,1192,,,,,0.798805463520398,Consumer Defensive,
2971,ESCON JAPAN REIT Investment Corporation,,,JP3048810000,0.02595,0.43939,0.57856,0.82932,,1.352984003074,-0.000722180356694234,0.0577153435696395,0.337292127340141,0.0674,134196000,38230700032,14.124294,,1.0182664,-0.00656044985941893,-0.00934579439252336,-0.00934579439252336,-0.0166975881261596,-0.0644307149161518,,,,106000,,,,,,Real Estate,
2972,SANKEI REAL ESTATE Inc.,,,JP3048880003,0.01809,-0.52906,0.55876,1.08968,,0.697083792498265,0.0286393910561371,-0.0773047985104691,-0.135382856478476,0.0574,166300300,48157904896,,46.31626,0.9824292,-0.0105566218809981,-0.0152817574021012,-0.0199619771863118,-0.0255198487712665,0.00912786311011696,,,,103100,,,,,,Real Estate,
2975,"Star Mica Holdings Co., Ltd.",,,JP3399340003,0.050869998,0.077470005,0.14995,2.87487,0.884,1.69576412379462,0.107031217219821,0.265396023773556,-0.176484934899253,0.0375,286212000,51595755520,7.6395907,,1.3740954,-0.0166305133767173,-0.048951048951049,-0.0903010033444816,-0.0933333333333333,-0.0890823844608172,0.544117647058824,0.544117647058824,0.544117647058824,1360,,,,,,Real Estate,
2979,"SOSiLA Logistics REIT, Inc.",,,JP3048960003,0.01811,0.41147,0.48435003,0.83421,-0.115,0.738376989420494,-0.206772689362347,-0.0531759016511929,0.622370267052331,0.0545,491134800,71877001216,19.267822,,0.91794586,-0.0169154228855721,-0.00403225806451613,-0.0198412698412698,-0.0323212536728697,-0.0985401459854015,0.0931174089068826,0.0931174089068826,0.0931174089068826,98800,,,,,,Real Estate,
2980,SRE Holdings Corporation,,,JP3161320001,0.087,0.08011,0.21348,1.70032,,-0.0311695573279318,-0.0596852676260483,-0.155473500330336,0.109274999255545,0.009,671247500,35754647552,19.53173,14.381076,2.1740408,-0.0216049382716049,-0.0504920838682071,-0.0872069107363225,-0.0656842105263158,-0.161692482055157,0.397025687246507,0.397025687246507,0.397025687246507,2219,,,,,1.35815498089295,Real Estate,
2989,"Tokaido REIT, Inc.",,,JP3049110004,,0.45931998,0.56261003,0.98514,-0.003,1.27145135277169,-0.142957141790488,-0.136843144241047,0.704433497536946,0.0696,314345400,36353757184,14.044944,,0.8995413,-0.00527983104540655,-0.00632911392405063,-0.00946372239747634,-0.00946372239747634,-0.0626865671641791,,,,94200,,,,,,Real Estate,
3001,"Katakura Industries Co.,Ltd.",,,JP3211400001,0.02784,0.18649,0.17639999,0.06497,0.654,-0.339038431616617,-0.471553090332805,-0.536119264948329,-0.226564148245388,0.0207,86852060,91688714240,12.062791,,0.91792566,-0.00241046831955923,-0.00957264957264957,-0.0219446320054018,-0.0423140495867769,0.00625217089267107,,,,2897,,,,,,Industrials,
3003,"Hulic Co., Ltd.",,,,0.03422,0.1415,0.25898,2.32092,0.149,-0.115175251201111,-0.420872155217915,-0.346397877622816,-0.232184966137471,0.0385,3678216055,1321595961344,11.062032,12.777125,1.395054,0.00028735632183908,-0.00286450873675165,-0.0155542986425339,-0.0172219085262564,-0.0486471713582946,0.269750071818443,0.0341855788566504,0.127754783108302,1740.5,,,2.7,Hold,0.865768472954597,Real Estate,
3023,Rasa Corporation,,,JP3967450002,0.061290003,0.083859995,0.060060002,0.09746,0.288,-0.00846245530393327,-0.343189854895744,-0.314349621472815,-0.0202543193476366,0.0402,42509280,20916332544,8.928731,,0.8978708,-0.0109235352532274,-0.00796812749003984,-0.016781836130306,-0.0158102766798419,0.0595744680851064,,,,1992,,,,,,Basic Materials,
3034,"Qol Holdings Co., Ltd.",,,JP3266160005,0.06745,0.0292,0.08347999,0.62252,0.617,-0.166943521594684,-0.324692904929184,-0.445022398071719,0.136801541425819,0.0246,232060470,82633072640,11.148289,6.7206597,1.3901927,-0.00856627592425609,-0.0312775330396476,-0.0359491451117931,-0.037636761487965,0.017113783533765,-0.135970895861755,-0.135970895861755,-0.135970895861755,2199,,,,,1.65880873272009,Healthcare,
3036,ALCONIX Corporation,,,JP3126210008,0.03326,0.041810002,0.0956,0.60783,3.468,-0.239494183812485,-0.234288686419399,-0.301471937745476,0.835104250200481,0.0289,402268300,98900877312,17.636969,,0.8756334,-0.0280649926144756,-0.012012012012012,-0.00303030303030303,-0.00604229607250755,0.278663039253789,,,,3290,,,,,,Basic Materials,
3038,"Kobe Bussan Co., Ltd.",,,JP3291200008,0.095649995,0.05066,0.07004,0.14318,-0.423,0.68052555830589,0.685852399772275,0.828585179914056,0.255871525258413,0.0108,8277096015,657823629312,19.37982,28.886616,3.8169856,-0.0343536307391729,-0.0458494208494209,-0.0219327176781003,0.0551503291229319,0.0370694177303724,0.652335187995279,-0.0726690271455067,0.12797167425392,2965.5,,,2.6,Hold,0.670892706850813,Consumer Defensive,
3046,JINS HOLDINGS Inc.,,,JP3386110005,,0.076630004,0.13449,0.21778,0.139,-0.578792461669289,-0.532557164594698,-0.360015241221643,-0.0673197287270398,0.0204,1486151100,131434668032,16.556389,23.1316,3.682492,-0.0140105078809107,-0.00880281690140845,-0.012280701754386,0.0255009107468124,-0.150398261867448,0.77619893428064,0.0657193605683837,0.385435168738899,5630,,,1.7,Buy,0.715747678500406,Healthcare,
3064,"MonotaRO Co., Ltd.",,,JP3922950005,0.18093,0.09701,0.14508,0.17301,0.239,-0.19592825804484,-0.028160650486633,-0.0554568356651222,-0.0943337147332622,0.0194,3291781965,937390047232,26.523373,31.320848,7.7618003,0.0055379746835443,-0.0287824758023434,-0.00157109190887667,0.0355784899511135,-0.0823104693140794,0.363755573039601,-0.113558877524259,0.12629042748492,1906.5,,,3.1,Hold,0.846828061615701,Consumer Cyclical,
3076,Ai Holdings Corporation,,,JP3105090009,0.04699,0.14039999,0.10113,0.00673,-0.43,-0.220359178590981,-0.212132243439124,-0.355502550963073,-0.175972926116735,0.0471,311928750,158486970368,13.280064,8.51216,1.3470943,-0.00201274740020127,0.00100942126514132,-0.00998336106489185,0.0108732585796806,0.0240963855421687,,,,2975,,,,,1.56012856901186,Industrials,
3086,"J. Front Retailing Co., Ltd.",,,,0.0255,0.06239,0.13268,0.83507,-0.05,-0.381251715595522,-0.387461631321769,-0.31388198833045,-0.425245920438517,0.0215,5595091260,636297674752,23.095324,20.495283,1.5545905,0.00115207373271889,-0.00286861732644865,-0.0579945799457995,-0.0660934981192907,-0.121568297106695,0.016494054468738,-0.232834675872651,-0.080168776371308,2607,,,3,Hold,1.12686045857479,Consumer Cyclical,
3087,"DOUTOR NICHIRES Holdings Co., Ltd.",,,JP3639100001,0.05104,0.04856,0.08866999,0.01753,0.355,-0.0713678947623902,-0.397133722443214,-0.374413205105433,-0.205022778335272,0.0183,319509000,137623240704,19.193577,21.34663,1.2895609,-0.0105740181268882,-0.00907715582450832,-0.025297619047619,-0.0353460972017673,-0.000242814357021173,0.00763358778625954,0.00763358778625954,0.00763358778625954,3275,,,,,0.899138505703242,Consumer Cyclical,
3088,MatsukiyoCocokara & Co.,,,,0.07574,0.05092,0.07427,0.00282,0.164,0.168366899358392,0.0962892882872317,-0.113840612998856,-0.190956003487059,0.0226,3885596415,972875825152,17.667856,17.811623,1.8119445,-0.00622740056247489,-0.0501152073732719,-0.0479214780600462,-0.0371739976644609,-0.062357846853677,0.516070345664039,-0.021629270264807,0.227006266424095,2473.5,,,1.8,Buy,0.991928472773088,Healthcare,
3091,"BRONCO BILLY Co.,LTD.",,,JP3831550003,0.084300004,0.075289994,0.109680004,0.01872,0.272,-0.476199912805676,-0.450033665499596,-0.554787981287252,-0.501352331235408,0.0071,197079300,83589660672,34.603996,17.229729,3.656591,0.00501612325331423,-0.0157894736842105,-0.0154440154440154,-0.0126715945089757,-0.0116279069767442,-0.188948306595365,-0.188948306595365,-0.188948306595365,2805,,,,,2.00838887251216,Consumer Cyclical,
3092,"ZOZO, Inc.",,,,0.25377,0.21019,0.31862,0.20357,0.052,-0.118713248172626,-0.168545990641995,-0.33244438066992,-0.399864973493623,0.0359,3054599140,969815883776,20.576284,6.510432,9.961994,0.00586907449209932,-0.0185022026431718,-0.024945295404814,-0.0145953118089341,-0.068172312839816,0.526032315978456,-0.210053859964093,0.112366696588869,1114,,,2.9,Hold,3.16050977876737,Consumer Cyclical,
3099,Isetan Mitsukoshi Holdings Ltd.,,,JP3894900004,,0.14458999,0.14643,0.12073,0.23,-0.123786974853839,-0.224034362012297,-0.199718299432718,0.20507759747554,0.019,7490746260,1096215363584,14.74911,19.514462,1.8381034,0.0125321336760925,0.0105837075048108,-0.0162347798938495,-0.0474607013301088,-0.123992215735335,0.364646144081244,-0.238337035861631,0.194329831799429,3151,,,2.4,Buy,0.755804080071488,Consumer Cyclical,
3101,"Toyobo Co., Ltd.",,,JP3619800000,0.0299,0.02954,0.064619996,1.02185,0.951,-0.317539109506619,-0.261875866398138,-0.320253240759321,0.0299037943824003,0.0247,868482000,142956527616,12.788128,13.528184,0.67090803,-0.0115924344112264,0.0246679316888046,-0.0097799511002445,-0.031679617453676,0.10580204778157,0.54320987654321,0.111111111111111,0.327160493827161,1620,,,2,Buy,0.945295244358001,Basic Materials,
3104,"Fujibo Holdings, Inc.",,,JP3820800005,0.07873,0.12276,0.18843001,0.0037,0.186,-0.17887401206851,-0.322720039936351,-0.404999735043188,-0.249577517908647,0.0261,355675450,108402368512,19.304672,8.283093,2.0648723,-0.0287009063444109,-0.0198170731707317,-0.0345345345345345,-0.0287009063444109,-0.0654069767441861,0.990668740279938,0.990668740279938,0.990668740279938,3215,,,,,2.33061152398023,Consumer Cyclical,
3105,Nisshinbo Holdings Inc.,,,JP3678000005,0.00818,0,-0.01306,0.61656,,-0.214679638757262,-0.0859310894781245,-0.146811671476595,-0.148855104658164,0.0161,1882987500,349173186560,14.534695,20.457666,1.5329828,-0.0134628117413375,0.0090293453724605,-0.00178651183564091,-0.0208105147864184,0.0724568138195777,0.655480984340045,0.252796420581655,0.45413870246085,2235,,,,,0.710476698563756,Industrials,
3106,Kurabo Industries Ltd.,,,JP3268800004,0.0312,0.07892,0.07581,0.05396,-0.225,0.494608162126987,-0.517725467952354,-0.488236428502555,-0.0762018902559281,0.0062,309891600,166851428352,13.586991,,1.2397735,-0.012093023255814,-0.0184842883548983,-0.0292504570383912,-0.0389140271493213,0.0903490759753594,,,,10620,,,,,,Industrials,
3107,"Daiwabo Holdings Co., Ltd.",,,JP3505400006,0.0585,0.0223,0.024600001,0.21659,-0.167,0.347932358956452,-0.13465467394796,-0.311266581983421,-0.153694570111867,0.0297,873713100,316976267264,10.235372,12.399599,1.884057,-0.00670241286863271,0.00597339125712734,-0.0206185567010309,-0.0180227935329976,0.0285952248750694,-0.0553306342780027,-0.0553306342780027,-0.0553306342780027,3705,,,,,0.825459920115159,Technology,
3110,"Nitto Boseki Co., Ltd.",,,JP3684400009,0.06099,0.35814,0.23341998,0.26786,0.842,-0.199331290472356,-0.338566847368005,-0.329412063313369,0.0602082926887787,0.0099,12098787750,516042588160,12.36102,9.564454,2.9115295,-0.0406091370558376,-0.0340715502555366,-0.0735294117647059,-0.0971337579617835,0.0912240184757506,1.11640211640212,0.164021164021164,0.709190723104056,2835,,,1.8,Buy,1.29239159914408,Consumer Cyclical,
3116,Toyota Boshoku Corporation,,,JP3635400009,0.02996,0.01018,0.030079998,0.33826,-0.189,0.00448310828841334,-0.00150780518303316,-0.13726838662772,0.0567745404920021,0.0383,1399136340,400823025664,17.211353,8.094894,0.81462646,0.0213976781242886,0.0193094048159927,-0.020733304233959,-0.0131955135254014,-0.072742302128539,0.24804992199688,-0.108535770002229,0.0324270113661689,2243.5,,,3.5,Hold,2.12619868771598,Consumer Cyclical,
3132,"Macnica Holdings, Inc.",,,JP3862960006,0.047519997,0.025339998,0.04196,0.33573,1.145,0.0833749128734065,-0.248630792986845,-0.264755890820452,-0.0215245383007875,0.0213,2942644010,671575638016,24.153875,13.764457,2.3419993,0.0236799129014698,0.0917271407837446,0.0603326755004229,0.0612302483069977,0.211272141706924,,,,3761,,,,,1.75480042547265,Technology,
3139,"Lacto Japan Co., Ltd.",,,JP3967250006,0.03337,0.01763,0.030150002,1.30094,-0.387,0.0785820262823231,-0.197248706074639,-0.306606924190137,0.156869651379272,0.0391,84804200,33835855872,10.341135,10.154115,1.0135049,-0.0102489019033675,-0.00879765395894428,-0.0131386861313869,-0.0188679245283019,-0.023121387283237,0.21301775147929,0.21301775147929,0.21301775147929,3380,,,1,Strong Buy,1.01841814870129,Consumer Defensive,
3148,"Create SD Holdings Co., Ltd.",,,JP3269940007,0.06091,0.03418,0.05485,0.00881,0.063,-0.205866954891662,-0.44703543022415,-0.455378618958161,-0.360030088285364,0.029,208530000,213833498624,12.578378,,1.3856498,-0.00150829562594268,-0.0279001468428781,-0.0335766423357664,-0.0279001468428781,-0.0529327610872675,,,,3310,,,,,,Healthcare,
3150,"grems,Inc.",,,JP3952860009,0.17712,0.14563,0.23301001,0.17117,0.105,0.075359947643979,-0.166846288562576,-0.287275418186825,-0.0954620825014381,0.0542,108608070,55429189632,11.312473,10.4489975,2.859532,-0.00125,-0.00745341614906832,-0.0152013147082991,-0.00332640332640333,-0.0773672055427252,,,,2397,,,,,1.08263716208182,Utilities,
3151,"Vital KSK Holdings, Inc.",,,JP3778280002,0.0075499997,0.011390001,0.0040599997,0.04809,-0.482,0.0862169203936178,-0.265373061801475,-0.312655437485869,0.0848173337126047,0.0446,124376070,75145150464,10.319911,,0.65962535,-0.00569620253164557,-0.0125707102451289,-0.0296479308214948,-0.0564564564564565,-0.0802107728337237,,,,1571,,,,,,Healthcare,
3153,"Yashima Denki Co., Ltd.",,,JP3931700003,0.083780006,0.07113,0.07633,0.01974,0.893,0.42738098438214,0.224921498261747,0.305149222980928,0.52190046865766,0.0168,258287040,62818168832,12.376279,,1.7821767,-0.00965058236272879,-0.0145695364238411,-0.0112956810631229,-0.00134228187919463,0.0372952248170094,,,,2976,,,,,,Industrials,
3154,"Medius Holdings Co., Ltd.",,,JP3254190006,0.00987,0.00312,-0.0019,0.88647,,-0.0731043150397988,-0.546348314606742,-0.557640750670241,-0.543983365352394,0.0263,14842800,16900317184,17.920301,,0.81496793,-0.0142671854734112,-0.0256410256410256,-0.0404040404040404,-0.0511860174781523,-0.0391908975979772,,,,760,,,,,,Healthcare,
3156,Restar Corporation,,,JP3944360001,0.04443,0.01854,0.05037,1.308,14.604,0.47780462350065,-0.328121341606181,-0.331289447251248,0.347548564987349,0.0281,585180700,149867495424,19.493107,17.122849,1.5303221,0.00376647834274953,0.0512820512820513,0.0210727969348659,-0.00187265917602996,0.3,,,,5330,,,,,1.13842661346835,Technology,
3167,TOKAI Holdings Corporation,,,JP3552260006,0.05644,0.045739997,0.075440004,0.45948,0.233,0.896468021097619,0.231094049904031,0.201326051399409,0.245966738690797,0.0287,460717000,170403561472,16.026186,18.13443,1.649743,-0.00226415094339623,-0.00526711813393529,-0.0126960418222554,-0.00825206301575394,0.102585487906589,0.0968229954614221,0.0968229954614221,0.0968229954614221,1322,,,,,0.883743575066876,Industrials,
3176,"Sanyo Trading Co., Ltd.",,,JP3342500000,0.056350004,0.03855,0.05609,0.02532,0.565,-0.0244941902302153,0.0401086987944842,0.108948507426697,2.90672905800171,0.0262,548502840,65684946944,15.015764,5.4348345,1.1808901,-0.00174672489082969,0.0241935483870968,-0.0171969045571797,-0.0180412371134021,0.316820276497696,,,,1143,,,,,2.76287419607718,Industrials,
3180,BEAUTY GARAGE Inc.,,,JP3800480000,0.063200004,0.025969999,0.04634,0.31554,0.684,1.73379974767749,6.79467611188198,3.66853587340605,0.742077245200703,0.0118,109961100,19194169344,21.007826,14.010989,2.2929351,-0.04375,-0.0584615384615385,-0.0838323353293413,-0.0543881334981459,0.0610263522884882,,,,1530,,,0,Strong Buy,1.49938209215638,Consumer Defensive,
3183,"WIN-Partners Co., Ltd.",,,JP3154390003,0.03773,0,0.02489,,-0.138,0.829887218045113,-0.0210628645495788,0.0310956443646161,0.222570532915361,0.0442,25485150,34236051456,16.154146,,1.5420191,-0.004,-0.00638467677573823,-0.0219952867242734,-0.00638467677573823,-0.060377358490566,,,,1245,,,,,,Healthcare,
3186,"NEXTAGE Co., Ltd.",,,JP3758210003,0.06883,0.023729999,0.03838,1.37051,0.604,0.144182575672891,0.504785351005258,0.146744698331026,-0.41586407391922,0.0154,1539673850,228512792576,13.123537,15.34776,2.6949494,-0.00816604287172508,-0.0442622950819672,-0.0975232198142415,-0.0919003115264798,-0.129850746268657,1.16123499142367,0.0291595197255575,0.493996569468268,2915,,,,,0.855078330648903,Consumer Cyclical,
3197,"Skylark Holdings Co., Ltd.",,,JP3396210001,0.04414,0.03974,0.065570004,0.70461,0.324,-0.441971296480726,-0.42203159594836,-0.405444341517991,-0.418877258424728,0.0082,3108287620,750719467520,39.36792,63.092506,3.8541923,-0.0122681029323758,-0.0347953216374269,-0.0245271867612293,-0.0175595238095238,0.00151699029126214,0.120872462890033,-0.394122993032414,-0.0669494092699182,3301,,,,,0.623971411121315,Consumer Cyclical,
3201,"The Japan Wool Textile Co., Ltd.",,,JP3700800000,0.04188,0.08349,0.10744,0.10852,0.337,-0.0991915007349993,-0.389726833762733,-0.421987327890825,-0.395388061090941,0.032,147238810,130070708224,13.386514,,0.96066153,0.00100250626566416,0.0111392405063291,0.00200702458605118,0.0178389398572885,0.043910088865656,,,,1997,,,,,,Consumer Cyclical,
3222,United Super Markets Holdings Inc.,,,JP3949450005,0.0054,-0.0051200003,-0.0029499999,0.2828,,-0.420993405213022,-0.416051192422619,-0.384019115207709,0.718193547836277,0.019,375640800,174586298368,,56.959457,0.8485307,0.00357142857142857,-0.00589622641509434,0.00476758045292014,0.0181159420289855,1.11500816924492E-05,0.00830367734282325,0.00830367734282325,0.00830367734282325,843,,,,,,Consumer Cyclical,
3226,Mitsui Fudosan Accommodations Fund Inc.,,,,0.02517,0.45327,0.45554,1.05613,,1.09653150627127,-0.175912834091708,-0.182650594259462,0.0865345756942744,0.0414,731778300,292265492480,45.662098,6.1254206,0.3784791,-0.0085397096498719,-0.00428816466552316,-0.0119148936170213,-0.0219039595619208,-0.0549158456133603,0.318690783807063,0.016365202411714,0.181201550387597,116100,,,3.3,Hold,7.45452451052912,Real Estate,
3231,"Nomura Real Estate Holdings, Inc.",,,,0.028889999,0.08158,0.13367,2.11464,-0.361,0.374264606403907,-0.255355479876668,-0.223084987278785,0.494761847758077,0.0488,3209812100,770496790528,9.328782,2.034602,0.9635877,-0.00606060606060606,-0.0150687791842256,-0.0259179265658747,-0.0300032516201325,-0.0726842925051628,0.363636363636364,-0.00221729490022173,0.202983370288248,902,,,2.3,Buy,4.58506479399902,Real Estate,
3234,Mori Hills REIT Investment Corporation,,,,0.020739999,0.54057,0.62569,0.91692,,1.18337345101186,-0.0217271029760945,0.0566769068305092,-0.145014225338115,0.0496,551875000,235779375104,19.379845,25.754133,1.1990689,-0.00714853057982526,0.0016025641025641,-0.0126382306477093,-0.0172955974842767,-0.0622655663915979,0.2,0.08,0.1488,125000,,,,,0.752494560775935,Real Estate,
3245,"Dear Life Co.,Ltd.",,,JP3548720006,0.07058,0.07096,0.15626,0.96606,1.08,0.036764310347919,0.0538480132388763,0.220675226301027,0.468493074176155,0.0599,374216520,53751988224,11.074243,,1.5770448,-0.00651162790697674,-0.0192837465564738,-0.0506666666666667,-0.0481283422459893,-0.0455764075067024,,,,1068,,,,,,Real Estate,
3249,Industrial & Infrastructure Fund Investment Corporation,,,JP3046500009,0.024719998,0.44316003,0.54809,1.02278,,0.859870872450179,-0.0703729808425577,-0.0376356509329145,-0.233974653859508,0.0625,1066709000,343364993024,16.977928,20.817589,1.4707469,-0.00948212983223924,0.00443786982248521,-0.00658376005852231,-0.00948212983223924,-0.0666666666666667,0.273932253313697,0.0898379970544919,0.170839469808542,135800,,,,,0.815556883172206,Real Estate,
3269,Advance Residence Investment Corporation,,,JP3047160001,0.02575,0.44561002,0.50041,0.95593,,0.823709326508456,-0.0136150700657916,-0.0200567729339533,-0.151920883651213,0.0446,1173601000,407879188480,22.371365,12.792185,0.8575035,-0.0103806228373702,-0.000698812019566737,-0.00832177531206657,-0.0137931034482759,-0.0542328042328042,0.342657342657343,0.111888111888112,0.240759300699301,143000,,,2.7,Hold,1.74883063370331,Real Estate,
3279,Activia Properties Inc.,,,JP3047490002,0.020380002,0.46251,0.54929,0.98467,0.223,0.942061478361875,0.140892479322947,0.187250845056026,-0.0586280621037977,0.0496,773543800,310347137024,19.569471,7.4613223,1.1542689,-0.00985595147839272,-0.003813882532418,-0.0231862378459237,-0.0404114621601763,-0.103021978021978,0.301684532924962,0.125574272588055,0.211077105666156,130600,,,,,2.62278859070329,Real Estate,
3281,GLP J-REIT,,,JP3047510007,0.02118,0.60415,0.56273997,0.84486,,0.404723595177138,-0.161498320638461,-0.13387471387788,-0.0464905840848495,0.053,2131660000,635699331072,20.53388,26.463375,1.4088614,-0.00823353293413174,0.00151171579743008,-0.0170623145400593,-0.0104555638536221,-0.0911970863435644,0.320754716981132,0.0867924528301887,0.211698113207547,132500,,,1.8,Buy,0.775935798060527,Real Estate,
3282,"Comforia Residential REIT, Inc",,,JP3047540004,0.02091,0.40041,0.46723998,1.04534,,0.320445677969511,-0.385349572549479,-0.239514200029289,-0.00919840742693865,0.0432,702906900,237389594624,50.50505,8.48035,0.5265628,-0.00918367346938776,0.00206398348813209,-0.00918367346938776,-0.0162107396149949,-0.0743565300285987,0.25643666323378,0.184346035015448,0.225540679711638,97100,,,,,5.95553839169374,Real Estate,
3283,"Nippon Prologis REIT, Inc.",,,JP3047550003,0.022880001,0.43245998,0.47377998,0.72955,-0.058,0.906814163423566,0.0282317177535181,0.150612240662016,0.0454405608323182,0.0464,1636992000,704685015040,23.809525,9.561851,1.418992,-0.0117647058823529,0.00719424460431655,-0.0198366394399067,-0.0300230946882217,-0.0996784565916399,0.285714285714286,-0.0119047619047619,0.174285714285714,84000,,,2.1,Buy,2.49005396549266,Real Estate,
3287,"Hoshino Resorts REIT, Inc.",,,,0.02239,0.42242,0.53795,0.64255,,0.689222319358395,-0.149919755744314,-0.0931754874651811,-0.110021877463043,0.0576,482387100,136323571712,19.157087,21.104662,0.48861712,-0.0118895966029724,-0.0164835164835165,-0.0324324324324324,-0.0376344086021505,-0.0597979797979798,0.306403094112591,0.11731843575419,0.187150837988827,232700,,,,,0.907718256752939,Real Estate,
3288,"Open House Group Co., Ltd.",,,,0.07067,0.07839,0.10939,1.3642,0.04,-0.152186572276776,-0.224146424424401,-0.147934994149352,0.376245781637945,0.0276,2348182200,814374780928,7.5643196,9.693952,1.3917718,-0.0147488705819825,-0.0238283307003686,-0.031352057478772,-0.0421134220384963,-0.145343476256339,0.726230613621039,0.17329737019555,0.411553202966959,7415,,,2,Buy,0.780313292246547,Real Estate,
3289,Tokyu Fudosan Holdings Corporation,,,,0.031630002,0.07361,0.16304001,2.06122,-0.163,-0.0622326404945962,-0.0340974038820865,-0.0410667781151559,-0.0850184016657926,0.0389,3612524955,916858863616,9.487784,11.8293915,1.0067414,-0.00426026336173509,-0.00733590733590734,-0.0201981707317073,-0.0253980288097043,-0.0725108225108225,0.376896149358226,-0.144301828082458,0.183833683391676,1285.5,,,2.3,Buy,0.802051736980723,Real Estate,
3290,"One REIT, Inc.",,,,0.02412,0.43889,0.31379,0.97052,,0.778346217234343,0.0325499125767495,-0.0800329169435912,-0.0654779975268969,0.0663,285273600,71662108672,12.468827,,0.33717594,-0.00942126514131898,-0.00540540540540541,-0.0120805369127517,-0.010752688172043,-0.0598105329802832,0.127717391304348,0.127717391304348,0.127717391304348,73600,,,,,,Real Estate,
3291,"Iida Group Holdings Co., Ltd.",,,JP3131090007,0.03383,0.04508,0.06765,0.82629,0.892,0.102210575362514,-0.199267301521981,-0.303376582413647,0.0580860866005037,0.0414,1094649660,614281838592,9.699376,10.818045,0.6004087,-0.00403225806451613,-0.0141906873614191,-0.0357839947950553,-0.0520255863539446,-0.0489839572192513,0.219073324336482,-0.0103463787674314,0.120107962213225,2223,,,3.4,Hold,0.896592314045653,Consumer Cyclical,
3292,AEON REIT Investment Corporation,,,JP3047650001,0.02243,0.32409,0.39337003,0.71157,,1.17464623628904,0.0492546176204018,0.229844889112683,0.0561965543149488,0.0592,724420900,239903129600,17.331022,17.518486,1.004275,-0.011265164644714,-0.00868809730668984,-0.0256191289496157,-0.0330508474576271,-0.0872,0.282208588957055,0.174408413672217,0.209114811568799,114100,,,,,0.989299075273971,Real Estate,
3295,"Hulic Reit, Inc.",,,JP3047660000,,0.47472,0.54594004,0.96598,,1.8205530531277,-0.0396358949374348,0.183721141198349,0.258038264532704,0.0546,532180000,212399996928,17.605635,21.643179,1.0819635,-0.00337837837837838,0.00203804347826087,-0.0107310529845741,-0.0140374331550802,-0.0637170314831099,0.261016949152542,0.11864406779661,0.201694915254237,147500,,,,,0.813449586125957,Real Estate,
3296,NIPPON REIT Investment Corporation,,,,0.02963,0.53744,0.5514,0.97079,,1.26549406056427,-0.260731822029913,-0.138481519299121,-0.0701153107444216,0.0574,458812800,146609438720,11.135858,4.697672,0.2753979,-0.0135467980295567,-0.00988875154511743,-0.014760147601476,-0.0267314702308627,-0.041866028708134,0.285892634207241,0.123595505617978,0.18601747815231,80100,,,3,Hold,2.37050564620093,Real Estate,
3302,"Teikoku Sen-i Co., Ltd.",,,JP3540800004,0.03945,0.12053,0.0014599999,0.00046,,0.00334302325581399,-0.408011869436202,-0.386634174486047,0.208298289879451,0.0215,185518600,77389225984,16.420183,,1.0437832,-0.00821018062397373,-0.0033003300330033,-0.0033003300330033,-0.00821018062397373,-0.0971599402092676,0.19205298013245,0.19205298013245,0.19205298013245,3020,,,1,Strong Buy,,Industrials,
3309,"Sekisui House Reit, Inc.",,,JP3047820000,0.026129998,0.51674,0.53968,0.87293,,1.01965066637547,-0.224455103637806,-0.0219681293984299,-0.102474447254732,0.0746,1029338400,306442665984,13.21004,20.13068,1.0664598,-0.0111111111111111,-0.00697350069735007,-0.0192837465564738,-0.0273224043715847,-0.0871794871794872,0.306179775280899,0.0112359550561798,0.191011235955056,71200,,,,,0.6562142957913,Real Estate,
3315,"Nippon Coke & Engineering Company, Limited",,,JP3889610006,0.0052300002,-0.082609996,-0.01302,2.00062,,-0.117364319870367,-0.0357413494304166,0.674030326990696,0.571470531818446,,791267040,29684320256,,,0.872272,0,0.02,0.02,0.02,0.108695652173913,,,,102,,,,,,Basic Materials,
3360,"Ship Healthcare Holdings, Inc.",,,JP3274150006,0.04088,0.0184,0.015700001,0.17914,0.056,0.261699198394215,-0.225565996590143,-0.16190583449368,0.0285632375621485,0.0268,628801310,221058662400,16.806519,13.142625,1.5127691,0.0148659966499162,0.0161425576519916,0.00289675150010346,0.0199915824915825,-0.0621130030959752,0.514338766247163,-0.0798432019806066,0.155353827109552,2423.5,,,2.7,Hold,1.27877946757212,Healthcare,
3382,"Seven & i Holdings Co., Ltd.",,,JP3422950000,0.02795,0.03562,0.0519,1.04359,0.382,-0.0171661907903829,-0.138950797188411,-0.241691699112838,-0.00364857041443138,0.0299,15779928240,4552253767680,16.892403,17.409399,1.2583156,-0.00396825396825397,-0.0250060694343287,-0.0254792526085901,-0.0188126068898119,-0.0871571429221496,0.49402390438247,-0.0637450199203187,0.131100597609562,2008,,,2.5,Buy,0.970303627368182,Consumer Defensive,
3387,create restaurants holdings inc.,,,JP3269930008,,0,0.07806,1.33997,0.062,-0.486370081702341,-0.401004579701581,-0.409166340536369,0.145548284042259,0.0066,1057721510,343211769856,68.49685,20.026316,7.049952,-0.012970168612192,-0.0180645161290323,-0.0205920205920206,-0.012970168612192,-0.0480394722104366,,,,761,,,,,3.42034201397801,Consumer Cyclical,
3388,"Meiji Electric Industries Co.,Ltd.",,,JP3917600003,0.03783,0.03395,0.0021799998,,-0.776,0.0950431759560391,0.011060790802996,0.101765489673551,0.520775623268698,0.0466,69380800,25958508544,9.233527,10.635003,0.67855966,0,-0.00145419292292778,-0.0301318267419962,-0.0278433223218499,-0.0589310187300137,,,,2060,,,,,0.8682204414987,Technology,
3391,Tsuruha Holdings Inc.,,,JP3536150000,,0.02481,0.038039997,0.22553,-0.347,-0.149411025682291,-0.10954188460653,-0.1790082841044,-0.353172673436919,0.0214,3531362550,1017191464960,15.576216,3.5943577,1.1609027,-0.0147026552556506,-0.0410081161896625,-0.0317015311623895,0.0074040834642136,-0.112547854079656,0.33630289532294,0.0556792873051225,0.188814699331849,2245,,,2.4,Buy,4.33351861446622,Healthcare,
3397,TORIDOLL Holdings Corporation,,,JP3636650008,,0,0.07591,1.72517,-0.321,-0.251524762137107,-0.0744996221735677,0.0723064007120894,-0.170390076969428,0.0028,1484501040,374322954240,196.08476,39.285713,3.915797,0.0126070409134158,-0.0150393336418325,-0.0072294776119403,-0.0159500693481276,-0.0558882235528942,0.0805731735964294,-0.224806201550388,-0.0525409208362697,4257,,,,,4.99124859971359,Consumer Cyclical,
3401,Teijin Limited,,,JP3544000007,0.04227,-0.04948,0.27015,0.77463,,-0.00388173928386318,-0.162792360817861,-0.194173414210467,0.0487120998868819,0.0303,1120010500,318214799360,,4.589211,0.766518,-0.00181543116490166,0.0169543773119605,-0.0503742084052965,-0.0662326634588169,-0.00272067714631197,0.127614428614732,-0.242194604425584,-0.0409214913610185,1649.5,,,,,,Industrials,
3402,"Toray Industries, Inc.",,,,0.02977,0.03509,0.06971,0.4626,0.925,0.00801073142583967,-0.0746509934909216,-0.140597759152152,0.245230971966592,0.0186,5150138170,1801891086336,23.419159,18.282589,0.99160856,0.0065093572009764,0.0202061855670103,-0.0060265166733628,-0.0248324793062672,0.0705322371267849,0.37429264349232,-0.215844785772029,0.135444947453517,1237,,,2,Buy,1.28095419089714,Consumer Cyclical,
3405,"Kuraray Co., Ltd.",,,JP3269600007,0.029460002,0.00912,0.060700003,0.41476,2.377,-0.266002466976638,-0.337293681054622,-0.341232025568602,0.0126517798796968,0.0306,2446408185,532240924672,65.35331,9.382801,0.7042832,-0.0053490990990991,0.00312322544009086,-0.0391623606200707,-0.0533226152197213,-0.0611214456550625,0.585055193886216,-0.218794225870365,9.43107840362393E-05,1766.5,,,3.1,Hold,6.96522392407129,Basic Materials,
3407,Asahi Kasei Corporation,,,JP3111200006,0.038429998,0.06098,0.098409995,0.56856,1.736,-0.112106654457581,-0.0413873991210275,-0.202651182690929,0.242965910385644,0.0284,7302268640,2079618367488,13.262691,15.479753,0.9869967,-0.00925630386211299,-0.011779687997453,-0.0372208436724566,-0.0588235294117647,-0.142541436464088,0.610824742268041,-0.0979381443298969,0.265034407216495,1552,,,1.6,Buy,0.856776655286425,Industrials,
3431,"Miyaji Engineering Group,Inc.",,,JP3908700002,0.027509999,0.051960003,0.029930001,0.00614,-0.533,-0.0603013012602109,-0.276643656873474,-0.297579496915045,-0.0739230509220261,0.0484,113134500,40541646848,12.594459,,0.9847497,0,-0.0158730158730159,-0.0171211160431198,-0.0251572327044025,-0.0360696517412935,,,,1550,,,,,,Industrials,
3433,"TOCALO Co.,Ltd.",,,JP3552290003,0.10014,0.16827999,0.22908,0.16579,0.014,-0.0943689201215208,-0.375814554417566,-0.29413017247498,-0.0773808093863059,0.0349,588019840,163657859072,16.25997,20.20558,2.4502254,-0.00971572508096438,-0.00145137880986938,0.0102790014684288,0.0230483271375465,0.031097789434245,0.489825581395349,0.453488372093023,0.471656976744186,2752,,,,,0.804726714105707,Industrials,
3436,Sumco Corporation,,,JP3322930003,-0.011519999,-0.06612,-0.02728,0.57301,,-0.29283380880218,-0.380964168852609,-0.369720087818555,-0.329901269328887,0.0068,32760538910,1034857938944,,60.10563,1.8214331,-0.0323741007194245,-0.040220564385339,-0.0836172189532363,-0.0522101217168482,0.0358830736915806,0.858736059479554,-0.560662385941196,0.279570800946266,2959,,,2.7,Hold,,Technology,
3445,"RS Technologies Co., Ltd.",,,JP3100350002,0.04778,0.12163,0.19145,0.07188,0.063,-0.280162507692115,-0.389657826379758,-0.364903792462374,-0.00211803031263384,0.0104,987219800,140695011328,14.577419,14.762104,1.5659227,-0.0329067641681901,-0.0433996383363472,-0.0570409982174688,-0.0519713261648746,-0.0536672629695886,,,,5290,,,,,0.987489249499936,Technology,
3451,Tosei Reit Investment Corporation,,,JP3047830009,,0.39203998,0.495,0.93833,,1.37960925218954,0.0732161998415436,0.125066809192945,-0.0481295508513261,0.0599,125273700,48073302016,16.366611,35.68036,1.14529,0,0.00868878357030016,-0.00234375,-0.011609907120743,-0.0651537335285505,0.10415035238841,0.10415035238841,0.10415035238841,127700,,,,,0.458700837099177,Real Estate,
3455,Healthcare & Medical Investment Corporation,,,,0.01895,0.40036,0.51895,1.00452,,-0.0120128889336421,-0.139069275296168,-0.121285272502625,6.98601796651942,0.0676,1265488700,34260350976,16.50165,,0.898106,-0.00832466181061395,-0.00209424083769634,-0.0165118679050568,0.00105042016806723,-0.114312267657993,,,,95300,,,,,,Real Estate,
3457,"&Do Holdings Co.,Ltd.",,,JP3765420009,0.01002,0.029260002,-0.00693,2.32781,,0.795881826320501,0.198670605612999,-0.125172588913047,-0.0767532029997878,0.0505,87437780,18191400960,12.53095,8.701051,0.9565851,-0.01085776330076,-0.0151351351351351,-0.0277481323372465,-0.0225321888412017,-0.0410526315789474,,,,911,,,,,1.44016510189401,Real Estate,
3459,Samty Residential Investment Corporation,,,JP3047960004,0.023510002,0.4106,0.49828,1.04796,,1.2495478728074,0.302173893086322,0.306068252823841,0.689494149776561,0.0687,292581000,74187161600,33.670036,,0.91810787,-0.0136054421768707,-0.0102389078498294,-0.0224719101123596,-0.0333333333333333,-0.0655209452201934,,,,87000,,,,,,Real Estate,
3462,"Nomura Real Estate Master Fund, Inc.",,,JP3048110005,0.01818,0.347,0.38504001,0.87031,-0.163,1.03371001055298,-0.0344848080898991,0.0394316681167933,0.0517442692213131,0.0481,1325677500,662106865664,22.47191,23.878345,1.103431,-0.0111034004163775,-0.00696864111498258,-0.0192704748795595,-0.0253077975376197,-0.0690272406508439,0.333333333333333,0.136842105263158,0.276350877192982,142500,,,1.8,Buy,0.941099979919044,Real Estate,
3463,Ichigo Hotel REIT Investment Corporation,,,JP3048160000,0.02708,0.44055,0.39516997,0.81649,,0.408065499520948,-0.30841288250513,-0.102606331650831,0.0373339653307701,0.0644,133070800,36285779968,13.280212,,0.88820446,0.00180831826401447,0,0.00818926296633303,0.0118721461187215,-0.0610169491525424,,,,110800,,,,,,Real Estate,
3466,LaSalle LOGIPORT REIT,,,,,0.48266,0.53735,0.79689,,0.579945034387521,-0.180351875373973,-0.0950904121110176,0.242491457532396,0.0547,907166700,246452633600,20,21.003551,1.4411545,-0.00976971388695045,-0.00351123595505618,-0.0173130193905817,-0.0132127955493741,-0.0651036471210986,0.303735024665257,0.233262861169838,0.27554615926709,141900,,,,,0.952219936524067,Real Estate,
3468,Star Asia Investment Corporation,,,JP3048200004,0.012920001,0.47934,0.58811,0.94229,,1.69722402210743,-0.0586787945170687,0.197709447589031,-0.104173683998901,0.0652,455670400,140798803968,14.684288,16.990921,0.51771456,-0.00945179584120983,0,-0.00569259962049336,-0.0113207547169811,-0.0402930402930403,0.240458015267176,0.240458015267176,0.240458015267176,52400,,,,,0.864243203767471,Real Estate,
3470,"Marimo Regional Revitalization REIT, Inc.",,,JP3048290005,0.021949999,0.33244,0.45433,1.06641,,0.661081515431088,0.693385146532562,0.553029048391905,0.317957358624424,0.0726,179021200,27417516032,15.77287,34.79814,0.99852496,-0.00814663951120163,-0.00408997955010225,-0.01417004048583,-0.021105527638191,-0.0732635585156993,,,,97400,,,0,Strong Buy,0.45326761717724,Real Estate,
3471,Mitsui Fudosan Logistics Park Inc.,,,JP3048300002,,0.34297,0.46517,0.47031,,0.739712439833327,-0.127397066474384,-0.1803947880841,-0.0439890435042688,0.0566,907902000,328409284608,28.248587,27.66807,0.27487743,-0.00970873786407767,-0.000979431929480901,-0.0182868142444658,-0.0248565965583174,-0.0827338129496403,0.303921568627451,0.186274509803922,0.237254901960784,102000,,,,,1.02098147792744,Real Estate,
3472,Nippon Hotel & Residential Investment Corporation,,,JP3048310001,,0.39703,0.43741,0.6851,,0.990831890314776,-0.29795107368114,0.112854322380482,-0.167307040718932,0.0305,122372200,28229646336,13.245033,39.00836,0.7282797,-0.00457317073170732,-0.00759878419452888,-0.0060882800608828,-0.0106060606060606,-0.0121028744326778,,,,65300,,,,,0.339543446584271,Real Estate,
3475,"Good Com Asset Co., Ltd.",,,JP3273750004,0.04741,0.02911,0.11376,2.69985,0.543,0.238499859386927,0.496130996426986,0.877554165430013,0.0589571068124475,0.0322,171959760,40993337344,21.186943,9.655172,2.9224567,0.000700770847932726,-0.0144927536231884,-0.0486342438374417,-0.048,-0.0775193798449612,,,,1428,,,,,2.19436204761552,Real Estate,
3476,MIRAI Corporation,,,,,0.41222998,0.48873,1.00359,,1.23660671138345,-0.186677551872479,-0.165634042138769,0.59967649871813,0.0637,523047600,78968012800,15.649452,21.329212,0.91233784,-0.0036101083032491,0.00975609756097561,0.0072992700729927,0.00852618757612668,-0.0235849056603774,,,,41400,,,,,0.733709806063159,Real Estate,
3480,J.S.B.Co Ltd,,,JP3386630002,0.05545,0.083409995,0.30651,0.69232,0.121,-0.317860323780584,-0.624166128685173,-0.656139673433363,-0.578684688126851,0.000235,286795200,188578775040,28.40891,33.24656,4.087145,-0.00334448160535117,0,0,-0.00111731843575419,-0.0044543429844098,,,,8940,,,,,0.854491712826831,Real Estate,
3481,Mitsubishi Estate Logistics REIT Investment Corporation,,,,0.01873,0.47344002,0.51765,0.43325,,1.2869405363008,-0.115839112063563,0.0844986434098277,0.315975449566373,0.0532,532727000,166024232960,21.739132,7.973185,0.41875023,-0.00798580301685892,-0.00178571428571429,-0.0123674911660777,-0.0175746924428823,-0.0897569929006847,0.29695885509839,0.180679785330948,0.234347048300537,111800,,,3,Hold,2.7265304893841,Real Estate,
3482,Loadstar Capital K.K.,,,JP3982600003,0.06745,0.15418,0.17653999,2.07809,-0.432,-0.297688145597639,-0.286548012201578,-0.410883058259275,-0.389955684862343,0.0397,204350400,41736101888,5.238358,5.0132036,1.1516582,-0.0108216432865731,-0.0206349206349206,-0.0344287949921753,-0.0287288469106651,-0.0828688219992568,,,,2468,,,,,1.04491227924595,Real Estate,
3487,"CRE Logistics REIT, Inc.",,,JP3048680007,0.01095,0.4559,0.55674,0.85675,0.018,0.498760842627014,-0.247374287025503,-0.229051711344657,0.332057537775037,0.056,582017300,83236888576,18.761726,38.322506,1.1090463,-0.010932944606414,0.00444115470022206,0.00444115470022206,0.00593031875463306,-0.0556715379262352,0.326455416359617,0.186440677966102,0.256448047162859,135700,,,,,0.489574611848192,Real Estate,
3488,CENTRAL REIT Investment Corporation,,,JP3048690006,,0.4168,0.56598,0.50107,,0.669120479349455,-0.248418601926963,-0.149971975641531,0.632676875230682,0.0648,133334400,25763880960,13.812155,,0.9890554,0.00291545189504373,0.00389105058365759,0.00486854917234664,0.00682926829268293,0.00251410221840093,,,,103200,,,,,,Real Estate,
3492,MIRARTH Real Estate Investment Corporation,,,,,0.47396,0.58582,0.93225,,0.32748098473184,0.0657169604691418,0.00383666758015898,1.17210882461296,0.0702,981176000,79437856768,26.737968,,0.7788804,-0.00633713561470215,-0.00127388535031847,-0.00633713561470215,-0.00633713561470215,-0.034173596786148,,,,78400,,,,,,Real Estate,
3496,"Azoom Co.,Ltd",,,JP3119880007,,0.01469,0.02538,0.15677,-0.607,-0.253119213138642,0.0877245508982036,-0.153668911733428,-0.199332963169985,0.0268,200621200,58037768192,27.85507,26.358543,7.6976438,-0.0187695516162669,-0.00528541226215645,-0.00528541226215645,-0.010515247108307,0.00426894343649947,,,,4705,,,,,1.05677578612748,Real Estate,
3539,"JM Holdings Co.,Ltd.",,,JP3389690003,0.07559,0.02497,0.030450001,0.15618,-0.49,-0.323650576452777,-0.501036821992476,-0.397123179431854,-0.449399559981126,0.0195,208763360,68079611904,13.736377,6.764557,1.4210197,-0.00298507462686567,-0.0111028867505551,-0.0205278592375367,-0.0773480662983425,-0.0754325259515571,,,,1336,,,,,2.03063955259746,Consumer Defensive,
3543,"KOMEDA Holdings Co., Ltd.",,,JP3305580007,0.055949997,0.113409996,0.17167,0.82508,0.147,-0.331595480387941,-0.408609885152764,-0.35948779649364,0.454483115359385,0.0217,566660400,129931632640,Infinity,18.500517,2.5810475,0.00280997541271514,-0.00799166087560806,-0.0161957270847691,-0.0222602739726027,-0.0272917088456292,0.190893169877408,0.0507880910683012,0.159369527145359,2855,,,,,,Consumer Cyclical,
3549,"Kusuri No Aoki Holdings Co., Ltd.",,,JP3266190002,0.04437,0.03022,0.04028,1.06195,-0.511,0.0965931032509976,0.00630437196905195,-0.0189030883919063,-0.146098986849799,0.016,978000000,379852259328,22.624434,19.472301,2.6932817,-0.00645802285146547,-0.031945788964182,-0.051683262209578,-0.0113692535837865,-0.0462565569861707,0.05,-0.0625,-0.005,4000,,,3,Hold,1.16187778732467,Healthcare,
3565,Ascentech K.K.,,,JP3120110006,0.054959998,0.10526,0.16774,,-0.688,-0.214347366866929,-0.28361779909654,-0.310589526160745,-0.601189161677914,0.0315,91506240,20447414272,9.910473,,3.3724902,-0.0285714285714286,-0.0144927536231884,-0.0165289256198347,0.0170940170940171,0.146987951807229,,,,476,,,,,,Technology,
3569,"Seiren Co.,Ltd.",,,JP3413800008,0.06584,0.08967,0.13568,0.05364,0.138,0.346700965617861,-0.260465597211144,-0.303625453812021,0.361783755934199,0.0238,515513250,186458406912,12.1064,12.178388,1.1335857,-0.0169230769230769,-0.0214395099540582,-0.0616740088105727,-0.0616740088105727,0.0062992125984252,0.00156494522691706,0.00156494522691706,0.00156494522691706,3195,,,2,Buy,0.994088872845897,Consumer Cyclical,
3608,"TSI Holdings Co.,Ltd.",,,JP3538690003,0.022330001,0.0221,0.05409,0.52009,0.289,-0.10254739457126,-0.213810925424769,-0.245365596941187,-0.0472447919312872,0.0578,270343640,68991107072,20.039715,17.576197,0.7334611,-0.016246953696182,-0.0218093699515347,-0.0280898876404494,-0.0312,-0.0426877470355731,0.15606936416185,0.15606936416185,0.15606936416185,1211,,,,,1.14016217501431,Consumer Cyclical,
3612,"World Co., Ltd.",,,JP3990210001,0.03955,0.045339998,0.09762,1.3039,0.115,-0.291923275929174,-0.222320219011063,-0.285424413787788,0.853866531237891,0.0429,436266600,119025664000,9.115845,4.505336,1.1985025,-0.00255427841634738,-0.0113924050632911,-0.0310173697270471,-0.0243597751405372,-0.0327660882646117,0.152368758002561,0.152368758002561,0.152368758002561,1562,,,,,2.02334409686647,Consumer Cyclical,
3626,TISI Inc.,,,JP3104890003,0.0932,0.080019996,0.12222999,0.20591,0.248,-0.0421478602947085,-0.103609537261873,-0.175224757483006,-0.206388050502579,0.0232,3853195560,814553694208,18.939358,16.697493,2.786693,0.00804985717995326,0.00543900543900544,-0.034808552958727,-0.0089354097523615,-0.0139700279400559,0.339515713549717,-0.201442555383823,0.0455950540958269,3882,,,2.8,Hold,1.13426356878844,Technology,
3632,"GREE Holdings, Inc.",,,JP3274070006,0.01948,0.07965,0.124689996,0.17252,6.423,-0.647086420235745,0.593828128829845,0.158847646676999,-0.0833330154964548,0.0535,261917970,70611189760,17.33446,14.652407,0.7388485,0.0024390243902439,0,-0.0167464114832536,-0.0143884892086331,0.0275,0.0705596107055961,0.0705596107055961,0.0705596107055961,411,,,,,1.18304521571098,Communication Services,
3635,"Koei Tecmo Holdings Co., Ltd.",,,JP3283460008,0.08444,0.52886003,0.31132,0.03572,0.769,-0.384770274602762,-0.420754686260346,-0.381135978436527,-0.287532765307013,0.0292,1379719055,549653479424,12.484817,14.471137,1.9624223,0.00673400673400673,-0.00303122158229767,-0.0120156203063983,-0.0254814814814815,-0.0158587672052663,0.520218911523259,-0.209486166007905,0.154015080571602,1644.5,,,2.2,Buy,0.862739189049209,Communication Services,
3659,"NEXON Co., Ltd.",,,,0.06163,0.26353002,0.25838,0.04546,0.804,-0.0733100935256367,-0.0703335422760419,-0.0908519075160022,0.305295882041639,0.0195,9347106200,2391153836032,17.953217,18.354658,2.2361684,-0.0147625160462131,-0.0197956577266922,-0.016025641025641,-0.0182283338663256,0.179408374951978,0.172638436482085,-0.260586319218241,-0.0479188925081433,3070,,,2.3,Buy,0.978128658131358,Communication Services,
3660,istyle Inc.,,,JP3102320003,0.0681,0.03681,0.05436,0.25988,0.856,-0.183272183643076,0.184347062520522,-0.0455260721057987,1.1758622216184,0.0085,530802870,45909450752,15.6478405,18.543308,1.9932206,-0.0268595041322314,-0.0728346456692913,-0.117977528089888,-0.0977011494252874,0.0827586206896552,,,,471,,,0,Strong Buy,0.843853777330345,Consumer Cyclical,
3661,"m-up holdings, Inc.",,,JP3167310006,0.113859996,0,0.17819999,,-0.199,-0.269408500454073,-0.317088207641683,-0.34015645662936,-0.267453236610656,0.0308,378325840,54354558976,18.585762,13.053692,6.4105206,-0.0139416983523447,-0.043050430504305,-0.0558252427184466,-0.0660264105642257,-0.0226130653266332,,,,778,,,,,1.42379351374309,Communication Services,
3663,"CELSYS, Inc.",,,JP3100260003,0.21090999,0.16766001,0.36605,,2.811,-0.136172586203462,-0.453606956757123,-0.293609156404457,-0.0909173033243857,0.024,339676490,51950014464,22.625662,,9.552646,-0.0056785917092561,-0.00961538461538462,-0.0452562704471101,-0.0730545262043409,-0.108905852417303,,,,1751,,,,,,Technology,
3668,"COLOPL, Inc.",,,JP3305960001,0.0139,0.07948,0.14041,0.00027,,-0.472068775750004,-0.514033564377105,-0.426888049480345,-0.0592085741230944,0.0473,169686450,54384123904,161.4504,,0.8104815,0,-0.00704225352112676,-0.0116822429906542,-0.013986013986014,0.0763358778625954,,,,423,,,0,Strong Buy,,Communication Services,
3687,Fixstars Corporation,,,JP3802950000,0.1691,0.15616,0.23735,0.00322,-0.196,-0.601284762821161,-0.220516117493227,-0.32596508850038,-0.733639602819469,0.0087,1618473200,70582616064,40.98668,28.63696,7.756451,-0.0466841186736475,-0.0223713646532439,0.0365275142314991,0.0617103984450923,0.0494716618635927,,,,2185,,,,,1.43125108251714,Technology,
3692,"FFRI Security, Inc.",,,JP3166830004,0.155,0.23492001,0.20397,0.00213,-0.383,-0.0793432556897817,-0.0311447579086844,0.222546440303497,0.372520249798386,0.0028,1114523100,50067165184,45.454548,121.73077,13.3264,-0.00471698113207547,0.0620805369127517,0.00476190476190476,0.100869565217391,0.311917098445596,,,,6330,,,,,0.373402287687821,Technology,
3697,SHIFT Inc.,,,JP3355400007,0.10339,0.04417,0.10456,0.89776,,-0.372707239705773,-0.435874607988657,-0.198178034359167,-0.402817076051497,0.0098,4350907755,213302460416,25.97261,1.1360543,5.5450716,-0.00131639016045468,-0.0253445595627767,-0.0794263651406509,-0.0591882750845547,-0.0835931756202752,0.497902935889754,-0.0653085680047933,0.179491551827442,834.5,,,2.3,Buy,22.8621202349219,Technology,
3762,TechMatrix Corporation,,,JP3545130001,0.04388,0.072,0.08509,0.14843,0.238,0.0514706419405024,0.0896785494915486,-0.151014726524029,0.220981569219212,0.0269,499855600,95112011776,18.518806,19.16969,3.6394968,0.00507185122569738,0.0192884697813973,-0.0317589576547231,-0.00916666666666667,0.137254901960784,0.206896551724138,0.206896551724138,0.206896551724138,2378,,,1,Strong Buy,0.966046190626974,Technology,
3765,"GungHo Online Entertainment, Inc.",,,JP3235900002,0.02404,0.02545,0.10678001,,1.117,-0.0254182983268066,-0.397540760128688,-0.261656694862802,0.151581288447005,0.0359,1193129860,131388514304,55.252148,11.772711,1.1355572,0.00844051446945338,0.0100644122383253,-0.00712307083498219,-0.0267649340574088,0.0044035228182546,0.195695496213631,-0.0434436030290953,0.0761259465922678,2509,,,,,4.69323913582861,Communication Services,
3769,"GMO Payment Gateway, Inc.",,,JP3385890003,0.05804,0.27649,0.43646,0.41874,0.212,-0.0592546832737838,0.12785086958031,0.0501144171613761,0.128775094559209,0.0205,2731962990,629795913728,26.524868,30.562004,5.0352154,-0.017649846008055,-0.0444751699504551,-0.0870761778952004,-0.0509269855802243,-0.178910891089109,0.591703846617629,0.121427710116966,0.242011334860726,8293,,,2.1,Buy,0.867903426751727,Technology,
3774,Internet Initiative Japan Inc.,,,JP3152820001,0.065409996,0.067729995,0.06752,0.47228,,-0.0822976047757688,-0.111840984919679,-0.263080350957464,0.00950364747531366,0.0129,1546820800,592282189824,23.98047,23.346848,3.6786165,0.0124280084874204,0.0395269218798631,0.0151975683890578,0.0289587184226741,-0.0644257703081232,0.287425149700599,-0.0419161676646707,0.0696706586826347,3340,,,2.2,Buy,1.0271395093676,Communication Services,
3836,Avant Group Corporation,,,JP3548680002,0.121029995,0.097950004,0.44705,0.00045,-0.597,-0.102742550778431,-0.132509960159363,-0.186936936936937,-0.0525670498084291,0.0571,94985800,40998297600,14.265164,10.769231,2.813904,-0.00998336106489185,-0.012448132780083,-0.0140845070422535,0.0025273799494524,-0.0867229470452801,,,,1190,,,0,Strong Buy,1.32462234304381,Technology,
3861,Oji Holdings Corporation,,,JP3174410005,0.008169999,0.03412,0.00829,0.92148,,-0.192261951220158,-0.206559367572595,-0.191311286279428,-0.0836657579083892,0.0415,2951092326,736540884992,14.2040615,11.359529,0.6792492,0.00860562318390421,-0.0033325812070218,-0.00902652204849664,-0.00652920962199318,-0.0284530210145675,0.15300357431108,-0.0660671048080249,0.0223298743226104,867.3,,,2.9,Hold,1.25040936996596,Basic Materials,
3863,"Nippon Paper Industries Co., Ltd.",,,JP3721600009,0.00825,0.00791,0.00925,1.5381,,-0.33054463348808,-0.525725588191343,-0.48086440415836,-0.124893345125687,0.0115,707903040,149785739264,12.7716055,10.770251,0.29069948,-0.00612088752869166,0.0164319248826291,-0.00535987748851455,-0.0203619909502262,-0.101659751037344,0.031562740569669,-0.230177059276366,-0.0813445727482679,1299,,,3.2,Hold,1.18582245669112,Basic Materials,
3865,Hokuetsu Corporation,,,JP3841800000,0.0068699997,0.02343,0.0094800005,0.42013,-0.209,0.0934676676871487,-0.423684029660402,-0.36628403191581,-0.105420699473972,0.029,159206420,142657667072,20.619978,8.988989,0.5709733,-0.00663716814159292,-0.00553709856035438,0.00111482720178372,-0.00663716814159292,-0.0446808510638298,-0.0757238307349666,-0.0757238307349666,-0.0757238307349666,898,,,,,2.29391514440612,Basic Materials,
3880,Daio Paper Corporation,,,JP3440400004,0.01713,0.01208,0.00928,1.6453,,0.334009611898389,-0.132320092845049,-0.00543482756623949,0.0137055706563959,0.0146,219175270,148208713728,17.889053,18.27691,0.64789546,0.010515247108307,0.0180084745762712,-0.00103950103950104,-0.00311203319502075,-0.0475718533201189,0.404786680541103,0.0509885535900104,0.189732986472425,961,,,2.7,Hold,0.978778852661637,Basic Materials,
3923,"Rakus Co., Ltd.",,,JP3967170006,0.28893998,0.40366,0.33476,,3.222,-0.0104271484898504,-0.127822587395807,0.0085966983873593,0.00836069501760982,0.0078,1737295695,361722707968,27.697939,17.10196,9.431871,-0.0168431183830606,-0.0238891543239369,-0.0940133037694013,-0.0598251265531523,-0.0576568265682657,0.419481155163975,-0.0210474791972589,0.196157611355849,1021.5,,,2.1,Buy,1.61957687890745,Technology,
3941,"Rengo Co., Ltd.",,,JP3981400009,0.021540001,0.02569,0.06491,0.92044,0.94,-0.0405752828286205,-0.217645644320857,-0.18615487557803,0.0143897990884318,0.0333,1305960175,360546336768,17.73012,9.536066,0.72919947,-0.0112026359143328,-0.00989772352358958,-0.042132141717204,-0.0601315377388036,-0.01250411319513,0.232922359213595,0.0996334555148284,0.187381939353549,1500.5,,,1.5,Strong Buy,1.85926984985213,Consumer Cyclical,
3950,The Pack Corporation,,,JP3345900009,0.046430003,0.05321,0.06499,0.00507,-0.168,-0.25733910931,-0.425568312662434,-0.479201530669166,-0.459024028134905,0.0289,144251340,78826201088,14.430329,,1.0364933,-0.010211027910143,0.0139470013947001,-0.00479123887748118,-0.0300200133422282,-0.015572105619499,,,,1454,,,,,,Consumer Cyclical,
3993,PKSHA Technology Inc.,,,JP3780050005,,0.075229995,0.13829,0.21239,0.341,-0.415951364125405,-0.398408228470546,-0.304702075991352,0.397953380221545,0.0032,1078174800,96133865472,39.5272,33.98907,2.686354,-0.0220125786163522,-0.0158227848101266,-0.0296411856474259,-0.00320512820512821,0.10873440285205,0.446945337620579,-0.131832797427653,0.157556270096463,3110,,,,,1.16293855642417,Technology,
3994,"Money Forward, Inc.",,,JP3869960009,-0.0062800003,0.0773,-0.02633,0.82127,,-0.315068873497972,-0.312970949244112,-0.105744682948306,0.0570600255905803,,3243488950,329517793280,75.758736,834.41016,7.394095,-0.0181788134192695,-0.0172043010752688,-0.114605067064083,-0.0378947368421053,0.106125488735803,0.41390338326881,-0.276216125231443,-0.0355159064130618,5941,,,2.6,Hold,0.0907931610036963,Technology,
4004,Resonac Holdings Corporation,,,JP3368000000,0.029070001,0.04185,0.13868,1.18836,1.704,0.187754617754453,-0.433793581013734,-0.337666536550159,-0.0634737148417269,0.0045,25555743300,2711861329920,49.01927,57.365864,3.4385595,-0.106841611996251,-0.0880382775119617,-0.0795235028976175,-0.0735580038885288,0.178969072164948,0.958726827562085,-0.580272822665268,0.471027212311997,14295,,,1.6,Buy,0.854502426739358,Basic Materials,
4005,"Sumitomo Chemical Company, Limited",,,JP3401400001,0.037550002,0.04463,0.08444,0.80157,,-0.0370682173808115,-0.254303020038097,-0.203697537462557,0.265997708410908,0.0286,8701273620,922570719232,15.037696,14.338896,0.8362894,-0.0153385261279855,-0.0168983911256748,-0.0608710466856844,-0.0952535055171412,0.0804797322907725,0.557743957027753,-0.104744852282901,0.147916025067144,558.5,,,2.1,Buy,1.04873457482361,Basic Materials,
4021,Nissan Chemical Corporation,,,JP3670800006,0.12125,0.18252,0.27804002,0.17367,0.23,0.201287768996248,-0.0876266303576403,-0.246641126421527,-0.0481590959836109,0.0269,4070641380,1050911244288,21.413427,24.430939,4.1861014,-0.00855776491316386,0.00715929429813347,-0.00303720577069096,-0.0112951807228916,0.0775543701272056,0.205889819751206,0.0154861640010155,0.131138740797157,7878,,,1.9,Buy,0.87648808750249,Basic Materials,
4023,Kureha Corporation,,,JP3271600003,0.02981,-0.05061,0.10471,0.72059,1.474,-0.230988739780966,0.00465088426683709,-0.0703008137891285,-0.021586276756448,0.0499,1050283000,165306073088,,23.001648,0.9769227,-0.0046029919447641,-0.0192743764172336,-0.0484048404840484,-0.0658747300215983,0.0152582159624413,0.308670520231214,-0.213872832369942,-0.063121387283237,4325,,,,,,Basic Materials,
4028,"Ishihara Sangyo Kaisha,Ltd.",,,JP3136800004,0.04237,0.085159995,0.056149997,0.52461,-0.786,-0.223287118050882,-0.212116915543321,-0.31017726636604,-0.11592360197064,0.0451,513590400,110202781696,6.6225166,11.734508,0.8640374,-0.0194075587334014,-0.0247206230951575,-0.0510708401976936,-0.0739549839228296,0,0.46875,0.0763888888888889,0.272569444444444,2880,,,,,0.564362528024183,Basic Materials,
4041,"Nippon Soda Co., Ltd.",,,JP3726200003,0.03187,0.1193,0.109060004,0.26273,0.046,0.33603970758472,-0.264725498169988,-0.218111047797815,-0.159360101495674,0.0416,454916000,206373584896,11.441648,15.150919,0.97679615,0.010498687664042,0.00522193211488251,-0.00645161290322581,-0.0362953692115144,0.00130039011703511,0.038961038961039,0.012987012987013,0.025974025974026,3850,,,,,0.755178481252523,Basic Materials,
4042,Tosoh Corporation,,,JP3595200001,,0.051999997,0.11374,0.3038,2.083,-0.147060853000031,-0.260577192685358,-0.236618382738317,-0.0509881525815038,0.039,2542059220,790047162368,19.3792,11.620324,0.93916583,-0.00581170089112747,0.00136585365853659,-0.0337036339672378,-0.0432513049962714,-0.0428944423722492,0.480904130943102,-0.0257209664848012,0.16280202650039,2566,,,2.6,Hold,1.66769876640273,Basic Materials,
4043,Tokuyama Corporation,,,JP3625000009,,0,0.07096,0.54545,,-0.230498366966056,-0.414189913098687,-0.155438867551736,-0.0346904304590115,0.0354,2342522650,292313169920,13.157809,9.657254,1.018568,0.0027147087857848,0.0362152512114257,0.0423293996921498,0.0293894096782366,0.0689292291502236,0.550578390351957,-0.0967265567314792,0.195340019689884,4063,,,,,1.36247933418754,Basic Materials,
4044,"Central Glass Co., Ltd.",,,JP3425000001,,0,0.10484,0.21704,3.682,0.067940924323903,-0.181405463911327,-0.237980423204261,0.270635684632394,0.04,301410000,105369329664,12.594458,10.428168,0.8248618,0.00950118764845606,0.00710900473933649,-0.0460157126823794,-0.0534521158129176,0.0365853658536585,0.0588235294117647,0.0588235294117647,0.0588235294117647,4250,,,3,Hold,1.20773447455008,Basic Materials,
4045,"Toagosei Co., Ltd.",,,JP3556400004,0.03326,0.07951,0.10751,0.09306,-0.097,0.213226101397623,0.828504765687053,0.635993332312532,-0.144238784491283,0.0402,572130150,189479124992,14.705882,15.190678,0.8634131,-0.00720022154527832,0.00363941769316909,-0.0223616034905918,-0.0432345876701361,0.00139664804469274,0.0320781032078103,0.0320781032078103,0.0320781032078103,1792.5,,,,,0.968085953767172,Basic Materials,
4046,"Osaka Soda Co., Ltd.",,,JP3485900009,0.07683,0.16624,0.21691,0.05903,0.673,-0.0825649007400446,-0.0904148126448915,-0.168102732331202,0.00216545224790688,0.0152,603892300,237383483392,15.872632,18.28057,1.8309295,0.000508130081300813,0.0154718927282104,-0.0130325814536341,-0.0547287566010562,0.142111368909513,0.320467242254952,0.11731843575419,0.206196038598273,1969,,,,,0.868278833756278,Basic Materials,
4047,"Kanto Denka Kogyo Co., Ltd.",,,JP3232600001,0.041079998,0.092659995,0.20127001,0.53656,5.103,0.144124312525661,-0.240249766022962,-0.105370691082118,0.254153206055647,0.0169,1679664960,122508034048,32.363636,23.60221,1.6097454,-0.0308529945553539,0.000937207122774133,-0.00326644890340644,-0.0170271514035895,-0.119538334707337,-0.297752808988764,-0.297752808988764,-0.297752808988764,2136,,,3,Hold,1.37121210259548,Basic Materials,
4051,"GMO Financial Gate, Inc.",,,JP3386710002,0.11164,0.0853,0.12009,0.61082,0.431,2.01578153614133,-0.0465627609240189,0.0335591846189484,0.0382786159262264,0.0214,232654500,48301543424,29.411766,35.40305,6.950228,0.00343053173241853,-0.0168067226890756,-0.0394088669950739,-0.0394088669950739,-0.0772870662460568,0.692307692307692,0.427350427350427,0.55982905982906,5850,,,,,0.83076926987929,Technology,
4061,Denka Company Limited,,,JP3549600009,0.03234,0.03497,0.11337,0.70616,,-0.0995802663137871,-0.198516828900685,-0.178955187252951,0.042841191352988,0.0304,2303025960,283252260864,18.050978,17.905405,0.9143896,-0.00785024154589372,0.0208139173656415,0.0126348228043143,0.0167079207920792,0.00828474992328935,0.612903225806452,-0.0383444917833232,0.370206938527085,3286,,,1.8,Buy,1.00813011490106,Basic Materials,
4062,"Ibiden Co.,Ltd.",,,JP3148800000,0.03952,0.1559,0.21139,0.31919,0.417,-0.0142268032277549,0.160492933860938,0.110210344892362,-0.118090140409113,0.001,160968433200,5498230800384,90.90909,63.30917,9.591827,-0.0541586073500967,-0.0600672753483902,-0.0446886446886447,-0.0319227913882702,0.432967032967033,0.533742331288344,-0.46319018404908,0.26278118609407,19560,,,1.5,Buy,1.4359545386553,Technology,
4063,"Shin-Etsu Chemical Co., Ltd.",,,JP3371200001,0.07294,0.18361999,0.26237,0.05487,0.057,0.0465448325168366,-0.0423373983983109,-0.0709670787590844,-0.178781007194146,0.0202,37651378880,10414841659392,22.727453,17.402117,2.340836,-0.00416522040958001,0.00631357418449667,-0.00829588662288282,-0.0224872231686542,-0.00312717164697707,0.657371906587661,0.132798884628791,0.354950505402579,5738,,,1.6,Buy,1.30601656108852,Basic Materials,
4072,"Densan System Holdings Co., Ltd.",,,JP3551440005,0.03195,0.044460002,0.044120003,0.02301,0.413,0.134164514206239,0.052510945145506,-0.149282662587689,0.131529399106999,0.0328,99662850,32677314560,10.3627825,11.174312,1.2724316,-0.0161550888529887,-0.00327332242225859,-0.0240384615384615,0.00661157024793388,0.0403143149982918,0.379310344827586,0.379310344827586,0.379310344827586,3045,,,,,0.927375439311163,Technology,
4078,"Sakai Chemical Industry Co., Ltd.",,,JP3312800000,0.03215,0.04192,0.07947,0.14965,0.605,-0.432372131294537,-0.518319763138416,-0.405295797588717,-0.349112373434319,0.0448,728442000,55432622080,22.675377,13.17244,0.7295397,-0.0245566166439291,-0.0110650069156293,-0.0677966101694915,-0.0641361256544503,-0.0579710144927536,,,,3575,,,,,1.72142571915302,Basic Materials,
4091,Nippon Sanso Holdings Corporation,,,JP3711600001,0.048109997,0.09897,0.14629,0.66209,0.54,0.456924531845696,0.34792113854245,0.203776039333594,-0.119163605029444,0.0123,3185497590,2328317919232,18.797176,19.437717,1.8370606,-0.0130275229357798,0.00223588596981554,-0.0168159385852678,-0.0244831338411317,-0.0775167209741039,0.412902026398959,-0.0704591931585797,0.166573712585983,5379,,,2.5,Buy,0.967046490079056,Basic Materials,
4095,"Nihon Parkerizing Co., Ltd.",,,JP3744600002,0.03836,0.09861,0.14072,0.00112,0.38,0.213849047731013,-0.191793294696357,-0.212088253573648,-0.215080759224947,0.0286,367324720,183632199680,14.924863,,0.90975714,0.00402067777139575,0.00575373993095512,0,-0.00455580865603645,0.0530120481927711,,,,1748,,,,,,Basic Materials,
4099,Shikoku Kasei Holdings Corporation,,,JP3349600001,0.065359995,0.13831,0.20009,0.26025,1.037,0.143192354073264,1.50718632924139,0.719050025265286,0.85327893959995,0.0186,1700860230,186058145792,16.366127,11.41114,1.8198862,-0.0155606407322654,0.0346320346320346,-0.0288939051918736,-0.0310810810810811,-0.0916385135135135,,,,2151,,,,,1.43422366214068,Basic Materials,
4118,Kaneka Corporation,,,JP3215800008,0.02523,0.04265,0.06701,0.43026,1.19,-0.141608891056684,-0.326123395149786,-0.313244395996722,0.248662338778017,0.0354,1367595980,355787177984,11.862304,13.5440235,0.7059456,-0.000674422525712359,0.00440603287578377,-0.0310609776034004,-0.0393841166936791,0.0411031090813279,0.0123165176311794,-0.232326640796356,-0.0903211574152184,5927,,,3,Hold,0.875833093467388,Basic Materials,
4151,"Kyowa Kirin Co., Ltd.",,,JP3256000005,0.06199,0.15353,0.100209996,,0.83,0.30918466596954,1.07725220430452,0.503376758770728,0.194267364713864,0.0319,5131221930,1147439808512,14.104132,15.7957325,1.2524359,-0.00657298277425204,-0.0725772323317816,-0.0882047014770127,-0.0830543933054393,-0.173018867924528,0.323294547113849,-0.17864476386037,0.0412128678986996,2191.5,,,3.6,Underperform,0.892907752141283,Healthcare,
4180,"Appier Group, Inc.",,,JP3160960005,0.03739,0.06856,0.11462,0.30891,1.373,-0.146941361531067,-0.0850068322953356,0.0743892902317058,0.496991758549437,0.0016,3182333600,144994762752,43.292683,30.6828,3.6296713,-0.0104529616724739,-0.0359809911744739,-0.0608465608465608,0.0684725357411588,0.465428276573787,0.0563380281690141,-0.345070422535211,-0.144366197183099,1420,,,3,Hold,1.41097562803916,Technology,
4182,"Mitsubishi Gas Chemical Company, Inc.",,,JP3896800004,0.033299997,-0.03877,0.1243,0.31299,1.178,0.0627708362501409,-0.126342241133554,-0.0923395301937687,0.784141470908598,0.0289,6395958530,742841450496,,13.782748,1.115624,-0.0139787729743723,0.0198125836680054,-0.00987782687808682,-0.0093628088426528,-0.0147439213657527,0.811499081123655,0.102651614597007,0.467338146495143,3809,,,1.7,Buy,,Basic Materials,
4183,"Mitsui Chemicals, Inc.",,,,0.032390002,0.03837,0.09017,0.82395,44.629,-0.00255053928809928,0.129914424903203,-0.0127916388688147,0.247160316195275,0.0358,5676537060,758143516672,22.88302,4.6017118,0.86808395,-0.0214652356509566,-0.0129442221699223,-0.0571043165467626,-0.0655080213903743,-0.00686715605020128,0.716738197424893,-0.141630901287554,0.16096585598474,2097,,,2.5,Buy,4.97271906510964,Basic Materials,
4186,"Tokyo Ohka Kogyo Co., Ltd.",,,,0.03951,0.061279997,0.08284,,0.082,0.0211393536850172,-0.250469240654414,-0.302442625150986,-0.0443130396556988,0.0099,5883769160,966285983744,24.096458,41.26236,2.3541887,-0.0315055315055315,-0.00616979269496545,-0.0268245529241179,-0.0128692241696286,-0.0408479218768608,0.738266699776509,-0.255028557238639,0.371368264216538,8054,,,2,Buy,0.583981575460056,Technology,
4187,Osaka Organic Chemical Industry Ltd.,,,JP3187000009,0.07497,0.20156999,0.23638001,0.0192,0.646,0.244844507623703,-0.134526831127921,-0.346920927291456,-0.33574447087752,0.0214,558297600,81755832320,10.4494295,23.15268,1.5048363,-0.0289855072463768,-0.0278113663845224,-0.0607476635514019,-0.0596491228070175,-0.0324909747292419,0.840796019900498,0.365671641791045,0.560323383084577,4020,,,,,0.451326995406147,Basic Materials,
4188,Mitsubishi Chemical Group Corporation,,,,0.00964,0.013040001,0.11695,0.73776,2.043,-0.0929497244651972,-0.202839276139973,-0.278636471651541,-0.0155921307416118,0.0277,7261744455,1571322462208,,12.683702,0.86268175,-0.0236386661038413,-0.00430477830391735,-0.0654545454545455,-0.0875739644970414,0.0167032967032967,0.556420233463035,-0.316904453091224,0.0753449200172936,1156.5,,,2.5,Buy,,Basic Materials,
4189,"KH Neochem Co., Ltd.",,,JP3277040006,0.061739996,0.08343001,0.19507,0.2116,0.863,-0.28273497665239,-0.450013480442988,-0.284502595387168,0.0877008903512181,0.0471,364618800,111532064768,12.210082,12.495096,1.4940062,0.0031496062992126,0.0111111111111111,-0.0348484848484849,-0.0632352941176471,0.0528925619834711,0.318681318681319,0.0989010989010989,0.208791208791209,3185,,,,,0.97718993115379,Basic Materials,
4194,"Visional, Inc.",,,JP3800270005,0.14097999,0.18697001,0.18937999,0.0018,0.28,4.04634248334777,0.134565063786503,-0.0557991716609077,-0.205412345319286,,2365851600,325027430400,17.888897,18.563137,3.7603405,-0.0871048442119627,-0.1,-0.121951219512195,-0.103016759776536,-0.108,0.494768310911809,0.0587942202291978,0.352409441953164,8028,,,2.3,Buy,0.963678552822187,Communication Services,
4202,Daicel Corporation,,,JP3485800001,0.031570002,0.01674,0.092159994,0.8107,0.01,-0.327466143649709,-0.401887544784477,-0.391044479596962,-0.148210031709072,0.0503,1259982430,355928211456,35.96695,6.384637,0.96711534,-0.0039327851269217,-0.0014336917562724,-0.0386473429951691,-0.0571912013536379,-0.036319612590799,0.722900215362527,-0.0954773869346734,0.0866834170854271,1393,,,3.1,Hold,5.63335863887015,Basic Materials,
4203,Sumitomo Bakelite Company Limited,,,JP3409400003,,0.09336001,0.14932999,0.08326,,0.376298988653427,0.798301626484689,0.310014104948441,0.670966464714042,0.0158,5003375440,665736314880,23.753325,27.35992,1.8520045,0.0106553010122536,0.0997101449275362,0.0753968253968254,0.0678300028145229,0.259001161440186,0.344227727991566,-0.248813916710596,0.084418950975224,7588,,,1.3,Strong Buy,0.868179621870239,Basic Materials,
4204,"Sekisui Chemical Co., Ltd.",,,JP3419400001,0.050300002,0.055960003,0.076519996,0.21463,0.003,-0.0323071651360809,-0.268082270422663,-0.27424765586789,-0.343888628356423,0.0332,3409769220,998801604608,13.531922,12.798158,1.1733098,-0.00442745019118535,-0.0121805111821086,-0.0296194586112201,-0.0490196078431373,-0.0952816386247257,0.253284819082272,-0.110572063877097,0.0681220941985041,2473.5,,,,,1.05733356315807,Industrials,
4206,"Aica Kogyo Company, Limited",,,JP3100800006,0.06328,0.071339995,0.12836,0.20281,0.075,-0.239209974778871,-0.488669852768353,-0.169026243093923,0.192431134903471,0.035,947098820,260569169920,14.925157,15.679853,1.3456887,0.0014591439688716,-0.0131799664509945,0.0073385518590998,-0.0124700239808153,0.0931775949031059,0.214181641573579,-0.0165128703254007,0.0644326129188926,4118,,,1.3,Strong Buy,0.951868426317517,Industrials,
4208,UBE Corporation,,,JP3158800007,0.015149999,0.049000002,0.045560002,0.72836,-0.039,0.000167232437710765,-0.316803298855439,-0.294266181118593,0.0636579955636217,0.0473,2552609800,328348893184,13.754934,9.8421755,0.74769354,-0.00821596244131456,-0.0035377358490566,-0.0180127832655433,-0.0403180011357183,0.0679304897314376,0.183431952662722,-0.0828402366863905,0.00591715976331361,3380,,,,,1.39755016561125,Basic Materials,
4212,Sekisui Jushi Corporation,,,JP3420200002,0.027520001,0.05934,0.05404,0.12567,3.052,-0.299411425749095,-0.446944426962049,-0.545437634202862,-0.354584813665419,0.0307,139903830,86091948032,21.978106,,0.8598542,0.00139518660620858,-0.0164439876670093,-0.0204708290685773,-0.0164439876670093,0.0316205533596838,,,,2871,,,,,,Industrials,
4216,Asahi Yukizai Corporation,,,JP3117200000,0.045619998,0.04413,0.11068,0.08839,0.189,0.307679982909635,-0.163331500824629,-0.131011867582761,-0.194485117088079,0.0214,349113600,114206064640,34.363873,10.917579,1.3952177,0.0116472545757072,0.0666666666666667,0.0252951096121417,0.0629370629370629,0.0446735395189003,,,,6080,,,,,3.14757264408162,Industrials,
4220,Riken Technos Corporation,,,JP3973000007,0.0681,0.06677,0.117939994,0.15119,1.067,-0.198951743668212,-0.447980444651379,-0.442733148770838,0.944498304266038,0.0367,274309630,108647243776,15.082672,20.559008,1.5950874,-0.0227752003374104,-0.0202959830866808,-0.0649717514124294,-0.0823762376237624,0.275881057268723,,,,2317,,,,,0.733628392965264,Basic Materials,
4259,ExaWizards Inc.,,,JP3161330000,0.09458999,0.11956,0.05829,0.2111,0.154,-0.513251018243303,-0.379876513160836,-0.341369460627587,-0.0849313790942518,0.0123,1134365980,77457514496,44.848484,254.375,7.6333013,-0.0228091236494598,-0.0423529411764706,-0.0534883720930233,-0.00122699386503068,0.0838881491344874,,,,814,,,,,0.176308536609337,Technology,
4272,"Nippon Kayaku Co., Ltd.",,,JP3694400007,,0,0.1,0.24036,,-0.180852433492522,-0.324298850574713,-0.162768887223013,-0.0635321768199114,0.0324,991735600,293567561728,12.626356,20.168402,1.0610467,-0.00147130946542423,0.0114257327372081,-0.0123696337618239,-0.0187951807228916,0.0704521556256572,,,,2036,,,,,0.626046426484359,Basic Materials,
4293,"Septeni Holdings Co., Ltd.",,,JP3423300007,0.03734,0.18020001,0.07846,,3.355,-0.0743772904712881,-0.0728370024234861,-0.301707046018431,-0.327549921461525,0.0356,204611220,104967225344,18.313429,19.796558,1.5846372,-0.00589390962671906,-0.0155642023346304,-0.0287907869481766,-0.0398481973434535,-0.0325047801147228,0.146245059288538,0.00790513833992095,0.0935440711462451,506,,,2.3,Buy,0.925081471233535,Communication Services,
4307,"Nomura Research Institute, Ltd.",,,JP3762800005,0.04201,0.02227,0.19665001,0.62286,0.132,-0.197016924411069,-0.0360457947869244,-0.114460068797879,-4.08215854338794E-05,0.0171,11343021430,2745055576064,185.15302,28.061838,7.345744,-0.00203624516391774,-0.013684846045482,-0.0654080854309687,-0.0464980544747082,-0.121054519368723,0.367067945317282,0.0589675576412977,0.206605039787798,4901,,,1.4,Strong Buy,6.59803609442831,Technology,
4324,Dentsu Group Inc.,,,,0.03195,-0.14140001,0.07713,0.92676,,-0.122078535232636,-0.261108525992685,-0.286018958998898,-0.127048057536389,,3854897130,928539803648,,11.077733,2.1868005,-0.00278784499581823,-0.00831716107568617,-0.0489231587343792,-0.0210727969348659,-0.0494286473558331,0.118255521386637,-0.161308358960022,0.0120212468549063,3577,,,2.6,Hold,,Communication Services,
4337,PIA Corporation,,,JP3801570007,0.01555,0.041500002,0.07275,1.44462,-0.64,-0.129841941228851,-0.47829413431567,-0.43514977692798,0.00698744532182019,0.0116,56924270,39763787776,11.975965,,3.693119,-0.00879877582249426,-0.032486930545183,-0.049523110785033,-0.031039640987285,-0.0981552384267316,0.385565418757237,0.385565418757237,0.385565418757237,2591,,,,,,Communication Services,
4343,"AEON Fantasy Co.,LTD.",,,JP3131420006,0.06086,0.03783,0.0544,5.9125,5.786,-0.442855529199142,0.0466309108368269,-0.0239166727153951,0.627961529439362,0.0074,222628780,53667946496,19.230225,24.889908,6.8193073,-0.00403817914831131,-0.0433709449929478,-0.0589663544918488,-0.0216372160115399,-0.0231132701617618,,,,2713,,,,,0.772611333075237,Consumer Cyclical,
4368,"Fuso Chemical Co.,Ltd.",,,JP3822600007,0.08359,0.22067,0.27048,0.12926,1.153,0.184509094614562,-0.251371006199332,-0.222985702904636,0.299254374137051,0.01,2121308000,296229863424,20.703934,9.737775,2.4082935,-0.0247300592128178,-0.00532859680284192,-0.0287894554283732,-0.0126939351198872,-0.164179104477612,1.10714285714286,0.857142857142857,1.01190482142857,2800,,,1.5,Strong Buy,2.12614627058029,Basic Materials,
4369,Tri Chemical Laboratories Inc.,,,JP3636000006,0.09026,0.23315,0.24513,0.15118,-0.033,-0.118542072042143,-0.381826703948538,-0.263590923939493,0.0789288276700127,0.012,2129962680,94955511808,15.527687,17.300179,2.4825215,-0.0388157894736842,-0.0435351882160393,-0.0466557911908646,-0.0324503311258278,0.0082815734989648,0.60848733744011,0.300479123887748,0.427960301163587,2922,,,1.8,Buy,0.89754487511372,Basic Materials,
4373,"Simplex Holdings, Inc.",,,JP3383270000,0.11699,0.17322999,0.2124,0.44158,0.064,0.1302388035277,0.35688526697974,0.363698049330451,0.0952750121308592,0.0217,1735133940,247809507328,24.507418,7.24761,4.984623,-0.0177462289263532,-0.0289473684210526,-0.0813278008298755,-0.0759599332220367,-0.0473321858864028,0.508581752484192,0.0659439927732611,0.309846431797651,1107,,,1.2,Strong Buy,3.38144822914037,Technology,
4385,"Mercari, Inc.",,,JP3921290007,0.0432,0.15439,0.15141,1.99554,0.102,-0.0250377138227157,-0.0554088995321592,0.0154984401385271,0.128116182759697,,7343509620,624329097216,18.314983,38.020473,4.611783,-0.0242285131344045,-0.0668292682926829,-0.138870132793158,-0.0997647058823529,-0.124885635864593,0.515943544171459,0.150026136957658,0.309260585467851,3826,,,2.2,Buy,0.481713707243989,Consumer Cyclical,
4401,Adeka Corporation,,,,0.05192,0.072519995,0.13405,0.12725,0.546,-0.434568293230695,-0.532146975594589,-0.520017592158466,0.0951760641875687,0.0302,1225831250,424269905920,15.748174,15.956671,1.3195931,-0.0135287485907554,0.00137331197070268,-0.038672819160624,-0.0552796372273807,0.125836335563562,0.254857142857143,-0.268571428571429,0.0815237714285715,4375,,,,,0.986933552744178,Basic Materials,
4403,NOF Corporation,,,JP3753400005,0.07655,0.14583999,0.15469,0.01465,-0.094,0.00868085561673368,0.290330801938227,0.439601091033072,0.232242673550626,0.0269,2672291800,581504139264,14.749446,15.702979,1.991777,-0.00801526717557252,0.00347490347490347,-0.013849364446974,-0.0338289962825279,-0.0729445336186909,0.616006156213928,0.34667179684494,0.462100808003078,2599,,,,,0.939276935924069,Basic Materials,
4431,"Smaregi, Inc.",,,JP3400110007,0.16247,0.16695,0.26488,0.0104,0.737,-0.429137644624486,-0.491916824869483,-0.496325584205677,-0.201663690280124,0.0089,328132500,62891397120,28.24883,37.48565,6.5430074,-0.0268256333830104,-0.0453216374269006,-0.0776836158192091,-0.0671428571428571,0.00771604938271605,-0.0811638591117917,-0.0811638591117917,-0.0811638591117917,3265,,,,,0.753590507300794,Technology,
4443,"Sansan, Inc.",,,JP3332540008,0.0994,0.12607999,0.15439,0.12967,,-0.502135055881761,-0.270849132851248,-0.0730997366509711,-0.302418900893178,0.0025,2453426710,245764947968,37.03494,55.411133,11.7732525,-0.00759109311740891,-0.0170426065162907,-0.11983842010772,-0.0710563713879678,-0.0263157894736842,0.529831718510964,-0.28607853136155,0.179245283018868,1961,,,2,Buy,0.668366409327887,Technology,
4452,Kao Corporation,,,JP3205800000,0.06555,0.07771,0.11102,0.20635,0.329,-0.0342290353970223,-0.0945371074388119,-0.269901878820498,0.128455401276585,0.023,9189743880,3064415387648,24.213612,13.095422,2.737432,-0.0151206746147136,-0.0162648852744699,-0.0309012875536481,-0.0547027630477254,0.000886524822695035,0.299084735754355,0.0628875110717449,0.19234171833481,3387,,,1.7,Buy,1.84901349494503,Consumer Defensive,
4461,DKS Co. Ltd.,,,JP3475000000,0.07986,0.09088001,0.18607001,0.45002,1.858,-0.14613899797465,0.159098330645082,0.250946606222185,0.812395385455251,0.012,2589475200,132423491584,20.576063,36.2159,2.4081814,-0.0559757942511346,0.0288540807914262,-0.0436781609195402,-0.0272798129384256,0.208131655372701,,,,12480,,,,,0.568149983846874,Basic Materials,
4471,"Sanyo Chemical Industries, Ltd.",,,JP3337600005,0.043169998,0.08416,0.13267,0.02248,-0.48,0.00397523725724344,-0.145336699519347,-0.172934052937551,1.96276213784311,0.0209,767980800,131768868864,8.445922,19.8273,0.8133402,0.00505050505050505,0.0275387263339071,-0.0417335473515249,-0.0671875,0.237305699481865,0.0385259631490787,0.0385259631490787,0.0385259631490787,5970,,,3,Hold,0.4259743888477,Basic Materials,
4477,"BASE,Inc.",,,JP3835260005,0.02878,0.09156,0.065910004,0.03951,1.414,0.132068587454012,0.0405289414312118,-0.212917352918374,0.35307519613375,0.0298,588658560,38694895616,17.796612,40.727272,2.5424113,-0.00884955752212389,-0.00884955752212389,-0.031700288184438,-0.0260869565217391,0.101639344262295,-0.0476190476190476,-0.0476190476190476,-0.0476190476190476,336,,,,,0.436970391731614,Technology,
4478,freee K.K.,,,JP3826520003,0.0109,0.0254,0.03994,0.67496,1.084,-0.222248160515351,-0.126636982713463,-0.0100947786228591,0.589406540920815,,2609453000,228618338304,212.70718,139.79666,10.790752,0.00260416666666667,0.0405405405405405,-0.0711700844390832,-0.0290037831021438,0.476226993865031,0.402597402597403,-0.428571428571429,-0.012987012987013,3850,,,2.3,Buy,1.52154693824588,Technology,
4480,"Medley, Inc.",,,JP3921310003,0.04223,0.044510003,0.20121999,1.25867,1.312,0.692402511523992,-0.239376322398212,-0.0272889441881888,1.19664486471798,0.0153,761751900,71260848128,39.37218,18.929115,4.7631073,-0.0434077079107505,-0.0453441295546559,-0.0763807285546416,-0.0895752895752896,0.116477272727273,0.878710771840543,0.145038167938931,0.392705682782019,2358,,,1.8,Buy,2.07997996736773,Healthcare,
4483,JMDC Inc.,,,JP3386690006,0.044460002,0.13239999,0.14478,0.61328,0.17,-0.0776551862321903,0.0261800541516245,0.0762267864020215,-0.10337369369046,0.0051,1420249600,230359334912,34.364933,27.753685,2.7734091,-0.0249307479224377,0.00571428571428571,-0.0153846153846154,0.0460624071322437,0.1,0.576704545454545,0.0227272727272727,0.250568181818182,3520,,,1.5,Strong Buy,1.23821153839571,Healthcare,
4502,Takeda Pharmaceutical Company Limited,,,JP3463000004,0.02694,-0.035380002,0.16445999,0.73245,-0.098,0.0704193103718804,0.272418562078112,-0.0680183639862635,-0.00131727094609908,0.036,23570503340,9047193419776,,40.359,1.1847177,0.00159094926639562,-0.0163194444444444,-0.015122544759256,-0.0271291208791209,-0.00909408884225254,0.341334274620544,0.0236498411577833,0.165427550300035,5666,,,1.9,Buy,,Healthcare,
4503,Astellas Pharma Inc.,,,,0.0841,0.16046,0.2892,0.30336,1.072,0.0654149127269974,-0.0546943885912075,-0.26148856847271,-0.0628701810668021,0.0357,14347265800,4017247223808,13.812342,29.569752,2.0678835,0.0060619667714414,-0.0175400131550099,-0.0488219061770325,-0.0623561414521867,-0.0203323130738959,0.383619727739344,-0.241240794465521,0.119329256862307,2240.5,,,2.4,Buy,0.467110512120629,Healthcare,
4506,"Sumitomo Pharma Co., Ltd.",,,JP3495000006,0.039219998,0.23728001,0.13708,0.39323,0.383,-0.0964984373113406,0.0619605672255801,0.00692455656005932,0.152442108687434,,7056267000,685002129408,5.675314,89.14186,1.6766456,-0.00553565613806578,-0.0544891640866873,-0.0762250453720508,-0.0651974288337925,0.183262301433553,0.768172888015717,-0.0176817288801572,0.384600916830387,1527,,,2.1,Buy,0.0636660935726493,Healthcare,
4507,"Shionogi & Co., Ltd.",,,JP3347200002,0.03216,0.46785998,0.11417,0.38591,1.482,0.288458954548139,0.0233742044587294,0.0618997124773101,0.0231899786182908,0.0269,8296227280,2406276661248,11.72348,14.785565,1.3574371,-0.00141292829388909,-0.0243313201035375,-0.0281883808869027,-0.0519785378940309,-0.0703715882933246,0.414927484966396,0.0258224266006367,0.193845065440396,2827,,,2.2,Buy,0.792900372762218,Healthcare,
4516,"Nippon Shinyaku Co., Ltd.",,,JP3717600005,0.06932,0.17513001,0.25094998,0.00865,0.224,0.0734609784446767,-0.158096414793567,-0.25658910271437,0.161212217254186,0.0366,1321014040,228219535360,7.680443,8.24667,0.7725493,0.00803810657933909,-0.000295246530853263,-0.0179814385150812,-0.0317414927080355,-0.0311874105865522,0.476668635558181,-0.173065564087419,0.090888954518606,3386,,,3.1,Hold,0.931338710049026,Healthcare,
4519,"Chugai Pharmaceutical Co., Ltd.",,,JP3519400000,0.17055,0.35103,0.47092,,0.197,0.183925166070465,0.190851876404541,0.14674748013447,-0.0588993799605211,0.0206,16478916220,10567897055232,22.421618,27.222246,5.2109914,0.000623247117482082,-0.016840171463564,-0.0548933038999264,-0.0600117096018735,-0.091783340404469,1.07100591715976,0.105574587355964,0.451780286515104,6422,,,2,Buy,0.823650554035843,Healthcare,
4521,"Kaken Pharmaceutical Co., Ltd.",,,JP3207000005,0.03433,0.116969995,0.36163,0.02518,30.284,-0.0389082383553104,-0.127449474139978,-0.262975655029628,0.298589197973909,0.0496,428845100,145035657216,67.572334,39.73029,0.94867945,-0.00130378096479791,-0.0192061459667093,-0.0229591836734694,-0.0328282828282828,-0.020460358056266,0.462140992167102,0.0443864229765013,0.194516971279373,3830,,,2.8,Hold,1.70077625912119,Healthcare,
4523,"Eisai Co., Ltd.",,,,0.02395,0.049390003,0.10553,0.29077,0.26,-0.11994328369211,-0.15432268261484,-0.31652344154492,-0.298544028684729,0.0343,5838383780,1314655305728,34.012413,22.99452,1.4483745,-0.00214224507283633,0.00128976784178848,-0.00766936514699617,-0.0156382079459003,-0.0741403299542835,0.180764276513525,-0.31300987548304,-0.0178188063546587,4658,,,2.5,Buy,1.47915298949489,Healthcare,
4527,"Rohto Pharmaceutical Co.,Ltd.",,,JP3982400008,0.05824,0.093739994,0.14812,0.17689,-0.095,-0.278101056133373,-0.273006070741094,-0.331003104592656,0.432726280299945,0.0179,2665746200,628501577728,19.194492,16.68462,2.0356026,-0.00517395182872435,-0.0307665565791761,-0.0447147507281138,-0.0825929582099375,0.122609220857661,0.377331420373027,-0.0674318507890961,0.168644906743185,2788,,,1.9,Buy,1.15043027650615,Consumer Defensive,
4528,"Ono Pharmaceutical Co., Ltd.",,,,0.05983,0.15116,0.26389,0.13418,0.367,0.0838278749763043,-0.180866318319214,-0.200876249066408,-0.00230888163701496,0.0345,3172391200,1090184937472,15.625,13.715637,1.2576666,-0.0100277362918711,-0.043101670447515,-0.0524811108842148,-0.0607287449392713,-0.0559511698880977,0.379310344827586,-0.181034482758621,0.0811781465517241,2320,,,3,Hold,1.13921066881546,Healthcare,
4534,"Mochida Pharmaceutical Co., Ltd.",,,JP3922800002,0.04058,0.075279996,0.112390004,0.07128,0.68,-0.0103541105819011,-0.418420019923325,-0.456647087766775,-0.141934147392938,0.0269,133067600,111197937664,14.164052,16.880342,0.7963178,-0.0047244094488189,-0.00784929356357928,-0.0291858678955453,-0.0365853658536585,-0.021671826625387,,,,3160,,,,,0.83908560620395,Healthcare,
4536,"Santen Pharmaceutical Co., Ltd.",,,,0.07095,0.13255,0.11771,,0.291,0.0154165911088172,-0.212087373352217,-0.115660385201813,-0.0364539664262935,0.0243,2041744500,555029561344,15.151515,15.96483,1.8452257,-0.0114613180515759,-0.0234927823379564,-0.0571194315386718,-0.0763052208835341,-0.109217660728118,0.623188405797101,0.101449275362319,0.378421913043478,1725,,,1.8,Buy,0.949055830848183,Healthcare,
4538,"Fuso Pharmaceutical Industries,Ltd.",,,JP3823600006,0.02162,0.03486,0.06064,0.7877,0.39,0.181565930751598,-0.284504081127875,-0.242139765784114,0.0901028672977683,0.0412,24482040,18626254848,9.259102,,0.5209996,-0.0122227252150294,-0.025457793657883,-0.0370697263901147,-0.0454943132108486,-0.0193258426966292,,,,2182,,,,,,Healthcare,
4540,Tsumura & Co.,,,JP3535800001,0.04142,0.15162,0.15858,0.39086,0.49,0.331299608314509,1.12079446015453,0.920924838561866,0.417447989270781,0.0425,2152997910,277085454336,9.8814335,8.8997965,0.8477243,0.00161681487469685,0.00895765472312704,0.000807754442649435,-0.0166666666666667,-0.055640243902439,0.552327145547485,-0.112187247780468,0.168280871670702,3717,,,,,1.11029881413581,Healthcare,
4543,Terumo Corporation,,,,0.06922,0.13897,0.28698,0.26357,0.683,0.434665034835313,0.27073609269018,0.0861009516146589,0.0671264215947376,0.016,10419890260,3313077846016,24.389185,22.056368,1.9934002,0.00492170022371365,-0.0346013324736729,-0.0764802631578947,-0.0903199675982179,-0.0701718070792797,0.691896705253785,0.0908281389136242,0.398383481745325,2246,,,1.5,Strong Buy,1.1057661442718,Healthcare,
4547,"Kissei Pharmaceutical Co., Ltd.",,,JP3240600001,-0.00958,0.14181,0.04686,0.00542,0.056,-0.218602332336238,-0.257756377465916,-0.348508411469567,-0.242270223932684,0.0326,214063500,165472239616,12.033658,18.118246,0.7221373,0.00757575757575758,-0.00992555831265509,-0.0123762376237624,-0.018450184501845,-0.0522565320665083,0.378446115288221,0.0275689223057644,0.211361779448621,3990,,,2.2,Buy,0.664173452551643,Healthcare,
4548,Seikagaku Corporation,,,JP3414000004,-0.00939,0.045229997,-0.106759995,0.00476,,7.22966680639424,-0.12061897810219,0.0135998151009038,0.611897071404015,0.0466,168547680,35164164096,23.869534,13.010101,0.47398037,-0.0747126436781609,-0.0852272727272727,-0.0852272727272727,-0.0878186968838527,-0.144754316069057,,,,644,,,,,1.83469244397103,Healthcare,
4549,"Eiken Chemical Co., Ltd.",,,JP3160700005,0.02871,0.083739996,0.06227,0.13507,-0.252,-0.409537069801074,-0.229960972680877,-0.288716384583023,0.323710547272526,0.0262,581700000,73051709440,19.762775,24.245077,1.6795042,-0.00938757264193116,-0.0207688908528502,-0.0533959846219564,-0.0485186775440103,-0.117483074472322,,,,2216,,,,,0.815125272648134,Healthcare,
4552,"JCR Pharmaceuticals Co., Ltd.",,,JP3701000006,-0.00601,0.019709999,-0.2168,1.23635,,0.0851560045087508,-0.33872837485067,-0.30625416389074,-0.0596636038561845,0.0391,220200960,62472617984,28.65137,13.981431,1.4457723,-0.017274472168906,-0.0303030303030303,-0.0247619047619048,-0.0210325047801147,0.0158730158730159,0.7578125,-0.0234375,0.2141927734375,512,,,,,2.04924445859655,Healthcare,
4553,"Towa Pharmaceutical Co., Ltd.",,,JP3623150004,0.03193,0.02953,0.09134,1.26005,1.201,-0.0153661562793995,-0.123631508678238,-0.155698263386397,-0.181639735213104,0.0241,406313600,173282099200,33.00206,11.941918,0.949621,-0.00424328147100424,0.0158730158730159,-0.0167597765363129,-0.032967032967033,-0.150784077201448,0.676136363636364,0.193181818181818,0.491477272727273,3520,,,,,2.76354769811684,Healthcare,
4554,"Fuji Pharma Co., Ltd.",,,JP3816200004,0.04573,0.04975,0.06351,0.55695,0.907,-0.340198195205669,-0.43890511876032,-0.480178109738581,-0.179944677687209,0.0282,148565610,45370023936,17.573858,11.163239,0.87460303,0.00346620450606586,-0.0062929061784897,-0.0141884222474461,-0.0147475893363585,-0.0838607594936709,1.07253886010363,0.324122049510651,0.698330454807139,1737,,,,,1.57426155616663,Healthcare,
4559,"Zeria Pharmaceutical Co., Ltd.",,,JP3428850006,0.04911,0.09032,0.090950005,0.33688,-0.205,0.0348613419648325,0.189556183359154,0.174629676520858,0.419042190641314,0.0252,324037180,87365369856,10.330449,9.496885,0.80864525,0,0.00101010101010101,-0.000504286434694907,-0.0144206862257583,-0.0866359447004608,0.261352169525732,0.261352169525732,0.261352169525732,1982,,,,,1.08777235904194,Healthcare,
4565,"Nxera Pharma Co., Ltd.",,,JP3431300007,-0.01638,-0.23337999,-0.17808,0.83956,,0.682801771376171,0.538506871596615,0.897873193370353,0.918213628921674,,1980158600,110444306432,,26.857014,1.6977067,-0.0337078651685393,-0.0243111831442464,0.056140350877193,0.0469565217391304,0.409836065573771,2.7375415282392,-0.169435215946844,0.67358803986711,1204,,,1.6,Buy,,Healthcare,
4568,"Daiichi Sankyo Company, Limited",,,,0.03317,0.10931,0.14806,0.29393,-0.181,0.0494451235588793,-0.172101100251501,-0.225894729379914,-0.00890841864685621,0.0361,16065708120,5044078903296,19.763298,19.309,2.9635649,0.0232558139534884,0.00763358778625954,-0.0078740157480315,-0.0385015608740895,-0.0404984423676012,0.875901875901876,-0.00793650793650794,0.477723665223665,2772,,,1.5,Strong Buy,1.02352778497074,Healthcare,
4569,"KYORIN Pharmaceutical Co., Ltd.",,,JP3247090008,0.00694,0.017280001,0.032509997,0.16566,-0.608,0.00431346437773208,-0.284042853115309,-0.22426085493872,0.571185750277843,0.0229,377060510,62673907712,18.180304,10.390476,0.44670054,-0.0108794197642792,-0.0108794197642792,-0.0504786771105309,-0.0777683854606932,-0.0990916597853014,0.00824931255728689,0.00824931255728689,0.00824931255728689,1091,,,,,1.74970848303774,Healthcare,
4574,"Taiko Pharmaceutical Co.,Ltd.",,,JP3442200006,0.14034,0.18605,0.21345,0.00413,-0.344,-0.0151972504482965,-0.427410749672266,-0.483444966432547,0.184634634855928,0.014,20017500,12577019904,18.248175,54.347828,0.47538006,0.00401606425702811,-0.00793650793650794,-0.0196078431372549,-0.0272373540856031,-0.0421455938697318,,,,250,,,,,0.335766408181022,Healthcare,
4577,"Daito Pharmaceutical Co.,Ltd.",,,JP3486150000,0.030050002,0.06241,0.06351,0.17556,0.352,0.155593646440407,0.0662920549114446,-0.0917978267225417,-0.155615417976952,0.0359,101104570,35409555456,11.65473,5.806302,0.68093497,-0.0157109190887667,-0.014937106918239,-0.0398467432950192,-0.0529100529100529,-0.02109375,0.11731843575419,0.11731843575419,0.11731843575419,1253,,,,,2.00725522027618,Healthcare,
4578,"Otsuka Holdings Co., Ltd.",,,JP3188220002,0.07002,0.15464,0.20536,0.05873,0.329,0.307451656348259,0.0147622374950188,-0.169930663074524,0.0117776325025229,0.0176,13847062700,5946449854464,14.74932,21.832506,1.8382308,-0.0113388573920628,-0.039406779661017,-0.0577722360764755,-0.0701394585726005,0.00265369305616984,0.640935156594618,-0.0295544772827525,0.273342126157918,11335,,,1.6,Buy,0.675566973392793,Healthcare,
4587,PeptiDream Inc.,,,JP3836750004,0.05572,0.21809,-0.31281,0.3231,,-0.247738503014138,-0.224145150034892,-0.260097004338726,0.0580353902980815,,746634420,136346075136,,9.351027,7.9996686,-0.00702247191011236,-0.0323905109489051,-0.00795135640785781,-0.0139470013947001,0.131562085133361,3.14898632720415,0.0372465818010372,1.45953163602074,1060.5,,,1.5,Strong Buy,,Healthcare,
4592,SanBio Company Limited,,,JP3336750009,-0.24965,0,0,0.09306,,-0.360700553983625,-0.395412695848813,-0.276894411980523,-0.189025856603444,,946838680,71954120704,,-22.5925,5.6767807,-0.0191489361702128,-0.0284510010537408,-0.00324324324324324,0.0165380374862183,0.0199115044247788,1.16919739696312,0.301518438177874,0.713665943600868,922,,,2.6,Hold,,Healthcare,
4612,"Nippon Paint Holdings Co., Ltd.",,,JP3749400002,0.04422,0.10151,0.14854,0.70361,0.076,-0.063937443734728,-0.251156935333525,-0.33869547432383,-0.152754646980613,0.0155,3656015780,2544448307200,17.420994,18.49292,1.2709895,-0.015702108568865,-0.0161434977578475,-0.0394045534150613,-0.037719298245614,-0.104124132298898,0.412944393801276,-0.0154968094804011,0.22399936189608,1097,,,2.4,Buy,0.942035871025236,Basic Materials,
4613,"Kansai Paint Co., Ltd.",,,JP3229400001,0.03771,0.04916,0.06647,0.6393,-0.239,0.159011744067053,0.00198345039658918,-0.0825728371342549,-0.0728221147277211,0.0412,2121946875,499473809408,18.939394,15.492454,1.6588106,0.00356824264049955,0.0016025641025641,0.000711617149973314,0.0041056765440914,-0.0115972588297312,0.386666666666667,-0.0293333333333333,0.103555555555556,2812.5,,,2.1,Buy,1.22249154330231,Basic Materials,
4617,"Chugoku Marine Paints, Ltd.",,,JP3522600000,0.080369994,0.08492,0.15028,0.15466,0.506,-0.0662967078961421,-0.532375657378408,-0.536592916393149,-0.358375636973684,0.029,471172650,171062558720,15.552345,19.408451,1.7662437,-0.00289435600578871,-0.0128939828080229,-0.0226950354609929,-0.0157142857142857,-0.0470262793914246,0.451378809869376,0.0740203193033382,0.262699564586357,3445,,,2.5,Buy,0.801318198963946,Basic Materials,
4626,"Taiyo Holdings Co., Ltd.",,,JP3449100001,0.11193,0.18709,0.26925,0.4248,0.616,0.339444693282872,-0.147952916297368,-0.229164562882335,-0.0676965654496695,0.0334,1474150400,525225918464,28.652948,17.386179,4.1581907,0.000211909302818394,0.00212314225053079,-0.000846740050804403,-0.00211416490486258,0.00425531914893617,0.0593220338983051,0.0593220338983051,0.0593220338983051,4720,,,3,Hold,1.64803019685924,Basic Materials,
4631,DIC Corporation,,,JP3493400000,0.03799,0.05031,0.08804,0.8188,1.573,-0.0360808511578575,0.0901121275558488,0.144324900069413,0.522645952432411,0.0347,3459737920,434852134912,7.7339725,14.068268,0.85644597,-0.00710441334768568,0.000868055555555556,-0.0502471169686985,-0.069035123132822,0.0723087654033946,0.517779705117086,-0.0676496097137901,0.225065047701648,4612,,,,,0.549745889117267,Basic Materials,
4633,Sakata INX Corporation,,,JP3314800008,0.04552,0.044099998,0.06562,0.2882,0.08,-0.277969199835489,-0.391573631543574,-0.423482554374738,-0.224026240850368,0.0394,317576200,123827888128,10.330663,9.372694,0.9820828,0.00355590675622284,0.0217216411906677,-0.0238278247501922,-0.0312738367658276,0.00793650793650794,-0.015748031496063,-0.015748031496063,-0.015748031496063,2540,,,,,1.10220850056558,Basic Materials,
4661,"Oriental Land Co., Ltd.",,,JP3198900007,,0.18807,0.26402,0.28924,0.502,-0.0693145310562827,-0.00880888259027891,-0.0689916029389713,-0.0991268258036802,0.0052,16167004200,5058525659136,41.49294,35.2773,4.484253,-0.0277340056728648,-0.0323086574654956,-0.0162627551020408,0.0273060273060273,0.0565068493150685,0.620745542949757,-0.257698541329011,0.0606424635332252,3085,,,,,1.17619375632489,Consumer Cyclical,
4665,"Duskin Co., Ltd.",,,JP3505900005,0.03243,0.051680002,0.07545,0.00002,0.534,0.0621995947145417,-0.249020248203788,-0.165904327128038,0.200645335170018,0.0328,435603800,215620616192,23.473938,22.199602,1.3799961,-0.0062920373182903,-0.0129310344827586,-0.0182207931404073,-0.0194819096553201,-0.00908697533535266,0.11353711790393,0.11353711790393,0.11353711790393,4580,,,,,1.05740355164926,Industrials,
4666,"PARK24 Co., Ltd.",,,JP3780100008,0.07828,0.102139995,0.11447,1.46116,0.358,0.0582076064749333,0.0275234772839215,0.0297387525497599,0.107454379412314,0.0333,2499373500,332925763584,8.912656,13.754673,2.8256202,-0.00332225913621262,-0.0151515151515152,-0.0327380952380952,-0.0288844621513944,-0.0367992096814028,0.487179487179487,0.302564102564103,0.42974358974359,1950,,,1.4,Strong Buy,0.647972947084965,Industrials,
4676,"Fuji Media Holdings, Inc.",,,JP3819400007,0.00865,0.02675,0.10767,1.17067,12.819,-0.17152029547722,-0.223493446960464,-0.205912013014502,-0.0855014403489747,0.0496,2096227760,574827266048,123.439415,24.476671,1.0655987,-0.0037046184243023,-0.0068931560807484,-0.0388372647128902,-0.0277175222945288,-0.0279518072289157,0.127912741695588,-0.107585523054041,0.0304081556767477,4034,,,,,5.04314557318681,Communication Services,
4680,Round One Corporation,,,JP3966800009,0.06379,0,0.1234,2.36902,-0.011,-0.219921800862201,-0.161721813639979,-0.0111712791213742,-0.0484453035682895,0.0153,2927084520,308481064960,18.55336,16.269238,3.5956783,-0.0412581699346405,-0.0204507512520868,-0.0962649210627647,-0.0828448612739351,-0.0596955128205128,0.363442692799318,0.235619940349382,0.290157648061355,1173.5,,,1.4,Strong Buy,1.14039514327592,Consumer Cyclical,
4681,"Resorttrust, Inc.",,,JP3974450003,0.03938,0.08592,0.13248,0.23894,0.786,-0.0328651316122116,0.142465983949964,-0.0552614609825861,0.209046808544964,0.0205,781144630,373098414080,17.857506,10.160181,2.2904685,-0.00340328984685196,-0.0211699164345404,-0.0276701715550636,-0.0367324561403509,-0.0494995942656208,0.365964712578258,0.109846328969835,0.240751280591918,1757,,,1.6,Buy,1.7575972317816,Consumer Cyclical,
4684,"OBIC Co.,Ltd.",,,JP3173400007,0.10511,0.56193,0.67745,,0.195,0.00571952038021297,0.0989468776051356,0.0406180577168675,-0.100463884567674,0.0192,11112051930,2106701381632,28.490742,30.577427,4.2790127,0.00143266475644699,-0.00224306688417618,-0.0371900826446281,-0.00609384521633151,0.0331503378378378,0.267116288575516,-0.0803188228080932,0.126779787451461,4893,,,1.6,Buy,0.931757338509875,Technology,
4686,JustSystems Corporation,,,JP3388450003,0.10583,0.29949,0.48924,,0.074,0.157831101190476,-0.299313893653516,-0.202827960798205,-0.0990128239283992,0.007,360686900,274235539456,18.181818,,2.2465253,0.0106508875739645,0.0118483412322275,-0.00233644859813084,0.0166666666666667,0.0440097799511002,,,,4270,,,,,,Technology,
4689,LY Corporation,,,JP3933800009,0.01741,0.09665,0.18263,0.61313,0.241,0.223894240506755,-0.0189354721306859,-0.136600423614767,0.464714049838787,0.0202,10654332632,3734313631744,19.533548,25.4155,1.242755,0.0343910557226751,0.0332130855476772,0.0250424120230644,0.0187125283104204,0.187609090856437,0.377663482733284,-0.136664217487142,0.0720340925789861,544.4,,,1.8,Buy,0.768568314611162,Consumer Cyclical,
4694,"BML, Inc.",,,JP3799700004,0.03738,0.051999997,0.07688,,0.107,-0.165340406719717,-0.00390178185607884,-0.21876216679212,-0.102638517002564,0.0352,210918150,133254201344,17.482174,23.923283,1.0483292,0.00282087447108604,-0.013869625520111,-0.0246913580246914,-0.0313351498637602,-0.0313351498637602,0.0689170182841069,0.0689170182841069,0.0689170182841069,3555,,,,,0.730759820882443,Healthcare,
4704,Trend Micro Incorporated,,,JP3637300009,0.08185001,0.12185001,0.083409995,,-0.356,0.146535186106233,0.165618924858423,0.00694879434401093,0.0765597571709819,0.0318,5766030960,754482872320,21.55198,19.484482,6.340726,0.0166142007694998,0.00258709899965505,-0.0470491803278689,0.00605745932848737,-0.137920806762569,0.548253913641837,-0.139858936865646,0.0952462583863754,5813,,,2.9,Hold,1.10610998023966,Technology,
4716,Oracle Corporation Japan,,,,0.16389999,0.22288,0.29045,,0.046,-0.238177735673274,-0.262713366015002,-0.342749653126251,-0.415140161251408,0.022,1986455800,1152777191424,18.148985,17.372913,5.6306796,0.00457895912441367,0.00144733912268982,-0.0322754168908015,-0.0198321891685736,-0.0179058849219347,1.06781545302946,-0.0327959977765425,0.32295719844358,8995,,,2.1,Buy,1.04467138009613,Technology,
4733,"OBIC Business Consultants Co., Ltd.",,,JP3173500004,0.072909996,0.35673,0.47553003,,0.197,0.128222378916181,-0.370230294695222,-0.445428696412948,-0.413891649578348,0.016,1360435670,609457537024,33.556854,33.593006,3.6128418,-0.00258366141732284,-0.0139868645098516,-0.051812865497076,-0.0449994110024738,-0.0278210816644682,0.406192179597878,-0.0378685086961885,0.188086591834217,8107,,,1.6,Buy,0.998923823607807,Technology,
4751,"CyberAgent, Inc.",,,JP3311400000,0.10414,0.04583,0.06498,0.32514,0.058,-0.0644143820742736,-0.0116567292602792,-0.0407087977450616,0.699740790838823,0.0162,5727250845,624492478464,15.338149,24.029268,2.9880042,-0.00323755564548766,-0.00444624090541633,-0.0471953578336557,-0.0310778914240755,-0.1982421875,0.786439301664637,0.0556232237109216,0.468229801055623,1231.5,,,1.6,Buy,0.638311121254297,Communication Services,
4755,"Rakuten Group, Inc.",,,,0.0032300001,-0.024330001,0.022650002,3.63838,,-0.269790945135696,-0.0583337973434806,-0.175752800110813,0.298393242899326,,11995217104,1562956267520,,-94.126144,1.7069881,-0.0100884132562696,-0.0267663043478261,-0.0505037422866663,-0.0143112866827205,-0.14492062843259,0.954488342873098,-0.197263716319978,0.310437944995114,716.3,,,2.5,Buy,,Consumer Cyclical,
4768,Otsuka Corporation,,,,0.07554,0.04848,0.071669996,0.01431,0.03,-0.108226891607883,-0.231082056375438,-0.305200049989354,-0.167474875601632,0.0298,4221216720,1337821757440,20,23.19984,3.2329748,0.0111779879621668,0.00455580865603645,-0.0344827586206897,-0.015625,0.0385634383279364,0.275510204081633,-0.129818594104308,0.0892084183673469,3528,,,2.1,Buy,0.862074910861454,Technology,
4776,"Cybozu, Inc.",,,JP3312100005,0.24851999,0.19067,0.28109,0.00165,0.135,-0.590369678728476,-0.42860183357366,-0.324423052717412,-0.223842780104529,0.017,651557120,132294623232,17.636812,47.05128,7.603322,-0.0147651006711409,-0.0213333333333333,-0.064968152866242,-0.0326194398682043,0.0680247362677337,0.362397820163488,0.362397820163488,0.362397820163488,2936,,,,,0.374842342227459,Technology,
4809,Paraca Inc.,,,JP3781700004,0.03881,0.104890004,0.15617,1.36015,-0.112,0.344017740147163,-0.102152214597629,-0.0834318890441889,0.0634533510023402,0.0361,30966820,20134121472,10.2041855,,0.9385662,-0.003996003996004,-0.0109126984126984,-0.0172498767865944,-0.0157946692991116,-0.0418068236424796,,,,1994,,,,,,Industrials,
4812,Dentsu Soken Inc.,,,JP3551530003,0.0925,0.10139,0.12835,0.02348,0.187,-0.00804701028194569,0.107742213136801,0.250497129079566,0.465834449820732,0.0157,4570511760,558019969024,31.745504,10.064775,5.294405,0,0.00210304942166141,0.00280603297088741,0.00210304942166141,0.0534266764922623,-0.0206365862189577,-0.0905911157747464,-0.055613850996852,2859,,,2.3,Buy,3.15411959035349,Technology,
4816,"Toei Animation Co.,Ltd.",,,JP3560200002,0.10394,0.26885998,0.33886,,0.154,0.00615774927123497,0.0817594433399602,0.0644414575866189,0.329127370900626,0.0144,1112216700,622132985856,24.814604,27.544096,3.6934564,0.0238735709482179,0.0133111480865225,-0.0224719101123596,0.00995024875621891,0.0153384461487162,0.280788177339901,-0.0804597701149425,0.0591133004926108,3045,,,2.1,Buy,0.900904643957093,Communication Services,
4819,"Digital Garage, Inc.",,,JP3549070005,-0.0034599998,0.0373,-0.06434,0.80516,,-0.104376877886901,-0.200467946796985,-0.307642487046632,-0.247085078534469,0.021,559119540,103198998528,81.29313,19.705908,1.4135408,-0.00222915737851092,0.0219178082191781,0.0181983621474067,0.0692785475394171,-0.0990338164251208,0.854334226988383,0.161751563896336,0.508042895442359,2238,,,1.3,Strong Buy,4.12531764585524,Technology,
4880,"CellSource Co., Ltd.",,,JP3423580004,,0.01909,0.07253,,-0.335,1.1983813229572,4.89765939061502,2.63571063092848,0.038289562260596,0.0157,30706080,6312554496,89.32584,17.61773,1.0533044,-0.0185185185185185,-0.0479041916167665,-0.0809248554913295,-0.0728862973760933,-0.0363636363636364,,,,318,,,0,Strong Buy,5.07022414351906,Healthcare,
4886,"ASKA Pharmaceutical Holdings Co.,Ltd.",,,JP3119660003,0.02984,0.068119995,0.040960003,0.15311,-0.572,-0.347803628249101,-0.4764755391899,-0.411010558069382,0.255022296790145,0.0324,108732000,58037415936,10.672247,11.966213,0.8185746,-0.00826446280991736,-0.0239234449760766,-0.00439238653001464,-0.0159189580318379,-0.0760869565217391,0.176470588235294,0.176470588235294,0.176470588235294,2040,,,,,0.891865037000428,Healthcare,
4887,"Sawai Group Holdings Co., Ltd.",,,JP3323040000,,0,0.095970005,0.66966,-0.503,0.182939850516075,0.246503519290928,0.353507225701137,0.183041411526438,0.0354,1061906340,182525034496,15.873255,9.233511,1.0274242,-0.0152647975077882,-0.00940144155437167,0.00126702565726956,0.00668789808917198,-0.0689248895434463,1.02467573552673,0.012337867763366,0.380716355583676,1580.5,,,2,Buy,1.71909201169523,Healthcare,
4901,FUJIFILM Holdings Corporation,,,JP3814000000,0.03541,0.075830005,0.061929997,0.28445,-0.3,-0.131002947057337,-0.211367540636918,-0.249631246408861,0.478358148029148,0.0233,13291160250,3857059151872,14.064544,10.79946,0.9890603,-0.00216584158415842,0.00875821082264623,-0.0265620283730758,-0.0361625821876868,-0.158183241973375,0.550387596899225,-0.00775193798449612,0.251282015503876,3225,,,1.9,Buy,1.30233770947807,Industrials,
4902,"Konica Minolta, Inc.",,,JP3300600008,0.028299998,0.02809,0.04165,0.70469,0.067,0.089965072745265,0.202743159365657,0.472887009929663,0.196960439775591,0.0302,2488414760,294236979200,9.165641,12.362957,0.534841,0.0122407134368343,0.0129295889160652,-0.0958238420653,-0.107212508316944,-0.138100737519932,0.343634531407457,-0.0762512596573732,0.112697346321801,595.4,,,2.8,Hold,0.741379347999027,Industrials,
4911,"Shiseido Company, Limited",,,,0.02131,-0.020539999,0.11083,0.51517,2.648,0.0219569860215285,-0.212669537356809,-0.340991038676284,-0.176630329691884,0.0176,8917935360,1360321314816,,27.456041,2.1367936,0.0222222222222222,0.0161194029850746,-0.0119013062409289,-0.0226815963250072,0.0130952380952381,0.292596944770858,-0.267332549941246,0.0477012338425382,3404,,,2.3,Buy,,Consumer Defensive,
4912,Lion Corporation,,,,0.04956,0.06558,0.1225,0.08876,0.188,-0.0715958196615288,-0.0889124074467563,-0.233762976381244,0.110498538949335,0.0196,1958172210,480628670464,16.693897,25.170265,1.4443705,-0.00401376146788991,-0.0395355266795687,-0.0500410172272354,-0.076063829787234,-0.00799543118218161,0.496833621185953,0.00748416810592976,0.222414104778353,1737,,,2.1,Buy,0.663238825654001,Consumer Defensive,
4914,Takasago International Corporation,,,JP3454400007,0.01879,0.04259,0.058480002,0.4006,0.145,0.222455118060723,-0.306079507026377,-0.0852288604482199,0.192063334028195,0.0407,219529070,124502450176,13.071962,5.457265,0.7918491,-0.00777000777000777,-0.00390015600624025,-0.0131375579598145,-0.0384036144578313,0.0501644736842105,,,,1277,,,,,2.3953320940068,Basic Materials,
4922,KOSE Holdings Corporation,,,JP3283650004,0.0226,0.040949997,0.06402,0.03541,1.93,0.104971392518375,-0.134429781914155,-0.129089136729837,0.0640756219310843,0.0251,1743637000,316383756288,23.202097,17.109098,1.1123508,0.00959797174936617,-0.0132743362831858,-0.0295909486510009,-0.0300974251913709,-0.0604988203572632,0.399103139013453,-0.210762331838565,-0.00200071748878932,5575,,,3.5,Underperform,1.35612625516553,Consumer Defensive,
4927,Pola Orbis Holdings Inc.,,,JP3855900001,0.055430003,0.06633,0.11545999,0.0002,0.223,-0.34813914073111,-0.149305856508809,-0.159787853871998,-0.0831610356323538,0.0388,629490680,296298250240,26.111546,25.04208,1.8316597,-0.00186358553857622,-0.0037202380952381,-0.0154411764705882,-0.0297101449275362,-0.0428877769835597,0.120238984316654,-0.215832710978342,-0.0304840926064227,1339,,,3.4,Hold,1.04270675598832,Consumer Defensive,
4928,"Noevir Holdings Co., Ltd.",,,JP3760450001,0.08482,0.12589,0.15285,0.01328,,-0.0994578852260566,-0.128103133418916,-0.263728697645189,0.221322083133803,0.0485,376924800,161900429312,19.960417,19.159256,3.1735213,-0.00105374077976818,-0.0145530145530146,-0.0145530145530146,-0.025693730729702,-0.0595238095238095,-0.0548523206751055,-0.0548523206751055,-0.0548523206751055,4740,,,,,1.04181587218209,Consumer Defensive,
4958,"T. Hasegawa Co., Ltd.",,,JP3768500005,0.03731,0.100559995,0.15209,,0.29,0.276623569624015,-0.150347402895534,-0.231460268641727,-0.0698647628093834,0.0308,152709700,131721723904,18.116346,16.901041,0.9757441,0.0062015503875969,0.00309119010819165,-0.013677811550152,-0.0181543116490166,-0.00916030534351145,0.186440677966102,0.186440677966102,0.186440677966102,3245,,,,,1.07190710915381,Basic Materials,
4971,MEC Company Ltd.,,,JP3920890005,0.07925,0.1445,0.15425,0.08569,-0.171,-0.177256692259805,-0.431922188724326,-0.388949226501243,0.524640657084189,0.0183,1601500600,109923803136,17.857143,31.051737,7.911798,-0.0195439739413681,-0.0147299509001637,-0.0368,-0.0579029733959311,-0.189771197846568,1.15946843853821,0.578073089700997,0.868770764119601,6020,,,1.5,Strong Buy,0.575077104382277,Basic Materials,
4975,JCU Corporation,,,JP3166200000,0.13377,0.30288,0.36546,0.00057,0.038,0.11510650181906,-0.191668219076006,-0.135385244849496,0.335471983876642,0.0313,796262400,141809614848,15.748031,20.335392,2.5284317,0.00699300699300699,0.0434782608695652,0.0549450549450549,0.032258064516129,0.0267379679144385,-0.131944444444444,-0.131944444444444,-0.131944444444444,5760,,,0,Strong Buy,0.774414921531879,Basic Materials,
4980,Dexerials Corporation,,,,,0.24971001,0.31594,0.1822,0.132,-0.0217419109656415,-0.393742957749788,-0.417369975406974,-0.146634456006478,0.0223,3463441200,479916556288,17.889479,18.726713,4.307474,0.0177619893428064,0.0307609282245008,-0.0125797001550922,-0.0188356164383562,-0.0864158163265306,0.884816753926702,0.396160558464223,0.611401919720768,2865,,,1.8,Buy,0.955291993848574,Technology,
4985,Earth Corporation,,,JP3100190002,0.030250002,0.0251,0.11261,0.1332,-0.08,-0.0377465992450681,-0.420804670090108,-0.341182177774461,-0.238442974539439,0.0279,242711700,102033801216,21.929617,32.263653,1.2593192,0,-0.00957446808510638,-0.0281837160751566,-0.0461065573770492,-0.0411946446961895,0.288936627282492,0.0526315789473684,0.189402040816327,4655,,,2,Buy,0.679700373668165,Consumer Defensive,
4996,"Kumiai Chemical Industry Co., Ltd.",,,JP3267600009,0.0195,0.00596,-0.07496,0.28327,,5.05638196920917,0.0407878662666404,0.014459627964974,-0.029687574653283,0.0362,407526210,79872753664,11.654069,6.5365276,0.5181869,-0.126482213438735,-0.123015873015873,-0.143410852713178,-0.151088348271447,-0.104054054054054,0.206636500754148,0.161387631975867,0.184012066365008,663,,,,,1.78291437184477,Basic Materials,
5011,"Nichireki Group Co., Ltd.",,,JP3665600007,0.0364,0.059320003,0.01012,0.23645,81.173,0.201512800620636,0.0963746223564955,0.0950478118238292,0.575005061070248,0.0395,148528710,64792997888,15.082466,12.871679,0.81933475,-0.00350109409190372,-0.0125758889852559,0.00220070422535211,-0.00131578947368421,0.00308370044052863,,,,2277,,,,,1.17175591467127,Industrials,
5013,Yushiro Inc.,,,JP3948400001,0.04403,0.08,0.09474,0.11849,-0.334,-0.388204795852236,-0.401240694789082,-0.348527016019549,-0.239479220187489,0.0432,126588250,36201017344,7.800204,,0.7487115,-0.0108543417366947,0.00212841433132316,-0.0231673582295989,-0.0197779319916725,-0.00176678445229682,,,,2825,,,,,,Basic Materials,
5016,JX Advanced Metals Corporation,,,JP3379550001,0.04144,0.14555,0.18646,0.62477,1.759,-0.312270219883938,-0.210456568223343,-0.0478159568034992,-0.296491926623159,0.0054,66618189600,3301832916992,32.78616,,5.3743105,-0.0306925498426023,-0.00831991411701557,0.0210002763194253,0.00956284153005465,0.106287425149701,0.867388362652233,0.0284167794316644,0.323902138024357,3695,,,1.7,Buy,,Technology,
5019,"Idemitsu Kosan Co.,Ltd.",,,JP3142500002,0.06471,0.04239,0.13534,1.36942,40.957,0.762115706553059,0.94522962953403,0.565056595818167,0.129995159077941,0.0218,10275230560,1975313104896,11.737056,12.523748,1.1996325,-0.00151469251741896,0.068049254698639,0.12108843537415,0.127222982216142,0.259457393962553,0.33495145631068,-0.350728155339806,-0.0672677184466019,1648,,,2.3,Buy,0.937183980386702,Energy,
5020,"ENEOS Holdings, Inc.",,,,0.054109998,0.05594,0.13121,0.57783,,0.771247810675038,0.724562569851472,0.327463396328072,0.0801716968769031,0.0236,14706284010,3827919749120,15.015109,14.48678,1.0248444,-0.0210597826086957,0.0340868317186939,0.0709773318468971,0.0713754646840149,0.105061349693252,0.290770298403886,-0.0631505898681471,0.126532546842471,1441,,,1.7,Buy,1.03646973309459,Energy,
5021,"Cosmo Energy Holdings Co., Ltd.",,,JP3298000005,0.07071,0.057350002,0.16665001,0.68065,,0.0194093469325621,0.353564360664607,0.0290504017531044,-0.0608039133349118,0.0365,2940673680,718204829696,9.980141,4.1644034,1.0609971,-0.00854888206926787,0.0198421645997745,0.0404876926616057,0.0602437880918894,0.134152457372116,0.156312182179969,-0.0647800132655317,0.0421733362812293,4523,,,2.1,Buy,2.39653559979324,Energy,
5032,ANYCOLOR Inc.,,,JP3164780003,0.36418,0.24007,0.38459998,,-0.089,0.863192487549719,2.26477385601734,0.931508105173798,-0.202295026149635,0.0199,2669648450,186747043840,13.495364,16.240875,6.4551425,-0.0385802469135802,0.0584437648657832,0.0421545667447307,0.0667808219178082,0.157562244518766,0.630818619582665,-0.0850722311396469,0.228250401284109,3115,,,1.8,Buy,0.830950549154525,Communication Services,
5074,"Tess Holdings Co.,Ltd.",,,JP3545270005,0.02106,0.04145,0.1259,1.77034,,-0.554681391866954,-0.683301914872507,-0.619694626132313,-0.42125355849182,0.0327,582759420,41396838400,19.494345,21.824953,0.7930676,-0.0249584026622296,-0.0134680134680135,-0.00340136054421769,-0.0698412698412698,-0.084375,,,,586,,,,,0.893213607378673,Utilities,
5076,INFRONEER Holdings Inc.,,,JP3153850007,0.02484,0.11647,0.04362,0.8887,8.098,-0.00567444825946301,-0.0130168991512035,-0.226448933358505,0.0645639499742322,0.0477,4106272640,700333293568,10.729513,29.443676,1.0630131,0.000723065798987708,0.00709477897034746,0.0105878057685287,-0.0286015090366731,0.0716221447928765,0.31864161849711,-0.51228323699422,-0.0400495664739884,2768,,,1.9,Buy,0.364408065079917,Industrials,
5101,"The Yokohama Rubber Company, Limited",,,,0.065809995,0.10998,0.24938999,0.54288,1.144,-0.0208713831549874,-0.206734957416498,-0.172312832999746,0.264774121959011,0.033,6463340200,1067003281408,7.4794054,12.959593,0.94910824,-0.00412249705535925,-0.00660889998531356,-0.0466525722339676,-0.0392045454545455,-0.120873407850273,0.434062684801892,0.108811354228267,0.277888379657008,6764,,,2,Buy,0.577132738659308,Consumer Cyclical,
5105,Toyo Tire Corporation,,,JP3610600003,0.07344,0.10025,0.11021,0.11166,-0.296,1.38634547030367,1.35113751433566,0.895461663282271,1.22770574978425,0.0379,7409893710,568766693376,9.523687,9.490401,1.0343988,0.0016273393002441,0.0467687074829932,0.0117808219178082,0.00271517784414879,-0.132487667371388,0.48930408881668,0.0289737340915245,0.229106688329272,3693,,,2.2,Buy,1.00350733335715,Consumer Cyclical,
5108,Bridgestone Corporation,,,,0.065560006,0.09019,0.12778,0.2344,2.101,0.356500383911769,0.161828893948151,-0.0352775214698471,-0.00431225682221164,0.0344,13877906640,4680908800000,19.15703,6.758159,1.2431499,-0.000264690312334569,-0.00526731630234396,-0.0464529159303206,-0.0783308931185944,-0.0674074074074074,0.217897802488748,-0.0998146677257082,0.0510987556261583,3777,,,2.8,Hold,2.83465215896815,Consumer Cyclical,
5110,"Sumitomo Rubber Industries, Ltd.",,,JP3404200002,0.04287,0.049310002,0.07266,0.4489,0.6,-0.0408204776927702,0.312474454482303,0.434869659409738,0.0916052242435964,0.0421,4758478065,524772835328,8.481668,10.703946,0.6957619,-0.00374251497005988,0.00579345088161209,-0.0488327775131015,-0.0756944444444444,-0.138325420802762,0.452541948409717,0.101928374655647,0.322314049586777,1996.5,,,1.6,Buy,0.792387031847881,Consumer Cyclical,
5121,FUJIKURA COMPOSITES Inc.,,,JP3811600000,0.06385,0.10022,0.15917,0.08551,0.094,-0.145568315941323,-0.243610208281247,-0.212628253377174,-0.0389789384878231,0.0323,169309000,48823930880,12.755347,,1.246329,-0.00672143390589993,0.00529100529100529,-0.00299850074962519,-0.00746268656716418,0.0835030549898167,,,,2660,,,,,,Consumer Cyclical,
5122,"Okamoto Industries, Inc.",,,JP3192800005,0.02836,0.055910002,0.052729998,0.02939,2.765,-0.368692629406333,-0.409048067860509,-0.336924960145753,1.02656868287168,0.0209,179593200,105159532544,21.977633,17.631025,0.9661831,0.00648298217179903,0.0247524752475248,-0.00480769230769231,-0.00956937799043062,0.0579216354344123,,,,6210,,,,,1.24653178133432,Basic Materials,
5185,"Fukoku Co.,Ltd.",,,JP3807000009,0.03408,0.0182,0.064899996,0.35488,1.297,-0.372464436248683,0.0479157420368032,-0.0311167119038387,0.673254908487835,0.051,93189630,27861618688,26.595165,7.5172677,0.6751876,0,-0.00101988781234064,-0.0273088381330685,-0.0316361838853188,0.0459156433529098,,,,1959,,,,,3.53787653458184,Consumer Cyclical,
5186,Nitta Corporation,,,JP3679850002,0.02256,0.15798001,0.08262,,0.529,0.087264595737802,-0.432224115190152,-0.324528675202804,-0.286626943265439,0.0258,314952000,181058928640,13.45895,17.386723,1.07454,0.0153846153846154,0.0045662100456621,-0.0178571428571429,-0.0075187969924812,0.0679611650485437,0.274242424242424,0.274242424242424,0.274242424242424,6600,,,1,Strong Buy,0.774093542526674,Industrials,
5192,Mitsuboshi Belting Ltd.,,,JP3904000001,0.04646,0.0837,0.13055,0.01716,0.289,0.416888157121016,-0.0388664656681579,-0.188617795048075,0.297491498153362,0.0457,276315000,117926535168,16.051212,16.893242,1.15607,0.015625,-0.0105386416861827,-0.0298507462686567,-0.043035107587769,0.0267314702308627,0.102958579881657,0.102958579881657,0.102958579881657,4225,,,3,Hold,0.950155807866838,Industrials,
5195,"Bando Chemical Industries, Ltd.",,,JP3779000003,0.051370002,0.08715,0.092489995,0.05247,0.063,2.04649180141522,-0.198109624262257,-0.243531510463513,-0.0103271873849552,0.0408,153958000,99299508224,9.550913,12.661499,1.0651414,0.0298444724674233,0.0272536687631027,-0.00608519269776876,-0.00366002440016267,0.012396694214876,0.0285714285714286,0.0285714285714286,0.0285714285714286,2450,,,3,Hold,0.754327193012455,Industrials,
5201,AGC Inc.,,,,0.03312,0.041950002,0.04343,0.38309,0.745,-0.0191620303675084,-0.169268161352637,-0.221934388852092,0.154703877014286,0.0379,7642333510,1176024383488,12.953259,13.414575,0.7695946,0.000903832248734635,0.0155906089508437,-0.00965837953854409,-0.020520077834778,-0.0733054393305439,0.450243814339895,0.011378002528445,0.176855698031425,5537,,,2.6,Hold,0.965610837465965,Industrials,
5202,"Nippon Sheet Glass Company, Limited",,,JP3686800008,0.017,0.0052,0.0366,3.01381,,-0.620065177122738,1.25658207206146,1.36328587895633,1.17100782448365,,1696652100,252060434432,16.155354,8.882111,0.4667491,0,0.00405679513184584,0.00814663951120163,0.00814663951120163,0.0269709543568465,0.212121212121212,0.0101010101010101,0.111111111111111,495,,,,,1.81886423171248,Consumer Cyclical,
5214,"Nippon Electric Glass Co., Ltd.",,,JP3733400000,0.02627,0.082600005,0.056550004,0.15702,,-0.231909662446856,0.00914140245313589,-0.0690255073155498,0.168409131940455,0.0333,3661476980,350257676288,14.08459,25.34037,0.7128389,-0.000832292967124428,0.0247545881348698,0.0139358108108108,0.0391690110365722,-0.0639376218323587,0.249479383590171,-0.00458142440649729,0.123837255310287,4802,,,2.3,Buy,0.555816272611647,Technology,
5233,Taiheiyo Cement Corporation,,,JP3449020001,0.031630002,0.02961,0.05165,0.73659,0.235,0.00141288252714716,-0.0128499751043702,-0.126208615083779,-0.196994506505692,0.0295,1848404760,442499497984,17.825476,6.9494834,0.6564778,0.000739280433711188,-0.0214457831325301,-0.0133624878522838,-0.0143203883495146,-0.0270723526593196,0.255848313223344,-0.0888943609948289,0.151604654026102,4061,,,2.5,Buy,2.56500735004274,Basic Materials,
5253,COVER Corporation,,,JP3218500001,0.14158,0.056420002,0.07388,,-0.396,-0.483240071267837,-0.303764496184896,-0.180861535441708,-0.303757413852827,,2015776000,102032506880,35.58719,12.925115,5.9966416,-0.0249847653869592,-0.0401919616076785,-0.0326481257557437,0,0.0349288486416559,0.625,-0.21875,0.24875,1600,,,2.6,Hold,2.75333643066232,Technology,
5288,Asia Pile Holdings Corporation,,,JP3389640008,0.0698,0.06878,0.109139994,0.37617,0.282,0.086623247008468,0.616920183097213,0.394103281809528,0.441138687544417,0.0487,294078440,54695452672,7.204495,13.019038,1.0090483,-0.0130584192439863,-0.0297297297297297,-0.0502645502645503,-0.0540184453227932,-0.0336473755047106,,,,1436,,,,,0.553381517128992,Basic Materials,
5301,"Tokai Carbon Co., Ltd.",,,JP3560800009,0.02616,0.05545,0.09519,0.60975,0.055,0.669806027801604,0.839079150760896,0.364305231370032,0.107771242527312,0.0201,4430992125,402142363648,22.371681,22.709095,1.2509362,-0.00625,0.0968543046357616,0.0923330585325639,0.0968543046357616,0.300719895287958,0.358490566037736,0.0566037735849057,0.182389937106918,1987.5,,,1,Strong Buy,0.985141900194614,Basic Materials,
5302,"Nippon Carbon Co., Ltd.",,,JP3690400001,0.035,0.1014,0.13948,0.16167,-0.449,-0.387752119263373,-0.435012669548368,-0.427475831620614,-0.0596136083743841,0.0396,278356000,53200961536,14.285714,11.167624,1.0017474,0.00597609561752988,0.0160965794768612,0.011011011011011,0.00198412698412698,0.0756123535676251,0.188118811881188,0.188118811881188,0.188118811881188,5050,,,2,Buy,1.27920800342132,Basic Materials,
5310,"Toyo Tanso Co., Ltd.",,,JP3616000000,0.02553,0.097849995,0.09656999,0.0546,-0.24,0.226819809069212,-0.175916262508441,-0.296287004515805,-0.231734535643538,0.0204,686399400,149111947264,33.44466,15.505735,1.5283657,-0.00280504908835905,0.0455882352941176,0.025974025974026,0.0533333333333333,0.171334431630972,0.434599156118144,-0.0154711673699015,0.207219831223629,7110,,,1.7,Buy,2.15692193888261,Industrials,
5332,TOTO LTD.,,,,0.04247,0.05519,0.04789,0.04541,0.125,-0.125129005427269,-0.271692910746355,-0.311915618272582,-0.147946299879638,0.0208,6256777400,949384249344,23.753292,23.656927,1.7718362,-0.00756403644490287,-0.00534114403859407,-0.0226849500592517,-0.0208616010854817,-0.140538931070418,0.922743807379179,0.021998960679023,0.360211328598649,5773,,,2,Buy,1.00407343692611,Industrials,
5333,NGK Corporation,,,JP3695200000,0.054619998,0.103819996,0.17721,0.28279,0.693,0.227276410920366,-0.16112118067108,-0.326076847017437,-0.214293930110798,0.0212,8036857050,1407697813504,24.271986,25.065155,1.738182,-0.0124407582938389,-0.00477611940298508,-0.0463386727688787,-0.0277993779160187,-0.0465204957102002,0.719656068786243,0.18376324735053,0.397149170165967,5001,,,1.9,Buy,0.968355711345092,Industrials,
5334,"Niterra Co., Ltd.",,,JP3738600000,0.07361,0.24330999,0.2013,0.28507,3.112,0.359303053153428,0.870030654236286,0.551153892848471,0.130082146897587,0.0146,10605399750,1402453753856,12.626174,14.854139,1.6597756,-0.00510908588787628,-0.0321063944116067,-0.0823993886907794,-0.0959849435382685,-0.190722228462316,0.845940319222762,-0.385843164469119,0.394656488549618,7205,,,2.3,Buy,0.850010492025152,Consumer Cyclical,
5384,Fujimi Incorporated,,,JP3820900003,0.085880004,0.14571,0.23612,0.19731,0.81,-0.0900287849172166,-0.342913964661713,-0.339582362117191,-0.133804007687163,0.0243,988472750,235531845632,25.973495,6.4854155,2.7667906,-0.0378787878787879,-0.0334855403348554,-0.0451127819548872,-0.0364188163884674,-0.113128491620112,0.732283464566929,0.0078740157480315,0.422362204724409,3175,,,2.4,Buy,4.00490839792763,Technology,
5393,Nichias Corporation,,,JP3660400007,,0,0.15479,0.04505,0.277,-0.0936870722356565,-0.122925457940363,-0.307655718005207,-0.0761012858188764,0.0182,1535092520,618730422272,19.880428,7.04367,2.5518727,-0.00483675937122128,0.00826952526799388,-0.00453583308134261,-0.00423472474289171,0.0329463445246313,0.306196840826245,0.184690157958688,0.251518833535845,3292,,,1.2,Strong Buy,2.82245306778994,Industrials,
5401,Nippon Steel Corporation,,,,0.021140002,0.02651,0.0448,0.90107,,-0.404935598641849,-0.1569302228136,-0.0420550906739278,0.208588859873539,0.035,31115404320,3587328180224,208.63223,1.2301517,0.6364856,-0.00608163297772211,0.0125386860596212,-0.00794916060123026,-0.00737527114967465,0.04,0.36946386946387,-0.315268065268065,0.0376197552447553,686.4,,,2.2,Buy,169.598782003878,Basic Materials,
5406,"Kobe Steel, Ltd.",,,JP3289800009,0.026349999,0.027509999,0.030840002,0.55392,,-0.182487829124082,-0.346410174325544,-0.323526287325685,-0.0404230043164421,0.0396,3642407880,799210536960,8.496238,7.3221984,0.6348199,-0.00418822370041882,0.00999500249875063,-0.00418822370041882,-0.00516859463450652,-0.0239072687756581,0.251855517070757,-0.193468579910935,0.0115219198416626,2021,,,3.1,Hold,1.16033976899615,Basic Materials,
5408,"Nakayama Steel Works, Ltd.",,,JP3646400006,0.01538,0.02229,0.01585,0.07564,0.766,-0.249893808679859,-0.473230002685205,-0.291953195388845,0.259615023826498,0.022,134444040,34480943104,14.005726,,0.31110725,0,-0.00625,-0.0421686746987952,-0.00313479623824451,-0.0304878048780488,,,,636,,,,,,Basic Materials,
5410,"Godo Steel, Ltd.",,,JP3307800007,0.01794,0.02987,0.00912,0.37788,-0.772,0.706297492578556,-0.336816766329786,-0.305852472198796,-0.133239542943417,0.0322,237479600,45479358464,5.649718,,0.32152283,-0.0048,0.0032258064516129,0.0032258064516129,0.00647249190938511,0.0753803596127248,,,,3110,,,,,,Basic Materials,
5411,"JFE Holdings, Inc.",,,JP3386030005,0.00773,0.02056,0.01129,0.85683,3.32,-0.20705667409393,-0.344975780339537,-0.262781525267882,0.511982248501496,0.044,19202619800,1157768151040,17.241379,5.726512,0.4392246,-0.00437636761487965,-0.00191938579654511,-0.00817438692098093,-0.0180739142163475,-0.0241286863270777,0.208791208791209,-0.120879120879121,0.0189255494505495,1820,,,3,Hold,3.01079941856404,Basic Materials,
5423,"Tokyo Steel Manufacturing Co., Ltd.",,,JP3579800008,0.00029999999,0.03635,-0.031630002,,-0.492,0.283361849898251,-0.347731532781707,-0.33089012044867,-0.109882251618724,0.0234,582513700,173323026432,15.150977,9.115195,0.8001722,0.011262596324837,0.0124629080118694,0.00293944738389183,-0.0144425187752744,-0.0312322544009086,0.172332942555686,-0.208675263774912,-0.0230559202813599,1706,,,,,1.66216707377078,Basic Materials,
5440,Kyoei Steel Ltd.,,,JP3247400009,0.02769,0.02767,0.03907,0.39072,-0.288,-0.1906126381986,-0.502567112578852,-0.504574472277319,0.105684173965897,0.0357,335948910,85135958016,8.628056,7.82911,0.4028598,-0.00910470409711684,-0.013595166163142,-0.037819253438114,-0.0586256607400288,-0.0292368681863231,0.0974987238386932,-0.0811638591117917,-0.00459418070444104,1959,,,,,1.10204812552129,Basic Materials,
5444,"Yamato Kogyo Co., Ltd.",,,JP3940400009,0.0028799998,0.42876998,-0.01138,0.0008,1.149,-0.0198109272904212,-0.341954295467476,-0.273808942990267,0.277773858752577,0.0327,1631332500,731966996480,11.961722,13.90418,1.3384442,0.0103092783505155,0.0182876142975894,-0.00930044480388192,-0.0128928283642224,-0.0871833084947839,0.2,0.110204081632653,0.153061224489796,12250,,,,,0.860296831600281,Basic Materials,
5445,"Tokyo Tekko Co., Ltd.",,,JP3584600005,0.08489,0.099309996,0.12663001,0.15018,-0.318,0.0817913731721851,-0.41108355946477,-0.4147351652728,-0.137273962357497,0.0495,184729920,50623016960,6.406235,7.84329,0.8030078,0.00647088103534097,0.00297619047619048,-0.0236600676001931,-0.0208232445520581,0.0290076335877863,,,,2022,,,,,0.81677905572789,Basic Materials,
5449,"Osaka Steel Co., Ltd.",,,JP3184600009,0.00014,-0.21049999,-0.00865,0.10114,,-0.40227944280287,-0.560222888984141,-0.413663259817106,-0.0377231264867294,0.014,62166000,77788200960,,,0.6395639,0.0104935872522347,0.0196078431372549,-0.0053557765876052,-0.0384615384615385,-0.0760483297796731,,,,2600,,,,,,Basic Materials,
5451,"Yodoko, Ltd.",,,JP3959400007,0.02791,0.091239996,0.07482,,0.101,0.041789920611299,-0.308480523601252,-0.386944342220474,-0.151709728341109,0.0438,351025500,202554851328,11.751018,,1.0268364,0.00855920114122682,0.011444921316166,-0.00422535211267606,-0.0166898470097357,0.00426136363636364,,,,1414,,,,,,Basic Materials,
5461,"Chubu Steel Plate Co., Ltd.",,,JP3524600008,0.00205,0.01506,-0.020599999,,,0.021485397699441,-0.373215487924874,-0.36154464790724,0.0209771272237422,0.0529,224580650,56509919232,45.252224,6.786395,0.7826783,0.00187705302674801,0.00281822451855331,-0.000935891436593355,-0.012031466913466,-0.00466200466200466,,,,2135,,,,,6.66807988630193,Basic Materials,
5463,Maruichi Steel Tube Ltd.,,,JP3871200006,0.05144,0.11225,0.14155,0.01202,0.361,-0.245541323183818,-0.353886917561531,-0.315884246277343,-0.0270881511608305,0.0303,1455265865,378955071488,14.556479,6.2169504,1.0787497,-0.00751662330153224,-0.00694243563783627,-0.0199828718241507,-0.00837666088965916,-0.0372966909702748,0.165161666181183,0.077774541217594,0.116613224584911,1716.5,,,,,2.34141790804701,Basic Materials,
5464,Mory Industries Inc.,,,JP3924000007,0.03991,0.07935,0.115550004,0.03325,0.107,1.02684618523052,0.0914174362450225,0.118635842230654,0.0703796366800826,0.0372,23087640,34710278144,10.341706,,0.58930975,-0.0108225108225108,-0.0182599355531686,-0.0338266384778013,-0.0255863539445629,-0.0469238790406674,,,,914,,,,,,Basic Materials,
5471,"Daido Steel Co., Ltd.",,,JP3491000000,0.03427,0.058819998,0.08019,0.39527,0.455,-0.147067248763961,-0.344461131837291,-0.181966317300832,-0.30451162601943,0.0225,2237850630,462261846016,14.306037,15.727204,0.95477945,-0.0277427490542245,-0.0085726532361766,0.0191672174487773,0.0388502133393218,0.0790762771168649,0.383484651967142,-0.502810203199308,0.109381755296152,2313,,,2.2,Buy,0.909636385463049,Basic Materials,
5480,"Nippon Yakin Kogyo Co., Ltd.",,,JP3752600001,0.03499,0.051939998,0.1112,0.78185,0.403,0.0245069130463272,-0.366850495668483,-0.391579043404877,0.132506815772202,0.0418,327382400,72870739968,10.121419,4.4120116,0.7098362,-0.0149812734082397,-0.0186567164179104,-0.0277264325323475,-0.0366300366300366,0.0436507936507937,-0.0304182509505703,-0.0304182509505703,-0.0304182509505703,5260,,,,,2.29405992495577,Basic Materials,
5482,Aichi Steel Corporation,,,JP3103600007,0.027880002,0.03491,0.053489998,0.27275,-0.026,-0.00561797752808988,0.119284346805158,0.104535459043431,0.00849229677364802,0.0231,549330250,200128774144,18.24839,7.664862,0.8456101,0,-0.0280811232449298,-0.0474006116207951,-0.0341085271317829,-0.021978021978022,,,,3115,,,,,2.380785198742,Basic Materials,
5541,"Pacific Metals Co., Ltd.",,,JP3448000004,-0.02735,0.51537,-0.35951,,,0.00362198795180726,1.02775066745175,0.32907015153392,0.336742564923007,0.0494,647137800,45729284096,18.0174,-64.14634,0.7410473,-0.0362770245511176,0.0358408822371012,0.0237446477228494,0.0213592233009709,0.105506515342581,,,,2630,,,,,-0.280879626179763,Basic Materials,
5563,"Nippon Denko Co., Ltd.",,,JP3734600004,0.05534,-0.02231,0.16795,0.21642,,-0.256361207519731,-0.504361149640334,-0.484220839172188,0.029874953656507,0.0408,254791170,52073984000,,9.084967,0.7610489,-0.0211267605633803,-0.0188235294117647,-0.0522727272727273,-0.0501138952164009,0.0399002493765586,,,,417,,,,,,Basic Materials,
5602,"Kurimoto,Ltd.",,,JP3270800000,0.03662,0.05723,0.06323,0.19212,0.464,-0.194420782340649,-0.255706685783278,-0.147912531320165,0.65600341634382,0.0371,401355570,96435666944,14.641434,,1.0377605,-0.0164233576642336,-0.0235507246376812,-0.0426287744227354,-0.0636942675159236,0.0652173913043478,,,,1617,,,,,,Basic Materials,
5631,"The Japan Steel Works, Ltd.",,,JP3721400004,0.03951,0.07831,0.100839995,0.39917,0.354,0.81546986622211,0.350870900904409,0.158184599261298,-0.149305692173311,0.0132,7123988880,512772669440,26.667177,25.019753,2.3985515,0.0190169689877121,-0.0119148936170213,-0.0461454196905381,-0.0134541849596374,-0.0558416915153158,0.787252368647718,0.536032156187195,0.660924490381855,6966,,,1,Strong Buy,1.06584493460027,Industrials,
5632,"Mitsubishi Steel Mfg. Co., Ltd.",,,JP3900800008,0.024319999,0.02484,0.03451,0.80254,,0.815305230015743,0.124454545454546,0.127876826406238,0.532417385057471,0.045,274655550,34914631680,11.428431,8.457875,0.71610934,-0.0207803223070399,0.0275923453493547,-0.00559862187769165,-0.0207803223070399,0.0804866635470286,,,,2309,,,,,1.35121777042106,Basic Materials,
5659,"Nippon Seisen Co.,Ltd.",,,JP3721800005,0.0374,0.052010003,0.0664,0.01359,1.013,-0.431831056125802,-0.395932156327371,-0.36403560760514,-0.358399657691621,0.0339,64138800,41646583808,19.379734,2.4110951,0.97855973,-0.0166787527193619,-0.0116618075801749,-0.0328102710413695,-0.0265613783201723,0.0319634703196347,,,,1356,,,,,8.03773107083167,Industrials,
5698,Envipro Holdings Inc.,,,JP3169750001,0.06008,0.05454,0.08902001,0.35372,4.081,-0.010554419924075,-0.473253738953093,-0.408786135718885,0.595277380398627,0.0308,112212100,20381587456,8.733357,13.490566,1.068325,-0.0245566166439291,-0.0178571428571429,-0.0324763193504736,-0.065359477124183,-0.0466666666666667,,,,715,,,,,0.647367723489141,Industrials,
5702,"Daiki Aluminium Industry Co., Ltd.",,,JP3480600000,,0,0.03835,1.11859,2.577,0.0203404454765278,-0.253390066735534,-0.324171034544418,0.365856797493217,0.052,468512460,68499603456,18.90357,8.922681,0.8735846,-0.0209276018099548,-0.0275280898876405,-0.0653347732181425,-0.0802337938363443,0.195441988950276,,,,1731,,,,,2.11859753811663,Basic Materials,
5703,"Nippon Light Metal Holdings Company, Ltd.",,,JP3700200003,0.0353,0,0.06357,0.63837,,0.0306523941961495,-0.188422628121622,-0.208880060192205,-0.0597352982081681,0.0378,703978000,179168657408,11.481234,11.886083,0.7070364,-0.0225134408602151,-0.00716723549488055,-0.0335548172757475,-0.0351575456053068,0.123599845500193,0.100034376074252,-0.0718459951873496,0.0312822275696116,2909,,,3,Hold,0.965939241716552,Basic Materials,
5706,"Mitsui Kinzoku Company, Limited",,,,0.13044,0.14418,0.10431,0.2779,,0.182328550630655,0.21979121883061,0.0268288278725125,0.225562593762931,0.0012,36244174400,1329729241088,14.556023,38.638027,3.1500306,-0.0592997368953653,-0.0668540453724152,-0.0934269553345036,-0.117691723614275,-0.142277172910131,1.96471600688468,0.376936316695353,1.1566265060241,23240,,,1.3,Strong Buy,0.376727905904719,Industrials,
5707,"Toho Zinc Co., Ltd.",,,JP3599000001,0.04517,0.047399998,-0.00804,4.07473,,0.0315791603848995,-0.164588898783022,-0.0862513151150558,2.14655701225574,,748881960,36935712768,6.9492254,-13.165761,0.9612132,-0.036779324055666,-0.0261306532663317,-0.0434353405725568,-0.0434353405725568,0.191881918819188,,,,969,,,,,-0.527825577268188,Basic Materials,
5711,Mitsubishi Materials Corporation,,,JP3903000002,0.022030002,0.04773,0.05527,0.889,,-0.000912423992493619,-0.116413314214992,-0.120735671590092,1.04601175615216,0.0231,13736877480,656262103040,16.18121,14.940648,0.8469584,-0.0443387250237869,-0.0166438222048169,-0.039954119671191,-0.0604303086997194,0.264668849156384,0.284348864994026,-0.103942652329749,0.0931899641577061,5022,,,,,1.0830326770298,Basic Materials,
5713,"Sumitomo Metal Mining Co., Ltd.",,,JP3402600005,0.04837,0.12449,0.16359,0.30335,2.257,0.0791284555765151,-0.219267904225698,-0.273199453050062,0.311957491425991,0.0219,26429062800,2546337579008,14.59863,23.323414,1.1955113,-0.0692836113837095,-0.0289751203030613,-0.0586600496277916,-0.0549078226208271,0.276446837146703,0.982285955293125,-0.0984816533108393,0.234842893293969,9484,,,2.4,Buy,0.625921659667834,Basic Materials,
5714,"Dowa Holdings Co., Ltd.",,,JP3638600001,0.04519,0.094799995,0.097670004,0.24034,2.689,-0.080936117762613,-0.0072262543389081,-0.176063777306765,0.343511660143011,0.038,4427306650,525532430336,8.460213,18.382124,1.1412165,-0.0408075137644392,-0.0128874569492279,-0.0398746488005187,-0.0536798381084248,0.112015018773467,0.429375351716376,-0.0354530106921778,0.161990545863815,8885,,,2.9,Hold,0.460241319229486,Basic Materials,
5715,"Furukawa Co.,Ltd.",,,JP3826800009,0.027780002,0.06473,0.06476,0.47203,0.775,0.140313394448541,-0.258099873118369,-0.248590173771415,0.402966473864105,0.0198,1054288800,128510115840,10.515234,31.429682,0.8152811,-0.0515826494724502,-0.0322966507177034,-0.0459905660377358,-0.0448642266824085,0.198518518518519,,,,4045,,,,,0.334563805004454,Basic Materials,
5726,"OSAKA Titanium technologies Co.,Ltd.",,,JP3407200009,0.036530003,0.06704,0.101110004,1.15203,3.041,-0.131197843945839,1.02743029389601,0.39200363538842,0.439391539007703,0.0052,1620154800,109933961216,35.84178,6.8937106,2.0701528,-0.0137524557956778,-0.054257724189902,-0.0778839088905217,-0.0772058823529412,-0.0342439399769142,0.593625498007968,0.0756972111553785,0.334661354581673,2510,,,,,5.19919997802055,Basic Materials,
5741,UACJ Corporation,,,JP3826900007,0.06785,0.05663,0.14137,0.99322,26.346,0.0824532683333247,-0.349214020853802,-0.351199736095914,0.0996579901468736,0.0323,1648167320,391833747456,Infinity,3.8791792,1.0286081,-0.0295964125560538,-0.0212573496155586,-0.0339285714285714,-0.0309001343484102,-0.0295964125560538,0.871534195933457,0.247689463955638,0.479513262476895,2164,,,2.2,Buy,,Basic Materials,
5757,"CK SAN-ETSU Co., Ltd.",,,JP3325100000,0.105299994,0.020179998,0.11457,0.38439,-0.146,-0.222183160485147,-0.0954842219804134,-0.0213707399736396,-0.13970735173302,0.0208,40404000,39751106560,11.123445,,0.7094484,0.00104058272632674,-0.016359918200409,-0.060546875,-0.0623781676413255,-0.0531496062992126,,,,4810,,,,,,Industrials,
5801,"Furukawa Electric Co., Ltd.",,,JP3827200001,0.048010003,0.064959995,0.06971,0.77557,3.319,-0.129959662539848,0.103301858809571,-0.120967966805607,0.341729778574643,0.0055,85449617160,2800619356160,38.609253,13.423928,6.409111,-0.0106858846918489,0.0859247135842881,0.035639958376691,0.0610341151385928,0.433303330333033,1.63752825923135,-0.231348907309721,0.554885707108767,3981,,,1.8,Buy,2.8761516748302,Industrials,
5802,"Sumitomo Electric Industries, Ltd.",,,JP3407400005,0.05909,0.075729996,0.07294,0.25197,0.891,-0.358500033486456,-0.0818244062277856,-0.217637860339211,0.0171299578348821,0.0188,34612354950,6481133961216,17.54349,9.399177,2.2861502,-0.0161022969452996,0.00313858039594399,-0.0260196905766526,-0.0361864996520529,-0.0151694714387296,1.5511432009627,0.25150421179302,0.699813959085439,2077.5,,,1.5,Buy,1.86649214074807,Consumer Cyclical,
5803,Fujikura Ltd.,,,JP3811000003,0.16904,0.15669,0.26076,0.18072,,-0.245378308241764,-0.165439580389706,-0.273726938005722,0.301439263976503,0.0076,195336647360,8248700174336,52.353928,16.450932,13.557347,-0.0435784219619889,-0.0198701554200275,-0.0140510587769642,-0.0212180746561886,0.339247311827957,1.34845443596949,-0.297470895222802,0.478991067844239,4982,,,1.8,Buy,3.18242929944638,Industrials,
5805,SWCC Corporation,,,JP3368400002,0.097449996,0.07339,0.11468001,0.41418,0.884,-0.379003518500381,-0.225950432410471,-0.39554853780931,0.0352624587636086,0.005,3992688000,402944786432,21.367521,31.572838,3.9842703,-0.0194664744051911,-0.000734753857457752,-0.0101892285298399,0.0164424514200299,0.287878787878788,0.470588235294118,0.198529411764706,0.311764705882353,13600,,,1.2,Strong Buy,0.676769095005017,Industrials,
5821,Hirakawa Hewtech Corp.,,,JP3795080005,0.05604,0.040149998,0.107370004,0.10469,0.022,-0.141471301535974,-0.430516999697661,-0.406307977736549,0.0876651226625493,0.019,137271600,47569457152,28.900642,20.468227,1.0723094,-0.0129032258064516,0.0099009900990099,0.0016366612111293,0.00327868852459016,0.0278804165267047,,,,3060,,,,,1.41197583943153,Industrials,
5830,"Iyogin Holdings, Inc.",,,JP3149700001,0.00727,0.31601998,0.49783,,-0.191,0.346145121378935,0.164461446955769,0.0682424261651408,0.0131058806093031,0.021,3980316960,1091317661696,15.037831,26.703989,1.1869274,-0.00365535248041775,-0.000523834468308015,-0.0312261995430312,-0.0412060301507538,0.0632488158261354,0.00890985324947589,-0.213836477987421,-0.102463312368973,3816,,,3,Hold,0.563130512074432,Financial Services,
5831,"Shizuoka Financial Group,Inc.",,,JP3351500008,0.0062800003,0.26049,0.41554,,0.481,0.386189118961685,0.291699236011548,0.0426627877949958,0.105366545822181,0.0304,7252384850,1858744745984,21.186087,28.392101,1.4740776,0.00452616690240453,-0.00308815272318922,-0.0326886406973577,-0.0241824677109096,0.12373417721519,0.202478175161926,-0.267811883976345,0.0258679808504646,3551,,,1.9,Buy,0.746196521349371,Financial Services,
5832,"Chugin Financial Group,Inc.",,,JP3520700000,0.00386,0.20126,0.22551,,0.413,0.541371403670772,0.275732086045516,0.136534043999124,-0.111891350436466,0.0291,1339740280,623603941376,15.74789,23.591124,0.92640173,-0.00397501419647927,0.0203606748109366,-0.00735710243350311,-0.00425773488504116,0.0601390148080991,-0.144811858608894,-0.176168757126568,-0.160490307867731,3508,,,,,0.667534535446467,Financial Services,
5838,"Rakuten Bank, Ltd.",,,JP3967220009,0.00479,0.37164003,0.51132,,0.245,0.164294790904366,-0.0655723494819634,-0.135237043668245,0.0857033383442874,,6836108760,1116169306112,15.290462,21.362011,2.8356593,-0.0270763614237907,-0.0194695692166181,-0.0393511565034545,0.017175572519084,0.204066265060241,0.203877423389619,-0.157285803627267,0.0133565822388994,6396,,,2.3,Buy,0.715778210206895,Financial Services,
5844,"Kyoto Financial Group,Inc.",,,JP3252200005,0.00861,0.31151,0.52307,,0.584,0.374450615876108,0.237531871494136,-0.00775046285826697,-0.109687202114541,0.0228,4428933300,1349267619840,14.204377,34.615383,0.98226357,-0.0159411404046597,-0.00103734439834025,-0.029429550493852,-0.0175474392981024,0.0764587525150905,0.163032191069574,-0.0861889927310488,0.0228452751817238,4815,,,,,0.410348688038494,Financial Services,
5851,Ryobi Limited,,,JP3975800008,0.02099,0.03447,0.01922,0.35047,-0.507,0.370944753187316,-0.0905073539333424,-0.098187911046706,0.102988033703887,0.0411,363892040,83563479040,7.8308043,8.950596,0.4451093,-0.0109186746987952,-0.0284763313609467,-0.0450745183569611,-0.0519667989895345,0.026171875,,,,2627,,,0,Strong Buy,0.874891940156834,Industrials,
5857,"ARE Holdings, Inc.",,,JP3116700000,0.04581,0.046690002,0.059520002,1.12971,1.314,-0.280857723928641,-0.337650547721358,-0.301092587236057,0.247603909886073,0.038,2319566400,305532764160,12.3764105,19.88255,1.3584064,-0.0456375838926175,-0.0326530612244898,-0.0669291338582677,-0.0582781456953642,0.190157348510211,0.80028129395218,0.80028129395218,0.80028129395218,3555,,,,,0.622476015400439,Industrials,
5901,"Toyo Seikan Group Holdings, Ltd.",,,JP3613400005,0.02922,0.0543,0.07598,0.28114,-0.039,0.832223430279968,0.157396211205159,0.0405443434911956,0.141974547853171,0.0412,1406096930,680193753088,12.484453,-43.22488,0.9582976,0.00155210643015521,0.00199645075421473,-0.00220896841175171,-0.00703451307979776,0.10009741841208,,,,4517,,,,,-0.288825625426838,Consumer Cyclical,
5911,Yokogawa Bridge Holdings Corp.,,,JP3955200005,0.03665,0.0552,0.027520001,0.43093,-0.418,0.077575777942066,-0.0938420997884955,-0.00743573114269757,-0.0216582567876517,0.044,290328750,117447041024,13.532079,9.125158,0.881036,0.004418762746431,-0.00605449041372351,-0.0107130900569133,-0.00672268907563025,-0.00471539238800943,-0.0829103214890017,-0.0829103214890017,-0.0829103214890017,2955,,,,,1.48294188440354,Industrials,
5929,Sanwa Holdings Corporation,,,JP3344400001,0.09222,0.08693,0.04188,0.12574,-0.316,0.543875695451692,0.158510485512899,-0.00551406045516933,0.129683001618685,0.0392,2243331090,701303685120,11.961773,14.648684,2.0769181,-0.00970588235294118,-0.0407407407407407,-0.060284677644432,-0.0573908174692049,-0.146514575411914,0.722601722601723,0.0692010692010692,0.323772794772795,3367,,,2.3,Buy,0.816576628999574,Industrials,
5930,"Bunka Shutter Co., Ltd.",,,JP3831600006,0.04774,0.0523,-0.00223,0.12298,,0.106835428288448,-0.291233150721739,-0.329124849151429,0.635510202494332,0.0396,187715320,131392552960,10.427599,24.676355,1.1232915,0.00322234156820623,-0.013727560718057,-0.0204509701101206,-0.0194225721784777,-0.0483953132959755,,,,1868,,,,,0.422574525289493,Industrials,
5938,LIXIL Corporation,,,JP3626800001,0.01129,0.00364,0.00465,1.07898,,0.365001842008315,-0.159479913043768,-0.221663267453619,0.0444425592024888,0.0524,3338191400,493797277696,60.607132,21.353065,0.75584924,-0.00579038795599305,-0.0157638291774147,-0.0235996588001137,-0.0235996588001137,-0.0896076352067869,0.28130460104834,-0.0681421083284799,0.0956610366919045,1717,,,,,2.83833407522527,Industrials,
5943,Noritz Corporation,,,JP3759400009,0.01265,0.03521,0.0032300001,0.0519,,0.0625865862602884,-0.128747795414462,-0.199302546191493,0.0678048132808518,0.0423,191805560,101275680768,14.1844425,32.01672,0.7110037,-0.0111308993766696,-0.0211546936976642,-0.0372778500216732,-0.0679815358791439,-0.0863842040312629,-0.144529491220171,-0.144529491220171,-0.144529491220171,2221,,,,,0.443032343725403,Industrials,
5946,"Chofu Seisakusho Co., Ltd.",,,JP3527800001,0.00927,0.06522,0.0023,0.00021,,-0.174950057509535,-0.234661527941816,-0.371861284604997,-0.469160720546569,0.023,99289620,68036915200,22.422682,16.30807,0.48673248,-0.00596125186289121,-0.0267509727626459,-0.0666977611940299,-0.0574658502119642,-0.0627634660421546,,,,2001,,,,,1.3749439387984,Consumer Cyclical,
5947,Rinnai Corporation,,,JP3977400005,0.05098,0.07538,0.080749996,0.02055,0.036,0.382034164539564,-0.126672670150711,-0.162956308910066,0.00114844826253907,0.0309,1085919120,473854935040,13.210162,15.037462,1.0821569,-0.0075187969924812,-0.0169006015468347,-0.0418760469011725,-0.0540242557883131,-0.0840672538030424,0.456876456876457,0.194638694638695,0.270032051282051,3432,,,2,Buy,0.878483483449534,Consumer Cyclical,
5949,Unipres Corporation,,,JP3952550006,0.027390001,-0.02908,0.03635,0.28212,-0.549,0.24832244103954,0.495479641131815,0.163911641635353,0.166285449031082,0.0547,222047190,57297522688,,7.719701,0.43283466,0.00708661417322835,-0.0206738131699847,-0.0525925925925926,-0.0532938564026647,-0.046234153616704,-0.218139171227522,-0.218139171227522,-0.218139171227522,1279,,,5,Sell,,Consumer Cyclical,
5959,"Okabe Co., Ltd.",,,JP3192000002,0.03063,0.04236,0.07058,0.10487,-0.033,-0.259296001094653,-0.132010292925376,-0.252119026149684,-0.170341320324581,0.0344,73851300,41030848512,12.092055,11.084624,0.6512614,-0.00107411385606874,-0.00958466453674121,-0.023109243697479,-0.0241343126967471,0.0119695321001088,,,,930,,,,,1.09088544636246,Industrials,
5970,G-Tekt Corporation,,,JP3236750000,0.03227,0.0436,0.05767,0.24181,0.857,0.0438448066019533,0.0295501730103806,0.0382079688397931,0.0461561266653079,0.0447,236798420,93930815488,6.9783716,7.8779173,0.4127049,0.00919963201471941,0.00966405890473999,-0.0309187279151943,-0.0489813610749892,0.000912408759124088,-0.143117593436645,-0.143117593436645,-0.143117593436645,2194,,,,,0.8858142747957,Consumer Cyclical,
5975,Topre Corporation,,,JP3598200008,0.05094,0.05899,0.0675,0.17169,2.292,0.111910023916927,-0.328357168311616,-0.194934944237918,1.11018869361564,0.0307,454300350,157443538944,8.688109,8.938624,0.636138,0.0171875,0.0108695652173913,-0.0686695278969957,-0.0468521229868228,0.175090252707581,0.321044546850999,0.321044546850999,0.321044546850999,3255,,,1,Strong Buy,0.971973874278636,Consumer Cyclical,
5976,"Neturen Co., Ltd.",,,JP3288200003,0.01749,0.030380001,0.0461,0.17384,3.404,-0.0356398314482147,-0.0995332768994943,-0.179200940070505,0.385231283305279,0.0498,103389000,46119763968,36.359066,18.538462,0.8099479,-0.00823045267489712,-0.0156569094622192,-0.0301810865191147,-0.0353569046030687,0.0328571428571429,,,,1446,,,,,1.96127737025865,Basic Materials,
5988,"PIOLAX, Inc.",,,JP3780400002,0.0086900005,-0.00037999998,0.017,0.36714,0.115,-0.19366342348285,-0.236316301909156,-0.190258436285852,0.0298020337040561,0.0549,142712700,40435302400,,12.533632,0.62945133,0.0078125,0.00841852074564041,-0.00945067926757236,-0.00769230769230769,-0.0378657487091222,-0.105545617173524,-0.105545617173524,-0.105545617173524,1677,,,,,,Consumer Cyclical,
5991,"NHK Spring Co., Ltd.",,,JP3742600004,0.04212,0.041550003,0.066420004,0.12699,0.755,-0.053645209506746,-0.389922532348962,-0.334198689874758,-0.321092068976824,0.0218,2160141390,668766830592,24.03874,17.39199,1.4746397,-0.00870870870870871,0.0122661760196259,-0.00781484821160204,0.00456482045039562,-0.0116766467065868,0.454104816722205,0.27234171463193,0.361708573159649,3301,,,1.8,Buy,1.3821730578272,Consumer Cyclical,
5992,"Chuo Spring Co.,Ltd.",,,JP3517800003,0.00985,0.108950004,0.00087,0.26156,-0.333,-0.452821687380318,-0.384522439585731,-0.549451295176051,-0.307231845803636,0.0245,76849800,92572229632,7.457076,50.831028,1.0692791,0.00273224043715847,0.00136425648021828,-0.00542005420054201,-0.00271739130434783,-0.00944669365721997,,,,3670,,,,,0.146703230160917,Consumer Cyclical,
6013,"Takuma Co., Ltd.",,,JP3462600002,0.06219,0.08708,0.08106,0.00209,1.548,0.191622346835484,-0.0798674749753278,-0.169002385414892,-0.0921612125530869,0.037,595211400,209947295744,15.79801,23.432238,1.916151,-0.0138373270334121,-0.0145025295109612,-0.0292358803986711,-0.00949152542372881,-0.119879518072289,0.437371663244353,-0.212867898699521,0.163586584531143,2922,,,2.5,Buy,0.674199792610505,Industrials,
6016,Japan Engine Corporation,,,JP3291000002,0.012309999,0.037920002,0.06992,0.57704,0.276,-0.113774108486463,0.084827378649125,-0.0406740610553988,0.0910899650594536,0.0092,1290286200,90794573824,19.084038,,13.624749,-0.0304386750223814,-0.0516637478108581,-0.0364768683274021,0.0236294896030246,0.208705357142857,,,,10830,,,,,,Industrials,
6036,"KeePer Technical Laboratory Co., Ltd.",,,JP3236320002,0.14813,0.37867,0.248,0.05171,0.055,0.412644119907763,0.651658896237667,0.609544934172868,0.554128369378382,0.0284,683865600,96064724992,9.775063,15.128723,3.828709,-0.0356164383561644,-0.0194986072423398,-0.00424328147100424,0.055472263868066,0.247342310418143,0.326704545454545,0.326704545454545,0.326704545454545,3520,,,2,Buy,0.646126113882844,Basic Materials,
6055,"JAPAN MATERIAL Co., Ltd.",,,JP3389680004,0.14579001,0.19389,0.29692,0.00214,0.551,-0.295962516576301,-0.362386974289668,-0.23994730082813,-0.347890402969672,0.0168,1183603680,214592454656,20.242365,19.821531,3.4094748,-0.0408819476343592,-0.0491803278688525,-0.0279329608938547,-0.00807600950118765,0.0341753343239227,0.532567049808429,0.149425287356322,0.245210727969349,2088,,,,,1.02123115515144,Industrials,
6058,Vector Inc.,,,JP3835500004,0.13976,0.09601,0.18735,0.3144,1.587,0.0421593413826508,0.0438066412400714,0.120764869729017,-0.163179088215013,0.0191,1269018800,88180350976,17.271475,17.005878,3.9585364,-0.00370959194488606,-0.067922657411998,-0.0697674418604651,-0.0228690228690229,0.0508664058133035,,,,1880,,,,,1.01561795280432,Communication Services,
6088,SIGMAXYZ Holdings Inc.,,,JP3348950001,,0.16112,0.21858,0.39273,-0.184,-0.102402206011246,0.205153385873251,0.0809595924704479,0.192058895275743,0.0469,241998280,44600520704,11.628883,4.6270776,3.4560416,0.00180831826401447,-0.0018018018018018,0.0146520146520147,0.0146520146520147,-0.0962479608482871,0.191335740072202,0.155234657039711,0.173285198555957,554,,,2,Buy,2.51322411363924,Industrials,
6098,"Recruit Holdings Co., Ltd.",,,JP3970300004,0.17828,0.14974,0.24433,0.10003,0.737,0.144355542822297,0.278894503876348,-0.000179526701940935,0.0522292399400423,0.0017,72764750000,21527479189504,44.642857,51.21766,12.15917,-0.0220820189274448,-0.0121096239643085,-0.0452725592854943,-0.0522775909507796,0.200154858691444,0.387096774193548,-0.225806451612903,0.153629032258065,15500,,,1.4,Strong Buy,0.871630156473373,Communication Services,
6103,Okuma Corporation,,,,0.03551,0.06633,0.08477,0.09472,2.629,0.0331247106431866,-0.11625563511005,-0.0873929404708791,-0.0604498155348767,0.0277,2027652400,252095840256,20.833334,15.652677,1.0096748,0.00580720092915215,0.00231481481481481,-0.0647948164146868,-0.0462555066079295,-0.101659751037344,0.362586605080831,-0.122401847575058,0.0817551963048499,4330,,,2.8,Hold,1.33097578133121,Industrials,
6113,"Amada Co., Ltd.",,,,,0.07236,0.074149996,0.1489,1.082,0.387168166762864,0.115788420054587,-0.0647929212170699,-0.00763087701972889,0.0274,5181531375,714907451392,23.697811,18.239607,1.356924,-0.0168173218414967,-0.0244055068836045,-0.0677695834163843,-0.046871815773385,-0.107613050944476,0.620697028009408,0.0690613641223006,0.343351935001069,2338.5,,,1.9,Buy,1.29925008800902,Industrials,
6135,"Makino Milling Machine Co., Ltd.",,,JP3862800004,0.045500003,0.0922,0.1088,0.19934,3.539,-0.247323841197256,-0.400437723836053,-0.421080063899494,0.12359914571875,0.0049,1941472800,339561185280,16.23373,26.554958,1.2714169,-0.00136986301369863,-0.0181818181818182,-0.0520156046814044,-0.0476812540822992,0.0355113636363636,0.481481481481481,0.378600823045268,0.430041152263374,14580,,,1,Strong Buy,0.611325764476826,Industrials,
6146,Disco Corporation,,,,0.18101,0.31645,0.42685002,,0.435,-0.142956057020389,-0.0687596651342241,-0.159873969043289,-0.140313054920699,0.0105,74114643400,5638152257536,41.666664,38.19419,9.684735,-0.0298618887644644,-0.0354425681944702,-0.0455380095482923,-0.057821279680986,0.00212068633121265,1.02000769526741,0.212004617160446,0.599268949595998,51980,,,1.8,Buy,1.09091628857688,Technology,
6178,"Japan Post Holdings Co., Ltd.",,,JP3752900005,0.00287,0.03766,0.1033,,0.978,-0.171911456257936,-0.312776990840399,-0.319326610272111,-0.0754086591937168,0.0243,15597956880,6751215157248,19.120266,19.83451,0.6794529,0.0150051387461459,0.0098159509202454,-0.0173134328358209,-0.0190703218116806,0.020669698222406,0.202916160388821,-0.372215471850952,0.00192385581206966,2469,,,,,0.963989833880444,Financial Services,
6196,"Strike Group Co., Ltd.",,,JP3399780000,0.1892,0.24104,0.38709,,0.397,-0.0683933097283547,-0.043591625275804,0.0774771440016633,0.62275088223767,0.0466,788822780,80305954816,16.61106,3.9165006,3.745409,-0.00357398141529664,0,-0.00499643112062812,0.0130813953488372,0.00504686373467916,0.0760401721664275,0.0760401721664275,0.0760401721664275,1394,,,2,Buy,4.24130153331267,Financial Services,
6200,"Insource Co., Ltd.",,,JP3152670000,0.24851,0.27887,0.37449002,,0.128,-0.370344380708947,-0.373000347898267,-0.393441613508677,-0.338273020626039,0.0423,260392230,56688910336,13.9651375,12.109103,4.336762,-0.0085348506401138,-0.026536312849162,-0.0529891304347826,-0.0359612724757953,-0.0948051948051948,0.578192252510761,-0.139167862266858,0.219512195121951,697,,,,,1.15327596932655,Consumer Defensive,
6238,FURYU Corporation,,,JP3826770004,0.08248,0.04882,0.08934,,0.471,0.605954896084115,0.248217857326017,0.217041929618141,0.0649117559078672,0.0279,159718920,37981986816,18.415306,12.8759985,1.6338193,0.0279569892473118,0.0119971771347918,0.0027972027972028,0.00490539593552908,0.0242857142857143,0.255230125523013,0.255230125523013,0.255230125523013,1434,,,,,1.43020411193742,Consumer Cyclical,
6247,"Hisaka Works, Ltd.",,,JP3784200002,0.026600001,0.08161,0.07825,0.07122,0.524,0.984982114222277,0.483065144043602,0.192026071512349,0.10562613430127,0.0337,109526340,43674189824,12.755337,32.536728,0.68145096,-0.0206367924528302,-0.015411973918198,-0.0229411764705882,-0.0459506031016657,0.0387742338961851,,,,1661,,,,,0.392028878871901,Industrials,
6250,Yamabiko Corporation,,,JP3943000004,0.0444,0.0396,0.042379998,0.34623,,1.19497359486986,0.247424371677932,0.297473253293887,0.381031445522101,0.0256,701973300,176196239360,9.514653,13.101034,3.4321494,0.0165289256198347,-0.00116009280742459,-0.0496688741721854,-0.0193621867881549,0.134387351778656,,,,4305,,,0,Strong Buy,0.726252065294999,Industrials,
6258,Hirata Corporation,,,JP3795300007,0.04993,0.0765,0.14944,0.27253,1.257,-0.120546412321725,-0.208870167139533,0.10621367916189,0.326776702731874,0.0217,1077055500,105658564608,17.390865,5.657871,1.3495895,-0.0226628895184136,-0.0376569037656904,-0.00144717800289436,0.0147058823529412,0.289719626168224,0.0173913043478261,-0.0956521739130435,-0.0391304347826087,3450,,,,,3.0737471745114,Industrials,
6268,Nabtesco Corporation,,,JP3651210001,0.03595,0.07006,0.09052,0.19435,1.201,-0.11045075485817,-0.0261560186367117,-0.100630153334298,-0.11499027570866,0.0185,4422200720,520196554752,26.178257,41.1383,1.8253752,-0.0131198576828997,0.0232879870878487,-0.00426295714606237,0.0261271676300578,0.0232879870878487,0.532221721496169,-0.202343397926994,0.239071653898152,4438,,,2.4,Buy,0.636347564192006,Industrials,
6269,"MODEC, Inc.",,,,0.05821,0.08823,0.095319994,0.25077,0.574,0.328745352286608,-0.219678791288807,-0.0600262433316124,0.164881729678239,0.0222,6052825450,614756581376,9.090909,24.723085,2.2986796,-0.0414535379369139,-0.0482488625542271,-0.041555673947789,-0.0244034707158351,-0.11248149975333,0.8899388549194,0.300722623679822,0.50639244024458,8995,,,1.5,Strong Buy,0.367709329155322,Energy,
6272,"Rheon Automatic Machinery Co., Ltd.",,,JP3979400003,0.062179998,0.09511,0.07216,0.03235,0.384,0.201258823229621,-0.289900493614354,-0.269382497383464,0.0858664995299279,0.0401,93669940,40330526720,10.373242,9.406593,0.929788,0.00334896182183523,-0.00133333333333333,-0.0310478654592497,-0.0322997416020672,-0.0221932114882507,,,,1498,,,,,1.10276292383438,Industrials,
6273,SMC Corporation,,,JP3162600005,0.061479997,0.21955,0.27302998,0.00232,0.979,0.0420194309507287,-0.114106745693382,-0.211799504723471,0.0304941956855849,0.0147,17639808000,4258486026240,25.839813,20.760738,1.9888544,0.00709219858156028,0.0382330540746382,0.0151921358355675,0.0249624060150376,0.030229746070133,0.467136150234742,0.151701877934272,0.293336854460094,68160,,,1.7,Buy,1.24464809487986,Industrials,
6287,Sato Corporation,,,JP3321400008,0.050679997,0.03767,0.076869994,0.25779,1.096,-0.265588734878052,-0.203025658113962,-0.210660716244379,0.546553564795035,0.0306,270785190,84993064960,16.666666,11.147612,0.96232176,-0.0102272727272727,-0.0268156424581006,-0.0657847693957812,-0.0684491978609626,0.0452,0.0715652506697283,0.0715652506697283,0.0715652506697283,2613,,,2,Buy,1.49508845481884,Industrials,
6289,Giken Ltd.,,,JP3264200001,0.04567,0.08805,0.05486,0.01423,,-0.099796723663757,-0.28096650811553,-0.149790502793296,0.00805650626381978,0.029,123700670,47206203392,27.855112,18.80938,1.2063015,-0.00746666666666667,0.00757985923118571,-0.00799573560767591,0.0152755046372068,-0.0229947529899946,0.0209564750134336,0.0209564750134336,0.0209564750134336,1861,,,2,Buy,1.48091601105406,Industrials,
6301,Komatsu Ltd.,,,JP3304200003,0.057579998,0.08939,0.14528,0.46667,0.082,0.343673888385752,-0.161537565106119,-0.214310591127711,-0.219072639343949,0.0267,19629019940,6321350901760,17.18233,12.8064,1.8041034,-0.0372174854513466,-0.0373477672530447,-0.0505805418390498,-0.0386486486486487,0.00380979257795964,0.353668822041046,-0.297160528535283,-0.0296982007309531,7114,,,2.8,Hold,1.34169868190905,Industrials,
6302,"Sumitomo Heavy Industries, Ltd.",,,JP3405400007,0.03254,0.03602,0.08061,0.38419,1.415,0.0601088182193495,-0.231785027252325,-0.213564025562019,0.267205922676172,0.0262,4510486980,655391391744,16.313396,16.535007,0.9351063,-0.0151488148280164,-0.0109182029711831,-0.0521440823327616,0.00490998363338789,0.0799296462771155,0.284835323923272,0.0857763300760043,0.182289811798769,5526,,,2.3,Buy,0.986597465607363,Industrials,
6305,"Hitachi Construction Machinery Co., Ltd.",,,JP3787000003,0.0551,0.06297,0.13722,0.58427,1.485,-0.211901906455482,-0.296870713707438,-0.273892972863972,1.50484169916293,0.0337,8020997690,1197445087232,16.366436,13.109756,1.3017795,-0.00844921668720296,-0.0203478260869565,-0.0575539568345324,-0.0311317509459924,0.00625223294033583,0.635007988638381,-0.236641221374046,0.100878750221907,5633,,,2.5,Buy,1.24841652277891,Industrials,
6306,"Nikko Co., Ltd.",,,JP3669200002,0.03329,0.05293,0.02326,0.21229,,-0.109517892297167,-0.479748077169138,-0.35546875,-0.0293745474091272,0.0427,94368000,37879881728,14.9256,,1.0233082,0.00408580183861083,-0.00203045685279188,-0.0218905472636816,-0.0189620758483034,-0.016016016016016,,,,983,,,,,,Industrials,
6309,"Tomoe Engineering Co., Ltd.",,,JP3631600008,0.06032,0.06926,0.1309,,0.291,-0.0715875074036722,-0.361432078559738,-0.287392029095318,-0.242085148139859,0.038,184003820,58841714688,14.53463,5.2573533,1.3428049,-0.00546448087431694,0.001,-0.0243664717348928,-0.0257907542579075,0.0553505535055351,,,,2002,,,,,2.76462873438618,Industrials,
6310,"Iseki & Co., Ltd.",,,JP3139600005,0.01563,0.01386,0.058909997,0.74737,-0.079,-0.28899288338203,-0.276888938614157,0.175464224143603,0.817554188344694,0.0243,329066530,41847906304,16.155527,13.364655,0.53257877,0.0021680216802168,-0.0278654048370137,-0.101991257892181,-0.0537359263050154,0.00927947598253275,,,,1849,,,,,1.20882484433755,Industrials,
6315,TOWA Corporation,,,JP3555700008,0.05978,0.10852,0.13668,0.27262,,-0.0545626751592861,-0.293311586159599,-0.362824799907742,-0.00175398801655525,0.0113,6702789720,158767005696,34.60343,10.953515,2.1021469,-0.0477047704770477,-0.0324645633287609,-0.0433996383363472,-0.0351117191062472,-0.0922350922350922,0.890359168241966,0.228733459357278,0.559546313799622,2116,,,,,3.15911650278472,Technology,
6323,Rorze Corporation,,,JP3982200002,0.10873,0.16545,0.27497998,0.15139,0.583,-0.334633547541286,-0.477445286602362,-0.536089941178746,-0.368900297145728,0.0058,4082912880,600767528960,31.646263,25.200056,4.396559,-0.0506988215949575,-0.0522571819425445,-0.0762666666666667,-0.0924810060256746,0.0170287727539636,0.789838337182448,0.212471131639723,0.551674364896074,3464,,,1,Strong Buy,1.25580129663204,Technology,
6324,Harmonic Drive Systems Inc.,,,JP3765150002,0.02424,0.04654,0.11043,0.20752,,0.386747867679739,-0.403839380824487,-0.386363334877279,-0.32938102233929,0.0035,6596547000,548120723456,344.8481,76.49623,6.7349076,-0.0317725752508361,0.0157894736842105,0.0104712041884817,0.0883458646616541,0.0527272727272727,0.899827288428325,-0.430051813471503,0.335233160621762,5790,,,1.8,Buy,4.50804046160183,Industrials,
6326,Kubota Corporation,,,JP3266400005,0.03751,0.082320005,0.15623,0.74229,0.983,0.218796414016599,-0.101447072657606,0.0304208203797154,0.671500678752139,0.0187,16343640610,3134750195712,11.80638,14.139823,1.1216505,-0.00411522633744856,-0.0023301666965406,-0.0741849634065203,-0.0570896154497713,-0.00358037952022914,0.451670858785483,-0.191519942508085,0.153431548688466,2783,,,2.1,Buy,0.834973676827497,Industrials,
6328,"Ebara Jitsugyo Co.,Ltd.",,,JP3165950001,0.08663,0.11113,0.049289998,0.04419,-0.324,-0.136849194619572,-0.356646834886079,-0.241931504145282,1.16182977875224,0.033,167513600,53519892480,11.806204,7.7785373,1.6419568,-0.0185424752048297,-0.0420875420875421,-0.0465018852115626,-0.0420875420875421,-0.0449013848090642,,,,2276,,,,,1.51779229753131,Industrials,
6330,Toyo Engineering Corporation,,,JP3607800004,-0.04447,-0.06948,0.039890002,1.13597,4.284,1.50152194107631,1.73527205718942,1.716850619092,2.09700514972414,0.0091,23048364960,160322568192,,24.169613,3.441211,-0.0362803804156393,0.00810611643330877,0.105008077544427,0.0948379351740696,0.446853516657853,-0.269005847953216,-0.269005847953216,-0.269005847953216,2736,,,,,,Industrials,
6331,"Mitsubishi Kakoki Kaisha, Ltd.",,,JP3896000001,0.09192,0.0954,0.10762999,0.08893,0.665,0.00944155252469445,-0.360207540437678,-0.255913758749298,-0.112946587673429,0.0369,475034700,74152443904,9.8231535,8.854733,1.6486782,-0.0076219512195122,0.00618238021638331,0.015600624024961,0.0300632911392405,0.0466237942122187,0.228878648233487,0.228878648233487,0.228878648233487,3255,,,,,1.10936755518207,Industrials,
6332,"Tsukishima Holdings Co., Ltd.",,,JP3532200007,0.03458,0.10915,0.01781,0.14138,-0.087,0.127500195480491,0.0796610994789892,0.126213961829995,-0.0631512530777166,0.033,284942440,105695666176,6.4682646,23.310043,1.0934725,-0.0114814814814815,-0.0252008765522279,-0.0426829268292683,-0.0319187522669568,-0.00817539947974731,,,,2669,,,0,Strong Buy,0.277488316945619,Industrials,
6333,Teikoku Corporation,,,JP3541800003,0.07172,0.1362,0.1314,,-0.322,0.0737788764811184,0.283394949000045,-0.0112161915204679,0.26718006572816,0.0385,128556400,52572356608,12.902984,14.375524,1.6864128,0.00439238653001464,0.0208333333333333,0.00882352941176471,0.0346907993966818,0.0409711684370258,,,,3430,,,,,0.897566168718441,Industrials,
6339,"Sintokogio,Ltd.",,,JP3378200004,0.01133,-0.09032,0.02775,0.39127,2.657,0.931329104319058,0.652837095790116,0.51300495266332,0.104736036187147,0.0416,173746650,60656488448,,,0.5269685,0.00347523892267593,0.00347523892267593,-0.0358931552587646,-0.0375,0.0122699386503067,,,,1155,,,,,,Industrials,
6340,Shibuya Corporation,,,JP3356000004,0.04903,0.07538,0.124069996,0.02341,0.547,-0.146322434215193,-0.0106781153676795,-0.204224295325513,1.19042269843852,0.0251,351359400,143311290368,14.025398,12.462408,1.2034672,-0.0189393939393939,0.0058252427184466,-0.0152091254752852,-0.0152091254752852,0.210280373831776,-0.27027027027027,-0.27027027027027,-0.27027027027027,5180,,,3,Hold,1.12541637218104,Industrials,
6345,Aichi Corporation,,,JP3103200006,0.054959998,0.11565,0.03285,,1.177,-0.111673847282061,-0.275000881243611,-0.176048725983143,0.651264060071705,0.0454,343966400,92448964608,14.224695,16.635687,1.2402897,-0.0117322291235335,-0.00831024930747923,-0.0278343516632722,-0.0103662750518314,-0.00555555555555556,,,,1432,,,,,0.855071089038884,Industrials,
6349,Komori Corporation,,,JP3305800009,0.03257,0.06267,0.02329,0.0827,0.229,-0.0567504305966524,-0.335645721103438,-0.262542809812754,0.158345653984466,0.0514,297774180,103313104896,14.005178,43.557045,0.82592887,0.00568181818181818,-0.0211161387631976,-0.0284431137724551,-0.0303784860557769,0.0077639751552795,,,,1947,,,,,0.32153645868309,Industrials,
6361,Ebara Corporation,,,JP3166000004,0.04178,0.04546,0.074200004,0.39549,0.359,-0.0104370175072552,-0.260044038525439,-0.266208791208791,-0.0772872455696414,0.0155,13434662510,1934047182848,24.69186,27.779957,1.5457356,-0.0150742115027829,-0.0341141687514214,-0.0426059513074842,-0.0259174311926606,-0.142539874823339,0.883682599481987,0.036025429715093,0.487253119849305,4247,,,1.7,Buy,0.888837228941715,Industrials,
6363,"Torishima Pump Mfg. Co., Ltd.",,,JP3636600003,0.03091,0.085209996,0.07113,0.53402,,-0.172650323539847,-0.10020914121389,-0.0852658702272195,-0.109011060507482,0.024,569713440,74528530432,12.626511,12.32376,1.2084922,-0.00491918482080112,-0.0173490631505899,-0.0528428093645485,-0.00596700596700597,0.0702947845804989,0.264124293785311,0.264124293785311,0.264124293785311,2832,,,1,Strong Buy,1.02456644725311,Industrials,
6364,Airman Corporation,,,JP3841400009,0.07592,0.11208,0.17733,0.16027,0.668,-0.068097662578107,-0.447548460661346,-0.531365295255569,0.48382710053424,0.0424,139190880,65409052672,11.975989,11.174863,1.4396526,-0.00203334688897926,-0.00446247464503043,-0.0223107569721116,-0.0116794200563834,0.034134007585335,,,,2454,,,,,1.07169000640097,Industrials,
6366,Chiyoda Corporation,,,JP3528600004,0.11951999,0.17093,0.05435,0.03618,2.478,-0.225701165252861,-0.402835111536403,-0.389249767485719,-0.3799697514068,,1232292600,179614138368,8.5397415,11.838059,2.8037837,-0.0211864406779661,-0.0280504908835905,0,-0.0225669957686883,0.0965189873417722,0.443001443001443,-0.134199134199134,0.09187113997114,693,,,2.7,Hold,0.721380211063317,Industrials,
6367,"Daikin Industries,Ltd.",,,JP3481800005,0.04779,0.05238,0.09151,0.39478,,-0.0597280099877618,-0.10948465998212,-0.225205294472472,0.158425686797863,0.0173,24920415000,5783824629760,22.1238,20.9846,1.9327044,-0.00335731414868106,0.0156402737047898,0.0136585365853659,0.000481463649494463,-0.120981387478849,0.385948026948989,-0.230028873917228,0.161605004812319,20780,,,2.6,Hold,1.05428742982949,Industrials,
6368,Organo Corporation,,,JP3201600008,0.11316,0.15515,0.15677,0.26333,-0.057,0.0217935233516035,-0.00656449224903158,-0.196819360414866,0.0895850514736729,0.011,2580266500,554087284736,19.493021,26.579905,3.9051309,-0.0211210398050366,-0.0293999194522755,-0.054160125588697,-0.0352281825460368,-0.10641453466815,0.775933609958506,0.659751037344398,0.717842323651452,12050,,,1,Strong Buy,0.733374366838407,Industrials,
6369,Toyo Kanetsu K.K.,,,JP3554400006,0.01868,0.026519999,-0.02695,0.45241,,1.06088018752683,-0.229808083548081,-0.339891528121378,-0.202438773596889,0.047,215654400,35031674880,14.224924,9.223493,0.92092013,-0.0476190476190476,-0.0421612771182972,-0.0374331550802139,-0.0398030365203119,-0.0298507462686567,,,,2340,,,0,Strong Buy,1.54224912405745,Industrials,
6370,Kurita Water Industries Ltd.,,,JP3270000007,0.0733,0.06003,0.14308,0.34042,1.593,0.231934870083284,0.137559401203432,0.0433166655480233,0.282573019166296,0.0182,4255043560,793294209024,20.366632,21.945478,2.392436,-0.0127328776303445,-0.0177356980930791,-0.0596195582790757,-0.0438733125649014,-0.0995110024449878,0.629106706489275,0.221830029866956,0.402389356502851,7366,,,1.5,Strong Buy,0.928055975814243,Industrials,
6371,Tsubakimoto Chain Co.,,,JP3535400000,0.03551,0.09368,0.06072,0.18586,-0.044,0.401736515327901,0.387987954381289,0.0102186930486853,0.0517669774272961,0.03,478054800,269078577152,9.0091305,13.524216,0.9134722,0.00870882241575161,0.0152439024390244,-0.0144284128745838,-0.00149925037481259,0.0075642965204236,-0.211711711711712,-0.211711711711712,-0.211711711711712,2664,,,,,0.666148078380292,Industrials,
6376,"Nikkiso Co., Ltd.",,,JP3668000007,0.033350002,0.07264,0.084589995,0.65071,0.943,-0.188000310390316,-0.313122033865979,-0.320948950044461,0.297694690759821,0.0183,1588762200,213704916992,12.674418,26.73753,1.2428607,-0.0325443786982249,-0.039647577092511,-0.0670470756062768,-0.0991735537190083,-0.0723404255319149,0.406727828746177,0.0152905198776758,0.211009174311927,3270,,,1.5,Strong Buy,0.474030996879667,Industrials,
6379,RAIZNEXT Corporation,,,JP3331600001,0.08271,0.059860002,0.03165,0.06148,0.32,0.638095990363444,0.131655939145699,0.00367090082740939,0.505479623824451,0.0267,534653400,157777149952,15.105646,21.595274,1.7878226,-0.00374787052810903,-0.0161507402422611,-0.0084774499830451,-0.0138279932546374,0.0898248229593738,,,,2924,,,,,0.699488508457915,Industrials,
6381,ANEST IWATA Corporation,,,JP3122450004,0.05155,0.097320005,0.090150006,0.01924,0.271,-0.0110583359313393,-0.269354474664259,-0.0925263425410044,0.0931267289826591,0.0469,158991000,72366268416,13.793104,14.15849,1.4675028,-0.0126315789473684,-0.0389344262295082,-0.057286432160804,-0.0344827586206897,0.0422222222222222,,,,1876,,,,,0.974193151953351,Industrials,
6383,"Daifuku Co., Ltd.",,,JP3497400006,,0.12123,0.16624,0.09056,0.138,0.00259710278755699,-0.274371533667499,-0.216962000057898,0.325680878665026,0.0166,9297162500,2018714845184,25.062323,37.801144,4.027998,-0.0207431457431457,-0.0209197475202885,-0.0409821586292175,-0.0230340111570992,-0.0425044091710758,0.713022656106097,-0.00534168355129858,0.388969312948978,5429,,,1.6,Buy,0.663004352460867,Industrials,
6387,SAMCO Inc.,,,JP3322950001,0.093389995,0.20013,0.29537,0.07106,1.453,0.277371569651505,-0.314544099056757,-0.199547814436443,-0.0476494935911478,0.0094,670792800,64419364864,37.174377,37.9017,4.397952,-0.0619883040935673,-0.0619883040935673,-0.0360576923076923,-0.023142509135201,0.0881953867028494,,,,8020,,,,,0.980810280277666,Technology,
6395,Tadano Ltd.,,,JP3465000002,0.03401,0.06736,0.112320006,0.62686,13.94,-0.287006112676872,-0.390041256985366,-0.440479625809175,-0.054514962012835,0.0254,487299600,169518923776,6.7249694,14.313222,0.77976984,-0.0147275405007364,-0.0176211453744493,-0.0623686054660126,-0.0219298245614035,0.00525920360631104,0.195814648729447,-0.0284005979073244,0.0837070254110613,1338,,,,,0.469843156208993,Industrials,
6413,Riso Kagaku Corporation,,,JP3974400008,0.03484,0.05979,0.07709,0.12578,0.575,0.863338047064796,0.0056683809452307,0.0421380090497738,-0.105541884410893,0.0495,118721730,63137337344,14.705455,6.958018,0.93993616,-0.026948989412897,-0.0362249761677788,-0.0733272227314391,-0.091644204851752,-0.0471253534401508,,,,1011,,,,,2.11345457858833,Technology,
6420,Galilei Holdings Co.Ltd.,,,JP3805150004,0.07474,0.08939,0.12128,,0.133,-0.0449276356403045,-0.445982798405706,-0.435940233496376,0.015918184609687,0.0262,130809350,136100290560,11.160788,6.447631,1.212853,-0.00730994152046784,-0.0244252873563218,-0.0463483146067416,-0.0341394025604552,-0.0272206303724928,0.0898379970544919,0.0898379970544919,0.0898379970544919,3395,,,3,Hold,1.73099049868083,Industrials,
6430,"Daikoku Denki Co., Ltd.",,,JP3483100008,0.0913,0.09364,0.1873,0.00062,-0.393,1.51353319577619,-0.160787172011662,-0.00558568329718011,-0.0072639887144353,0.0412,112394370,35476652032,6.134985,39.01929,0.705961,-0.00246609124537608,-0.00451189499589828,-0.0361397934868944,-0.0330677290836653,-0.0268644747393745,,,,2427,,,,,0.157229539543134,Technology,
6432,"Takeuchi Mfg. Co., Ltd.",,,JP3462660006,0.1106,0.12218001,0.17563999,,0.002,-0.120830759728227,-0.158011181473729,-0.091079794494708,-0.257968220464101,0.0307,1576488800,330741284864,11.695907,13.283612,1.7748872,-0.0137741046831956,-0.0110497237569061,-0.0603674540682415,-0.0218579234972678,-0.014506241663881,0.480446927374302,0.0195530726256983,0.182495391061452,7160,,,2,Buy,0.880476409578961,Industrials,
6436,Amano Corporation,,,JP3124400007,0.07567,0.111169994,0.05746,0.10577,-0.379,-0.148718866398908,-0.262085752750316,-0.341363683717054,-0.102978890458248,0.0645,804101250,268385386496,13.531919,15.398371,2.0495672,0.00754030161206448,-0.00334362139917695,-0.0236835474930713,-0.0229450327786183,-0.00945807770961145,0.212903225806452,0.187096774193548,0.2,3875,,,,,0.878788996576326,Technology,
6448,"Brother Industries, Ltd.",,,JP3830000000,0.07733,0.113350004,0.21572,0.00099,3.379,0.412535327913601,0.416828128228419,0.173991712400965,0.47047846868438,0.0229,4824518140,1076935393280,17.636833,18.416275,1.3448724,-0.00410865099292399,-0.0195505617977528,-0.108318005313713,-0.105576055760558,0.0788822947576657,0.352280540912216,-0.31239972495989,-0.0106196424478569,4363,,,2,Buy,0.957676457372623,Industrials,
6454,"Max Co., Ltd.",,,JP3864800002,0.08906,0.14097,0.2076,0.01088,0.234,0.446030536879409,-0.149813768827767,-0.0866811008604004,0.317733433676276,0.0211,508685130,335223848960,24.813799,7.6480064,3.0168142,0.0111821086261981,0.0122601279317697,0.0101063829787234,0.0538290788013319,0.111176126389702,,,,1899,,,,,3.24447937177458,Industrials,
6455,Morita Holdings Corporation,,,JP3925600003,0.06495,0.08056,0.02865,0.01825,0.021,-0.209484177794037,-0.167011813432485,-0.223803715065581,-0.0349186126431193,0.0327,156784980,100592115712,10.893159,18.167656,0.9847332,-0.00406669377795852,-0.00203748981255094,-0.0144869215291751,-0.00285016286644951,-0.043359375,,,,2449,,,,,0.599590778248994,Industrials,
6457,Glory Ltd.,,,JP3274400005,0.04443,0.0498,0.060149997,0.46587,9.585,0.581777166078947,-0.0519825308403036,-0.222209315332524,0.11059673567644,0.0358,850763030,219627094016,15.576178,22.450367,1.0492665,0.0141609629454803,-0.02407449466273,-0.0680980264584689,-0.073722785082992,-0.0630178805058875,0.0705143123109146,0.0565510821503374,0.063532697230626,4297,,,2.7,Hold,0.693805050046621,Industrials,
6458,Sinko Industries Ltd.,,,JP3372800007,0.06103,0.11247,0.10092,0.12628,-0.111,-0.0759147733759562,-0.282830056179775,-0.263171347807783,0.546227349148289,0.0411,431669900,81715077120,12.225012,3.4603355,1.2483203,-0.0113728675873274,-0.0121753246753247,-0.0193392425463336,-0.0153721682847896,-0.0145748987854251,,,,1217,,,,,3.53289789386029,Industrials,
6460,Sega Sammy Holdings Inc.,,,JP3419050004,0.05016,-0.0004,0.025109999,0.39964,,0.232850141704966,0.172606586088119,0.0259090702225458,0.127329452991989,0.0172,3192019720,648395358208,,12.919145,1.8247695,0.0133248730964467,0.0197956577266922,0.00884396715097915,0.00440251572327044,0.097405943995877,0.0958046336881653,-0.217282404508453,-0.0181108954289292,3194,,,1.7,Buy,,Communication Services,
6463,"TPR Co., Ltd.",,,JP3542400001,0.02268,0.047,0.04097,0.12054,-0.172,0.424293687642003,-0.21307481473962,-0.169274584260835,0.00660755016571384,0.0394,227563680,97404583936,10.649895,4.894027,0.554562,0.00395256916996047,0.0019723865877712,-0.054590570719603,-0.061576354679803,0.014647137150466,-0.0813648293963255,-0.0813648293963255,-0.0813648293963255,1524,,,,,2.17610058138216,Consumer Cyclical,
6465,Hoshizaki Corporation,,,,0.05926,0.0739,0.11354,0.01605,0.014,0.204462811331571,0.0992366920954535,-0.0723909836926491,-0.284803059922229,0.0217,1808156200,741144395776,19.379704,20.14965,1.8393979,0.00359440030268634,-0.026605504587156,-0.0553774928774929,-0.0475763016157989,-0.0884879725085911,0.436380772855796,0.0933081998114986,0.256597549481621,5305,,,1.8,Buy,0.961788616675724,Industrials,
6471,NSK Ltd.,,,JP3720800006,0.023020001,0.03241,0.056350004,0.49416,7.932,0.363398002026929,0.321615234286234,0.278796770520715,0.0270627468549269,0.0326,2911271085,510606442496,22.421572,17.941885,0.7445907,-0.00476871721506915,-0.016030174446016,-0.0616007194244604,-0.0505004549590537,-0.0765486725663717,0.724964063248682,0.0541447053186392,0.303306181121227,1043.5,,,2.7,Hold,1.24967761191202,Consumer Cyclical,
6472,NTN Corporation,,,,0.0235,0.016210001,0.039189998,0.9601,0.63,0.0246586312764485,0.0646378827695827,0.0642138954784167,-0.0689504819911423,0.0351,1232717977,220026781696,15.823002,15.589723,0.7336456,-0.000540069672053402,0.000270270270270332,-0.04218424988084,-0.00883769135089807,-0.00750869922851653,0.405025668738179,0.0807889759524452,0.206881005133748,370.1,,,2.5,Buy,1.01496363982862,Industrials,
6473,JTEKT Corporation,,,,0.01356,0.00983,0.04637,0.26205,1.125,0.156261106178843,0.264614544610331,0.188992618809438,-0.0060518465146028,0.0348,3067023605,640961150976,53.479412,16.027224,0.7919486,0.00199054491166957,0.0014921661278289,-0.0799634452821567,-0.0613053613053613,-0.0416468348405521,0.529674695803328,0.14228954556742,0.364787683138813,2013.5,,,1.6,Buy,3.33678570911594,Consumer Cyclical,
6479,MINEBEA MITSUMI Inc.,,,JP3906000009,,0.06348,0.061690003,0.52132,0.956,0.085499133158975,-0.265010896460374,-0.240388469848029,-0.187862747425712,0.0177,8751560620,1361810423808,13.754918,15.787514,1.4694877,0.00414569144210838,0.0195429945880938,0.0177070828331333,0.046928064217351,-0.0344533029612756,0.695664995576526,-0.32173400176939,0.421802860513123,3391,,,1.8,Buy,0.871252940773323,Technology,
6480,"Nippon Thompson Co., Ltd.",,,JP3739400004,0.031059999,0.08535,0.14078,0.29129,2.404,-0.171320745840061,-0.462618574385365,-0.36169754491955,0.189195409771628,0.02,1142992000,110495203328,27.397259,24.487299,1.2817247,-0.0367248645394341,-0.0267639902676399,-0.0621336459554514,-0.0719257540603248,0.0120177103099304,0.39375,0.39375,0.39375,1600,,,,,1.11883548283541,Industrials,
6481,"THK Co., Ltd.",,,JP3539250005,0.04044,-0.18523,0.18083,0.50658,7.578,0.0881655574989799,-0.072170471116931,-0.167810252210887,0.116505113086781,0.0337,5853323520,658321571840,26.95361,30.023,2.3852305,-0.0244145490782262,-0.0290909090909091,-0.0746691871455577,-0.0609112709832134,-0.0379954143465444,0.702417432754511,-0.438202247191011,0.410594654409261,5874,,,1.9,Buy,0.897765379875429,Industrials,
6490,PILLAR Corporation,,,JP3747800005,0.08731,0.16547,0.2712,0.13679,0.892,-0.121089876498693,-0.461399802521298,-0.501634750116768,-0.103755762657904,0.0177,862235200,206665367552,23.309782,18.482927,2.4690022,-0.0279569892473118,-0.0131004366812227,-0.0563674321503132,-0.0279569892473118,0.0511627906976744,0.261061946902655,0.216814159292035,0.238938053097345,9040,,,,,1.26115208916856,Industrials,
6501,"Hitachi, Ltd.",,,JP3788600009,,0.07244,0.108610004,0.15628,0.005,-0.155792165129059,-0.333138650896464,-0.362783789835635,-0.134413334833298,0.0108,45001608180,23271454015488,29.411098,29.186548,3.5471275,0.00328058664608259,0.00231347599768652,-0.0331039613167194,-0.0254920337394564,-0.0106565176022835,0.442585112521639,-0.0382765916522408,0.239883439122908,5199,,,1.6,Buy,1.00769361282465,Industrials,
6503,Mitsubishi Electric Corporation,,,JP3902400005,0.039920002,0.07018,0.09318,0.07163,,0.0755303762987676,-0.0232749148378002,0.01563088072613,0.128114791536838,0.0119,31115521360,10287433383936,25.381199,30.440838,2.2508051,-0.0133464180569185,-0.00769838136596921,-0.0421112804878049,-0.0471948445792267,-0.0547198194810079,0.631191565546051,-0.303759697632783,0.352695444599165,5027,,,2.1,Buy,0.833787788627895,Industrials,
6504,"Fuji Electric Co., Ltd.",,,,0.06757,0.08604,0.09020001,0.08042,0.903,-0.289225166557575,-0.148523463787434,-0.267528860782732,-0.0872637856234441,0.0169,8616927000,1846788096000,19.011406,20.825788,2.3353162,-0.0159471022948269,-0.00862068965517241,-0.0350877192982456,-0.0272971933871588,-0.00354470263883419,0.620553359683794,-0.0988142292490119,0.3087395256917,12650,,,2,Buy,0.912878110542564,Industrials,
6506,YASKAWA Electric Corporation,,,,0.03599,0.06073,0.06106,0.24475,-0.217,-0.116971603056818,-0.453623336118603,-0.467863741573792,-0.457220503299666,0.0167,15554136400,1115541602304,31.64594,20.991753,2.2998142,-0.029557761732852,-0.0347845601436266,-0.0588621444201313,-0.0388826815642458,-0.0464470755787576,1.09253661939084,0.185770750988142,0.536851894908161,4301,,,1.8,Buy,1.50754155691523,Industrials,
6507,"Sinfonia Technology Co.,Ltd.",,,JP3375400003,0.08035,0.11378,0.111219995,0.16723,0.283,0.0166670027627096,-0.0929836972918986,-0.133265271123402,0.232574229060121,0.0142,1771898700,319683657728,22.026518,31.315645,3.1381528,-0.0224331320103538,-0.0215889464594128,-0.0390161153519932,-0.0390161153519932,-0.0751020408163265,0.721094439541042,-0.135039717563989,0.403353927625772,11330,,,1.7,Buy,0.703371046644577,Industrials,
6525,Kokusai Electric Corporation,,,JP3293330001,,0,0.21118,0.22405,0.704,-0.057385700598723,0.162078257704231,0.21222537073429,-0.0227536690415857,0.0081,74903816680,1904878944256,63.695957,42.674892,8.476187,-0.0747080829837887,-0.0705989524026418,-0.0160337552742616,-0.0198150594451783,0.270943631267518,0.776525361431022,-0.522175937270277,0.33753038470963,8162,,,1.6,Buy,1.49258624954458,Technology,
6526,Socionext Inc.,,,,0.03865,0.03746,-0.01696,,,-0.305535736474031,-0.314314952973729,-0.409111077150353,-0.329449592713785,0.0273,9131132025,321567916032,37.03816,12.839445,2.5037124,-0.0226425146510389,-0.0352353405206416,-0.0611566018423746,-0.0531612903225806,-0.0311592289411143,0.744344508040338,0.0902153175252112,0.308258381030254,1834.5,,,,,2.88471659016414,Industrials,
6532,"Baycurrent, Inc.",,,,0.24876,0.24941,0.32486,0.05267,0.197,-0.290047439180236,-0.237956845818092,-0.297464656615585,-0.364058718995765,0.0177,7987571790,1078421815296,29.411528,29.319853,10.003109,-0.00528741865509761,0.00027266530334015,-0.0622443762781186,-0.0696170428607659,0.00933364071098816,0.3765844350552,-0.114079323974376,0.15783017582118,7337,,,1.4,Strong Buy,1.00312672099686,Industrials,
6544,"Japan Elevator Service Holdings Co.,Ltd.",,,JP3389510003,0.19346,0.12736,0.19293,0.25618,0.196,0.0557550018586698,-0.0356186775958874,-0.0734930427220349,0.426492924492834,0.0147,952626825,256079314944,34.964607,17.966888,11.249764,-0.0141087405368204,-0.0274949083503055,-0.0317674890165596,-0.0317674890165596,-0.156360424028269,0.81500872600349,0.605584642233857,0.710296684118674,1432.5,,,,,1.94605804856133,Industrials,
6584,"Sanoh Industrial Co., Ltd.",,,JP3325200008,0.01316,0.0051599997,0.0219,1.11442,-0.989,-0.686180620572306,-0.647283968791403,-0.50358347386172,-0.371418284164812,0.0363,276025710,27608401920,18.1156,5.5189695,0.5698684,0.00260078023407022,0.0198412698412698,-0.00516129032258065,0.00521512385919166,-0.00516129032258065,,,,771,,,3,Hold,3.28242437288338,Consumer Cyclical,
6594,Nidec Corporation,,,JP3734800000,0.024300002,0.04586,0.07153,0.40098,1.087,-0.180967820075652,0.0252316082844305,0.273057576479265,-0.331353287135227,0.0192,14397307470,3084720013312,25.640781,14.195284,1.7532395,-0.0168067226890756,-0.0113886847905952,0.0306396016851781,0.0850806451612903,0.0850806451612903,0.300631735414344,-0.331103678929766,-0.0352099591230026,2691,,,2.4,Buy,1.80628869418886,Industrials,
6627,"Tera Probe, Inc.",,,JP3546550009,0.03328,0.03993,0.10012,0.63433,-0.836,-0.516491703352523,-0.567266372543402,-0.513227405009292,-0.0124893867601545,0.0104,726630000,96428498944,20.120724,26.78797,4.3687487,-0.0535714285714286,0,-0.0441839495040577,-0.0111940298507463,0.211428571428571,,,,10600,,,,,0.751110442485937,Technology,
6632,JVCKENWOOD Corporation,,,JP3386410009,0.034479998,0.03921,0.01731,0.44019,-0.707,0.196030323319151,0.192550189687994,0.252444877343744,1.03375116961467,0.0207,1268188338,136726323200,8.665234,8.931671,0.93891287,-0.00871078899293059,0.0120318187423143,-0.0240136980851675,-0.0512015693967632,-0.149626373626374,0.860849788069885,0.0854957097074331,0.53347813501499,967.3,,,2,Buy,0.970169411748373,Consumer Cyclical,
6644,"Osaki Electric Co., Ltd.",,,JP3187600006,0.04823,0.064899996,0.07909,0.01625,2.436,0.249117568134749,0.247735939845304,0.232072571878397,0.581913953923776,0.0278,461334480,62392397824,11.312288,19.083664,1.1060083,-0.0110116999311769,0,-0.02708192281652,-0.0290540540540541,-0.0184426229508197,0.496172581767571,0.496172581767571,0.496172581767571,1437,,,,,0.59277337936782,Technology,
6645,OMRON Corporation,,,JP3197800000,0.03325,0.042579997,0.08984999,0.31574,0.562,0.0218765607788671,-0.18458536688354,-0.293395771740147,0.260347854333054,0.0173,6966301410,1180366274560,34.482166,22.14557,1.4186053,-0.00447761194029851,0.00384615384615385,-0.0344217468232266,-0.0372093023255814,0.16134648868253,0.565883724804265,-0.317008162585374,0.157754456105281,6003,,,2.4,Buy,1.55706834369131,Technology,
6701,NEC Corporation,,,JP3733000008,0.05716,0.08154,0.07169,0.25493,1.586,-0.290570832194608,-0.158696227598918,-0.204481465755833,-0.109267943943484,0.0088,27711013680,6016296550400,22.371277,6.309113,2.6929727,-0.0111183780248528,-0.0093906966586591,-0.0604805302402651,-0.0500523560209424,-0.0931627349060376,0.763668430335097,0.135361552028219,0.382458884479718,4536,,,1.5,Strong Buy,3.54586722412485,Technology,
6702,Fujitsu Limited,,,JP3818000006,0.07077,0.08996,0.06741,0.06507,-0.761,0.061542334541497,-0.0827266881665817,-0.261149874934314,-0.170614833349265,0.0147,23362643300,6483762741248,21.459646,24.713251,3.1953974,-0.0102956705385428,-0.00688741721854305,-0.0387179487179487,-0.0136806103656932,-0.0392106611993849,0.600426780474793,0.0216057615364097,0.280751827153908,3749,,,1.8,Buy,0.868345730798429,Technology,
6723,Renesas Electronics Corporation,,,,0.05446,0.22947,0.23923999,0.40605,,-0.298244946148018,-0.423647896029219,-0.331192934277365,-0.201791638369662,0.0088,33819080400,5833345728512,17.15299,11.361571,2.0470421,-0.0385542168674699,-0.018450184501845,-0.033313143549364,-0.00591715976331361,-0.00125156445556946,1.13032581453634,-0.3734335839599,0.586900062656642,3192,,,,,1.50973751781334,Technology,
6724,Seiko Epson Corporation,,,JP3414750004,0.03568,0.01684,0.0561,0.31203,0.963,0.0130659512789667,-0.0308870301836727,-0.19500511433523,-0.153885236291349,0.0262,4597387000,977304616960,53.763443,15.102,1.1294606,0.0085978835978836,0.0262449528936743,-0.0577695396972505,-0.0516169154228856,0.0302313798344874,0.245901639344262,-0.409836065573771,-0.0942622950819672,3050,,,3.3,Hold,3.56002138789564,Technology,
6727,"Wacom Co., Ltd.",,,JP3993400005,0.12714,0.09206,0.11991,0.1268,0.251,-0.301284624648735,-0.288806098091709,-0.120047888550283,-0.215752073472609,0.0302,424561800,105544704000,11.198761,12.7875185,2.86689,0.00632911392405063,-0.00250941028858218,-0.0647058823529412,-0.0558194774346793,-0.0197287299630086,0.635220125786164,0.446540880503145,0.540880503144654,795,,,,,0.875757168992561,Technology,
6728,"ULVAC, Inc.",,,,0.03105,0.06351,0.07672,0.19525,0.524,-0.273189431564019,-0.445029514719311,-0.408312734087604,0.166381979894478,0.022,3024299700,339790888960,19.880886,10.539159,1.4101082,-0.0155292776748825,-0.0170697012802276,-0.0416088765603329,-0.0237355185080531,-0.144166460242755,0.780028943560058,0.0274963820549928,0.429088277858177,6910,,,2,Buy,1.88638258517591,Industrials,
6736,Sun Corporation,,,JP3336450006,0.00079,0.94829005,-0.00259,0.05708,-0.126,-0.12515943877551,-0.493590263691684,-0.490151295936505,0.856261666449021,0.0052,334886400,208607952896,21.977774,,4.2324796,0.0544069640914037,0.0707182320441989,0.086322869955157,0.0899887514060742,0.0555555555555556,,,,9690,,,,,,Technology,
6745,Hochiki Corporation,,,JP3837400005,0.08941,0.090909995,0.063779995,,0.475,-0.0488784349721761,-0.286278940824625,-0.350829499811185,-0.21589581246721,0.0217,352289450,137497346048,14.663059,7.7436976,2.0251746,-0.0181140117208311,-0.0139111824505083,-0.0310199789695058,-0.0867195242814668,-0.0117962466487936,,,,1843,,,0,Strong Buy,1.89354747013881,Industrials,
6752,Panasonic Holdings Corporation,,,JP3866800000,0.035099998,0.030989999,0.0919,0.27876,0.892,-0.238204151833469,-0.266914888883492,-0.300314932755344,-0.358485237079868,0.0129,31689672000,9806685405184,51.813473,24.874147,1.8139994,-0.0214352283317801,0.00864553314121038,0.0088878212827288,-0.0223463687150838,0.171875,0.333333333333333,-0.380952380952381,0.156809523809524,4200,,,1.5,Buy,2.08302511840909,Technology,
6753,Sharp Corporation,,,,0.01829,0.012560001,0.01887,1.52005,-0.886,1.03564905956777,0.127990898626715,-0.155542788265029,-0.189833391585333,,2422778760,440229789696,9.285128,12.460945,1.4935137,0.013150011405329,0.0839328537170264,0.0516519112183221,0.0657025887943024,0.0712592413433559,0.312684365781711,-0.306784660766962,-0.0265486725663717,678,,,3.9,Underperform,0.745138350261557,Technology,
6758,Sony Group Corporation,,,,0.042529996,-0.01746,0.16721001,0.21318,0.476,-0.179783900437546,-0.205146937794966,-0.161984010550244,-0.140296740693144,0.0096,55708524000,21218845523968,19.493343,19.825327,2.5484679,-0.0021978021978022,-0.0060207991242474,-0.0651222651222651,-0.0734693877551021,-0.0464688894723024,0.660242290748899,0.0462555066079295,0.339732654185022,3632,,,1.3,Strong Buy,0.983254551110304,Technology,
6762,TDK Corporation,,,,0.04516,0.08663,0.11648,0.3299,0.943,0.0320238750886869,-0.0147016327013078,-0.103848811194863,-0.279346757080393,0.0142,27727337525,5330965626880,27.248472,26.277134,2.3188763,-0.0147342571478688,0.0120720720720721,-0.0340498710232158,-0.0261789181692094,-0.00106704606082163,0.762506676161652,-0.0831404664411608,0.481322414100053,2808.5,,,1.8,Buy,1.03696514239338,Technology,
6768,Tamura Corporation,,,JP3471000004,0.026300002,0.011080001,0.034649998,0.57075,11.678,0.260059510279141,0.188085166294422,0.202258075291445,0.458386829502625,0.0198,831121230,64218689536,,19.635036,0.9864404,0.0189393939393939,0.0702917771883289,0.0332906530089629,0.0100125156445557,0.0535248041775457,0.164807930607187,0.164807930607187,0.164807930607187,807,,,,,,Technology,
6770,"Alps Alpine Co., Ltd.",,,JP3126400005,0.03034,0.02564,-0.0046900003,0.22353,,0.173472890557071,0.122952938688043,0.296666194296923,0.0270796421925938,0.0289,4377220480,428195217408,16.44771,20.708345,0.97225267,0.0193192272309108,0.0707900459048079,-0.0186005314437555,-0.0177304964539007,-0.0118171683389075,0.353790613718412,-0.390794223826715,0.0366167870036101,2216,,,2.8,Hold,0.794255166214393,Technology,
6777,santec Holdings Corporation,,,JP3335410001,0.20607,0.25937,0.33191,0.09207,0.96,-0.267292117901874,-0.212585280882566,-0.227478149515746,0.0452053240719964,0.0121,1890778200,223682428928,29.154339,43.01221,7.7570405,-0.0432595573440644,0.000526038926880589,-0.000525486074619023,0.0198391420911528,0.243950294310007,,,,19020,,,,,0.677815415669179,Technology,
6807,"Japan Aviation Electronics Industry, Limited",,,JP3705600009,0.0215,0.02791,0.00561,0.27756,-0.611,0.346516407966546,0.107027631261881,-0.11099544500391,0.0344694276573055,0.0201,586446480,167761477632,23.754059,11.612061,1.1641558,0.00201369311316955,0.0226058364159474,0.0155102040816327,0.0221857025472473,0.0366666666666667,0.105305466237942,-0.196141479099678,-0.0740554662379421,2488,,,3.5,Hold,2.0456367736959,Technology,
6814,"Furuno Electric Co., Ltd.",,,JP3828400006,0.086569995,0.122659996,0.1491,0.15265,0.382,-0.396626765860679,-0.443086457515992,-0.367836936846797,-0.391053666709462,0.0225,1870282000,224422658048,13.404826,31.485588,2.4435692,-0.022038567493113,-0.0645586297760211,-0.0815006468305304,-0.0718954248366013,0.0176101250415875,0.971830985915493,0.591549295774648,0.78169014084507,7100,,,1.5,Strong Buy,0.425744820138026,Technology,
6841,Yokogawa Electric Corporation,,,,,0,0.11667,0.04682,-0.183,0.0740086602248246,0.0400549188156638,-0.131648532073059,0.146105274386358,0.0201,5766095040,1137349361664,20.040361,21.140318,2.2622452,-0.0150927123760241,0.0110668437361664,-0.0330228619813717,-0.0589204779563247,-0.185013380909902,0.532399299474606,0.0507880910683012,0.314306042031524,4568,,,2.1,Buy,0.947968758085853,Industrials,
6845,Azbil Corporation,,,JP3937200008,0.09488,0.12871,0.10577,0.08777,-0.013,0.00118330935251798,-0.18151219009659,-0.17845859204411,0.0507904955865417,0.0264,2055039330,716582354944,18.975306,24.195993,3.0917454,-0.0127104087942288,-0.00964851826326671,-0.0254323499491353,-0.014065180102916,-0.126178169656431,0.39178844815588,0.0438413361169102,0.189979123173278,1437,,,1.8,Buy,0.784233405919732,Industrials,
6849,Nihon Kohden Corporation,,,JP3706800004,0.03937,0.058579996,-0.02059,0.13738,,0.629858454342767,0.0583417951173501,-0.153884706224248,0.289410253387316,0.0214,1103240600,246357491712,17.241379,14.020393,1.3903661,0.039136302294197,0.0335570469798658,0.0168372400132057,0.0178453403833444,-0.0643985419198056,0.428571428571429,-0.0909090909090909,0.168831168831169,1540,,,2.5,Buy,1.22973578558033,Healthcare,
6857,Advantest Corporation,,,,0.2925,0.37325,0.51702,0.10374,0.953,0.233033113570609,0.130337335398688,0.103729499750057,-0.0395080315808959,0.0019,284838938800,22910771134464,61.728878,133.42868,22.025024,-0.0648584905660377,-0.0615384615384615,-0.0414022363251738,-0.02519975414874,0.135493109003043,0.733921815889029,-0.274905422446406,0.318981525851198,31720,,,1.5,Buy,0.462635754172191,Technology,
6861,Keyence Corporation,,,,,0.39224,0.53971,,0.51,0.265735359133895,-0.154803144360802,-0.227746268741708,-0.095475101690205,0.0072,43121640000,18431910871040,41.322315,40.698513,5.1939297,-0.0065359477124183,-0.0099009900990099,-0.0221307256819352,-0.0258907972314791,-0.037609218690642,0.578947368421053,0.0131578947368421,0.287719263157895,76000,,,1.5,Strong Buy,1.01532739046264,Technology,
6866,Hioki E.E. Corporation,,,JP3783200003,0.10807,0.15845999,0.21562,,1.096,-0.474010275007555,-0.619464690390151,-0.537858436933842,-0.353194228033331,0.024,304604300,134188277760,18.867924,20.495495,2.931866,-0.0186274509803922,0.00502008032128514,-0.0186274509803922,-0.0281553398058252,-0.0337837837837838,,,,10010,,,,,0.920588841596653,Technology,
6869,Sysmex Corporation,,,,0.06103,0.075430006,0.11343,0.25407,0.941,0.0384943985033708,0.00317879546780782,-0.0518506209012483,0.0640902836253105,0.0224,4795644870,1075547668480,31.446928,16.872875,2.2266066,0.00421585160202361,-0.0317073170731707,-0.0829055441478439,-0.0631882538017829,0.0697604790419162,0.847187237615449,-0.216344808284355,0.153492527287993,1786.5,,,2.1,Buy,1.8637563545039,Healthcare,
6871,"Micronics Japan Co., Ltd.",,,JP3750400008,0.13911,0.21736999,0.19590999,0.04978,1.009,0.0980595831359306,-0.010746641920161,-0.147353643902255,0.0262338152555159,0.0562,13949014400,491616174080,26.24661,57.8969,5.3833265,-0.0690161527165932,0.0300568643379366,0.0619765494137353,0.065546218487395,0.0628667225481978,0.498422712933754,-0.542586750788644,-0.0220820189274448,12680,,,1.5,Strong Buy,0.453333598171923,Technology,
6890,Ferrotec Corporation,,,JP3802720007,0.04597,0.083809994,0.15387,0.41593,6.985,-0.202216888784197,-0.390820520122653,-0.40613959313857,-0.111518989009252,0.0174,8725422600,463788441600,31.25,19.585567,1.4334096,-0.0630434782608696,-0.0558598028477547,-0.0347144456886898,-0.0292792792792793,0.20391061452514,0.566125290023202,0.508120649651972,0.537122969837587,8620,,,,,1.59556269164942,Technology,
6902,DENSO Corporation,,,,0.03934,0.056149997,0.04398,0.25468,-0.105,-0.0298763817245116,-0.0365671975612101,-0.153069675498108,-0.00417520404155785,0.0385,14178728110,4816217047040,11.792511,9.962659,0.94193774,0.0190981432360743,0.0223523150612028,0.00234803026350117,-0.000520291363163372,-0.125824800910125,0.405517959396148,-0.130661114003123,0.103013534617387,1921,,,2.5,Buy,1.18367104605307,Consumer Cyclical,
6914,"OPTEX GROUP Company, Limited",,,JP3197700002,0.08214,0.107889995,0.13715,0.07526,0.596,-0.0389058507125561,-0.0678781109771285,-0.19937660785545,-0.0961401226147087,0.025,552393450,108520898560,14.045203,17.848768,1.8118529,-0.00975609756097561,0.015,-0.0271565495207668,-0.0333333333333333,-0.061633281972265,,,,3045,,,,,0.786900418000839,Technology,
6920,Lasertec Corporation,,,,0.19749,0.33618,0.44412997,,-0.349,-0.117325074186705,0.521741884584598,0.200132414653204,-0.0997453109902039,0.0122,116525790400,3098532118528,40.16078,31.65258,12.552391,-0.0481828193832599,-0.0097393297049556,0.0418927064496685,0.0686244204018547,0.028256989886972,1.02487706103558,-0.276829621058721,0.404939253688169,34570,,,2.2,Buy,1.26879957336811,Technology,
6929,"Nippon Ceramic Co., Ltd.",,,JP3725200004,0.07206,0.19934,0.21948,0.00136,-0.562,-0.208619988859952,-0.198959929423782,-0.230610265948146,0.0573131138610172,0.0458,382418400,73574473728,13.9663725,20.428402,1.6244205,-0.00961538461538462,-0.00138504155124654,-0.0256756756756757,-0.034805890227577,-0.0335120643431635,0.331484049930652,-0.0013869625520111,0.16504854368932,3605,,,,,0.683674254109548,Technology,
6941,"Yamaichi Electronics Co.,Ltd.",,,JP3934200001,0.14419,0,0.29929,0.11414,0.556,0.125397080997204,-0.295587279363968,-0.362017860972397,0.247046031439726,0.022,2144716700,140826296320,15.503718,23.534855,2.8703969,-0.00780234070221066,0.058252427184466,0.0105960264900662,0.0146276595744681,-0.00391644908616188,0.63826998689384,-0.0301441677588467,0.371778112712975,7630,,,1.3,Strong Buy,0.65875562012173,Technology,
6946,"Nippon Avionics Co., Ltd.",,,JP3686200001,0.12347999,0.14109,0.20809,0.90686,2.079,-0.128137853987169,0.142769742691397,0.150099968817066,-0.0147482069729054,0.0024,1257547200,92282191872,24.630932,39.987183,5.4025784,0.0196078431372549,0.0212765957446809,0.00645161290322581,0.0985915492957746,0.250501002004008,0.121794871794872,0.121794871794872,0.121794871794872,6240,,,,,0.615970672402705,Industrials,
6954,Fanuc Corporation,,,JP3802400006,0.060700003,0.20131999,0.23153,,0.347,0.181380110830295,-0.247202348767871,-0.29856732884942,0.0853326384532241,0.0187,28762516100,5328966516736,32.15407,33.129223,2.8278255,-0.0101829478771143,-0.0106951871657754,-0.0330467037599056,0.00174672489082969,-0.134208937198068,0.569311246730602,-0.023539668700959,0.281797959895379,5735,,,2.4,Buy,0.970565171419807,Industrials,
6960,"Fukuda Denshi Co., Ltd.",,,JP3806000000,0.07705,0.1357,0.14823,0.00912,0.13,0.60769176536943,0.0100923458772858,0.120758673274876,0.287578239682185,0.0137,716304600,315275378688,17.064898,18.380846,1.6435106,0,-0.0160202360876897,-0.0076530612244898,-0.0426579163248564,0.0428954423592493,-0.065981148243359,-0.168808911739503,-0.117395029991431,11670,,,3,Hold,0.928406559741592,Healthcare,
6963,"ROHM Co., Ltd.",,,,,-0.30435,0.070989996,0.51627,2.038,-0.0765057432604635,-0.395319876987049,-0.348021635301105,-0.322356268011826,0.0109,14474945580,1766882541568,,52.675797,2.2824492,-0.0551197357555739,-0.0611282051282051,-0.0591983556012333,-0.0197044334975369,0.176304291955795,0.813414900589906,-0.235306969630763,0.267205593183308,4577,,,2.4,Buy,,Technology,
6966,"Mitsui High-tec, Inc.",,,JP3892400007,,0,0.10738,0.76444,0.664,1.77525458203079,4.07496961649262,1.88236460905033,-0.279433929557412,0.0219,3583746320,158626398208,17.82707,13.428218,1.2735339,-0.0765957446808511,-0.0387596899224806,-0.0756123535676251,-0.0565217391304348,0.0272189349112426,0.382488479262673,-0.0552995391705069,0.19815668202765,868,,,2.7,Hold,1.32758270680443,Technology,
6971,Kyocera Corporation,,,JP3249600002,0.0189,0.07764,0.09345999,0.10172,0.752,0.350029831388948,-0.0182891986062718,-0.233944169038334,-0.315802953143264,0.0158,16842535040,4536498913280,34.60339,39.675976,1.3871473,0.0236379360046123,0.0453341183397115,0.0137025406794176,0.00852030673104232,0.00028169014084507,0.323570825119685,-0.577583779217122,-0.0184924528301887,3551,,,2.5,Hold,0.872149685744341,Industrials,
6976,"Taiyo Yuden Co., Ltd.",,,,0.02199,0.0499,0.05017,0.4027,,0.28898110626023,0.33274676548415,0.221424582923365,0.0327586639485667,0.0098,248082356080,1152477822976,85.466354,49.16974,3.257253,-0.0206317132829948,0.0180190139288083,-0.0230214300869934,0.0396251975615263,0.0557147770262524,1.54099250732979,-0.674231729829515,0.655988706699967,9209,,,2.4,Buy,1.73819007381369,Technology,
6981,"Murata Manufacturing Co., Ltd.",,,JP3914400001,0.075100005,0.13854,0.19601999,0.02009,0.665,-0.13521534685846,-0.236986774138007,-0.259497664128566,-0.225781073257485,0.0095,150359133920,13326770765824,57.473423,30.985796,4.8508453,-0.0229900332225914,0.0468460771749964,0.0223890974829648,0.0624277456647399,0.145885286783042,1.04026115342764,-0.428726877040261,0.376176142546246,7352,,,1.4,Strong Buy,1.85483125881291,Technology,
6988,Nitto Denko Corporation,,,,0.08402,0.12913999,0.18114,,0.111,0.214901746572765,0.318100360513139,0.0764893101674216,-0.134597921768482,0.02,9729963350,2120183971840,16.259956,16.724066,1.8557614,0.00281602002503129,0.00817867253853413,-0.0672293364377183,-0.0758362168396771,-0.068855316676351,0.40405616224649,-0.0015600624024961,0.162955600624025,3205,,,2.5,Hold,0.972248973425481,Basic Materials,
6995,"Tokai Rika Co., Ltd.",,,JP3566600007,0.04153,0.04384,0.04644,0.02676,-0.127,0.484161271406517,-0.341891643709826,-0.30761737162969,-0.203735066198396,0.0383,449874900,271397863424,9.041539,12.119101,0.76341873,0.0262295081967213,0.0296052631578947,-0.00949367088607595,-0.00159489633173844,-0.0264385692068429,0.060702875399361,-0.0415335463258786,-0.00745472843450472,3130,,,3,Hold,0.74605690636624,Consumer Cyclical,
6999,KOA Corporation,,,JP3283400004,0.01705,0.06762,0.040799998,0.4748,2.886,-0.562387663803001,-0.510919004463845,-0.470665716934627,-0.326728915684373,0.0299,962351180,78248280064,19.802631,39.076412,0.85983324,-0.0290322580645161,-0.000948316737790422,-0.0762823323103902,-0.0422727272727273,0.00861656294877932,0.423825344091125,0.423825344091125,0.423825344091125,2107,,,,,0.506766869998197,Technology,
7004,Kanadevia Corporation,,,,0.013940001,0.02247,-0.01699,0.68028,,0.204932952313441,-0.159604551985222,0.36763798513491,0.153523645804891,0.0331,1210073530,192983367680,17.33152,8.555232,0.98261875,0.00437828371278459,0.00437828371278459,-0.00692640692640693,0,-0.0238297872340426,0.133391455972101,0.133391455972101,0.133391455972101,1147,,,3,Hold,2.02583869145805,Industrials,
7011,"Mitsubishi Heavy Industries, Ltd.",,,JP3900000005,0.04144,0.07763,0.10626,0.26356,0.973,-0.244479723535436,-0.206655663886968,-0.293968035814801,-0.0515174610877213,0.0081,55623683700,12449576124416,52.913456,39.980576,3.9263105,-0.0048348106365834,-0.000809061488673139,-0.0130527437400107,-0.00510204081632653,-0.00829764453961456,0.727395411605938,-0.190283400809717,0.455856950067476,3705,,,1.5,Buy,1.32347908144195,Industrials,
7012,"Kawasaki Heavy Industries, Ltd.",,,JP3224200000,0.02792,0.05053,0.051859997,0.92947,2.69,-0.103189990346432,-0.0349041433368517,-0.00449348056939408,-0.140947827562033,0.0172,28504869720,2024944697344,17.921175,4.0647125,2.1898491,-0.0127713920817369,-0.0278767553971914,-0.04705157181015,-0.0450895614576899,-0.135830072666294,1.11297973264338,0.134109529969815,0.61210064683053,2319,,,1.8,Buy,4.4089649636967,Industrials,
7013,IHI Corporation,,,,0.04947,0.12077,0.19548,0.67304,3.611,-0.0768416589904476,0.243407655879245,0.0536854695084253,0.134748947764852,0.0086,33644692250,2825331408896,17.543282,4.6078568,4.05586,0.000563168762905951,0.00870552611657835,0.015431510763955,0.025,-0.0384268446689518,0.575984990619137,0.125703564727955,0.332457786116323,2665,,,2.1,Buy,3.80725416640552,Industrials,
7014,"Namura Shipbuilding Co., Ltd.",,,JP3651400008,0.081590004,0.14671,0.22496,0.14843,0.608,0.720819375671206,0.141955120553832,0.381662822464322,0.349460690323298,0.0131,8441764400,318516297728,14.859034,,2.302521,-0.019271948608137,-0.0585817060637205,-0.0458333333333333,0.0211817168338907,0.0776470588235294,0.310043668122271,0.266375545851528,0.2882096069869,4580,,,,,,Industrials,
7102,"Nippon Sharyo, Ltd.",,,JP3713600009,0.056649998,0.12949,0.12362,0.35953,1.012,-0.281629253589276,-0.455135200679035,-0.385280712657966,-0.150112849946938,0.0142,114145200,50646593536,4.342179,,0.5997976,-0.0195530726256983,-0.0056657223796034,-0.0343878954607978,-0.0168067226890756,0.0461997019374069,,,,3510,,,,,,Industrials,
7128,UNISOL Holdings Corporation,,,JP3828100002,0.016649999,0.01163,0.010679999,0.03111,-0.182,0.663127599217825,-0.579441603085436,-0.463708292794597,0.0565395919197892,0.0361,277197860,66999738368,35.46261,15.924872,0.92476577,0.00502873563218391,0.000357525920629246,0.00901550667147494,0.0286764705882353,-0.00780141843971631,,,,2798,,,,,2.22686939022179,Industrials,
7130,"Yamae Group Holdings Co.,Ltd.",,,JP3934350004,0.0272,0.013099999,0.01302,1.0474,2.537,0.11926883021477,-0.244627054361568,-0.236738277686554,0.0730060623355018,0.0289,194769130,76827959296,6.929974,,0.6972877,-0.00966356478167502,-0.0212239122744959,-0.0226068527022254,-0.0455329423939289,-0.0471763085399449,,,,2767,,,,,,Industrials,
7148,"Financial Partners Group Co.,Ltd.",,,JP3166990006,0.10297,0.18240999,0.34559,0.82411,0.375,0.0676102971047856,0.126551986260874,0.118249575352896,0.238103346975914,0.0552,956020800,140678103040,9.123988,5.233645,2.3450456,-0.004149377593361,-0.0215492137449039,-0.0140845070422535,-0.004149377593361,0.0126582278481013,,,,1680,,,,,1.74333337473214,Real Estate,
7157,Lifenet Insurance Company,,,JP3966660007,0.05524,0.21621001,0.24375999,,-0.248,0.566471540494942,0.312430335248221,0.235362757943007,0.626911652246839,,395918460,111914065920,13.907747,-393.50284,1.1819869,-0.0231416549789621,-0.015547703180212,-0.0399724328049621,-0.0238262088297127,-0.191056910569106,0.57932519741565,0.0768126346015793,0.328068916008615,1393,,,,,-0.0353434475847747,Financial Services,
7164,"ZENKOKU HOSHO Co.,Ltd.",,,JP3429250008,0.051960003,0.56055,0.65613,0.12347,0.109,-0.329440406889154,-0.378046527666597,-0.45164747020266,-0.30207648219487,0.0394,884397770,415344263168,12.804103,6.6261864,1.7066358,0.000320512820512821,-0.012966476913346,-0.019786432160804,-0.0265127885215221,-0.0182447310474992,0.505927587311759,-0.0387696251201538,0.166292854854213,3121,,,2.2,Buy,1.93234874889725,Financial Services,
7167,"Mebuki Financial Group,Inc.",,,JP3117700009,0.00442,0.25542998,0.43924,,0.581,0.456147971652004,-0.0199243672837947,-0.181633021631818,-0.020673086682933,0.0263,4557513500,1567382568960,18.761936,42.591175,1.4059795,0.00330429558425954,-0.00149476831091181,-0.0216754540128881,-0.00209142515685689,0.139542818150802,0.215568862275449,-0.221556886227545,0.0754491017964072,1670,,,2.2,Buy,0.440512289224235,Financial Services,
7172,"Japan Investment Adviser Co., Ltd.",,,JP3389470000,0.04934,0.30143,0.36758998,1.7526,-0.201,-0.577019181530451,-0.566577933669475,-0.565403489119573,-0.332331935670644,0.0521,263561220,128732430336,10.256284,12.663409,1.5633684,-0.0100286532951289,-0.0137963843958135,-0.0156695156695157,-0.0105011933174224,-0.0221698113207547,0.0612638687891944,0.0612638687891944,0.0612638687891944,2073,,,,,0.809914928910533,Industrials,
7173,"Tokyo Kiraboshi Financial Group, Inc.",,,JP3584400000,0.00604,0.25077,0.28386,,0.465,-0.312180891975774,-0.511383114228205,-0.512074140777428,-0.557994988474614,0.0179,1659809840,479763660800,13.072303,,1.2137328,-0.00534124629080119,0.00359281437125749,-0.0106257378984652,-0.00534124629080119,-0.0106257378984652,,,,1676,,,,,,Financial Services,
7177,"GMO Financial Holdings, Inc.",,,JP3386550002,0.01263,0.24008,0.3713,2.61462,-0.064,-0.260150149739494,-0.398688840482574,-0.342545493623728,-0.0947496674360546,0.0499,287485080,136631721984,12.690411,,4.446851,-0.00686106346483705,-0.00172413793103448,-0.0203045685279188,-0.00600858369098713,0.0822429906542056,,,,1158,,,,,,Financial Services,
7180,"Kyushu Financial Group, Inc.",,,JP3246500007,0.00269,0.16680999,0.50018,,-0.048,0.262099563930539,-0.0654761110592254,-0.164894151537482,-0.0383067583593764,0.0235,1899181800,681361211392,18.450207,21.511318,0.8699075,-0.0015451174289246,0.0189214758751183,0.00341614906832298,0.012218045112782,0.0904488693891326,0.0523057876818323,-0.195295574125658,-0.0714948932219127,1615.5,,,,,0.857697654788052,Financial Services,
7181,"Japan Post Insurance Co., Ltd.",,,,,0.0495,0.21801001,1.02945,0.021,0.172817481024333,-0.151263033531549,-0.269002335607054,0.0380047826455702,0.0283,4347979300,1915391442944,11.587125,7.7176666,0.41073072,0.0207912214842622,0.0225629158229679,0.0184384903486027,0.0406240800706506,0.000849377123442809,0.261669024045262,-0.185289957567185,0.0166902404526167,1767.5,,,2.2,Buy,1.50137672441046,Financial Services,
7182,"JAPAN POST BANK Co., Ltd.",,,JP3946750001,0.00266,0.30753002,0.44541,,0.702,0.108379568126522,-0.20063564383708,-0.265506565717949,-0.0423732775345968,0.0283,19965759800,11718933610496,22.37182,28.064487,1.2687595,-0.0027280994240679,0.00304878048780488,-0.0257625111045307,-0.0286389134927665,0.0578778135048232,0.246200607902736,-0.133738601823708,0.0753799392097264,3290,,,2,Buy,0.797157631992347,Financial Services,
7184,"The First Bank Of Toyama, Ltd.",,,JP3632150003,0.01082,0.33032,0.55354,,0.606,0.565816897839751,-0.341260881563433,-0.415596588246321,-0.149126335076194,0.0216,568156050,210846826496,14.513697,,1.0943176,0.0358744394618834,0.0612557427258806,0.0176211453744493,0.05,0.21196222455404,,,,3465,,,,,,Financial Services,
7186,"Yokohama Financial Group, Inc.",,,,,0.2792,0.44278,,0.217,0.546514582594909,0.19376819225933,0.0266364819071164,0.0408272617673293,0.0253,7432192260,2107850358784,20.202127,25.634449,1.4502072,0.00369978858350951,0.00396510705789056,-0.0293892154357271,-0.0127371978164804,0.029826464208243,0.29015271195366,-0.210110584518167,0.0888771985255397,1899,,,1.8,Buy,0.788085088156176,Financial Services,
7187,"J-Lease Co.,Ltd.",,,JP3386590008,0.11151,0.10288999,0.15541,0.82789,-0.205,0.230135159706649,-0.0697699890470975,-0.140182251416795,0.062443469585313,0.0457,76174720,23393716224,9.514831,10.139104,3.1738505,-0.00228136882129278,-0.015015015015015,-0.0395314787701318,-0.0194319880418535,-0.0430342815463166,,,,1312,,,,,0.938429174806768,Real Estate,
7189,"Nishi-Nippon Financial Holdings, Inc.",,,JP3658850007,0.00349,0.22153999,0.39588,,0.832,0.129676389943148,-0.208065485549156,-0.229825451095225,0.0416548293551032,0.0288,2094521040,677748473856,0.016894775,20.317327,1.0587008,0.00267875540902535,0.0105919003115265,-0.0127814972611077,-0.0163735597331716,0.16327994262491,-0.0957665433621044,-0.190300041101521,-0.143033292231813,4866,,,,,0.00083154516339674,Financial Services,
7198,SBI ARUHI Corporation,,,JP3126290000,0.02773,0.19148001,0.29187,3.62904,-0.069,-0.263174641053176,-0.406788377474929,-0.301207840514899,0.00226908810740409,0.0481,88360230,36939870208,20.49322,14.679385,1.0178683,0.00120481927710843,-0.0107142857142857,-0.00479041916167665,0.0036231884057971,0.0233990147783251,0.0950661853188929,0.0950661853188929,0.0950661853188929,831,,,,,1.39605439873673,Financial Services,
7199,"Premium Group Co., Ltd.",,,JP3833710001,0.029749999,0.14366001,0.20642,3.24243,0.408,-0.0769458820739135,0.260162925224221,-0.00212593918360308,0.121616512860036,0.0316,416791740,78488535040,12.91988,11.36848,3.06568,-0.00196947316592811,-0.039791567977262,-0.04070042593469,-0.0117016089712335,-0.013625304136253,1.07202762703503,1.07202762703503,1.07202762703503,2027,,,1,Strong Buy,1.13646503314427,Financial Services,
7201,"Nissan Motor Co., Ltd.",,,JP3672400003,0.00693,-0.03372,0.02628,1.72415,,-0.016491754192769,-0.153929087045553,0.0591861808890572,0.100501881287891,,13268286633,1089822457856,,-21.247444,0.22346874,0.011356222110133,0.0304132231404958,-0.0104761904761905,-0.0185768450570893,-0.121971830985916,0.989092075713828,-0.101700352903433,0.251203079884504,311.7,,,3.1,Hold,,Consumer Cyclical,
7202,Isuzu Motors Limited,,,,0.03943,0.04089,0.08979999,0.60175,0.274,-0.0425903964265104,0.0166568813397748,-0.0128977301921694,0.0934141488298032,0.0429,6614632200,1505049313280,11.33775,8.607137,0.99835205,0.00458715596330275,0.0284104249823902,-0.0146231721034871,-0.0110634454730187,-0.109756097560976,0.415525114155251,-0.132420091324201,0.176677168949772,2190,,,2.2,Buy,1.3172498590414,Consumer Cyclical,
7203,Toyota Motor Corporation,,,,0.02339,0.0863,0.07863,1.14974,0.869,-0.0516216025449694,-0.250467700050121,-0.257176961140906,-0.115867308780796,0.033,74983999930,35892597096448,8.628199,9.348591,0.9620402,0.0123580494321977,0.0210544045814384,-0.0162284972411555,-0.032556654963294,-0.0303902751119642,0.616628175519631,-0.0333223358627516,0.222075552622897,3031,,,1.7,Buy,0.92294111486961,Consumer Cyclical,
7211,Mitsubishi Motors Corporation,,,JP3899800001,0.0224,0.00368,0.01627,0.43011,0.909,-0.345163828089657,-0.173970678239776,-0.109385049456814,-0.230791964504494,0.0272,4302523520,492513787904,49.26372,4.032435,0.5376164,0.0213711142600863,0.063891316835725,-0.00325030381190328,-0.0165687119315245,-0.0381599735248448,0.358695652173913,-0.103260869565217,0.0160778804347826,368,,,3.1,Hold,12.2168664838987,Consumer Cyclical,
7220,"Musashi Seimitsu Industry Co., Ltd.",,,JP3912700006,0.04349,0.0041,0.05473,0.78631,0.11,-0.527422222919717,-0.352057603769136,-0.250207822529108,-0.483644160516981,0.0147,2860939890,177812389888,140.8619,15.272461,1.421498,-0.00147221199852779,0.0108047690014903,-0.0727956254272044,-0.0670563961485557,-0.109031198686371,2.02248433468485,0.290084776999631,1.3958717287136,2713,,,2,Buy,9.22326139840855,Consumer Cyclical,
7222,"Nissan Shatai Co., Ltd.",,,JP3672000001,0.03945,0.02104,0.04839,,1.222,0.567446448099149,0.23699577152829,0.361552963355721,0.516821969766042,0.0195,105151200,125158268928,18.149675,,0.672088,0.0120481927710843,0.025527192008879,0.00873362445414847,0.00216919739696312,-0.076,,,,924,,,,,,Consumer Cyclical,
7224,"ShinMaywa Industries, Ltd.",,,JP3384600007,0.03865,0.04302,0.03271,0.38864,1.074,0.0954779012876415,-0.0756903274894589,-0.0991891243415384,-0.00518999997230523,0.0306,332031910,125473923072,10.905433,17.136406,1.0102673,0.0037037037037037,0.0042350449973531,-0.0251798561151079,-0.0186239006725297,-0.0341140529531568,,,,1897,,,,,0.636389742399894,Industrials,
7226,"Kyokuto Kaihatsu Kogyo Co.,Ltd.",,,JP3256900006,0.03095,0.05742,0.03458,0.35853,,0.0875329156451467,0.186805674978504,0.159207063835881,0.0777765507942136,0.053,569602200,87217020928,23.583923,13.490173,0.77569,-0.0043956043956044,-0.00220264317180617,-0.0126416739319965,-0.0169270833333333,-0.03984739296312,0.434878587196468,0.434878587196468,0.434878587196468,2265,,,,,1.74822984108506,Industrials,
7231,"Topy Industries, Limited",,,JP3630200008,0.01572,0.03073,0.00899,0.46762,-0.806,1.34464039349769,-0.336110855354019,-0.279102616710331,-0.0112704089062929,0.045,180630000,64315506688,6.4474535,9.328358,0.45449868,-0.00826446280991736,-0.0099009900990099,-0.0306946688206785,-0.025974025974026,0.015572105619499,0,0,0,3000,,,,,0.691167030682142,Consumer Cyclical,
7236,"T.RAD Co., Ltd.",,,JP3620200000,0.06943,0.05382,0.068909995,0.41732,0.104,0.152620841607051,-0.00133170413081666,0.205450919827928,0.3093578936228,0.0568,450080360,81745534976,9.77525,,1.5350043,-0.00687757909215956,-0.017687074829932,-0.0443414956982131,-0.054354944335298,-0.0210169491525424,,,,1444,,,,,,Consumer Cyclical,
7238,"Akebono Brake Industry Co., Ltd.",,,JP3108400007,0.02734,0.01285,0.03773,0.62311,,0.890564155888251,0.782781974262752,1.16405468087327,0.737182713499606,,427270480,28228722688,30.498533,5.531915,0.5531885,0.00970873786407767,0.00970873786407767,-0.0188679245283019,-0.0188679245283019,-0.037037037037037,,,,104,,,,,5.513196243977,Consumer Cyclical,
7239,"TACHI-S Co., Ltd.",,,JP3465400004,0.046290003,0.03957,0.030280001,0.03706,68.755,0.726847002279869,0.203718371366186,0.0627240341638271,0.066283125382043,0.0503,203045100,78422409216,8.431734,9.438249,0.72410196,-0.00522420548541576,-0.0039232781168265,-0.0395124001681379,-0.0288992775180621,0.00351339481774264,0.0415754923413567,0.0415754923413567,0.0415754923413567,2285,,,,,0.893357867545135,Consumer Cyclical,
7240,NOK Corporation,,,JP3164800009,0.02263,0.06644,0.04221,0.09712,0.623,0.267449573371122,0.00156050060859531,0.154202820399693,-0.111004216467453,0.0463,1241933100,474797408256,10.604465,16.383753,0.7593005,0.0232006773920406,0.0324675324675325,0.00599400599400599,-0.00918333879960643,0.00465580312603924,0.145316120489904,-0.00695134061569017,0.0476663356504469,3021,,,2.5,Buy,0.647254936033276,Consumer Cyclical,
7241,"Futaba Industrial Co., Ltd.",,,JP3824000008,0.035639998,0.023039998,0.02078,0.34934,-0.052,0.498431353020268,0.503853312013421,0.629275772998489,0.156058276980193,0.0429,376741030,95822159872,5.9843836,5.246944,0.68815887,0.0113100848256362,-0.00556070435588508,-0.0419642857142857,-0.0376681614349776,0.0297504798464491,0.276794035414725,0.276794035414725,0.276794035414725,1073,,,1,Strong Buy,1.14054649716101,Consumer Cyclical,
7242,KYB Corporation,,,JP3220200004,0.03443,0.05104,0.07909,0.57228,-0.234,-0.022389186106965,-0.24088326446281,-0.127198223585646,-0.0594858500565292,0.0232,518658000,187474853888,7.374584,7.4780154,0.8188067,0.0108459869848156,0.00107411385606874,-0.0311850311850312,-0.0220356768100735,0.0355555555555556,0.28755364806867,0.28755364806867,0.28755364806867,4660,,,1,Strong Buy,0.986168602969178,Consumer Cyclical,
7245,"Daido Metal Co., Ltd.",,,JP3491800003,,0,0.05709,0.69987,0.737,-0.546299349638179,-0.370829120323559,-0.448003458575696,-0.535097030185261,0.0325,419102190,51044241408,11.834383,16.332842,0.6283496,-0.0150976909413854,-0.0271929824561404,-0.0585738539898132,-0.048068669527897,-0.13359375,0.0820559062218215,0.0820559062218215,0.0820559062218215,1109,,,3,Hold,0.724575857649269,Consumer Cyclical,
7246,"Press Kogyo Co., Ltd.",,,JP3833600004,0.04566,0.04571,0.07414,0.04689,0.793,0.0650520980005632,0.176233195000124,0.255228327508165,0.370593513652096,0.0505,448863540,96674963456,11.547425,13.00525,0.80338085,0.00101010101010101,-0.00201409869083585,-0.042512077294686,-0.00601805416248746,0.153667054714785,0.210898082744702,0.210898082744702,0.210898082744702,991,,,1,Strong Buy,0.887904884565849,Consumer Cyclical,
7259,Aisin Corporation,,,JP3102000001,0.03171,0.03146,0.02782,0.28868,-0.15,0.378119963001283,0.93451016106067,0.353717396989943,0.18121159786199,0.0336,6328932225,1555694354432,16.181805,9.770468,0.7359378,0.0248104755341144,0.0274067250115154,-0.00844632140475661,0.000672947510094213,-0.114353782013103,0.613987895090787,-0.0136740641111858,0.191063304191885,2230.5,,,2.3,Buy,1.65619548623464,Consumer Cyclical,
7261,Mazda Motor Corporation,,,JP3868400007,0.01953,0.02093,0.02554,0.44479,,-0.194002319699278,-0.123283517594196,0.214047754433755,0.14097191079155,0.0482,9208635000,719306096640,20.49254,4.1590657,0.37489256,0.0169491525423729,0.0377787892580792,-0.0301999149298171,-0.0636550308008214,-0.065956575174109,0.578947368421053,-0.0350877192982456,0.142857192982456,1140,,,2.6,Hold,4.92719795217469,Consumer Cyclical,
7267,"Honda Motor Co., Ltd.",,,JP3854600008,-0.00154,-0.00754,0.08756,1.13838,1.475,-0.182091127674547,-0.252419553377887,-0.233870934531533,-0.0298904997777139,0.0421,24871741440,6477979844608,,7.293767,0.52404594,0.0180483328234934,0.0332194970506054,-0.0191570881226054,-0.016548463356974,-0.00359281437125749,0.322115384615385,-0.278846153846154,0.0180995793269231,1664,,,2.5,Buy,,Consumer Cyclical,
7269,Suzuki Motor Corporation,,,JP3397200001,0.060900003,0.0789,0.09263,0.17348,0.8,-0.0279346581392993,-0.181305513445493,-0.25046547231622,-0.0769818869351912,0.0254,14169436350,3949223477248,8.992663,11.614184,1.1158311,0.0176485210042257,0.0338383838383838,-0.00967585873246251,-0.0353440150801131,-0.0494543765962387,0.465559355153884,-0.12066438690767,0.248886516853933,2047,,,1.6,Buy,0.774282807987199,Consumer Cyclical,
7270,Subaru Corporation,,,JP3814800003,0.00074,0.01767,0.03401,0.1314,-0.08,0.160864153354934,-0.00796102748528842,-0.0543279998152894,0.146667416770913,0.0443,10602714395,1822036459520,20.8775,5.8683186,0.66564095,0.0228426395939086,0.0315022642252412,-0.00682464454976303,-0.0174418604651163,-0.0720864328728303,0.374308074059935,-0.160145065852262,0.0447286505058218,2619.5,,,2.9,Hold,3.55766300759471,Consumer Cyclical,
7272,"Yamaha Motor Co., Ltd.",,,JP3942800008,0.03928,0.02792,0.11991,0.79639,2.241,-0.0299754344401653,-0.123861415091446,-0.120202706785089,0.585294740948682,0.0289,11676733865,1680819224576,7.7520595,9.149274,1.3430988,-0.0167518455423055,-0.00459902270767462,-0.0811886442027063,-0.0867616033755274,0.246580273578114,0.212821253248628,-0.306959283857927,-0.0210799884493214,1731.5,,,2.9,Hold,0.847286844835995,Consumer Cyclical,
7276,"Koito Manufacturing Co., Ltd.",,,JP3284600008,0.03908,0,0.06874,0.00238,0.562,0.0578409334927768,-0.163003911850534,-0.16455339753074,-0.0105377460241723,0.0231,1945663380,669215555584,43.101162,17.116703,1.0917063,0.00425038639876352,0.0156311059007425,-0.0359792284866469,-0.0365152919369787,-0.0304047752285021,0.19276644863409,-0.076567910734898,0.0500541746825702,2599,,,2.9,Hold,2.51807617389868,Consumer Cyclical,
7278,EXEDY Corporation,,,JP3161160001,0.04514,0.04674,0.06588,0.26631,0.254,0.823224970260817,0.513097497358999,0.675426497096932,0.329743434395728,0.0602,1663693500,207960637440,19.12065,19.406124,1.102313,-0.010221465076661,-0.0169204737732657,-0.0537459283387622,-0.0522022838499184,-0.0537459283387622,-0.0705679862306368,-0.0705679862306368,-0.0705679862306368,5810,,,2,Buy,0.98528948902934,Consumer Cyclical,
7282,"Toyoda Gosei Co., Ltd.",,,JP3634200004,0.05461,0.055970002,0.07642,0.21634,0.456,0.440895387350566,-0.0853908188585609,0.169912502317024,-0.047152024272281,0.02,2690609950,603778973696,10.427509,14.634493,1.0384214,0.0189986146843459,0.0189986146843459,-0.0468345057386153,-0.0425808850873931,-0.0197982105463545,0.320644785395222,-0.00563216158477374,0.152408234608662,5149,,,2,Buy,0.712529569695377,Consumer Cyclical,
7283,"Aisan Industry Co., Ltd.",,,JP3101600009,0.04192,0.04143,0.06678,0.51192,0.254,-0.263032406334236,-0.169157942090627,-0.369796428670379,-0.568945295880569,0.0397,358535120,121308545024,Infinity,10.311739,0.8326264,-0.00935891436593355,-0.0438121047877145,-0.0839463435742103,-0.0710838086880211,-0.123758278145695,0.275389702409069,0.275389702409069,0.275389702409069,2117,,,,,,Consumer Cyclical,
7294,Yorozu Corporation,,,JP3961400003,0.019170001,0.01564,0.01699,0.60587,,0.234299710889817,-0.0284225387202591,0.03668278780551,0.106348105654668,0.0374,38393460,18167394304,9.891219,5.515948,0.32899424,0,-0.00451467268623025,-0.0350109409190372,-0.0350109409190372,-0.0339539978094195,,,,882,,,,,1.79320381555446,Consumer Cyclical,
7296,"F.C.C. Co., Ltd.",,,JP3166900005,0.0523,0.07316,0.09797,0.02328,0.242,0.241782302871062,0.208691744768263,0.145595516944881,0.68550116133643,0.0438,611603950,194768879616,10.593275,14.84522,0.95695925,0.00984009840098401,0.0340050377833753,-0.0167664670658683,-0.0341176470588235,0.0888594164456233,0.193666260657734,-0.161997563946407,-0.0455542021924482,4105,,,2.6,Hold,0.713581543419363,Consumer Cyclical,
7309,Shimano Inc.,,,JP3358000002,0.03427,0.121829994,0.1302,0.00379,,0.111554374332137,-0.185718875411462,-0.12072855751908,-0.197785448739519,0.0203,5289582900,1510710312960,26.809631,19.46521,1.7418936,-0.012675668228162,-0.0289972899728997,-0.0695923136847572,-0.0732022762545267,-0.145684310920362,0.311749930226068,-0.106893664526933,0.0638368406363382,17915,,,3,Hold,1.37731013433711,Consumer Cyclical,
7313,"TS TECH Co., Ltd.",,,JP3539230007,0.0159,0.018,0.015360001,,1.781,0.17315019213474,0.0673680460524084,0.151227767571814,-0.105865376798634,0.0507,608850960,211861159936,30.028141,17.53165,0.6799356,0.0119944211994421,0.0103035366193261,-0.0181326116373478,-0.0205183585313175,-0.0249932813759742,0.102535832414553,-0.366041896361632,-0.0727673649393605,1814,,,3.6,Underperform,1.71279605741616,Consumer Cyclical,
7322,"San ju San Financial Group,Inc.",,,JP3333500001,0.00261,0.13814999,0.13534,,-0.123,3.25411820926247,-0.278977296818539,-0.372252305060804,0.0979468163945061,0.0216,1048499420,211556941824,17.153223,,0.9071669,-0.0614035087719298,-0.0286669851887243,-0.0583603520148217,-0.04911131898971,0.103691639522258,,,,2033,,,,,,Financial Services,
7327,"Daishi Hokuetsu Financial Group, Inc.",,,JP3483850008,0.00437,0.22284001,0.46576,,0.38,0.233511178648488,-0.110818801417227,-0.219145441519294,0.00455059601124194,0.0304,2143002120,690494898176,16.393545,,1.1568471,0.00458190148911798,0.012312427856868,-0.00566893424036281,0.00727411944869832,0.169853268119164,-0.0687951349296845,-0.0687951349296845,-0.0687951349296845,2631,,,,,,Financial Services,
7337,"Hirogin Holdings, Inc.",,,JP3796150005,0.00378,0.22167999,0.34070998,,0.221,0.33324343126777,-0.164968152866242,-0.256449684490203,-0.0432631812996169,0.0296,1449441510,699213283328,16.207867,,1.160896,0.00425350914504466,0.0109184328837508,-0.0146076794657763,-0.0119271814187068,0.0714771953710007,0.101228293096146,-0.0681914443032613,0.0165184243964422,2361,,,,,,Financial Services,
7350,"Okinawa Financial Group, Inc.",,,JP3194750000,0.00403,0.18836,0.29878,,0.408,0.145103799451626,-0.162271682593444,-0.244617879795872,0.53187083457591,0.0258,1128245000,165436456960,14.662757,20.67218,1.0026226,-0.00641025641025641,0.0143979057591623,-0.0202275600505689,-0.0102171136653895,0.0915492957746479,-0.0193548387096774,-0.0193548387096774,-0.0193548387096774,7750,,,,,0.709299019261636,Financial Services,
7366,LITALICO Inc.,,,JP3974470001,0.10662,0.052649997,0.13233,1.73236,0.635,-0.406685442132736,-0.376028388030015,-0.382674678376088,0.355243592183062,0.0084,149381040,60939292672,21.551828,20.969826,4.330358,0.00393479482855537,0.00337078651685393,-0.0261723009814613,-0.00777777777777778,0.12966476913346,0.366181410974244,0.366181410974244,0.366181410974244,1786,,,,,1.0277542598589,Consumer Defensive,
7380,"Juroku Financial Group,Inc.",,,JP3392650002,0.00377,0.19016,0.33229,,0.26,0.0361347780292206,-0.206339167997599,-0.370167191981765,-0.0638655442996642,0.0213,944904710,466317836288,17.182198,,0.9018115,-0.00227358848048503,0.0237169517884914,-0.00641509433962264,0.00152149106124002,0.14329135909683,,,,2633,,,,,,Financial Services,
7381,"CCI Group, Inc.",,,JP3851600001,0.0023100001,0.10298,0.33054,,0.346,0.483076627493676,-0.383083247911714,-0.412068332245043,-0.175069332467707,0.0235,509794200,281310167040,22.829582,,1.0712544,-0.0123647604327666,0.0126782884310618,-0.00930232558139535,0.0150913423351867,0.201127819548872,,,,1278,,,,,,Financial Services,
7383,"Net Protections Holdings, Inc.",,,JP3758270007,0.02141,0.07245,0.12777,0.53692,0.262,-0.370189360740536,-0.0407412521017462,-0.185431150270274,-0.0322068914225965,,322352670,37910642688,21.83381,34.636364,1.7515551,-0.0230769230769231,-0.042713567839196,-0.0638820638820639,-0.0451127819548872,-0.124137931034483,1.04724409448819,0.548556430446194,0.725721784776903,381,,,,,0.630372460573518,Financial Services,
7384,"Procrea Holdings, Inc.",,,JP3833850005,0.00067000004,0.04972,0.19400999,,0.108,0.298068473845644,0.0666850135021243,0.0228183615668252,-0.103531513418855,0.0196,547485400,144690610176,38.314465,,0.8500863,0.0159045725646123,0.0365111561866126,0.0601659751037344,0.102481121898598,0.317010309278351,,,,5110,,,,,,Financial Services,
7388,FP Partner Inc.,,,JP3167010002,0.08935001,0.05667,0.08479,0.09299,0.011,-0.169286975083125,-0.508497578085853,-0.562031428692448,-0.109858160884427,0.0407,73925240,53252845568,30.959087,10.145947,4.8122935,0.00786026200873363,-0.00474342388960759,-0.00731182795698925,-0.0090167453842851,0.0285204991087344,-0.0684575389948007,-0.0684575389948007,-0.0684575389948007,2308,,,,,3.05137480020347,Financial Services,
7389,"Aichi Financial Group, Inc.",,,JP3104790005,0.00467,0.28855,0.44638002,,2.822,1.53401490505355,-0.195569337803664,-0.25098866796794,0.104400131762881,0.0152,2208029670,482347974656,22.223469,,1.0416512,0.0148717948717949,0.0437763713080169,0.0291211648465939,0.0133128520225294,0.183612440191388,,,,1979,,,,,,Financial Services,
7414,"Onoken Co., Ltd.",,,JP3196700003,0.01439,-0.0085,0.01805,0.63052,0.118,0.00457573305111126,-0.199212749615975,-0.283094255583939,-0.0569870366494725,0.0489,61845600,34498695168,,,0.37220642,0.00355366027007818,0.00141843971631206,-0.0187630298818624,-0.0275482093663912,-0.0341997264021888,,,,1412,,,,,,Industrials,
7421,"Kappa Create Co., Ltd.",,,JP3212400000,-0.01339,-0.020480001,-0.04186,0.6975,,0.47296405209146,-0.221609124537608,-0.216163068530226,-0.0524675571838088,0.0031,137468250,79210487808,,,8.393605,-0.00803461063040791,-0.0086473131562693,-0.00680693069306931,-0.00248601615910503,-0.0331325301204819,,,,1605,,,,,,Consumer Cyclical,
7433,"Hakuto Co., Ltd.",,,JP3766400000,0.031519998,0.029749999,0.04265,0.8161,1.217,0.708609271523179,-0.309752826211918,-0.277940220922677,0.252322641458312,0.0305,444485600,101850767360,20.325356,,1.4729097,0.0304761904761905,0.0423892100192678,0.0246212121212121,0.0150093808630394,0.0885311871227364,,,,5410,,,,,,Technology,
7438,Kondotec Inc.,,,JP3306050000,0.04741,0,0.05459,0.21934,0.339,0.430381982777655,0.237017923789338,0.278174622327333,0.773700179399631,0.0337,79837190,44117766144,13.351436,16.390476,1.140377,-0.00577700751010976,0.00116346713205352,0.0195497630331754,0.00997652582159624,0.0803515379786566,,,,1721,,,,,0.814585006561127,Industrials,
7447,"Nagaileben Co., Ltd.",,,JP3647000003,0.04991,0,0.26264998,,0.053,-0.157883906691359,-0.380647935779817,-0.331070875100536,0.495383421332017,0.0427,141728800,48482291712,19.801981,17.208815,1.246698,-0.00303951367781155,-0.0161967606478704,-0.029585798816568,-0.029585798816568,-0.0641139563415536,,,,1640,,,,,1.15068823739461,Consumer Cyclical,
7453,"Ryohin Keikaku Co., Ltd.",,,JP3976300008,0.03271,-0.01726,0.03749,0.59899,,0.0199003133767047,-0.15158353084872,-0.29941700167715,-0.445466931935037,0.008,12082123800,2125967261696,35.714287,25.430185,5.817221,0.00830815709969789,-0.0316731141199226,-0.0549787635677206,-0.0576470588235294,-0.0483029552217713,0.448189762796504,-0.126092384519351,0.193196004993758,4005,,,1.5,Strong Buy,1.40440531596605,Consumer Cyclical,
7456,"MATSUDA SANGYO Co., Ltd.",,,JP3868500004,0.0939,0.02849,0.049450003,0.36227,1.538,0.179052905086452,0.043751410198556,0.132555400132519,0.514585124975726,0.0177,905242800,175466545152,10.482115,19.33922,1.3997555,-0.0543175487465181,-0.058252427184466,-0.0159420289855072,0.0319148936170213,0.313346228239845,,,,6790,,,1,Strong Buy,0.542013328355539,Basic Materials,
7458,"Daiichikosho Co., Ltd.",,,JP3475200006,0.056350004,0.09481,0.12127,0.43844,-0.102,0.172623621523956,0.0125379040409471,0.0238708885616102,-0.0495702537254983,0.0372,491884785,189024649216,11.91904,12.803725,1.5295726,-0.00570962479608483,-0.000273373428102788,-0.021669341894061,-0.0271348762968875,-0.022192513368984,-0.0155865463494668,-0.0155865463494668,-0.0155865463494668,1828.5,,,3,Hold,0.930904092363746,Consumer Cyclical,
7459,MediPal Holdings Corporation,,,JP3268950007,0.01733,0.01207,0.01353,,0.444,-0.0517781176354507,-0.24141235872322,-0.0833518863341969,0.116223114034121,0.0305,1324183380,590760247296,13.966318,16.732376,0.9092442,0.000520020800832033,-0.0156889495225102,-0.0113052415210689,-0.00994854202401372,-0.0386409060626249,0.0672210672210672,-0.0228690228690229,0.0221760221760222,2886,,,3.3,Hold,0.834688271408675,Healthcare,
7466,SPK Corporation,,,JP3163800000,0.05203,0.036730003,0.05369,0.25747,0.227,-0.094707376496812,-0.197996056067793,-0.146066178494742,0.29114442895089,0.0296,46912140,28654321664,10.637979,,0.97087246,-0.0138985406532314,-0.0118384401114206,-0.0267489711934156,-0.0152671755725191,0.0215982721382289,,,,1419,,,,,,Consumer Cyclical,
7476,AS ONE Corporation,,,JP3131300000,0.08367,0.084759995,0.13139,0.12486,0.259,0.0471989321319818,-0.294938927300512,-0.357145586132367,-0.227092384389931,0.0268,333588720,175532113920,19.1942,19.370821,2.3975868,-0.000202963263649279,-0.00243013365735115,-0.0214541120381406,-0.0108433734939759,-0.0446082234290147,0.421031262687779,0.0962241169305725,0.258627689809176,2463,,,2,Buy,0.990882110778887,Healthcare,
7480,Suzuden Corporation,,,JP3398400006,0.0596,0.042,0.06389,0.06644,1.611,0.185591435591436,-0.417508002954937,-0.439627617068883,0.86313688430456,0.0507,225133600,44001214464,26.882553,,2.6576984,0.0190895741556535,0.029673590504451,0.0146198830409357,0.00579710144927536,0.466610312764159,,,,3470,,,,,,Industrials,
7482,"Shimojima Co., Ltd.",,,JP3359500000,0.06329,0.04938,0.08896,0.00209,1.197,4.43171488748476,-0.0516866158868335,0.322452761407133,0.212584172637977,0.0404,75563100,34758483968,12.690009,,0.9329131,-0.00734802939211757,-0.011968085106383,-0.0431423052157115,-0.0356911096690461,0.0584045584045584,,,,1486,,,,,,Consumer Cyclical,
7483,"Doshisha Co.,Ltd.",,,JP3638000004,0.07132,0.07175,0.11339,,0.011,0.0938986240748748,0.106898464952839,-0.163833805476865,0.0521548849542806,0.0393,190112650,109653508096,12.626054,17.587795,1.1519573,-0.00488599348534202,0.0149501661129568,-0.00163398692810458,0.00163934426229508,0.00163934426229508,0.243862520458265,0.243862520458265,0.243862520458265,3055,,,,,0.717887262161061,Industrials,
7504,Kohsoku Corporation,,,JP3288900008,0.052360002,0.03271,0.046550002,0.04391,0.493,-0.319076714188731,-0.519465305524758,-0.340735151449822,0.218740004913527,0.0273,236363100,85937618944,22.779102,,2.0178192,-0.0276548672566372,-0.00113636363636364,-0.0881742738589212,-0.0900621118012422,0.0680437424058323,,,,4395,,,,,,Consumer Cyclical,
7510,Takebishi Corporation,,,JP3463100002,0.04364,0.02851,0.04915,0.0288,0.37,0.0515353231694223,-0.181577203445991,0.112191017755599,1.58640127512343,0.0342,111111840,42118930432,14.2246275,12.732558,0.92329615,-0.00151975683890578,-0.0201342281879195,-0.050234911456451,-0.0408759124087591,0.0631067961165049,,,,2628,,,,,1.11718536840751,Technology,
7512,Aeon Hokkaido Corporation,,,JP3860270002,0.03011,0.01286,0.01958,2.29592,6.763,0.0873229102601452,-0.144474204805619,-0.209422067549064,-0.0322936057292435,0.0186,122279220,119787896832,32.15086,17.464504,1.5718764,0,-0.00231749710312862,-0.0046242774566474,0.00819672131147541,-0.0103448275862069,,,,861,,,,,1.84092602916178,Consumer Cyclical,
7513,"Kojima Co.,Ltd.",,,JP3297380002,0.04537,0.02004,0.04217,0.11508,0.589,-0.439663468844023,-0.541179013680017,-0.399904847491674,0.413131070187923,0.0395,356623080,109305716736,21.83413,,1.4882201,0.00852878464818763,0.00424628450106157,-0.00560616678346181,0.0106837606837607,0.0131408649051734,,,,1419,,,,,,Consumer Cyclical,
7525,Rix Corporation,,,JP3974500005,0.05377,0.05806,0.06434,0.18127,0.265,0.834235368156073,-0.271589002194398,-0.0390183140317802,0.247929215064781,0.0461,58630200,28492382208,8.952449,,0.9879648,-0.00424929178470255,-0.0126404494382022,-0.0195258019525802,-0.0276625172890733,-0.0195258019525802,,,,3515,,,,,,Industrials,
7532,Pan Pacific International Holdings Corporation,,,JP3639650005,0.070199996,0.04502,0.06032,0.48507,,0.763109954404033,0.394902027313597,0.356420729588316,0.43815928014018,0.0138,14131510681,2170660192256,19.763199,4.097861,3.07145,-0.0292780748663101,-0.0663495067469471,-0.0645452350156217,-0.0557867360208062,-0.228701953293519,0.790386999035945,0.23949869164027,0.448743148326677,726.1,,,1.8,Buy,4.82280853352517,Consumer Defensive,
7537,Marubun Corporation,,,JP3877500003,0.0397,0.014730001,0.03455,0.70625,-0.202,-0.0460968299201205,-0.354492880547209,-0.38157671418873,0.275673327936401,0.0434,147292160,47184809984,14.265312,7.347773,0.82109904,0.00841278743690409,0.0399074609600925,-0.00277315585135885,-0.00827357970215113,0.104422604422604,,,,1798,,,,,1.94144702075037,Technology,
7545,"Nishimatsuya Chain Co., Ltd.",,,JP3659300002,0.04019,0.03541,0.097550005,,0.081,-0.588334854802497,-0.495347237218085,-0.584949445142006,0.076748003504567,0.0165,346495020,115750567936,16.77922,11.862643,1.163338,-0.00869565217391304,-0.0285714285714286,-0.0314842578710645,-0.0358208955223881,-0.0447451402545249,0.186790505675955,0.042311661506708,0.114551083591331,1938,,,,,1.41445881832573,Consumer Cyclical,
7550,"Zensho Holdings Co., Ltd.",,,JP3429300001,0.06276,0.04079,0.0764,0.91263,0.894,-0.0848971177839052,-0.090707924718777,-0.179614825693508,-0.080309306056602,0.0071,5627049750,1757852860416,40.650555,35.636124,4.9586124,-0.0140412461605968,-0.0498942917547569,-0.0602258469259724,-0.0213414634146341,0.101470588235294,0.246105919003115,0.0680907877169559,0.167779261237205,11235,,,2.3,Buy,1.14071202019614,Consumer Cyclical,
7552,Happinet Corporation,,,JP3770300006,0.072859995,0.021240002,0.041739997,,-0.162,-0.383479769522172,-0.307190022010271,-0.337962962962963,0.19533210373576,0.0254,628357400,161989083136,16.447514,10.8895035,2.739752,0.013550135501355,-0.00266666666666667,0.0218579234972678,-0.00399467376830892,0.0983847283406755,,,,3740,,,,,1.51040072671817,Consumer Cyclical,
7570,"Hashimoto Sogyo Holdings Co.,Ltd.",,,JP3768000006,0.016210001,0.016970001,0.008880001,0.74101,0.354,0.113914009201967,-0.437469665102734,-0.110430743243243,-0.160820451843044,0.0378,14086710,26795495424,9.52348,,0.7059113,0,-0.0114860014357502,-0.0343618513323983,-0.0164285714285714,-0.0370629370629371,,,,1377,,,,,,Industrials,
7575,"Japan Lifeline Co., Ltd.",,,JP3754500001,0.10559,0.15472999,0.19926001,0.04493,0.002,-0.0224315338093783,-0.119451578716213,-0.147142140517572,0.411991021310792,0.0367,270068040,106915430400,11.428571,12.504103,1.6587936,0.00461437046802901,0.0180360721442886,-0.00131061598951507,-0.0439146800501882,0.0495867768595041,0.122047244094488,-0.015748031496063,0.0411198162729659,1524,,,,,0.913985673342582,Healthcare,
7581,"Saizeriya Co.,Ltd.",,,JP3310500008,0.05942,0.04171,0.05955,0.22327,-0.017,-0.3615867559034,-0.37263369307096,-0.281523713498453,-0.479779193897002,0.0052,2981506400,331126702080,27.39726,24.26468,2.521753,-0.0316091954022989,-0.0989304812834225,-0.058659217877095,-0.0316091954022989,-0.161778185095577,0.379821958456973,-0.198813056379822,0.167161201780415,6740,,,1.6,Buy,1.12910040437376,Consumer Cyclical,
7590,"Takasho Co.,Ltd.",,,JP3456500002,,0,0.052270003,0.46769,-0.504,-0.314117590776444,-0.38291788856305,-0.457794629537543,-0.024649771963168,0.0128,10404510,6591646720,25.639345,15.829959,0.50670445,-0.00255102040816327,-0.010126582278481,-0.0175879396984925,-0.0175879396984925,-0.00255102040816327,,,,391,,,,,1.61967223035764,Consumer Cyclical,
7593,"Vt Holdings Co.,Ltd.",,,JP3854700006,0.028080001,0.01377,0.035269998,1.15234,0.574,0.611547231080572,1.16279754939654,0.621605337664142,0.210348053832388,0.0467,266339380,58317578240,12.391514,7.3428574,0.8423813,0.00390625,-0.0246679316888046,-0.0481481481481482,-0.042830540037244,0.028,,,,514,,,,,1.6875602132761,Consumer Cyclical,
7599,IDOM Inc.,,,JP3235700006,0.051119998,0.02122,0.027290002,1.24024,0.173,-0.0511317981050142,0.313555797796473,-0.0888409292191032,0.104338095924967,0.0353,1048318260,120789901312,10.141628,8.017327,1.346148,-0.00906095551894563,-0.0227457351746548,-0.0399042298483639,-0.0345104333868379,-0.0542248612499867,0.662510390689942,0.180382377389859,0.417290108063175,1203,,,,,1.26496374664523,Consumer Cyclical,
7606,United Arrows Ltd.,,,JP3949400000,0.08816,0.04072,0.08123,0.12147,0.449,0.155603917301414,0.0222506684375164,0.0480232399800282,0.246620705048402,0.04,538011980,61631954944,10.38439,10.782796,1.5050677,-0.00905172413793104,-0.0241935483870968,-0.0420833333333333,-0.0324074074074074,-0.0744766505636071,0.652892561983471,0.135276207046542,0.327751196172249,2299,,,2,Buy,0.96305169827937,Consumer Cyclical,
7607,"Shinwa Co., Ltd.",,,JP3384710004,0.04144,0,0.04724,,-0.218,-0.123906946048507,-0.396579804560261,-0.378772202103811,0.614813016027198,0.0418,79847450,39774167040,10.718287,11.329766,0.85776496,-0.00670016750418761,-0.00769745649263722,-0.0214521452145215,-0.0230642504118616,-0.0591838540163311,,,,2965,,,,,0.94602898241676,Industrials,
7609,"Daitron Co., Ltd.",,,JP3487600003,0.06806,0.05197,0.08786,0.00891,0.198,-0.122108092541039,-0.377259239277043,-0.242194522872011,0.925200541723096,0.033,388699300,82962178048,13.986138,9.931852,2.1090646,-0.025990099009901,0.0154838709677419,0.00127226463104326,0.00510855683269476,0.249206349206349,,,,3935,,,0,Strong Buy,1.40821047272956,Technology,
7611,Hiday Hidaka Corp.,,,JP3765180009,0.12936,0.07659,0.1244,,0.158,-0.53121016340248,-0.539361733447169,-0.517665029800952,0.343790588470377,0.0175,427948800,107144986624,22.778418,28.049011,4.240337,-0.008,-0.0242622950819672,-0.0290375203915171,-0.0321951219512195,0.01012076754851,,,,2976,,,,,0.81209344600421,Consumer Cyclical,
7613,SIIX Corporation,,,JP3346700002,0.029679999,0.01318,0.03767,0.29681,0.828,0.107347725346991,-0.204122924663553,-0.115646597819668,0.38492826120348,0.0333,332700000,70724091904,18.05054,9.009009,0.6426308,0.00806451612903226,-0.00727994705493051,-0.0820073439412485,-0.0683229813664596,0.0615711252653928,,,,1500,,,,,2.00360994200361,Technology,
7616,"Colowide Co.,Ltd.",,,JP3305970000,0.02217,0.00818,0.03049,2.31952,,-0.0146615489184759,-0.205291277098531,-0.0576349607806279,-0.133742378533411,0.0025,750487650,216332288000,129.86598,,2.5671625,-0.00634765625,-0.00900900900900901,-0.0355450236966825,-0.038961038961039,-0.0572156590224693,,,,2035,,,,,,Consumer Cyclical,
7628,Ohashi Technica Inc.,,,JP3173100003,0.03615,0.05494,0.07775,,0.502,0.75110545357095,0.436030964109782,0.633591934637584,0.134458055422352,0.0395,36541180,29106470912,13.985497,,0.7085165,0.0124555160142349,0.00886524822695036,-0.0372250423011844,-0.0412805391743892,-0.0214961306964746,,,,1138,,,,,,Consumer Cyclical,
7630,"Ichibanya Co., Ltd.",,,JP3142150006,0.06316,0.03548,0.06397,0.03972,-0.211,-0.123135559402876,-0.0509962565299689,0.0092589781986941,0.667097228380402,0.0147,1238883100,173969784832,68.03995,50.462963,5.474883,-0.0045662100456621,0.00275988960441582,-0.00183150183150183,-0.00818926296633303,0.135646992613884,,,,1090,,,,,1.348314604515,Consumer Cyclical,
7637,"Hakudo Co., Ltd.",,,JP3766500007,0.051209997,0.03936,0.06287,,2.507,-0.0334795452510966,-0.53457216940363,-0.463505092312701,0.70200952093217,0.0422,94475350,38391549952,17.889229,17.448454,1.466897,-0.0369843527738265,-0.0478199718706048,-0.0776566757493188,-0.0949197860962567,0.0195783132530121,,,,3385,,,,,1.02526155039295,Industrials,
7649,"Sugi Holdings Co.,Ltd.",,,JP3397060009,0.05333,0.02962,0.0471,0.31598,-0.675,0.568739963914834,0.265902060519969,0.299040730983557,0.11036190286539,0.0198,3234980480,470346629120,10.1730385,8.152208,1.5565965,-0.0209140201394268,-0.0445956160241875,-0.0496240601503759,-0.0261941448382126,-0.13917831824543,0.503164556962025,0.25,0.376142800632911,1264,,,2.4,Buy,1.24788750483305,Healthcare,
7685,"BuySell Technologies Co.,Ltd.",,,JP3778270003,0.1434,0.06768,0.099750005,1.0932,59.599,0.784869522512668,-0.0345471414196431,-0.249278446623884,0.155538419520132,0.0193,1005060000,173117652992,20.876827,12.028524,6.3329506,-0.0341497067954467,-0.0804597701149425,-0.129082426127527,-0.0666666666666667,-0.0479428765725944,0.785714285714286,0.714285714285714,0.738095178571429,2800,,,1.3,Strong Buy,1.73561003827236,Consumer Cyclical,
7701,Shimadzu Corporation,,,JP3357200009,0.06876,0.11504,0.109230004,0.01812,0.683,0.45951171213424,0.123424446558925,0.102944349790594,-0.181227367557624,0.023,3636587860,1081213976576,17.857313,17.437904,1.8798815,-0.00425758382118148,-0.00637280934678704,-0.0270410816432657,-0.0507356671740233,-0.0921882581271228,0.73703901656868,-0.0913949759486906,0.361126002137894,3742,,,1.7,Buy,1.02405157179441,Technology,
7717,"V Technology Co., Ltd.",,,JP3829900004,0.03986,0.05924,0.025910001,0.5193,,-0.633822639835464,-0.697537556140623,-0.628175206365116,-0.634917654601984,0.0145,882698600,52294672384,22.727272,24.420403,1.4053553,-0.0415944540727903,-0.0195035460992908,-0.0177619893428064,0.0317164179104478,0.103792415169661,0.989150090415913,0.20253164556962,0.595840867992767,5530,,,,,0.930667360403512,Industrials,
7721,TOKYO KEIKI INC.,,,JP3624000000,0.043649998,0.0677,-0.02174,0.45527,,-0.268791118963176,-0.318625465737891,-0.383784627676427,-0.443157496961874,0.0073,1626692500,107636056064,26.88172,32.144085,2.3783114,-0.00606980273141123,-0.0534682080924856,-0.0902777777777778,-0.0353460972017673,-0.00606980273141123,1.01526717557252,-0.175572519083969,0.316030534351145,6550,,,1.4,Strong Buy,0.836288231567332,Technology,
7729,"Tokyo Seimitsu Co., Ltd.",,,,0.09106,0.15159,0.16126,0.06665,0.445,-0.410886765791732,-0.443817970606892,-0.435692184030935,-0.149963517595961,0.0187,4699688150,661003173888,26.88181,26.703289,3.4645996,-0.0341043890865955,-0.0239736290080911,-0.0335311572700297,-0.0323826500297089,0.0543865328585303,0.473748848633712,0.013202333435677,0.291065397605158,16285,,,,,1.00668535624956,Technology,
7731,Nikon Corporation,,,,-0.00798,-0.13798,-0.00607,0.36892,-0.864,0.0771549991653525,0.24383264863981,0.00648187347310923,-0.0738320881872778,0.0117,2887933725,560832053248,,16.078005,0.9452258,-0.0110368864362475,-0.0625,-0.0944148936170213,-0.100158562367865,-0.0747282608695652,0.292217327459618,-0.353891336270191,-0.0290748898678414,1702.5,,,3.7,Underperform,,Consumer Cyclical,
7733,Olympus Corporation,,,JP3201200007,0.06335,0.074939996,0.12509,0.42638,1.226,0.31755318909966,0.0514120131071276,-0.0991932167095433,0.132841097164447,0.0152,9056602200,2093819756544,32.152767,15.67972,2.7995043,0.0241746815700546,0.00254452926208651,-0.0441533236293062,-0.0553824023016063,0.0605652759084791,0.6751269035533,-0.0862944162436548,0.0972277157360405,1970,,,2.6,Hold,2.05059573767899,Healthcare,
7735,"SCREEN Holdings Co., Ltd.",,,JP3494600004,0.09986,0.14501001,0.118,0.01215,-0.372,-0.411771645780741,-0.465920615895261,-0.516754496026767,-0.30309228015496,0.0201,19840354800,2317271171072,25.189098,14.010518,4.6614633,-0.0601993865030675,-0.0764883195177091,-0.0594781273983116,-0.0677063522251807,0.0229549248747913,1.03998368013056,0.0444716442268462,0.44889840881273,12255,,,2.3,Buy,1.79787057123798,Technology,
7741,HOYA Corporation,,,JP3837800006,0.14042,0.27176002,0.32389998,0.04404,0.3,0.137032220453373,0.232020858360637,0.12823592207099,0.0231660952678068,0.013,28428981700,7590269943808,30.487888,33.211845,7.4761615,-0.0192349254376486,-0.0272240085744909,-0.06006628003314,-0.0708435708435709,-0.0482382550335571,0.586602027324813,0.0180696342000881,0.348611723226091,22690,,,1.5,Strong Buy,0.9179823644245,Healthcare,
7744,"Noritsu Koki Co., Ltd.",,,JP3759500006,0.03012,0.17592,0.15874,0.75613,-0.293,-0.194940521463993,0.27453753734664,-0.0449876902053078,0.410532075317311,0.0384,604098640,204378456064,10.245923,6.115806,0.6601204,-0.00509164969450102,-0.00812182741116751,-0.0491484184914842,-0.042156862745098,0.00566134843026248,0.591606960081883,0.591606960081883,0.591606960081883,1954,,,2,Buy,1.67531851075721,Technology,
7745,"A&D HOLON Holdings Company, Limited",,,JP3160130005,0.07457,0.0804,0.043319996,0.23609,-0.457,-0.079717656350264,-0.226957006692355,-0.344143251163593,0.0554241228009848,0.0212,231104160,77451337728,13.072017,10.825708,1.5572773,-0.0087627059235892,0.0283636363636364,-0.00317236517448009,0.0366568914956012,-0.0248275862068966,0.414427157001414,0.0254596888260255,0.214049964639321,2828,,,,,1.20749765280941,Technology,
7751,Canon Inc.,,,,0.04876,0.07389,0.13483,0.34446,0.555,-0.178149449873769,-0.114725815037696,-0.131690199364306,-0.171070442458533,0.0365,14760249600,3696514826240,11.074308,12.083093,1.0678153,0.00968188105117566,0.00412654745529574,-0.0509209100758397,-0.0639025432784783,-0.0382081686429513,0.301369863013699,-0.0182648401826484,0.0787671232876712,4380,,,2.6,Hold,0.916512684293666,Technology,
7752,"Ricoh Company, Ltd.",,,,0.03233,0.03127,0.075840004,0.43356,2.849,-0.150041224547118,-0.191743426735307,-0.238939927950416,0.0844900796245191,0.0279,2963783000,883743916032,16.181595,13.674547,0.7563605,0.0138041733547352,0.00765794511805999,-0.0656804733727811,-0.0695344725987036,-0.0380749314651234,0.0766307789740342,-0.176694110196327,-0.0690310322989234,1579,,,,,1.1833368227847,Industrials,
7762,"Citizen Watch Co., Ltd.",,,JP3352400000,0.04937,0,0.10102,0.2151,-0.029,0.267549858852779,0.333768358932568,0.223000350865279,0.553266648693869,0.024,4141009600,539225686016,17.330616,27.361645,1.8101801,-0.036197121674662,-0.0474137931034483,-0.154228855721393,-0.189882697947214,0.0854616895874263,0.65158371040724,-0.18552036199095,0.221719457013575,2210,,,2.3,Buy,0.633390865205656,Consumer Cyclical,
7779,CYBERDYNE Inc.,,,JP3311530004,,0,-0.01753,0.01347,0.489,0.221549770797581,-0.543320704074975,-0.442906652121531,-0.24767537641549,,274413000,48560132096,310.81082,153.33333,1.2111255,0.0087719298245614,0.013215859030837,0.036036036036036,0.0599078341013825,0.0747663551401869,0.652173913043478,-0.130434782608696,0.260869565217391,230,,,,,2.02702713102233,Healthcare,
7803,Bushiroad Inc.,,,JP3829930001,0.053379998,0.07895,0.04894,0.63414,-0.426,0.290840076554977,-0.0683179314021681,-0.143274437626744,-0.0154487682530889,0.0068,592029600,59951779840,13.349369,11.855807,2.0626028,0.0277777777777778,-0.00671140939597315,-0.0155210643015521,0.0160183066361556,0.141388174807198,,,,444,,,,,1.12597725317222,Communication Services,
7821,"Maeda Kosen Co., Ltd.",,,JP3861250003,0.082770005,0.13407,0.13536,0.0461,-0.052,-0.343386116168035,-0.448161764705882,-0.45428843521219,0.00789460145825643,0.0167,210018050,127703719936,13.440483,14.881878,1.6764085,-0.0118679050567595,-0.0194572452636969,-0.0401002506265664,-0.0362355309511827,-0.035264483627204,0.671018276762402,0.253263707571802,0.462140992167102,1915,,,1.5,Strong Buy,0.903144280580717,Basic Materials,
7826,"Furuya Metal Co., Ltd.",,,JP3828850002,0.03847,0.05371,0.29356,0.18171,3.252,0.238255148428086,0.663533405551107,0.603354661896407,0.382992897225342,0.0334,7553502600,254110810112,15.898177,25.875458,3.240135,-0.0727109515260323,-0.00958772770853308,-0.00958772770853308,0.0682523267838676,0.750847457627119,0.210067763794773,0.132623426911907,0.17134559535334,10330,,,2,Buy,0.614411424137884,Technology,
7832,BANDAI NAMCO Holdings Inc.,,,JP3778630008,0.114580005,0.111499995,0.21067,,0.346,0.215702486602681,0.445780640956547,0.300859547658578,0.375718170139556,0.0093,16308991110,3437080084480,24.63002,31.540226,3.8802207,0.0234912146676853,0.0011208668036615,-0.0370170709793351,-0.0499911363233469,0.13082928887951,0.324874043664863,-0.326366859488711,-0.0171564470983392,5359,,,2.2,Buy,0.780908164703702,Consumer Cyclical,
7839,"Shoei Co., Ltd.",,,JP3360900009,0.16431999,0.204,0.31015,0.01483,0.329,0.191029928822571,0.239196964680406,0.267772511848341,0.0740459243731161,0.0293,462027720,104760745984,16.639557,14.231063,3.2276843,-0.0125482625482625,-0.0196454240536656,-0.0307910942681194,-0.00583090379008746,0.0328117112569409,0.173020527859238,0.0263929618768328,0.0997067448680352,2046,,,1.7,Buy,1.16924203061992,Consumer Cyclical,
7846,Pilot Corporation,,,JP3780610006,0.0648,0.11003,0.23854999,0.0434,0.437,0.299539003010716,0.0333645112083414,0.0650169701716599,0.568668265675092,0.0236,865074220,213222047744,14.969773,5.24677,1.4686736,0.001232741617357,0.00172668968919586,-0.0522753792298716,-0.0476078799249531,0.109866083629407,0.157350406303866,0.157350406303866,0.157350406303866,2030.5,,,2,Buy,2.85314069417947,Industrials,
7864,"Fuji Seal International, Inc.",,,JP3813800004,0.056999996,0.09533,0.10338,0.07045,0.142,0.00295691523110631,0.498620211693548,0.100647125753148,-0.187370596598971,0.0272,410410800,172834111488,8.36129,16.8137,1.050396,-0.00460829493087558,0.00154559505409583,-0.0181818181818182,-0.00917431192660551,0.0384615384615385,0.234567901234568,-0.0123456790123457,0.13168725308642,3240,,,1,Strong Buy,0.497290304929908,Consumer Cyclical,
7867,"TOMY Company, Ltd.",,,JP3630550006,0.09872,0.044889998,0.08608,0.05321,0.23,1.09357879042469,-0.163120103047264,-0.208793091042194,-0.100247017941655,0.0192,1887440130,312896487424,27.70039,16.898073,2.87746,0.035866780529462,0.0300028304557034,-0.00410509031198686,-0.012214983713355,-0.0238733905579399,0.0964550700741962,-0.175597691673537,-0.0395713107996702,3639,,,2,Buy,1.63926324617014,Consumer Cyclical,
7911,TOPPAN Holdings Inc.,,,JP3629000005,0.01835,0.041350003,0.0438,0.37443,1.372,0.31992905479261,-0.235681318167875,-0.24337216680547,0.049645928137503,0.0061,7287981750,1326969651200,20.790249,17.683382,0.96081996,-0.069515557306026,-0.0587649402390438,-0.0682311181226583,-0.0404142973192526,0.0874568469505178,0.428571428571429,0.26984126984127,0.343915343915344,4725,,,,,1.17569416302832,Industrials,
7912,"Dai Nippon Printing Co., Ltd.",,,JP3493800001,0.03275,0.05409,0.07475,0.1892,-0.457,0.0313471151136945,-0.231788476912888,-0.280345043432424,-0.207624102579777,0.0135,4104143550,1295994978304,12.870193,15.432036,1.056686,-0.0171966255678131,-0.00197693574958814,-0.00883507853403141,-0.00329055610398157,0.0309734513274336,0.320567844172994,-0.174645097391879,0.0762627930009904,3029,,,,,0.833991898411849,Industrials,
7917,ZACROS Corporation,,,JP3821000001,0.043730002,0.04855,0.081140004,0.11606,0.067,-0.312796458311374,-0.306394143560508,-0.361964086782921,-0.0496232316645803,0.0295,148693620,87288045568,11.600685,3.2145777,0.9050365,-0.006519967400163,-0.00245499181669394,-0.0263578274760383,-0.0286852589641434,-0.0841472577009767,0.558654634946678,0.558654634946678,0.558654634946678,1219,,,,,3.60877417895358,Consumer Cyclical,
7936,ASICS Corporation,,,JP3118000003,0.18649,0.13503,0.22604,0.28031,0.633,0.0583572916659238,1.11902381050899,0.69173414872485,0.659970241145626,0.012,25198792230,2827845632000,22.321077,39.471603,7.8795376,-0.00771144278606965,-0.0148184736972092,-0.0649320206282232,-0.053168763351531,-0.174632733291951,0.629481072950614,0.128102281273502,0.432331737277513,3989,,,1.6,Buy,0.565497099269062,Consumer Cyclical,
7944,Roland Corporation,,,JP3983400007,0.07399,0.0136,0.09553,0.45173,-0.15,-0.435300144241787,-0.51390926415948,-0.403359542027681,-0.0313251320253367,0.0464,295728000,96654376960,64.939674,11.198825,2.2239845,-0.00543478260869565,-0.00408163265306123,-0.045632333767927,-0.0418848167539267,-0.126491646778043,0.475409836065574,0.202185792349727,0.347905327868852,3660,,,2,Buy,5.79879353414309,Consumer Cyclical,
7947,FP Corporation,,,JP3167000003,0.04484,0.06092,0.06736,0.51573,0.01,-0.154398958248555,-0.184746301892795,-0.18842978055886,-0.0419618069069303,0.0261,632806800,225807958016,15.174737,16.629936,1.3771299,0.0093998553868402,-0.00746533949520085,-0.0275165447579241,-0.0237762237762238,0.0636190476190476,0.271489971346705,-0.10458452722063,0.0727077363896848,2792,,,2.2,Buy,0.912495213451212,Consumer Cyclical,
7951,Yamaha Corporation,,,JP3942600002,0.03798,0.06704,0.081879996,0.04743,3.623,0.230806139922261,0.218170850473131,0.130100945059814,0.226594373398593,0.0211,2742690720,541953064960,23.36431,16.148905,1.099008,0.00900900900900901,-0.0163672654690619,-0.070188679245283,-0.0663129973474801,-0.0287741426882144,0.136363636363636,-0.147727272727273,0.0192485389610389,1232,,,2.7,Hold,1.44680459758727,Consumer Cyclical,
7956,Pigeon Corporation,,,JP3801600002,0.0813,0.08012,0.1354,,0.271,0.0542839280938534,0.238330921901606,0.0774225457671578,0.050447108339511,0.0397,1801613250,228452630528,24.93806,26.72209,2.673838,-0.0129032258064516,-0.0282012195121951,-0.069795719844358,-0.0879828326180258,-0.0711510441962118,0.30718954248366,-0.0588235294117647,0.185359477124183,1912.5,,,1.8,Buy,0.933237632236101,Consumer Defensive,
7966,LINTEC Corporation,,,JP3977200009,0.04933,0.05824,0.08264,0.02594,0.432,-0.143425615775208,1.09621772178921,2.41951496000615,2.11369019329042,0.0233,11563972800,309775499264,19.531397,18.753408,1.297247,-0.0300751879699248,0.00978473581213307,-0.0444444444444444,-0.0355140186915888,-0.117948717948718,0.550387596899225,-0.263565891472868,0.171511627906977,5160,,,,,1.04148520631557,Basic Materials,
7970,"Shin-Etsu Polymer Co.,Ltd.",,,JP3371600002,0.06005,0.07819,0.13565,,-0.226,-0.469736737453273,-0.571791858775408,-0.560872737221285,-0.411346476680544,0.03,229784400,176898162688,17.984964,16.623867,1.3556144,0.000454545454545455,0.0237209302325581,0.000909504320145521,0.00273348519362187,0.0470980019029496,,,,2201,,,,,1.08187607612597,Basic Materials,
7972,Itoki Corporation,,,JP3142700008,0.07163,0.063260004,0.09066,0.59525,0.079,0.0112668275521181,-0.338648737095767,-0.363235171086756,-0.235771138836239,0.0377,397673640,118131818496,11.614221,13.989455,1.9096332,-0.0280830280830281,-0.0390342052313883,-0.0579881656804734,-0.0602125147579693,-0.176835573940021,0.716917922948074,0.675041876046901,0.695979899497487,2388,,,,,0.830212542232703,Consumer Cyclical,
7974,"Nintendo Co., Ltd.",,,JP3756600007,,0,0.27538002,,0.55,0.0304135486812748,0.29513187579098,-0.020411994978944,0.0258072801798554,0.0271,67795546580,9330203033600,22.221916,23.779861,3.197625,0.0130178996119665,-0.0750857142857143,-0.0843986876343478,-0.0825303253599365,-0.00638428483732351,1.62696157172865,-0.382182132707278,0.300234770789571,8093,,,1.9,Buy,0.934484688535396,Communication Services,
7981,"Takara Standard Co.,Ltd.",,,JP3460000007,0.04106,0.05751,0.05763,0.02217,-0.104,-0.166668917185411,-0.371867237096329,-0.370101535028879,0.0859348902908081,0.0405,345977200,193657077760,13.210068,,0.9900609,0,-0.0032520325203252,-0.0144694533762058,-0.0207667731629393,0.00988467874794069,,,,3065,,,,,,Consumer Cyclical,
7984,"Kokuyo Co., Ltd.",,,JP3297000006,0.049450003,0.05935,0.05534,0.01413,0.282,0.460787676572391,-0.0920996887853692,-0.112859055501461,-0.127408530199422,0.027,949477676,375399809024,17.392473,4.2475967,1.4974277,-0.00603532082370476,-0.00777743917645269,-0.0221310461655222,-0.0170374389582203,0.00733984397616882,0.214396113932436,-0.116802826230956,0.0487966438507397,905.8,,,,,4.09466204736434,Industrials,
7988,Nifco Inc.,,,JP3756200006,0.080170006,0.09257,0.14068,0.08369,-0.076,-0.164705412604884,-0.0835084868502393,-0.0480053183378975,-0.0324706172546261,0.0171,1653902400,456949760000,13.5499935,14.178219,1.527412,0.000204164965291956,-0.00608642726719416,-0.0300930508810137,-0.0295166402535658,-0.0818965517241379,0.224739742804654,-0.0202082057562768,0.135800285772607,4899,,,1.7,Buy,0.955690802913963,Consumer Cyclical,
7994,Okamura Corporation,,,JP3192400004,0.05244,0.06322,0.046409998,0.14728,-0.379,0.444801935954021,-0.288890689628445,-0.404926698416342,-0.326339078111128,0.0454,446393740,219073265664,9.775262,10.347912,1.072401,-0.00814402057436777,-0.0153191489361702,-0.0317991631799163,-0.035431429762401,-0.0207363520947948,0.296456352636128,-0.0492653414001729,0.134399308556612,2314,,,,,0.944660333408324,Industrials,
7995,"Valqua, Ltd.",,,JP3744200001,0.06315,0.11565,0.16886999,0.2523,1.597,-0.466841568284507,-0.464659588685129,-0.461391734035101,-0.276022255208723,0.0267,336909300,112329015296,21.881763,17.495193,2.0018919,-0.0124031007751938,0.0175718849840256,-0.0154559505409583,-0.0154559505409583,0.0425531914893617,0.52276295133438,0.41287284144427,0.467817896389325,6370,,,,,1.25073001481035,Industrials,
8001,ITOCHU Corporation,,,JP3143600009,0.02846,0.060110003,0.05301,0.72922,0.048,0.451630846842956,0.354329928466175,0.341763045963259,0.038972075354382,0.0192,40171335120,16034859843584,17.920475,3.544116,2.3692937,0.00481822163819536,0.00746596398770312,0.0408348457350272,0.0635141400092721,0.13367926859402,0.394943330427201,-0.0845684394071491,0.0907681778552747,2294,,,1.7,Buy,5.05640193492538,Industrials,
8002,Marubeni Corporation,,,JP3877600001,0.01939,0.06611,0.050640002,0.57643,0.222,0.261082609540111,-0.0189698127171223,-0.111805891536983,0.0739086425471571,0.0228,24285639510,8204005670912,15.290732,16.243607,1.8409015,0.00597728631201435,-0.00610236220472441,-0.00473092844470727,-0.00805500982318271,-0.0282909930715935,0.406219053277877,0.0101010101010101,0.187093681917211,5049,,,2.3,Buy,0.94133846010926,Industrials,
8005,Scroll Corporation,,,JP3913600007,0.06307,0.03568,0.07407,,0.36,0.0321033898568521,0.141400547998351,0.00628216141380944,0.819004324204457,0.0561,531356280,56910057472,21.414417,,1.5244211,-0.0103033772180882,-0.0281056773468241,-0.036231884057971,-0.00173210161662818,0.00348229831688915,,,,1729,,,,,,Consumer Cyclical,
8008,Yondoshi Holdings Inc.,,,JP3119950008,0.03183,0.028800001,0.06443,0.41338,0.822,-0.267673560716014,-0.476073903002309,-0.493039879608728,-0.162035844404372,0.0413,162170400,44195098624,24.631956,27.587132,1.1011937,-0.00483558994197292,-0.0110523786641038,-0.0301602262016965,-0.0333489901362142,-0.00226815127620941,0.0689990281827017,0.0689990281827017,0.0689990281827017,2058,,,,,0.892878462320766,Consumer Cyclical,
8012,"Nagase & Co., Ltd.",,,JP3647800006,0.0367,0.03966,0.06081,0.46863,1.065,-0.138901400141657,-0.140300120637797,-0.199045594989093,0.279130605942758,0.0248,1071058560,460590546944,14.305644,3.6965427,1.0294441,-0.009657594381036,0.0139325842696629,-0.0135548753825973,-0.0296774193548387,0.00311249444197421,0.285460992907801,0.285460992907801,0.285460992907801,1128,,,2,Buy,3.87000642519292,Basic Materials,
8014,"Chori Co., Ltd.",,,JP3528200003,0.057779998,0.04151,0.0482,0.00508,0.236,0.0481509168462248,-0.335688250911218,-0.319099593871146,0.779869725383749,0.0409,163069900,103634231296,8.628119,,0.9934801,0.0120336943441637,0.0181598062953995,-0.0311059907834101,-0.00942285041224971,0.0645569620253165,,,,4205,,,,,,Industrials,
8015,Toyota Tsusho Corporation,,,JP3635000007,0.049200002,0.0325,0.05158,0.93242,0.401,0.255822521484606,0.182279716296821,-0.0657701955976401,-0.0662342537021361,0.0165,17691769550,7082300932096,21.505651,21.466534,2.7371328,0.0165545087483176,0.0094894413258487,-0.00461254612546126,0.00198991775006633,0.140075471698113,0.363696544419436,-0.00701707930623593,0.119257248775321,7553,,,1.8,Buy,1.00182223175851,Industrials,
8018,"Sankyo Seiko Co., Ltd.",,,JP3328000009,0.0071799997,0.08969,0.061680004,0.10237,0.235,0.284656319290466,-0.236954740005464,-0.315732507797589,1.80443530197028E-05,0.0326,27803740,30658349056,15.036364,,0.50656205,-0.0036144578313253,-0.0201421800947867,-0.0383720930232558,-0.0282021151586369,0.00242424242424242,,,,827,,,,,,Consumer Cyclical,
8020,Kanematsu Corporation,,,JP3217100001,0.05116,0.03421,0.064229995,0.83248,0.673,0.105010890446605,-0.012740144917902,-0.117585723565006,0.223028087195869,0.0309,1224871380,376587583488,11.614658,6.4107647,1.7674094,-0.00767375575531682,0.00533096401599289,-0.00505605627610464,0.000884564352056612,0.0853717026378897,0.237295625276182,0.126822801590809,0.182059213433495,2263,,,1.5,Strong Buy,1.81174298910082,Industrials,
8022,Mizuno Corporation,,,JP3905200006,0.06633,0.07312,0.11693,0.12697,0.247,0.293191705336427,0.901645874099913,0.2522150496804,0.518497631261669,0.0171,982485800,293583552512,16.10279,6.0478816,1.6474549,-0.0127877237851662,-0.0457354758961681,-0.0665054413542926,-0.0573870573870574,0.0157894736842105,0.295336787564767,-0.0751295336787565,0.163212435233161,3860,,,2,Buy,2.66255047056477,Consumer Cyclical,
8031,"Mitsui & Co., Ltd.",,,JP3893600001,0.01732,0.06225,0.03398,0.63652,0.556,0.216119470893453,-0.126119008067082,-0.160044227717309,-0.0858442825999805,0.0277,36457350600,14381234520064,17.391304,17.21967,1.5972203,-0.00647948164146868,-0.00647948164146868,0.00816895795975294,-0.0115256886110568,0.0284552845528455,0.699604743083004,-0.110671936758893,0.227108003952569,5060,,,2.1,Buy,1.00996732225414,Industrials,
8032,Japan Pulp and Paper Company Limited,,,JP3694000005,0.01815,0.00868,0.02015,0.80497,0.736,0.305471632107874,-0.180865681896256,-0.193327778058347,0.252858206295207,0.0291,264680890,136402763776,31.348202,1.8424188,1.03917,0.0139344262295082,0.0240066225165563,0.0206270627062706,0.0240066225165563,0.101513802315227,,,,1237,,,,,17.0146993723685,Basic Materials,
8035,Tokyo Electron Limited,,,JP3571400005,0.15821,0.23645,0.28866,,0.404,-0.0286201329364215,-0.149189145655397,-0.252174950357333,-0.259042370145057,0.0145,154063521000,23378117263360,41.1522,40.196846,10.918077,-0.0255633402764628,-0.047037037037037,-0.0348837209302326,-0.0310675955563924,-0.0149310872894334,0.98212203653323,-0.178002331908278,0.490647007384376,51460,,,1.6,Buy,1.02376688957139,Technology,
8037,Kamei Corporation,,,JP3219400003,0.03724,0.022809999,0.04022,0.17736,0.558,0.381132327860081,0.520977173453572,0.11447525396768,0.211026673074613,0.0295,267596550,141068926976,11.834395,15.47379,0.78286713,0.0143171806167401,0.0549828178694158,0.0176795580110497,0.00876232201533406,0.182284980744544,,,,4605,,,,,0.764802611383507,Energy,
8043,Starzen Company Limited,,,JP3399100001,0.030480001,0.01986,0.0223,0.70401,0.418,0.190444340400865,-0.0810894780447391,0.0607911768590675,0.200944947033626,0.034,271357520,86393421824,10.482266,,0.9124529,0.00991407799074686,0.0105820105820106,0.0119205298013245,-0.00261096605744125,0.107246376811594,,,,1528,,,,,,Consumer Defensive,
8051,Yamazen Corporation,,,JP3936800006,0.025729999,0,0.01982,0.34992,0.11,-0.0407916411354177,-0.184427873320946,-0.142346874075327,0.00467342799188638,0.0289,441704200,167415332864,19.417185,,1.1959473,0.0104220948410631,0.019453207150368,-0.00154479917610711,0.0020671834625323,0.0905511811023622,,,,1939,,,,,,Industrials,
8052,"Tsubakimoto Kogyo Co., Ltd.",,,JP3534600006,0.03978,0.03771,0.04514,,-0.102,0.665134330607785,0.650741449414016,0.9538881955502,0.891773682546917,0.0417,240736360,52943388672,10.537288,,1.0333954,-0.000346981263011797,-0.00242382271468144,-0.0200680272108844,0.00348310693138279,-0.00138648180242634,,,,2881,,,,,,Industrials,
8053,Sumitomo Corporation,,,JP3404600003,0.02016,0.08262,0.053039998,1.01995,0.132,0.158037819418388,-0.151760208640142,-0.119271681690472,-0.0310443969023756,0.022,22157105140,8612459053056,14.620446,4.110176,1.8233657,0.00551876379690949,-0.00897470764209954,0.0010989010989011,0.0190156599552573,0.144472361809045,0.262349066959385,-0.0889132821075741,0.101564215148189,1822,,,2,Buy,3.55713380643554,Industrials,
8056,BIPROGY Inc.,,,JP3754200008,0.07816,0.06973,0.07275,0.40829,-0.218,-0.00825867452651242,-0.116134491707097,-0.137660006667752,0.339858666853748,0.0295,1807802500,458925211648,14.836796,16.573044,2.594701,0.00656918838737021,0.0199699377281512,-0.0132945575405069,0.00253271422541157,-0.0640394088669951,0.368421052631579,-0.0315789473684211,0.127485410526316,4750,,,2,Buy,0.895236626415763,Technology,
8057,"Uchida Yoko Co., Ltd.",,,JP3157200001,0.05392,0.02933,-0.00275,0.02221,,-0.235077805077805,-0.170313369182273,-0.100258723745866,-0.292126910859686,0.0365,526832360,102734626816,8.223775,2.3592706,1.1987565,-0.00572792362768496,-0.0633992805755396,-0.0939538929969552,-0.0959201388888889,-0.0383194829178209,,,,2083,,,0,Strong Buy,3.48572774992407,Industrials,
8058,Mitsubishi Corporation,,,JP3898400001,0.01393,0.04507,0.02901,0.62621,0.579,0.1960297185081,-0.101159574174422,-0.0878148129222696,-0.0880319581067362,0.025,45927081200,18325801271296,23.866291,23.604038,1.9025811,0.00360938439943854,0.0158311345646438,0.0210118319053448,0.0298353909465021,0.0477287000209336,0.398601398601399,-0.344507492507493,0.0611040959040959,5005,,,2.3,Buy,1.01111051422642,Industrials,
8059,"Daiichi Jitsugyo Co., Ltd.",,,JP3475800003,0.04381,0.047270004,0.02568,0.07537,0.01,-0.252518571283199,-0.364536375615507,-0.133869979087041,0.456132693147097,0.0349,405169200,114833113088,11.627907,14.888797,1.2454283,-0.00138121546961326,0.00277392510402219,-0.0203252032520325,-0.0256064690026954,0.0432900432900433,,,,3615,,,,,0.780983648309531,Industrials,
8060,Canon Marketing Japan Inc.,,,JP3243600008,0.07414,0.06592,0.08304,0.00786,0.025,0.112028462018957,-0.235966127218137,-0.33389648724836,0.132182055575424,0.026,1196166000,753175363584,17.27101,9.726136,1.9350351,0.0116150442477876,0.0275280898876405,-0.0073270013568521,-0.0100135317997294,0.01301578510108,0.366867140513942,0.0114816839803171,0.144751230180426,3658,,,,,1.77573190422178,Industrials,
8061,Seika Corporation,,,JP3414200000,0.03678,0.076630004,0.09175,0.33822,0.547,-0.351179584222224,-0.505943408219974,-0.412451135517498,-0.0430718967028161,0.0406,431008410,103434854400,14.045188,,1.9430797,-0.0149304377332881,-0.0142614601018676,-0.0740031897926635,-0.0813291139240506,0.164460489370237,,,,2903,,,,,,Industrials,
8065,Sato Shoji Corporation,,,JP3322000005,0.028970001,0.021389998,0.025929999,0.40293,-0.073,8.29934418132426,2.73542830540037,2.47555001718804,1.16121573865945,0.035,495240800,65026383872,10.121522,,0.82832795,-0.0832116788321168,-0.052790346907994,-0.117977528089888,-0.132596685082873,0.0449251247920133,,,,3140,,,,,,Basic Materials,
8070,"Tokyo Sangyo Co., Ltd.",,,JP3576600005,0.02555,0.03801,0.03213,0.49502,-0.194,0.628601842675183,0.114780204062172,0.0507131850329921,1.32937661033413,0.041,105134250,25467406336,10.131975,,0.97364765,0.0209424083769634,0.0198744769874477,-0.0111561866125761,-0.0161453077699294,0.167664670658683,,,,975,,,,,,Industrials,
8074,"Yuasa Co., Ltd.",,,JP3945200008,0.04073,0.022179998,0.02536,0.0332,0.243,0.479882085229624,-0.20925906240034,-0.221584699453552,0.093243932230247,0.0358,219603900,137508143104,11.46781,,1.1193902,0.0235109717868339,0.0219092331768388,0.0108359133126935,0.015552099533437,0.123924268502582,,,,6530,,,,,,Industrials,
8075,Shinsho Corporation,,,JP3374000002,0.0214,0.013830001,0.02315,0.55669,0.266,0.133166995474063,-0.277665397429795,-0.324950540252625,0.628441193891478,0.0363,155175500,81512972288,9.832983,,0.79713064,0.0032520325203252,0.013136288998358,-0.0112179487179487,-0.00483870967741936,0.194347657762292,,,,3085,,,,,,Basic Materials,
8078,"Hanwa Co., Ltd.",,,JP3777800008,0.03381,0.01451,0.02863,0.8279,0.195,-0.0624107984381311,0.0269016697588126,-0.0135699185408053,-0.0750947057345364,0.0345,1048751120,368568729600,9.901093,4.613788,0.8466216,0.000523286237571952,-0.00104493207941484,-0.00572022880915237,-0.0209933435739887,0.124044679600235,0.202928870292887,-0.121338912133891,0.0425383891213389,1912,,,2.3,Buy,2.1459791823985,Industrials,
8079,Shoei Foods Corporation,,,JP3361200003,0.03576,0.02999,0.03422,0.35678,0.122,0.816584453686688,-0.502640642939151,-0.398492445401622,-0.497181506985105,0.0199,200219100,72694767616,18.903307,19.69901,1.2239171,-0.0298672566371681,-0.0341409691629956,-0.0255555555555556,-0.0233853006681515,-0.030939226519337,,,,4385,,,,,0.959606954867275,Consumer Defensive,
8081,Kanaden Corporation,,,JP3215000005,,0,0.01679,,0.469,-0.191752791842963,-0.0395784039578404,-0.163263428991906,0.644302680271898,0.0399,102837140,55895220224,14.08427,,1.0921776,0.0040048057669203,0.0270380991396968,0.00159808230123851,0.0104796453043128,0.0153908464965573,,,,2507,,,,,,Industrials,
8084,Ryoden Corporation,,,JP3976200000,0.02585,0.02538,0.03346,0.02155,0.416,0.517595701813298,-0.463735887786521,-0.318654401917248,0.377204774784989,0.0265,211832400,102548168704,19.684877,,1.0863553,0.0277777777777778,0.033297529538131,0.0115667718191377,0.00417536534446764,0.139810426540284,,,,4810,,,,,,Technology,
8088,Iwatani Corporation,,,JP3151600008,0.03197,0.07979,0.057490002,0.44169,5.714,-0.157463643283522,0.00815490165172012,-0.0613718894374078,-0.0287873260554791,0.0222,1649697135,487626309632,10.224915,3.08132,1.0246209,-0.0162526120269329,-0.00516553181498004,-0.0025894538606403,-0.0361692447679709,0.033666747987314,0.132877035638423,-0.150342223271182,-0.0228935567618598,2118.5,,,2.8,Hold,3.318355445069,Industrials,
8093,"Kyokuto Boeki Kaisha, Ltd.",,,JP3257000004,0.025150001,0.0286,0.0291,0.13258,0.011,0.0961038961038961,-0.0214926460543691,-0.126381215469613,0.190311396091388,0.0419,66156480,20997718016,11.654904,,0.6424772,-0.00450704225352113,-0.00394588500563698,-0.0199667221297837,-0.0106382978723404,-0.0061867266591676,,,,1767,,,,,,Technology,
8095,"Astena Holdings Co., Ltd.",,,JP3150000002,0.027520001,0.03446,0.06341,0.70376,0.06,0.114653730806971,-0.494099444405373,-0.480142281378638,-0.394931591898886,0.0354,52466240,20538716160,8.85789,,0.7224313,-0.0135922330097087,-0.0211946050096339,-0.0575139146567718,-0.0557620817843866,0.0099403578528827,,,,508,,,,,,Industrials,
8097,"San-Ai Obbli Co., Ltd.",,,JP3323600001,0.04724,0.01792,0.02402,0.02127,1.503,0.71985752764389,0.41429209136225,0.353161009031454,0.02826877081229,0.0418,296281440,148146372608,16.207434,,1.2771461,-0.0062266500622665,-0.0025,-0.017644645055396,-0.014003294892916,0.018290089323692,,,,2394,,,,,,Energy,
8098,"Inabata & Co.,Ltd.",,,JP3146000009,0.03726,0.02404,0.040370002,0.39736,0.069,1.13771097782117,0.080006514893771,0.186831139312435,0.212086788594797,0.0321,606815550,237816414208,11.574134,13.406561,0.9849709,0.00112359550561798,0,-0.00223964165733483,-0.0143805309734513,0.108208955223881,,,,4455,,,,,0.863318639284154,Basic Materials,
8101,GSI Creos Corporation,,,JP3276000001,,0,0.025150001,0.3308,0.071,-0.201685649202733,-0.29209076477729,-0.298838879578645,-0.0725943404658479,0.0409,78719040,31263430656,12.5,,0.9335965,0.00115874855156431,-0.00689655172413793,-0.0342771982116244,-0.0292134831460674,-0.0481087036356959,,,,2592,,,0,Strong Buy,,Consumer Cyclical,
8103,Meiwa Corporation,,,JP3920600008,0.0318,0.01957,0.02948,0.06176,0.056,0.596805501636071,-0.287689013529389,-0.373852368710981,0.0320759186106038,0.0485,141784900,35865235456,11.547619,,0.9178339,0.00622406639004149,0.0189075630252101,-0.00308324768756423,0.0041407867494824,0.0554951033732318,,,,970,,,,,,Industrials,
8111,Goldwin Inc.,,,JP3306600002,0.09985,0.16871999,0.01577,0.00764,-0.295,-0.0748779643074189,0.0877729761266731,0.0188062608573584,0.405421406925464,0.0335,1218908900,285931044864,11.890538,3.4625008,2.2613442,0.00408359356233486,-0.00830367734282325,-0.0108849976336962,-0.00071718862060722,-0.110827483514146,0.483253588516746,0.100478468899522,0.335725693779904,2090,,,1.8,Buy,3.43408960367605,Consumer Cyclical,
8113,Unicharm Corporation,,,JP3951600000,0.05761,0.066539995,0.13056,0.01469,0.279,0.0148043800740475,0.0305965535197092,-0.137680879613969,0.148920485869817,0.0231,5129764860,1637341462528,25.577957,5.381483,2.017437,0.00666524302962962,-0.0155199172271081,-0.0179585343953161,-0.0306641975698606,-0.0771096023278371,0.523909616395166,0.0299527062532843,0.177689332632685,951.5,,,2.3,Buy,4.75295694513947,Consumer Defensive,
8125,"Wakita & Co.,LTD.",,,JP3992000004,0.024230001,0.03575,0.07361,0.01482,-0.062,-0.230332545954721,-0.404358569769865,-0.427361786148238,-0.078370251680277,0.0512,282157600,97170063360,28.01032,18.842817,0.9991885,0.00617919670442842,-0.00458481915435558,-0.0106329113924051,0.000512032770097286,0.033641791054414,,,,1954,,,,,1.48652507743402,Industrials,
8129,"Toho Holdings Co., Ltd.",,,JP3602600003,0.01242,0.010369999,0.0061000003,0.02216,-0.278,0.0105091398708323,-0.427425737964429,-0.440948060892488,0.0427311261312865,0.0457,497425000,254924390400,15.105625,18.842659,0.967631,-0.00303643724696356,-0.0117883120140456,-0.00530169149204746,-0.015,-0.0569650550502633,0.16751269035533,-0.111675126903553,0.0279187817258883,3940,,,,,0.80167162182365,Healthcare,
8130,Sangetsu Corporation,,,JP3330000005,0.07114,0.07876,0.09832,0.1171,0.71,-0.107609515461606,-0.409678224774508,-0.519480279743885,-0.315559843327612,0.0488,337280250,186662977536,12.755102,11.5707,1.5357143,0.00315955766192733,0.00157728706624606,-0.00157232704402516,-0.00470219435736677,0.00793650793650794,-0.0551181102362205,-0.0551181102362205,-0.0551181102362205,3175,,,3,Hold,1.1023621734208,Consumer Cyclical,
8131,"Mitsuuroko Group Holdings Co.,Ltd.",,,JP3894400005,0.03921,0.02616,0.03855,0.31994,-0.042,0.25934784583245,-0.239905504957881,-0.314248251748252,0.0686768520208688,0.0263,177971930,136994693120,15.220691,,1.2961197,0.0355225113589426,0.0346677672307057,0.0359504132231405,0.0445833333333333,0.171495327102804,,,,2507,,,,,,Energy,
8132,"Sinanen Holdings Co., Ltd.",,,JP3354000006,0.03329,0.01689,0.01637,0.06007,1.527,-0.410078656179176,-0.739270819319252,-0.656156053566548,2.29568195812808,0.0161,55056000,80858251264,18.248264,,1.3584163,0.00269541778975741,0.00269541778975741,0.0205761316872428,-0.0145695364238411,0.0941176470588235,,,,7440,,,,,,Energy,
8133,"Itochu Enex Co.,Ltd.",,,JP3144000001,0.03946,0.02467,0.0422,0.25175,1.591,0.240048658511861,-0.106904386857549,-0.203724887395439,-0.0136714660043374,0.0299,297780300,256766115840,15.9747095,,1.3722513,0.00932090545938748,0.0070859167404783,-0.0273738237810094,-0.026541095890411,0.0833730347784659,,,,2274,,,,,,Industrials,
8136,"Sanrio Company, Ltd.",,,JP3343200006,,0.2755,0.43115002,0.0769,0.081,-0.503147321578845,-0.296833837409054,-0.393773094624939,-0.304382056603163,0.0135,22474083370,1440973324288,26.594316,9.0607605,8.831113,0.0127822752449936,-0.0507188498402556,-0.0608455156064797,-0.089272030651341,-0.121906169190986,0.564997896508204,0.060159865376525,0.311420277660917,1188.5,,,1.5,Buy,2.93510859270588,Consumer Cyclical,
8137,Sun-Wa Technos Corporation,,,JP3345400000,0.03221,0.025009999,0.033299997,0.16579,2.617,0.138562731028484,-0.321126447016919,-0.429791660769383,-0.195979732093185,0.0297,196481250,68372934656,20.618313,,1.2078868,0.0139049826187717,0.0644768856447689,0.0367298578199052,0.0416666666666667,0.253581661891117,,,,4375,,,,,,Technology,
8141,"Shinko Shoji Co., Ltd.",,,JP3374200008,0.00977,0.0105,0.0104600005,0.08322,-0.035,0.315849651728217,-0.554925253603844,-0.609935667851495,-0.405539562903454,0.0118,145075500,44680593408,40.481117,,0.8348572,-0.00127632418634333,-0.00127632418634333,-0.00127632418634333,-0.00127632418634333,0.00320512820512821,,,,1565,,,,,,Technology,
8142,"Toho Co., Ltd.",,,JP3553200001,0.052589998,0.01887,0.02398,0.47634,0.439,-0.209157455885205,-0.474091857264525,-0.516296983991569,-0.412492423621918,0.0432,111031590,45008900096,8.733598,,1.285566,-0.00703729767769177,-0.0105189340813464,-0.0160390516039052,-0.00982456140350877,0.0217233888486604,,,,1411,,,,,,Consumer Defensive,
8150,"Sanshin Electronics Co., Ltd.",,,JP3333200008,0.05465,0.02757,0.02587,0.3229,-0.125,-0.201914180890094,-0.437195002927972,-0.397893772893773,0.53614210811195,0.0439,160935500,39053950976,7.88024,,0.86023617,0.0047244094488189,0.00314465408805031,-0.0434782608695652,-0.0477611940298508,0.0996208204067563,,,,3190,,,,,,Technology,
8151,TOYO Corporation,,,JP3616600007,0.05472,0.071100004,-0.0594,0.05488,,0.0465524497777596,0.2317923346291,-0.00723114344519402,1.131792436068,0.0387,316152700,37802983424,15.528483,14.583837,1.3436639,0.00110619469026549,-0.0356952583910496,-0.0326028861571352,-0.0438457474907554,-0.0553235908141962,,,,1810,,,,,1.06477348862306,Technology,
8153,"Mos Food Services, Inc.",,,JP3922400001,0.04279,0.0377,0.03296,0.10013,-0.538,0.989950852066409,0.57675786471794,0.625911271436126,0.293201730821144,0.0087,590241500,120693768192,26.38478,39.054726,2.0744596,-0.00380710659898477,-0.00127226463104326,0.00512163892445583,0.00770218228498075,-0.0199750312109863,,,,3925,,,,,0.675584819107424,Consumer Cyclical,
8154,"Kaga Electronics Co.,Ltd.",,,JP3206200002,0.05534,0.048260003,0.049640004,0.29389,0.657,-0.244518162215956,-0.385088957921491,-0.373164570133654,-0.0124487327304858,0.0292,518928000,228763353088,7.6452594,12.219959,1.1972479,0.00313479623824451,0.0158730158730159,-0.0224032586558045,-0.0204081632653061,0.0738255033557047,0.25,0.25,0.25,4800,,,1,Strong Buy,0.625637074559743,Technology,
8158,"Soda Nikka Co., Ltd.",,,JP3431400005,0.023670001,0.0404,0.04468,0.04574,1.185,0.330179311956077,-0.305127591467975,0.0419415645617342,1.34426186372666,0.0338,97565000,29670758400,12.547051,,0.8135663,-0.0166414523449319,-0.00383141762452107,-0.0740740740740741,-0.0363232023721275,0.111111111111111,,,,1300,,,,,,Basic Materials,
8159,"Tachibana Eletech Co., Ltd.",,,JP3466600008,0.03194,0.03627,0.03801,0.0985,1.744,-0.146171035363388,-0.558585167309008,-0.469147172591638,0.672010598264342,0.0298,150762300,88566423552,12.225087,12.312863,0.8091656,0.0037359900373599,0.0267515923566879,-0.0158730158730159,-0.0289156626506024,0.188790560471976,,,,4030,,,,,0.992871194944669,Technology,
8160,"Kisoji Co., Ltd.",,,JP3237000009,0.03711,0.03022,-0.09779,0.65998,,-0.166563351178736,-0.318635559316818,-0.317339353668395,0.367833139790252,0.0122,198075120,68963352576,39.840572,,2.215169,-0.00244399185336049,-0.00649087221095335,-0.0121016538926987,-0.0105050505050505,-0.0339250493096647,,,,2449,,,,,,Consumer Cyclical,
8167,"Retail Partners Co., Ltd.",,,JP3873200004,0.02762,0.01752,0.020669999,0.14775,-0.255,-0.188863807373965,-0.535299988334867,-0.547728350501884,1.60883504528727,0.0288,122028100,57651200000,11.614305,,0.65490323,-0.00714285714285714,-0.00997150997150997,-0.00429799426934097,0.0145985401459854,0.00258374726558184,,,,1390,,,,,,Consumer Defensive,
8173,Joshin Corporation,,,JP3393000009,0.0212,0.011419999,0.02807,0.3151,3.678,-0.21902900546351,-0.0425308464849354,-0.0666801062517787,0.148361428630297,0.0236,816855300,109471031296,33.333332,15.765934,1.0272987,0.00954653937947494,0.0266990291262136,0.00118343195266272,0.00954653937947494,0.0548628428927681,,,,4230,,,,,2.11426306871512,Consumer Cyclical,
8174,"Nippon Gas Co., Ltd.",,,JP3695600001,0.09159,0.06953,0.07688,0.76563,0.009,0.285960395656298,0.12590799031477,-0.165985149192445,-0.197173948608195,0.0122,827946040,322476539904,22.173405,21.894432,5.0197773,-0.00492934604009201,-0.0172022070756248,-0.0146436706801172,-0.00230642504118616,0.0262667344517878,0.172391017173052,0.023778071334214,0.10386393659181,3028,,,,,1.01274173269259,Utilities,
8179,"ROYAL HOLDINGS Co., Ltd.",,,JP3983600002,0.03622,0.03477,0.041950002,0.82781,0.237,-0.241690608386483,-0.332311552589374,-0.408976972658052,-0.328631066389059,0.013,335848920,132234452992,22.524336,12.46401,2.3537624,-0.00518902891030393,-0.0139603232916973,-0.00886262924667652,-0.0132352941176471,-0.021865889212828,0.0432190760059613,0.0432190760059613,0.0432190760059613,1342,,,,,1.80715002635588,Consumer Cyclical,
8194,Life Corporation,,,JP3966600003,0.04837,0.02063,0.03238,0.17682,-0.09,0.158857046964508,0.359518101174778,0.105380158887131,-0.0654705314270867,0.0263,644852080,230656049152,12.254654,6.806229,1.4635068,0.00225563909774436,-0.0262965668371074,-0.0416966211358735,-0.0277169948942378,0.0376387612421027,0.0690172543135784,-0.0247561890472618,0.0190047636909228,2666,,,,,1.80050568383756,Consumer Defensive,
8200,"Ringer Hut Co.,Ltd.",,,JP3977000003,0.03194,0.03849,0.052449998,0.60012,0.065,-0.553416803875813,-0.400576909121695,-0.445940284161625,-0.13707321714466,0.0056,265074300,59784523776,34.60327,114.776115,3.892968,-0.00216262975778547,-0.0153649167733675,-0.0224576271186441,-0.00902061855670103,-0.0395015618882198,,,,2307,,,,,0.30148493874357,Consumer Cyclical,
8214,AOKI Holdings Inc.,,,JP3105400000,0.04675,0.043709997,0.02744,0.181,-0.757,0.285038416047234,0.111058936367905,-0.029363469774337,0.0183158811770697,0.0708,298770780,142677934080,15.060454,,1.0182822,-0.00411522633744856,-0.00761570005858231,-0.0308924485125858,-0.0314465408805031,-0.0418552036199095,,,,1694,,,,,,Consumer Cyclical,
8218,"Komeri Co.,Ltd.",,,JP3305600003,0.03743,0.03993,0.097679995,0.12825,0.063,0.0589918774504127,-0.0997388989385304,-0.163654072267167,0.110305561994692,0.0149,365845200,179859832832,12.53149,11.812702,0.69325626,0.00648508430609598,-0.00128700128700129,-0.0102040816326531,0.00910273081924577,-0.0384138785625775,0.0567010309278351,-0.0206185567010309,0.0180412371134021,3880,,,2.5,Buy,1.06084873723218,Consumer Cyclical,
8219,"Aoyama Trading Co., Ltd.",,,JP3106200003,,0,0.02982,0.41016,-0.485,0.280224101468165,0.0758144243081431,-0.0873239311401469,-0.0474477766694834,0.0504,459585620,107028586496,15.724713,4.9468575,0.61354387,0,-0.00658761528326746,-0.0220492866407263,-0.0207792207792208,-0.00264550264550265,-0.124668435013263,-0.124668435013263,-0.124668435013263,754,,,,,3.17872770743851,Consumer Cyclical,
8227,"SHIMAMURA Co., Ltd.",,,,0.06894,0.06506,0.09847999,,0.264,-0.125168769088931,-0.187928187037266,-0.192766639527783,-0.152937597798891,0.0252,1967320110,658357157888,15.673965,5.4114475,1.3365259,-0.00937207122774133,-0.0379247572815534,-0.0240073868882733,-0.0249077490774908,-0.0852600090499172,0.324503311258278,-0.053926206244087,0.112425102491328,3171,,,,,2.89644591396295,Consumer Cyclical,
8233,"Takashimaya Company, Limited",,,JP3456000003,0.02686,-0.010089999,0.16606002,0.86255,0.944,0.0610359245697486,-0.0645566116397192,0.0493927252681326,-0.260032995956614,0.0191,4168347300,615183745024,,15.937903,1.3536001,-0.00896860986547085,-0.00826641473783656,-0.0572519083969466,-0.0704007084348019,-0.0766932127617953,0.238390092879257,-0.0473922362467254,0.126458680638247,2099.5,,,2.8,Hold,,Consumer Cyclical,
8237,"Matsuya Co., Ltd.",,,JP3869200000,0.101289995,0.05017,0.054819997,0.92835,0.634,-0.394776617537614,-0.368246144435164,-0.392772452523343,0.721818755363975,0.0052,1585390000,116702617600,54.945053,36.977493,4.467937,0.0136624063464081,0.0281627179257935,0.0393131495707185,0.117589893100097,0.311642483861693,,,,2300,,,,,1.48590530461327,Consumer Cyclical,
8242,H2O Retailing Corporation,,,JP3774600005,0.03076,0.053200003,0.04423,0.44838,1.728,-0.340347734951821,-0.277646346500074,-0.392545928221713,-0.111092334704875,0.0169,875863185,319295062016,11.236022,14.434539,1.0598109,-0.002990851513019,-0.00753064798598949,-0.0193805156601488,-0.0326049846363947,-0.0332650972364381,0.164637374272102,-0.0118228339509441,0.0764072701605788,2833.5,,,2.5,Buy,0.77841225133688,Consumer Defensive,
8252,"Marui Group Co., Ltd.",,,JP3870400003,0.02765,0.10498,0.21295,3.40718,0.144,0.438173240181479,0.173987936749443,0.0965649213430383,0.143808075522005,0.047,3134127325,509771186176,18.018446,18.04352,2.1614614,-0.003319357092942,-0.0157004830917874,-0.023618004449769,-0.0157004830917874,-0.0613688713392563,0.26205083260298,0.0867659947414549,0.183172655565294,2852.5,,,,,0.998610359841095,Financial Services,
8253,"Credit Saison Co., Ltd.",,,JP3271400008,0.01864,0.12394,0.30652002,4.66593,0.389,0.0968874812183358,0.0133481075406777,-0.0798722102318337,-0.149734847621766,0.0348,3627293000,660180500480,10.82246,13.638657,0.8565311,0.0030561012879284,0.00459116746829908,-0.0169020111253744,-0.00411790203727785,0.00327510917030568,0.262241566920566,0.00108813928182807,0.186343852013058,4595,,,2,Buy,0.79351361354714,Financial Services,
8267,"Aeon Co., Ltd.",,,JP3388200002,0.012200001,0.00839,0.025559999,1.85559,,0.412833489462626,0.00372842021769329,-0.068183206153765,0.0201363823601319,0.0105,13874336450,3686527401984,49.498512,21.262167,3.0477903,-0.0223771093176816,-0.0629395218002813,-0.0542938254080908,-0.0191387559808612,-0.0583822760034487,0.726078799249531,-0.392120075046904,0.0431519699812383,1332.5,,,3.6,Underperform,2.32800880549946,Consumer Cyclical,
8275,Forval Corporation,,,JP3802750004,0.06374,0.02111,0.02046,0.10983,0.792,-0.0234421809466747,-0.340459770114943,-0.3417438392717,0.0551411132557775,0.032,27960000,26113390592,17.667845,,1.4200552,-0.000999000999000999,-0.0089197224975223,-0.00695134061569017,0.017293997965412,-0.0196078431372549,,,,1000,,,,,,Technology,
8276,"Heiwado Co.,Ltd.",,,JP3834400008,0.026199998,0.01833,0.02271,0.10562,-0.445,-0.522841644919081,-0.492833831928202,-0.537181104247033,1.51288851160993,0.0246,277146220,132440145920,14.144615,14.762956,0.6761704,0.00337204945672537,-0.00409074005206396,-0.00741289844329133,-0.0037202380952381,-0.0125543849156177,0.0455563853622106,0.0455563853622106,0.0455563853622106,2678,,,,,0.958115366597313,Consumer Cyclical,
8278,"Fuji Co., Ltd.",,,JP3807400001,0.01426,0.00874,0.0019699999,0.16975,-0.943,-0.174059570752207,-0.337903304619766,-0.252693740739142,0.351090077011711,0.0145,236134080,179098140672,21.882278,,0.7953873,0.00486144871171609,-0.000483558994197292,0.0102639296187683,0.0117474302496329,-0.00676831853494423,,,,2067,,,,,,Consumer Cyclical,
8282,K's Holdings Corporation,,,JP3277150003,0.049000002,0.02419,0.06204,0.23315,1.081,0.0238055213747627,-0.00177701892316365,-0.167106436084864,-0.130597682088826,0.026,1263153990,285612605440,20.28421,18.760784,1.1231866,-0.00804936946605849,-0.00804936946605849,-0.0281282860147213,-0.0311844863731656,-0.054959100204499,0.244252096294293,-0.0803354070868272,0.0449913984311604,1848.5,,,,,1.08120268321409,Consumer Cyclical,
8283,Paltac Corporation,,,JP3782200004,,0.01847,0.01874,,-0.221,,,,,,475304700,401983012864,18.484444,,1.3398305,,,,,,,,,6630,,,,,,Consumer Defensive,
8285,"Mitani Sangyo Co., Ltd.",,,JP3886600000,0.02476,0.03686,0.035350002,0.2032,1.282,1.29173715460908,0.136421648097685,-0.106228141449112,0.0148372390227544,0.0201,45491400,49009844224,13.514431,,0.8558284,0.0270967741935484,0.0297542043984476,0.0101522842639594,0.0231362467866324,0.117977528089888,,,,796,,,,,,Industrials,
8303,"SBI Shinsei Bank, Limited",,,JP3729000004,,0.19402,0.28609,,-0.219,-0.246164614884097,-0.175694925471761,-0.271063617847997,-0.0136423159121266,0.0128,4304356125,1391259549696,11.402297,,1.1366469,-0.00475888324873097,0.0132428940568475,0.000318877551020408,0.00868167202572347,0.106135401974612,0.192221868026777,-0.0755498884284348,0.0168951227287217,1568.5,,,3.3,Hold,,Financial Services,
8304,"Aozora Bank, Ltd.",,,JP3711200000,0.00389,0.2193,0.34358,,0.816,-0.131267091003085,-0.126435860190102,-0.177515042282014,0.211148018637815,0.0272,5122478890,478383374336,18.656233,18.610035,0.9581868,0,0.0224785566400473,0.0152716593245228,0.0155699177438308,0.13344262295082,-0.11194677466011,-0.276829621058721,-0.165943505929997,3457,,,3.8,Underperform,1.002482424133,Financial Services,
8306,"Mitsubishi UFJ Financial Group, Inc.",,,JP3902900004,0.0051499996,0.27446,0.45599997,,0.509,0.31439150394329,-0.109135590672911,-0.0946459647001144,-0.0452874616019278,0.0262,155016734530,41207354884096,15.479916,24.136341,1.8153167,-0.000273074822501365,0.00136761487964989,-0.0327608982826949,-0.00624321389793703,0.0385815602836879,0.190931439497405,-0.379950833105709,0.00667975962851681,3661,,,1.7,Buy,0.641353053472355,Financial Services,
8308,"Resona Holdings, Inc.",,,JP3500610005,0.0035100002,0.23052,0.40370998,,0.163,0.439067773015285,-0.00371707468378937,-0.0848469287394932,-0.00304730148836071,0.0147,24744905640,5632541851648,22.173378,28.639565,1.8800693,0.0134619248543299,0.0124448012846246,-0.0109803921568627,0.00178748758689176,0.157943067033976,0.249008723235527,-0.472640761300555,-0.019176645519429,2522,,,2.4,Buy,0.774221885004189,Financial Services,
8309,"Sumitomo Mitsui Trust Group, Inc.",,,JP3892100003,0.00451,0.21312,0.39499,,0.598,-0.00169352004307471,-0.0675144893879117,-0.253479559559907,-0.136322608780533,0.0269,17475099900,4866215772160,13.387378,4.7578015,1.3275074,0.00540540540540541,0.00597779675491033,-0.0188784008883953,-0.00450704225352113,0.0568181818181818,0.188455008488964,-0.360498019241653,-0.025844142614601,1767,,,2.3,Buy,2.8137739668206,Financial Services,
8316,"Sumitomo Mitsui Financial Group, Inc.",,,JP3890350006,0.00422,0.27818,0.40895998,,0.35,0.207182204013995,-0.172294184038871,-0.157136064218048,-0.0946702925642613,0.013,84050199800,26258412929024,15.503859,21.745697,1.630464,0.00144906535284741,-0.00245381062355658,-0.024283495693915,-0.00860708650121934,0.0367536753675368,0.273332368687599,-0.30979597742729,0.0705156272608884,6911,,,1.8,Buy,0.712962155225468,Financial Services,
8331,"The Chiba Bank, Ltd.",,,JP3511800009,0.00468,0.27705,0.36259997,,0.402,1.5104155795362,0.548911225483867,0.168038386516257,0.0358540811080593,0.0235,8317609940,1886461493248,18.69178,24.732645,1.4654182,0.000366568914956012,-0.00817735780483373,-0.0461377140859839,-0.0253571428571429,0.0463957055214724,0.271528032246244,-0.193843898864053,0.0893577134481495,2729,,,2.1,Buy,0.755753377772576,Financial Services,
8334,"The Gunma Bank, Ltd.",,,JP3276400003,0.0058,0.31309,0.44399,,0.263,0.963090742381152,0.302219321148825,-0.0729576771653543,0.18715223995416,0.0242,3119273360,1094242467840,18.656427,43.473682,1.7302922,0.0124321484853791,0.0111927247289262,-0.00293153992067598,0.0103092783505155,0.168080808080808,0.207194742303701,-0.239017640954687,-0.0326299896229678,2891,,,2.7,Hold,0.429143015767563,Financial Services,
8336,"The Musashino Bank, Ltd.",,,JP3912800004,0.00287,0.15843001,0.24687,,0.142,0.0381691744752678,-0.269027136310007,-0.275580369367451,-0.133926521303021,0.0293,715592340,271626223616,18.018541,,0.98981404,-0.00142704245451302,0.0237746891002195,-0.0123500352858151,-0.00497689299680057,0.10414201183432,,,,2799,,,,,,Financial Services,
8337,"The Chiba Kogyo Bank, Ltd.",,,JP3512200001,0.0026,0.13134,0.21886998,,0.236,-0.191573295985061,-0.385635253719954,-0.408287175117171,0.235867721876767,0.0076,592521340,151839227904,25.061659,,0.89237916,-0.0112275449101796,-0.0156482861400894,-0.0472412549585287,-0.0243722304283604,0.03203125,,,,2642,,,,,,Financial Services,
8338,"Tsukuba Bank, Ltd.",,,JP3231000005,0.0023999999,0.1532,0.19367,,0.984,-0.161249721805259,-0.268772929798028,-0.172552834949331,0.266245297399576,0.0069,1348022280,59829911552,9.073866,,0.53818405,-0.00274725274725275,-0.0175913396481732,-0.0559167750325098,-0.0241935483870968,0.194078947368421,,,,726,,,,,,Financial Services,
8341,"The 77 Bank, Ltd.",,,JP3352000008,0.00611,0.31388,0.5563,,0.803,0.366033572295889,0.179116521759731,-0.0334578147874228,0.253848493117287,0.0262,2567432060,886369419264,16.393644,15.459144,1.1704069,0.00328282828282828,0.0226512226512227,-0.0111996017919363,-0.000251635631605435,0.165444411850983,-0.0938837150767682,-0.219733199093884,-0.156808457085326,3973,,,,,1.06044966008467,Financial Services,
8343,"The Akita Bank, Ltd.",,,JP3107600003,0.00245,0.17218,0.33009997,,0.479,0.682234220707975,0.24219209039548,0.353152453141353,0.359255398190332,0.0042,1329057600,168010973184,21.786291,,0.8972591,0.00639658848614073,0.0488888888888889,0.0454042081949059,0.0888119953863899,0.312934631432545,,,,9440,,,,,,Financial Services,
8344,"The Yamagata Bank, Ltd.",,,JP3934800008,0.0023100001,0.12809,0.20222999,,0.683,1.02384841555047,0.569568381142047,0.231164722167293,0.119471252205505,0.0197,884239300,153317818368,23.981335,,0.99247944,0.0257201646090535,0.0813449023861171,0.075512405609493,0.105321507760532,0.347297297297297,,,,4985,,,,,,Financial Services,
8345,"The Bank of Iwate, Ltd.",,,JP3152400002,0.00261,0.19910999,0.32071,,0.583,0.751396121849991,0.291307247665629,0.163830320127075,0.191951106657443,0.0221,973814980,181072412672,20.325455,,0.90934306,0.0061373225930188,0.0450199203187251,0.0330838912957857,0.0521460088247092,0.210429164743886,,,,2623,,,,,,Financial Services,
8346,"The Toho Bank, Ltd.",,,JP3601000007,0.00207,0.17457001,0.30347002,,0.524,0.375507956610319,-0.00671344265035207,-0.0555679239250471,0.0456387431076862,0.0208,911439790,252136374272,20.408577,,1.1166012,0.00698602794411178,0.0338114754098361,0.0171370967741935,0.0295918367346939,0.192671394799054,,,,1009,,,,,,Financial Services,
8354,"Fukuoka Financial Group, Inc.",,,JP3805010000,0.0027599998,0.21019,0.42450002,,0.258,0.743673613081539,0.25401688490507,0.0220530747149957,0.0238834392123626,0.0268,5094124680,1479155515392,17.330942,19.243252,1.314404,0.00759526261585994,0.0125485122897801,-0.0123659305993691,-0.000127746550843127,0.0689702267140126,0.175418423406158,-0.444231506324262,-0.0322672415995911,7827,,,2.6,Hold,0.900624385109128,Financial Services,
8358,Suruga Bank Ltd.,,,JP3411000007,0.01227,0.44891998,0.59768003,,1.767,0.174010387975132,-0.0372495022077771,-0.241461596907657,-0.0203445343497455,0.0214,2181496640,472381652992,14.124635,32.046597,1.4445845,0.000713266761768902,-0.0350756533700138,-0.0580731789191004,-0.0413392552101127,0.0800615858352579,0.104775481111903,-0.144689950106914,0.0245901639344262,2806,,,1.8,Buy,0.440753038458342,Financial Services,
8359,"Hachijuni Nagano Bank, Ltd.",,,JP3769000005,0.00527,0.26992,0.48618,,0.46,0.175478927203065,0.0036299554163152,-0.055044290445807,-0.0123463852886204,0.024,3542098665,1228890308608,19.157455,51.202652,1.0237843,-0.00588343445486303,-0.00861752841950862,-0.0104319180087848,-0.00898093841642229,0.0840016038492382,0.0356944701313113,-0.223229147401517,-0.0999321990012947,2703.5,,,,,0.374149663185415,Financial Services,
8360,"The Yamanashi Chuo Bank,Ltd.",,,JP3942000005,0.00244,0.14854999,0.32756,,0.48,0.567620674925246,-0.00873947032747755,-0.0258155370259038,-0.0473222384447106,0.0045,1082869900,221235609600,22.12403,,0.92254514,0.00138888888888889,0.03,0.00278164116828929,-0.00138504155124654,0.146263910969793,,,,7210,,,,,,Financial Services,
8361,"The Ogaki Kyoritsu Bank, Ltd.",,,JP3176000002,0.0031299999,0.12885,0.23384,,0.406,0.243335734870317,-0.220037398469,-0.257428834067724,-0.0773201200034881,0.0037,1259147400,336061431808,17.574768,,0.80389386,0.00245098039215686,0.0289308176100629,-0.00968523002421308,0,0.158640226628895,,,,8180,,,,,,Financial Services,
8362,"The Fukui Bank, Ltd.",,,JP3803600000,0.00262,0.16058001,0.11297,,0.928,1.47122394168052,0.269092042570246,0.313223893144032,0.137056197839601,0.0195,827596800,181679095808,21.141882,,1.121109,0.0491803278688525,0.0681502086230876,0.0893617021276596,0.0987124463519313,0.401459854014599,,,,7680,,,,,,Financial Services,
8364,"The Shimizu Bank, Ltd.",,,JP3358400004,0.00135,0.08027001,0.27345,,0.303,-0.0223325062034739,0.0811288632792038,-0.129941418477775,0.410050788559209,0.0193,109254300,35201323008,17.54386,,0.43547815,-0.00955414012738854,-0.0173775671406003,-0.0401234567901235,-0.0126984126984127,0.178030303030303,,,,3110,,,,,,Financial Services,
8366,"The Shiga Bank, Ltd.",,,JP3347600003,0.0031400002,0.17525999,0.37851003,,0.478,-0.199078592215511,-0.521884922905284,-0.540840477687446,-0.365328301725826,0.0175,1669788960,655615983616,30.8658,54.32381,1.015373,-0.00488485694347523,0.0163934426229508,-0.00349406009783368,0.0160313501959387,0.207451312447079,0.0518934081346424,-0.570827489481066,-0.259467040673212,2852,,,,,0.568181797263484,Financial Services,
8367,"The Nanto Bank, Ltd.",,,JP3653400006,0.00265,0.18426001,0.22563,,0.287,0.447852760736196,0.00652956908079194,-0.094964919292169,-0.0422472990922847,0.0287,903469080,306428379136,17.953438,,1.0021944,0.00411734431291817,0.0284659989457037,-0.00964467005076142,-0.00914169629253428,0.14832254267216,,,,1951,,,,,,Financial Services,
8368,"The Hyakugo Bank, Ltd.",,,JP3793800008,0.004,0.20865999,0.264,,1.161,0.336859696409643,-0.318555800103573,-0.318415319280706,0.0988577879369015,0.0175,1773316810,579093594112,21.787304,,1.1056309,0.0113827993254637,0.0430434782608696,0.00968013468013468,0.00334588038477624,0.27538543328017,,,,2399,,,,,,Financial Services,
8370,"The Kiyo Bank, Ltd.",,,JP3248000006,0.00378,0.23029,0.34912,,0.178,0.450738710082451,0.0375155885701893,-0.0954774569825923,-0.0068040489076817,0.0206,737242000,325931171840,14.902954,,1.3142898,0,0.00198019801980198,-0.0193798449612403,0.00796812749003984,0.080042689434365,,,,5060,,,,,,Financial Services,
8377,"Hokuhoku Financial Group, Inc.",,,JP3842400008,0.00404,0.28031,0.51138,,0.689,0.110604932981515,-0.106754509402584,-0.182789372453917,-0.0819031570541989,0.0018,3280695000,982836314112,17.064846,36.47215,1.3105023,0.00377174838788174,0.0215453194650817,-0.00793650793650794,-0.00769785903295646,0.139188069594035,-0.0545454545454545,-0.212121212121212,-0.133333333333333,8250,,,,,0.467887031611791,Financial Services,
8381,"The San-in Godo Bank,Ltd.",,,JP3324000003,0.003,0.19398001,0.23517,,0.99,0.305664954850346,-0.189974762500769,-0.223694028277787,-0.0750928375948671,0.0264,922044080,384227180544,17.181877,,1.1891093,0.00272161741835148,0.0113725490196078,-0.0122558406740712,-0.0197643481565945,0.0951167728237792,,,,2579,,,,,,Financial Services,
8386,"The Hyakujushi Bank, Ltd.",,,JP3794200000,0.00349,0.20327,0.26389998,,0.291,0.167764838083563,-0.0936884044986456,-0.135665658709779,-0.0959044091484897,0.0227,833165950,348878307328,18.587696,,0.8971356,0.00981996726677578,0.0283333333333333,-0.00963081861958266,-0.00803858520900322,0.126323475721066,,,,3085,,,,,,Financial Services,
8387,"The Shikoku Bank, Ltd.",,,JP3350000000,0.0049799997,0.25538,0.16179001,,-0.021,1.19538624050158,0.856761759581882,0.344687523379636,0.13020081203397,0.0208,764445000,172771360768,9.871728,,0.87186056,0.0185185185185185,0.101468624833111,0.0927152317880795,0.134800550206327,0.255707762557078,,,,4125,,,,,,Financial Services,
8388,"The Awa Bank, Ltd.",,,JP3126800006,0.00426,0.18059999,0.24184,,0.56,0.178262063456402,-0.261726102823484,-0.337271371379229,0.383132597985471,0.0035,1358836500,396151750656,25.707005,,0.95600533,0.0251509054325956,0.0366225839267548,0.0251509054325956,0.0505154639175258,0.241169305724726,,,,10190,,,,,,Financial Services,
8392,"The Oita Bank, Ltd.",,,JP3175200009,0.00248,0.12758,0.22617,,0.211,-0.158054842798405,-0.358005841741901,-0.400596209809071,-0.105746675925989,0.0164,868284800,230178095104,21.881525,,0.8725776,0.00829187396351576,0.029810298102981,0.0163824807756603,0.0393162393162393,0.223340040241449,,,,3040,,,,,,Financial Services,
8393,"The Miyazaki Bank, Ltd.",,,JP3908000007,0.00365,0.20813,0.25756,,0.267,0.467890634997045,0.218352681039248,-0.0427963892328749,-0.0430925273064681,0.0208,826212400,225979924480,16.15477,,0.9724879,0.00710545998504114,0.0511319281811085,0.015843078083742,0.0531873289010559,0.186343612334802,,,,2693,,,,,,Financial Services,
8395,The Bank of Saga Ltd.,,,JP3315200000,0.0031299999,0.15724,0.26225,,1.34,0.237002163869232,-0.109643567939208,-0.142733993973471,0.27007338621094,0.0167,331782000,111546351616,13.071896,,0.8481451,0.00303951367781155,0.03125,0.0045662100456621,0.0122699386503067,0.206581352833638,,,,6600,,,,,,Financial Services,
8399,"Bank of The Ryukyus, Limited",,,JP3975000005,0.00303,0.12408,0.21222,,0.161,0.676895392902257,-0.273106676280445,-0.251891083634902,-0.0767996093063476,0.0304,421884400,132040687616,14.556304,22.252937,0.9006439,-0.00155038759689922,0.0157728706624606,-0.00463678516228748,-0.00309597523219814,0.120779672815872,,,,3220,,,,,0.654129565009778,Financial Services,
8410,"Seven Bank, Ltd.",,,JP3105220002,0.01048,0.07405,0.26089,,0.543,-0.141598763617518,-0.396397284510117,-0.490773883385797,-0.0409017527903069,0.0326,1257084920,394082451456,27.769548,19.279999,1.4039263,0.0014841380604751,0.00029650818455592,-0.00852185688214912,-0.00939520271923629,0.0321199336174981,0.037344398340249,-0.199762892708951,-0.104919976289271,337.4,,,3,Hold,1.44032932781791,Financial Services,
8411,"Mizuho Financial Group, Inc.",,,,0.00476,0.29136,0.46686,,0.497,0.212373257569031,-0.173366542761226,-0.186613959586025,-0.0797142275906426,0.0173,80014797460,20947939622912,15.4320755,25.70775,1.8293422,0.00557750406693005,0.00639609256890336,-0.0136767722817415,-0.00173030337985927,0.106932719365567,0.243355673676912,-0.356366997920037,0.0413471227178183,8654,,,2,Buy,0.600288842858671,Financial Services,
8418,"Yamaguchi Financial Group, Inc.",,,JP3935300008,0.0028900001,0.15958,0.32882,,0.516,0.554005084990105,-0.160314290821885,-0.251744627927866,-0.125497893756952,0.03,1570591050,645506007040,20.36625,29.493555,0.94584465,-0.00031210986267166,0.018765903307888,-0.00712957222566646,0.00219023779724656,0.0937339935120369,0.0615048392132376,-0.157040274742429,-0.0477677177645957,3203,,,,,0.690532219666297,Financial Services,
8424,"Fuyo General Lease Co., Ltd.",,,JP3826270005,0.00775,0.02728,0.098129995,5.16379,0.055,0.181157768505763,-0.150352112676056,-0.132367350809171,0.0484999163925052,0.039,757702300,398239531008,18.484404,5.7516937,0.7792139,0,-0.007195862379132,-0.00920107719928187,-0.00986768333707109,-0.0225813593092761,-0.0713476783691959,-0.0713476783691959,-0.0713476783691959,4415,,,,,3.21373233070461,Industrials,
8425,"Mizuho Leasing Company, Limited",,,JP3286500008,0.00749,0.06101,0.07709,7.68988,0.526,-0.205266867854704,-0.250512900217594,-0.276391300189265,-0.0144310859329591,0.0386,795499460,377131466752,7.917647,2.3506813,0.8364041,-0.00148367952522255,-0.00737463126843658,-0.0160818713450292,-0.0288600288600289,0.000743494423791822,,,,1346,,,,,3.36823498787352,Financial Services,
8439,Tokyo Century Corporation,,,JP3424950008,0.0139999995,0,0.119219996,4.1386,0.59,-0.139662611808587,-0.186128853096362,-0.224472939890191,0.179386499264652,0.0339,1836917220,1299129040896,11.709766,14.515864,1.1192875,0.00624645088018172,-0.00337457817772778,-0.0115284492376348,-0.0181012190616919,0.0110308101939901,0.128668171557562,-0.0218209179834462,0.0785051542513169,2658,,,2,Buy,0.806687497209949,Industrials,
8473,"SBI Holdings, Inc.",,,,0.016180001,0.24256,0.54348,3.02859,0.643,-0.318189140074607,0.0236415872742503,-0.129486630242587,0.00337571789323378,0.0322,13627396440,2108529704960,5.221957,8.016909,1.1304345,-0.00851063829787234,-0.0259779038518961,-0.0377581120943953,0.0108459869848156,0.154281670205237,0.382587369711833,0.0116492949110975,0.160987982832618,3262,,,1.7,Buy,0.651367877569772,Financial Services,
8511,"Japan Securities Finance Co., Ltd.",,,JP3714400003,0.00081,0.09521,0.13777,99.8434,0.684,-0.257789325538595,-0.379141746742281,-0.234050699460547,0.176077985066689,0.0387,518240580,196340416512,18.725927,,1.399152,-0.00368852459016393,-0.0105820105820106,-0.026431718061674,-0.0117886178861789,0.0057923045097228,,,,2431,,,,,,Financial Services,
8522,"The Bank of Nagoya, Ltd.",,,JP3648800005,0.00361,0.20255,0.31426,,0.288,-0.0978445963283492,-0.4054723406282,-0.483678223513039,0.0203426226836541,0.028,739739000,351757991936,17.36111,,1.1168836,0,0.0243553008595989,0.00140056022408964,0.00140056022408964,0.127760252365931,,,,7150,,,,,,Financial Services,
8524,"North Pacific Bank,Ltd.",,,JP3843400007,0.00211,0.12051,0.173,,0.413,-0.0584574567612699,-0.291554465682102,-0.323328801919492,-0.269193615735057,0.0247,1847625120,485603966976,19.082624,41.46965,1.2304332,0.00386697602474865,0.00309119010819165,-0.0151745068285281,-0.0121765601217656,0.13859649122807,-0.229583975346687,-0.229583975346687,-0.229583975346687,1298,,,,,0.460158790826544,Financial Services,
8541,"The Ehime Bank, Ltd.",,,JP3166400006,0.0025099998,0.13902001,0.20587,,-0.005,-0.160059870911812,-0.324613645975609,-0.414546571483043,-0.287677326465254,0.0146,565257250,128754761728,17.857141,,0.8895486,0.00918836140888208,0.0345368916797488,0.0264797507788162,0.0732899022801303,0.211397058823529,,,,3295,,,,,,Financial Services,
8544,"The Keiyo Bank, Ltd.",,,JP3281600001,0.00273,0.16764,0.26413,,0.557,0.149696520260195,-0.391125911777781,-0.476094596573437,-0.154691838092203,0.0232,777744050,329632546816,21.551659,,1.0328677,-0.00803633822501747,0.0208558072635743,-0.010801393728223,0.00745209368346345,0.0617053103964099,,,,2839,,,,,,Financial Services,
8550,"The Tochigi Bank, Ltd.",,,JP3627800000,0.0025099998,0.19181,0.24097,,0.22,-0.0494323426250692,-0.475651597650935,-0.431743363746242,-0.133844914571586,0.0279,586511400,111838388224,13.477223,,0.67848605,0,0.0122525918944392,-0.0245231607629428,-0.00831024930747923,0.149892933618844,,,,1074,,,,,,Financial Services,
8551,"The Kita-Nippon Bank, Ltd.",,,JP3238200004,0.0032,0.18160999,0.32994998,,0.608,0.80888111305507,-0.0289252638380357,0.144075444454472,0.332443766679375,0.0075,361332800,68243648512,16.051487,,0.72242105,0.0241545893719807,0.0508054522924411,0.06,0.0816326530612245,0.304615384615385,,,,8480,,,,,,Financial Services,
8558,"The Towa Bank, Ltd.",,,JP3622400004,-0.01222,-0.70502,-0.35397997,,,-0.229141069234506,-0.58440598364933,-0.527571709349924,-0.343289676676569,0.0341,229815400,52020830208,,,0.6101578,-0.00136054421768707,0,-0.0219853431045969,0.0124137931034483,0.107924528301887,,,,1468,,,,,,Financial Services,
8566,"Ricoh Leasing Company, Ltd.",,,JP3974100004,0.0088599995,0.03679,0.05444,4.62294,-0.053,0.127405005040102,-0.382348990283437,-0.256825426156049,-0.12262522553724,0.0272,239407500,211147407360,16.474663,15.191839,0.87560225,0.00587371512481645,0.00439882697947214,0.0178306092124814,0.00735294117647059,0,,,,6850,,,,,1.08444165317971,Financial Services,
8570,"AEON Financial Service Co., Ltd.",,,JP3131400008,0.00457,0.04129,0.13206,,0.153,0.471969833962287,0.212702239117333,0.0184552806699143,0.232304982704527,0.0324,1138459680,353186512896,16.750282,12.257436,0.7406784,0.00306560392397302,0.0225,0.00553165334972342,-0.00304692260816575,0.0611339311326508,0.039119804400978,-0.339853300733496,-0.0999388753056235,1636,,,3.4,Hold,1.36654044124726,Financial Services,
8572,"Acom Co., Ltd.",,,JP3108600002,0.044299997,0.18792,0.36029997,0.95427,-0.439,0.00607727483597332,-0.156428221480128,-0.194585612800844,-0.160260475783418,0.0454,543447559,758711058432,9.524091,10.56962,1.0599554,0.00937893355881658,0.000413125168276948,0.00686070686070688,0.00103351016876261,-0.0108251757300735,0.0324179227751394,0.0117695643196366,0.0169316539335123,484.3,,,3,Hold,0.901081685055849,Financial Services,
8584,"JACCS Co., Ltd.",,,JP3388600003,0.00209,0.07768,0.12246,9.53336,-0.267,0.294398274054604,-0.00470926758703098,-0.0994042704741554,-0.055277459810877,0.0536,387584300,167022182400,9.823286,7.2561035,0.5571157,0.010840108401084,-0.00533333333333333,-0.00533333333333333,-0.0145310435931308,-0.00929614873837981,-0.0616621983914209,-0.0616621983914209,-0.0616621983914209,3730,,,,,1.35379629025413,Financial Services,
8585,Orient Corporation,,,JP3199000005,0.0014,0.04802,0.14611,8.65062,-0.681,0.458050066330135,0.00496735989726391,-0.039454039407959,-0.180651481764042,0.0471,399573360,145336795136,11.273403,51.237175,0.5953408,0.00711743772241993,0.00236127508854782,-0.00701754385964912,-0.00585480093676815,-0.0751633986928105,0.00117785630153121,0.00117785630153121,0.00117785630153121,849,,,,,0.220023898663422,Financial Services,
8591,ORIX Corporation,,,,0.02647,0.17940001,0.21518,1.30278,1.706,0.0498382976645483,-0.0204978754480079,-0.0933084463819036,0.0379277139169131,0.0279,22206887450,6332476293120,10.82258,16.384134,1.415814,0.000821827744904668,0.00961697894213232,-0.0245113745594361,-0.0313394845688832,-0.0357878068091845,0.280998521924782,0.00180653637707341,0.109468829035966,6089,,,2.1,Buy,0.660552458860505,Financial Services,
8593,Mitsubishi HC Capital Inc.,,,JP3499800005,0.0114400005,0.06292,0.0917,4.98194,-0.448,-0.0769217423652196,-0.0575048777631105,-0.139013424556752,0.0372938962314344,0.0376,5692029580,1981511106560,14.556561,12.592256,0.98614895,0.00108656283955089,-0.00611290902553039,-0.00860832137733142,-0.0191625266146203,-0.0727943643072794,0.353111432706223,-0.044862518089725,0.0793535455861071,1382,,,,,1.15599309607429,Financial Services,
8595,"JAFCO Group Co., Ltd.",,,JP3389900006,0.02011,0.29382,0.37780997,0.11315,-0.723,-0.18105520809742,-0.0540525946325395,-0.175636030413125,-0.350375897936296,0.0595,720582440,117799469056,18.082613,6.274015,0.87922233,-0.0066607460035524,-0.018859649122807,-0.0256968641114983,-0.0271798217003696,-0.0138858276394093,0.0505140813589629,0.0505140813589629,0.0505140813589629,2237,,,,,2.88214373092828,Financial Services,
8600,"TOMONY Holdings, Inc.",,,JP3631700006,0.00341,0.21302,0.42246,,0.259,0.256768529990745,-0.193112844326784,-0.282648895711943,-0.030244917490792,0.0264,536015910,218549747712,13.755141,,0.72318673,0.00441696113074205,0.0289592760180996,0.000880281690140845,0.0151785714285714,0.149646107178969,,,,1137,,,,,,Financial Services,
8601,Daiwa Securities Group Inc.,,,JP3502200003,0.0058399998,0.20921,0.30099002,12.21076,0.826,-0.124635390088891,-0.0786097143172902,-0.221368064714874,-0.0435746558864184,0.038,8325361080,2557743464448,14.83689,18.715708,1.4181798,0.00272182906913446,0.00408830744071954,-0.0133904659882164,0.0129227385207589,0.0276150627615063,0.00434310532030402,-0.223669923995657,-0.0794168295331162,1842,,,,,0.792750666979844,Financial Services,
8604,"Nomura Holdings, Inc.",,,JP3762600009,0.0067000003,0.17292999,0.30805,9.45609,0.42,-0.105548413842639,-0.154310115806289,-0.231788807112527,-0.132354859482563,0.0306,15155655335,4864656015360,12.484062,18.301266,1.2687289,-0.000900360144057623,0.00970579314528359,-0.00269622528460156,0.0348150450730494,0.132312925170068,0.0934214478822469,-0.21297686993091,-0.000986963051967606,1664.5,,,,,0.682141989521381,Financial Services,
8609,Okasan Securities Group Inc.,,,JP3190800007,0.01884,0.26577,0.35582,2.29193,3.668,-0.106411563216983,-0.14876459176444,0.0212890269808043,0.241154729262314,0.0328,661037190,245172731904,11.4680195,,1.0399907,-0.00570032573289902,-0.00812347684809098,-0.0137318255250404,0.0260504201680672,0.100991884580703,,,,1221,,,,,,Financial Services,
8613,"Marusan Securities Co., Ltd.",,,JP3874800000,0.06191,0.24540001,0.3339,0.01749,-0.117,-0.13775218221577,-0.265622779319166,-0.308554725313661,-0.168634911975973,0.0356,298193600,85673189376,17.09447,,1.665369,-0.00154559505409583,-0.00920245398773006,-0.017490494296578,0.009375,0.0977060322854715,,,,1292,,,,,,Financial Services,
8614,"Toyo Securities Co., Ltd.",,,JP3611800008,0.06726,0.34267,0.36224997,0.43856,3.196,-0.102804574757471,-0.198726563981307,-0.238697674418605,0.175047674939112,0.07,449627220,48492040192,12.314591,,1.6980754,-0.0110803324099723,-0.0298913043478261,-0.0377358490566038,-0.00833333333333333,0.0753012048192771,,,,714,,,,,,Financial Services,
8616,"Tokai Tokyo Financial Holdings, Inc.",,,JP3577600004,0.01963,0.23346001,0.28819,3.0922,19.728,0.196716515144718,-0.0884304856913387,-0.126261526174399,0.0365631481019173,0.045,890484630,225642971136,13.568377,17.709164,1.1471426,-0.00447928331466965,0.00451977401129944,-0.0155038759689922,-0.00112359550561798,0.121059268600252,-0.325084364454443,-0.325084364454443,-0.325084364454443,889,,,,,0.766178290516706,Financial Services,
8622,"Mito Securities Co., Ltd.",,,JP3905400002,0.05511,0.23229,0.35056,0.08676,3.509,-0.135276752066979,-0.0214580265095729,-0.0544948208868915,0.580129538886899,0.0526,379848420,57282715648,18.552479,,1.3151199,0.00210748155953635,-0.00626959247648903,-0.0305810397553517,0.012779552715655,0.193224592220828,,,,951,,,,,,Financial Services,
8624,"Ichiyoshi Securities Co., Ltd.",,,JP3142300007,0.11193,0.21288,0.32775003,0.01062,6.329,-0.0934248312385784,-0.24310855305138,-0.221169887162242,0.0431871777277075,0.0406,233731430,54640574464,12.422315,,1.7747536,-0.00585137507314219,-0.0145011600928074,-0.0190531177829099,0.0259661835748792,0.114098360655738,,,,1699,,,,,,Financial Services,
8628,"Matsui Securities Co., Ltd.",,,JP3863800003,,0.30533,0.55165,6.23573,0.949,-0.239832066429811,-0.312546605530787,-0.105623835853512,-0.168171300002131,0.0474,1204159410,304219455488,19.686613,24.151329,3.3678002,-0.0117154811715481,-0.0207296849087894,-0.0199170124481328,-0.00169061707523246,0.122623574144487,-0.0685859441151566,-0.0685859441151566,-0.0685859441151566,1181,,,3,Hold,0.815135804741843,Financial Services,
8630,"Sompo Holdings, Inc.",,,JP3165000005,0.03344,0.11423001,0.13623999,0.1764,0.594,0.114814103333179,-0.0623776440174237,-0.131900258492427,-0.131264512416889,0.0295,14876381400,6007079567360,27.026812,24.815914,1.1363786,0.0189530685920578,0.0191063637731307,-0.0119603267211202,-0.0136866627839255,-0.0616428868264303,0.279893711248893,-0.293032181871863,0.0228816061411278,6774,,,2.5,Buy,1.08909194317808,Financial Services,
8697,"Japan Exchange Group, Inc.",,,JP3183200009,,0,0.6487,0.15701,,-0.0981234161635173,-0.112234049851415,-0.137193375122821,-0.145501184369848,0.0353,8774668170,2251264360448,37.593536,35.687763,7.022566,-0.00696316262353998,0.00317676423871114,-0.0127288968289415,0.0302959683057562,0.0214879852125693,0.266681746211264,-0.253562542411219,0.0332503958380457,2210.5,,,3.2,Hold,1.05340130172911,Financial Services,
8698,"Monex Group, Inc.",,,JP3869970008,0.014400001,0.12156,0.11901,0.93114,0.036,-0.573955023321543,-0.582225852238389,-0.579116379506902,-0.462952257941757,0.0431,945221760,179473661952,16.447823,13.975338,1.3775566,-0.0110803324099723,-0.0151724137931034,-0.0272479564032698,0,-0.00279329608938548,0.148459383753501,0.0504201680672269,0.0994397759103641,714,,,,,1.1769177246375,Financial Services,
8706,"Kyokuto Securities Co., Ltd.",,,JP3256970009,0.06782,0.57039,0.53443,0.22183,0.551,-0.162715785904481,0.0255759892550883,-0.138985736085795,-0.128824616405996,0.0583,319864960,59468816384,12.563215,,1.1370494,-0.00316789862724393,-0.0217616580310881,-0.0312981015905593,-0.00840336134453782,0.0702947845804989,,,,1888,,,,,,Financial Services,
8707,"IwaiCosmo Holdings, Inc.",,,JP3149950002,0.054840002,0.33735,0.46583998,0.13728,0.555,-0.127879305610642,-0.214637281334253,-0.228210085387466,0.108087231541412,0.0482,555543200,109692338176,10.504296,,1.473864,0.0043010752688172,0.00214592274678112,-0.0032017075773746,0.0275027502750275,0.14601226993865,,,,4670,,,,,,Financial Services,
8708,"Aizawa Securities Group Co., Ltd.",,,JP3101850000,0.02809,0.16427,0.04222,0.50108,7.273,-0.212085515343076,0.11390188331677,-0.0158195020746889,0.075506708535541,0.0388,271998000,54641242112,19.801085,,1.1415935,0.0115473441108545,-0.0212290502793296,-0.0320441988950276,-0.00792751981879955,0.0643985419198056,,,,1752,,,,,,Financial Services,
8713,FIDEA Holdings Co. Ltd.,,,JP3802940001,0.00154,0.09434,0.17789,,0.425,0.414981812029439,-0.367241714767495,-0.297293542291875,0.696491657024483,0.0272,196844750,49468616704,12.04793,,0.5401683,0.00620891161431702,0.0110091743119266,-0.0220092296769613,-0.0128986026513794,0.283783783783784,,,,2755,,,,,,Financial Services,
8714,"Senshu Ikeda Holdings, Inc.",,,JP3132600002,0.00299,0.18414,0.31349,,0.634,0.0830700460099649,-0.257814961348027,-0.377293190533304,-0.231297878689447,0.0257,815448690,298214391808,17.240824,,1.1867365,-0.00372093023255814,0.0180608365019011,-0.0110803324099723,-0.00649350649350649,0.133333333333333,,,,1071,,,,,,Financial Services,
8715,"Anicom Holdings, Inc.",,,JP3122440005,0.05562,0.0504,0.17941,0.34526,2.81,-0.222950803019067,-0.0397999632478408,-0.101200203461001,0.245042630674634,0.0133,299892960,74059177984,34.127518,22.475138,2.545491,-0.000982318271119843,-0.0135790494665373,-0.0548327137546468,-0.0557103064066852,-0.156716417910448,0.573254670599803,0.27826941986234,0.409374041297935,1017,,,,,1.51845643839873,Financial Services,
8725,"MS&AD Insurance Group Holdings, Inc.",,,JP3890310000,0.027309999,0.1155,0.23006001,0.25214,0.498,0.128174438416466,0.0390970015556228,-0.180852502873001,-0.209604495147824,0.0275,21529737180,7270009667584,9.624728,12.379933,1.0999273,0.0255842062852538,0.0025600630169358,-0.0284351145038168,-0.00856864654333009,0.0206495589414595,0.178550383028875,-0.357690041249263,-0.0205531329797683,5091,,,2.4,Buy,0.777445887631217,Financial Services,
8729,Sony Financial Group Inc.,,,JP3435350008,0.00958,0,0.41911,1.98612,,-0.189293095767272,-0.14099126977926,-0.200629725464015,-0.0583781260046101,0.0498,9498576186,1077376450560,20.695877,,1.2296337,0.010062893081761,-0.0104744486740132,-0.027256244319544,0.010062893081761,0.00752826944457045,0.307596513075965,-0.12826899128269,0.0467690535491906,160.6,,,2.8,Hold,,Financial Services,
8739,"SPARX Group Co., Ltd.",,,JP3399900004,0.120120004,0.36084998,0.49144,0.24675,0.78,0.65334385541423,0.135414320193081,0.0258941784865062,0.306770358473364,0.0431,314176720,100955013120,15.8224325,,2.4838748,-0.0139103554868624,-0.0233448143895905,-0.0347957639939486,-0.0154320987654321,0.130203720106289,,,,2552,,,,,,Financial Services,
8750,"Daiichi Life Group, Inc.",,,JP3476480003,0.01124,0.04823,0.16672,0.30147,2.783,0.0311303525062712,-0.136348793878554,-0.273011809651783,-0.207070300575135,0.0382,16788300760,6782926716928,15.527336,5.0908403,1.4829305,0.0272776868521549,0.033196159122085,0.00292942743009321,0.0200433369447454,-0.00790305584826133,0.168348380244291,-0.17684545937334,0.0600106213489113,1883,,,2.3,Buy,3.05005364242127,Financial Services,
8766,"Tokio Marine Holdings, Inc.",,,JP3910660004,,0,0.13237001,0.09282,-0.433,0.222714907843967,-0.000807304135441536,-0.106840151926883,-0.110622085569498,0.0164,43352894700,15141157470208,28.571426,16.165672,1.8473076,0.0225814729278933,0.0125778173040274,-0.000752256770310933,0.02508038585209,-0.0282857839551329,0.317440401505646,-0.267001254705144,0.0791718946047679,7970,,,1.8,Buy,1.76741344250954,Financial Services,
8771,"eGuarantee, Inc.",,,JP3130300001,0.11262,0.33163,0.47643003,,0.186,0.518881669046301,0.705722491584571,0.649730766092845,0.549672265079383,0.0484,319503780,77276815360,22.52334,20.653984,3.9366689,0.00404624277456647,0.0110593713620489,0.0157894736842105,0.011648223645894,-0.0755721128259713,0.439263097294185,0.151410477835348,0.295336787564767,1737,,,1,Strong Buy,1.09050825254827,Financial Services,
8793,NEC Capital Solutions Limited,,,JP3164740007,0.00583,0.0293,0.05015,7.46073,0.034,-0.0287157422130763,-0.023991486891748,0.0896174035937815,-0.0623616508436224,0.0359,69722500,89949675520,9.794262,11.983353,0.68542486,0,-0.002389486260454,-0.00119617224880383,0,-0.00595238095238095,,,,4175,,,,,0.817322330402851,Industrials,
8795,"T&D Holdings, Inc.",,,JP3539220008,0.01872,0.051069997,0.18302,0.13856,0.202,-0.0381122066230843,0.0447576561678781,-0.112784018920517,-0.124220226720613,0.0333,7155626460,2338842476544,17.636955,19.926422,1.4130716,0.0179677819083024,0.023250986090928,-0.00464458804523425,0.0116995073891626,-0.0181274900398406,0.29843781700142,-0.068776628119294,0.0673564617569487,4929,,,2.2,Buy,0.885103958954598,Financial Services,
8798,"Advance Create Co., Ltd.",,,JP3122100005,0.028269999,-0.00513,-0.01428,12.50783,,-0.51158742688283,-0.762102534797339,-0.756133358052157,-0.623092107330479,,3773210,4915165184,,,10.996279,0,-0.0148148148148148,-0.036231884057971,-0.0148148148148148,0.00757575757575758,,,,133,,,,,,Financial Services,
8801,"Mitsui Fudosan Co., Ltd.",,,JP3893200000,0.02123,0.09122,0.16778,1.52103,-0.374,0.254432383094323,-0.11100759142994,-0.176835862630902,-0.00466286504285911,0.0248,14426319600,4014046445568,14.771151,15.689782,1.236668,0.00471698113207547,-0.00963135171039522,-0.0125827814569536,-0.0158415841584158,-0.074487895716946,0.723675385647217,0.140174379610999,0.382740912139504,1491,,,1.3,Strong Buy,0.941450365594627,Real Estate,
8802,"Mitsubishi Estate Co., Ltd.",,,JP3899600005,0.02939,0.15154,0.24361,1.29755,2.074,-0.104567490976771,-0.0869778318677804,-0.190506614124907,0.176451104768406,0.0139,12916952100,4324878712832,19.80209,23.900204,1.5930835,-0.0109829763866008,-0.0158469945355191,-0.024641213105876,-0.0453220249138617,-0.117373192844891,0.749028317601333,0.0632981676846197,0.390199888950583,3602,,,1.6,Buy,0.828532258553107,Real Estate,
8803,"Heiwa Real Estate Co., Ltd.",,,JP3834800009,0.02096,0.21316,0.25305998,2.12241,-0.276,0.15247281926501,0.0363947484289316,-0.132094500959791,-0.00386845299133566,0.038,377069060,153150849024,13.985761,8.851044,1.2381235,-0.00301075268817204,-0.0169635284139101,-0.0264594708105838,-0.0317460317460317,-0.0393700787401575,0.203623813632442,0.0742018981880932,0.14035086281277,2318,,,,,1.58012557614672,Real Estate,
8804,"Tokyo Tatemono Co., Ltd.",,,JP3582600007,0.027139999,0.13406,0.28423,2.47989,1.855,0.222414046699761,-0.0306933328263721,-0.238513832105387,-0.277898014952663,0.0395,2585847600,681073180672,11.074062,13.3512,1.1222885,-0.00514372163388805,-0.0167464114832536,-0.0260663507109005,-0.0286558345642541,-0.0592274678111588,0.399026763990268,0.0523114355231144,0.21198296836983,3288,,,2.3,Buy,0.829443196117203,Real Estate,
8818,"Keihanshin Building Co., Ltd.",,,JP3279000008,0.020280002,0.23643999,0.31967,1.0015,0.148,-0.166936520786704,-0.389340175596469,-0.253607326110313,0.00827583612793854,0.0268,354685500,106662412288,23.094402,13.870968,1.2629343,-0.00178571428571429,0.00269058295964126,-0.00178571428571429,0.00720720720720721,-0.00267618198037467,0.00178890876565295,-0.0742397137745975,-0.0362254025044723,1118,,,,,1.66494522948939,Real Estate,
8830,"Sumitomo Realty & Development Co., Ltd.",,,JP3409000001,0.02688,0,0.36598,1.55974,,0.00958000974375086,0.401944860827305,0.176498384903147,0.0352596078609825,0.0162,10768184830,2965732065280,14.064827,7.677043,1.1584204,-0.00495816547877285,-0.0101726263871763,-0.0083384805435454,-0.026969696969697,-0.132865244396435,0.962005605730302,0.111803176580505,0.451979943942697,3211,,,2,Buy,1.83206307428524,Real Estate,
8841,"TOC Co., Ltd.",,,JP3538400007,0.016139999,0.17791,0.24906999,0.00806,1.154,-0.0966157963166333,-0.636016721638414,-0.51855868096837,0.694910388008553,0.01,79028950,88305696768,38.01747,77.89883,0.8468461,0.002002002002002,-0.00792864222001982,-0.00199401794616152,-0.00497017892644135,0.0987925356750823,0.338661338661339,0.338661338661339,0.338661338661339,1001,,,,,0.488036469867391,Real Estate,
8848,Leopalace21 Corporation,,,JP3167500002,0.10854,0.04769,0.1046,0.60941,17.922,0.141399357842923,-0.1299170710116,-0.129398580597128,0.0556591558755836,0.0228,683825310,208757161984,15.698925,11.816547,4.3346596,0.00305343511450382,0.0107692307692308,0.00612557427258806,0.012326656394453,-0.053314121037464,0.0654490106544901,0.0197869101978691,0.0426179604261796,657,,,,,1.32855435686923,Real Estate,
8850,Starts Corporation Inc.,,,JP3399200009,0.065560006,0.10106,0.12851,0.36906,0.102,0.325188999671305,-0.281297388374052,-0.268131725470963,-0.124169326565852,0.0324,260904150,219714502656,8.802751,9.209219,1.1513202,0.00107991360691145,-0.00961538461538462,-0.0211193241816262,-0.0180084745762712,-0.0393782383419689,0.0140237324703344,0.0140237324703344,0.0140237324703344,4635,,,,,0.95586292388095,Real Estate,
8860,Fuji Corporation Limited,,,JP3815000009,0.025929999,0.03127,0.057690002,1.99842,-0.299,0.138925109133171,0.024373054560404,-0.073071104387292,-0.0693498762438284,0.0443,47796400,25822953472,5.4614224,,0.4376596,-0.010958904109589,-0.021680216802168,-0.044973544973545,-0.0462351387054161,-0.0487483530961792,,,,722,,,,,,Real Estate,
8864,"Airport Facilities Co., Ltd.",,,JP3266050008,0.03303,0.08202,0.18513,0.36004,-0.42,-0.163830780328425,-0.151307596513076,-0.0326664547188664,0.115967552080007,0.0448,75381650,46269534208,13.476197,20.638765,0.75130695,-0.00951374207188161,-0.0399590163934426,-0.0399590163934426,-0.034020618556701,-0.0320247933884298,0.0992529348986126,0.0992529348986126,0.0992529348986126,937,,,,,0.652955591092781,Real Estate,
8871,"GOLDCREST Co.,Ltd.",,,JP3306800008,0.031570002,0.24947001,0.51735,1.20238,1.333,0.0795762590954487,0.0115789473684211,0.333734397621004,0.360657931831838,0.051,171601000,104358076416,17.793392,20.323624,0.74467546,-0.0156739811912226,-0.01875,-0.0368098159509203,-0.0382848392036753,-0.0556390977443609,0.366242038216561,0.0828025477707006,0.224522292993631,3140,,,,,0.875502912275882,Real Estate,
8876,"Relo Group, Inc.",,,JP3755200007,0.06408,0.13921,0.18417,1.00666,0.189,0.0686057352565664,0.0237961951924703,-0.144836851965156,-0.205696344009107,0.0351,1390194300,323736174592,16.366285,14.804024,4.1359878,-0.00326950023353573,-0.0505005561735261,-0.0563785098386027,-0.05028927458834,0.0409756097560976,0.171508903467666,-0.0862230552952202,0.00749765698219307,2134,,,2.7,Hold,1.10552948306488,Industrials,
8881,"NISSHIN GROUP HOLDINGS Company, Limited",,,JP3677900007,0.03081,0,0.052600004,0.80943,-0.294,0.277461892945764,-0.0184666383091072,0.112501149495755,0.150640535728302,0.0568,82364520,30404708352,7.246216,,0.43244237,-0.00458715596330275,-0.0121396054628225,-0.0283582089552239,-0.0269058295964126,-0.0468521229868228,,,,651,,,,,,Real Estate,
8892,ES-CON JAPAN Ltd.,,,JP3688330004,0.03133,0.08122,0.05874,4.69482,,-0.0930476301385816,-0.333997080175984,-0.190977003226536,0.00382233305398276,0.0484,173452960,105094496256,8.605528,,1.2757968,-0.00544464609800363,-0.00363636363636364,-0.00454132606721163,0,0.0101382488479263,,,,1096,,,,,,Real Estate,
8897,"MIRARTH HOLDINGS,Inc.",,,JP3460800000,0.0334,0.03223,0.08958,3.20514,,-0.195511708676917,-0.443626683369872,-0.279362023122786,1.38457539172287,0.0525,358730760,58524983296,12.626118,,0.7052141,-0.00904977375565611,-0.0135135135135135,-0.0373626373626374,-0.0436681222707424,0.055421686746988,,,,438,,,,,,Real Estate,
8918,"LAND Co., Ltd.",,,JP3968800007,0.0552,0.27021,0.52875,0.05895,,-0.126926706164908,-0.0272864955225065,0.0359972408056828,0.045422945504279,,3401105000,15378829312,34.48276,,1.6131635,0,-0.0909090909090909,-0.0909090909090909,-0.0909090909090909,0,,,,10,,,,,,Real Estate,
8919,"KATITAS CO., Ltd.",,,JP3932950003,0.13395001,0.082679994,0.12657,0.66311,0.287,0.437410909849459,-0.194592903744749,-0.257035930886637,0.361187826609631,0.0264,694276000,266871996416,21.412872,25.116005,4.984906,-0.0101596516690856,-0.0394366197183099,-0.0567081604426003,-0.0771312584573748,0.00441826215022091,0.26099706744868,0.0586510263929619,0.162966099706745,3410,,,2.1,Buy,0.852558836486933,Consumer Cyclical,
8920,"Tosho Co., Ltd.",,,JP3594400008,0.06431,0.12734,0.26174998,0.37655,-0.084,0.731593100890208,0.478199907337414,0.162254236435863,0.477533019124304,0.0147,54985420,23789789184,7.1428576,14.428389,0.6357708,-0.0102040816326531,-0.0368794326241135,-0.0490196078431373,-0.0396039603960396,-0.13722998729352,0.54639175257732,0.251840942562592,0.399116347569956,679,,,2,Buy,0.495055795903479,Industrials,
8923,Tosei Corporation,,,JP3595070008,0.05468,0.14255,0.22447,1.58767,-0.118,-0.43621575945356,-0.28531933937749,-0.352778965685046,-0.413459028656616,0.0329,290576880,162194194432,10.019776,6.481876,1.4586798,-0.00476190476190476,-0.0158917010005886,-0.0451170759565962,-0.0429307384087006,-0.0937669376693767,0.405502392344498,0.136363636363636,0.270933014354067,1672,,,,,1.54581420564047,Real Estate,
8934,"Sun Frontier Fudousan Co., Ltd.",,,JP3336950005,0.063140005,0.13438,0.21465,0.96012,-0.099,0.695460821539524,0.0793166246212178,0.00961835360958445,-0.0531727139570538,0.0345,307284000,132666900480,7.980736,6.8275456,0.97923595,-0.024390243902439,-0.0429042904290429,-0.054989816700611,-0.0626262626262626,-0.0891244601491951,,,,2320,,,,,1.16890262878654,Real Estate,
8951,Nippon Building Fund Inc.,,,JP3027670003,0.02088,0.42652,0.43432,0.80359,,0.513962131944881,-0.0829268093361167,-0.120242084729655,-0.235057225902518,0.0406,4575028900,1074548506624,24.390244,25.544952,0.3176049,-0.00894308943089431,0.00246710526315789,-0.0185185185185185,-0.0279106858054226,-0.116666666666667,0.349466776045939,0.0582444626743232,0.173502871205907,121900,,,2.9,Hold,0.954797018213227,Real Estate,
8952,Japan Real Estate Investment Corporation,,,JP3027680002,0.02253,0.43587002,0.47182998,0.8131,,1.0875883118746,0.182341828524098,0.0757655625806969,-0.177293598954326,0.0447,2432840200,831056445440,22.271715,4.8727574,0.3067181,-0.01040763226366,-0.00349344978165939,-0.0206008583690987,-0.0272804774083546,-0.0872,0.297107800175285,0.0525854513584575,0.138365468886941,114100,,,2.4,Buy,4.57065952021334,Real Estate,
8953,Japan Metropolitan Fund Investment Corporation,,,JP3039710003,0.023759998,0.44765,0.44252998,0.94869,,1.168271762347,-0.0749453173493905,-0.0121427984328337,0.0177194419361991,0.0539,2192225200,799121080320,17.605635,21.493479,0.6662623,-0.0133214920071048,-0.0053715308863026,-0.00980392156862745,-0.0159433126660762,-0.0546875057126035,0.332133213321332,0.0981098109810981,0.225562556255626,111100,,,1.4,Strong Buy,0.81911518372619,Real Estate,
8954,ORIX JREIT Inc.,,,JP3040880001,0.026589999,0.45182,0.46530998,0.85333,,1.15899363977799,0.128099105333467,0.0778134401205638,-0.0162277566130312,0.0509,1339387500,527159984128,19.607843,13.461928,0.75548166,-0.0113871635610766,-0.00417101147028154,-0.0154639175257732,-0.022517911975435,-0.0697055675960428,0.256544502617801,0.0575916230366492,0.193717277486911,95500,,,2,Buy,1.45654047473735,Real Estate,
8955,Japan Prime Realty Investment Corporation,,,JP3040890000,0.02406,0.46352002,0.49816,0.76646,,0.791247158869943,-0.222200520255334,-0.0859270771648391,-0.120644170679869,0.0455,834151500,382560206848,18.939394,12.314308,0.35317853,-0.00943396226415094,-0.00421496311907271,-0.0207253886010363,-0.0237603305785124,-0.0606361829025845,0.322751322751323,0.037037037037037,0.158730158730159,94500,,,2.5,Buy,1.53799904956088,Real Estate,
8956,NTT UD REIT Investment Corporation,,,JP3041770003,,0.34357,0.44868,0.90267,,0.762910035725885,-0.35760441030653,-0.180503866631925,-0.14888870419541,0.0491,428535900,185438076928,20.618557,22.585836,1.3310964,-0.00472813238770686,0.00158604282315623,-0.00941176470588235,-0.0232018561484919,-0.0907127429805616,0.346001583531275,0.140142517814727,0.237793586698337,126300,,,,,0.912897667369939,Real Estate,
8957,"Tokyu REIT, Inc.",,,JP3044510000,0.02794,0.49861,0.52725,0.79965,,0.690199299906205,-0.254340660031957,-0.256211631663974,-0.36746181470346,0.0435,405720000,176892264448,17.667845,24.742556,1.5634665,-0.00915455035002693,0.00436681222707424,0,-0.000543183052688756,-0.0356394129979036,0.119565217391304,0.00543478260869565,0.0679347826086957,184000,,,,,0.7140670915325,Real Estate,
8958,Global One Real Estate Investment Corp.,,,JP3044520009,0.02733,0.54943,0.47897,0.97621,,1.41334245875152,0.0216204210564101,0.179234745228622,0.0422099622455487,0.0621,612280800,121274695680,12.59446,24.638647,1.1009654,-0.00716845878136201,-0.00359712230215827,-0.0018018018018018,-0.00716845878136201,-0.0348432055749129,0.236462093862816,0.0740072202166065,0.155234657039711,110800,,,,,0.511166867239098,Real Estate,
8960,United Urban Investment Corporation,,,JP3045540006,0.02507,0.45587003,0.44456002,0.81121,,0.928523319267089,-0.175084329851707,-0.0626108842105778,-0.09282423583554,0.0599,1184520300,495679995904,18.382355,24.129942,1.3209606,-0.013375796178344,-0.0140038192234246,-0.0282308657465496,-0.0348909657320872,-0.0685508117859291,0.323434473854099,0.0781149128469981,0.230040865074241,154900,,,,,0.761806845619438,Real Estate,
8961,"MORI TRUST REIT, Inc.",,,JP3046170001,0.019650001,0.56488997,0.62169,0.98015,,1.09256884169641,-0.0625654665324818,-0.0248739179659357,0.0187168140589312,0.0516,410979100,251692007424,18.281536,20.883055,0.58261955,-0.00841514726507714,-0.00282087447108604,-0.0125698324022346,-0.0261707988980716,-0.0724042519998516,0.244695898161245,0.00424328147100424,0.138613861386139,70700,,,,,0.875424405097817,Real Estate,
8963,Invincible Investment Corporation,,,JP3046190009,0.03332,0.5673,0.20276,1.05186,,1.52727337610417,0.978001933563951,0.784808933100442,0.145810040697865,0.072,4399050400,464139681792,14.947682,17.384033,1.4824356,-0.00978792822185971,-0.00491803278688525,-0.0225442834138486,-0.0256821829855538,-0.00328407224958949,0.367380560131796,0.202635914332784,0.282262537067545,60700,,,1.3,Strong Buy,0.859851220945105,Real Estate,
8964,Mitsui Fudosan Retail Fund Investment Corporation,,,JP3046200006,0.02322,0.4866,0.54425,0.74099,,0.667877262661562,-0.103600851311619,-0.0468612829925581,-0.102104858275335,0.0587,653972300,204768493568,17.361113,3.5595725,1.1662737,-0.00656167979002625,-0.00131926121372032,-0.0219638242894057,-0.0282413350449294,-0.106257378984652,0.387054161162484,0.0964332892998679,0.278731836195509,75700,,,2.6,Hold,4.87730282217879,Real Estate,
8966,"Heiwa Real Estate REIT, Inc.",,,,0.028770002,0.48959,0.48679,0.88219,,1.32779716101897,0.170040153448868,0.28049815835532,0.15143119223882,0.062,594722400,173853163520,14.880953,24.214071,1.3682997,-0.00766871165644172,-0.0069071373752878,-0.0122137404580153,-0.0196969696969697,-0.052014652014652,0.321483771251932,0.151468315301391,0.231324034003091,129400,,,,,0.614558080712657,Real Estate,
8967,"Japan Logistics Fund, Inc.",,,JP3046230003,0.03073,0.53021,0.49507,0.85083,,0.797415484948823,-0.239941103533788,-0.0505202113123096,0.0941242881774164,0.0505,637744800,253745463296,20.3666,8.292424,0.62034523,-0.0117647058823529,-0.00858369098712446,-0.0211864406779661,-0.0253164556962025,-0.0887573964497041,0.277056277056277,0.19047619047619,0.246753246753247,92400,,,1.6,Buy,2.4560490394606,Real Estate,
8968,Fukuoka REIT Corporation,,,JP3046240002,0.02238,0.38868,0.34832,0.81162,,1.32531893505228,-0.30718766918251,-0.154134717989901,0.341173979624496,0.0467,374804400,148828864512,19.569473,19.909344,1.3430662,-0.00695652173913044,0.00351493848857645,-0.00868055555555556,-0.0244874715261959,-0.045860854011628,0.284296555750146,0.120840630472855,0.172212492702861,171300,,,2.6,Hold,0.982929070892542,Real Estate,
8972,KDX Realty Investment Corporation,,,JP3046270009,0.01987,0.42671,0.46752,0.83649,,0.938072159396877,-0.174429012649263,-0.15333846926643,-0.274654767737038,0.0577,1483471200,591338602496,17.391304,18.898516,0.27324423,-0.00272479564032698,0.00826446280991736,-0.00475866757307954,-0.0134770889487871,-0.081555834378921,0.367486338797814,0.0724043715846995,0.212602459016393,146400,,,,,0.920247071251521,Real Estate,
8975,Ichigo Office REIT Investment Corporation,,,JP3046300004,0.024530001,0.43392,0.52054,1.04895,,0.826947138635738,0.131312362473879,0.0610387313846565,0.0482517124943861,0.0881,511759500,139784830976,17.985611,21.254354,1.3449882,-0.0118790496760259,-0.0108108108108108,-0.0245202558635394,-0.0378548895899054,-0.0672782874617737,0.273224043715847,0.092896174863388,0.183060109289618,91500,,,,,0.846208311012417,Real Estate,
8976,Daiwa Office Investment Corporation,,,JP3046310003,0.02219,0.47325,0.50459,0.80347,,1.19816233062846,0.0883142121514043,0.257441093503692,0.0113884145966104,0.0474,626780000,282760347648,18.382353,22.20591,0.58473945,-0.00981996726677578,-0.00656814449917898,-0.0273311897106109,-0.0427215189873418,-0.13323782234957,0.464462809917355,0.0909090909090909,0.240771371900827,302500,,,2.8,Hold,0.82781354153016,Real Estate,
8977,"Hankyu Hanshin REIT, Inc.",,,JP3046320002,0.018819999,0.36284,0.42168,0.87028,,0.58406815727113,-0.341461604433303,-0.031339246425829,-0.200942687032437,0.0497,313237800,93782482944,20.20202,21.504862,1.0824511,-0.00808823529411765,0.00446760982874162,-0.000740740740740741,-0.00808823529411765,-0.031586503948313,0.148999258710156,0.148999258710156,0.148999258710156,134900,,,,,0.939416398021992,Real Estate,
8979,Starts Proceed Investment Corporation,,,JP3046340000,0.01908,0.32945,0.5116,1.05013,,2.73193795767745,-0.153080005937361,0.0152549456673169,0.0711488924277959,0.0577,149467300,50206085120,21.276596,27.998482,1.076014,-0.00593311758360302,0.0126373626373626,-0.00378378378378378,-0.0128548473486877,-0.0370950888192268,0.112316874660879,0.112316874660879,0.112316874660879,184300,,,,,0.759919627071211,Real Estate,
8984,Daiwa House REIT Investment Corporation,,,JP3046390005,,0.45541,0.4302,0.753,,1.43178430768462,0.159233295494918,0.145802325476506,0.194606249400643,0.0458,1252748400,522536157184,19.34236,11.386569,0.51530874,-0.00173460537727667,0.00611888111888112,-0.00775862068965517,-0.00946643717728055,-0.0685806551950425,0.320590790616855,0.172893136403128,0.250217202432667,115100,,,2.5,Buy,1.69869958193728,Real Estate,
8985,Japan Hotel REIT Investment Corporation,,,JP3046400002,0.031519998,0.56096,0.65099996,0.97678,-0.16,0.986149905309762,0.0132031040632061,-0.100701417727551,-0.172269811054797,0.07,1966436000,490032496640,16.863407,21.26286,1.431793,-0.00598802395209581,-0.00836320191158901,-0.0165876777251185,-0.00598802395209581,0.0184049079754601,0.289156626506024,0.0481927710843374,0.186295180722892,83000,,,1.6,Buy,0.793092133419493,Real Estate,
8986,Daiwa Securities Living Investment Corporation,,,JP3046410001,0.024619998,0.45431998,0.47213,1.01039,,1.6933503921308,0.0840879220953939,0.0222566548611904,-0.0988237584581626,0.0554,572019200,221424697344,16.474464,19.213251,1.2625436,-0.00642398286937902,0.00324324324324324,-0.00854700854700855,-0.0221285563751317,-0.0616784630940344,0.368534482758621,0.206896551724138,0.287715517241379,92800,,,,,0.857453223298858,Real Estate,
8987,"Japan Excellent, Inc.",,,JP3046420000,0.022,0.37592998,0.44589,0.82405,,1.55077764575464,0.048385431721518,0.138635122119518,-0.0112211664372292,0.0462,415585500,172280020992,19.68504,22.59648,1.1850667,-0.00595681310498883,-0.00149588631264024,-0.0262582056892779,-0.0326086956521739,-0.0949152542372881,0.355805243445693,0.0861423220973783,0.183520599250936,133500,,,2.5,Buy,0.87115515336902,Real Estate,
8999,Grandy House Corporation,,,JP3274030000,0.02115,0.02286,0.05289,1.56412,2.655,-0.371846502800537,-0.294986125275716,-0.392551597467253,-0.310969780216127,0.0573,29473560,16179692544,17.574802,,0.65382683,-0.00357142857142857,-0.0158730158730159,-0.0227670753064799,-0.0176056338028169,0.0163934426229508,,,,558,,,,,,Real Estate,
9001,"Tobu Railway Co., Ltd.",,,JP3597800006,0.02566,0.084180005,0.13448,1.26825,0.031,0.0308026943586865,0.0164487130187816,-0.0669409825420216,0.164677948535288,0.0255,1813568730,574666637312,10.384058,12.888655,0.9162508,0.00204568700988749,0.0122266230411572,-0.000680040802448147,-0.0125986897362674,-0.0643107290671761,0.122830894862198,0.0207553589656346,0.0547805375978224,2939,,,2.5,Buy,0.805674292624017,Industrials,
9003,"Sotetsu Holdings, Inc.",,,JP3316400005,0.03202,0.08234,0.1515,2.18029,0.111,0.140062663060959,-0.113225972877359,-0.181968066643527,0.178591908251035,0.0267,640271320,252014788608,10.152324,11.969007,1.2036028,0.00883595850941222,0.00420650095602294,0.0109720885466795,0.0127265715387582,-0.0684639943242285,-0.0099009900990099,-0.0099009900990099,-0.0099009900990099,2626,,,,,0.848217734353401,Industrials,
9005,Tokyu Corporation,,,JP3574200006,,0,0.1148,1.48251,0.45,0.0758897906924349,-0.00230234884370693,0.0329878932264397,7.06205346253929E-05,0.0191,3915188640,934126026752,10.976891,14.563191,1.0091877,0.00239808153477218,0.0136404971203395,0.0263965623081645,0.0145631067961165,-0.0790415863398513,0.501196172248804,0.0645933014354067,0.238038277511962,1672,,,2.4,Buy,0.75374215719618,Consumer Cyclical,
9006,Keikyu Corporation,,,JP3280200001,0.018919999,0.08762,0.10394,1.41312,-0.111,-0.0680122321610845,-0.115109860606972,-0.0963209469809654,-0.117976661587969,0.0295,1151929890,411201863680,15.3140335,19.758165,1.1004355,-0.00159948816378759,-0.00064040986231188,0.015619915392125,0.00418275418275418,-0.037025609379821,0.0381288048702339,-0.0387696251201538,-0.0115347644985582,1560.5,,,3.3,Hold,0.775073672074304,Industrials,
9007,"Odakyu Electric Railway Co., Ltd.",,,JP3196000008,0.0249,0.08303001,0.16062,1.33921,-0.165,0.281722971372728,0.0531678930993611,-0.100398683626879,-0.0919428038861356,0.0332,2212297205,618516905984,16.666666,16.192825,1.2156965,0.00528953229398664,0.00837754817090198,0.0100699300699301,0.00584958217270195,-0.00605560143132398,0.107726391581279,-0.0584325671559125,0.0338779285516478,1805.5,,,2.2,Buy,1.02926240479966,Industrials,
9008,Keio Corporation,,,,0.02852,0.08425,0.13137999,1.05769,-0.001,0.274815291395314,-0.149900744416873,-0.241705754209679,-0.228296418964039,0.0277,1384210724,459806867456,10.880822,2.903674,1.0112069,0.00189204368078638,0.0113317740123285,0.0176809737347853,0.00991735537190077,-0.0448532668121549,0.133073146166436,-0.0557723781946367,0.0474631751227497,794.3,,,2.8,Hold,3.7472601951872,Industrials,
9009,"Keisei Electric Railway Co., Ltd.",,,JP3278600006,0.01949,0.15107,0.13903,0.71229,0.212,0.319718535706538,0.105272440451112,0.00361367620327672,-0.102512088522065,0.0159,2708594000,666695761920,13.888888,4.1947327,1.1849062,-0.00896057347670251,-0.00503778337531486,0.0113386978785662,0.0336448598130841,0.0638707195075029,0.0849909584086799,-0.204339963833635,-0.0582278481012658,1382.5,,,3,Hold,3.31103052168259,Industrials,
9010,"Fuji Kyuko Co., Ltd.",,,JP3810400006,0.053319998,0.10741,0.13139,1.02157,0.002,-0.213224705580652,0.000959712494639826,-0.143209275034315,-0.0882576896743686,0.0127,413379840,137735962624,3.8594873,22.210806,3.2939014,-0.020392749244713,0.000385653682992673,-0.00765110941086458,-0.00727133562954459,-0.0672419992808342,0.542020046260601,0.542020046260601,0.542020046260601,2594,,,2.5,Buy,0.173766197408595,Industrials,
9020,East Japan Railway Company,,,JP3783600004,0.02575,0.07548,0.16247,1.62617,-0.134,-0.0978473074826711,-0.141683888867464,-0.157858634442415,0.0248952385422842,0.024,9823363900,3943836418048,15.923595,16.939865,1.2882468,-0.010761823845936,-0.00710631040363843,-0.00767045454545455,-0.0146685472496474,-0.0856020942408377,0.345548239335814,-0.0266246779272831,0.151111737761237,3493,,,2.3,Buy,0.94000719604318,Industrials,
9021,West Japan Railway Company,,,JP3659000008,0.03139,0.06386,0.13193,1.1525,-0.179,-0.229319225289272,-0.285313340694013,-0.382218204706928,-0.29559180334824,0.0325,5859531040,1364341293056,10.799323,12.699622,1.114545,0.000667556742323097,-0.00464807436918991,-0.00728476821192053,0.00150325705695674,-0.0455269022604266,0.167444963308873,-0.0793862575050033,0.0358420947298199,2998,,,2.7,Hold,0.850365703798113,Industrials,
9022,Central Japan Railway Company,,,JP3566800003,0.04912,0.27235,0.44481,0.91502,0.012,-0.184335265698722,-0.141907907993097,-0.240404585926833,-0.259970822372379,0.0084,8712406350,3604796145664,6.6533494,8.94422,0.69588155,-0.00965049556598852,-0.0119698152485038,-0.0155561317085818,-0.0367833587011669,-0.090321034978438,0.343165657097709,-0.0650513563339479,0.170062417698183,3797,,,2.4,Buy,0.74387139403995,Industrials,
9023,"Tokyo Metro Co., Ltd.",,,JP3583900000,0.02726,0.1258,0.25476998,1.4906,-0.246,-0.00774666198258792,-0.0943295782820956,-0.104562048548409,-0.282910185096747,0.0288,2717383710,886281142272,15.0157385,,1.1993545,0.00493745885450955,-0.00163505559189012,0.0203877005347594,0.0282923543280566,0.0176666666666667,0.0678021618080577,-0.181133311496888,-0.0324271208647232,1526.5,,,3.1,Hold,,Industrials,
9024,Seibu Holdings Inc.,,,JP3417200007,0.019650001,0.07872,0.16877002,1.19746,0.283,-0.451577116556931,-0.485866317902868,-0.505363452408401,0.0524123536667318,0.012,8863346310,891401535488,23.255968,24.865288,1.5529807,-0.0165451486259114,-0.0258333333333333,-0.00227596017069701,0.0188843695525857,-0.0309477756286267,0.197604790419162,-0.304248645566011,-0.0492484744796122,3507,,,3,Hold,0.935278449218042,Industrials,
9025,"Konoike Transport Co.,Ltd.",,,JP3288970001,0.04693,0.03791,0.07165,0.35155,-0.173,0.351051589172876,0.312503699611294,0.0571551899248425,0.114878561659756,0.0379,274028650,154254376960,10.810912,11.410952,0.9554372,0.0146699266503667,0.0175131348511384,0.0153792380286613,0.0121951219512195,-0.0396694214876033,0.376936316695353,0.0671256454388985,0.204819277108434,2905,,,1.3,Strong Buy,0.947415430369,Industrials,
9031,"Nishi-Nippon Railroad Co., Ltd.",,,JP3658800002,0.02546,0.06954,0.052800003,1.21186,0.327,1.12723251621536,-0.123177716901975,-0.168731954394505,0.137158143905634,0.0288,580972980,235837980672,7.3855033,15.708966,0.80946344,0.00774693350548741,0.0136363636363636,0.0209287115761936,-0.00191815856777494,-0.0225422667501565,0.0249839846252402,-0.071108263933376,-0.0230621396540679,3122,,,,,0.470145730788392,Industrials,
9037,"Hamakyorex Co., Ltd.",,,JP3771150004,0.05786,0.07017,0.10459,0.23003,0.191,0.502143321065166,-0.0662423420334789,-0.218528348510502,0.317493940566633,0.0256,191107770,133205368832,12.422317,14.503386,1.3420956,-0.00221852468108708,-0.0185488270594654,-0.0206859009254219,-0.0196185286103542,-0.0228136882129278,0.0839355197331851,0.0839355197331851,0.0839355197331851,1799,,,3,Hold,0.856511507037046,Industrials,
9039,"Sakai Moving Service Co.,Ltd.",,,JP3314200001,0.06611,0.071100004,0.15731,0.03122,0.104,0.186952148297169,-0.0579444801820971,-0.144756925894833,0.389411354928596,0.0592,225809980,118403858432,13.773885,12.140351,1.1751398,-0.00809443507588533,-0.0170454545454545,-0.00943078477601886,-0.0212978369384359,-0.037315875613748,-0.013940836450187,-0.013940836450187,-0.013940836450187,2941,,,0,Strong Buy,1.13455409979497,Industrials,
9041,"Kintetsu Group Holdings Co.,Ltd.",,,JP3260800002,0.02145,0.03071,0.050240003,1.91228,0.091,0.338586680223691,0.013688240070672,-0.0759575152880592,-0.00580995938097803,0.0199,2171290290,668751691776,12.437671,13.097233,1.0762764,0.0126691621076879,0.0268613138686131,0.0235739231664726,0.020899854862119,-0.0164988814317673,0.10889963036679,-0.175433608188797,-0.0332669889110037,3517,,,3,Hold,0.94964111885312,Industrials,
9042,"Hankyu Hanshin Holdings, Inc.",,,JP3774200004,0.022909999,0.065809995,0.14602,1.24309,0.089,-0.255172299205795,-0.396024568607157,-0.480315670042297,-0.355051710325444,0.0217,3676193910,1064963342336,13.985824,14.200474,0.96878386,-0.00666953528399312,-0.0195370566999363,-0.0187035069075452,-0.00666953528399312,-0.0782591335595927,0.191249729261425,-0.0253411306042885,0.130604288499025,4617,,,1.8,Buy,0.984884307382979,Industrials,
9044,"NANKAI Co., Ltd.",,,JP3653000004,0.024319999,0.093109995,0.16046,1.31234,0.081,0.664873501311051,0.216065346920405,0.134414076393587,-0.127708354916366,0.0174,879548200,342992977920,13.927332,15.208213,0.99694717,0.00826972010178117,0.011809766996489,0.0176565008025682,0.0225806451612903,-0.0173589584624923,0.0725552050473186,-0.0536277602523659,0.00946372239747634,3170,,,2,Buy,0.915777021271335,Real Estate,
9045,"Keihan Holdings Co., Ltd.",,,JP3279400000,,0,0.17466,1.22577,0.001,-0.121455859198594,-0.152504241814868,-0.206160678552524,0.104961074591945,0.0268,779441670,324193091584,9.652417,13.483571,0.94776416,0.000622858922454064,0.00942507068803016,0.00752587017873942,0.00218340611353712,-0.0434653170586484,0.0893246187363835,0.0582010582010582,0.0737628384687208,3213,,,,,0.715865033083595,Industrials,
9046,"Kobe Electric Railway Co., Ltd.",,,JP3290600000,0.01573,0.05908,0.14398,2.12205,-0.135,0.285897435897436,0.0690343176376696,0.42402376910017,0.401799100449775,0.0101,22234300,19502215168,13.332973,,0.75704694,0.000405844155844156,-0.00323493732308937,-0.00444264943457189,-0.00121555915721232,-0.0167530913442361,,,,2465,,,,,,Industrials,
9048,"Nagoya Railroad Co., Ltd.",,,JP3649800004,0.014520001,0.04235,0.05666,1.33827,0.861,0.253359734476177,-0.188535191764876,-0.261306650175907,-0.186579571472446,0.0322,1028720745,365096501248,17.888718,13.1082325,0.7349594,-0.00613988254137747,-0.00878594249201278,-0.0013412017167382,-0.0127287191726333,-0.0461183704842429,0.0475423045930701,-0.0330378726833199,0.0072522159548751,1861.5,,,,,1.36469337113146,Industrials,
9052,"Sanyo Electric Railway Co.,Ltd.",,,JP3341600009,0.02369,0.08592,0.16150999,0.6831,-0.315,0.123331242720186,0.0196046587165328,-0.158723555978132,1.4468566259611,0.0252,88173700,44105818112,10.905395,,0.68430984,-0.00301356102461075,-0.0119462419113987,-0.0129288910989557,-0.0197530864197531,-0.0288649706457926,,,,1985,,,,,,Industrials,
9064,"Yamato Holdings Co., Ltd.",,,JP3940000007,0.00815,0.0070499997,-0.010989999,0.36069,,0.111823645203244,-0.17576747145135,-0.232590817939918,0.0453377803682641,0.0232,2162340740,627336282112,47.85024,18.320541,1.1176809,0.00916963830871116,0.0166794970490121,0.00814249363867685,0.0344647519582245,-0.0738662926601216,0.0600706713780919,-0.28319030792529,-0.0835665825340737,1981,,,3.5,Hold,2.61183553476942,Industrials,
9065,Sankyu Inc.,,,JP3326000001,0.049050003,0.05391,0.06612,0.34293,0.472,3.73337511807131,0.0773043342830706,-0.18917276645072,0.295473945103201,0.0197,1846336200,396848594944,12.886522,15.781602,1.2965539,-0.0112443778110945,-0.01075,-0.022962962962963,-0.0186011904761905,-0.156469835855894,0.389941875157948,0.200404346727319,0.293067096285065,7914,,,,,0.816553477904208,Industrials,
9068,"Maruzen Showa Unyu Co., Ltd.",,,JP3876000005,0.04812,0.0834,0.093430005,0.17371,-0.041,0.391188088726831,-0.275378575434661,-0.29550245959241,-0.103847191749481,0.0167,179823600,138228449280,11.013148,12.125825,0.9527664,-0.00278164116828929,-0.0151098901098901,0.00420168067226891,-0.0110344827586207,-0.0819462227912932,,,,7170,,,,,0.908239068269582,Industrials,
9069,"SENKO Group Holdings Co., Ltd.",,,JP3423800006,0.031489998,0.02226,0.042930003,1.43165,0.306,0.229306644474618,-0.156888387824126,-0.281685678073511,0.0734825638063218,0.0248,736127000,378784612352,19.9603,17.51161,1.6397269,0.0127573858549687,0.0205232295895354,0.0166254774208043,0.0152568992595917,0.0113991953509164,0.0828729281767956,-0.160220994475138,-0.041620640883978,2262.5,,,2.8,Hold,1.13983237406498,Industrials,
9072,"NIKKON Holdings Co.,Ltd.",,,JP3709600005,0.033940002,0.061880004,0.07272,0.51913,-0.492,-0.0293815881939565,-0.443370541791451,-0.409026943035563,-0.130321526255034,0.022,1301414290,631697375232,32.57227,32.947342,2.5194025,-0.0043010752688172,-0.00371674491392801,0.00216450216450216,-0.0319330925679529,0.00971451229183188,0.0995483997643825,-0.214608285882584,-0.0575299430591007,5093,,,3,Hold,0.988616016430096,Industrials,
9076,"Seino Holdings Co., Ltd.",,,JP3415400005,0.032190003,0.03215,0.058720004,0.1926,0.519,0.0319405454401451,-0.171504125046412,-0.239842589153046,0.228797453752498,0.0454,962670300,437426749440,18.518518,16.127098,0.9515236,0.0105184072126221,0.00654817586529467,-0.000928505106778087,-0.0203932993445011,0.0126105778279691,0.226765799256506,-0.0706319702602231,0.0674455390334573,2690,,,2.4,Buy,1.14828582302904,Industrials,
9081,"Kanagawa Chuo Kotsu Co., Ltd.",,,JP3214600003,0.02506,0.0298,0.09047,0.91647,0.117,0.804132231404959,-0.200934579439252,-0.0343622855121174,0.196754563894523,0.0225,44600000,49084342272,13.5685215,,0.73714113,0,0.0025062656641604,0,0.00125156445556946,0.00755667506297229,,,,4000,,,,,,Industrials,
9090,AZ-COM MARUWA Holdings Inc.,,,JP3879170003,0.044310004,0.029790001,0.03739,0.94033,-0.268,0.224269139760324,-0.299806050747448,-0.20896127798003,0.463031038613191,0.0363,374982300,118790627328,16.91924,13.140643,1.9362445,-0.00338983050847458,-0.0221729490022173,-0.00451467268623025,0.00227272727272727,-0.0576923076923077,0.133786848072562,-0.0589569160997732,0.0128495464852608,882,,,3,Hold,1.287550388516,Industrials,
9101,Nippon Yusen Kabushiki Kaisha,,,JP3753000003,0.0209,0.08962,0.07931,0.42798,0.374,-0.114498751774571,-0.231158676192786,-0.169827264373098,0.229891012767324,0.033,21895874060,2930624692224,14.388461,14.17418,0.9409075,0.00889135871075299,-0.00384087791495199,0.0145291981000279,0.0232492602508102,0.19029667267661,0.211787386394933,-0.526301294409254,-0.127901184246764,7262,,,2.9,Hold,1.01511769993044,Industrials,
9104,"Mitsui O.S.K. Lines, Ltd.",,,JP3362700001,0.01354,0.10431,0.05269,0.85568,0.162,0.237328336828517,-0.280423591066584,-0.194044526070597,0.342451508872137,0.0291,22402122860,2421147566080,11.3636,12.522438,0.8127907,0.00945558739255014,-0.00955861681192016,0.0110489309800545,0.00113668655868144,0.187594808697118,0.419244961680386,-0.453590689753051,0.0225014760147601,7046,,,2.2,Buy,0.907459074662618,Industrials,
9107,"Kawasaki Kisen Kaisha, Ltd.",,,JP3223800008,0.023459999,0.11924,0.06827,0.12975,-0.211,0.0774393665365414,-0.153431459202214,-0.246631800765032,0.219568262294431,0.0353,14394991320,2014736941056,16.155418,9.721547,1.1835021,0.0293939393939394,-0.00875401225561716,0.0207331730769231,0.0152420800956366,0.18713961209156,0.000883132175448926,-0.611421842802473,-0.188588901972329,3397,,,3.1,Hold,1.66181555260701,Industrials,
9119,"Iino Kaiun Kaisha, Ltd.",,,JP3131200002,0.02755,0.17318001,0.0907,0.85543,2.403,0.153466799741678,-0.139468697078036,-0.245525484610144,0.403232115918553,0.0303,455606900,181451800576,11.792616,,1.0818081,0.00175233644859813,0.00704638872577804,-0.0103866128101558,-0.00981524249422633,0.14257161892072,,,,1715,,,,,,Industrials,
9142,Kyushu Railway Company,,,JP3247010006,0.0395,0.08801,0.16569,1.01196,-0.039,0.0886991189644141,0.0936860342990317,-0.010291355367017,0.328185295258887,0.0345,2654006940,539341553664,11.862227,10.348594,1.0806766,-0.0123943661971831,-0.0107223476297968,-0.0206703910614525,-0.028808864265928,-0.0658140154543032,0.369081574443811,-0.00171135196805476,0.196551996577296,3506,,,2.2,Buy,1.14626460367466,Industrials,
9143,"SG Holdings Co.,Ltd.",,,JP3162770006,0.048460003,0.035469998,0.044850003,0.71869,0.231,-0.095929122606459,-0.100383498254092,-0.014800971254398,-0.0354596271598096,0.0366,2230513350,880486252544,15.037708,13.226067,1.6173728,0.0078551912568306,0.00408302143586254,-0.0037137069547603,0.00237771739130435,-0.0947852760736196,0.355472721111488,0.0166045408336157,0.158313114198577,1475.5,,,2.5,Hold,1.13697503573814,Industrials,
9147,"Nippon Express Holdings, Inc.",,,JP3688370000,0.01918,0.00691,0.04429,1.01717,1.795,-0.0292041859333171,-0.169270575383405,-0.247300035095556,-0.0549261258717631,0.0185,5487351600,1283644194816,69.443375,8.749879,1.5476595,0.0138888888888889,0.000555658455269494,-0.0374198146828225,-0.0336314847942755,0.0246585735963581,0.184746390225842,-0.385412810070344,-0.0276749352091818,5402,,,,,7.93649546468014,Industrials,
9201,"Japan Airlines Co., Ltd.",,,JP3705200008,0.03432,0.05544,0.020550001,0.5555,-0.799,-0.0766218359988412,-0.118812260219264,-0.322887013221327,-0.312345516938722,0.0324,5858642400,1274009354240,9.652522,11.89597,0.880243,-0.00935828877005348,-0.012,-0.012987012987013,0.0126409292791254,-0.00486822225952661,0.349527665317139,-0.156545209176788,0.092810661268556,2964,,,1.9,Buy,0.811411091319161,Industrials,
9202,ANA Holdings Inc.,,,JP3429800000,0.03319,0.06215,0.03089,0.84724,-0.19,0.0932354829699013,0.22427897748512,0.0447148172319684,-0.14943425317293,0.0204,7294208750,1260264751104,9.140739,6.0269413,0.9157429,-0.0096170069174962,-0.0188868460638476,-0.0215035839306551,-0.00271831464492015,-0.0691405011100539,0.431005110732538,-0.0800681431005111,0.180863134582623,2935,,,2.2,Buy,1.51664642892739,Industrials,
9247,TRE Holdings Corporation,,,JP3538540000,0.06092,0.09491,0.07294,0.72867,-0.759,-0.323138998840319,-0.417451515418244,-0.402454909569122,-0.408327075398354,0.028,492687280,83891437568,5.8445816,13.471269,1.0157202,-0.0116343490304709,-0.0143646408839779,-0.0187018701870187,-0.00888888888888889,-0.115518096182449,0.401345291479821,0.261210762331839,0.33127802690583,1784,,,,,0.433855310884223,Industrials,
9267,"Genky DrugStores Co., Ltd.",,,JP3282750003,0.048649997,0.03569,0.04862,0.64589,0.024,0.232457254518808,-0.355314429590552,-0.471840631467879,-0.252962528023914,0.0038,274532050,105115566080,13.368776,13.332044,1.7124189,-0.00433526011560694,-0.0377094972067039,-0.0600272851296044,-0.0363636363636364,-0.0862068965517241,0.538461538461538,0.422351233671988,0.480406386066763,3445,,,,,1.00275516642459,Healthcare,
9273,"Koa Shoji Holdings Co.,Ltd.",,,JP3283420002,0.09049,0.1519,0.14116,0.10653,0.027,0.0299646470803364,-0.29798396162782,-0.429483761204642,-0.36666395575797,0.0499,37411640,31251929088,8.33989,8.907562,1.002295,-0.0185185185185185,-0.0172185430463576,-0.0300653594771242,-0.0275229357798165,-0.0619469026548673,,,,742,,,,,0.936270777570788,Healthcare,
9274,"Kpp Group Holdings Co., Ltd.",,,JP3293350009,0.01717,0.0080699995,0.01391,1.31443,-0.171,0.364828894542567,0.115384027629206,0.471095772217429,0.136655472013989,0.0366,323549860,66732224512,12.5,,0.75658834,0.00737327188940092,0.0379867046533713,-0.00364630811303555,0.00737327188940092,-0.0275800711743772,,,,1093,,,,,,Basic Materials,
9278,Bookoff Group Holdings Limited,,,JP3829940000,0.046550002,0.02123,0.02228,1.20568,2.461,-0.321721429975828,-0.364472610757062,-0.215116634471966,-0.198443618325495,0.015,298339800,46672109568,16.892193,18.37595,2.2069283,-0.0249358269160249,-0.0383363471971067,-0.103506405933918,-0.0952705001701259,-0.0663623595505618,,,,2659,,,,,0.919255494273765,Consumer Cyclical,
9279,Gift Holdings Inc.,,,JP3264860002,0.12683,0.073020004,0.113859996,0.50801,0.649,0.64343982214379,0.342673780322107,0.121411930914466,0.0817693192053368,0.006,526349700,86240919552,29.587347,16.399817,7.1533566,-0.0341266277503368,-0.0602883355176933,-0.0935524652338812,-0.104123281965848,-0.151479289940828,0.534170153417015,0.208740120874012,0.324965132496513,2151,,,1.5,Strong Buy,1.80412665580354,Consumer Cyclical,
9301,Mitsubishi Logistics Corporation,,,JP3902000003,0.01578,0.15348,0.05471,0.36719,-0.657,-0.177355003989753,-0.364490343057592,-0.301459591543195,0.0511281459084496,0.0286,1311386630,522748887040,9.871671,12.178421,1.3804557,0.0111731843575419,0.00130165961601041,-0.000974025974025974,0.0168539325842697,-0.0399375975039002,0.169970750731232,-0.0900227494312642,0.0399740006499838,1538.5,,,1.8,Buy,0.810587103204923,Industrials,
9302,"MITSUI-SOKO HOLDINGS Co., Ltd.",,,JP3891200002,0.044699997,0.03776,0.07059,0.55977,0.118,0.0430245787415092,-0.141232888112179,-0.16574732587864,0.0254549387906419,0.0152,692905550,246480125952,22.221474,7.5297074,1.8083192,-0.0131775980832585,-0.0140634350688211,-0.00991586538461538,-0.00453172205438067,-0.0972602739726027,0.18361153262519,0.0925644916540212,0.133029833080425,3295,,,3,Hold,2.95117364055873,Industrials,
9303,"The Sumitomo Warehouse Co., Ltd.",,,JP3407000003,0.01605,0.10304,0.06965,0.22787,0.92,-0.058050022465179,-0.0111496799987603,-0.198893714140806,-0.123660201546897,0.025,395175000,312293752832,17.857143,25.617935,0.9956434,0.0048721071863581,-0.00241837968561064,-0.00241837968561064,-0.0225118483412322,-0.00121065375302663,0.0181818181818182,-0.0303030303030303,0,4125,,,3.3,Hold,0.697056300595657,Industrials,
9304,Shibusawa Logistics Corporation,,,JP3355600002,0.021710001,0.09317,0.057189997,0.45142,0.67,-0.651345338040286,-0.586397125212178,-0.480948378834337,-0.296787204077803,0.0384,384922570,113815371776,18.621923,,1.6433094,0.000480769230769231,0.0200980392156863,0.0190989226248776,0.00726040658276864,0.165173572228443,,,,2081,,,,,,Industrials,
9305,Yamatane Corporation,,,JP3937600009,0.01567,0.05671,0.01975,1.28534,-0.291,0.0140242637909581,-0.167378138256717,-0.246554741332167,0.0544099809391787,0.0416,122007960,43158687744,8.006427,,0.68888825,-0.00680602819640253,-0.0101744186046512,-0.00873362445414847,-0.00873362445414847,-0.0559149722735675,,,,2043,,,,,,Industrials,
9308,"Inui Global Logistics Co., Ltd.",,,JP3146800002,0.02712,0.03437,0.1158,0.82999,1.634,-0.175267921437951,-0.175623256624826,-0.346138770559697,0.329901415832891,0.0217,185768480,52780355584,63.285027,,1.3800569,-0.0019047619047619,0.0304818092428712,0.00720807304180682,-0.0178069353327085,0.114300903774588,,,,2096,,,,,,Industrials,
9310,Japan Transcity Corporation,,,JP3739600009,0.031600002,0.05376,0.06726,0.32545,0.142,-0.0421043154672589,-0.206159967920047,-0.279104289053124,0.192687939667705,0.0319,119472760,82738741248,12.920338,29.333334,0.8139974,0.00220426157237326,0.000733675715333823,-0.0326241134751773,-0.0305614783226724,-0.0179985601151908,,,,1364,,,,,0.440466058171226,Industrials,
9319,"Chuo Warehouse Co.,Ltd.",,,JP3516600008,0.02043,0.07027,0.086899996,0.15568,-0.099,0.146360088240285,-0.281054279749478,-0.228718637992832,0.318810774114969,0.0239,31590860,31246034944,15.503397,,0.61685336,0.00228180262407302,-0.00170454545454545,-0.0222593210907067,-0.0346153846153846,-0.0476964769647697,,,,1757,,,,,,Industrials,
9324,Yasuda Logistics Corporation,,,JP3932820008,0.01235,0,0.04971,0.74059,5.55,0.524734306904198,0.49046584600531,0.0772699165206637,0.236794730048103,0.0279,279226350,75815616512,11.428695,,0.73123515,0.00835548803646031,0.037109375,0.0481642321358073,0.0552464228934817,0.0330739299610895,,,,2655,,,,,,Industrials,
9336,"Daiei Kankyo Co., Ltd.",,,JP3480470008,0.06498,0.17926,0.22721,0.95069,0.204,-0.147110598165052,-0.3627641443095,-0.359833095421105,0.0446385289079922,0.0147,442725000,374535847936,23.474178,23.734177,3.376298,0.00133511348464619,-0.00398406374501992,-0.00398406374501992,0.016260162601626,-0.0221642764015645,0.306666666666667,0.0666666666666667,0.186666666666667,3750,,,,,0.989045375367345,Industrials,
9364,"Kamigumi Co., Ltd.",,,JP3219000001,0.04441,0,0.1163,0.15449,-0.085,-0.0213311592054551,-0.11622166862802,-0.277219110327503,-0.220361873999961,0.0437,1317377460,471996039168,15.456064,18.97266,1.2187983,-0.00352258599254041,-0.00845360824742268,-0.0131335932690334,-0.00722543352601156,-0.0801453710788064,0.206071948430027,0.0646704096485756,0.138143792888334,4809,,,,,0.814649290083731,Industrials,
9381,AIT Corporation,,,JP3160050005,0.09856,0.052800003,0.074200004,,-0.093,-0.360997180210203,-0.507627615881087,-0.516551678386626,0.61002395263705,0.0476,50702160,54317182976,17.09427,,2.6933706,0.00521739130434783,0.00043271311120727,-0.00258843830888697,0.00129926375054136,0.00370631298434772,,,,2312,,,,,,Industrials,
9401,"TBS Holdings,Inc.",,,JP3588600001,0.0070999996,0.11408,0.04384,0.04924,-0.163,-0.00245228589961983,-0.261556565492615,-0.274302798798532,0.0280542920800784,0.0176,1539327450,893585326080,17.152426,26.338955,0.5448777,-0.000527426160337553,-0.0230280116858567,-0.0393714092598851,-0.0422843665768194,-0.0851303508207274,0.336851363236588,-0.0677220756376429,0.0935209322779244,5685,,,,,0.651218926491199,Communication Services,
9404,"Nippon Television Holdings, Inc.",,,JP3732200005,0.02964,0.13344,0.09665,0.0258,0.521,-0.0802397370804688,-0.308996971506569,-0.22364518293376,-0.0686755741725536,0.0152,1281010030,718399930368,13.055113,19.729277,0.678492,0.00203700560176541,-0.0141950567802271,-0.0316601049868766,-0.0207365627073656,-0.0174766977363515,0.456886328985262,0.016432322547857,0.207860409961037,2951.5,,,,,0.661712692259326,Communication Services,
9409,TV Asahi Holdings Corporation,,,JP3429000007,0.02463,0.08292,0.04443,,-0.208,0.564265129682997,0.254477115964938,0.0267246320538422,0.0618763626920393,0.0319,644211150,315190738944,10.649501,17.707863,0.66127217,0.0032,0.0145631067961165,0.00480769230769231,0,-0.0324074074074074,0.0845295055821372,-0.0111642743221691,0.0404040510366827,3135,,,,,0.601399559054642,Communication Services,
9412,SKY Perfect JSAT Corporation,,,JP3396350005,0.05984,0.19851999,0.32611,0.08492,0.495,-0.485868054317996,-0.241024222552023,-0.415208126552431,-0.235847683040255,0.0251,3609092560,543164792832,23.309004,27.430208,1.7735355,-0.017939518195797,-0.0467661691542289,-0.0575504181013281,-0.042,-0.064453125,1.60960334029228,0.252609603340292,0.991649269311065,1916,,,,,0.849756735348124,Communication Services,
9413,TV TOKYO Holdings Corporation,,,JP3547060008,0.04103,0.04112,0.04082,0.05216,-0.427,-0.330468057833324,-0.408283625168366,-0.424821775761504,-0.17394994528773,0.0301,181179250,88838324224,11.494054,11.931675,0.83593476,0.00301659125188537,-0.0148148148148148,-0.0320232896652111,-0.0291970802919708,-0.0964673913043478,0.458646616541353,0.142857142857143,0.270175488721804,3325,,,,,0.96332275225398,Communication Services,
9416,Vision Inc.,,,JP3800330007,0.14814,0.116969995,0.15821,0.08261,0.165,-0.304129926897279,-0.408590880243091,-0.375750920801245,-0.321514279712881,0.0559,244617930,49496125440,19.801413,12.389486,2.4359534,-0.00288461538461538,-0.0104961832061069,-0.00860420650095602,-0.0104961832061069,-0.00192492781520693,0.0800385728061717,0.0800385728061717,0.0800385728061717,1037,,,,,1.59824330081167,Communication Services,
9418,"U-NEXT HOLDINGS Co.,Ltd.",,,JP3944640006,0.070250005,0.0404,0.059159998,0.80974,-0.265,-0.311118389170248,-0.445693864975719,-0.409435644224254,0.16888191378577,0.0098,790570100,312950456320,16.610819,5.6088967,2.9265215,0.00405092592592593,-0.0028735632183908,-0.0113960113960114,0.00579710144927536,-0.0144383937665714,0.268011527377522,0.118155619596542,0.202689740634006,1735,,,,,2.96151273386796,Industrials,
9432,"NTT, Inc.",,,JP3735400008,0.03076,0.07126,0.12453,1.68396,0.075,-0.128506517770455,-0.13295399719632,-0.139951000789074,-0.0045623760089582,0.0307,39705582070,14236608626688,13.922345,12.075601,1.4512266,0.00285389874695896,0.0215116279069767,0.0179605665519222,0.00285389874695896,0.10503144654088,0.365964712578258,-0.186112692088788,-0.00154484917472954,175.7,,,2.4,Buy,1.15293184993443,Communication Services,
9433,KDDI Corporation,,,JP3496400007,0.03814,0.12086,0.20364,0.93799,0.194,0.297274833769897,-0.0478815837756908,-0.246511124752196,-0.0180776160564636,0.0277,23265804450,11202462744576,16.501526,1300.8584,2.250794,0.00764627659574468,0.0135428858050493,0.0167728950016773,0.0150703281982585,-0.00655522779416585,0.15473441108545,-0.384691520950181,-0.0272517321016166,3031,,,2.5,Hold,0.0126851054657448,Communication Services,
9434,SoftBank Corp.,,,JP3732000009,0.03484,0.07721,0.16525,1.59994,0.034,0.417005292938443,0.0667071424909199,-0.125671676726216,-0.0931368529361177,0.0356,18040550925,11810145042432,21.927176,21.302847,4.056452,0.0152138285287284,0.0244813278008299,0.0321906486203841,0.0232076124219568,0.0642241379310345,0.377075739165654,-0.0684487646820575,0.0579181855002024,246.9,,,1.7,Buy,1.02930730338532,Communication Services,
9435,"Hikari Tsushin, Inc.",,,JP3783420007,0.028299998,0.20982,0.15155,0.86268,0.307,-0.279573457097077,-0.344913992878271,-0.369943950075118,-0.0279343234823484,0.0212,2550182400,1646555168768,10.9649,16.871439,1.3163794,-0.00211864406779661,-0.0338461538461538,-0.0331023864511162,-0.0397553516819572,-0.0546914199698946,0.25,0.141188959660297,0.179936305732484,37680,,,2.8,Hold,0.649908997092661,Industrials,
9449,"GMO internet group, Inc.",,,JP3152750000,0.01942,0.058769997,0.20138,1.94158,0.07,-0.506281442945347,-0.428483434777855,-0.434909085498319,-0.302410785346406,0.0187,1075883040,357904941056,21.231848,24.90699,2.3863153,-0.00521376433785193,-0.0111427831044312,-0.0672207284282572,-0.0464767616191904,-0.094017094017094,0.310272536687631,-0.213836477987421,0.0959119496855346,3816,,,,,0.85244535770882,Communication Services,
9468,Kadokawa Corporation,,,JP3214350005,,-0.021370001,0.01853,0.0039,,-0.349740692434648,-0.597305717670806,-0.525185928877009,-0.334501375607964,0.0084,1226988360,527312846848,454.75287,27.60637,2.2060804,-0.00305640455682134,-0.00911350455675228,-0.0167169087421211,-0.0362610797743755,0.00223463687150838,0.0312151616499443,-0.163879598662207,-0.104654403567447,3588,,,3.3,Hold,16.4727513975941,Communication Services,
9501,"Tokyo Electric Power Company Holdings, Incorporated",,,JP3585800000,0.00992,0.06165,-0.023139998,1.96059,,-0.0488708789475809,0.100638391888247,0.0625499417021422,0.0482345935295023,,22979335968,866901622784,,2.5518966,0.25528866,-0.00988465662388996,-0.0283815553450274,-0.0254054054054054,-0.0411274181705812,0.0322519083969465,-0.260491772970974,-0.500831946755408,-0.380661859863191,540.9,,,5,Sell,,Utilities,
9502,"Chubu Electric Power Company, Incorporated",,,JP3526600006,0.0116,0.04975,-0.030350002,0.91166,-0.588,0.0709663220282241,-0.413744138372375,-0.473139745374106,-0.351959162473978,0.0234,9150313920,2260137410560,9.9207535,12.744931,0.7132608,-0.0199803471994759,0.00453248279335236,0.0225563909774436,0.03601108033241,0.105691056910569,0.169786096256685,-0.258021390374332,0.00601604278074866,2992,,,2.2,Buy,0.778407784239868,Utilities,
9503,"The Kansai Electric Power Company, Incorporated",,,JP3228600007,0.02141,0.10079,0.02021,1.21085,0.382,0.229072970421493,0.238863910093279,0.0245028262798713,0.231265324376008,0.027,16748298490,3302621184000,8.688198,9.023529,0.925801,0.00253635441325668,0.00850484776322504,0.00593824228028504,0.021184981054082,0.209753111609876,0.130038792376455,-0.251138471917693,-0.0244560634171024,2964.5,,,2,Buy,0.962838153454153,Utilities,
9504,"The Chugoku Electric Power Co., Inc.",,,JP3522200009,0.0063300002,0.02606,-0.01568,4.30981,,0.144395043525626,0.114943427781538,0.156879536520661,0.434405749997241,0.0277,2638707795,389960564736,5.6914196,5.776298,0.5030391,0.0111888111888112,0.00930665425779432,0.0412866058569371,0.0616740088105727,0.147619047619048,0.0788381742738589,-0.160903642231443,-0.0656216689718764,1084.5,,,2.7,Hold,0.985305744267349,Utilities,
9505,Hokuriku Electric Power Company,,,JP3845400005,0.02615,0.060890004,0.13363,2.43501,-0.207,0.880339866727193,-0.306117784169613,-0.216902349404298,0.0653679435456842,0.0231,1076132200,226348826624,4.1562777,7.2904053,0.48052338,0.0126168224299065,0.00931532370749884,0.0275011853959222,0.031413612565445,0.101453681564014,-0.0216889709275496,-0.132441162898016,-0.0647592985694508,1083.5,,,3,Hold,0.570102419408699,Utilities,
9506,"Tohoku Electric Power Company, Incorporated",,,JP3605400005,0.01777,0.03179,0.076519996,3.08159,-0.043,0.818951769115407,0.876728456437895,0.689978729323976,0.422595921891885,0.0282,6448519350,709877628928,8.347073,5.314562,0.62373763,-0.00421496311907271,0.0297856883399927,0.036563071297989,0.0449686693697014,0.202290076335878,0.382716049382716,-0.223985890652557,0.0285714285714286,1417.5,,,2.5,Buy,1.57060412504361,Utilities,
9507,"Shikoku Electric Power Company, Incorporated",,,JP3350800003,0.0255,0.0719,0.12901,1.60914,0.299,0.999265889733301,0.409415032272044,0.386348504849911,0.98874001489674,0.0253,2810889170,446856265728,8.795097,14.456189,0.9091651,-0.00229410415232852,0.0165965404394577,0.0461871541977388,0.0680255402750491,0.368470736312146,0.0117268337548862,-0.29179121637158,-0.129301724534376,2174.5,,,1.8,Buy,0.608396652810779,Utilities,
9508,"Kyushu Electric Power Company, Incorporated",,,JP3246400000,0.02642,0.07402,0.15662,2.56946,0.306,0.68462179854997,0.0154274370379969,-0.0816863354004882,0.186355326828461,0.0229,5432752470,1030419972096,6.9252033,13.305049,0.8300169,-0.00251716247139588,0.0179822512844465,0.00972897845726199,0.026613283089967,0.201157343620832,0.481991282404221,-0.0135352144987382,0.143381509520532,2179.5,,,1.4,Strong Buy,0.520494385251794,Utilities,
9509,"Hokkaido Electric Power Company, Incorporated",,,JP3850200001,0.01435,0.03226,0.11399,3.37444,-0.591,-0.0393504323601977,-0.299608828050799,-0.205761370605242,0.0289088048914074,0.0296,2881015935,228862771200,5.4376464,8.213575,0.48574117,-0.0158940397350993,-0.0145888594164456,-0.00933333333333333,-0.0097734340293203,0.0953316953316953,0.776581426648721,-0.0578734858681023,0.247196052041274,1114.5,,,,,0.662031624475335,Utilities,
9511,"The Okinawa Electric Power Company, Incorporated",,,JP3194700005,0.00417,0.0017499999,-0.14076,2.71556,,0.656242488645995,-0.193055203231409,-0.195660397570921,0.549297155773031,0.0427,310216680,63657254912,10.214398,9.361023,0.51789176,-0.0176026823134954,-0.0208855472013367,-0.00593723494486853,0.00170940170940171,0.258861439312567,-0.0614334470989761,-0.0614334470989761,-0.0614334470989761,1172,,,,,1.09116257913264,Utilities,
9513,"Electric Power Development Co., Ltd.",,,JP3551200003,0.01757,0.02794,0.12946,1.2578,-0.453,0.546702893229549,-0.251865156120475,-0.331681368229225,-0.205673817657606,0.0264,2313921380,733250519040,12.804279,11.533137,0.51198703,0.00822846079380445,0.010184287099903,0.0233357897322525,0.002165022853019,0.0960273612207314,-0.0326452232357177,-0.359097455592895,-0.120259241478637,4166,,,3.3,Hold,1.11021650050632,Utilities,
9514,EF-ON Inc.,,,JP3802140008,0.0058999998,0.05777,-0.064169995,1.03491,,0.281161600470919,0.00343619344245644,-0.212221012049859,-0.0476144064768068,0.0245,27683820,6917875712,5.770249,6.6463413,0.35098153,-0.029673590504451,-0.0410557184750733,-0.0382352941176471,-0.0494186046511628,0.00925925925925926,0.100917431192661,0.100917431192661,0.100917431192661,327,,,,,0.868184274557191,Utilities,
9517,"eREX Co.,Ltd.",,,JP3130830007,0.02169,0.035,0.01302,0.74551,,-0.0376263384369059,-0.234162256589426,-0.11177927602292,-0.184733817572496,0.0265,147175600,64891662336,12.136277,19.686907,0.91587114,-0.00240384615384615,-0.0326340326340326,-0.0200708382526564,-0.0177514792899408,-0.0177514792899408,0.204819277108434,-0.0602409638554217,0.0441767469879518,830,,,,,0.616464384171673,Utilities,
9519,"RENOVA, Inc.",,,JP3981200003,0.00399,0.02891,0.05138,1.68911,-0.89,-0.0929881289369749,-0.201963941685597,-0.185664792860839,-0.183162087366111,,689356070,79637995520,24.097374,30.160904,0.6005081,-0.0308030803080308,-0.00113378684807256,0.00916380297823597,0.0126436781609195,-0.0506465517241379,0.452894438138479,-0.0238365493757094,0.214528944381385,881,,,,,0.798960601446164,Utilities,
9531,"Tokyo Gas Co.,Ltd.",,,JP3573000001,0.03101,0.05617,0.082279995,0.70137,-0.621,0.0082863178824407,0.141711142398743,-0.129105617573682,-0.0464674524702304,0.0191,6532902500,2061368688640,9.587765,23.138758,1.2012919,0.0012765278442636,0.0208231657719213,0.0239882506527415,0.0043213828425096,0.00191601468944595,0.131474103585657,-0.0948207171314741,0.0368127490039841,6275,,,,,0.414359534768461,Utilities,
9532,"Osaka Gas Co., Ltd.",,,JP3180400008,0.029690001,0.068670005,0.0655,0.42406,-0.238,0.51923475825006,0.265016456390565,0.0457041376740072,0.0450131844677868,0.0215,6914956950,2279584038912,15.431989,20.646154,1.2563565,0.0175231676495366,0.03125,0.055953838083581,0.0338983050847458,0.0942199673853959,0.228680245073688,-0.266434840205332,0.0418391289948668,6039,,,,,0.747451026472049,Utilities,
9533,"Toho Gas Co., Ltd.",,,JP3600200004,0.01556,0.03824,0.052750003,0.33697,-0.392,0.120774367993791,-0.0478739230550309,-0.166472122891182,0.155377933915876,0.0173,1139229000,462678163456,15.52795,5.849269,0.94022214,0.0108864696734059,0.016021883548261,0.0429201764941837,0.038753495805034,0.0837849103793247,-0.0461538461538462,-0.423076923076923,-0.234615384615385,1300,,,,,2.65468214917112,Utilities,
9534,"Hokkaido Gas Co., Ltd.",,,JP3847000001,0.04816,0.05589,0.09004,0.51341,-0.416,1.54113508008518,0.504824890587077,0.552807831014941,0.393735925691397,0.0292,341528500,81709219840,7.112102,,0.82617617,-0.00323275862068966,-0.0170031880977683,0.00982532751091703,0.00652883569096844,0.192010309278351,,,,925,,,,,,Utilities,
9535,"HIROSHIMA GAS Co.,Ltd.",,,JP3796200008,0.00693,0.021470001,0.031489998,0.47499,-0.33,0.190427228158016,-0.470956529658187,-0.40532452390206,-0.29491239545737,0.027,38366040,30518595584,14.490862,,0.42593974,0.0113895216400911,0.0206896551724138,0.0113895216400911,0.0447058823529412,0.0398126463700234,,,,444,,,,,,Energy,
9536,"Saibu Gas Holdings Co.,Ltd.",,,JP3311600005,0.0149,0.0344,0.0668,2.13711,0.496,-0.0135725827026108,-0.101984245337637,0.0123623614484232,0.849326154807002,0.0275,449006350,91742396416,12.987211,,0.74986804,0.00472999605833662,0.0151334129828753,0.0183779464642429,0.0027537372147915,0.0701091519731318,,,,2549,,,,,,Utilities,
9543,"Shizuoka Gas Co., Ltd.",,,JP3351150002,0.044549998,0.04911,0.07198,0.13993,-0.218,-0.206264024725856,-0.0926540776094626,0.0342193314896377,0.133380806435945,0.0338,233471200,102552330240,10.405509,17.010632,0.7252026,0,0.0172026925953628,0.0264150943396226,0.0126582278481013,0.0742496050552923,0.176470588235294,0.176470588235294,0.176470588235294,1360,,,,,0.611706196454076,Utilities,
9551,"METAWATER Co., Ltd.",,,JP3921260000,0.038829997,0.043959998,-0.024149999,0.4235,,-0.076618937137052,-0.415441949087241,-0.293665742905805,-0.152310693660289,0.0264,324975750,132331315200,14.450867,19.20879,1.500112,-0.0130505709624796,-0.0226171243941842,-0.0457413249211357,-0.00819672131147541,-0.00981996726677578,0.454545454545455,0.130578512396694,0.26198347107438,3025,,,2,Buy,0.752304908325824,Industrials,
9601,"Shochiku Co., Ltd.",,,JP3362800009,0.01949,0.03423,0.071669996,0.59855,,-0.210188064563898,-0.303043174853606,-0.337534535746438,0.278716601963919,0.0027,551551500,150493347840,28.735632,62.67888,1.4258639,0.00458715596330275,-0.00454545454545455,0.00921658986175115,0.0369318181818182,-0.07905803195963,0.19634703196347,0.19634703196347,0.19634703196347,10950,,,1,Strong Buy,0.45845796861718,Communication Services,
9602,"Toho Co., Ltd.",,,JP3598600009,0.05742,0.13277,0.15630001,0.00296,-0.281,-0.350946727454907,-0.265171289797535,-0.342922419818007,-0.211744543952456,0.0136,5443133020,1341776068608,26.386389,6.5590434,2.6770406,0.00373366521468575,0.00686641697877653,0.00749531542785759,0.0333119795003203,0.0271746574463947,0.425914445133292,-0.132052076875387,0.0691539987600744,1613,,,1.8,Buy,4.02290202867083,Communication Services,
9603,"H.I.S. Co., Ltd.",,,JP3160740001,0.018229999,0.010190001,0.01223,2.55957,,-0.0784421661047271,-0.153925180671674,0.0508244422890398,-0.162968931667329,0.0213,550933760,86583615488,22.31956,10.673952,1.62259,-0.00340136054421769,-0.031404958677686,-0.0109704641350211,0.0209059233449477,0.098406747891284,0.109215017064846,-0.0784982935153584,-0.00170648464163823,1172,,,2.8,Hold,2.09103057611651,Consumer Cyclical,
9605,"Toei Company, Ltd.",,,JP3560000006,0.04779,0.12550999,0.20177999,0.05729,-0.017,-0.109695375182101,-0.427926629108814,-0.383036850236278,-0.295179674913585,0.002,323940000,374921592832,16.02564,28.942163,1.2696046,0.0118043844856661,0.00166944908180301,0,0.00671140939597315,-0.0430622009569378,0.0166666666666667,-0.05,-0.0166666666666667,6000,,,3,Hold,0.553712588793035,Communication Services,
9616,"Kyoritsu Maintenance Co., Ltd.",,,JP3253900009,0.05047,0.06493,0.079569995,0.88946,-0.154,-0.282964777947933,-0.206841759808852,-0.355510426235605,-0.0108066781930464,0.0149,2480023500,281531711488,15.060095,16.416485,1.9171529,-0.0124441608168475,-0.0279522613065327,-0.0491551459293395,-0.0397145516599442,-0.0971411901983664,0.550888529886914,0.024232633279483,0.190399224555735,3095,,,2,Buy,0.917376344570717,Consumer Cyclical,
9627,Ain Holdings Inc.,,,JP3105250009,0.04539,0.02665,0.052589998,1.07987,2.691,-0.101839503057828,-0.25291296252913,-0.401072033101373,0.0421927241878336,0.0171,554170760,206083981312,12.225025,19.22106,1.2961421,-0.00711261642675699,-0.0190731136021415,-0.0446472217695943,-0.0407395287958115,-0.0469765929778934,0.680027289783387,-0.0107453522087668,0.263573852976292,5863,,,,,0.636022414996884,Healthcare,
9678,"Kanamoto Co.,Ltd.",,,JP3215200001,,0.0635,0.091120005,0.42401,0.536,0.118331979420525,-0.392610837438424,0.00563465974101454,-0.32701838136492,0.0203,577067400,183880482816,14.749102,20.929874,1.1975123,-0.00732600732600733,0.0130841121495327,-0.0355871886120997,-0.0234234234234234,0.0383141762452107,0.162361623616236,0.162361623616236,0.162361623616236,5420,,,1,Strong Buy,0.704691389924278,Industrials,
9682,DTS Corporation,,,JP3548500002,0.12919,0.08443,0.10751,,-0.132,0.0159298371218901,-0.253107731581651,-0.122811546964,0.149788265312884,0.0355,549037440,167275741184,14.683301,4.4086776,2.800066,-0.00557103064066852,-0.0183318056828598,-0.053886925795053,-0.0597014925373134,-0.0877342419080068,0.139122315592904,0.111111111111111,0.125116713352007,1071,,,3,Hold,3.33054542250946,Technology,
9684,"Square Enix Holdings Co., Ltd.",,,JP3164630000,0.094110005,0.120120004,0.21688999,,1.756,-0.150771032448679,-0.2128665366222,-0.282555895147857,0.313190404901773,0.0149,4644056760,1039106179072,35.08708,10.231187,2.9324856,0.00893013482752583,0.0052337752965806,-0.00311418685121107,-0.0306191117092867,-0.00432002764817695,0.249566122874002,-0.208608122179799,-0.026958243665394,2881,,,3.3,Hold,3.42942417140846,Communication Services,
9697,"Capcom Co., Ltd.",,,JP3218900003,,0.30193,0.58308,,0.691,-0.256749840819808,0.0700441934339937,0.44266328443163,-0.148060891093484,0.0108,11775582400,1773629472768,32.46803,31.208597,6.182524,0.0104861773117255,-0.0281916112766445,-0.00188323917137476,0.00378787878787879,0.0323837350864378,0.25,-0.136792452830189,0.0720813679245283,4240,,,1.4,Strong Buy,1.0403553226055,Communication Services,
9706,"Japan Airport Terminal Co., Ltd.",,,JP3699400002,0.06206,0.10609,0.19378,0.94268,0.344,0.634230452281712,5.01501323420935,3.05195290906912,1.62500628263785,0.0176,9137207340,502093185024,17.24149,25.06139,2.3429673,-0.0275080906148867,-0.03393463118414,-0.0533776688834442,-0.059304347826087,-0.0606113233761723,0.257163985949344,-0.0386393048622666,0.109262340543539,5409,,,,,0.687970220326965,Industrials,
9716,"NOMURA Co., Ltd.",,,JP3762400004,0.07811,0.047810003,0.06974,,-0.529,0.284243584667205,-0.253135175753528,-0.220997776223937,-0.135218236049177,0.0361,367037000,136143208448,14.903494,31.6226,2.3346958,-0.0232185748598879,-0.0232185748598879,-0.046875,-0.0476190476190476,0.0387744377407188,0.598360655737705,0.598360655737705,0.598360655737705,1220,,,,,0.471292493343368,Industrials,
9735,"SECOM CO., LTD.",,,JP3421800008,0.047199998,0.08823,0.11214,0.04787,-0.007,0.36164582150027,0.0797875413245385,-0.119577287533314,-0.109285240893533,0.0189,8490366720,2527615778816,22.935747,26.684635,1.9441546,0.00316656111462951,0.00523560209424084,-0.0101546633338541,-0.0213160333642261,-0.103438517051082,0.175820707070707,0.0258838383838384,0.11584595959596,6336,,,,,0.859511362999719,Industrials,
9743,"Tanseisha Co., Ltd.",,,JP3472200009,0.06983,0.04514,0.04618,0.00736,-0.054,0.226971257161519,-0.266894672197248,-0.320551686496184,-0.180717458624925,0.0489,462555950,69728739328,15.479322,19.771505,1.8485683,-0.00675219446320054,-0.0219414893617021,-0.0284015852047556,-0.029042904290429,0.0651701665459812,,,,1471,,,,,0.782910658546226,Industrials,
9744,MEITEC Group Holdings Inc.,,,JP3919200000,0.15683,0.11066,0.15387,,0.073,0.357663655879938,0.0916724874681569,0.0332682734853642,0.020273612456888,0.0547,1249194000,255554224128,16.97784,19.069017,5.7921205,0.00455235204855842,0.00363856882959369,-0.0119402985074627,-0.0183867141162515,-0.0264705882352941,0.0574018126888218,-0.0634441087613293,0.00906344410876133,3310,,,,,0.89033640276266,Industrials,
9746,TKC Corporation,,,JP3539400006,0.09673,0.15782,0.26077998,,0.248,-0.220655132377853,-0.432356880787374,-0.347287571274772,-0.152468504139149,0.0271,267919400,198952501248,15.105853,17.5,1.8193184,0.00123304562268804,-0.00368098159509202,-0.0240384615384615,-0.0133657351154313,0.00619578686493185,,,,4060,,,,,0.8631916,Technology,
9757,Funai Soken Holdings Incorporated,,,JP3825800000,0.16851,0.23725,0.29683,0.01024,0.185,-0.360608379268883,-0.389158269565876,-0.372430860291867,-0.330318859349064,0.0415,334893200,107935129600,13.279724,8.322535,3.8707519,-0.00172711571675302,-0.0136518771331058,-0.0195080576759966,-0.0111206159110351,0.00173310225303293,0.211072664359862,0.0380622837370242,0.124567474048443,1156,,,,,1.59563450318923,Industrials,
9759,"NSD Co., Ltd.",,,JP3712600000,0.14187,0.11076,0.13972001,,0.162,0.0570381067304966,0.0121302542812662,-0.0895525011424755,0.0496963466774046,0.0346,680073420,211809271808,16.420404,18.363934,3.0991633,-0.0046205793495646,-0.00267094017094017,-0.0287844633258193,-0.0313040470425458,-0.0550025307912941,0.499732190680236,0.499732190680236,0.499732190680236,2800.5,,,,,0.894165923271125,Technology,
9766,Konami Group Corporation,,,JP3300200007,0.14449,0.21426001,0.34952998,0.09489,0.642,0.340543000151676,-0.0288327315731194,-0.136723988961106,-0.223662772749096,0.0108,9896087400,2810085900288,24.937746,34.45582,4.8468227,0.0186732186732187,-0.0121515368120086,-0.0358139534883721,-0.0455801104972376,-0.0508241758241758,0.495417269657501,0.085383502170767,0.275049011095031,20730,,,1.4,Strong Buy,0.723760049826125,Communication Services,
9793,"Daiseki Co.,Ltd.",,,JP3485600005,0.08592,0.13274,0.22719999,0.09293,0.19,-0.160033177760996,-0.0423539046205424,-0.0568611757857974,-0.221180373942968,0.0235,458337000,172828590080,18.939787,25.115097,2.0853243,-0.00679347826086957,0.0068870523415978,-0.0148247978436658,-0.0201072386058981,-0.0375241922750331,0.395348837209302,0.149110807113543,0.265389876880985,3655,,,,,0.754119603838281,Industrials,
9824,"Senshu Electric Co.,Ltd.",,,JP3424400004,0.06143,0.05613,0.08696,0.00976,,-0.0232739312493915,-0.0818465095240488,0.351874381667959,-0.0976390650565596,0.0231,768430600,132549754880,17.793432,17.65774,2.11567,0.0103896103896104,-0.0164348925410872,0.0542005420054201,0.074585635359116,0.31864406779661,,,,7780,,,1,Strong Buy,1.00768456212403,Technology,
9828,Genki Global Dining Concepts Corporation,,,JP3282800006,0.05926,0.043270003,0.06916,1.87118,-0.022,0.0629735645731605,-0.114322916666667,-0.0819455492545739,-0.0628808824854524,0.0208,234506850,59424305152,17.006975,14.454467,2.9914062,-0.00737463126843658,0.00148809523809524,0,0.00597907324364724,-0.0843537414965986,0.188707280832095,0.12927191679049,0.158989598811293,3365,,,,,1.17658956224398,Consumer Cyclical,
9830,Trusco Nakayama Corporation,,,JP3635500006,0.05489,0.04453,0.07114,0.54314,0.09,-0.100744389858879,-0.24843913681123,-0.359012248967384,-0.0402831061711464,0.0257,235123250,156195799040,9.560129,9.949601,0.8080465,-0.00168563000421408,0.0136927685066324,0.00253914515446466,-0.019859329747621,-0.0251028806584362,,,,2369,,,0,Strong Buy,0.960855515713645,Industrials,
9831,"Yamada Holdings Co., Ltd.",,,JP3939000000,0.00834,0.0091699995,0.03723,0.44656,0.168,-0.00142119732737316,0.0968330906423984,-0.0805130287906188,-0.0822072707509823,0.0237,2872393294,477252878336,32.997704,15.592006,0.75171906,0.0078640985901659,0.0356421356421357,0.0122708039492243,0.0191706724779208,-0.0175222450376454,0.170405461892155,-0.275463285495332,-0.0505383865124705,717.7,,,2.6,Hold,2.11632191521732,Consumer Cyclical,
9832,"Autobacs Seven Co., Ltd.",,,JP3172500005,0.03657,0.027509999,0.03392,0.29181,-0.26,0.981071149269671,0.101218393816324,0.0587364264560711,0.112944322085471,0.038,375012500,123995955200,14.837437,15.009506,0.914324,0.0108834827144686,0.0102367242482406,0.000633713561470215,0.00637348629700446,-0.00252684775742262,,,,1579,,,,,0.988535998453247,Consumer Cyclical,
9837,"Morito Co., Ltd.",,,JP3926200001,0.041750003,0.03434,0.06226,0.08858,-0.415,-0.200595437008233,-0.313723050119777,-0.273468735007197,-0.251931904539276,0.0405,99580320,44005466112,13.037733,18.030457,1.0930691,0.000563380281690141,0.00851788756388416,-0.00782122905027933,-0.0182421227197347,-0.00892857142857143,,,,1776,,,,,0.723094983116623,Consumer Cyclical,
9842,Arclands Corporation,,,JP3100100001,0.02606,0.02264,0.02572,0.91033,1.633,-0.530499903654364,-0.477489923631735,-0.483632954551595,0.616891069941744,0.0215,455535580,116913635328,14.388434,9.4261265,0.91555494,-0.0116834838024429,-0.0106326422115896,-0.00374732334047109,0.00812567713976165,-0.0567871791015291,,,,1861,,,,,1.52644185286501,Consumer Cyclical,
9843,"Nitori Holdings Co., Ltd.",,,JP3756100008,0.0499,0.098009996,0.15597,0.14875,-0.015,-0.0771951594674416,0.0422302667336662,0.172188032518762,0.217876311297379,0.0099,13659972480,1831916797952,20.533283,3.629118,1.8166678,-0.00765228037955311,-0.0442216981132075,-0.00368776889981561,0.0731545845746442,0.230127110605198,0.110425663170882,-0.198025909932141,-0.0558577421344849,3242,,,2.3,Buy,5.65792652650038,Consumer Cyclical,
9861,"Yoshinoya Holdings Co., Ltd.",,,JP3958000006,0.04788,0.02471,0.043319996,0.45081,1.444,-0.414105340767707,-0.464132297363912,-0.52483925176838,0.0219622390447921,0.0058,1260099200,242822758400,52.631577,55.127274,3.534574,0.00105652403592182,-0.00889121338912134,-0.0137913088732761,-0.014047866805411,-0.0333045098515655,-0.261213720316623,-0.261213720316623,-0.261213720316623,3790,,,,,0.954728452562338,Consumer Cyclical,
9869,"Kato Sangyo Co., Ltd.",,,JP3213300001,0.02546,0.01334,0.01316,0.07942,0.557,0.376008659712655,-0.19840145690004,-0.274966331710349,-0.116858936456617,0.0238,213628800,202823794688,13.85053,33.947968,1.1739663,-0.00148588410104012,-0.00148588410104012,0.00448430493273543,-0.00738552437223043,0.0181818181818182,,,,6720,,,,,0.407992902550161,Consumer Defensive,
9882,Yellow Hat Ltd.,,,JP3131350005,0.04696,0.07047,0.0705,0.4267,0.101,0.110531986407964,-0.0986804605563156,0.0164486046005657,-0.151487968113029,0.0394,330546260,144914972672,12.5627775,,1.1789134,0.00465657741559953,-0.0108882521489971,-0.0254093732354602,-0.0292463442069741,-0.0770053475935829,,,,1726,,,,,,Consumer Cyclical,
9887,"Matsuya Foods Holdings Co., Ltd.",,,JP3869800007,0.038,0.02042,0.013739999,0.90836,0.173,-0.452621149342461,-0.405103448275862,-0.329094043739077,0.168418859525833,0.0046,328652800,107916419072,26.666666,,1.8621048,-0.00757575757575758,-0.0260223048327138,-0.00757575757575758,0.0174757281553398,0.00191204588910134,,,,5240,,,,,,Consumer Cyclical,
9889,JBCC Holdings Inc.,,,JP3746800006,0.10769,0.07091,0.11038999,0.07716,0.122,-0.128200295033601,-0.184341412012645,-0.223557983688029,0.154650038363347,0.0377,258623550,97031282688,18.450314,5.140368,3.9266047,0.00631711939355654,0.000628140703517588,-0.0512209648600357,-0.0517857142857143,-0.0351302241066021,,,,1593,,,,,3.5892982759211,Technology,
9896,"JK Holdings Co., Ltd.",,,JP3389570007,0.018509999,0.01053,0.015570001,0.47382,0.306,-0.119687378891616,1.39462260187649,0.718500217991571,0.0154163926612145,0.0438,51837510,36639473664,9.20814,,0.5618947,-0.00507982583454282,-0.0392431674842327,-0.0570839064649243,-0.0452646239554318,-0.0365425158116655,,,,1371,,,,,,Industrials,
9900,Sagami Holdings Corporation,,,JP3316200009,,0,0.06981,0.02262,-0.206,-0.0578083243407664,-0.358829671428254,-0.230362578197892,0.311435580987591,0.0053,321260800,68442972160,42.37225,,3.4616523,0.0088809946714032,0.024346257889991,0.00709219858156028,0.0161001788908766,0.0767772511848341,,,,1136,,,,,,Consumer Cyclical,
9902,NICHIDEN Corporation,,,JP3661950000,0.03657,0.039189998,0.05072,,0.655,0.309852394095764,-0.379356009515168,-0.389241220264207,-0.191426052132576,0.038,172504400,92044566528,18.247965,22.14436,0.97584087,0.0394736842105263,0.0446280991735537,0.0293159609120521,0.0429042904290429,0.140382533381451,,,,3160,,,,,0.824045716381056,Industrials,
9932,"Sugimoto & Co., Ltd.",,,JP3397050000,0.03274,0.04572,0.040149998,0.06584,0.799,-0.267851775516338,-0.461346633416459,-0.496294400427312,-0.245777660579466,0.0418,37929580,22564438016,11.001278,,0.64588463,0.00155159038013964,0.0078064012490242,-0.0197418375094913,-0.026395173453997,-0.0145038167938931,,,,1291,,,,,,Industrials,
9934,"Inaba Denki Sangyo Co.,Ltd.",,,JP3146200005,0.07361,0.060599998,0.09559,0.00117,0.719,0.236828644501279,-0.22331566994701,-0.296793125131,0.287868619213165,0.0278,574571970,343507795968,14.836551,,1.6546288,0.0092378752886836,0.0235904299815961,-0.00130590923930787,0.000654236179260713,0.0925,,,,3059,,,,,,Industrials,
9936,Ohsho Food Service Corp.,,,JP3174300008,0.06679,0.05481,0.05019,0.03895,-0.52,0.745097746158905,0.14143537769211,0.201933625334189,0.192445989289387,0.0191,813530380,153758990336,20.78983,20.126522,2.3955986,-0.0054366292898403,-0.0148098283406261,-0.00712347354138399,-0.00611205432937182,-0.048130081300813,0.127434233003075,-0.145883156815852,-0.00922446190638879,2927,,,,,1.03295691128353,Consumer Cyclical,
9948,ARCS Company Limited,,,JP3968600001,0.03765,0.01985,0.025899999,0.13686,0.043,0.422091677792613,0.21008777627257,0.19594136996904,0.323770182111282,0.0221,404586000,197403705344,16.02578,16.666666,1.0075834,0.0122950819672131,-0.00403225806451613,-0.00803212851405622,-0.00536912751677852,0.0041605121167794,-0.0283400809716599,-0.0823211875843455,-0.0553306342780027,3705,,,,,0.961546838461874,Consumer Cyclical,
9956,"Valor Holdings Co., Ltd.",,,JP3778400006,0.03483,0.0199,0.03039,0.66429,0.643,-0.579585415509902,-0.678238712257208,-0.687556463755646,-0.683896210288187,0.0123,489540700,188444524544,10.373378,12.327621,0.9028015,0.0109034267912773,0.0062015503875969,-0.00460122699386503,-0.00460122699386503,-0.0469897209985316,0.263482280431433,0.263482280431433,0.263482280431433,3245,,,,,0.841474441824582,Consumer Cyclical,
9960,Totech Corporation,,,JP3595300009,0.09825,0.075729996,0.07092,0.10993,-0.096,0.175669162897605,-0.168129268571865,-0.0402157531530102,-0.00825918594999424,0.0418,375900600,168535506944,12.869892,16.105017,2.2578125,0.00366300366300366,0.00488997555012225,0.0405063291139241,0.0498084291187739,0.0745098039215686,,,,4110,,,0,Strong Buy,0.79912315522548,Technology,
9962,MISUMI Group Inc.,,,JP3885400006,0.07819,0.094919994,0.13597,,0.683,0.12442632599488,-0.0717752288960171,-0.255536023325332,0.227165288634526,0.0166,3894489540,905811853312,23.14821,24.542542,2.3588245,-0.0259960440802487,-0.0246179966044143,-0.0607629427792916,-0.050151556902728,-0.00919804541534924,0.972729910066725,0.232956193791703,0.470844212358573,3447,,,,,0.94318714010961,Industrials,
9974,"Belc CO., LTD.",,,JP3835700000,0.04895,0.02865,0.030639999,0.38728,-0.159,0.0988538681948424,-0.2816814523236,-0.30289619460501,-0.123640783609466,0.0194,161328900,141858406400,11.185756,11.313608,1.1666851,0.014903129657228,0.00147058823529412,-0.00728862973760933,-0.00292825768667643,0.00522929868958689,0.145374449339207,0.0572687224669604,0.101321585903084,6810,,,,,0.988699272592793,Consumer Defensive,
9983,"Fast Retailing Co., Ltd.",,,JP3802300008,0.1092,0.1351,0.20999001,0.28419,0.391,0.345740048356333,0.369285978314441,0.0507373975536084,-0.126537588827753,0.0096,79165713600,20399454683136,42.735096,48.569862,7.476598,-0.00493938033228559,-0.0327367961588826,-0.0379160636758321,-0.0556818181818182,-0.149315883997439,0.504211793020457,-0.00421179302045728,0.29379912755716,66480,,,1.8,Buy,0.879868590114586,Consumer Cyclical,
9984,SoftBank Group Corp.,,,,-0.00476,0.61613,-0.115509994,1.3015,-0.178,0.348544384604755,0.89813610167504,0.99626037971462,-0.138628463807975,0.0017,430621852800,37270958637056,7.4962173,22.147718,2.0447264,-0.039647577092511,-0.0024405125076266,0.16994633273703,0.328188464662876,0.414971873647772,0.697247706422018,-0.519877675840979,0.184971009174312,6540,,,1.7,Buy,0.338464545196033,Communication Services,
9987,"Suzuken Co., Ltd.",,,JP3398000004,0.0187,0.01496,0.00659,,-0.05,0.0944905646576945,-0.0155310052589761,-0.0691593209750003,-0.164861875808737,0.0116,964919690,344957288448,9.478699,16.676876,0.841684,-0.00461804887435059,-0.00269905533063428,0.00213095699341341,-0.0019293845263361,-0.0211920529801325,0.411173400347961,0.0052194084670404,0.164379180359559,5173,,,,,0.568373776959186,Healthcare,
9989,"Sundrug Co.,Ltd.",,,JP3336600006,0.06425,0.03701,0.056149997,0.16755,0.009,-0.145486014728214,-0.05625,-0.0817717369341499,0.0260780740688901,0.036,1798195600,428742311936,13.6611,13.35544,1.4976747,-0.00163443203486788,-0.017689627445725,-0.0163714439076758,-0.000817884405670665,-0.0633784819831331,0.527967257844475,0.0995907230559345,0.283570422919509,3665,,,,,1.02288655409331,Healthcare,
9991,Gecoss Corporation,,,JP3225500002,0.04774,0.05163,0.077020004,0.04321,0.153,-0.251560899871164,-0.414857393297822,-0.365128736823916,-0.244347985499619,0.0386,69037510,60193153024,10.288114,,0.84965765,0.00224089635854342,0.00731981981981982,0.0164772727272727,0.0217018846373501,0.0335066435586366,,,,1789,,,,,,Industrials,
166A,TASUKI Holdings Inc.,,,JP3464310006,0.08180001,0.069910005,0.16303,2.21947,18.779,-0.541549871433896,-0.340630817986932,-0.462166256606525,-0.266105535533033,0.0376,366447990,65609023488,11.641661,,2.0321124,-0.0148285449490269,-0.0406137184115524,-0.0371376811594203,-0.0898972602739726,-0.0500446827524576,,,,1063,,,,,,Technology,
167A,"Ryoyo Ryosan Holdings, Inc.",,,JP3975410006,0.03207,0.02084,0.03941,0.37201,0.168,-0.239681189271482,-0.42854206631954,-0.36651615502075,-0.16187560895578,0.0442,466085100,127119990784,17.093557,,0.9185357,0.00316455696202532,0.0176565008025682,-0.00782472613458529,-0.0200927357032458,0.0953697304768487,,,,3170,,,,,,Technology,
186A,Astroscale Holdings Inc.,,,JP3119820003,-0.13077,-1.4539101,-2.29987,2.37064,,-0.438526632779328,-0.305639449778275,-0.393240670986806,-0.266554265365593,,3363794900,143541731328,,-286.119,11.167131,-0.0117416829745597,-0.0417457305502846,-0.0353390639923591,-0.0674053554939982,0.0575916230366492,0.237623762376238,0.188118811881188,0.212871287128713,1010,,,,,,Industrials,
247A,Ai Robotics Inc.,,,JP3160060004,0.072,0.06007,-0.04798,6.93496,,-0.405651270286538,-0.23634526971281,-0.276000002988764,0.488561006235544,,1135754550,65923108864,25,,11.778769,-0.0240384615384615,-0.0277777777777778,-0.0259117082533589,-0.00294695481335953,0.239316239316239,,,,1015,,,,,,Consumer Defensive,
250A,Shimadaya Corporation,,,JP3356550008,0.0842,0.059439998,0.076079994,0.1098,-0.151,0.519328647600582,-0.0728228228228228,0.00104004160166403,0.484417130472828,0.0343,54630290,22501761024,9.191305,,1.20517,-0.00443037974683544,-0.0106918238993711,-0.0100692259282568,-0.0156445556946183,-0.0708800945067927,,,,1573,,,,,,Consumer Defensive,
256A,TOBISHIMA HOLDINGS Inc.,,,JP3629810007,0.03068,0.03358,0.05373,0.47863,-0.135,1.06726671811563,0.225036964452882,0.396459559604883,0.359436655543916,0.0486,661950130,43437793280,8.944664,,0.81792957,0.0116227089852481,0.0225937641211026,0.0375974323704723,0.0579710144927536,0.100145843461351,,,,2263,,,,,,Industrials,
268A,Rigaku Holdings Corporation,,,JP3969750003,0.04851,0.09946,0.09014,0.75035,-0.298,-0.406819549013526,-0.209324664880328,-0.187471651836961,-0.0830508918887749,0.0119,3886988010,360355921920,39.844727,,4.0401835,-0.0239263803680982,-0.00995644057249533,-0.0209230769230769,0.0480895915678524,-0.163512092534175,1.01131363922062,0.0685103708359522,0.539912005028284,1591,,,2.3,Buy,,Technology,
277A,Globe-ing Inc.,,,JP3274430002,0.24075001,0.24974,0.21290001,0.16903,-0.315,-0.343703038096271,-0.472488717770695,-0.40158435049713,-0.501485568256577,0.0239,234955400,51044700160,19.569258,,6.688238,-0.0229257641921397,-0.0613529103303618,-0.0329551593733117,-0.0261153427638738,0.106988249845393,1.40223463687151,1.40223463687151,1.40223463687151,1790,,,,,,Industrials,
285A,Kioxia Holdings Corporation,,,JP3236330001,0.34332,0.3664,0.71869004,0.34845,44.188,-0.324243144845279,-0.290678688495777,-0.25740105544985,-0.17968743757953,,1637071179000,28771245621248,53.47599,,12.315012,-0.069891547598554,-0.0588747604946873,-0.00789570326845391,0.0594117647058824,0.367848101265823,2.70164723301869,-0.259670553396261,1.05915694984268,54030,,,1.6,Buy,,Technology,
290A,Synspective Inc.,,,JP3376720003,-0.08724,0.25365,-1.74823,0.28072,,-0.504801355883181,-0.491892615204483,-0.489682410728793,-0.168005882666888,,1466352030,188636053504,,,4.9713073,-0.0166320166320166,-0.0233998623537509,-0.0307377049180328,-0.00976971388695045,0.342478713339641,0.48907681465821,0.0570824524312896,0.298520084566596,1419,,,1.6,Buy,,Industrials,
319A,Next Generation Technology Group Inc.,,,JP3264350004,0.07113,0.19165,0.17113,1.6616,3.641,0.236519344149417,0.158941287115411,0.120555245275994,0.263631568536955,,743911800,168603058176,38.31387,,15.678132,-0.0455683525287932,-0.120036934441367,-0.0836538461538462,-0.0512692882030861,0.236057068741894,,,,19060,,,,,,Financial Services,
401A,Kasumigaseki Hotel REIT Investment Corporation,,,JP3050870009,,0,0,,,0.584173888336412,0.12088752869166,0.0909990660328701,-0.21285110327418,0.0644,142884000,27149850624,,,,-0.00211193241816262,-0.00735294117647059,-0.015625,-0.0104712041884817,-0.0186915887850467,,,,94500,,,,,,Real Estate,
409A,"Orion Breweries, Ltd.",,,JP3200010001,,0.09398,0.13284001,0.92113,-0.591,-0.223295501961112,-0.563219547327282,-0.423590052930755,0.400144083802255,0.029,169806710,49358774272,10.277339,,2.7847006,-0.0076271186440678,-0.0167926112510495,-0.0126475548060708,0.000854700854700855,-0.111532625189681,,,,1171,,,,,,Consumer Defensive,
417A,"Blue Zones Holdings Co.,Ltd.",,,JP3831110006,0.060739998,0.02871,0.052160002,0.39189,0.082,-0.0291616808169829,-0.0488563652303626,-0.0812220541153902,0.0251071759067086,0.0169,503633790,383641059328,16.393301,,1.8929106,0.00290467388434117,-0.012993762993763,-0.003933910306845,0.0109129624700559,0.0301057770545159,0.158504476040021,0.0531858873091101,0.123398262243286,1899,,,,,,Consumer Defensive,
429A,Tekscend Photomask Corp.,,,JP3545320008,0.090950005,0.18484,0.21322,0.00708,-0.09,-0.348038095362474,-0.492411717889371,-0.403387702821013,-0.270599224783657,0.0187,2462939600,371590922240,14.992383,,2.0935526,-0.0519645120405577,-0.00399467376830892,0.00808625336927224,0.0535211267605634,0.0288858321870702,0.524064171122995,0.176470588235294,0.331550802139037,3740,,,,,,Technology,
464A,QPS Holdings Inc.,,,JP3244860007,-0.02634,-0.14753,-1.00612,0.35282,0.144,-0.236472669106358,-0.152632217236475,-0.284889234803294,-0.217850697939603,,2159446250,90930503680,69.92255,,5.2092013,-0.0151515151515152,-0.0552325581395349,-0.053030303030303,-0.0714285714285714,0.170749279538905,1.70769230769231,0.476923076923077,0.958769230769231,1625,,,1.8,Buy,,Industrials,
471A,"NS Group, Inc.",,,JP3164810008,,0.22836,0.38127,0.97466,,0.0390380938141816,-0.207059147046692,-0.162621257909939,-0.192204931741447,0.05,329794400,76974317568,10.79929,,2.8858879,-0.00327868852459016,-0.011060507482108,-0.0142671854734112,-0.0091264667535854,0.00131752305665349,0.25,0.184210526315789,0.217105263157895,1520,,,1.5,Strong Buy,,Industrials,
543A,ARCHION Corporation,,,JP3100020001,0.044310004,0.17916,0.04853,0.40679,2.863,-0.095414455975585,-0.211349447628308,-0.0361547731940485,0.475873336595752,0.0297,5188770590,741520703488,1.8490515,,0.78603953,0,-0.00738007380073801,-0.0392857142857143,-0.03584229390681,-0.0182481751824818,0.561338289962825,-0.033457249070632,0.226765799256506,269,,,2.7,Hold,,Industrials,
546A,"Miraini Holdings Co., Ltd.",,,JP3910590003,,0,0.02792,0.88275,,-0.680694304329933,-0.697898762224095,-0.66361185732408,-0.614178779832891,0.0412,459628150,82637021184,,,0.91447693,0.00215146299483649,-0.0152219873150106,-0.0528670191134608,-0.0427455815865187,0.0591177808094588,,,,2329,,,,,,Technology,
547A,Muninova Holdings Inc.,,,JP3914100007,0.013789999,0.15242,0.23987,3.64889,1.637,0.81249993790961,0.21031679044233,0.161407450581558,0.21279420156463,0.0466,877673940,205489471488,7.3421187,,0.83986235,0.0117924528301887,0.0165876777251185,-0.00464037122969838,-0.0160550458715596,-0.0402684563758389,0.328671328671329,0.142191142191142,0.241258741258741,429,,,2.3,Buy,,Financial Services,
