Ticker,Name,ISIN,Exchange,Currency,Region
1301,KYOKUYO LTD,,TOKYO STOCK EXCHANGE,JPY,JP
1301,"KYOKUYO CO.,LTD.",JP3257200000,,,JP
1332,NISSUI CORP,,TOKYO STOCK EXCHANGE,JPY,JP
1332,NISSUI CORPORATION,JP3718800000,,,JP
1333,UMIOS CORP,,TOKYO STOCK EXCHANGE,JPY,JP
1333,UMIOS CORPORATION,JP3876600002,,,JP
1375,YUKIGUNI FACTORY LTD,,TOKYO STOCK EXCHANGE,JPY,JP
1375,"YUKIGUNI FACTORY CO.,LTD.",JP3947010009,,,JP
1376,KANEKO SEEDS LTD,,TOKYO STOCK EXCHANGE,JPY,JP
1376,"KANEKO SEEDS CO.,LTD.",JP3216200000,,,JP
1377,SAKATA SEED CORP,,TOKYO STOCK EXCHANGE,JPY,JP
1377,SAKATA SEED CORPORATION,JP3315000004,,,JP
1379,HOKUTO CORP,,TOKYO STOCK EXCHANGE,JPY,JP
1379,HOKUTO CORPORATION,JP3843250006,,,JP
1407,WEST HOLDING,JP3154750008,TSE,JPY,JP
1414,SHO-BOND HOLDINGS LTD,,TOKYO STOCK EXCHANGE,JPY,JP
1414,"SHO-BOND HOLDINGS CO.,LTD.",JP3360250009,,,JP
1417,MIRAIT ONE CORP,,TOKYO STOCK EXCHANGE,JPY,JP
1417,MIRAIT ONE CORPORATION,JP3910620008,,,JP
1419,TAMA HOME LTD,,TOKYO STOCK EXCHANGE,JPY,JP
1419,"TAMA HOME CO.,LTD.",JP3470900006,,,JP
1435,ROBOT HOME INC,,TOKYO STOCK EXCHANGE,JPY,JP
1435,ROBOT HOME INC.,JP3153950005,,,JP
1514,SUMISEKI HOLDINGS INC,,TOKYO STOCK EXCHANGE,JPY,JP
1514,"SUMISEKI HOLDINGS,INC.",JP3400750000,,,JP
1515,NITTETSU MINING LTD,,TOKYO STOCK EXCHANGE,JPY,JP
1515,"NITTETSU MINING CO.,LTD.",JP3680800004,,,JP
1518,MITSUI MATSUSHIMA HOLDINGS LTD,,TOKYO STOCK EXCHANGE,JPY,JP
1518,"MITSUI MATSUSHIMA HOLDINGS CO.,LTD.",JP3894000003,,,JP
1605,INPEX,,TOKYO STOCK EXCHANGE,JPY,JP
1605,INPEX CORPORATION,JP3294460005,,,JP
1662,JAPAN PETROLEUM EXPLORATION,,TOKYO STOCK EXCHANGE,JPY,JP
1662,"JAPAN PETROLEUM EXPLORATION CO.,LTD.",JP3421100003,,,JP
1663,K&O ENERGY GROUP INC,,TOKYO STOCK EXCHANGE,JPY,JP
1663,K&O ENERGY GROUP INC.,JP3277020008,,,JP
1716,DAI ICHI CUTTER KOGYO,,TOKYO STOCK EXCHANGE,JPY,JP
1716,DAI-ICHI CUTTER KOGYO K.K.,JP3473700007,,,JP
1719,HAZAMA ANDO CORP,,TOKYO STOCK EXCHANGE,JPY,JP
1719,HAZAMA ANDO CORPORATION,JP3767810009,,,JP
1720,TOKYU CONSTRUCTION LTD,,TOKYO STOCK EXCHANGE,JPY,JP
1720,"TOKYU CONSTRUCTION CO., LTD.",JP3567410000,,,JP
1721,COMSYS HOLDINGS CORP,,TOKYO STOCK EXCHANGE,JPY,JP
1721,COMSYS HOLDINGS CORPORATION,JP3305530002,,,JP
1762,TAKAMATSU CONSTRUCTION GROUP LTD,,TOKYO STOCK EXCHANGE,JPY,JP
1762,"TAKAMATSU CONSTRUCTION GROUP CO.,LTD.",JP3457900003,,,JP
1766,TOKEN CORP,,TOKYO STOCK EXCHANGE,JPY,JP
1766,TOKEN CORPORATION,JP3590900001,,,JP
1780,YAMAURA CORP,,TOKYO STOCK EXCHANGE,JPY,JP
1780,YAMAURA CORPORATION,JP3934300009,,,JP
1786,ORIENTAL SHIRAISHI CORP,,TOKYO STOCK EXCHANGE,JPY,JP
1786,ORIENTAL SHIRAISHI CORPORATION,JP3197950003,,,JP
1801,TAISEI,,TOKYO STOCK EXCHANGE,JPY,JP
1801,TAISEI CORPORATION,JP3443600006,,,JP
1802,OBAYASHI,,TOKYO STOCK EXCHANGE,JPY,JP
1802,OBAYASHI CORPORATION,JP3190000004,,,JP
1803,SHIMIZU,,TOKYO STOCK EXCHANGE,JPY,JP
1803,SHIMIZU CORPORATION,JP3358800005,,,JP
1808,HASEKO,,TOKYO STOCK EXCHANGE,JPY,JP
1808,HASEKO CORPORATION,JP3768600003,,,JP
1810,MATSUI CONSTRUCTION LTD,,TOKYO STOCK EXCHANGE,JPY,JP
1810,"MATSUI CONSTRUCTION CO.,LTD.",JP3863600007,,,JP
1812,KAJIMA,,TOKYO STOCK EXCHANGE,JPY,JP
1812,KAJIMA CORPORATION,JP3210200006,,,JP
1813,FUDO TETRA,,TOKYO STOCK EXCHANGE,JPY,JP
1813,FUDO TETRA CORPORATION,JP3825600004,,,JP
1815,TEKKEN,,TOKYO STOCK EXCHANGE,JPY,JP
1815,TEKKEN CORPORATION,JP3545600003,,,JP
1820,NISHIMATSU CONSTRUCTION LTD,,TOKYO STOCK EXCHANGE,JPY,JP
1820,"NISHIMATSU CONSTRUCTION CO.,LTD.",JP3659200004,,,JP
1822,DAIHO CORP,,TOKYO STOCK EXCHANGE,JPY,JP
1822,DAIHO CORPORATION,JP3498600000,,,JP
1833,OKUMURA CORP,,TOKYO STOCK EXCHANGE,JPY,JP
1833,OKUMURA CORPORATION,JP3194800003,,,JP
1835,TOTETSU KOGYO LTD,,TOKYO STOCK EXCHANGE,JPY,JP
1835,"TOTETSU KOGYO CO.,LTD.",JP3595400007,,,JP
1852,ASANUMA CORP,,TOKYO STOCK EXCHANGE,JPY,JP
1852,ASANUMA CORPORATION,JP3110000001,,,JP
1860,TODA,,TOKYO STOCK EXCHANGE,JPY,JP
1860,TODA CORPORATION,JP3627000007,,,JP
1861,KUMAGAI LTD,,TOKYO STOCK EXCHANGE,JPY,JP
1861,"KUMAGAI GUMI CO.,LTD.",JP3266800006,,,JP
1870,YAHAGI CONSTRUCTION LTD,,TOKYO STOCK EXCHANGE,JPY,JP
1870,"YAHAGI CONSTRUCTION CO.,LTD.",JP3933200002,,,JP
1871,PS CONSTRUCTION,,TOKYO STOCK EXCHANGE,JPY,JP
1871,"PS CONSTRUCTION CO.,LTD.",JP3801400007,,,JP
1873,NIHON HOUSE HOLDINGS LTD,,TOKYO STOCK EXCHANGE,JPY,JP
1873,"NIHON HOUSE HOLDINGS CO.,LTD.",JP3783500006,,,JP
1878,DAITO TRUST CONSTRUCTION LTD,,TOKYO STOCK EXCHANGE,JPY,JP
1878,"DAITO TRUST CONSTRUCTION CO.,LTD.",JP3486800000,,,JP
1879,SHINNIHON CORP,,TOKYO STOCK EXCHANGE,JPY,JP
1879,SHINNIHON CORPORATION,JP3380300008,,,JP
1882,TOA ROAD CORP,,TOKYO STOCK EXCHANGE,JPY,JP
1882,TOA ROAD CORPORATION,JP3558000000,,,JP
1885,TOA (TOKYO) CORP,,TOKYO STOCK EXCHANGE,JPY,JP
1885,TOA CORPORATION,JP3556000002,,,JP
1887,JDC,,TOKYO STOCK EXCHANGE,JPY,JP
1887,JDC CORPORATION,JP3707200006,,,JP
1888,WAKACHIKU CONSTRUCTION LTD,,TOKYO STOCK EXCHANGE,JPY,JP
1888,"WAKACHIKU CONSTRUCTION CO.,LTD.",JP3990800009,,,JP
1893,PENTA-OCEAN CONSTRUCTION LTD,,TOKYO STOCK EXCHANGE,JPY,JP
1893,"PENTA-OCEAN CONSTRUCTION CO.,LTD.",JP3309000002,,,JP
1898,SEIKITOKYU KOGYO,,TOKYO STOCK EXCHANGE,JPY,JP
1898,"SEIKITOKYU KOGYO CO.,LTD.",JP3414600001,,,JP
1899,FUKUDA CORP,,TOKYO STOCK EXCHANGE,JPY,JP
1899,FUKUDA CORPORATION,JP3805600008,,,JP
1911,SUMITOMO FORESTRY,,TOKYO STOCK EXCHANGE,JPY,JP
1911,"SUMITOMO FORESTRY CO.,LTD.",JP3409800004,,,JP
1925,DAIWA HOUSE INDUSTRY,,TOKYO STOCK EXCHANGE,JPY,JP
1925,"DAIWA HOUSE INDUSTRY CO.,LTD.",JP3505000004,,,JP
1926,RAITO KOGYO LTD,,TOKYO STOCK EXCHANGE,JPY,JP
1926,"RAITO KOGYO CO.,LTD.",JP3965800000,,,JP
1928,SEKISUI HOUSE,,TOKYO STOCK EXCHANGE,JPY,JP
1928,"SEKISUI HOUSE,LTD.",JP3420600003,,,JP
1929,NITTOC CONSTRUCTION LTD,,TOKYO STOCK EXCHANGE,JPY,JP
1929,"NITTOC CONSTRUCTION CO.,LTD.",JP3684800000,,,JP
1930,HOKURIKU ELECTRICAL CONSTRUCTION L,,TOKYO STOCK EXCHANGE,JPY,JP
1930,"HOKURIKU ELECTRICAL CONSTRUCTION CO.,LTD",JP3845000003,,,JP
1934,YURTEC CORP,,TOKYO STOCK EXCHANGE,JPY,JP
1934,YURTEC CORPORATION,JP3946200007,,,JP
1938,NIPPON RIETEC LTD,,TOKYO STOCK EXCHANGE,JPY,JP
1938,"NIPPON RIETEC CO.,LTD.",JP3510600004,,,JP
1939,YONDENKO CORP,,TOKYO STOCK EXCHANGE,JPY,JP
1939,YONDENKO CORPORATION,JP3962600007,,,JP
1941,CHUDENKO CORP,,TOKYO STOCK EXCHANGE,JPY,JP
1941,CHUDENKO CORPORATION,JP3524000001,,,JP
1942,KANDENKO LTD,,TOKYO STOCK EXCHANGE,JPY,JP
1942,"KANDENKO CO.,LTD.",JP3230600003,,,JP
1944,KINDEN,,TOKYO STOCK EXCHANGE,JPY,JP
1944,KINDEN CORPORATION,JP3263000006,,,JP
1945,TOKYO ENERGY & SYSTEMS INC,,TOKYO STOCK EXCHANGE,JPY,JP
1945,TOKYO ENERGY & SYSTEMS INC.,JP3585400009,,,JP
1946,TOENEC CORP,,TOKYO STOCK EXCHANGE,JPY,JP
1946,TOENEC CORPORATION,JP3552230009,,,JP
1950,NIPPON DENSETSU KOGYO LTD,,TOKYO STOCK EXCHANGE,JPY,JP
1950,"NIPPON DENSETSU KOGYO CO.,LTD.",JP3736200001,,,JP
1951,EXEO GROUP INC,,TOKYO STOCK EXCHANGE,JPY,JP
1951,"EXEO GROUP,INC.",JP3254200003,,,JP
1952,SHIN NIPPON AIR TECHNOLOGIES LTD,,TOKYO STOCK EXCHANGE,JPY,JP
1952,"SHIN NIPPON AIR TECHNOLOGIES CO.,LTD.",JP3380250005,,,JP
1959,KRAFTIA CORP,,TOKYO STOCK EXCHANGE,JPY,JP
1959,KRAFTIA CORPORATION,JP3247050002,,,JP
1961,SANKI ENGINEERING,,TOKYO STOCK EXCHANGE,JPY,JP
1961,"SANKI ENGINEERING CO.,LTD.",JP3325600009,,,JP
1963,JGC HOLDINGS CORP,,TOKYO STOCK EXCHANGE,JPY,JP
1963,JGC HOLDINGS CORPORATION,JP3667600005,,,JP
1964,CHUGAI RO LTD,,TOKYO STOCK EXCHANGE,JPY,JP
1964,"CHUGAI RO CO.,LTD.",JP3519800001,,,JP
1965,TECHNO RYOWA LTD,JP3545040002,TSE,JPY,JP
1968,TAIHEI DENGYO LTD,,TOKYO STOCK EXCHANGE,JPY,JP
1968,"TAIHEI DENGYO KAISHA,LTD.",JP3447200001,,,JP
1969,TAKASAGO THERMAL ENGINEERING,,TOKYO STOCK EXCHANGE,JPY,JP
1969,"TAKASAGO THERMAL ENGINEERING CO.,LTD.",JP3455200000,,,JP
1975,ASAHI KOGYOSHA LTD,,TOKYO STOCK EXCHANGE,JPY,JP
1975,"ASAHI KOGYOSHA CO.,LTD.",JP3112800002,,,JP
1976,MEISEI INDUSTRIAL LTD,,TOKYO STOCK EXCHANGE,JPY,JP
1976,"MEISEI INDUSTRIAL CO.,LTD.",JP3918200001,,,JP
1979,TAIKISHA LTD,,TOKYO STOCK EXCHANGE,JPY,JP
1979,TAIKISHA LTD.,JP3441200007,,,JP
1980,DAI DAN LTD,,TOKYO STOCK EXCHANGE,JPY,JP
1980,"DAI-DAN CO.,LTD.",JP3486000007,,,JP
1982,HIBIYA ENGINEERING LTD,,TOKYO STOCK EXCHANGE,JPY,JP
1982,"HIBIYA ENGINEERING,LTD.",JP3793400007,,,JP
2001,NIPPN CORP,,TOKYO STOCK EXCHANGE,JPY,JP
2001,NIPPN CORPORATION,JP3723000000,,,JP
2002,NISSHIN SEIFUN GROUP,,TOKYO STOCK EXCHANGE,JPY,JP
2002,NISSHIN SEIFUN GROUP INC.,JP3676800000,,,JP
2003,NITTO FUJI FLOUR MILLING LTD,,TOKYO STOCK EXCHANGE,JPY,JP
2003,"NITTO FUJI FLOUR MILLING CO.,LTD.",JP3683200004,,,JP
2004,SHOWA SANGYO LTD,,TOKYO STOCK EXCHANGE,JPY,JP
2004,"SHOWA SANGYO CO.,LTD.",JP3366400004,,,JP
2053,CHUBU SHIRYO LTD,,TOKYO STOCK EXCHANGE,JPY,JP
2053,"CHUBU SHIRYO CO.,LTD.",JP3525400002,,,JP
2060,FEED ONE LTD,,TOKYO STOCK EXCHANGE,JPY,JP
2060,"FEED ONE CO.,LTD.",JP3802960009,,,JP
2108,NIPPON BEET SUGAR MANUFACTURING LT,,TOKYO STOCK EXCHANGE,JPY,JP
2108,"NIPPON BEET SUGAR MANUFACTURING CO.,LTD.",JP3732600006,,,JP
2109,MITSUI DM SUGAR,,TOKYO STOCK EXCHANGE,JPY,JP
2109,"MITSUI DM SUGAR CO.,LTD.",JP3890400009,,,JP
2117,WELLNEO SUGAR LTD,,TOKYO STOCK EXCHANGE,JPY,JP
2117,"WELLNEO SUGAR CO.,LTD.",JP3676600004,,,JP
2120,LIFULL LTD,,TOKYO STOCK EXCHANGE,JPY,JP
2120,"LIFULL CO.,LTD.",JP3758140002,,,JP
2121,MIXI,,TOKYO STOCK EXCHANGE,JPY,JP
2121,"MIXI,INC.",JP3882750007,,,JP
2124,JAC RECRUITMENT LTD,,TOKYO STOCK EXCHANGE,JPY,JP
2124,"JAC RECRUITMENT CO.,LTD.",JP3386130003,,,JP
2127,NIHON M&A CENTER HOLDINGS INC,,TOKYO STOCK EXCHANGE,JPY,JP
2127,NIHON M&A CENTER HOLDINGS INC.,JP3689050007,,,JP
2130,MEMBERS LTD,,TOKYO STOCK EXCHANGE,JPY,JP
2130,"MEMBERS CO.,LTD.",JP3921700005,,,JP
2146,UT GROUP LTD,,TOKYO STOCK EXCHANGE,JPY,JP
2146,"UT GROUP CO.,LTD.",JP3949500007,,,JP
2148,ITMEDIA INC,,TOKYO STOCK EXCHANGE,JPY,JP
2148,ITMEDIA INC.,JP3104880004,,,JP
2153,E J HOLDINGS INC,,TOKYO STOCK EXCHANGE,JPY,JP
2153,E.J HOLDINGS INC.,JP3130480001,,,JP
2154,OPEN UP GROUP INC,,TOKYO STOCK EXCHANGE,JPY,JP
2154,OPEN UP GROUP INC.,JP3635580008,,,JP
2157,KOSHIDAKA HOLDINGS LTD,,TOKYO STOCK EXCHANGE,JPY,JP
2157,"KOSHIDAKA HOLDINGS CO.,LTD.",JP3297360004,,,JP
2158,FRONTEO INC,JP3944630007,TSE,JPY,JP
2160,GNI GROUP LTD,JP3386370005,TSE,JPY,JP
2168,PASONA GROUP INC,,TOKYO STOCK EXCHANGE,JPY,JP
2168,PASONA GROUP INC.,JP3781490002,,,JP
2170,LINK AND MOTIVATION INC,,TOKYO STOCK EXCHANGE,JPY,JP
2170,LINK AND MOTIVATION INC.,JP3977020001,,,JP
2175,SMS LTD,,TOKYO STOCK EXCHANGE,JPY,JP
2175,"SMS CO.,LTD.",JP3162350007,,,JP
2181,PERSOL HOLDINGS LTD,,TOKYO STOCK EXCHANGE,JPY,JP
2181,"PERSOL HOLDINGS CO.,LTD.",JP3547670004,,,JP
2193,COOKPAD,,TOKYO STOCK EXCHANGE,JPY,JP
2193,COOKPAD INC.,JP3266170004,,,JP
2201,MORINAGA LTD,,TOKYO STOCK EXCHANGE,JPY,JP
2201,"MORINAGA & CO.,LTD.",JP3926400007,,,JP
2204,NAKAMURAYA LTD,,TOKYO STOCK EXCHANGE,JPY,JP
2204,"NAKAMURAYA CO.,LTD.",JP3646000004,,,JP
2206,EZAKI GLICO,,TOKYO STOCK EXCHANGE,JPY,JP
2206,"EZAKI GLICO CO.,LTD.",JP3161200005,,,JP
2207,MEITO LTD,,TOKYO STOCK EXCHANGE,JPY,JP
2207,"MEITO CO.,LTD.",JP3920200007,,,JP
2209,IMURAYA GROUP LTD,,TOKYO STOCK EXCHANGE,JPY,JP
2209,"IMURAYA GROUP CO.,LTD.",JP3149200002,,,JP
2211,FUJIYA LTD,,TOKYO STOCK EXCHANGE,JPY,JP
2211,"FUJIYA CO.,LTD.",JP3821200007,,,JP
2212,YAMAZAKI BAKING LTD,,TOKYO STOCK EXCHANGE,JPY,JP
2212,"YAMAZAKI BAKING CO.,LTD.",JP3935600001,,,JP
2217,MOROZOFF LTD,,TOKYO STOCK EXCHANGE,JPY,JP
2217,MOROZOFF LIMITED,JP3927600001,,,JP
2220,KAMEDA SEIKA LTD,,TOKYO STOCK EXCHANGE,JPY,JP
2220,"KAMEDA SEIKA CO.,LTD.",JP3219800004,,,JP
2222,KOTOBUKI SPIRITS LTD,,TOKYO STOCK EXCHANGE,JPY,JP
2222,"KOTOBUKI SPIRITS CO.,LTD.",JP3299600001,,,JP
2229,CALBEE INC,,TOKYO STOCK EXCHANGE,JPY,JP
2229,"CALBEE,INC.",JP3220580009,,,JP
2264,MORINAGA MILK INDUSTRY,,TOKYO STOCK EXCHANGE,JPY,JP
2264,"MORINAGA MILK INDUSTRY CO.,LTD.",JP3926800008,,,JP
2266,ROKKO BUTTER LTD,,TOKYO STOCK EXCHANGE,JPY,JP
2266,"ROKKO BUTTER CO.,LTD.",JP3984800007,,,JP
2267,YAKULT HONSHA LTD,,TOKYO STOCK EXCHANGE,JPY,JP
2267,"YAKULT HONSHA CO.,LTD.",JP3931600005,,,JP
2269,MEIJI HOLDINGS LTD,,TOKYO STOCK EXCHANGE,JPY,JP
2269,"MEIJI HOLDINGS CO.,LTD.",JP3918000005,,,JP
2270,MEGMILK SNOW BRAND LTD,,TOKYO STOCK EXCHANGE,JPY,JP
2270,"MEGMILK SNOW BRAND CO.,LTD.",JP3947800003,,,JP
2281,PRIMA MEAT PACKERS LTD,,TOKYO STOCK EXCHANGE,JPY,JP
2281,"PRIMA MEAT PACKERS,LTD.",JP3833200003,,,JP
2282,NH FOODS,,TOKYO STOCK EXCHANGE,JPY,JP
2282,NH FOODS LTD.,JP3743000006,,,JP
2288,MARUDAI FOOD LTD,,TOKYO STOCK EXCHANGE,JPY,JP
2288,"MARUDAI FOOD CO.,LTD.",JP3876400007,,,JP
2292,S FOODS INC,,TOKYO STOCK EXCHANGE,JPY,JP
2292,S FOODS INC.,JP3399300007,,,JP
2294,KAKIYASU HONTEN LTD,,TOKYO STOCK EXCHANGE,JPY,JP
2294,"KAKIYASU HONTEN CO.,LTD.",JP3206500005,,,JP
2296,ITOHAM YONEKYU HOLDINGS,,TOKYO STOCK EXCHANGE,JPY,JP
2296,ITOHAM YONEKYU HOLDINGS INC.,JP3144500000,,,JP
2301,GAKUJO LTD,,TOKYO STOCK EXCHANGE,JPY,JP
2301,"GAKUJO CO.,LTD.",JP3234400004,,,JP
2305,STUDIO ALICE LTD,,TOKYO STOCK EXCHANGE,JPY,JP
2305,"STUDIO ALICE CO.,LTD.",JP3399240005,,,JP
2307,CROSS CAT LTD,,TOKYO STOCK EXCHANGE,JPY,JP
2307,"CROSS CAT CO.,LTD.",JP3272600002,,,JP
2317,SYSTENA CORP,,TOKYO STOCK EXCHANGE,JPY,JP
2317,SYSTENA CORPORATION,JP3351050004,,,JP
2325,NJS LTD,,TOKYO STOCK EXCHANGE,JPY,JP
2325,"NJS CO.,LTD.",JP3718600004,,,JP
2326,DIGITAL ARTS INC,,TOKYO STOCK EXCHANGE,JPY,JP
2326,DIGITAL ARTS INC.,JP3549020000,,,JP
2327,NS SOLUTIONS CORP,,TOKYO STOCK EXCHANGE,JPY,JP
2327,NS SOLUTIONS CORPORATION,JP3379900008,,,JP
2331,ALSOK LTD,,TOKYO STOCK EXCHANGE,JPY,JP
2331,"ALSOK CO.,LTD.",JP3431900004,,,JP
2335,CUBE SYSTEM INC,,TOKYO STOCK EXCHANGE,JPY,JP
2335,CUBE SYSTEM INC.,JP3244950006,,,JP
2337,ICHIGO INC,,TOKYO STOCK EXCHANGE,JPY,JP
2337,ICHIGO INC.,JP3120010008,,,JP
2353,NIPPON PARKING DEVELOPMENT LTD,,TOKYO STOCK EXCHANGE,JPY,JP
2353,"NIPPON PARKING DEVELOPMENT CO.,LTD.",JP3728000005,,,JP
2359,CORE CORP,,TOKYO STOCK EXCHANGE,JPY,JP
2359,CORE CORPORATION,JP3284000001,,,JP
2371,KAKAKU.COM,,TOKYO STOCK EXCHANGE,JPY,JP
2371,"KAKAKU.COM,INC.",JP3206000006,,,JP
2378,RENAISSANCE INC,,TOKYO STOCK EXCHANGE,JPY,JP
2378,"RENAISSANCE,INCORPORATED",JP3978800005,,,JP
2379,DIP CORP,,TOKYO STOCK EXCHANGE,JPY,JP
2379,DIP CORPORATION,JP3548640006,,,JP
2384,SBS HOLDINGS,,TOKYO STOCK EXCHANGE,JPY,JP
2384,"SBS HOLDINGS,INC.",JP3163500006,,,JP
2395,SHIN NIPPON BIOMEDICAL LABORATORIE,,TOKYO STOCK EXCHANGE,JPY,JP
2395,"SHIN NIPPON BIOMEDICAL LABORATORIES,LTD.",JP3379950003,,,JP
2413,M3 INC,,TOKYO STOCK EXCHANGE,JPY,JP
2413,"M3,INC.",JP3435750009,,,JP
2429,WORLD HOLDINGS LTD,,TOKYO STOCK EXCHANGE,JPY,JP
2429,"WORLD HOLDINGS CO.,LTD.",JP3990220000,,,JP
2432,DENA,,TOKYO STOCK EXCHANGE,JPY,JP
2432,"DENA CO.,LTD.",JP3548610009,,,JP
2433,HAKUHODO DY HOLDINGS INC,,TOKYO STOCK EXCHANGE,JPY,JP
2433,HAKUHODO DY HOLDINGS INCORPORATED,JP3766550002,,,JP
2440,GURUNAVI INC,,TOKYO STOCK EXCHANGE,JPY,JP
2440,"GURUNAVI,INC.",JP3274180003,,,JP
2445,TAKAMIYA LTD,,TOKYO STOCK EXCHANGE,JPY,JP
2445,"TAKAMIYA CO.,LTD.",JP3161560002,,,JP
2461,F@N COMMUNICATIONS INC,,TOKYO STOCK EXCHANGE,JPY,JP
2461,"FAN COMMUNICATIONS,INC.",JP3802840003,,,JP
2462,LIKE INC,,TOKYO STOCK EXCHANGE,JPY,JP
2462,"LIKE,INC.",JP3386120004,,,JP
2471,S-POOL INC,,TOKYO STOCK EXCHANGE,JPY,JP
2471,"S-POOL,INC.",JP3163900008,,,JP
2475,WDB HOLDINGS LTD,,TOKYO STOCK EXCHANGE,JPY,JP
2475,"WDB HOLDINGS CO.,LTD.",JP3505940001,,,JP
2477,TEMAIRAZU INC,,TOKYO STOCK EXCHANGE,JPY,JP
2477,"TEMAIRAZU,INC.",JP3783300001,,,JP
2489,ADWAYS INC,,TOKYO STOCK EXCHANGE,JPY,JP
2489,ADWAYS INC.,JP3121970002,,,JP
2491,VALUECOMMERCE LTD,,TOKYO STOCK EXCHANGE,JPY,JP
2491,"VALUECOMMERCE CO.,LTD.",JP3778390009,,,JP
2492,INFOMART CORP,,TOKYO STOCK EXCHANGE,JPY,JP
2492,INFOMART CORPORATION,JP3153480003,,,JP
2501,SAPPORO BREWERIES LIMITED,,TOKYO STOCK EXCHANGE,JPY,JP
2501,SAPPORO BREWERIES LIMITED,JP3320800000,,,JP
2502,ASAHI GROUP HOLDINGS,,TOKYO STOCK EXCHANGE,JPY,JP
2502,"ASAHI GROUP HOLDINGS,LTD.",JP3116000005,,,JP
2503,KIRIN HOLDINGS,,TOKYO STOCK EXCHANGE,JPY,JP
2503,"KIRIN HOLDINGS COMPANY,LIMITED",JP3258000003,,,JP
2531,TAKARA HOLDINGS,,TOKYO STOCK EXCHANGE,JPY,JP
2531,TAKARA HOLDINGS INC.,JP3459600007,,,JP
2533,OENON HOLDINGS INC,,TOKYO STOCK EXCHANGE,JPY,JP
2533,"OENON HOLDINGS,INC.",JP3307400006,,,JP
2579,COCA-COLA BOTTLERS JAPAN HOLDINGS,,TOKYO STOCK EXCHANGE,JPY,JP
2579,COCA-COLA BOTTLERS JAPAN HOLDINGS INC.,JP3293200006,,,JP
2585,LIFEDRINK COMPANY,,TOKYO STOCK EXCHANGE,JPY,JP
2585,"LIFEDRINK COMPANY,INC.",JP3966680005,,,JP
2587,SUNTORY BEVERAGE & FOOD LTD,,TOKYO STOCK EXCHANGE,JPY,JP
2587,SUNTORY BEVERAGE & FOOD LIMITED,JP3336560002,,,JP
2590,DYDO GROUP HOLDINGS INC,,TOKYO STOCK EXCHANGE,JPY,JP
2590,"DYDO GROUP HOLDINGS,INC.",JP3488400007,,,JP
2593,ITO EN LTD,,TOKYO STOCK EXCHANGE,JPY,JP
2593,"ITO EN,LTD.",JP3143000002,,,JP
2594,KEY COFFEE INC,,TOKYO STOCK EXCHANGE,JPY,JP
2594,KEY COFFEE INC,JP3236300004,,,JP
2602,NISSHIN OILLIO GROUP LTD,,TOKYO STOCK EXCHANGE,JPY,JP
2602,"THE NISSHIN OILLIO GROUP,LTD.",JP3677200002,,,JP
2607,FUJI OIL LTD,,TOKYO STOCK EXCHANGE,JPY,JP
2607,"FUJI OIL CO.,LTD.",JP3816400000,,,JP
2613,J OIL MILLS INC,,TOKYO STOCK EXCHANGE,JPY,JP
2613,"J-OIL MILLS, INC.",JP3840000008,,,JP
2659,SAN-A LTD,,TOKYO STOCK EXCHANGE,JPY,JP
2659,"SAN-A CO.,LTD.",JP3324500002,,,JP
2664,CAWACHI LTD,,TOKYO STOCK EXCHANGE,JPY,JP
2664,CAWACHI LIMITED,JP3226450009,,,JP
2670,ABC MART INC,,TOKYO STOCK EXCHANGE,JPY,JP
2670,"ABC-MART,INC.",JP3152740001,,,JP
2674,HARD OFF LTD,,TOKYO STOCK EXCHANGE,JPY,JP
2674,"HARD OFF CORPORATION CO.,LTD.",JP3765120005,,,JP
2676,TAKACHIHO KOHEKI LTD,,TOKYO STOCK EXCHANGE,JPY,JP
2676,"TAKACHIHO KOHEKI CO.,LTD.",JP3457710006,,,JP
2678,ASKUL CORP,,TOKYO STOCK EXCHANGE,JPY,JP
2678,ASKUL CORPORATION,JP3119920001,,,JP
2681,GEO HOLDINGS CORP,,TOKYO STOCK EXCHANGE,JPY,JP
2681,GEO HOLDINGS CORPORATION,JP3282400005,,,JP
2685,AND ST HD LTD,,TOKYO STOCK EXCHANGE,JPY,JP
2685,"AND ST HD CO.,LTD.",JP3856000009,,,JP
2695,KURA SUSHI INC,,TOKYO STOCK EXCHANGE,JPY,JP
2695,"KURA SUSHI,INC.",JP3268200007,,,JP
2698,CAN DO LTD,,TOKYO STOCK EXCHANGE,JPY,JP
2698,"CAN DO CO.,LTD.",JP3244550004,,,JP
2702,MCDONALDS HOLDINGS (JAPAN) LTD,,TOKYO STOCK EXCHANGE,JPY,JP
2702,"MCDONALD'S HOLDINGS COMPANY(JAPAN),LTD.",JP3750500005,,,JP
2726,PAL GROUP HOLDINGS LTD,,TOKYO STOCK EXCHANGE,JPY,JP
2726,"PAL GROUP HOLDINGS CO.,LTD",JP3781650001,,,JP
2730,EDION,,TOKYO STOCK EXCHANGE,JPY,JP
2730,EDION CORPORATION,JP3164470001,,,JP
2733,ARATA CORP,,TOKYO STOCK EXCHANGE,JPY,JP
2733,ARATA CORPORATION,JP3125100002,,,JP
2734,SALA CORP,,TOKYO STOCK EXCHANGE,JPY,JP
2734,SALA CORPORATION,JP3310350008,,,JP
2737,TOMEN DEVICES CORP,,TOKYO STOCK EXCHANGE,JPY,JP
2737,TOMEN DEVICES CORPORATION,JP3553900006,,,JP
2742,HALOWS LTD,,TOKYO STOCK EXCHANGE,JPY,JP
2742,"HALOWS CO.,LTD.",JP3773750009,,,JP
2749,JP-HOLDINGS INC,,TOKYO STOCK EXCHANGE,JPY,JP
2749,"JP-HOLDINGS,INC.",JP3386190007,,,JP
2752,FUJIO FOOD GROUP,,TOKYO STOCK EXCHANGE,JPY,JP
2752,FUJIO FOOD GROUP INC.,JP3807770007,,,JP
2753,AMIYAKI TEI LTD,,TOKYO STOCK EXCHANGE,JPY,JP
2753,"AMIYAKI TEI CO.,LTD.",JP3124450002,,,JP
2760,TOKYO ELECTRON DEVICE LTD,,TOKYO STOCK EXCHANGE,JPY,JP
2760,TOKYO ELECTRON DEVICE LIMITED,JP3571600000,,,JP
2767,TSUBURAYA FIELDS HOLDINGS INC,,TOKYO STOCK EXCHANGE,JPY,JP
2767,TSUBURAYA FIELDS HOLDINGS INC.,JP3802680003,,,JP
2768,SOJITZ CORP,,TOKYO STOCK EXCHANGE,JPY,JP
2768,SOJITZ CORPORATION,JP3663900003,,,JP
2782,"SERIA CO.,LTD.",JP3423520000,,,JP
2784,ALFRESA HOLDINGS CORP,,TOKYO STOCK EXCHANGE,JPY,JP
2784,ALFRESA HOLDINGS CORPORATION,JP3126340003,,,JP
2791,DAIKOKUTEN BUSSAN LTD,,TOKYO STOCK EXCHANGE,JPY,JP
2791,"DAIKOKUTENBUSSAN CO.,LTD.",JP3483050005,,,JP
2792,HONEYS HOLDINGS LTD,,TOKYO STOCK EXCHANGE,JPY,JP
2792,"HONEYS HOLDINGS CO.,LTD.",JP3770080004,,,JP
2801,KIKKOMAN CORP,,TOKYO STOCK EXCHANGE,JPY,JP
2801,KIKKOMAN CORPORATION,JP3240400006,,,JP
2802,AJINOMOTO,,TOKYO STOCK EXCHANGE,JPY,JP
2802,"AJINOMOTO CO.,INC.",JP3119600009,,,JP
2804,BULL DOG SAUCE LTD,,TOKYO STOCK EXCHANGE,JPY,JP
2804,"BULL-DOG SAUCE CO.,LTD.",JP3831200005,,,JP
2809,KEWPIE CORP,,TOKYO STOCK EXCHANGE,JPY,JP
2809,KEWPIE CORPORATION,JP3244800003,,,JP
2810,HOUSE FOODS GROUP,,TOKYO STOCK EXCHANGE,JPY,JP
2810,HOUSE FOODS GROUP INC.,JP3765400001,,,JP
2811,KAGOME LTD,,TOKYO STOCK EXCHANGE,JPY,JP
2811,"KAGOME CO.,LTD.",JP3208200000,,,JP
2815,ARIAKE JAPAN LTD,,TOKYO STOCK EXCHANGE,JPY,JP
2815,"ARIAKE JAPAN CO.,LTD.",JP3125800007,,,JP
2819,EBARA FOODS INDUSTRY INC,,TOKYO STOCK EXCHANGE,JPY,JP
2819,"EBARA FOODS INDUSTRY,INC.",JP3165930003,,,JP
2871,NICHIREI,,TOKYO STOCK EXCHANGE,JPY,JP
2871,NICHIREI CORPORATION,JP3665200006,,,JP
2874,YOKOREI LTD,,TOKYO STOCK EXCHANGE,JPY,JP
2874,"YOKOREI CO.,LTD.",JP3957000007,,,JP
2875,TOYO SUISAN LTD,,TOKYO STOCK EXCHANGE,JPY,JP
2875,"TOYO SUISAN KAISHA,LTD.",JP3613000003,,,JP
2882,EAT&HOLDINGS LTD,,TOKYO STOCK EXCHANGE,JPY,JP
2882,"EAT&HOLDINGS CO.,LTD",JP3130740008,,,JP
2884,YOSHIMURA FOOD HOLDINGS,,TOKYO STOCK EXCHANGE,JPY,JP
2884,YOSHIMURA FOOD HOLDINGS K.K.,JP3958400008,,,JP
2897,NISSIN FOODS HOLDINGS LTD,,TOKYO STOCK EXCHANGE,JPY,JP
2897,"NISSIN FOODS HOLDINGS CO.,LTD.",JP3675600005,,,JP
2908,FUJICCO LTD,,TOKYO STOCK EXCHANGE,JPY,JP
2908,"FUJICCO CO.,LTD.",JP3818700001,,,JP
2910,ROCK FIELD LTD,,TOKYO STOCK EXCHANGE,JPY,JP
2910,"ROCK FIELD CO.,LTD.",JP3984200000,,,JP
2914,JAPAN TOBACCO,,TOKYO STOCK EXCHANGE,JPY,JP
2914,JAPAN TOBACCO INC.,JP3726800000,,,JP
2915,KENKO MAYONNAISE LTD,,TOKYO STOCK EXCHANGE,JPY,JP
2915,"KENKO MAYONNAISE CO.,LTD.",JP3281850002,,,JP
2918,WARABEYA NICHIYO HOLDINGS LTD,,TOKYO STOCK EXCHANGE,JPY,JP
2918,"WARABEYA NICHIYO HOLDINGS CO.,LTD.",JP3994400004,,,JP
2922,NATORI LTD,,TOKYO STOCK EXCHANGE,JPY,JP
2922,"NATORI CO.,LTD.",JP3651060000,,,JP
2929,PHARMA FOODS INTERNATIONAL LTD,,TOKYO STOCK EXCHANGE,JPY,JP
2929,"PHARMA FOODS INTERNATIONAL CO.,LTD.",JP3802310007,,,JP
2930,KITANOTATSUJIN CORP,,TOKYO STOCK EXCHANGE,JPY,JP
2930,KITANOTATSUJIN CORPORATION,JP3240100002,,,JP
2931,EUGLENA LTD,,TOKYO STOCK EXCHANGE,JPY,JP
2931,"EUGLENA CO.,LTD.",JP3944370000,,,JP
2933,KIBUN FOODS INC,,TOKYO STOCK EXCHANGE,JPY,JP
2933,KIBUN FOODS INC.,JP3241500002,,,JP
2935,PICKLES HOLDINGS LTD,,TOKYO STOCK EXCHANGE,JPY,JP
2935,"PICKLES HOLDINGS CO.,LTD.",JP3801810007,,,JP
2971,ESCON JAPAN REIT INVESTMENT REIT C,,TOKYO STOCK EXCHANGE,JPY,JP
2971,ESCON JAPAN REIT INVESTMENT,JP3048810000,TSE,JPY,JP
2972,SANKEI REAL ESTATE REIT INC,,TOKYO STOCK EXCHANGE,JPY,JP
2975,STAR MICA HOLDINGS,,TOKYO STOCK EXCHANGE,JPY,JP
2975,"STAR MICA HOLDINGS CO.,LTD.",JP3399340003,,,JP
2979,SOSILA LOGISTICS REIT INC,,TOKYO STOCK EXCHANGE,JPY,JP
2979,SOSILA LOGISTICS REIT INC,JP3048960003,TSE,JPY,JP
2980,SRE HOLDINGS,,TOKYO STOCK EXCHANGE,JPY,JP
2980,SRE HOLDINGS CORPORATION,JP3161320001,,,JP
2989,TOKAIDO REIT INC,,TOKYO STOCK EXCHANGE,JPY,JP
3001,KATAKURA INDUSTRIES LTD,,TOKYO STOCK EXCHANGE,JPY,JP
3001,"KATAKURA INDUSTRIES CO.,LTD.",JP3211400001,,,JP
3002,GUNZE LTD,,TOKYO STOCK EXCHANGE,JPY,JP
3002,GUNZE LIMITED,JP3275200008,,,JP
3003,HULIC,,TOKYO STOCK EXCHANGE,JPY,JP
3003,"HULIC CO.,LTD.",JP3360800001,,,JP
3023,RASA CORP,,TOKYO STOCK EXCHANGE,JPY,JP
3023,RASA CORPORATION,JP3967450002,,,JP
3028,ALPEN LTD,,TOKYO STOCK EXCHANGE,JPY,JP
3028,"ALPEN CO.,LTD.",JP3126470008,,,JP
3031,RACCOON HOLDINGS INC,,TOKYO STOCK EXCHANGE,JPY,JP
3031,"RACCOON HOLDINGS,INC.",JP3967050000,,,JP
3034,QOL HOLDINGS LTD,,TOKYO STOCK EXCHANGE,JPY,JP
3034,"QOL HOLDINGS CO.,LTD.",JP3266160005,,,JP
3036,ALCONIX CORP,,TOKYO STOCK EXCHANGE,JPY,JP
3036,ALCONIX CORPORATION,JP3126210008,,,JP
3038,KOBE BUSSAN,,TOKYO STOCK EXCHANGE,JPY,JP
3038,"KOBE BUSSAN CO.,LTD.",JP3291200008,,,JP
3040,SOLITON SYSTEMS,,TOKYO STOCK EXCHANGE,JPY,JP
3040,SOLITON SYSTEMS K.K.,JP3436300002,,,JP
3046,JINS HOLDINGS INC,,TOKYO STOCK EXCHANGE,JPY,JP
3046,JINS HOLDINGS INC.,JP3386110005,,,JP
3048,BIC CAMERA,,TOKYO STOCK EXCHANGE,JPY,JP
3048,BIC CAMERA INC.,JP3800390001,,,JP
3050,DCM HOLDINGS LTD,,TOKYO STOCK EXCHANGE,JPY,JP
3050,"DCM HOLDINGS CO.,LTD.",JP3548660004,,,JP
3053,PEPPER FOOD SERVICE LTD,,TOKYO STOCK EXCHANGE,JPY,JP
3053,"PEPPER FOOD SERVICE CO.,LTD.",JP3836400006,,,JP
3064,MONOTARO LTD,,TOKYO STOCK EXCHANGE,JPY,JP
3064,"MONOTARO CO.,LTD.",JP3922950005,,,JP
3076,AI HOLDINGS CORP,,TOKYO STOCK EXCHANGE,JPY,JP
3076,AI HOLDINGS CORPORATION,JP3105090009,,,JP
3086,J.FRONT RETAILING,,TOKYO STOCK EXCHANGE,JPY,JP
3086,"J.FRONT RETAILING CO.,LTD.",JP3386380004,,,JP
3087,DOUTOR NICHIRES HOLDINGS LTD,,TOKYO STOCK EXCHANGE,JPY,JP
3087,"DOUTOR.NICHIRES HOLDINGS CO.,LTD.",JP3639100001,,,JP
3088,MATSUKIYOKARA,,TOKYO STOCK EXCHANGE,JPY,JP
3088,MATSUKIYOCOCOKARA & CO.,JP3869010003,,,JP
3091,BRONCO BILLY LTD,,TOKYO STOCK EXCHANGE,JPY,JP
3091,"BRONCO BILLY CO.,LTD.",JP3831550003,,,JP
3092,ZOZO INC,,TOKYO STOCK EXCHANGE,JPY,JP
3092,"ZOZO,INC.",JP3399310006,,,JP
3093,TREASURE FACTORY LTD,,TOKYO STOCK EXCHANGE,JPY,JP
3093,"TREASURE FACTORY CO.,LTD.",JP3637270004,,,JP
3097,MONOGATARI,,TOKYO STOCK EXCHANGE,JPY,JP
3097,THE MONOGATARI CORPORATION,JP3922930007,,,JP
3099,ISETAN MITSUKOSHI HOLDINGS,,TOKYO STOCK EXCHANGE,JPY,JP
3099,ISETAN MITSUKOSHI HOLDINGS LTD.,JP3894900004,,,JP
3101,TOYOBO LTD,,TOKYO STOCK EXCHANGE,JPY,JP
3101,"TOYOBO CO.,LTD.",JP3619800000,,,JP
3103,UNITIKA LTD,,TOKYO STOCK EXCHANGE,JPY,JP
3103,UNITIKA LTD.,JP3951200009,,,JP
3104,FUJIBO HOLDINGS,,TOKYO STOCK EXCHANGE,JPY,JP
3104,"FUJIBO HOLDINGS,INC.",JP3820800005,,,JP
3105,NISSHINBO HOLDINGS INC,,TOKYO STOCK EXCHANGE,JPY,JP
3105,NISSHINBO HOLDINGS INC.,JP3678000005,,,JP
3106,KURABO INDUSTRIES,,TOKYO STOCK EXCHANGE,JPY,JP
3106,KURABO INDUSTRIES LTD.,JP3268800004,,,JP
3107,DAIWABO HOLDINGS LTD,,TOKYO STOCK EXCHANGE,JPY,JP
3107,"DAIWABO HOLDINGS CO.,LTD.",JP3505400006,,,JP
3109,SHIKIBO LTD,,TOKYO STOCK EXCHANGE,JPY,JP
3109,SHIKIBO LTD.,JP3348400007,,,JP
3110,NITTO BOSEKI LTD,,TOKYO STOCK EXCHANGE,JPY,JP
3110,"NITTO BOSEKI CO.,LTD.",JP3684400009,,,JP
3116,TOYOTA BOSHOKU CORP,,TOKYO STOCK EXCHANGE,JPY,JP
3116,TOYOTA BOSHOKU CORPORATION,JP3635400009,,,JP
3132,MACNICA HOLDINGS INC,,TOKYO STOCK EXCHANGE,JPY,JP
3132,"MACNICA HOLDINGS,INC.",JP3862960006,,,JP
3134,HAMEE CORP,,TOKYO STOCK EXCHANGE,JPY,JP
3134,HAMEE CORP.,JP3772000000,,,JP
3139,LACTO JAPAN LTD,,TOKYO STOCK EXCHANGE,JPY,JP
3139,"LACTO JAPAN CO.,LTD.",JP3967250006,,,JP
3148,CREATE SD HOLDINGS LTD,,TOKYO STOCK EXCHANGE,JPY,JP
3148,"CREATE SD HOLDINGS CO.,LTD.",JP3269940007,,,JP
3150,GREMZ INC,,TOKYO STOCK EXCHANGE,JPY,JP
3150,"GREMS,INC.",JP3952860009,,,JP
3151,VITAL KSK HOLDINGS INC,,TOKYO STOCK EXCHANGE,JPY,JP
3151,"VITAL KSK HOLDINGS,INC.",JP3778280002,,,JP
3153,YASHIMA DENKI LTD,,TOKYO STOCK EXCHANGE,JPY,JP
3153,"YASHIMA DENKI CO.,LTD.",JP3931700003,,,JP
3154,MEDIUS HOLDINGS LTD,,TOKYO STOCK EXCHANGE,JPY,JP
3154,"MEDIUS HOLDINGS CO.,LTD.",JP3254190006,,,JP
3156,RESTAR CORP,,TOKYO STOCK EXCHANGE,JPY,JP
3156,RESTAR CORPORATION,JP3944360001,,,JP
3167,TOKAI HOLDINGS CORP,,TOKYO STOCK EXCHANGE,JPY,JP
3167,TOKAI HOLDINGS CORPORATION,JP3552260006,,,JP
3176,SANYO TRADING LTD,,TOKYO STOCK EXCHANGE,JPY,JP
3176,"SANYO TRADING CO.,LTD.",JP3342500000,,,JP
3179,SYUPPIN LTD,,TOKYO STOCK EXCHANGE,JPY,JP
3179,"SYUPPIN CO.,LTD.",JP3359940008,,,JP
3180,BEAUTY GARAGE INC,,TOKYO STOCK EXCHANGE,JPY,JP
3180,BEAUTY GARAGE INC.,JP3800480000,,,JP
3182,OISIX INC,,TOKYO STOCK EXCHANGE,JPY,JP
3182,OISIX INC.,JP3174190003,,,JP
3183,WIN PARTNERS LTD,,TOKYO STOCK EXCHANGE,JPY,JP
3183,"WIN-PARTNERS CO.,LTD.",JP3154390003,,,JP
3186,NEXTAGE LTD,,TOKYO STOCK EXCHANGE,JPY,JP
3186,"NEXTAGE CO.,LTD.",JP3758210003,,,JP
3191,JOYFUL HONDA,,TOKYO STOCK EXCHANGE,JPY,JP
3191,"JOYFUL HONDA CO.,LTD.",JP3392920009,,,JP
3193,ETERNAL HOSPITALITY LTD,,TOKYO STOCK EXCHANGE,JPY,JP
3193,"ETERNAL HOSPITALITY GROUP CO.,LTD.",JP3635900008,,,JP
3196,HOTLAND HOLDINGS LTD,,TOKYO STOCK EXCHANGE,JPY,JP
3196,"HOTLAND HOLDINGS CO.,LTD.",JP3851950000,,,JP
3197,SKYLARK HOLDINGS,,TOKYO STOCK EXCHANGE,JPY,JP
3197,"SKYLARK HOLDINGS CO.,LTD.",JP3396210001,,,JP
3199,WATAHAN LTD,,TOKYO STOCK EXCHANGE,JPY,JP
3199,"WATAHAN & CO.,LTD.",JP3993830003,,,JP
3201,JAPAN WOOL TEXTILE LTD,,TOKYO STOCK EXCHANGE,JPY,JP
3201,"THE JAPAN WOOL TEXTILE CO.,LTD.",JP3700800000,,,JP
3221,YOSSIX HOLDINGS LTD,,TOKYO STOCK EXCHANGE,JPY,JP
3221,"YOSSIX HOLDINGS CO.,LTD.",JP3957600004,,,JP
3222,UNITED SUPER MARKETS HOLDINGS INC,,TOKYO STOCK EXCHANGE,JPY,JP
3222,UNITED SUPER MARKETS HOLDINGS INC.,JP3949450005,,,JP
3226,MITSUI FUDOSAN ACCOMMODATIONS FUND,,TOKYO STOCK EXCHANGE,JPY,JP
3226,NIPPON ACCOMMODATIONS FUND INC ORD,JP3046440008,TSE,JPY,JP
3231,NOMURA REAL ESTATE HOLDINGS INC,,TOKYO STOCK EXCHANGE,JPY,JP
3231,"NOMURA REAL ESTATE HOLDINGS,INC.",JP3762900003,,,JP
3232,MIE KOTSU GROUP HOLDINGS INC,,TOKYO STOCK EXCHANGE,JPY,JP
3232,"MIE KOTSU GROUP HOLDINGS,INC.",JP3332510001,,,JP
3234,MORI HILLS INVESTMENT REIT,,TOKYO STOCK EXCHANGE,JPY,JP
3234,MORI HILLS REI/D,JP3046470005,TSE,JPY,JP
3245,DEAR LIFE LTD,,TOKYO STOCK EXCHANGE,JPY,JP
3245,"DEAR LIFE CO., LTD.",JP3548720006,,,JP
3249,INDUSTRIAL & INFRASTRUCTURE FUND I,,TOKYO STOCK EXCHANGE,JPY,JP
3249,IND & INFRA FU/D,JP3046500009,TSE,JPY,JP
3252,JINUSHI LTD,,TOKYO STOCK EXCHANGE,JPY,JP
3252,"JINUSHI CO.,LTD.",JP3714200007,,,JP
3267,PHIL INC,,TOKYO STOCK EXCHANGE,JPY,JP
3267,"PHIL COMPANY,INC.",JP3802930002,,,JP
3269,ADVANCE RESIDENCE INVESTMENT REIT,,TOKYO STOCK EXCHANGE,JPY,JP
3269,ADVANCE RESIDENCE INVESTMENT ORD,JP3047160001,TSE,JPY,JP
3276,JAPAN PROPERTY MANAGEMENT CENTER L,,TOKYO STOCK EXCHANGE,JPY,JP
3276,"JAPAN PROPERTY MANAGEMENT CENTER CO.,LTD",JP3695050009,,,JP
3279,ACTIVIA PROPERTIES REIT,,TOKYO STOCK EXCHANGE,JPY,JP
3279,ACTIVIA PROPERTIES INC,JP3047490002,TSE,JPY,JP
3281,GLP J-REIT REIT,,TOKYO STOCK EXCHANGE,JPY,JP
3281,GLP J-REIT/D,JP3047510007,TSE,JPY,JP
3282,COMFORIA RESIDENTIAL REIT INC,,TOKYO STOCK EXCHANGE,JPY,JP
3282,COMFORIA RESIDENTIAL REIT IN,JP3047540004,TSE,JPY,JP
3283,NIPPON PROLOGIS REIT,,TOKYO STOCK EXCHANGE,JPY,JP
3283,NIPPON PROLOGIS REIT INC,JP3047550003,TSE,JPY,JP
3284,HOOSIERS LTD,,TOKYO STOCK EXCHANGE,JPY,JP
3284,"HOOSIERS HOLDINGS CO.,LTD.",JP3802060008,,,JP
3287,HOSHINO RESORTS REIT INC,,TOKYO STOCK EXCHANGE,JPY,JP
3287,HOSHINO RESORTS REIT INC,JP3047610005,TSE,JPY,JP
3288,OPEN HOUSE GROUP LTD,,TOKYO STOCK EXCHANGE,JPY,JP
3288,"OPEN HOUSE GROUP CO.,LTD.",JP3173540000,,,JP
3289,TOKYU FUDOSAN HOLDINGS,,TOKYO STOCK EXCHANGE,JPY,JP
3289,TOKYU FUDOSAN HOLDINGS CORPORATION,JP3569200003,,,JP
3290,ONE REIT INC,,TOKYO STOCK EXCHANGE,JPY,JP
3291,IIDA GROUP HOLDINGS,,TOKYO STOCK EXCHANGE,JPY,JP
3291,"IIDA GROUP HOLDINGS CO.,LTD.",JP3131090007,,,JP
3292,AEON REIT INVESTMENT REIT CORP,,TOKYO STOCK EXCHANGE,JPY,JP
3292,AEON REIT INVESTMENT CORPORATION,JP3047650001,TSE,JPY,JP
3295,HULIC REIT INC,,TOKYO STOCK EXCHANGE,JPY,JP
3295,HULIC REIT INC,JP3047660000,TSE,JPY,JP
3296,NIPPON REIT INVESTMENT REIT,,TOKYO STOCK EXCHANGE,JPY,JP
3296,NIPPON REIT INVESTMENT CORP,JP3047750009,TSE,JPY,JP
3302,TEIKOKU SEN-I LTD,,TOKYO STOCK EXCHANGE,JPY,JP
3302,"TEIKOKU SEN-I CO.,LTD.",JP3540800004,,,JP
3309,SEKISUI HOUSE REIT,,TOKYO STOCK EXCHANGE,JPY,JP
3309,SEKISUI HOUSE REIT INC,JP3047820000,TSE,JPY,JP
3315,NIPPON COKE & ENGINEERING LTD,,TOKYO STOCK EXCHANGE,JPY,JP
3315,"NIPPON COKE & ENGINEERING COMPANY,LIMITE",JP3889610006,,,JP
3333,ASAHI LTD,,TOKYO STOCK EXCHANGE,JPY,JP
3333,"ASAHI CO.,LTD.",JP3110500000,,,JP
3349,COSMOS PHARMACEUTICAL CORP,,TOKYO STOCK EXCHANGE,JPY,JP
3349,COSMOS PHARMACEUTICAL CORPORATION,JP3298400007,,,JP
3360,SHIP HEALTHCARE HOLDINGS INC,,TOKYO STOCK EXCHANGE,JPY,JP
3360,"SHIP HEALTHCARE HOLDINGS,INC.",JP3274150006,,,JP
3371,SOFTCREATE HLDG CORP,,TOKYO STOCK EXCHANGE,JPY,JP
3371,SOFTCREATE HOLDINGS CORP.,JP3436040004,,,JP
3382,SEVEN & I HOLDINGS,,TOKYO STOCK EXCHANGE,JPY,JP
3382,"SEVEN & I HOLDINGS CO.,LTD.",JP3422950000,,,JP
3387,CREATE RESTAURANTS HOLDINGS INC,,TOKYO STOCK EXCHANGE,JPY,JP
3387,CREATE RESTAURANTS HOLDINGS INC.,JP3269930008,,,JP
3388,MEIJI ELECTRIC INDUSTRIES LTD,,TOKYO STOCK EXCHANGE,JPY,JP
3388,"MEIJI ELECTRIC INDUSTRIES CO.,LTD.",JP3917600003,,,JP
3391,TSURUHA HOLDINGS,,TOKYO STOCK EXCHANGE,JPY,JP
3391,TSURUHA HOLDINGS INC.,JP3536150000,,,JP
3395,SAINT MARC HOLDINGS LTD,,TOKYO STOCK EXCHANGE,JPY,JP
3395,"SAINT MARC HOLDINGS CO.,LTD.",JP3337070001,,,JP
3397,TORIDOLL HOLDINGS,,TOKYO STOCK EXCHANGE,JPY,JP
3397,TORIDOLL HOLDINGS CORPORATION,JP3636650008,,,JP
3401,TEIJIN,,TOKYO STOCK EXCHANGE,JPY,JP
3401,TEIJIN LIMITED,JP3544000007,,,JP
3402,TORAY INDUSTRIES,,TOKYO STOCK EXCHANGE,JPY,JP
3402,"TORAY INDUSTRIES,INC.",JP3621000003,,,JP
3405,KURARAY,,TOKYO STOCK EXCHANGE,JPY,JP
3405,"KURARAY CO.,LTD.",JP3269600007,,,JP
3407,ASAHI KASEI,,TOKYO STOCK EXCHANGE,JPY,JP
3407,ASAHI KASEI CORPORATION,JP3111200006,,,JP
3415,TOKYO BASE LTD,,TOKYO STOCK EXCHANGE,JPY,JP
3415,"TOKYO BASE CO.,LTD.",JP3399710007,,,JP
3421,INABA SEISAKUSHO LTD,,TOKYO STOCK EXCHANGE,JPY,JP
3421,"INABA SEISAKUSHO CO.,LTD.",JP3145800003,,,JP
3431,MIYAJI ENGINEERING INC,,TOKYO STOCK EXCHANGE,JPY,JP
3431,"MIYAJI ENGINEERING GROUP,INC.",JP3908700002,,,JP
3433,TOCALO LTD,,TOKYO STOCK EXCHANGE,JPY,JP
3433,"TOCALO CO.,LTD.",JP3552290003,,,JP
3436,SUMCO,,TOKYO STOCK EXCHANGE,JPY,JP
3436,SUMCO CORPORATION,JP3322930003,,,JP
3443,KAWADA TECH INC,,TOKYO STOCK EXCHANGE,JPY,JP
3443,"KAWADA TECHNOLOGIES,INC.",JP3226300006,,,JP
3445,RS TECHNOLOGIES,,TOKYO STOCK EXCHANGE,JPY,JP
3445,"RS TECHNOLOGIES CO.,LTD.",JP3100350002,,,JP
3451,TOSEI REIT INVESTMENT REIT CORP,,TOKYO STOCK EXCHANGE,JPY,JP
3451,TOSEI REIT INVESTMENT CORP,JP3047830009,TSE,JPY,JP
3455,HEALTHCARE & MEDICAL INVESTMENT RE,,TOKYO STOCK EXCHANGE,JPY,JP
3457,&DO HOLDINGS LTD,,TOKYO STOCK EXCHANGE,JPY,JP
3457,"&DO HOLDINGS CO.,LTD.",JP3765420009,,,JP
3459,SAMTY RESIDENTIAL INVESTMENT REIT,,TOKYO STOCK EXCHANGE,JPY,JP
3459,SAMTY RESIDENTIAL INVESTMENT C,JP3047960004,TSE,JPY,JP
3462,NOMURA REAL ESTATE MASTER FUND REI,,TOKYO STOCK EXCHANGE,JPY,JP
3462,NOMURA REAL ESTATE MASTER FUND INC,JP3048110005,TSE,JPY,JP
3463,ICHIGO HOTEL REIT CORP,,TOKYO STOCK EXCHANGE,JPY,JP
3463,ICHIGO HOTEL REIT INVESTMENT CORP,JP3048160000,TSE,JPY,JP
3465,KI-STAR REAL ESTATE LTD,,TOKYO STOCK EXCHANGE,JPY,JP
3465,"KI-STAR REAL ESTATE CO.,LTD",JP3277620005,,,JP
3466,LASALLE LOGIPORT REIT,,TOKYO STOCK EXCHANGE,JPY,JP
3466,LASALLE LOGIPORT REIT,JP3048180008,TSE,JPY,JP
3468,STAR ASIA INVESTMENT REIT,,TOKYO STOCK EXCHANGE,JPY,JP
3468,STAR ASIA INVESTMENT CORP,JP3048200004,TSE,JPY,JP
3470,MARIMO REGIONAL REVITALIZATION REI,,TOKYO STOCK EXCHANGE,JPY,JP
3470,MARIMO REGIONAL REVITALIZATION REIT INC,JP3048290005,TSE,JPY,JP
3471,MITSUI FUDOSAN LOGISTICS PARK REIT,,TOKYO STOCK EXCHANGE,JPY,JP
3471,MITSUI FUDOSAN LOGISTICS PARK INC,JP3048300002,TSE,JPY,JP
3472,NIPPON HOTEL & RESIDENTIAL INVESTM,,TOKYO STOCK EXCHANGE,JPY,JP
3472,OOEDO ONSEN REIT INVESTMENT,JP3048310001,TSE,JPY,JP
3475,GOOD COM ASSET LTD,,TOKYO STOCK EXCHANGE,JPY,JP
3475,"GOOD COM ASSET CO.,LTD.",JP3273750004,,,JP
3476,MIRAI REIT,,TOKYO STOCK EXCHANGE,JPY,JP
3476,MIRAI CORP,JP3048370005,TSE,JPY,JP
3480,"J.S.B.CO.,LTD.",JP3386630002,,,JP
3481,MITSUBISHI ESTATE LOGISTICS REIT C,,TOKYO STOCK EXCHANGE,JPY,JP
3481,MITSUBISHI ESTATE LOGISTICS REIT INVESTMENT CORP,JP3048480002,TSE,JPY,JP
3482,LOADSTAR CAPITAL,,TOKYO STOCK EXCHANGE,JPY,JP
3482,LOADSTAR CAPITAL K.K.,JP3982600003,,,JP
3487,CRE LOGISTICS REIT INC,,TOKYO STOCK EXCHANGE,JPY,JP
3487,CRE LOGISTICS REIT INC,JP3048680007,TSE,JPY,JP
3488,CENTRAL REIT INVESTMENT REIT CORP,,TOKYO STOCK EXCHANGE,JPY,JP
3492,MIRARTH REAL EST REIT CORP,,TOKYO STOCK EXCHANGE,JPY,JP
3496,AZOOM LTD,,TOKYO STOCK EXCHANGE,JPY,JP
3496,"AZOOM CO.,LTD",JP3119880007,,,JP
3498,KASUMIGASEKI CAPITAL LTD,,TOKYO STOCK EXCHANGE,JPY,JP
3498,"KASUMIGASEKI CAPITAL CO.,LTD.",JP3211050004,,,JP
3539,JM HOLDINGS LTD,,TOKYO STOCK EXCHANGE,JPY,JP
3539,"JM HOLDINGS CO.,LTD.",JP3389690003,,,JP
3543,KOMEDA HOLDINGS,,TOKYO STOCK EXCHANGE,JPY,JP
3543,"KOMEDA HOLDINGS CO.,LTD.",JP3305580007,,,JP
3547,UNISIA HOLDINGS,,TOKYO STOCK EXCHANGE,JPY,JP
3547,UNISIA HOLDINGS CO.,JP3266180003,,,JP
3548,BAROQUE JAPAN LTD,,TOKYO STOCK EXCHANGE,JPY,JP
3548,BAROQUE JAPAN LIMITED,JP3778450001,,,JP
3549,KUSURI NO AOKI HOLDINGS LTD,,TOKYO STOCK EXCHANGE,JPY,JP
3549,"KUSURI NO AOKI HOLDINGS CO.,LTD.",JP3266190002,,,JP
3561,CHIKARANOMOTO HOLDINGS LTD,,TOKYO STOCK EXCHANGE,JPY,JP
3561,"CHIKARANOMOTO HOLDINGS CO.,LTD.",JP3507780009,,,JP
3563,FOOD & LIFE COMPANIES,,TOKYO STOCK EXCHANGE,JPY,JP
3563,FOOD & LIFE COMPANIES LTD.,JP3397150008,,,JP
3565,ASCENTECH,,TOKYO STOCK EXCHANGE,JPY,JP
3565,ASCENTECH K.K.,JP3120110006,,,JP
3569,SEIREN LTD,,TOKYO STOCK EXCHANGE,JPY,JP
3569,"SEIREN CO.,LTD.",JP3413800008,,,JP
3580,KOMATSU MATERE LTD,,TOKYO STOCK EXCHANGE,JPY,JP
3580,"KOMATSU MATERE CO.,LTD.",JP3304600004,,,JP
3591,WACOAL HOLDINGS,,TOKYO STOCK EXCHANGE,JPY,JP
3591,WACOAL HOLDINGS CORP.,JP3992400006,,,JP
3608,TSI HOLDINGS LTD,,TOKYO STOCK EXCHANGE,JPY,JP
3608,"TSI HOLDINGS CO.,LTD.",JP3538690003,,,JP
3612,WORLD LTD,,TOKYO STOCK EXCHANGE,JPY,JP
3612,"WORLD CO.,LTD.",JP3990210001,,,JP
3626,TISI,,TOKYO STOCK EXCHANGE,JPY,JP
3626,TIS INC.,JP3104890003,,,JP
3632,GREE HOLDINGS INC,,TOKYO STOCK EXCHANGE,JPY,JP
3632,"GREE HOLDINGS,INC.",JP3274070006,,,JP
3633,GMO PEPABO INC,,TOKYO STOCK EXCHANGE,JPY,JP
3633,"GMO PEPABO,INC.",JP3836100002,,,JP
3635,KOEI TECMO HOLDINGS,,TOKYO STOCK EXCHANGE,JPY,JP
3635,"KOEI TECMO HOLDINGS CO.,LTD.",JP3283460008,,,JP
3636,MITSUBISHI RESEARCH INSTITUTE,,TOKYO STOCK EXCHANGE,JPY,JP
3636,"MITSUBISHI RESEARCH INSTITUTE,INC.",JP3902200009,,,JP
3649,FINDEX INC,,TOKYO STOCK EXCHANGE,JPY,JP
3649,FINDEX INC.,JP3801450002,,,JP
3656,KLAB,,TOKYO STOCK EXCHANGE,JPY,JP
3656,KLAB INC.,JP3268870007,,,JP
3657,POLE TO WIN HOLDINGS INC,,TOKYO STOCK EXCHANGE,JPY,JP
3657,"POLE TO WIN HOLDINGS,INC.",JP3855950006,,,JP
3659,NEXON,,TOKYO STOCK EXCHANGE,JPY,JP
3659,"NEXON CO.,LTD.",JP3758190007,,,JP
3660,ISTYLE,,TOKYO STOCK EXCHANGE,JPY,JP
3660,ISTYLE INC.,JP3102320003,,,JP
3661,M-UP HOLDINGS INC,,TOKYO STOCK EXCHANGE,JPY,JP
3661,"M-UP HOLDINGS,INC.",JP3167310006,,,JP
3662,ATEAM HOLDINGS LTD,,TOKYO STOCK EXCHANGE,JPY,JP
3662,"ATEAM HOLDINGS CO.,LTD.",JP3160890004,,,JP
3663,CELSYS INC,,TOKYO STOCK EXCHANGE,JPY,JP
3663,"CELSYS,INC.",JP3100260003,,,JP
3665,ENIGMO INC,,TOKYO STOCK EXCHANGE,JPY,JP
3665,ENIGMO INC.,JP3164590006,,,JP
3668,COLOPL INC,,TOKYO STOCK EXCHANGE,JPY,JP
3668,"COLOPL,INC.",JP3305960001,,,JP
3673,BROADLEAF LTD,,TOKYO STOCK EXCHANGE,JPY,JP
3673,"BROADLEAF CO.,LTD.",JP3831490002,,,JP
3676,DIGITAL HEARTS HOLDINGS LTD,,TOKYO STOCK EXCHANGE,JPY,JP
3676,"DIGITAL HEARTS HOLDINGS CO.,LTD.",JP3765110006,,,JP
3678,MEDIA DO LTD,,TOKYO STOCK EXCHANGE,JPY,JP
3678,"MEDIA DO CO.,LTD.",JP3921230003,,,JP
3679,ZIGEXN LTD,,TOKYO STOCK EXCHANGE,JPY,JP
3679,"ZIGEXN CO.,LTD.",JP3386490001,,,JP
3687,FIXSTARS CORP,,TOKYO STOCK EXCHANGE,JPY,JP
3687,FIXSTARS CORPORATION,JP3802950000,,,JP
3692,FFRI SECURITY INC,JP3166830004,TSE,JPY,JP
3694,OPTIM CORP,,TOKYO STOCK EXCHANGE,JPY,JP
3694,OPTIM CORPORATION,JP3197690005,,,JP
3696,CERES INC,,TOKYO STOCK EXCHANGE,JPY,JP
3696,CERES INC.,JP3423570005,,,JP
3697,SHIFT INC,,TOKYO STOCK EXCHANGE,JPY,JP
3697,SHIFT INC.,JP3355400007,,,JP
3708,TOKUSHU TOKAI PAPER LTD,,TOKYO STOCK EXCHANGE,JPY,JP
3708,"TOKUSHU TOKAI PAPER CO.,LTD.",JP3624900001,,,JP
3741,SYSTEMS ENGINEERING CONSULTANTS LT,,TOKYO STOCK EXCHANGE,JPY,JP
3741,"SYSTEMS ENGINEERING CONSULTANTS CO.,LTD.",JP3422190003,,,JP
3762,TECHMATRIX CORP,,TOKYO STOCK EXCHANGE,JPY,JP
3762,TECHMATRIX CORPORATION,JP3545130001,,,JP
3763,PRO-SHIP INC,,TOKYO STOCK EXCHANGE,JPY,JP
3763,PRO-SHIP INCORPORATED,JP3833730009,,,JP
3765,GUNGHO ONLINE ENTERTAINMENT,,TOKYO STOCK EXCHANGE,JPY,JP
3765,"GUNGHO ONLINE ENTERTAINMENT,INC.",JP3235900002,,,JP
3769,GMO PAYMENT GATEWAY INC,,TOKYO STOCK EXCHANGE,JPY,JP
3769,"GMO PAYMENT GATEWAY,INC.",JP3385890003,,,JP
3771,SYSTEM RESEARCH LTD,,TOKYO STOCK EXCHANGE,JPY,JP
3771,"SYSTEM RESEARCH CO.,LTD.",JP3351070002,,,JP
3774,INTERNET INITIATIVE JAPAN INC,,TOKYO STOCK EXCHANGE,JPY,JP
3774,INTERNET INITIATIVE JAPAN INC.,JP3152820001,,,JP
3778,SAKURA INTERNET,,TOKYO STOCK EXCHANGE,JPY,JP
3778,SAKURA INTERNET INC.,JP3317300006,,,JP
3788,GMO GLOBALSIGN HOLDINGS KK,,TOKYO STOCK EXCHANGE,JPY,JP
3788,GMO GLOBALSIGN HOLDINGS K.K.,JP3386040004,,,JP
3817,SRA HOLDINGS INC,,TOKYO STOCK EXCHANGE,JPY,JP
3817,"SRA HOLDINGS,INC.",JP3161450006,,,JP
3834,ASAHI NET INC,,TOKYO STOCK EXCHANGE,JPY,JP
3834,"ASAHI NET,INC.",JP3115800009,,,JP
3835,EBASE LTD,,TOKYO STOCK EXCHANGE,JPY,JP
3835,"EBASE CO.,LTD.",JP3130790003,,,JP
3836,AVANT GROUP CORP,,TOKYO STOCK EXCHANGE,JPY,JP
3836,AVANT GROUP CORPORATION,JP3548680002,,,JP
3837,AD-SOL NISSIN CORP,,TOKYO STOCK EXCHANGE,JPY,JP
3837,AD-SOL NISSIN CORPORATION,JP3122030004,,,JP
3843,FREEBIT LTD,,TOKYO STOCK EXCHANGE,JPY,JP
3843,"FREEBIT CO.,LTD.",JP3826720009,,,JP
3844,COMTURE CORP,,TOKYO STOCK EXCHANGE,JPY,JP
3844,COMTURE CORPORATION,JP3305560009,,,JP
3853,ASTERIA,,TOKYO STOCK EXCHANGE,JPY,JP
3853,ASTERIA CORPORATION,JP3153470004,,,JP
3854,ILL INC,,TOKYO STOCK EXCHANGE,JPY,JP
3854,I'LL INC,JP3105180008,,,JP
3861,OJI HOLDINGS,,TOKYO STOCK EXCHANGE,JPY,JP
3861,OJI HOLDINGS CORPORATION,JP3174410005,,,JP
3863,NIPPON PAPER INDUSTRIES,,TOKYO STOCK EXCHANGE,JPY,JP
3863,"NIPPON PAPER INDUSTRIES CO.,LTD.",JP3721600009,,,JP
3865,HOKUETSU CORP,,TOKYO STOCK EXCHANGE,JPY,JP
3865,HOKUETSU CORPORATION,JP3841800000,,,JP
3880,DAIO PAPER,,TOKYO STOCK EXCHANGE,JPY,JP
3880,DAIO PAPER CORPORATION,JP3440400004,,,JP
3891,NIPPON KODOSHI CORPORATION,JP3707000000,,,JP
3901,MARKLINES,,TOKYO STOCK EXCHANGE,JPY,JP
3901,"MARKLINES CO.,LTD.",JP3860210008,,,JP
3903,GUMI INC,,TOKYO STOCK EXCHANGE,JPY,JP
3903,GUMI INC.,JP3273810006,,,JP
3905,DATASECTION INC,JP3548480007,TSE,JPY,JP
3915,TERRASKY LTD,,TOKYO STOCK EXCHANGE,JPY,JP
3915,"TERRASKY CO.,LTD",JP3546300009,,,JP
3916,DIGITAL INFORMATION TECHNOLOGIES C,,TOKYO STOCK EXCHANGE,JPY,JP
3916,DIGITAL INFORMATION TECHNOLOGIES CORPORA,JP3549060006,,,JP
3921,NEOJAPAN INC,,TOKYO STOCK EXCHANGE,JPY,JP
3921,NEOJAPAN INC.,JP3758230001,,,JP
3922,PR TIMES CORP,,TOKYO STOCK EXCHANGE,JPY,JP
3922,PR TIMES CORPORATION,JP3801050000,,,JP
3923,RAKUS,,TOKYO STOCK EXCHANGE,JPY,JP
3923,"RAKUS CO.,LTD.",JP3967170006,,,JP
3925,DOUBLE STANDARD INC,,TOKYO STOCK EXCHANGE,JPY,JP
3925,DOUBLE STANDARD INC.,JP3505980007,,,JP
3926,OPEN DOOR INC,,TOKYO STOCK EXCHANGE,JPY,JP
3926,OPEN DOOR INC.,JP3173560008,,,JP
3932,AKATSUKI INC,,TOKYO STOCK EXCHANGE,JPY,JP
3932,AKATSUKI INC.,JP3107000006,,,JP
3937,UBICOM HOLDINGS INC,,TOKYO STOCK EXCHANGE,JPY,JP
3937,"UBICOM HOLDINGS,INC.",JP3160910000,,,JP
3939,KANAMIC NETWORK LTD,,TOKYO STOCK EXCHANGE,JPY,JP
3939,"KANAMIC NETWORK CO.,LTD",JP3215100003,,,JP
3941,RENGO LTD,,TOKYO STOCK EXCHANGE,JPY,JP
3941,"RENGO CO.,LTD.",JP3981400009,,,JP
3946,TOMOKU LTD,,TOKYO STOCK EXCHANGE,JPY,JP
3946,"TOMOKU CO.,LTD.",JP3554000004,,,JP
3950,PACK,,TOKYO STOCK EXCHANGE,JPY,JP
3950,THE PACK CORPORATION,JP3345900009,,,JP
3962,CHANGE HOLDINGS INC,,TOKYO STOCK EXCHANGE,JPY,JP
3962,"CHANGE HOLDINGS,INC.",JP3507750002,,,JP
3964,AUCNET INC,,TOKYO STOCK EXCHANGE,JPY,JP
3964,AUCNET INC.,JP3172060000,,,JP
3983,ORO LTD,,TOKYO STOCK EXCHANGE,JPY,JP
3983,"ORO CO.,LTD.",JP3201900002,,,JP
3984,USER LOCAL INC,,TOKYO STOCK EXCHANGE,JPY,JP
3984,"USER LOCAL,INC.",JP3944410004,,,JP
3993,PKSHA TECHNOLOGY,,TOKYO STOCK EXCHANGE,JPY,JP
3993,PKSHA TECHNOLOGY INC.,JP3780050005,,,JP
4004,RESONAC HOLDINGS,,TOKYO STOCK EXCHANGE,JPY,JP
4004,RESONAC HOLDINGS CORPORATION,JP3368000000,,,JP
4005,SUMITOMO CHEMICAL,,TOKYO STOCK EXCHANGE,JPY,JP
4005,"SUMITOMO CHEMICAL COMPANY,LIMITED",JP3401400001,,,JP
4008,SUMITOMO SEIKA CHEMICALS LTD,,TOKYO STOCK EXCHANGE,JPY,JP
4008,"SUMITOMO SEIKA CHEMICALS COMPANY,LIMITED",JP3405600002,,,JP
4021,NISSAN CHEMICAL,,TOKYO STOCK EXCHANGE,JPY,JP
4021,NISSAN CHEMICAL CORPORATION,JP3670800006,,,JP
4022,RASA INDUSTRIES LTD,,TOKYO STOCK EXCHANGE,JPY,JP
4022,"RASA INDUSTRIES,LTD.",JP3967400007,,,JP
4023,KUREHA CORP,,TOKYO STOCK EXCHANGE,JPY,JP
4023,KUREHA CORPORATION,JP3271600003,,,JP
4025,TAKI CHEMICAL LTD,,TOKYO STOCK EXCHANGE,JPY,JP
4025,"TAKI CHEMICAL CO.,LTD.",JP3461000006,,,JP
4027,TAYCA CORP,,TOKYO STOCK EXCHANGE,JPY,JP
4027,TAYCA CORPORATION,JP3539300008,,,JP
4028,ISHIHARA SANGYO LTD,,TOKYO STOCK EXCHANGE,JPY,JP
4028,"ISHIHARA SANGYO KAISHA,LTD.",JP3136800004,,,JP
4041,NIPPON SODA LTD,,TOKYO STOCK EXCHANGE,JPY,JP
4041,"NIPPON SODA CO.,LTD.",JP3726200003,,,JP
4042,TOSOH CORP,,TOKYO STOCK EXCHANGE,JPY,JP
4042,TOSOH CORPORATION,JP3595200001,,,JP
4043,TOKUYAMA,,TOKYO STOCK EXCHANGE,JPY,JP
4043,TOKUYAMA CORPORATION,JP3625000009,,,JP
4044,CENTRAL GLASS LTD,,TOKYO STOCK EXCHANGE,JPY,JP
4044,"CENTRAL GLASS CO.,LTD.",JP3425000001,,,JP
4045,TOAGOSEI LTD,,TOKYO STOCK EXCHANGE,JPY,JP
4045,"TOAGOSEI CO.,LTD.",JP3556400004,,,JP
4046,OSAKA SODA,,TOKYO STOCK EXCHANGE,JPY,JP
4046,"OSAKA SODA CO.,LTD.",JP3485900009,,,JP
4047,KANTO DENKA KOGYO LTD,,TOKYO STOCK EXCHANGE,JPY,JP
4047,"KANTO DENKA KOGYO CO.,LTD.",JP3232600001,,,JP
4051,GMO FINANCIAL GATE INC,,TOKYO STOCK EXCHANGE,JPY,JP
4051,"GMO FINANCIAL GATE,INC.",JP3386710002,,,JP
4053,SUN* INC,,TOKYO STOCK EXCHANGE,JPY,JP
4053,SUN* INC.,JP3323800007,,,JP
4061,DENKA CO LTD,,TOKYO STOCK EXCHANGE,JPY,JP
4061,DENKA COMPANY LIMITED,JP3549600009,,,JP
4062,IBIDEN LTD,,TOKYO STOCK EXCHANGE,JPY,JP
4062,"IBIDEN CO.,LTD.",JP3148800000,,,JP
4063,SHIN ETSU CHEMICAL,,TOKYO STOCK EXCHANGE,JPY,JP
4063,"SHIN-ETSU CHEMICAL CO.,LTD.",JP3371200001,,,JP
4064,NIPPON CARBIDE INDUSTRIES INC,,TOKYO STOCK EXCHANGE,JPY,JP
4064,"NIPPON CARBIDE INDUSTRIES COMPANY,INCORP",JP3690000009,,,JP
4071,PLUS ALPHA CONSULTING LTD,,TOKYO STOCK EXCHANGE,JPY,JP
4071,"PLUS ALPHA CONSULTING CO.,LTD.",JP3832700003,,,JP
4072,DENSAN SYSTEM HOLDINGS LTD,,TOKYO STOCK EXCHANGE,JPY,JP
4072,"DENSAN SYSTEM HOLDINGS CO.,LTD.",JP3551440005,,,JP
4078,SAKAI CHEMICAL INDUSTRY LTD,,TOKYO STOCK EXCHANGE,JPY,JP
4078,"SAKAI CHEMICAL INDUSTRY CO.,LTD.",JP3312800000,,,JP
4082,DAIICHI KIGENSO KAGAKU KOGYO LTD,,TOKYO STOCK EXCHANGE,JPY,JP
4082,"DAIICHI KIGENSO KAGAKU-KOGYO CO.,LTD",JP3474350000,,,JP
4088,AIR WATER INC.,JP3160670000,,,JP
4091,NIPPON SANSO HOLDINGS,,TOKYO STOCK EXCHANGE,JPY,JP
4091,NIPPON SANSO HOLDINGS CORPORATION,JP3711600001,,,JP
4092,NIPPON CHEMICAL INDUSTRIAL LTD,,TOKYO STOCK EXCHANGE,JPY,JP
4092,"NIPPON CHEMICAL INDUSTRIAL CO.,LTD.",JP3691600005,,,JP
4095,NIHON PARKERIZING LTD,,TOKYO STOCK EXCHANGE,JPY,JP
4095,"NIHON PARKERIZING CO.,LTD.",JP3744600002,,,JP
4097,KOATSU GAS KOGYO LTD,,TOKYO STOCK EXCHANGE,JPY,JP
4097,"KOATSU GAS KOGYO CO.,LTD.",JP3285800003,,,JP
4099,SHIKOKU KASEI HOLDINGS CORP,,TOKYO STOCK EXCHANGE,JPY,JP
4099,SHIKOKU KASEI HOLDINGS CORPORATION,JP3349600001,,,JP
4100,TODA KOGYO CORP,,TOKYO STOCK EXCHANGE,JPY,JP
4100,TODA KOGYO CORP.,JP3627400009,,,JP
4109,STELLA CHEMIFA,,TOKYO STOCK EXCHANGE,JPY,JP
4109,STELLA CHEMIFA CORPORATION,JP3399720006,,,JP
4112,HODOGAYA CHEMICAL LTD,,TOKYO STOCK EXCHANGE,JPY,JP
4112,"HODOGAYA CHEMICAL CO.,LTD.",JP3852600000,,,JP
4114,NIPPON SHOKUBAI LTD,,TOKYO STOCK EXCHANGE,JPY,JP
4114,"NIPPON SHOKUBAI CO.,LTD.",JP3715200006,,,JP
4116,DAINICHISEIKA COLOR & CHEMICALS MF,,TOKYO STOCK EXCHANGE,JPY,JP
4116,"DAINICHISEIKA COLOR & CHEMICALS MFG.CO.,",JP3492200005,,,JP
4118,KANEKA CORP,,TOKYO STOCK EXCHANGE,JPY,JP
4118,KANEKA CORPORATION,JP3215800008,,,JP
4151,KYOWA KIRIN LTD,,TOKYO STOCK EXCHANGE,JPY,JP
4151,"KYOWA KIRIN CO.,LTD.",JP3256000005,,,JP
4180,APPIER GROUP INC,,TOKYO STOCK EXCHANGE,JPY,JP
4180,"APPIER GROUP,INC.",JP3160960005,,,JP
4182,MITSUBISHI GAS CHEMICAL INC,,TOKYO STOCK EXCHANGE,JPY,JP
4182,"MITSUBISHI GAS CHEMICAL COMPANY,INC.",JP3896800004,,,JP
4183,MITSUI CHEMICALS,,TOKYO STOCK EXCHANGE,JPY,JP
4183,"MITSUI CHEMICALS,INC.",JP3888300005,,,JP
4186,TOKYO OHKA KOGYO,,TOKYO STOCK EXCHANGE,JPY,JP
4186,"TOKYO OHKA KOGYO CO.,LTD.",JP3571800006,,,JP
4187,OSAKA ORGANIC CHEMICAL INDUSTRY LT,,TOKYO STOCK EXCHANGE,JPY,JP
4187,OSAKA ORGANIC CHEMICAL INDUSTRY LTD.,JP3187000009,,,JP
4188,MITSUBISHI CHEMICAL GROUP,,TOKYO STOCK EXCHANGE,JPY,JP
4188,MITSUBISHI CHEMICAL GROUP CORPORATION,JP3897700005,,,JP
4189,KH NEOCHEM LTD,,TOKYO STOCK EXCHANGE,JPY,JP
4189,"KH NEOCHEM CO.,LTD.",JP3277040006,,,JP
4194,VISIONAL,,TOKYO STOCK EXCHANGE,JPY,JP
4194,"VISIONAL,INC.",JP3800270005,,,JP
4202,DAICEL,,TOKYO STOCK EXCHANGE,JPY,JP
4202,DAICEL CORPORATION,JP3485800001,,,JP
4203,SUMITOMO BAKELITE LTD,,TOKYO STOCK EXCHANGE,JPY,JP
4203,"SUMITOMO BAKELITE COMPANY,LIMITED",JP3409400003,,,JP
4204,SEKISUI CHEMICAL,,TOKYO STOCK EXCHANGE,JPY,JP
4204,"SEKISUI CHEMICAL CO.,LTD.",JP3419400001,,,JP
4205,ZEON JAPAN CORP,,TOKYO STOCK EXCHANGE,JPY,JP
4205,ZEON CORPORATION,JP3725400000,,,JP
4206,AICA KOGYO LTD,,TOKYO STOCK EXCHANGE,JPY,JP
4206,"AICA KOGYO COMPANY,LIMITED",JP3100800006,,,JP
4208,UBE,,TOKYO STOCK EXCHANGE,JPY,JP
4208,UBE CORPORATION,JP3158800007,,,JP
4212,SEKISUI JUSHI,,TOKYO STOCK EXCHANGE,JPY,JP
4212,SEKISUI JUSHI CORPORATION,JP3420200002,,,JP
4216,ASAHI YUKIZAI,,TOKYO STOCK EXCHANGE,JPY,JP
4216,ASAHI YUKIZAI CORPORATION,JP3117200000,,,JP
4218,NICHIBAN LTD,,TOKYO STOCK EXCHANGE,JPY,JP
4218,"NICHIBAN CO.,LTD.",JP3662400005,,,JP
4220,RIKEN TECHNOS CORP,,TOKYO STOCK EXCHANGE,JPY,JP
4220,RIKEN TECHNOS CORPORATION,JP3973000007,,,JP
4221,OKURA INDUSTRIAL LTD,,TOKYO STOCK EXCHANGE,JPY,JP
4221,"OKURA INDUSTRIAL CO.,LTD.",JP3178400002,,,JP
4228,SEKISUI PLASTICS LTD,,TOKYO STOCK EXCHANGE,JPY,JP
4228,"SEKISUI KASEI CO.,LTD.",JP3419800002,,,JP
4229,GUN EI CHEMICAL INDUSTRY LTD,,TOKYO STOCK EXCHANGE,JPY,JP
4229,"GUN EI CHEMICAL INDUSTRY CO.,LTD.",JP3274800006,,,JP
4246,DAIKYONISHIKAWA CORP,,TOKYO STOCK EXCHANGE,JPY,JP
4246,DAIKYONISHIKAWA CORPORATION,JP3481300006,,,JP
4249,MORIROKU LTD,,TOKYO STOCK EXCHANGE,JPY,JP
4249,"MORIROKU COMPANY,LTD.",JP3927450001,,,JP
4251,KEIWA INCORPORATED,,TOKYO STOCK EXCHANGE,JPY,JP
4251,KEIWA INCORPORATED,JP3281610000,,,JP
4259,EXAWIZARDS INC,JP3161330000,TSE,JPY,JP
4272,NIPPON KAYAKU LTD,,TOKYO STOCK EXCHANGE,JPY,JP
4272,"NIPPON KAYAKU CO.,LTD.",JP3694400007,,,JP
4275,CARLIT LTD,,TOKYO STOCK EXCHANGE,JPY,JP
4275,"CARLIT CO.,LTD.",JP3205320009,,,JP
4286,CL HOLDINGS INC,,TOKYO STOCK EXCHANGE,JPY,JP
4286,CL HOLDINGS INC.,JP3980300002,,,JP
4290,PRESTIGE INTERNATIONAL INC,,TOKYO STOCK EXCHANGE,JPY,JP
4290,PRESTIGE INTERNATIONAL INC.,JP3833620002,,,JP
4293,SEPTENI HOLDINGS CO LTD,JP3423300007,TSE,JPY,JP
4299,HIMACS LTD,,TOKYO STOCK EXCHANGE,JPY,JP
4299,"HIMACS,LTD.",JP3765250000,,,JP
4301,AMUSE INC,,TOKYO STOCK EXCHANGE,JPY,JP
4301,AMUSE INC.,JP3124500004,,,JP
4307,NOMURA RESEARCH INSTITUTE,,TOKYO STOCK EXCHANGE,JPY,JP
4307,"NOMURA RESEARCH INSTITUTE,LTD.",JP3762800005,,,JP
4310,DREAM INCUBATOR INC,,TOKYO STOCK EXCHANGE,JPY,JP
4310,DREAM INCUBATOR INC.,JP3639420003,,,JP
4318,QUICK LTD,,TOKYO STOCK EXCHANGE,JPY,JP
4318,"QUICK CO.,LTD.",JP3266000003,,,JP
4323,JAPAN SYSTEM TECHNIQUES LTD,,TOKYO STOCK EXCHANGE,JPY,JP
4323,"JAPAN SYSTEM TECHNIQUES CO.,LTD.",JP3712550007,,,JP
4324,DENTSU GROUP,,TOKYO STOCK EXCHANGE,JPY,JP
4324,DENTSU GROUP INC.,JP3551520004,,,JP
4326,INTAGE HOLDINGS INC,,TOKYO STOCK EXCHANGE,JPY,JP
4326,INTAGE HOLDINGS INC.,JP3152790006,,,JP
4331,TAKE AND GIVE NEEDS LTD,,TOKYO STOCK EXCHANGE,JPY,JP
4331,"TAKE AND GIVE. NEEDS CO.,LTD.",JP3539350003,,,JP
4337,PIA CORP,,TOKYO STOCK EXCHANGE,JPY,JP
4337,PIA CORPORATION,JP3801570007,,,JP
4343,AEON FANTASY LTD,,TOKYO STOCK EXCHANGE,JPY,JP
4343,"AEON FANTASY CO.,LTD.",JP3131420006,,,JP
4344,SOURCENEXT CORP,,TOKYO STOCK EXCHANGE,JPY,JP
4344,SOURCENEXT CORPORATION,JP3431200009,,,JP
4345,CTS LTD,,TOKYO STOCK EXCHANGE,JPY,JP
4345,"CTS CO.,LTD.",JP3346970001,,,JP
4350,MEDICAL SYSTEM NETWORK LTD,,TOKYO STOCK EXCHANGE,JPY,JP
4350,"MEDICAL SYSTEM NETWORK CO.,LTD.",JP3920940008,,,JP
4362,NIPPON FINE CHEMICAL LTD,,TOKYO STOCK EXCHANGE,JPY,JP
4362,"NIPPON FINE CHEMICAL CO.,LTD.",JP3720000003,,,JP
4368,FUSO CHEMICAL LTD,,TOKYO STOCK EXCHANGE,JPY,JP
4368,"FUSO CHEMICAL CO.,LTD.",JP3822600007,,,JP
4369,TRI CHEMICAL LABORATORIES INC,,TOKYO STOCK EXCHANGE,JPY,JP
4369,TRI CHEMICAL LABORATORIES INC.,JP3636000006,,,JP
4373,SIMPLEX HOLDINGS INC,,TOKYO STOCK EXCHANGE,JPY,JP
4373,"SIMPLEX HOLDINGS,INC.",JP3383270000,,,JP
4382,HEROZ INC,,TOKYO STOCK EXCHANGE,JPY,JP
4382,"HEROZ,INC.",JP3783070000,,,JP
4385,MERCARI,,TOKYO STOCK EXCHANGE,JPY,JP
4385,"MERCARI,INC.",JP3921290007,,,JP
4390,IPS INC,,TOKYO STOCK EXCHANGE,JPY,JP
4390,"IPS,INC.",JP3104910009,,,JP
4396,SYSTEM SUPPORT HOLDINGS INC,,TOKYO STOCK EXCHANGE,JPY,JP
4396,SYSTEM SUPPORT HOLDINGS INC.,JP3350960005,,,JP
4401,ADEKA,,TOKYO STOCK EXCHANGE,JPY,JP
4401,ADEKA CORPORATION,JP3114800000,,,JP
4403,NOF CORP,,TOKYO STOCK EXCHANGE,JPY,JP
4403,NOF CORPORATION,JP3753400005,,,JP
4410,HARIMA CHEM GRP INC,,TOKYO STOCK EXCHANGE,JPY,JP
4410,"HARIMA CHEMICALS GROUP,INC.",JP3772600007,,,JP
4413,BAUDROIE INC,,TOKYO STOCK EXCHANGE,JPY,JP
4413,"BAUDROIE,INC.",JP3855450007,,,JP
4419,FINATEXT HOLDINGS LTD,JP3803110000,TSE,JPY,JP
4420,ESOL LTD,,TOKYO STOCK EXCHANGE,JPY,JP
4420,"ESOL CO.,LTD.",JP3130650009,,,JP
4431,SMAREGI INC,JP3400110007,TSE,JPY,JP
4432,WINGARC1ST,,TOKYO STOCK EXCHANGE,JPY,JP
4432,WINGARC1ST INC.,JP3154360006,,,JP
4433,HITO-COMMUNICATIONS HOLDINGS INC,,TOKYO STOCK EXCHANGE,JPY,JP
4433,"HITO-COMMUNICATIONS HOLDINGS,INC.",JP3791990009,,,JP
4434,SERVERWORKS LTD,,TOKYO STOCK EXCHANGE,JPY,JP
4434,"SERVERWORKS CO.,LTD.",JP3310250000,,,JP
4443,SANSAN INC,,TOKYO STOCK EXCHANGE,JPY,JP
4443,"SANSAN,INC.",JP3332540008,,,JP
4452,KAO,,TOKYO STOCK EXCHANGE,JPY,JP
4452,KAO CORPORATION,JP3205800000,,,JP
4461,DKS LTD,,TOKYO STOCK EXCHANGE,JPY,JP
4461,DKS CO.LTD.,JP3475000000,,,JP
4462,ISHIHARA CHEMICAL LTD,,TOKYO STOCK EXCHANGE,JPY,JP
4462,"ISHIHARA CHEMICAL CO.,LTD.",JP3136900002,,,JP
4471,SANYO CHEMICAL INDUSTRIES LTD,,TOKYO STOCK EXCHANGE,JPY,JP
4471,"SANYO CHEMICAL INDUSTRIES,LTD.",JP3337600005,,,JP
4477,BASE INC,JP3835260005,TSE,JPY,JP
4478,FREEE K.K.,JP3826520003,,,JP
4480,MEDLEY INC,,TOKYO STOCK EXCHANGE,JPY,JP
4480,"MEDLEY,INC.",JP3921310003,,,JP
4481,BASE LTD,,TOKYO STOCK EXCHANGE,JPY,JP
4481,"BASE CO.,LTD.",JP3835210000,,,JP
4483,JMDC,,TOKYO STOCK EXCHANGE,JPY,JP
4483,JMDC INC.,JP3386690006,,,JP
4502,TAKEDA PHARMACEUTICAL,,TOKYO STOCK EXCHANGE,JPY,JP
4502,TAKEDA PHARMACEUTICAL COMPANY LIMITED,JP3463000004,,,JP
4503,ASTELLAS PHARMA,,TOKYO STOCK EXCHANGE,JPY,JP
4503,ASTELLAS PHARMA INC.,JP3942400007,,,JP
4506,SUMITOMO PHARMA LTD,,TOKYO STOCK EXCHANGE,JPY,JP
4506,"SUMITOMO PHARMA CO.,LTD.",JP3495000006,,,JP
4507,SHIONOGI,,TOKYO STOCK EXCHANGE,JPY,JP
4507,"SHIONOGI & CO.,LTD.",JP3347200002,,,JP
4516,NIPPON SHINYAKU,,TOKYO STOCK EXCHANGE,JPY,JP
4516,"NIPPON SHINYAKU CO.,LTD.",JP3717600005,,,JP
4519,CHUGAI PHARMACEUTICAL LTD,,TOKYO STOCK EXCHANGE,JPY,JP
4519,"CHUGAI PHARMACEUTICAL CO.,LTD.",JP3519400000,,,JP
4521,KAKEN PHARMACEUTICAL,,TOKYO STOCK EXCHANGE,JPY,JP
4521,"KAKEN PHARMACEUTICAL CO.,LTD.",JP3207000005,,,JP
4523,EISAI,,TOKYO STOCK EXCHANGE,JPY,JP
4523,"EISAI CO.,LTD.",JP3160400002,,,JP
4526,RIKEN VITAMIN LTD,,TOKYO STOCK EXCHANGE,JPY,JP
4526,"RIKEN VITAMIN CO.,LTD.",JP3972600005,,,JP
4527,ROHTO PHARMACEUTICAL LTD,,TOKYO STOCK EXCHANGE,JPY,JP
4527,"ROHTO PHARMACEUTICAL CO.,LTD.",JP3982400008,,,JP
4528,ONO PHARMACEUTICAL,,TOKYO STOCK EXCHANGE,JPY,JP
4528,"ONO PHARMACEUTICAL CO.,LTD.",JP3197600004,,,JP
4534,MOCHIDA PHARMACEUTICAL,,TOKYO STOCK EXCHANGE,JPY,JP
4534,"MOCHIDA PHARMACEUTICAL CO.,LTD.",JP3922800002,,,JP
4536,SANTEN PHARMACEUTICAL,,TOKYO STOCK EXCHANGE,JPY,JP
4536,"SANTEN PHARMACEUTICAL CO.,LTD.",JP3336000009,,,JP
4538,FUSO PHARMACEUTICAL INDUSTRIES LTD,,TOKYO STOCK EXCHANGE,JPY,JP
4538,"FUSO PHARMACEUTICAL INDUSTRIES,LTD.",JP3823600006,,,JP
4540,TSUMURA,,TOKYO STOCK EXCHANGE,JPY,JP
4540,TSUMURA & CO.,JP3535800001,,,JP
4543,TERUMO,,TOKYO STOCK EXCHANGE,JPY,JP
4543,TERUMO CORPORATION,JP3546800008,,,JP
4544,HU GROUP HOLDINGS INC,,TOKYO STOCK EXCHANGE,JPY,JP
4544,"H.U. GROUP HOLDINGS,INC.",JP3822000000,,,JP
4547,KISSEI PHARMACEUTICAL LTD,,TOKYO STOCK EXCHANGE,JPY,JP
4547,"KISSEI PHARMACEUTICAL CO.,LTD.",JP3240600001,,,JP
4548,SEIKAGAKU CORP,,TOKYO STOCK EXCHANGE,JPY,JP
4548,SEIKAGAKU CORPORATION,JP3414000004,,,JP
4549,EIKEN CHEMICAL,,TOKYO STOCK EXCHANGE,JPY,JP
4549,"EIKEN CHEMICAL CO.,LTD.",JP3160700005,,,JP
4552,JCR PHARMACEUTICALS,,TOKYO STOCK EXCHANGE,JPY,JP
4552,"JCR PHARMACEUTICALS CO.,LTD.",JP3701000006,,,JP
4553,TOWA PHARMACEUTICAL,,TOKYO STOCK EXCHANGE,JPY,JP
4553,"TOWA PHARMACEUTICAL CO.,LTD.",JP3623150004,,,JP
4554,FUJI PHARMA LTD,,TOKYO STOCK EXCHANGE,JPY,JP
4554,"FUJI PHARMA CO.,LTD.",JP3816200004,,,JP
4559,ZERIA PHARMACEUTICAL LTD,,TOKYO STOCK EXCHANGE,JPY,JP
4559,"ZERIA PHARMACEUTICAL CO.,LTD.",JP3428850006,,,JP
4565,NXERA PHARMA,,TOKYO STOCK EXCHANGE,JPY,JP
4565,"NXERA PHARMA CO.,LTD.",JP3431300007,,,JP
4568,DAIICHI SANKYO LTD,,TOKYO STOCK EXCHANGE,JPY,JP
4568,"DAIICHI SANKYO COMPANY,LIMITED",JP3475350009,,,JP
4569,KYORIN PHARMACEUTICAL LTD,,TOKYO STOCK EXCHANGE,JPY,JP
4569,"KYORIN PHARMACEUTICAL CO.,LTD.",JP3247090008,,,JP
4574,TAIKO PHARMACEUTICAL LTD,,TOKYO STOCK EXCHANGE,JPY,JP
4574,"TAIKO PHARMACEUTICAL CO.,LTD.",JP3442200006,,,JP
4577,DAITO PHARMACEUTICAL LTD,,TOKYO STOCK EXCHANGE,JPY,JP
4577,"DAITO PHARMACEUTICAL CO.,LTD.",JP3486150000,,,JP
4578,OTSUKA HOLDINGS,,TOKYO STOCK EXCHANGE,JPY,JP
4578,"OTSUKA HOLDINGS CO.,LTD.",JP3188220002,,,JP
4587,PEPTIDREAM,,TOKYO STOCK EXCHANGE,JPY,JP
4587,PEPTIDREAM INC.,JP3836750004,,,JP
4588,ONCOLYS BIOPHARMA INC,JP3202170001,TSE,JPY,JP
4592,SANBIO CO LTD,JP3336750009,TSE,JPY,JP
4611,DAI NIPPON TORYO LTD,,TOKYO STOCK EXCHANGE,JPY,JP
4611,"DAI NIPPON TORYO COMPANY,LIMITED",JP3495400008,,,JP
4612,NIPPON PAINT HOLDINGS,,TOKYO STOCK EXCHANGE,JPY,JP
4612,"NIPPON PAINT HOLDINGS CO.,LTD.",JP3749400002,,,JP
4613,KANSAI PAINT,,TOKYO STOCK EXCHANGE,JPY,JP
4613,"KANSAI PAINT CO.,LTD.",JP3229400001,,,JP
4617,CHUGOKU MARINE PAINTS LTD,,TOKYO STOCK EXCHANGE,JPY,JP
4617,"CHUGOKU MARINE PAINTS,LTD.",JP3522600000,,,JP
4620,FUJIKURA KASEI LTD,,TOKYO STOCK EXCHANGE,JPY,JP
4620,"FUJIKURA KASEI CO.,LTD.",JP3811200009,,,JP
4626,TAIYO HOLDINGS LTD,,TOKYO STOCK EXCHANGE,JPY,JP
4626,"TAIYO HOLDINGS CO.,LTD.",JP3449100001,,,JP
4631,DIC,,TOKYO STOCK EXCHANGE,JPY,JP
4631,DIC CORPORATION,JP3493400000,,,JP
4633,SAKATA INX,,TOKYO STOCK EXCHANGE,JPY,JP
4633,SAKATA INX CORPORATION,JP3314800008,,,JP
4634,ARTIENCE LTD,,TOKYO STOCK EXCHANGE,JPY,JP
4634,"ARTIENCE CO.,LTD.",JP3606600009,,,JP
4641,ALTECH CORP,,TOKYO STOCK EXCHANGE,JPY,JP
4641,ALTECH CORPORATION,JP3126350002,,,JP
4651,SANIX HOLDINGS INORATED INC,,TOKYO STOCK EXCHANGE,JPY,JP
4651,SANIX HOLDINGS INCORPORATED,JP3322600002,,,JP
4658,NIPPON AIR CONDITIONING SERVICES L,,TOKYO STOCK EXCHANGE,JPY,JP
4658,"NIPPON AIR CONDITIONING SERVICES CO.,LTD",JP3699500009,,,JP
4661,ORIENTAL LAND,,TOKYO STOCK EXCHANGE,JPY,JP
4661,"ORIENTAL LAND CO.,LTD.",JP3198900007,,,JP
4662,FOCUS SYSTEMS CORP,,TOKYO STOCK EXCHANGE,JPY,JP
4662,FOCUS SYSTEMS CORPORATION,JP3802740005,,,JP
4665,DUSKIN LTD,,TOKYO STOCK EXCHANGE,JPY,JP
4665,"DUSKIN CO.,LTD.",JP3505900005,,,JP
4666,PARK24,,TOKYO STOCK EXCHANGE,JPY,JP
4666,"PARK24 CO.,LTD.",JP3780100008,,,JP
4668,MEIKO NETWORK JAPAN LTD,,TOKYO STOCK EXCHANGE,JPY,JP
4668,"MEIKO NETWORK JAPAN CO.,LTD.",JP3916100005,,,JP
4671,FALCO HOLDINGS LTD,,TOKYO STOCK EXCHANGE,JPY,JP
4671,"FALCO HOLDINGS CO.,LTD.",JP3802650006,,,JP
4674,CRESCO,,TOKYO STOCK EXCHANGE,JPY,JP
4674,CRESCO LTD.,JP3271100004,,,JP
4676,FUJI MEDIA HOLDINGS INC,,TOKYO STOCK EXCHANGE,JPY,JP
4676,"FUJI MEDIA HOLDINGS,INC.",JP3819400007,,,JP
4680,ROUND ONE CORP,,TOKYO STOCK EXCHANGE,JPY,JP
4680,ROUND ONE CORPORATION,JP3966800009,,,JP
4681,RESORT TRUST,,TOKYO STOCK EXCHANGE,JPY,JP
4681,"RESORTTRUST,INC.",JP3974450003,,,JP
4684,OBIC LTD,,TOKYO STOCK EXCHANGE,JPY,JP
4684,"OBIC CO.,LTD.",JP3173400007,,,JP
4686,JUSTSYSTEMS CORP,,TOKYO STOCK EXCHANGE,JPY,JP
4686,JUSTSYSTEMS CORPORATION,JP3388450003,,,JP
4687,TDC SOFT INC,,TOKYO STOCK EXCHANGE,JPY,JP
4687,TDC SOFT INC.,JP3539000004,,,JP
4689,LY CORP,,TOKYO STOCK EXCHANGE,JPY,JP
4689,LY CORPORATION,JP3933800009,,,JP
4694,BML INC,,TOKYO STOCK EXCHANGE,JPY,JP
4694,"BML,INC.",JP3799700004,,,JP
4704,TREND MICRO,,TOKYO STOCK EXCHANGE,JPY,JP
4704,TREND MICRO INCORPORATED,JP3637300009,,,JP
4709,ID HOLDINGS CORP,,TOKYO STOCK EXCHANGE,JPY,JP
4709,ID HOLDINGS CORPORATION,JP3153600006,,,JP
4714,RISO KYOIKU GROUP CORP,,TOKYO STOCK EXCHANGE,JPY,JP
4714,RISO KYOIKU GROUP CORPORATION,JP3974300000,,,JP
4716,ORACLE JAPAN CORP,,TOKYO STOCK EXCHANGE,JPY,JP
4716,ORACLE CORPORATION JAPAN,JP3689500001,,,JP
4718,WASEDA ACADEMY LTD,,TOKYO STOCK EXCHANGE,JPY,JP
4718,"WASEDA ACADEMY CO.,LTD.",JP3993750003,,,JP
4719,ALPHA SYSTEMS INC,,TOKYO STOCK EXCHANGE,JPY,JP
4719,ALPHA SYSTEMS INC.,JP3126330004,,,JP
4722,FUTURE CORP,,TOKYO STOCK EXCHANGE,JPY,JP
4722,FUTURE CORPORATION,JP3826200002,,,JP
4725,CAC HOLDINGS CORP,,TOKYO STOCK EXCHANGE,JPY,JP
4725,CAC HOLDINGS CORPORATION,JP3346300001,,,JP
4732,USS,,TOKYO STOCK EXCHANGE,JPY,JP
4732,"USS CO.,LTD.",JP3944130008,,,JP
4733,OBIC BUSINESS CONSULTANTS LTD,,TOKYO STOCK EXCHANGE,JPY,JP
4733,"OBIC BUSINESS CONSULTANTS CO.,LTD.",JP3173500004,,,JP
4743,ITFOR INC,,TOKYO STOCK EXCHANGE,JPY,JP
4743,ITFOR INC.,JP3530000003,,,JP
4746,TOUKEI COMPUTER LTD,,TOKYO STOCK EXCHANGE,JPY,JP
4746,"TOUKEI COMPUTER CO.,LTD.",JP3590850008,,,JP
4751,CYBER AGENT,,TOKYO STOCK EXCHANGE,JPY,JP
4751,"CYBERAGENT,INC.",JP3311400000,,,JP
4755,RAKUTEN GROUP,,TOKYO STOCK EXCHANGE,JPY,JP
4755,"RAKUTEN GROUP,INC.",JP3967200001,,,JP
4763,CREEK & RIVER LTD,,TOKYO STOCK EXCHANGE,JPY,JP
4763,"CREEK & RIVER CO.,LTD.",JP3269700005,,,JP
4765,SBI GLOBAL ASSET MANAGEMENT LTD,,TOKYO STOCK EXCHANGE,JPY,JP
4765,"SBI GLOBAL ASSET MANAGEMENT CO.,LTD.",JP3922100007,,,JP
4767,TOW LTD,,TOKYO STOCK EXCHANGE,JPY,JP
4767,"TOW CO.,LTD.",JP3538450002,,,JP
4768,OTSUKA CORP,,TOKYO STOCK EXCHANGE,JPY,JP
4768,OTSUKA CORPORATION,JP3188200004,,,JP
4776,CYBOZU INC,,TOKYO STOCK EXCHANGE,JPY,JP
4776,"CYBOZU,INC.",JP3312100005,,,JP
4784,GMO INTERNET INC,,TOKYO STOCK EXCHANGE,JPY,JP
4784,"GMO INTERNET,INC.",JP3863050005,,,JP
4792,YAMADA CONSULTING GROUP LTD,,TOKYO STOCK EXCHANGE,JPY,JP
4792,"YAMADA CONSULTING GROUP CO.,LTD.",JP3588100002,,,JP
4801,CENTRAL SPORTS LTD,,TOKYO STOCK EXCHANGE,JPY,JP
4801,"CENTRAL SPORTS CO.,LTD.",JP3425600008,,,JP
4809,PARACA INC,,TOKYO STOCK EXCHANGE,JPY,JP
4809,PARACA INC.,JP3781700004,,,JP
4812,DENTSU SOKEN INC,,TOKYO STOCK EXCHANGE,JPY,JP
4812,DENTSU SOKEN INC.,JP3551530003,,,JP
4816,TOEI ANIMATION LTD,,TOKYO STOCK EXCHANGE,JPY,JP
4816,"TOEI ANIMATION CO.,LTD.",JP3560200002,,,JP
4819,DIGITAL GARAGE,,TOKYO STOCK EXCHANGE,JPY,JP
4819,"DIGITAL GARAGE,INC.",JP3549070005,,,JP
4820,EM SYSTEMS LTD,,TOKYO STOCK EXCHANGE,JPY,JP
4820,"EM SYSTEMS CO.,LTD.",JP3130200003,,,JP
4825,WEATHERNEWS INC,,TOKYO STOCK EXCHANGE,JPY,JP
4825,WEATHERNEWS INC.,JP3154500007,,,JP
4826,COMPUTER INSTITUTE OF JAPAN LTD,,TOKYO STOCK EXCHANGE,JPY,JP
4826,"COMPUTER INSTITUTE OF JAPAN,LTD.",JP3346170008,,,JP
4828,BUSINESS ENGINEERING CORP,,TOKYO STOCK EXCHANGE,JPY,JP
4828,BUSINESS ENGINEERING CORPORATION,JP3618800001,,,JP
4839,WOWOW INC,,TOKYO STOCK EXCHANGE,JPY,JP
4839,WOWOW INC.,JP3990770004,,,JP
4845,SCALA INC,,TOKYO STOCK EXCHANGE,JPY,JP
4845,"SCALA,INC.",JP3548520000,,,JP
4848,FULLCAST HOLDINGS LTD,,TOKYO STOCK EXCHANGE,JPY,JP
4848,"FULLCAST HOLDINGS CO.,LTD.",JP3827800008,,,JP
4849,EN INC,,TOKYO STOCK EXCHANGE,JPY,JP
4849,EN INC.,JP3168700007,,,JP
4880,CELLSOURCE LTD,,TOKYO STOCK EXCHANGE,JPY,JP
4880,"CELLSOURCE CO.,LTD.",JP3423580004,,,JP
4886,ASKA PHARMACEUTICAL HOLDINGS LTD,,TOKYO STOCK EXCHANGE,JPY,JP
4886,"ASKA PHARMACEUTICAL HOLDINGS CO.,LTD.",JP3119660003,,,JP
4887,SAWAI GROUP HOLDINGS,,TOKYO STOCK EXCHANGE,JPY,JP
4887,"SAWAI GROUP HOLDINGS CO.,LTD.",JP3323040000,,,JP
4901,FUJIFILM HOLDINGS,,TOKYO STOCK EXCHANGE,JPY,JP
4901,FUJIFILM HOLDINGS CORPORATION,JP3814000000,,,JP
4902,KONICA MINOLTA,,TOKYO STOCK EXCHANGE,JPY,JP
4902,"KONICA MINOLTA,INC.",JP3300600008,,,JP
4911,SHISEIDO,,TOKYO STOCK EXCHANGE,JPY,JP
4911,"SHISEIDO COMPANY,LIMITED",JP3351600006,,,JP
4912,LION,,TOKYO STOCK EXCHANGE,JPY,JP
4912,LION CORPORATION,JP3965400009,,,JP
4914,TAKASAGO INTERNATIONAL CORP,,TOKYO STOCK EXCHANGE,JPY,JP
4914,TAKASAGO INTERNATIONAL CORPORATION,JP3454400007,,,JP
4919,MILBON LTD,,TOKYO STOCK EXCHANGE,JPY,JP
4919,"MILBON CO.,LTD.",JP3910650005,,,JP
4922,KOSE HOLDINGS,,TOKYO STOCK EXCHANGE,JPY,JP
4922,KOSE HOLDINGS CORPORATION,JP3283650004,,,JP
4923,COTA LTD,,TOKYO STOCK EXCHANGE,JPY,JP
4923,"COTA CO.,LTD.",JP3298900006,,,JP
4927,POLA ORBIS HOLDINGS,,TOKYO STOCK EXCHANGE,JPY,JP
4927,POLA ORBIS HOLDINGS INC.,JP3855900001,,,JP
4928,NOEVIR HOLDINGS LTD,,TOKYO STOCK EXCHANGE,JPY,JP
4928,"NOEVIR HOLDINGS CO.,LTD.",JP3760450001,,,JP
4931,SHINNIHONSEIYAKU LTD,,TOKYO STOCK EXCHANGE,JPY,JP
4931,"SHINNIHONSEIYAKU CO.,LTD.",JP3381200009,,,JP
4933,I-NE LTD,,TOKYO STOCK EXCHANGE,JPY,JP
4933,"I-NE CO.,LTD.",JP3100680002,,,JP
4936,AXXZIA INC,,TOKYO STOCK EXCHANGE,JPY,JP
4936,AXXZIA INC.,JP3108220009,,,JP
4951,ST CORP,,TOKYO STOCK EXCHANGE,JPY,JP
4951,S.T.CORPORATION,JP3162800001,,,JP
4956,KONISHI LTD,,TOKYO STOCK EXCHANGE,JPY,JP
4956,"KONISHI CO.,LTD.",JP3300800004,,,JP
4958,T HASEGAWA LTD,,TOKYO STOCK EXCHANGE,JPY,JP
4958,"T.HASEGAWA CO.,LTD.",JP3768500005,,,JP
4967,KOBAYASHI PHARMACEUTICAL LTD,,TOKYO STOCK EXCHANGE,JPY,JP
4967,"KOBAYASHI PHARMACEUTICAL CO.,LTD.",JP3301100008,,,JP
4968,ARAKAWA CHEMICAL INDUSTRIES LTD,,TOKYO STOCK EXCHANGE,JPY,JP
4968,"ARAKAWA CHEMICAL INDUSTRIES,LTD.",JP3125000004,,,JP
4971,MEC LTD,,TOKYO STOCK EXCHANGE,JPY,JP
4971,MEC COMPANY LTD.,JP3920890005,,,JP
4973,JAPAN PURE CHEMICAL LTD,,TOKYO STOCK EXCHANGE,JPY,JP
4973,"JAPAN PURE CHEMICAL CO.,LTD.",JP3706600008,,,JP
4975,JCU CORP,,TOKYO STOCK EXCHANGE,JPY,JP
4975,JCU CORPORATION,JP3166200000,,,JP
4979,OAT AGRIO LTD,,TOKYO STOCK EXCHANGE,JPY,JP
4979,"OAT AGRIO CO.,LTD.",JP3174220008,,,JP
4980,DEXERIALS CORP,,TOKYO STOCK EXCHANGE,JPY,JP
4980,DEXERIALS CORPORATION,JP3548770001,,,JP
4985,EARTH CORP,,TOKYO STOCK EXCHANGE,JPY,JP
4985,EARTH CORPORATION,JP3100190002,,,JP
4992,HOKKO CHEMICAL INDUSTRY LTD,,TOKYO STOCK EXCHANGE,JPY,JP
4992,"HOKKO CHEMICAL INDUSTRY CO.,LTD.",JP3851000004,,,JP
4994,TAISEI LAMICK GROUP HEAD QUARTER &,,TOKYO STOCK EXCHANGE,JPY,JP
4994,TAISEI LAMICK GROUP HEAD QUARTER & INNOV,JP3444900009,,,JP
4996,KUMIAI CHEMICAL INDUSTRY LTD,,TOKYO STOCK EXCHANGE,JPY,JP
4996,"KUMIAI CHEMICAL INDUSTRY CO.,LTD.",JP3267600009,,,JP
4997,NIHON NOHYAKU LTD,,TOKYO STOCK EXCHANGE,JPY,JP
4997,"NIHON NOHYAKU CO.,LTD.",JP3741800001,,,JP
5011,NICHIREKI GROUP LTD,,TOKYO STOCK EXCHANGE,JPY,JP
5011,"NICHIREKI GROUP CO.,LTD.",JP3665600007,,,JP
5013,YUSHIRO INC,,TOKYO STOCK EXCHANGE,JPY,JP
5013,YUSHIRO INC.,JP3948400001,,,JP
5016,JX ADVANCED METALS CORP,,TOKYO STOCK EXCHANGE,JPY,JP
5016,JX ADVANCED METALS CORPORATION,JP3379550001,,,JP
5019,IDEMITSU KOSAN LTD,,TOKYO STOCK EXCHANGE,JPY,JP
5019,"IDEMITSU KOSAN CO.,LTD.",JP3142500002,,,JP
5020,ENEOS HOLDINGS,,TOKYO STOCK EXCHANGE,JPY,JP
5020,"ENEOS HOLDINGS,INC.",JP3386450005,,,JP
5021,COSMO ENERGY HOLDINGS,,TOKYO STOCK EXCHANGE,JPY,JP
5021,"COSMO ENERGY HOLDINGS COMPANY,LIMITED",JP3298000005,,,JP
5032,ANYCOLOR,,TOKYO STOCK EXCHANGE,JPY,JP
5032,ANYCOLOR INC.,JP3164780003,,,JP
5036,JAPAN BUSINESS SYSTEMS INC,,TOKYO STOCK EXCHANGE,JPY,JP
5036,"JAPAN BUSINESS SYSTEMS,INC.",JP3746810005,,,JP
5074,TESS HOLDINGS LTD,,TOKYO STOCK EXCHANGE,JPY,JP
5074,"TESS HOLDINGS CO.,LTD.",JP3545270005,,,JP
5076,INFRONEER HOLDINGS,,TOKYO STOCK EXCHANGE,JPY,JP
5076,INFRONEER HOLDINGS INC.,JP3153850007,,,JP
5101,YOKOHAMA RUBBER,,TOKYO STOCK EXCHANGE,JPY,JP
5101,"THE YOKOHAMA RUBBER COMPANY,LIMITED",JP3955800002,,,JP
5105,TOYO TIRE,,TOKYO STOCK EXCHANGE,JPY,JP
5105,TOYO TIRE CORPORATION,JP3610600003,,,JP
5108,BRIDGESTONE,,TOKYO STOCK EXCHANGE,JPY,JP
5108,BRIDGESTONE CORPORATION,JP3830800003,,,JP
5110,SUMITOMO RUBBER INDUSTRIES,,TOKYO STOCK EXCHANGE,JPY,JP
5110,"SUMITOMO RUBBER INDUSTRIES,LTD.",JP3404200002,,,JP
5121,FUJIKURA COMPOSITES INC,,TOKYO STOCK EXCHANGE,JPY,JP
5121,FUJIKURA COMPOSITES INC.,JP3811600000,,,JP
5122,OKAMOTO INDUSTRIES INC,,TOKYO STOCK EXCHANGE,JPY,JP
5122,"OKAMOTO INDUSTRIES,INC.",JP3192800005,,,JP
5142,ACHILLES CORP,,TOKYO STOCK EXCHANGE,JPY,JP
5142,ACHILLES CORPORATION,JP3108000005,,,JP
5185,FUKOKU LTD,,TOKYO STOCK EXCHANGE,JPY,JP
5185,"FUKOKU CO.,LTD.",JP3807000009,,,JP
5186,NITTA CORP,,TOKYO STOCK EXCHANGE,JPY,JP
5186,NITTA CORPORATION,JP3679850002,,,JP
5192,MITSUBOSHI BELTING LTD,,TOKYO STOCK EXCHANGE,JPY,JP
5192,MITSUBOSHI BELTING LTD.,JP3904000001,,,JP
5195,BANDO CHEMICAL INDUSTRIES LTD,,TOKYO STOCK EXCHANGE,JPY,JP
5195,"BANDO CHEMICAL INDUSTRIES,LTD.",JP3779000003,,,JP
5201,AGC,,TOKYO STOCK EXCHANGE,JPY,JP
5201,AGC INC.,JP3112000009,,,JP
5202,NIPPON SHEET GLASS LTD,,TOKYO STOCK EXCHANGE,JPY,JP
5202,"NIPPON SHEET GLASS COMPANY,LIMITED",JP3686800008,,,JP
5208,ARISAWA MFG LTD,,TOKYO STOCK EXCHANGE,JPY,JP
5208,"ARISAWA MFG.CO.,LTD.",JP3126000003,,,JP
5214,NIPPON ELECTRIC GLASS,,TOKYO STOCK EXCHANGE,JPY,JP
5214,"NIPPON ELECTRIC GLASS CO.,LTD.",JP3733400000,,,JP
5218,OHARA INC,,TOKYO STOCK EXCHANGE,JPY,JP
5218,OHARA INC.,JP3197630001,,,JP
5232,SUMITOMO OSAKA CEMENT LTD,,TOKYO STOCK EXCHANGE,JPY,JP
5232,"SUMITOMO OSAKA CEMENT CO.,LTD.",JP3400900001,,,JP
5233,TAIHEIYO CEMENT,,TOKYO STOCK EXCHANGE,JPY,JP
5233,TAIHEIYO CEMENT CORPORATION,JP3449020001,,,JP
5253,COVER CORP,JP3218500001,TSE,JPY,JP
5262,NIPPON HUME CORP,,TOKYO STOCK EXCHANGE,JPY,JP
5262,NIPPON HUME CORPORATION,JP3745800007,,,JP
5269,NIPPON CONCRETE INDUSTRIES LTD,,TOKYO STOCK EXCHANGE,JPY,JP
5269,"NIPPON CONCRETE INDUSTRIES CO.,LTD.",JP3708400001,,,JP
5273,MITANI SEKISAN LTD,,TOKYO STOCK EXCHANGE,JPY,JP
5273,"MITANI SEKISAN CO.,LTD.",JP3887600009,,,JP
5288,ASIA PILE HOLDINGS CORP,,TOKYO STOCK EXCHANGE,JPY,JP
5288,ASIA PILE HOLDINGS CORPORATION,JP3389640008,,,JP
5301,TOKAI CARBON LTD,,TOKYO STOCK EXCHANGE,JPY,JP
5301,"TOKAI CARBON CO.,LTD.",JP3560800009,,,JP
5302,NIPPON CARBON LTD,,TOKYO STOCK EXCHANGE,JPY,JP
5302,"NIPPON CARBON CO.,LTD.",JP3690400001,,,JP
5310,TOYO TANSO LTD,,TOKYO STOCK EXCHANGE,JPY,JP
5310,"TOYO TANSO CO.,LTD.",JP3616000000,,,JP
5331,NORITAKE LTD,,TOKYO STOCK EXCHANGE,JPY,JP
5331,"NORITAKE CO.,LIMITED",JP3763000001,,,JP
5332,TOTO LTD,,TOKYO STOCK EXCHANGE,JPY,JP
5332,TOTO LTD.,JP3596200000,,,JP
5333,NGK,,TOKYO STOCK EXCHANGE,JPY,JP
5333,"NGK INSULATORS,LTD.",JP3695200000,,,JP
5334,NITERRA,,TOKYO STOCK EXCHANGE,JPY,JP
5334,"NITERRA CO.,LTD.",JP3738600000,,,JP
5344,MARUWA (OWARIASAHI) LTD,,TOKYO STOCK EXCHANGE,JPY,JP
5344,"MARUWA CO.,LTD.",JP3879250003,,,JP
5351,SHINAGAWA REFRA LTD,,TOKYO STOCK EXCHANGE,JPY,JP
5351,"SHINAGAWA REFRA CO.,LTD.",JP3353200003,,,JP
5357,YOTAI REFRACTORIES LTD,,TOKYO STOCK EXCHANGE,JPY,JP
5357,"YOTAI REFRACTORIES CO.,LTD.",JP3953600008,,,JP
5384,FUJIMI,,TOKYO STOCK EXCHANGE,JPY,JP
5384,FUJIMI INCORPORATED,JP3820900003,,,JP
5393,NICHIAS CORP,,TOKYO STOCK EXCHANGE,JPY,JP
5393,NICHIAS CORPORATION,JP3660400007,,,JP
5401,NIPPON STEEL,,TOKYO STOCK EXCHANGE,JPY,JP
5401,NIPPON STEEL CORPORATION,JP3381000003,,,JP
5406,KOBE STEEL,,TOKYO STOCK EXCHANGE,JPY,JP
5406,"KOBE STEEL,LTD.",JP3289800009,,,JP
5408,NAKAYAMA STEEL WORKS LTD,,TOKYO STOCK EXCHANGE,JPY,JP
5408,"NAKAYAMA STEEL WORKS,LTD.",JP3646400006,,,JP
5410,GODO STEEL LTD,,TOKYO STOCK EXCHANGE,JPY,JP
5410,"GODO STEEL,LTD.",JP3307800007,,,JP
5411,JFE HOLDINGS,,TOKYO STOCK EXCHANGE,JPY,JP
5411,"JFE HOLDINGS,INC.",JP3386030005,,,JP
5423,TOKYO STEEL MANUFACTURING LTD,,TOKYO STOCK EXCHANGE,JPY,JP
5423,"TOKYO STEEL MANUFACTURING CO.,LTD.",JP3579800008,,,JP
5440,KYOEI STEEL LTD,,TOKYO STOCK EXCHANGE,JPY,JP
5440,KYOEI STEEL LTD.,JP3247400009,,,JP
5444,YAMATO KOGYO,,TOKYO STOCK EXCHANGE,JPY,JP
5444,"YAMATO KOGYO CO.,LTD.",JP3940400009,,,JP
5445,TOKYO TEKKO LTD,,TOKYO STOCK EXCHANGE,JPY,JP
5445,"TOKYO TEKKO CO.,LTD.",JP3584600005,,,JP
5449,OSAKA STEEL LTD,,TOKYO STOCK EXCHANGE,JPY,JP
5449,"OSAKA STEEL CO.,LTD.",JP3184600009,,,JP
5451,YODOKO LTD,,TOKYO STOCK EXCHANGE,JPY,JP
5451,"YODOKO,LTD.",JP3959400007,,,JP
5461,CHUBU STEEL PLATE,,TOKYO STOCK EXCHANGE,JPY,JP
5461,"CHUBU STEEL PLATE CO.,LTD.",JP3524600008,,,JP
5463,MARUICHI STEEL TUBE LTD,,TOKYO STOCK EXCHANGE,JPY,JP
5463,MARUICHI STEEL TUBE LTD.,JP3871200006,,,JP
5464,MORY INDUSTRIES INC,,TOKYO STOCK EXCHANGE,JPY,JP
5464,MORY INDUSTRIES INC.,JP3924000007,,,JP
5471,DAIDO STEEL,,TOKYO STOCK EXCHANGE,JPY,JP
5471,"DAIDO STEEL CO.,LTD.",JP3491000000,,,JP
5480,NIPPON YAKIN KOGYO LTD,,TOKYO STOCK EXCHANGE,JPY,JP
5480,"NIPPON YAKIN KOGYO CO.,LTD.",JP3752600001,,,JP
5482,AICHI STEEL CORP,,TOKYO STOCK EXCHANGE,JPY,JP
5482,AICHI STEEL CORPORATION,JP3103600007,,,JP
5541,PACIFIC METALS LTD,,TOKYO STOCK EXCHANGE,JPY,JP
5541,"PACIFIC METALS CO.,LTD.",JP3448000004,,,JP
5563,NIPPON DENKO LTD,,TOKYO STOCK EXCHANGE,JPY,JP
5563,"NIPPON DENKO CO.,LTD.",JP3734600004,,,JP
5602,KURIMOTO LTD,,TOKYO STOCK EXCHANGE,JPY,JP
5602,"KURIMOTO,LTD.",JP3270800000,,,JP
5631,JAPAN STEEL WORKS LTD,,TOKYO STOCK EXCHANGE,JPY,JP
5631,"THE JAPAN STEEL WORKS,LTD.",JP3721400004,,,JP
5632,MITSUBISHI STEEL MFG,,TOKYO STOCK EXCHANGE,JPY,JP
5632,"MITSUBISHI STEEL MFG.CO.,LTD.",JP3900800008,,,JP
5659,NIPPON SEISEN LTD,,TOKYO STOCK EXCHANGE,JPY,JP
5659,"NIPPON SEISEN CO.,LTD.",JP3721800005,,,JP
5698,ENVIPRO HOLDINGS INC,,TOKYO STOCK EXCHANGE,JPY,JP
5698,ENVIPRO HOLDINGS INC.,JP3169750001,,,JP
5702,DAIKI ALUMINIUM INDUSTRY LTD,,TOKYO STOCK EXCHANGE,JPY,JP
5702,"DAIKI ALUMINIUM INDUSTRY CO.,LTD.",JP3480600000,,,JP
5703,NIPPON LIGHT METAL HOLDINGS LTD,,TOKYO STOCK EXCHANGE,JPY,JP
5703,"NIPPON LIGHT METAL HOLDINGS COMPANY,LTD.",JP3700200003,,,JP
5706,MITSUI KINZOKU LIMITED LTD,,TOKYO STOCK EXCHANGE,JPY,JP
5706,"MITSUI KINZOKU COMPANY,LIMITED",JP3888400003,,,JP
5707,TOHO ZINC,,TOKYO STOCK EXCHANGE,JPY,JP
5707,"TOHO ZINC CO.,LTD.",JP3599000001,,,JP
5711,MITSUBISHI MATERIALS,,TOKYO STOCK EXCHANGE,JPY,JP
5711,MITSUBISHI MATERIALS CORPORATION,JP3903000002,,,JP
5713,SUMITOMO METAL MINING,,TOKYO STOCK EXCHANGE,JPY,JP
5713,"SUMITOMO METAL MINING CO.,LTD.",JP3402600005,,,JP
5714,DOWA HOLDINGS LTD,,TOKYO STOCK EXCHANGE,JPY,JP
5714,"DOWA HOLDINGS CO.,LTD.",JP3638600001,,,JP
5715,FURUKAWA LTD,,TOKYO STOCK EXCHANGE,JPY,JP
5715,"FURUKAWA CO.,LTD.",JP3826800009,,,JP
5726,OSAKA TITANIUM TECHNOLOGIES LTD,,TOKYO STOCK EXCHANGE,JPY,JP
5726,"OSAKA TITANIUM TECHNOLOGIES CO.,LTD.",JP3407200009,,,JP
5741,UACJ,,TOKYO STOCK EXCHANGE,JPY,JP
5741,UACJ CORPORATION,JP3826900007,,,JP
5757,CK SAN-ETSU LTD,,TOKYO STOCK EXCHANGE,JPY,JP
5757,"CK SAN-ETSU CO.,LTD.",JP3325100000,,,JP
5801,FURUKAWA ELECTRIC LTD,,TOKYO STOCK EXCHANGE,JPY,JP
5801,"FURUKAWA ELECTRIC CO.,LTD.",JP3827200001,,,JP
5802,SUMITOMO ELECTRIC INDUSTRIES,,TOKYO STOCK EXCHANGE,JPY,JP
5802,"SUMITOMO ELECTRIC INDUSTRIES,LTD.",JP3407400005,,,JP
5803,FUJIKURA,,TOKYO STOCK EXCHANGE,JPY,JP
5803,FUJIKURA LTD.,JP3811000003,,,JP
5805,SWCC CORP,,TOKYO STOCK EXCHANGE,JPY,JP
5805,SWCC CORPORATION,JP3368400002,,,JP
5821,HIRAKAWA HEWTECH CORP,,TOKYO STOCK EXCHANGE,JPY,JP
5821,HIRAKAWA HEWTECH CORP.,JP3795080005,,,JP
5830,IYOGIN HOLDINGS INC,,TOKYO STOCK EXCHANGE,JPY,JP
5830,"IYOGIN HOLDINGS,INC.",JP3149700001,,,JP
5831,SHIZUOKA FINANCIAL GROUP INC,,TOKYO STOCK EXCHANGE,JPY,JP
5831,"SHIZUOKA FINANCIAL GROUP,INC.",JP3351500008,,,JP
5832,CHUGIN FINANCIAL GROUP INC,,TOKYO STOCK EXCHANGE,JPY,JP
5832,"CHUGIN FINANCIAL GROUP,INC.",JP3520700000,,,JP
5838,RAKUTEN BANK LTD,,TOKYO STOCK EXCHANGE,JPY,JP
5838,"RAKUTEN BANK,LTD.",JP3967220009,,,JP
5844,KYOTO FINANCIAL GROUP,,TOKYO STOCK EXCHANGE,JPY,JP
5844,"KYOTO FINANCIAL GROUP,INC.",JP3252200005,,,JP
5851,RYOBI LTD,,TOKYO STOCK EXCHANGE,JPY,JP
5851,RYOBI LIMITED,JP3975800008,,,JP
5857,ARE HOLDINGS,,TOKYO STOCK EXCHANGE,JPY,JP
5857,"ARE HOLDINGS,INC.",JP3116700000,,,JP
5889,JAPAN EYEWEAR HOLDINGS LTD,,TOKYO STOCK EXCHANGE,JPY,JP
5889,"JAPAN EYEWEAR HOLDINGS CO.,LTD.",JP3389460001,,,JP
5901,TOYO SEIKAN GROUP HOLDINGS,,TOKYO STOCK EXCHANGE,JPY,JP
5901,"TOYO SEIKAN GROUP HOLDINGS,LTD.",JP3613400005,,,JP
5902,HOKKAN HOLDINGS LTD,,TOKYO STOCK EXCHANGE,JPY,JP
5902,HOKKAN HOLDINGS LIMITED,JP3846600009,,,JP
5909,CORONA CORP,,TOKYO STOCK EXCHANGE,JPY,JP
5909,CORONA CORPORATION,JP3305950002,,,JP
5911,YOKOGAWA BRIDGE HOLDINGS CORP,,TOKYO STOCK EXCHANGE,JPY,JP
5911,YOKOGAWA BRIDGE HOLDINGS CORP.,JP3955200005,,,JP
5929,SANWA HOLDINGS,,TOKYO STOCK EXCHANGE,JPY,JP
5929,SANWA HOLDINGS CORPORATION,JP3344400001,,,JP
5930,BUNKA SHUTTER LTD,,TOKYO STOCK EXCHANGE,JPY,JP
5930,"BUNKA SHUTTER CO.,LTD.",JP3831600006,,,JP
5932,SANKYO TATEYAMA INC,,TOKYO STOCK EXCHANGE,JPY,JP
5932,"SANKYO TATEYAMA,INC.",JP3326800004,,,JP
5933,ALINCO INC,,TOKYO STOCK EXCHANGE,JPY,JP
5933,ALINCO INCORPORATED,JP3126100001,,,JP
5938,LIXIL,,TOKYO STOCK EXCHANGE,JPY,JP
5938,LIXIL CORPORATION,JP3626800001,,,JP
5943,NORITZ CORP,,TOKYO STOCK EXCHANGE,JPY,JP
5943,NORITZ CORPORATION,JP3759400009,,,JP
5946,CHOFU SEISAKUSHO LTD,,TOKYO STOCK EXCHANGE,JPY,JP
5946,"CHOFU SEISAKUSHO CO.,LTD.",JP3527800001,,,JP
5947,RINNAI CORP,,TOKYO STOCK EXCHANGE,JPY,JP
5947,RINNAI CORPORATION,JP3977400005,,,JP
5949,UNIPRES CORP,,TOKYO STOCK EXCHANGE,JPY,JP
5949,UNIPRES CORPORATION,JP3952550006,,,JP
5957,NITTO SEIKO LTD,,TOKYO STOCK EXCHANGE,JPY,JP
5957,"NITTOSEIKO CO.,LTD.",JP3682800002,,,JP
5959,OKABE LTD,,TOKYO STOCK EXCHANGE,JPY,JP
5959,"OKABE CO.,LTD.",JP3192000002,,,JP
5970,G-TEKT CORP,,TOKYO STOCK EXCHANGE,JPY,JP
5970,G-TEKT CORPORATION,JP3236750000,,,JP
5975,TOPRE CORP,,TOKYO STOCK EXCHANGE,JPY,JP
5975,TOPRE CORPORATION,JP3598200008,,,JP
5976,NETUREN LTD,,TOKYO STOCK EXCHANGE,JPY,JP
5976,"NETUREN CO.,LTD.",JP3288200003,,,JP
5981,TOKYO ROPE MFG LTD,,TOKYO STOCK EXCHANGE,JPY,JP
5981,"TOKYO ROPE MFG.CO.,LTD",JP3579400007,,,JP
5985,SUNCALL CORP,,TOKYO STOCK EXCHANGE,JPY,JP
5985,SUNCALL CORPORATION,JP3330600002,,,JP
5988,PIOLAX INC,,TOKYO STOCK EXCHANGE,JPY,JP
5988,"PIOLAX,INC.",JP3780400002,,,JP
5989,H-ONE LTD,,TOKYO STOCK EXCHANGE,JPY,JP
5989,"H-ONE CO.,LTD.",JP3795200009,,,JP
5991,NHK SPRING,,TOKYO STOCK EXCHANGE,JPY,JP
5991,"NHK SPRING CO.,LTD.",JP3742600004,,,JP
5992,CHUO SPRING LTD,,TOKYO STOCK EXCHANGE,JPY,JP
5992,"CHUO SPRING CO.,LTD.",JP3517800003,,,JP
6005,MIURA,,TOKYO STOCK EXCHANGE,JPY,JP
6005,"MIURA CO.,LTD.",JP3880800002,,,JP
6013,TAKUMA LTD,,TOKYO STOCK EXCHANGE,JPY,JP
6013,"TAKUMA CO.,LTD.",JP3462600002,,,JP
6016,JAPAN ENGINE CORP,JP3291000002,TSE,JPY,JP
6027,BENGO4.COM INC,,TOKYO STOCK EXCHANGE,JPY,JP
6027,"BENGO4.COM,INC.",JP3835870001,,,JP
6035,IR JAPAN HOLDINGS LTD,,TOKYO STOCK EXCHANGE,JPY,JP
6035,"IR JAPAN HOLDINGS,LTD.",JP3100640006,,,JP
6036,KEEPER TECHNICAL LABORATORY LTD,,TOKYO STOCK EXCHANGE,JPY,JP
6036,"KEEPER TECHNICAL LABORATORY CO.,LTD.",JP3236320002,,,JP
6047,GUNOSY INC,,TOKYO STOCK EXCHANGE,JPY,JP
6047,GUNOSY INC.,JP3273820005,,,JP
6050,E-GUARDIAN INC,,TOKYO STOCK EXCHANGE,JPY,JP
6050,E-GUARDIAN INC.,JP3130230000,,,JP
6055,JAPAN MATERIAL LTD,,TOKYO STOCK EXCHANGE,JPY,JP
6055,"JAPAN MATERIAL CO.,LTD.",JP3389680004,,,JP
6058,VECTOR INC,,TOKYO STOCK EXCHANGE,JPY,JP
6058,VECTOR INC.,JP3835500004,,,JP
6062,CHARM CARE CORP,,TOKYO STOCK EXCHANGE,JPY,JP
6062,CHARM CARE CORPORATION,JP3512740006,,,JP
6070,CAREERLINK LTD,,TOKYO STOCK EXCHANGE,JPY,JP
6070,"CAREERLINK CO.,LTD.",JP3244520007,,,JP
6071,IBJ INC,,TOKYO STOCK EXCHANGE,JPY,JP
6071,"IBJ,INC.",JP3104960004,,,JP
6073,ASANTE INC,,TOKYO STOCK EXCHANGE,JPY,JP
6073,ASANTE INCORPORATED,JP3117350003,,,JP
6078,VALUE HR LTD,,TOKYO STOCK EXCHANGE,JPY,JP
6078,"VALUE HR CO.,LTD.",JP3778410005,,,JP
6080,M&A CAPITAL PARTNERS LTD,,TOKYO STOCK EXCHANGE,JPY,JP
6080,"M&A CAPITAL PARTNERS CO.,LTD.",JP3167320005,,,JP
6082,RIDE ON EXPRESS HOLDINGS LTD,,TOKYO STOCK EXCHANGE,JPY,JP
6082,"RIDE ON EXPRESS HOLDINGS CO.,LTD.",JP3966000006,,,JP
6088,SIGMAXYZ HOLDINGS INC,,TOKYO STOCK EXCHANGE,JPY,JP
6088,SIGMAXYZ HOLDINGS INC.,JP3348950001,,,JP
6089,WILL GROUP INC,,TOKYO STOCK EXCHANGE,JPY,JP
6089,"WILL GROUP,INC.",JP3154160000,,,JP
6098,RECRUIT HOLDINGS LTD,,TOKYO STOCK EXCHANGE,JPY,JP
6098,"RECRUIT HOLDINGS CO.,LTD.",JP3970300004,,,JP
6099,ELAN CORP,,TOKYO STOCK EXCHANGE,JPY,JP
6099,ELAN CORPORATION,JP3167680002,,,JP
6101,TSUGAMI CORP,,TOKYO STOCK EXCHANGE,JPY,JP
6101,TSUGAMI CORPORATION,JP3531800005,,,JP
6103,OKUMA CORP,,TOKYO STOCK EXCHANGE,JPY,JP
6103,OKUMA CORPORATION,JP3172100004,,,JP
6104,SHIBAURA MACHINE LTD,,TOKYO STOCK EXCHANGE,JPY,JP
6104,"SHIBAURA MACHINE CO.,LTD.",JP3592600005,,,JP
6113,AMADA LTD,,TOKYO STOCK EXCHANGE,JPY,JP
6113,"AMADA CO.,LTD.",JP3122800000,,,JP
6118,AIDA ENGINEERING LTD,,TOKYO STOCK EXCHANGE,JPY,JP
6118,"AIDA ENGINEERING,LTD.",JP3102400003,,,JP
6134,FUJI CORP,,TOKYO STOCK EXCHANGE,JPY,JP
6134,FUJI CORPORATION,JP3809200003,,,JP
6135,MAKINO MILLING MACHINE LTD,,TOKYO STOCK EXCHANGE,JPY,JP
6135,"MAKINO MILLING MACHINE CO.,LTD.",JP3862800004,,,JP
6136,OSG CORP,,TOKYO STOCK EXCHANGE,JPY,JP
6136,OSG CORPORATION,JP3170800001,,,JP
6140,ASAHI DIAMOND INDUSTRIAL LTD,,TOKYO STOCK EXCHANGE,JPY,JP
6140,"ASAHI DIAMOND INDUSTRIAL CO.,LTD.",JP3114400009,,,JP
6141,DMG MORI,,TOKYO STOCK EXCHANGE,JPY,JP
6141,"DMG MORI CO.,LTD.",JP3924800000,,,JP
6143,SODICK LTD,,TOKYO STOCK EXCHANGE,JPY,JP
6143,"SODICK CO.,LTD.",JP3434200006,,,JP
6146,DISCO CORP,,TOKYO STOCK EXCHANGE,JPY,JP
6146,DISCO CORPORATION,JP3548600000,,,JP
6151,NITTO KOHKI LTD,,TOKYO STOCK EXCHANGE,JPY,JP
6151,"NITTO KOHKI CO.,LTD.",JP3682300003,,,JP
6157,NS TOOL LTD,,TOKYO STOCK EXCHANGE,JPY,JP
6157,"NS TOOL CO.,LTD.",JP3675320000,,,JP
6167,FUJI DIE LTD,,TOKYO STOCK EXCHANGE,JPY,JP
6167,"FUJI DIE CO.,LTD.",JP3817400009,,,JP
6178,JAPAN POST HOLDINGS LTD,,TOKYO STOCK EXCHANGE,JPY,JP
6178,"JAPAN POST HOLDINGS CO.,LTD.",JP3752900005,,,JP
6183,BELLSYSTEM24 HOLDINGS,,TOKYO STOCK EXCHANGE,JPY,JP
6183,"BELLSYSTEM24 HOLDINGS,INC.",JP3835760004,,,JP
6184,KAMAKURA SHINSHO LTD,,TOKYO STOCK EXCHANGE,JPY,JP
6184,"KAMAKURA SHINSHO,LTD.",JP3218950008,,,JP
6191,AIRTRIP CORP,,TOKYO STOCK EXCHANGE,JPY,JP
6191,AIRTRIP CORP.,JP3167240005,,,JP
6194,ATRAE INC,,TOKYO STOCK EXCHANGE,JPY,JP
6194,"ATRAE,INC.",JP3121890002,,,JP
6196,STRIKE GROUP LTD,,TOKYO STOCK EXCHANGE,JPY,JP
6196,"STRIKE GROUP CO.,LTD.",JP3399780000,,,JP
6199,SERAKU LTD,,TOKYO STOCK EXCHANGE,JPY,JP
6199,"SERAKU CO.,LTD.",JP3423510001,,,JP
6200,INSOURCE LTD,,TOKYO STOCK EXCHANGE,JPY,JP
6200,"INSOURCE CO.,LTD.",JP3152670000,,,JP
6209,NPR-RIKEN CORP,,TOKYO STOCK EXCHANGE,JPY,JP
6209,NPR-RIKEN CORPORATION,JP3970700005,,,JP
6222,SHIMA SEIKI MFG LTD,,TOKYO STOCK EXCHANGE,JPY,JP
6222,"SHIMA SEIKI MFG.,LTD.",JP3356500003,,,JP
6227,AIMECHATEC LTD,JP3105350007,TSE,JPY,JP
6235,OPTORUN LTD,,TOKYO STOCK EXCHANGE,JPY,JP
6235,"OPTORUN CO.,LTD.",JP3197760006,,,JP
6237,IWAKI LTD,,TOKYO STOCK EXCHANGE,JPY,JP
6237,"IWAKI CO.,LTD.",JP3150100000,,,JP
6238,FURYU CORP,,TOKYO STOCK EXCHANGE,JPY,JP
6238,FURYU CORPORATION,JP3826770004,,,JP
6240,YAMASHIN-FILTER CORP,,TOKYO STOCK EXCHANGE,JPY,JP
6240,YAMASHIN-FILTER CORP.,JP3936600000,,,JP
6247,HISAKA WORKS LTD,,TOKYO STOCK EXCHANGE,JPY,JP
6247,"HISAKA WORKS,LTD.",JP3784200002,,,JP
6250,YAMABIKO CORP,,TOKYO STOCK EXCHANGE,JPY,JP
6250,YAMABIKO CORPORATION,JP3943000004,,,JP
6254,NOMURA MICRO SCIENCE LTD,,TOKYO STOCK EXCHANGE,JPY,JP
6254,"NOMURA MICRO SCIENCE CO.,LTD.",JP3762950008,,,JP
6258,HIRATA CORP,,TOKYO STOCK EXCHANGE,JPY,JP
6258,HIRATA CORPORATION,JP3795300007,,,JP
6262,PEGASUS LTD,,TOKYO STOCK EXCHANGE,JPY,JP
6262,"PEGASUS CO.,LTD.",JP3836300008,,,JP
6264,MARUMAE LTD,,TOKYO STOCK EXCHANGE,JPY,JP
6264,"MARUMAE CO.,LTD.",JP3878150006,,,JP
6266,TAZMO LTD,,TOKYO STOCK EXCHANGE,JPY,JP
6266,"TAZMO CO.,LTD.",JP3468000009,,,JP
6268,NABTESCO,,TOKYO STOCK EXCHANGE,JPY,JP
6268,NABTESCO CORPORATION,JP3651210001,,,JP
6269,MODEC INC,,TOKYO STOCK EXCHANGE,JPY,JP
6269,"MODEC,INC.",JP3888250002,,,JP
6272,RHEON AUTOMATIC MACHINERY LTD,,TOKYO STOCK EXCHANGE,JPY,JP
6272,"RHEON AUTOMATIC MACHINERY CO.,LTD.",JP3979400003,,,JP
6273,SMC (JAPAN) CORP,,TOKYO STOCK EXCHANGE,JPY,JP
6273,SMC CORPORATION,JP3162600005,,,JP
6277,HOSOKAWA MICRON CORP,,TOKYO STOCK EXCHANGE,JPY,JP
6277,HOSOKAWA MICRON CORPORATION,JP3846000002,,,JP
6278,UNION TOOL,,TOKYO STOCK EXCHANGE,JPY,JP
6278,UNION TOOL CO.,JP3950600001,,,JP
6279,ZUIKO,,TOKYO STOCK EXCHANGE,JPY,JP
6279,ZUIKO CORPORATION,JP3411900008,,,JP
6282,OILES CORP,,TOKYO STOCK EXCHANGE,JPY,JP
6282,OILES CORPORATION,JP3174200000,,,JP
6284,NISSEI ASB MACHINE LTD,,TOKYO STOCK EXCHANGE,JPY,JP
6284,"NISSEI ASB MACHINE CO.,LTD.",JP3678200001,,,JP
6287,SATO,,TOKYO STOCK EXCHANGE,JPY,JP
6287,SATO CORPORATION,JP3321400008,,,JP
6289,GIKEN SEISAKUSHO LTD,,TOKYO STOCK EXCHANGE,JPY,JP
6289,GIKEN LTD.,JP3264200001,,,JP
6291,AIRTECH JAPAN LTD,,TOKYO STOCK EXCHANGE,JPY,JP
6291,"AIRTECH JAPAN,LTD.",JP3688100001,,,JP
6298,YACHOLDINGS LTD,,TOKYO STOCK EXCHANGE,JPY,JP
6298,"Y.A.C.HOLDINGS CO.,LTD.",JP3990600003,,,JP
6301,KOMATSU,,TOKYO STOCK EXCHANGE,JPY,JP
6301,KOMATSU LTD.,JP3304200003,,,JP
6302,SUMITOMO HEAVY INDUSTRIES LTD,,TOKYO STOCK EXCHANGE,JPY,JP
6302,"SUMITOMO HEAVY INDUSTRIES,LTD.",JP3405400007,,,JP
6305,HITACHI CONSTRUCTION MACHINERY LTD,,TOKYO STOCK EXCHANGE,JPY,JP
6305,"HITACHI CONSTRUCTION MACHINERY CO.,LTD.",JP3787000003,,,JP
6306,NIKKO LTD,,TOKYO STOCK EXCHANGE,JPY,JP
6306,"NIKKO CO.,LTD.",JP3669200002,,,JP
6309,TOMOE ENGINEERING LTD,,TOKYO STOCK EXCHANGE,JPY,JP
6309,"TOMOE ENGINEERING CO.,LTD. (TOMOE KOGYO",JP3631600008,,,JP
6310,ISEKI LTD,,TOKYO STOCK EXCHANGE,JPY,JP
6310,"ISEKI & CO.,LTD.",JP3139600005,,,JP
6315,TOWA,,TOKYO STOCK EXCHANGE,JPY,JP
6315,TOWA CORPORATION,JP3555700008,,,JP
6317,KITAGAWA IRON WORKS CORP,,TOKYO STOCK EXCHANGE,JPY,JP
6317,KITAGAWA CORPORATION,JP3237200005,,,JP
6323,RORZE,,TOKYO STOCK EXCHANGE,JPY,JP
6323,RORZE CORPORATION,JP3982200002,,,JP
6324,HARMONIC DRIVE SYSTEMS,,TOKYO STOCK EXCHANGE,JPY,JP
6324,HARMONIC DRIVE SYSTEMS INC.,JP3765150002,,,JP
6326,KUBOTA,,TOKYO STOCK EXCHANGE,JPY,JP
6326,KUBOTA CORPORATION,JP3266400005,,,JP
6328,EBARA JITSUGYO LTD,,TOKYO STOCK EXCHANGE,JPY,JP
6328,"EBARA JITSUGYO CO.,LTD.",JP3165950001,,,JP
6330,TOYO ENGINEERING,,TOKYO STOCK EXCHANGE,JPY,JP
6330,TOYO ENGINEERING CORPORATION,JP3607800004,,,JP
6331,MITSUBISHI KAKOK,,TOKYO STOCK EXCHANGE,JPY,JP
6331,"MITSUBISHI KAKOKI KAISHA,LTD.",JP3896000001,,,JP
6332,TSUKISHIMA HOLDINGS LTD,,TOKYO STOCK EXCHANGE,JPY,JP
6332,"TSUKISHIMA HOLDINGS CO.,LTD.",JP3532200007,,,JP
6333,TEIKOKU CORP,,TOKYO STOCK EXCHANGE,JPY,JP
6333,TEIKOKU CORPORATION,JP3541800003,,,JP
6339,SINTOKOGIO LTD,,TOKYO STOCK EXCHANGE,JPY,JP
6339,"SINTOKOGIO,LTD.",JP3378200004,,,JP
6340,SHIBUYA KOGYO CORP,,TOKYO STOCK EXCHANGE,JPY,JP
6340,SHIBUYA CORPORATION,JP3356000004,,,JP
6345,AICHI,,TOKYO STOCK EXCHANGE,JPY,JP
6345,AICHI CORPORATION,JP3103200006,,,JP
6349,KOMORI CORP,,TOKYO STOCK EXCHANGE,JPY,JP
6349,KOMORI CORPORATION,JP3305800009,,,JP
6351,TSURUMI MANUFACTURING LTD,,TOKYO STOCK EXCHANGE,JPY,JP
6351,"TSURUMI MANUFACTURING CO.,LTD.",JP3536200003,,,JP
6358,SAKAI HEAVY INDUSTRIES LTD,,TOKYO STOCK EXCHANGE,JPY,JP
6358,"SAKAI HEAVY INDUSTRIES,LTD.",JP3313200002,,,JP
6361,EBARA,,TOKYO STOCK EXCHANGE,JPY,JP
6361,EBARA CORPORATION,JP3166000004,,,JP
6363,TORISHIMA PUMP MFG LTD,,TOKYO STOCK EXCHANGE,JPY,JP
6363,"TORISHIMA PUMP MFG.CO.,LTD.",JP3636600003,,,JP
6364,AIRMAN CORP,,TOKYO STOCK EXCHANGE,JPY,JP
6364,AIRMAN CORPORATION,JP3841400009,,,JP
6366,CHIYODA CORP ORD,JP3528600004,TSE,JPY,JP
6367,DAIKIN INDUSTRIES LTD,,TOKYO STOCK EXCHANGE,JPY,JP
6367,"DAIKIN INDUSTRIES,LTD.",JP3481800005,,,JP
6368,ORGANO CORP,,TOKYO STOCK EXCHANGE,JPY,JP
6368,ORGANO CORPORATION,JP3201600008,,,JP
6369,TOYO KANETSU,,TOKYO STOCK EXCHANGE,JPY,JP
6369,TOYO KANETSU K.K.,JP3554400006,,,JP
6370,KURITA WATER INDUSTRIES,,TOKYO STOCK EXCHANGE,JPY,JP
6370,KURITA WATER INDUSTRIES LTD.,JP3270000007,,,JP
6371,TSUBAKIMOTO CHAIN,,TOKYO STOCK EXCHANGE,JPY,JP
6371,TSUBAKIMOTO CHAIN CO.,JP3535400000,,,JP
6376,NIKKISO LTD,,TOKYO STOCK EXCHANGE,JPY,JP
6376,"NIKKISO CO.,LTD.",JP3668000007,,,JP
6378,KIMURA CHEMICAL PLANTS LTD,,TOKYO STOCK EXCHANGE,JPY,JP
6378,"KIMURA CHEMICAL PLANTS CO.,LTD.",JP3242000002,,,JP
6379,RAIZNEXT CORP,,TOKYO STOCK EXCHANGE,JPY,JP
6379,RAIZNEXT CORPORATION,JP3331600001,,,JP
6381,ANEST IWATA CORP,,TOKYO STOCK EXCHANGE,JPY,JP
6381,ANEST IWATA CORPORATION,JP3122450004,,,JP
6383,DAIFUKU,,TOKYO STOCK EXCHANGE,JPY,JP
6383,"DAIFUKU CO.,LTD.",JP3497400006,,,JP
6387,SAMCO INC,,TOKYO STOCK EXCHANGE,JPY,JP
6387,SAMCO INC.,JP3322950001,,,JP
6395,TADANO,,TOKYO STOCK EXCHANGE,JPY,JP
6395,TADANO LTD.,JP3465000002,,,JP
6407,CKD CORP,,TOKYO STOCK EXCHANGE,JPY,JP
6407,CKD CORPORATION,JP3346800000,,,JP
6412,HEIWA CORP,,TOKYO STOCK EXCHANGE,JPY,JP
6412,HEIWA CORPORATION,JP3834200002,,,JP
6413,RISO KAGAKU CORP,,TOKYO STOCK EXCHANGE,JPY,JP
6413,RISO KAGAKU CORPORATION,JP3974400008,,,JP
6417,SANKYO LTD,,TOKYO STOCK EXCHANGE,JPY,JP
6417,"SANKYO CO.,LTD.",JP3326410002,,,JP
6419,MARS GROUP HOLDINGS CORP,,TOKYO STOCK EXCHANGE,JPY,JP
6419,MARS GROUP HOLDINGS CORPORATION,JP3860220007,,,JP
6420,GALILEI HOLDINGS,,TOKYO STOCK EXCHANGE,JPY,JP
6420,GALILEI HOLDINGS CO.LTD.,JP3805150004,,,JP
6430,DAIKOKU DENKI LTD,,TOKYO STOCK EXCHANGE,JPY,JP
6430,"DAIKOKU DENKI CO.,LTD.",JP3483100008,,,JP
6432,TAKEUCHI MFG,,TOKYO STOCK EXCHANGE,JPY,JP
6432,"TAKEUCHI MFG.CO.,LTD.",JP3462660006,,,JP
6436,AMANO CORP,,TOKYO STOCK EXCHANGE,JPY,JP
6436,AMANO CORPORATION,JP3124400007,,,JP
6440,JUKI CORP,,TOKYO STOCK EXCHANGE,JPY,JP
6440,JUKI CORPORATION,JP3390400004,,,JP
6445,JANOME CORP,,TOKYO STOCK EXCHANGE,JPY,JP
6445,JANOME CORPORATION,JP3389400007,,,JP
6448,BROTHER INDUSTRIES,,TOKYO STOCK EXCHANGE,JPY,JP
6448,"BROTHER INDUSTRIES,LTD.",JP3830000000,,,JP
6454,MAX LTD,,TOKYO STOCK EXCHANGE,JPY,JP
6454,"MAX CO.,LTD.",JP3864800002,,,JP
6455,MORITA HOLDINGS CORP,,TOKYO STOCK EXCHANGE,JPY,JP
6455,MORITA HOLDINGS CORPORATION,JP3925600003,,,JP
6457,GLORY LTD,,TOKYO STOCK EXCHANGE,JPY,JP
6457,GLORY LTD.,JP3274400005,,,JP
6458,SINKO KOGYO,,TOKYO STOCK EXCHANGE,JPY,JP
6458,SINKO INDUSTRIES LTD.,JP3372800007,,,JP
6459,DAIWA,,TOKYO STOCK EXCHANGE,JPY,JP
6459,DAIWA LTD.,JP3505800007,,,JP
6460,SEGA SAMMY HOLDINGS,,TOKYO STOCK EXCHANGE,JPY,JP
6460,SEGA SAMMY HOLDINGS INC.,JP3419050004,,,JP
6463,TPR LTD,,TOKYO STOCK EXCHANGE,JPY,JP
6463,"TPR CO.,LTD.",JP3542400001,,,JP
6464,TSUBAKI NAKASHIMA LTD,,TOKYO STOCK EXCHANGE,JPY,JP
6464,"TSUBAKI NAKASHIMA CO.,LTD.",JP3534410000,,,JP
6465,HOSHIZAKI,,TOKYO STOCK EXCHANGE,JPY,JP
6465,HOSHIZAKI CORPORATION,JP3845770001,,,JP
6470,TAIHO KOGYO LTD,,TOKYO STOCK EXCHANGE,JPY,JP
6470,"TAIHO KOGYO CO.,LTD.",JP3449080005,,,JP
6471,NSK,,TOKYO STOCK EXCHANGE,JPY,JP
6471,NSK LTD.,JP3720800006,,,JP
6472,NTN,,TOKYO STOCK EXCHANGE,JPY,JP
6472,NTN CORPORATION,JP3165600002,,,JP
6473,JTEKT,,TOKYO STOCK EXCHANGE,JPY,JP
6473,JTEKT CORPORATION,JP3292200007,,,JP
6474,NACHI-FUJIKOSHI CORP,,TOKYO STOCK EXCHANGE,JPY,JP
6474,NACHI-FUJIKOSHI CORP.,JP3813200007,,,JP
6479,MINEBEA MITSUMI INC,,TOKYO STOCK EXCHANGE,JPY,JP
6479,MINEBEA MITSUMI INC.,JP3906000009,,,JP
6480,NIPPON THOMPSON LTD,,TOKYO STOCK EXCHANGE,JPY,JP
6480,"NIPPON THOMPSON CO.,LTD.",JP3739400004,,,JP
6481,THK LTD,,TOKYO STOCK EXCHANGE,JPY,JP
6481,"THK CO.,LTD.",JP3539250005,,,JP
6482,YUSHIN,,TOKYO STOCK EXCHANGE,JPY,JP
6482,YUSHIN COMPANY,JP3944500002,,,JP
6485,MAEZAWA KYUSO INDUSTRIES LTD,,TOKYO STOCK EXCHANGE,JPY,JP
6485,"MAEZAWA KYUSO INDUSTRIES CO.,LTD.",JP3860300007,,,JP
6486,EAGLE INDUSTRY LTD,,TOKYO STOCK EXCHANGE,JPY,JP
6486,"EAGLE INDUSTRY CO.,LTD.",JP3130400009,,,JP
6490,PILLAR CORP,,TOKYO STOCK EXCHANGE,JPY,JP
6490,PILLAR CORPORATION,JP3747800005,,,JP
6498,KITZ CORP,,TOKYO STOCK EXCHANGE,JPY,JP
6498,KITZ CORPORATION,JP3240700009,,,JP
6501,HITACHI,,TOKYO STOCK EXCHANGE,JPY,JP
6501,"HITACHI,LTD.",JP3788600009,,,JP
6503,MITSUBISHI ELECTRIC,,TOKYO STOCK EXCHANGE,JPY,JP
6503,MITSUBISHI ELECTRIC CORPORATION,JP3902400005,,,JP
6504,FUJI ELECTRIC,,TOKYO STOCK EXCHANGE,JPY,JP
6504,"FUJI ELECTRIC CO.,LTD.",JP3820000002,,,JP
6506,YASKAWA ELECTRIC,,TOKYO STOCK EXCHANGE,JPY,JP
6506,YASKAWA ELECTRIC CORPORATION,JP3932000007,,,JP
6507,SINFONIA TECHNOLOGY LTD,,TOKYO STOCK EXCHANGE,JPY,JP
6507,"SINFONIA TECHNOLOGY CO.,LTD.",JP3375400003,,,JP
6508,MEIDENSHA CORP,,TOKYO STOCK EXCHANGE,JPY,JP
6508,MEIDENSHA CORPORATION,JP3919800007,,,JP
6516,SANYO DENKI LTD,,TOKYO STOCK EXCHANGE,JPY,JP
6516,"SANYO DENKI CO.,LTD.",JP3340800006,,,JP
6517,DENYO LTD,,TOKYO STOCK EXCHANGE,JPY,JP
6517,"DENYO CO.,LTD.",JP3551600004,,,JP
6523,PHC HOLDINGS,,TOKYO STOCK EXCHANGE,JPY,JP
6523,PHC HOLDINGS CORPORATION,JP3801300009,,,JP
6525,KOKUSAI ELECTRIC,,TOKYO STOCK EXCHANGE,JPY,JP
6525,KOKUSAI ELECTRIC CORPORATION,JP3293330001,,,JP
6526,SOCIONEXT,,TOKYO STOCK EXCHANGE,JPY,JP
6526,SOCIONEXT INC.,JP3433500000,,,JP
6532,BAYCURRENT INC,,TOKYO STOCK EXCHANGE,JPY,JP
6532,"BAYCURRENT,INC.",JP3835250006,,,JP
6533,ORCHESTRA HOLDINGS INC,,TOKYO STOCK EXCHANGE,JPY,JP
6533,ORCHESTRA HOLDINGS INC.,JP3549040008,,,JP
6535,I-MOBILE LTD,,TOKYO STOCK EXCHANGE,JPY,JP
6535,"I-MOBILE CO.,LTD.",JP3105210003,,,JP
6539,MATCHING SERVICE JAPAN LTD,,TOKYO STOCK EXCHANGE,JPY,JP
6539,"MATCHING SERVICE JAPAN CO.,LTD.",JP3167330004,,,JP
6544,JAPAN ELEVATOR SERVICE HOLDINGS LT,,TOKYO STOCK EXCHANGE,JPY,JP
6544,"JAPAN ELEVATOR SERVICE HOLDINGS CO.,LTD.",JP3389510003,,,JP
6560,LTS INC,,TOKYO STOCK EXCHANGE,JPY,JP
6560,"LTS,INC.",JP3167710007,,,JP
6564,MIDAC HOLDINGS LTD,,TOKYO STOCK EXCHANGE,JPY,JP
6564,"MIDAC HOLDINGS CO.,LTD.",JP3887800005,,,JP
6571,QB NET HOLDINGS LTD,,TOKYO STOCK EXCHANGE,JPY,JP
6571,"QB NET HOLDINGS CO.,LTD.",JP3244750000,,,JP
6572,OPEN GROUP,,TOKYO STOCK EXCHANGE,JPY,JP
6572,"OPEN GROUP,INC.",JP3100550007,,,JP
6584,SANOH INDUSTRIAL,,TOKYO STOCK EXCHANGE,JPY,JP
6584,"SANOH INDUSTRIAL CO.,LTD.",JP3325200008,,,JP
6586,MAKITA,,TOKYO STOCK EXCHANGE,JPY,JP
6586,MAKITA CORPORATION,JP3862400003,,,JP
6588,TOSHIBA TEC CORP,,TOKYO STOCK EXCHANGE,JPY,JP
6588,TOSHIBA TEC CORPORATION,JP3594000006,,,JP
6590,SHIBAURA MECHATRONICS CORP,,TOKYO STOCK EXCHANGE,JPY,JP
6590,SHIBAURA MECHATRONICS CORPORATION,JP3355000005,,,JP
6592,MABUCHI MOTOR,,TOKYO STOCK EXCHANGE,JPY,JP
6592,"MABUCHI MOTOR CO.,LTD.",JP3870000001,,,JP
6594,NIDEC,,TOKYO STOCK EXCHANGE,JPY,JP
6594,NIDEC CORPORATION,JP3734800000,,,JP
6615,UMC ELECTRONICS LTD,,TOKYO STOCK EXCHANGE,JPY,JP
6615,"UMC ELECTRONICS CO.,LTD.",JP3944330004,,,JP
6616,TOREX SEMICONDUCTOR LTD,,TOKYO STOCK EXCHANGE,JPY,JP
6616,TOREX SEMICONDUCTOR LTD.,JP3637280003,,,JP
6617,TAKAOKA TOKO LTD,,TOKYO STOCK EXCHANGE,JPY,JP
6617,"TAKAOKA TOKO CO.,LTD.",JP3591600006,,,JP
6619,W-SCOPE CORP,,TOKYO STOCK EXCHANGE,JPY,JP
6619,W-SCOPE CORPORATION,JP3505970008,,,JP
6620,MIYAKOSHI HOLDINGS INC,,TOKYO STOCK EXCHANGE,JPY,JP
6620,"MIYAKOSHI HOLDINGS,INC.",JP3907850006,,,JP
6622,DAIHEN,,TOKYO STOCK EXCHANGE,JPY,JP
6622,DAIHEN CORPORATION,JP3497800007,,,JP
6627,TERA PROBE INC,JP3546550009,TSE,JPY,JP
6630,YA-MAN LTD,,TOKYO STOCK EXCHANGE,JPY,JP
6630,YA-MAN LTD.,JP3930050004,,,JP
6632,JVCKENWOOD CORP,,TOKYO STOCK EXCHANGE,JPY,JP
6632,JVCKENWOOD CORPORATION,JP3386410009,,,JP
6638,MIMAKI ENGINEERING LTD,,TOKYO STOCK EXCHANGE,JPY,JP
6638,"MIMAKI ENGINEERING CO.,LTD.",JP3907150001,,,JP
6644,OSAKI ELECTRIC LTD,,TOKYO STOCK EXCHANGE,JPY,JP
6644,"OSAKI ELECTRIC CO.,LTD.",JP3187600006,,,JP
6645,OMRON,,TOKYO STOCK EXCHANGE,JPY,JP
6645,OMRON CORPORATION,JP3197800000,,,JP
6651,NITTO KOGYO CORP,,TOKYO STOCK EXCHANGE,JPY,JP
6651,NITTO KOGYO CORPORATION,JP3682400001,,,JP
6652,IDEC CORP,,TOKYO STOCK EXCHANGE,JPY,JP
6652,IDEC CORPORATION,JP3138800002,,,JP
6674,GS YUASA,,TOKYO STOCK EXCHANGE,JPY,JP
6674,GS YUASA CORPORATION,JP3385820000,,,JP
6676,BUFFALO INC,,TOKYO STOCK EXCHANGE,JPY,JP
6676,BUFFALO INC.,JP3921080002,,,JP
6678,TECHNO MEDICA LTD,,TOKYO STOCK EXCHANGE,JPY,JP
6678,"TECHNO MEDICA CO.,LTD.",JP3545110003,,,JP
6699,DIAMOND ELECTRIC HOLDINGS,,TOKYO STOCK EXCHANGE,JPY,JP
6699,"DIAMOND ELECTRIC HOLDINGS CO.,LTD.",JP3499480006,,,JP
6701,NEC,,TOKYO STOCK EXCHANGE,JPY,JP
6701,NEC CORPORATION,JP3733000008,,,JP
6702,FUJITSU,,TOKYO STOCK EXCHANGE,JPY,JP
6702,FUJITSU LIMITED,JP3818000006,,,JP
6703,OKI ELECTRIC INDUSTRY LTD,,TOKYO STOCK EXCHANGE,JPY,JP
6703,"OKI ELECTRIC INDUSTRY COMPANY,LIMITED",JP3194000000,,,JP
6706,DKK LTD,,TOKYO STOCK EXCHANGE,JPY,JP
6706,"DKK CO.,LTD.",JP3550000008,,,JP
6707,SANKEN ELECTRIC,,TOKYO STOCK EXCHANGE,JPY,JP
6707,"SANKEN ELECTRIC CO.,LTD.",JP3329600005,,,JP
6718,AIPHONE LTD,,TOKYO STOCK EXCHANGE,JPY,JP
6718,"AIPHONE CO.,LTD.",JP3105050003,,,JP
6723,RENESAS ELECTRONICS CORP,,TOKYO STOCK EXCHANGE,JPY,JP
6723,RENESAS ELECTRONICS CORPORATION,JP3164720009,,,JP
6724,SEIKO EPSON,,TOKYO STOCK EXCHANGE,JPY,JP
6724,SEIKO EPSON CORPORATION,JP3414750004,,,JP
6727,WACOM LTD,,TOKYO STOCK EXCHANGE,JPY,JP
6727,"WACOM CO.,LTD.",JP3993400005,,,JP
6728,ULVAC,,TOKYO STOCK EXCHANGE,JPY,JP
6728,"ULVAC, INC.",JP3126190002,,,JP
6730,AXELL CORP,,TOKYO STOCK EXCHANGE,JPY,JP
6730,AXELL CORPORATION,JP3108080007,,,JP
6736,SUN CORP,JP3336450006,TSE,JPY,JP
6737,EIZO CORP,,TOKYO STOCK EXCHANGE,JPY,JP
6737,EIZO CORPORATION,JP3651080008,,,JP
6740,JAPAN DISPLAY,,TOKYO STOCK EXCHANGE,JPY,JP
6740,JAPAN DISPLAY INC.,JP3389660006,,,JP
6741,NIPPON SIGNAL LTD,,TOKYO STOCK EXCHANGE,JPY,JP
6741,"NIPPON SIGNAL COMPANY,LIMITED",JP3716000009,,,JP
6742,KYOSAN ELECTRIC MANUFACTURING LTD,,TOKYO STOCK EXCHANGE,JPY,JP
6742,"KYOSAN ELECTRIC MANUFACTURING CO.,LTD.",JP3248800009,,,JP
6744,NOHMI BOSAI LTD,,TOKYO STOCK EXCHANGE,JPY,JP
6744,NOHMI BOSAI LTD.,JP3759800000,,,JP
6745,HOCHIKI,,TOKYO STOCK EXCHANGE,JPY,JP
6745,HOCHIKI CORPORATION,JP3837400005,,,JP
6750,ELECOM,,TOKYO STOCK EXCHANGE,JPY,JP
6750,"ELECOM CO.,LTD.",JP3168200008,,,JP
6752,PANASONIC HOLDINGS,,TOKYO STOCK EXCHANGE,JPY,JP
6752,PANASONIC HOLDINGS CORPORATION,JP3866800000,,,JP
6753,SHARP CORP,,TOKYO STOCK EXCHANGE,JPY,JP
6753,SHARP CORPORATION,JP3359600008,,,JP
6754,ANRITSU CORP,,TOKYO STOCK EXCHANGE,JPY,JP
6754,ANRITSU CORPORATION,JP3128800004,,,JP
6758,SONY GROUP,,TOKYO STOCK EXCHANGE,JPY,JP
6758,SONY GROUP CORPORATION,JP3435000009,,,JP
6762,TDK,,TOKYO STOCK EXCHANGE,JPY,JP
6762,TDK CORPORATION,JP3538800008,,,JP
6763,TEIKOKU TSUSHIN KOGYO LTD,,TOKYO STOCK EXCHANGE,JPY,JP
6763,"TEIKOKU TSUSHIN KOGYO CO.,LTD.",JP3541600007,,,JP
6768,TAMURA CORP,,TOKYO STOCK EXCHANGE,JPY,JP
6768,TAMURA CORPORATION,JP3471000004,,,JP
6770,ALPS ALPINE,,TOKYO STOCK EXCHANGE,JPY,JP
6770,"ALPS ALPINE CO.,LTD.",JP3126400005,,,JP
6777,SANTEC HLDGS CORP,JP3335410001,TSE,JPY,JP
6779,NIHON DEMPA KOGYO LTD,,TOKYO STOCK EXCHANGE,JPY,JP
6779,"NIHON DEMPA KOGYO CO.,LTD.",JP3737800007,,,JP
6785,SUZUKI LTD,,TOKYO STOCK EXCHANGE,JPY,JP
6785,"SUZUKI CO.,LTD.",JP3397210000,,,JP
6787,MEIKO ELECTRONICS,,TOKYO STOCK EXCHANGE,JPY,JP
6787,"MEIKO ELECTRONICS CO.,LTD.",JP3915350007,,,JP
6788,NIHON TRIM LTD,,TOKYO STOCK EXCHANGE,JPY,JP
6788,"NIHON TRIM CO.,LTD.",JP3739700007,,,JP
6794,FOSTER ELECTRIC LTD,,TOKYO STOCK EXCHANGE,JPY,JP
6794,"FOSTER ELECTRIC COMPANY,LIMITED",JP3802800007,,,JP
6798,SMK CORP,,TOKYO STOCK EXCHANGE,JPY,JP
6798,SMK CORPORATION,JP3162400000,,,JP
6800,YOKOWO LTD,,TOKYO STOCK EXCHANGE,JPY,JP
6800,"YOKOWO CO.,LTD.",JP3954200006,,,JP
6804,HOSIDEN CORP,,TOKYO STOCK EXCHANGE,JPY,JP
6804,HOSIDEN CORPORATION,JP3845800006,,,JP
6806,HIROSE ELECTRIC LTD,,TOKYO STOCK EXCHANGE,JPY,JP
6806,"HIROSE ELECTRIC CO.,LTD.",JP3799000009,,,JP
6807,JAPAN AVIATION ELECTRONICS INDUSTR,,TOKYO STOCK EXCHANGE,JPY,JP
6807,"JAPAN AVIATION ELECTRONICS INDUSTRY,LIMI",JP3705600009,,,JP
6809,TOA (OSAKA) CORP,,TOKYO STOCK EXCHANGE,JPY,JP
6809,TOA CORPORATION,JP3538600002,,,JP
6810,MAXELL LTD,,TOKYO STOCK EXCHANGE,JPY,JP
6810,"MAXELL,LTD.",JP3791800000,,,JP
6814,FURUNO ELECTRIC LTD,,TOKYO STOCK EXCHANGE,JPY,JP
6814,"FURUNO ELECTRIC CO.,LTD.",JP3828400006,,,JP
6817,SUMIDA CORP,,TOKYO STOCK EXCHANGE,JPY,JP
6817,SUMIDA CORPORATION,JP3400800003,,,JP
6820,ICOM INC,,TOKYO STOCK EXCHANGE,JPY,JP
6820,ICOM INCORPORATED,JP3101400004,,,JP
6823,RION LTD,,TOKYO STOCK EXCHANGE,JPY,JP
6823,"RION CO.,LTD.",JP3969700008,,,JP
6834,SEIKOH GIKEN CO LTD,JP3414870000,TSE,JPY,JP
6841,YOKOGAWA ELECTRIC,,TOKYO STOCK EXCHANGE,JPY,JP
6841,YOKOGAWA ELECTRIC CORPORATION,JP3955000009,,,JP
6844,SHINDENGEN ELECTRIC MANUFACTURING,,TOKYO STOCK EXCHANGE,JPY,JP
6844,"SHINDENGEN ELECTRIC MANUFACTURING CO.,LT",JP3377800002,,,JP
6845,AZBIL CORP,,TOKYO STOCK EXCHANGE,JPY,JP
6845,AZBIL CORPORATION,JP3937200008,,,JP
6849,NIHON KOHDEN,,TOKYO STOCK EXCHANGE,JPY,JP
6849,NIHON KOHDEN CORPORATION,JP3706800004,,,JP
6850,CHINO,,TOKYO STOCK EXCHANGE,JPY,JP
6850,CHINO CORPORATION,JP3511000006,,,JP
6855,JAPAN ELECTRONIC MATERIALS CORP,,TOKYO STOCK EXCHANGE,JPY,JP
6855,JAPAN ELECTRONIC MATERIALS CORPORATION,JP3735300000,,,JP
6856,HORIBA,,TOKYO STOCK EXCHANGE,JPY,JP
6856,"HORIBA,LTD.",JP3853000002,,,JP
6857,ADVANTEST,,TOKYO STOCK EXCHANGE,JPY,JP
6857,ADVANTEST CORPORATION,JP3122400009,,,JP
6859,ESPEC CORP,,TOKYO STOCK EXCHANGE,JPY,JP
6859,ESPEC CORP.,JP3469800001,,,JP
6861,KEYENCE,,TOKYO STOCK EXCHANGE,JPY,JP
6861,KEYENCE CORPORATION,JP3236200006,,,JP
6866,HIOKI EE CORP,,TOKYO STOCK EXCHANGE,JPY,JP
6866,HIOKI E.E. CORPORATION,JP3783200003,,,JP
6869,SYSMEX,,TOKYO STOCK EXCHANGE,JPY,JP
6869,SYSMEX CORPORATION,JP3351100007,,,JP
6871,MICRONICS JAPAN,,TOKYO STOCK EXCHANGE,JPY,JP
6871,"MICRONICS JAPAN CO.,LTD.",JP3750400008,,,JP
6875,MEGACHIPS,,TOKYO STOCK EXCHANGE,JPY,JP
6875,MEGACHIPS CORPORATION,JP3920860008,,,JP
6877,OBARA GROUP INC,,TOKYO STOCK EXCHANGE,JPY,JP
6877,OBARA GROUP INCORPORATED,JP3197650009,,,JP
6890,FERROTEC CORPORATION,JP3802720007,,,JP
6902,DENSO,,TOKYO STOCK EXCHANGE,JPY,JP
6902,DENSO CORPORATION,JP3551500006,,,JP
6905,COSEL LTD,,TOKYO STOCK EXCHANGE,JPY,JP
6905,"COSEL CO.,LTD.",JP3283700007,,,JP
6908,IRISO ELECTRONICS,,TOKYO STOCK EXCHANGE,JPY,JP
6908,"IRISO ELECTRONICS CO.,LTD.",JP3149800009,,,JP
6914,OPTEX GROUP LTD,,TOKYO STOCK EXCHANGE,JPY,JP
6914,"OPTEX GROUP COMPANY,LIMITED",JP3197700002,,,JP
6915,CHIYODA INTEGRE LTD,,TOKYO STOCK EXCHANGE,JPY,JP
6915,"CHIYODA INTEGRE CO.,LTD.",JP3528450004,,,JP
6920,LASERTEC,,TOKYO STOCK EXCHANGE,JPY,JP
6920,LASERTEC CORPORATION,JP3979200007,,,JP
6923,STANLEY ELECTRIC,,TOKYO STOCK EXCHANGE,JPY,JP
6923,"STANLEY ELECTRIC CO.,LTD.",JP3399400005,,,JP
6925,USHIO INC,,TOKYO STOCK EXCHANGE,JPY,JP
6925,USHIO INC.,JP3156400008,,,JP
6929,NIPPON CERAMIC LTD,,TOKYO STOCK EXCHANGE,JPY,JP
6929,"NIPPON CERAMIC CO.,LTD.",JP3725200004,,,JP
6941,YAMAICHI ELECTRONICS LTD,,TOKYO STOCK EXCHANGE,JPY,JP
6941,"YAMAICHI ELECTRONICS CO.,LTD.",JP3934200001,,,JP
6946,NIPPON AVIONICS CO LTD,JP3686200001,TSE,JPY,JP
6947,ZUKEN INC,,TOKYO STOCK EXCHANGE,JPY,JP
6947,ZUKEN INC.,JP3412000006,,,JP
6951,JEOL,,TOKYO STOCK EXCHANGE,JPY,JP
6951,JEOL LTD.,JP3735000006,,,JP
6952,CASIO COMPUTER LTD,,TOKYO STOCK EXCHANGE,JPY,JP
6952,"CASIO COMPUTER CO.,LTD.",JP3209000003,,,JP
6954,FANUC CORP,,TOKYO STOCK EXCHANGE,JPY,JP
6954,FANUC CORPORATION,JP3802400006,,,JP
6958,CMK CORP,,TOKYO STOCK EXCHANGE,JPY,JP
6958,CMK CORPORATION,JP3712000003,,,JP
6960,FUKUDA DENSHI CO LTD,JP3806000000,TSE,JPY,JP
6961,ENPLAS CORP,,TOKYO STOCK EXCHANGE,JPY,JP
6961,ENPLAS CORPORATION,JP3169800004,,,JP
6962,DAISHINKU CORP,,TOKYO STOCK EXCHANGE,JPY,JP
6962,DAISHINKU CORP.,JP3484400001,,,JP
6963,ROHM,,TOKYO STOCK EXCHANGE,JPY,JP
6963,ROHM COMPANY LIMITED,JP3982800009,,,JP
6965,HAMAMATSU PHOTONICS,,TOKYO STOCK EXCHANGE,JPY,JP
6965,HAMAMATSU PHOTONICS K.K.,JP3771800004,,,JP
6966,MITSUI HIGH TEC INC,,TOKYO STOCK EXCHANGE,JPY,JP
6966,"MITSUI HIGH-TEC,INC.",JP3892400007,,,JP
6971,KYOCERA,,TOKYO STOCK EXCHANGE,JPY,JP
6971,KYOCERA CORPORATION,JP3249600002,,,JP
6976,TAIYO YUDEN LTD,,TOKYO STOCK EXCHANGE,JPY,JP
6976,"TAIYO YUDEN CO.,LTD.",JP3452000007,,,JP
6981,MURATA MANUFACTURING,,TOKYO STOCK EXCHANGE,JPY,JP
6981,"MURATA MANUFACTURING CO.,LTD.",JP3914400001,,,JP
6986,FUTABA CORP,,TOKYO STOCK EXCHANGE,JPY,JP
6986,FUTABA CORPORATION,JP3824400000,,,JP
6988,NITTO DENKO,,TOKYO STOCK EXCHANGE,JPY,JP
6988,NITTO DENKO CORPORATION,JP3684000007,,,JP
6995,TOKAI RIKA,,TOKYO STOCK EXCHANGE,JPY,JP
6995,"TOKAI RIKA CO.,LTD.",JP3566600007,,,JP
6996,NICHICON CORP,,TOKYO STOCK EXCHANGE,JPY,JP
6996,NICHICON CORPORATION,JP3661800007,,,JP
6997,NIPPON CHEMI CON CORP,,TOKYO STOCK EXCHANGE,JPY,JP
6997,NIPPON CHEMI-CON CORPORATION,JP3701200002,,,JP
6999,KOA CORP,,TOKYO STOCK EXCHANGE,JPY,JP
6999,KOA CORPORATION,JP3283400004,,,JP
7003,MITSUI E&S LTD,,TOKYO STOCK EXCHANGE,JPY,JP
7003,"MITSUI E&S CO.,LTD.",JP3891600003,,,JP
7004,KANADEVIA,,TOKYO STOCK EXCHANGE,JPY,JP
7004,KANADEVIA CORPORATION,JP3789000001,,,JP
7011,MITSUBISHI HEAVY INDUSTRIES,,TOKYO STOCK EXCHANGE,JPY,JP
7011,"MITSUBISHI HEAVY INDUSTRIES,LTD.",JP3900000005,,,JP
7012,KAWASAKI HEAVY INDUSTRIES,,TOKYO STOCK EXCHANGE,JPY,JP
7012,"KAWASAKI HEAVY INDUSTRIES,LTD.",JP3224200000,,,JP
7013,IHI,,TOKYO STOCK EXCHANGE,JPY,JP
7013,IHI CORPORATION,JP3134800006,,,JP
7014,NAMURA SHIPBUILDING,,TOKYO STOCK EXCHANGE,JPY,JP
7014,"NAMURA SHIPBUILDING CO.,LTD.",JP3651400008,,,JP
7033,MANAGEMENT SOLUTIONS LTD,,TOKYO STOCK EXCHANGE,JPY,JP
7033,"MANAGEMENT SOLUTIONS CO.,LTD.",JP3869980007,,,JP
7034,PRORED PARTNERS LTD,,TOKYO STOCK EXCHANGE,JPY,JP
7034,"PRORED PARTNERS CO.,LTD.",JP3833830007,,,JP
7038,FRONTIER MANAGEMENT INC,,TOKYO STOCK EXCHANGE,JPY,JP
7038,FRONTIER MANAGEMENT INC.,JP3829550007,,,JP
7071,AMVIS HOLDINGS INC,,TOKYO STOCK EXCHANGE,JPY,JP
7071,"AMVIS HOLDINGS,INC.",JP3128660002,,,JP
7085,CURVES HOLDINGS LTD,,TOKYO STOCK EXCHANGE,JPY,JP
7085,"CURVES HOLDINGS CO.,LTD.",JP3205100005,,,JP
7095,MACBEE PLANET INC,,TOKYO STOCK EXCHANGE,JPY,JP
7095,"MACBEE PLANET,INC.",JP3862970005,,,JP
7102,NIPPON SHARYO LTD,,TOKYO STOCK EXCHANGE,JPY,JP
7102,"NIPPON SHARYO,LTD.",JP3713600009,,,JP
7128,UNISOL HOLDINGS CORP,,TOKYO STOCK EXCHANGE,JPY,JP
7128,UNISOL HOLDINGS CORPORATION,JP3828100002,,,JP
7130,YAMAE GROUP HOLDINGS LTD,,TOKYO STOCK EXCHANGE,JPY,JP
7130,"YAMAE GROUP HOLDINGS CO.,LTD.",JP3934350004,,,JP
7148,FINANCIAL PRODUCTS GROUP LTD,,TOKYO STOCK EXCHANGE,JPY,JP
7148,"FINANCIAL PARTNERS GROUP CO.,LTD.",JP3166990006,,,JP
7157,LIFENET INSURANCE,,TOKYO STOCK EXCHANGE,JPY,JP
7157,LIFENET INSURANCE COMPANY,JP3966660007,,,JP
7164,ZENKOKU HOSHO LTD,,TOKYO STOCK EXCHANGE,JPY,JP
7164,"ZENKOKU HOSHO CO.,LTD.",JP3429250008,,,JP
7167,MEBUKI FINANCIAL GROUP INC,,TOKYO STOCK EXCHANGE,JPY,JP
7167,"MEBUKI FINANCIAL GROUP,INC.",JP3117700009,,,JP
7172,JAPAN INVESTMENT ADVISER LTD,,TOKYO STOCK EXCHANGE,JPY,JP
7172,"JAPAN INVESTMENT ADVISER CO.,LTD.",JP3389470000,,,JP
7173,TOKYO KIRABOSHI FINANCIAL GROUP IN,,TOKYO STOCK EXCHANGE,JPY,JP
7173,"TOKYO KIRABOSHI FINANCIAL GROUP,INC.",JP3584400000,,,JP
7177,GMO FINANCIAL HOLDINGS INC,JP3386550002,TSE,JPY,JP
7180,KYUSHU FINANCIAL GROUP INC,,TOKYO STOCK EXCHANGE,JPY,JP
7180,"KYUSHU FINANCIAL GROUP,INC.",JP3246500007,,,JP
7181,JAPAN POST INSURANCE LTD,,TOKYO STOCK EXCHANGE,JPY,JP
7181,"JAPAN POST INSURANCE CO.,LTD.",JP3233250004,,,JP
7182,JAPAN POST BANK LTD,,TOKYO STOCK EXCHANGE,JPY,JP
7182,"JAPAN POST BANK CO.,LTD.",JP3946750001,,,JP
7184,THE FIRST BANK OF TOYAMA LTD,,TOKYO STOCK EXCHANGE,JPY,JP
7184,"THE FIRST BANK OF TOYAMA,LTD.",JP3632150003,,,JP
7186,YOKOHAMA FINANCIAL GROUP,,TOKYO STOCK EXCHANGE,JPY,JP
7186,"YOKOHAMA FINANCIAL GROUP,INC.",JP3305990008,,,JP
7187,J-LEASE LTD,,TOKYO STOCK EXCHANGE,JPY,JP
7187,"J-LEASE CO.,LTD.",JP3386590008,,,JP
7189,NISHI-NIPPON FINANCIAL HOLDINGS IN,,TOKYO STOCK EXCHANGE,JPY,JP
7189,"NISHI-NIPPON FINANCIAL HOLDINGS,INC.",JP3658850007,,,JP
7198,SBI ARUHI CORP,,TOKYO STOCK EXCHANGE,JPY,JP
7198,SBI ARUHI CORPORATION,JP3126290000,,,JP
7199,PREMIUM GROUP LTD,,TOKYO STOCK EXCHANGE,JPY,JP
7199,"PREMIUM GROUP CO.,LTD.",JP3833710001,,,JP
7201,NISSAN MOTOR,,TOKYO STOCK EXCHANGE,JPY,JP
7201,"NISSAN MOTOR CO.,LTD.",JP3672400003,,,JP
7202,ISUZU MOTORS,,TOKYO STOCK EXCHANGE,JPY,JP
7202,ISUZU MOTORS LIMITED,JP3137200006,,,JP
7203,TOYOTA MOTOR,,TOKYO STOCK EXCHANGE,JPY,JP
7203,TOYOTA MOTOR CORPORATION,JP3633400001,,,JP
7211,MITSUBISHI MOTORS,,TOKYO STOCK EXCHANGE,JPY,JP
7211,MITSUBISHI MOTORS CORPORATION,JP3899800001,,,JP
7220,MUSASHI SEIMITSU INDUSTRY LTD,,TOKYO STOCK EXCHANGE,JPY,JP
7220,"MUSASHI SEIMITSU INDUSTRY CO.,LTD.",JP3912700006,,,JP
7222,NISSAN SHATAI LTD,,TOKYO STOCK EXCHANGE,JPY,JP
7222,"NISSAN SHATAI CO.,LTD.",JP3672000001,,,JP
7224,SHINMAYWA INDUSTRIES LTD,,TOKYO STOCK EXCHANGE,JPY,JP
7224,"SHINMAYWA INDUSTRIES,LTD.",JP3384600007,,,JP
7226,KYOKUTO KAIHATSU KOGYO LTD,,TOKYO STOCK EXCHANGE,JPY,JP
7226,"KYOKUTO KAIHATSU KOGYO CO.,LTD.",JP3256900006,,,JP
7231,TOPY INDUSTRIES LTD,,TOKYO STOCK EXCHANGE,JPY,JP
7231,"TOPY INDUSTRIES,LIMITED",JP3630200008,,,JP
7236,T RAD LTD,,TOKYO STOCK EXCHANGE,JPY,JP
7236,"T.RAD CO.,LTD.",JP3620200000,,,JP
7238,AKEBONO BRAKE INDUSTRY LTD,,TOKYO STOCK EXCHANGE,JPY,JP
7238,"AKEBONO BRAKE INDUSTRY CO.,LTD.",JP3108400007,,,JP
7239,TACHI-S LTD,,TOKYO STOCK EXCHANGE,JPY,JP
7239,"TACHI-S CO.,LTD.",JP3465400004,,,JP
7240,NOK CORP,,TOKYO STOCK EXCHANGE,JPY,JP
7240,NOK CORPORATION,JP3164800009,,,JP
7241,FUTABA INDUSTRIAL LTD,,TOKYO STOCK EXCHANGE,JPY,JP
7241,"FUTABA INDUSTRIAL CO.,LTD.",JP3824000008,,,JP
7242,KYB,,TOKYO STOCK EXCHANGE,JPY,JP
7242,KYB CORPORATION,JP3220200004,,,JP
7244,ICHIKOH INDUSTRIES LTD,,TOKYO STOCK EXCHANGE,JPY,JP
7244,"ICHIKOH INDUSTRIES,LTD.",JP3141600001,,,JP
7245,DAIDO METAL,,TOKYO STOCK EXCHANGE,JPY,JP
7245,"DAIDO METAL CO.,LTD.",JP3491800003,,,JP
7246,PRESS KOGYO CO LTD,,TOKYO STOCK EXCHANGE,JPY,JP
7246,"PRESS KOGYO CO.,LTD.",JP3833600004,,,JP
7259,AISIN,,TOKYO STOCK EXCHANGE,JPY,JP
7259,AISIN CORPORATION,JP3102000001,,,JP
7261,MAZDA MOTOR,,TOKYO STOCK EXCHANGE,JPY,JP
7261,MAZDA MOTOR CORPORATION,JP3868400007,,,JP
7267,HONDA MOTOR,,TOKYO STOCK EXCHANGE,JPY,JP
7267,"HONDA MOTOR CO.,LTD.",JP3854600008,,,JP
7269,SUZUKI MOTOR,,TOKYO STOCK EXCHANGE,JPY,JP
7269,SUZUKI MOTOR CORPORATION,JP3397200001,,,JP
7270,SUBARU,,TOKYO STOCK EXCHANGE,JPY,JP
7270,SUBARU CORPORATION,JP3814800003,,,JP
7272,YAMAHA MOTOR,,TOKYO STOCK EXCHANGE,JPY,JP
7272,"YAMAHA MOTOR CO.,LTD.",JP3942800008,,,JP
7276,KOITO MANUFACTURING,,TOKYO STOCK EXCHANGE,JPY,JP
7276,"KOITO MANUFACTURING CO.,LTD.",JP3284600008,,,JP
7278,EXEDY CORP,,TOKYO STOCK EXCHANGE,JPY,JP
7278,EXEDY CORPORATION,JP3161160001,,,JP
7280,MITSUBA CORP,,TOKYO STOCK EXCHANGE,JPY,JP
7280,MITSUBA CORPORATION,JP3895200008,,,JP
7282,TOYODA GOSEI,,TOKYO STOCK EXCHANGE,JPY,JP
7282,"TOYODA GOSEI CO.,LTD.",JP3634200004,,,JP
7283,AISAN INDUSTRY,,TOKYO STOCK EXCHANGE,JPY,JP
7283,"AISAN INDUSTRY CO.,LTD.",JP3101600009,,,JP
7294,YOROZU CORP,,TOKYO STOCK EXCHANGE,JPY,JP
7294,YOROZU CORPORATION,JP3961400003,,,JP
7296,FCC LTD,,TOKYO STOCK EXCHANGE,JPY,JP
7296,"F.C.C.CO.,LTD.",JP3166900005,,,JP
7309,SHIMANO INC,,TOKYO STOCK EXCHANGE,JPY,JP
7309,SHIMANO INC.,JP3358000002,,,JP
7313,TS TECH LTD,,TOKYO STOCK EXCHANGE,JPY,JP
7313,"TS TECH CO.,LTD.",JP3539230007,,,JP
7322,SAN JU SAN FINANCIAL GROUP INC,,TOKYO STOCK EXCHANGE,JPY,JP
7322,"SAN JU SAN FINANCIAL GROUP,INC.",JP3333500001,,,JP
7327,DAISHI HOKUETSU FINANCIAL GROUP,,TOKYO STOCK EXCHANGE,JPY,JP
7327,"DAISHI HOKUETSU FINANCIAL GROUP,INC.",JP3483850008,,,JP
7337,HIROGIN HOLDINGS INC,,TOKYO STOCK EXCHANGE,JPY,JP
7337,"HIROGIN HOLDINGS,INC.",JP3796150005,,,JP
7350,OKINAWA FINANCIAL GROUP INC,,TOKYO STOCK EXCHANGE,JPY,JP
7350,"OKINAWA FINANCIAL GROUP,INC.",JP3194750000,,,JP
7354,DIRECT MARKETING MIX INC,,TOKYO STOCK EXCHANGE,JPY,JP
7354,DIRECT MARKETING MIX INC.,JP3500170000,,,JP
7358,POPPINS CORP,,TOKYO STOCK EXCHANGE,JPY,JP
7358,POPPINS CORPORATION,JP3856500008,,,JP
7366,LITALICO INC,,TOKYO STOCK EXCHANGE,JPY,JP
7366,LITALICO INC.,JP3974470001,,,JP
7380,JUROKU FINANCIAL GROUP INC,,TOKYO STOCK EXCHANGE,JPY,JP
7380,"JUROKU FINANCIAL GROUP,INC.",JP3392650002,,,JP
7381,CCI GROUP INC,,TOKYO STOCK EXCHANGE,JPY,JP
7381,"CCI GROUP,INC.",JP3851600001,,,JP
7383,NET PROTECTIONS HOLDINGS INC,,TOKYO STOCK EXCHANGE,JPY,JP
7383,"NET PROTECTIONS HOLDINGS,INC.",JP3758270007,,,JP
7384,PROCREA HOLDINGS INC,,TOKYO STOCK EXCHANGE,JPY,JP
7384,"PROCREA HOLDINGS,INC.",JP3833850005,,,JP
7388,FP PARTNER,,TOKYO STOCK EXCHANGE,JPY,JP
7388,FP PARTNER INC.,JP3167010002,,,JP
7389,AICHI FINANCIAL GROUP INC,,TOKYO STOCK EXCHANGE,JPY,JP
7389,"AICHI FINANCIAL GROUP,INC.",JP3104790005,,,JP
7414,ONOKEN LTD,,TOKYO STOCK EXCHANGE,JPY,JP
7414,"ONOKEN CO.,LTD.",JP3196700003,,,JP
7419,NOJIMA,,TOKYO STOCK EXCHANGE,JPY,JP
7419,"NOJIMA CO.,LTD.",JP3761600000,,,JP
7421,KAPPA CREATE LTD,,TOKYO STOCK EXCHANGE,JPY,JP
7421,"KAPPA.CREATE CO.,LTD.",JP3212400000,,,JP
7433,HAKUTO LTD,,TOKYO STOCK EXCHANGE,JPY,JP
7433,"HAKUTO CO.,LTD.",JP3766400000,,,JP
7438,KONDOTEC INC,,TOKYO STOCK EXCHANGE,JPY,JP
7438,KONDOTEC INC.,JP3306050000,,,JP
7447,NAGAILEBEN LTD,,TOKYO STOCK EXCHANGE,JPY,JP
7447,"NAGAILEBEN CO.,LTD.",JP3647000003,,,JP
7453,RYOHIN KEIKAKU,,TOKYO STOCK EXCHANGE,JPY,JP
7453,"RYOHIN KEIKAKU CO.,LTD.",JP3976300008,,,JP
7456,MATSUDA SANGYO LTD,,TOKYO STOCK EXCHANGE,JPY,JP
7456,"MATSUDA SANGYO CO.,LTD.",JP3868500004,,,JP
7458,DAIICHIKOSHO LTD,,TOKYO STOCK EXCHANGE,JPY,JP
7458,"DAIICHIKOSHO CO.,LTD.",JP3475200006,,,JP
7459,MEDIPAL HOLDINGS CORP,,TOKYO STOCK EXCHANGE,JPY,JP
7459,MEDIPAL HOLDINGS CORPORATION,JP3268950007,,,JP
7463,ADVAN GROUP LTD,,TOKYO STOCK EXCHANGE,JPY,JP
7463,"ADVAN GROUP CO.,LTD.",JP3121950004,,,JP
7466,SPK CORP,,TOKYO STOCK EXCHANGE,JPY,JP
7466,SPK CORPORATION,JP3163800000,,,JP
7475,ALBIS LTD,,TOKYO STOCK EXCHANGE,JPY,JP
7475,"ALBIS CO.,LTD.",JP3126300007,,,JP
7476,AS ONE CORP,,TOKYO STOCK EXCHANGE,JPY,JP
7476,AS ONE CORPORATION,JP3131300000,,,JP
7480,SUZUDEN CORP,,TOKYO STOCK EXCHANGE,JPY,JP
7480,SUZUDEN CORPORATION,JP3398400006,,,JP
7482,SHIMOJIMA LTD,,TOKYO STOCK EXCHANGE,JPY,JP
7482,"SHIMOJIMA CO.,LTD.",JP3359500000,,,JP
7483,DOSHISHA LTD,,TOKYO STOCK EXCHANGE,JPY,JP
7483,"DOSHISHA CO.,LTD.",JP3638000004,,,JP
7504,KOHSOKU CORP,,TOKYO STOCK EXCHANGE,JPY,JP
7504,KOHSOKU CORPORATION,JP3288900008,,,JP
7508,G-7 HOLDINGS INC,,TOKYO STOCK EXCHANGE,JPY,JP
7508,G-7 HOLDINGS INC.,JP3172450003,,,JP
7510,TAKEBISHI CORP,,TOKYO STOCK EXCHANGE,JPY,JP
7510,TAKEBISHI CORPORATION,JP3463100002,,,JP
7512,AEON HOKKAIDO CORP,,TOKYO STOCK EXCHANGE,JPY,JP
7512,AEON HOKKAIDO CORPORATION,JP3860270002,,,JP
7513,KOJIMA LTD,,TOKYO STOCK EXCHANGE,JPY,JP
7513,"KOJIMA CO.,LTD.",JP3297380002,,,JP
7516,KOHNAN SHOJI LTD,,TOKYO STOCK EXCHANGE,JPY,JP
7516,"KOHNAN SHOJI CO.,LTD.",JP3283750002,,,JP
7520,ECOS LTD,,TOKYO STOCK EXCHANGE,JPY,JP
7520,"ECO'S CO.,LTD.",JP3161180009,,,JP
7522,WATAMI LTD,,TOKYO STOCK EXCHANGE,JPY,JP
7522,"WATAMI CO.,LTD.",JP3993900004,,,JP
7525,RIX CORP,,TOKYO STOCK EXCHANGE,JPY,JP
7525,RIX CORPORATION,JP3974500005,,,JP
7527,SYSTEMSOFT CORP,,TOKYO STOCK EXCHANGE,JPY,JP
7527,SYSTEMSOFT CORPORATION,JP3351000009,,,JP
7532,PAN PACIFIC INTERNATIONAL HOLDINGS,,TOKYO STOCK EXCHANGE,JPY,JP
7532,PAN PACIFIC INTERNATIONAL HOLDINGS CORPO,JP3639650005,,,JP
7537,MARUBUN CORP,,TOKYO STOCK EXCHANGE,JPY,JP
7537,MARUBUN CORPORATION,JP3877500003,,,JP
7545,NISHIMATSUYA CHAIN LTD,,TOKYO STOCK EXCHANGE,JPY,JP
7545,"NISHIMATSUYA CHAIN CO.,LTD.",JP3659300002,,,JP
7550,ZENSHO HOLDINGS,,TOKYO STOCK EXCHANGE,JPY,JP
7550,"ZENSHO HOLDINGS CO.,LTD.",JP3429300001,,,JP
7552,HAPPINET CORP,,TOKYO STOCK EXCHANGE,JPY,JP
7552,HAPPINET CORPORATION,JP3770300006,,,JP
7554,KOURAKUEN CORP,,TOKYO STOCK EXCHANGE,JPY,JP
7554,KOURAKUEN CORPORATION,JP3292400003,,,JP
7564,WORKMAN LTD,,TOKYO STOCK EXCHANGE,JPY,JP
7564,"WORKMAN CO.,LTD.",JP3990100004,,,JP
7570,HASHIMOTO SOGYO HOLDINGS LTD,,TOKYO STOCK EXCHANGE,JPY,JP
7570,"HASHIMOTO SOGYO HOLDINGS CO.,LTD.",JP3768000006,,,JP
7575,JAPAN LIFELINE,,TOKYO STOCK EXCHANGE,JPY,JP
7575,"JAPAN LIFELINE CO.,LTD.",JP3754500001,,,JP
7581,SAIZERIYA LTD,,TOKYO STOCK EXCHANGE,JPY,JP
7581,"SAIZERIYA CO.,LTD.",JP3310500008,,,JP
7590,TAKASHO,,TOKYO STOCK EXCHANGE,JPY,JP
7590,"TAKASHO CO.,LTD.",JP3456500002,,,JP
7593,VT HOLDINGS,,TOKYO STOCK EXCHANGE,JPY,JP
7593,"VT HOLDINGS CO.,LTD.",JP3854700006,,,JP
7595,ARGO GRAPHICS INC,,TOKYO STOCK EXCHANGE,JPY,JP
7595,ARGO GRAPHICS INC.,JP3126110000,,,JP
7596,UORIKI LTD,,TOKYO STOCK EXCHANGE,JPY,JP
7596,"UORIKI CO.,LTD.",JP3155800000,,,JP
7599,IDOM INC,,TOKYO STOCK EXCHANGE,JPY,JP
7599,IDOM INC.,JP3235700006,,,JP
7600,JAPAN MEDICAL DYNAMIC MARKETING IN,,TOKYO STOCK EXCHANGE,JPY,JP
7600,"JAPAN MEDICAL DYNAMIC MARKETING,INC.",JP3689100000,,,JP
7606,UNITED ARROWS LTD,,TOKYO STOCK EXCHANGE,JPY,JP
7606,UNITED ARROWS LTD.,JP3949400000,,,JP
7607,SHINWA LTD,,TOKYO STOCK EXCHANGE,JPY,JP
7607,"SHINWA CO.,LTD.",JP3384710004,,,JP
7609,DAITRON LTD,,TOKYO STOCK EXCHANGE,JPY,JP
7609,"DAITRON CO.,LTD.",JP3487600003,,,JP
7611,HIDAY HIDAKA CORP,,TOKYO STOCK EXCHANGE,JPY,JP
7611,HIDAY HIDAKA CORP.,JP3765180009,,,JP
7613,SIIX CORP,,TOKYO STOCK EXCHANGE,JPY,JP
7613,SIIX CORPORATION,JP3346700002,,,JP
7616,COLOWIDE LTD,,TOKYO STOCK EXCHANGE,JPY,JP
7616,"COLOWIDE CO.,LTD.",JP3305970000,,,JP
7628,OHASHI TECHNICA INC,,TOKYO STOCK EXCHANGE,JPY,JP
7628,OHASHI TECHNICA INC.,JP3173100003,,,JP
7630,ICHIBANYA,,TOKYO STOCK EXCHANGE,JPY,JP
7630,"ICHIBANYA CO.,LTD.",JP3142150006,,,JP
7637,HAKUDO LTD,,TOKYO STOCK EXCHANGE,JPY,JP
7637,"HAKUDO CO.,LTD.",JP3766500007,,,JP
7649,SUGI HOLDINGS LTD,,TOKYO STOCK EXCHANGE,JPY,JP
7649,"SUGI HOLDINGS CO.,LTD.",JP3397060009,,,JP
7679,YAKUODO HOLDINGS LTD,,TOKYO STOCK EXCHANGE,JPY,JP
7679,"YAKUODO HOLDINGS CO.,LTD.",JP3931410009,,,JP
7683,WA INC,,TOKYO STOCK EXCHANGE,JPY,JP
7683,"WA,INC.",JP3505990006,,,JP
7685,BUYSELL TECHNOLOGIES CO LTD,JP3778270003,TSE,JPY,JP
7701,SHIMADZU,,TOKYO STOCK EXCHANGE,JPY,JP
7701,SHIMADZU CORPORATION,JP3357200009,,,JP
7702,JMS LTD,,TOKYO STOCK EXCHANGE,JPY,JP
7702,"JMS CO.,LTD.",JP3386050003,,,JP
7715,NAGANO KEIKI LTD,,TOKYO STOCK EXCHANGE,JPY,JP
7715,"NAGANO KEIKI CO.,LTD.",JP3648350001,,,JP
7716,NAKANISHI INC,,TOKYO STOCK EXCHANGE,JPY,JP
7716,NAKANISHI INC.,JP3642500007,,,JP
7717,V TECHNOLOGY LTD,,TOKYO STOCK EXCHANGE,JPY,JP
7717,"V TECHNOLOGY CO.,LTD.",JP3829900004,,,JP
7721,TOKYO KEIKI INC,,TOKYO STOCK EXCHANGE,JPY,JP
7721,TOKYO KEIKI INC.,JP3624000000,,,JP
7723,AICHI TOKEI DENKI LTD,,TOKYO STOCK EXCHANGE,JPY,JP
7723,"AICHI TOKEI DENKI CO.,LTD.",JP3104400001,,,JP
7725,INTER ACTION CORP,,TOKYO STOCK EXCHANGE,JPY,JP
7725,INTER ACTION CORPORATION,JP3152720003,,,JP
7729,TOKYO SEIMITSU LTD,,TOKYO STOCK EXCHANGE,JPY,JP
7729,"TOKYO SEIMITSU CO.,LTD.",JP3580200008,,,JP
7730,MANI,,TOKYO STOCK EXCHANGE,JPY,JP
7730,"MANI,INC.",JP3869920003,,,JP
7731,NIKON,,TOKYO STOCK EXCHANGE,JPY,JP
7731,NIKON CORPORATION,JP3657400002,,,JP
7733,OLYMPUS,,TOKYO STOCK EXCHANGE,JPY,JP
7733,OLYMPUS CORPORATION,JP3201200007,,,JP
7734,RIKEN KEIKI LTD,,TOKYO STOCK EXCHANGE,JPY,JP
7734,"RIKEN KEIKI CO.,LTD.",JP3971000009,,,JP
7735,SCREEN HOLDINGS LTD,,TOKYO STOCK EXCHANGE,JPY,JP
7735,"SCREEN HOLDINGS CO.,LTD.",JP3494600004,,,JP
7740,TAMRON LTD,,TOKYO STOCK EXCHANGE,JPY,JP
7740,"TAMRON CO.,LTD.",JP3471800007,,,JP
7741,HOYA,,TOKYO STOCK EXCHANGE,JPY,JP
7741,HOYA CORPORATION,JP3837800006,,,JP
7744,NORITSU KOKI LTD,,TOKYO STOCK EXCHANGE,JPY,JP
7744,"NORITSU KOKI CO.,LTD.",JP3759500006,,,JP
7745,A&D HOLON HOLDINGS LIMITED LTD,,TOKYO STOCK EXCHANGE,JPY,JP
7745,"A&D HOLON HOLDINGS COMPANY,LIMITED",JP3160130005,,,JP
7747,ASAHI INTECC,,TOKYO STOCK EXCHANGE,JPY,JP
7747,"ASAHI INTECC CO.,LTD.",JP3110650003,,,JP
7751,CANON,,TOKYO STOCK EXCHANGE,JPY,JP
7751,CANON INC.,JP3242800005,,,JP
7752,RICOH,,TOKYO STOCK EXCHANGE,JPY,JP
7752,"RICOH COMPANY,LTD.",JP3973400009,,,JP
7762,CITIZEN WATCH LTD,,TOKYO STOCK EXCHANGE,JPY,JP
7762,"CITIZEN WATCH CO.,LTD.",JP3352400000,,,JP
7779,CYBERDYNE INC,JP3311530004,TSE,JPY,JP
7780,MENICON LTD,,TOKYO STOCK EXCHANGE,JPY,JP
7780,"MENICON CO.,LTD.",JP3921270009,,,JP
7803,BUSHIROAD INC,JP3829930001,TSE,JPY,JP
7818,TRANSACTION LTD,,TOKYO STOCK EXCHANGE,JPY,JP
7818,"TRANSACTION CO.,LTD.",JP3635670007,,,JP
7820,NIHON FLUSH LTD,,TOKYO STOCK EXCHANGE,JPY,JP
7820,"NIHON FLUSH CO.,LTD.",JP3756230003,,,JP
7821,MAEDA KOSEN LTD,,TOKYO STOCK EXCHANGE,JPY,JP
7821,"MAEDA KOSEN CO.,LTD.",JP3861250003,,,JP
7823,ARTNATURE INC,,TOKYO STOCK EXCHANGE,JPY,JP
7823,ARTNATURE INC.,JP3100210008,,,JP
7826,FURUYA METAL LTD,,TOKYO STOCK EXCHANGE,JPY,JP
7826,"FURUYA METAL CO.,LTD.",JP3828850002,,,JP
7832,BANDAI NAMCO HOLDINGS INC,,TOKYO STOCK EXCHANGE,JPY,JP
7832,BANDAI NAMCO HOLDINGS INC.,JP3778630008,,,JP
7839,SHOEI LTD,,TOKYO STOCK EXCHANGE,JPY,JP
7839,"SHOEI CO.,LTD.",JP3360900009,,,JP
7840,FRANCE BED HOLDINGS LTD,,TOKYO STOCK EXCHANGE,JPY,JP
7840,"FRANCE BED HOLDINGS CO.,LTD.",JP3826500005,,,JP
7844,MARVELOUS INC,,TOKYO STOCK EXCHANGE,JPY,JP
7844,MARVELOUS INC.,JP3860230006,,,JP
7846,PILOT,,TOKYO STOCK EXCHANGE,JPY,JP
7846,PILOT CORPORATION,JP3780610006,,,JP
7856,HAGIHARA INDUSTRIES INC,,TOKYO STOCK EXCHANGE,JPY,JP
7856,HAGIHARA INDUSTRIES INC.,JP3765500008,,,JP
7860,AVEX INC,,TOKYO STOCK EXCHANGE,JPY,JP
7860,AVEX INC.,JP3160950006,,,JP
7864,FUJI SEAL INTERNATIONAL INC,,TOKYO STOCK EXCHANGE,JPY,JP
7864,"FUJI SEAL INTERNATIONAL,INC.",JP3813800004,,,JP
7867,TOMY LTD,,TOKYO STOCK EXCHANGE,JPY,JP
7867,"TOMY COMPANY,LTD.",JP3630550006,,,JP
7868,KOSAIDO HOLDINGS LTD,,TOKYO STOCK EXCHANGE,JPY,JP
7868,"KOSAIDO HOLDINGS CO.,LTD.",JP3287700003,,,JP
7874,LEC INC,,TOKYO STOCK EXCHANGE,JPY,JP
7874,"LEC,INC.",JP3410800001,,,JP
7888,SANKO GOSEI LTD,,TOKYO STOCK EXCHANGE,JPY,JP
7888,SANKO GOSEI LTD.,JP3330900006,,,JP
7893,PRONEXUS INC,,TOKYO STOCK EXCHANGE,JPY,JP
7893,PRONEXUS INC.,JP3119000002,,,JP
7906,YONEX LTD,,TOKYO STOCK EXCHANGE,JPY,JP
7906,"YONEX CO.,LTD.",JP3960000002,,,JP
7911,TOPPAN HOLDINGS,,TOKYO STOCK EXCHANGE,JPY,JP
7911,TOPPAN HOLDINGS INC.,JP3629000005,,,JP
7912,DAI NIPPON PRINTING,,TOKYO STOCK EXCHANGE,JPY,JP
7912,"DAI NIPPON PRINTING CO.,LTD.",JP3493800001,,,JP
7914,KYODO PRINTING LTD,,TOKYO STOCK EXCHANGE,JPY,JP
7914,"KYODO PRINTING CO.,LTD.",JP3252800002,,,JP
7915,NISSHA,,TOKYO STOCK EXCHANGE,JPY,JP
7915,"NISSHA CO.,LTD.",JP3713200008,,,JP
7917,ZACROS CORP,,TOKYO STOCK EXCHANGE,JPY,JP
7917,ZACROS CORPORATION,JP3821000001,,,JP
7921,TAKARA & LTD,,TOKYO STOCK EXCHANGE,JPY,JP
7921,TAKARA & COMPANY LTD.,JP3459000000,,,JP
7931,MIRAI INDUSTRY LTD,,TOKYO STOCK EXCHANGE,JPY,JP
7931,"MIRAI INDUSTRY CO.,LTD.",JP3910600000,,,JP
7936,ASICS,,TOKYO STOCK EXCHANGE,JPY,JP
7936,ASICS CORPORATION,JP3118000003,,,JP
7937,TSUTSUMI JEWELRY LTD,,TOKYO STOCK EXCHANGE,JPY,JP
7937,"TSUTSUMI JEWELRY CO.,LTD.",JP3533500009,,,JP
7942,JSP CORP,,TOKYO STOCK EXCHANGE,JPY,JP
7942,JSP CORPORATION,JP3386000008,,,JP
7943,NICHIHA CORP,,TOKYO STOCK EXCHANGE,JPY,JP
7943,NICHIHA CORPORATION,JP3662200009,,,JP
7944,ROLAND CORP,,TOKYO STOCK EXCHANGE,JPY,JP
7944,ROLAND CORPORATION,JP3983400007,,,JP
7947,FP CORP,,TOKYO STOCK EXCHANGE,JPY,JP
7947,FP CORPORATION,JP3167000003,,,JP
7949,KOMATSU WALL INDUSTRY LTD,,TOKYO STOCK EXCHANGE,JPY,JP
7949,"KOMATSU WALL INDUSTRY CO.,LTD.",JP3303200004,,,JP
7951,YAMAHA,,TOKYO STOCK EXCHANGE,JPY,JP
7951,YAMAHA CORPORATION,JP3942600002,,,JP
7952,KAWAI MUSICAL INSTRUMENTS MANUFACT,,TOKYO STOCK EXCHANGE,JPY,JP
7952,KAWAI MUSICAL INSTRUMENTS MANUFACTURING,JP3221400009,,,JP
7955,CLEANUP CORP,,TOKYO STOCK EXCHANGE,JPY,JP
7955,CLEANUP CORPORATION,JP3270200003,,,JP
7956,PIGEON,,TOKYO STOCK EXCHANGE,JPY,JP
7956,PIGEON CORPORATION,JP3801600002,,,JP
7962,KING JIM LTD,,TOKYO STOCK EXCHANGE,JPY,JP
7962,"KING JIM CO.,LTD.",JP3262000007,,,JP
7965,ZOJIRUSHI,,TOKYO STOCK EXCHANGE,JPY,JP
7965,ZOJIRUSHI CORPORATION,JP3437400009,,,JP
7966,LINTEC,,TOKYO STOCK EXCHANGE,JPY,JP
7966,LINTEC CORPORATION,JP3977200009,,,JP
7970,SHIN ETSU POLYMER LTD,,TOKYO STOCK EXCHANGE,JPY,JP
7970,"SHIN-ETSU POLYMER CO.,LTD.",JP3371600002,,,JP
7972,ITOKI,,TOKYO STOCK EXCHANGE,JPY,JP
7972,ITOKI CORPORATION,JP3142700008,,,JP
7974,NINTENDO,,TOKYO STOCK EXCHANGE,JPY,JP
7974,"NINTENDO CO.,LTD.",JP3756600007,,,JP
7976,MITSUBISHI PENCIL LTD,,TOKYO STOCK EXCHANGE,JPY,JP
7976,"MITSUBISHI PENCIL COMPANY,LIMITED",JP3895600009,,,JP
7979,SHOFU INC,,TOKYO STOCK EXCHANGE,JPY,JP
7979,SHOFU INC.,JP3363600002,,,JP
7981,TAKARA STANDARD LTD,,TOKYO STOCK EXCHANGE,JPY,JP
7981,"TAKARA STANDARD CO.,LTD.",JP3460000007,,,JP
7984,KOKUYO LTD,,TOKYO STOCK EXCHANGE,JPY,JP
7984,"KOKUYO CO.,LTD.",JP3297000006,,,JP
7987,NAKABAYASHI LTD,,TOKYO STOCK EXCHANGE,JPY,JP
7987,"NAKABAYASHI CO.,LTD.",JP3644400008,,,JP
7988,NIFCO INC,,TOKYO STOCK EXCHANGE,JPY,JP
7988,NIFCO INC.,JP3756200006,,,JP
7989,TACHIKAWA CORP,,TOKYO STOCK EXCHANGE,JPY,JP
7989,TACHIKAWA CORPORATION,JP3466200007,,,JP
7990,GLOBERIDE INC,,TOKYO STOCK EXCHANGE,JPY,JP
7990,"GLOBERIDE,INC.",JP3503800009,,,JP
7994,OKAMURA CORP,,TOKYO STOCK EXCHANGE,JPY,JP
7994,OKAMURA CORPORATION,JP3192400004,,,JP
7995,VALQUA LTD,,TOKYO STOCK EXCHANGE,JPY,JP
7995,"VALQUA,LTD.",JP3744200001,,,JP
8001,ITOCHU,,TOKYO STOCK EXCHANGE,JPY,JP
8001,ITOCHU CORPORATION,JP3143600009,,,JP
8002,MARUBENI,,TOKYO STOCK EXCHANGE,JPY,JP
8002,MARUBENI CORPORATION,JP3877600001,,,JP
8005,SCROLL,,TOKYO STOCK EXCHANGE,JPY,JP
8005,SCROLL CORPORATION,JP3913600007,,,JP
8008,YONDOSHI HOLDINGS INC,,TOKYO STOCK EXCHANGE,JPY,JP
8008,YONDOSHI HOLDINGS INC.,JP3119950008,,,JP
8011,SANYO SHOKAI LTD,,TOKYO STOCK EXCHANGE,JPY,JP
8011,SANYO SHOKAI LTD.,JP3339400008,,,JP
8012,NAGASE LTD,,TOKYO STOCK EXCHANGE,JPY,JP
8012,"NAGASE & CO.,LTD.",JP3647800006,,,JP
8014,CHORI LTD,,TOKYO STOCK EXCHANGE,JPY,JP
8014,"CHORI CO.,LTD.",JP3528200003,,,JP
8015,TOYOTA TSUSHO,,TOKYO STOCK EXCHANGE,JPY,JP
8015,TOYOTA TSUSHO CORPORATION,JP3635000007,,,JP
8016,ONWARD HOLDINGS LTD,,TOKYO STOCK EXCHANGE,JPY,JP
8016,"ONWARD HOLDINGS CO.,LTD.",JP3203500008,,,JP
8018,SANKYO SEIKO LTD,,TOKYO STOCK EXCHANGE,JPY,JP
8018,"SANKYO SEIKO CO.,LTD.",JP3328000009,,,JP
8020,KANEMATSU,,TOKYO STOCK EXCHANGE,JPY,JP
8020,KANEMATSU CORPORATION,JP3217100001,,,JP
8022,MIZUNO CORP,,TOKYO STOCK EXCHANGE,JPY,JP
8022,MIZUNO CORPORATION,JP3905200006,,,JP
8029,LOOK HOLDINGS INC,,TOKYO STOCK EXCHANGE,JPY,JP
8029,LOOK HOLDINGS INCORPORATED,JP3981000007,,,JP
8031,MITSUI,,TOKYO STOCK EXCHANGE,JPY,JP
8031,"MITSUI & CO.,LTD.",JP3893600001,,,JP
8032,JAPAN PULP AND PAPER LTD,,TOKYO STOCK EXCHANGE,JPY,JP
8032,JAPAN PULP AND PAPER COMPANY LIMITED,JP3694000005,,,JP
8035,TOKYO ELECTRON,,TOKYO STOCK EXCHANGE,JPY,JP
8035,TOKYO ELECTRON LIMITED,JP3571400005,,,JP
8037,KAMEI CORP,,TOKYO STOCK EXCHANGE,JPY,JP
8037,KAMEI CORPORATION,JP3219400003,,,JP
8043,STARZEN LTD,,TOKYO STOCK EXCHANGE,JPY,JP
8043,STARZEN COMPANY LIMITED,JP3399100001,,,JP
8050,SEIKO GROUP CORP,,TOKYO STOCK EXCHANGE,JPY,JP
8050,SEIKO GROUP CORPORATION,JP3414700009,,,JP
8051,YAMAZEN CORP,,TOKYO STOCK EXCHANGE,JPY,JP
8051,YAMAZEN CORPORATION,JP3936800006,,,JP
8052,TSUBAKIMOTO KOGYO LTD,,TOKYO STOCK EXCHANGE,JPY,JP
8052,"TSUBAKIMOTO KOGYO CO.,LTD.",JP3534600006,,,JP
8053,SUMITOMO,,TOKYO STOCK EXCHANGE,JPY,JP
8053,SUMITOMO CORPORATION (SUMITOMO SHOJI KAI,JP3404600003,,,JP
8056,BIPROGY,,TOKYO STOCK EXCHANGE,JPY,JP
8056,BIPROGY INC.,JP3754200008,,,JP
8057,UCHIDA YOKO LTD,,TOKYO STOCK EXCHANGE,JPY,JP
8057,"UCHIDA YOKO CO.,LTD.",JP3157200001,,,JP
8058,MITSUBISHI,,TOKYO STOCK EXCHANGE,JPY,JP
8058,MITSUBISHI CORPORATION,JP3898400001,,,JP
8059,DAIICHI JITSUGYO LTD,,TOKYO STOCK EXCHANGE,JPY,JP
8059,"DAIICHI JITSUGYO CO.,LTD.",JP3475800003,,,JP
8060,CANON MARKETING JAPAN INC,,TOKYO STOCK EXCHANGE,JPY,JP
8060,CANON MARKETING JAPAN INC.,JP3243600008,,,JP
8061,SEIKA,,TOKYO STOCK EXCHANGE,JPY,JP
8061,SEIKA CORPORATION,JP3414200000,,,JP
8065,SATO SHOJI CORP,,TOKYO STOCK EXCHANGE,JPY,JP
8065,SATO SHO-JI CORPORATION,JP3322000005,,,JP
8070,TOKYO SANGYO LTD,,TOKYO STOCK EXCHANGE,JPY,JP
8070,"TOKYO SANGYO CO.,LTD.",JP3576600005,,,JP
8074,YUASA LTD,,TOKYO STOCK EXCHANGE,JPY,JP
8074,"YUASA CO.,LTD.",JP3945200008,,,JP
8075,SHINSHO,,TOKYO STOCK EXCHANGE,JPY,JP
8075,SHINSHO CORPORATION,JP3374000002,,,JP
8078,HANWA LTD,,TOKYO STOCK EXCHANGE,JPY,JP
8078,"HANWA CO.,LTD.",JP3777800008,,,JP
8079,SHOEI FOODS CORP,,TOKYO STOCK EXCHANGE,JPY,JP
8079,SHOEI FOODS CORPORATION,JP3361200003,,,JP
8081,KANADEN CORP,,TOKYO STOCK EXCHANGE,JPY,JP
8081,KANADEN CORPORATION,JP3215000005,,,JP
8084,RYODEN CORP,,TOKYO STOCK EXCHANGE,JPY,JP
8084,RYODEN CORPORATION,JP3976200000,,,JP
8086,NIPRO,,TOKYO STOCK EXCHANGE,JPY,JP
8086,NIPRO CORPORATION,JP3673600007,,,JP
8088,IWATANI,,TOKYO STOCK EXCHANGE,JPY,JP
8088,IWATANI CORPORATION,JP3151600008,,,JP
8093,KYOKUTO BOEKI LTD,,TOKYO STOCK EXCHANGE,JPY,JP
8093,"KYOKUTO BOEKI KAISHA,LIMITED",JP3257000004,,,JP
8095,ASTENA HOLDINGS LTD,,TOKYO STOCK EXCHANGE,JPY,JP
8095,"ASTENA HOLDINGS CO.,LTD.",JP3150000002,,,JP
8097,SAN-AI OBBLI LTD,,TOKYO STOCK EXCHANGE,JPY,JP
8097,"SAN-AI OBBLI CO.,LTD.",JP3323600001,,,JP
8098,INABATA LTD,,TOKYO STOCK EXCHANGE,JPY,JP
8098,"INABATA & CO.,LTD.",JP3146000009,,,JP
8101,GSI CREOS CORP,,TOKYO STOCK EXCHANGE,JPY,JP
8101,GSI CREOS CORPORATION,JP3276000001,,,JP
8103,MEIWA,,TOKYO STOCK EXCHANGE,JPY,JP
8103,MEIWA CORPORATION,JP3920600008,,,JP
8111,GOLDWIN INC,,TOKYO STOCK EXCHANGE,JPY,JP
8111,GOLDWIN INC.,JP3306600002,,,JP
8113,UNICHARM,,TOKYO STOCK EXCHANGE,JPY,JP
8113,UNICHARM CORPORATION,JP3951600000,,,JP
8125,WAKITA & COMPANY LTD,,TOKYO STOCK EXCHANGE,JPY,JP
8125,"WAKITA & CO.,LTD.",JP3992000004,,,JP
8129,TOHO HOLDINGS,,TOKYO STOCK EXCHANGE,JPY,JP
8129,"TOHO HOLDINGS CO.,LTD.",JP3602600003,,,JP
8130,SANGETSU CORP,,TOKYO STOCK EXCHANGE,JPY,JP
8130,SANGETSU CORPORATION,JP3330000005,,,JP
8131,MITSUUROKO GROUP HOLDINGS LTD,,TOKYO STOCK EXCHANGE,JPY,JP
8131,"MITSUUROKO GROUP HOLDINGS CO.,LTD.",JP3894400005,,,JP
8132,SHINANEN HOLDINGS,,TOKYO STOCK EXCHANGE,JPY,JP
8132,"SHINANEN HOLDINGS CO.,LTD.",JP3354000006,,,JP
8133,ITOCHU ENEX LTD,,TOKYO STOCK EXCHANGE,JPY,JP
8133,"ITOCHU ENEX CO.,LTD.",JP3144000001,,,JP
8136,SANRIO,,TOKYO STOCK EXCHANGE,JPY,JP
8136,"SANRIO COMPANY,LTD.",JP3343200006,,,JP
8137,SUN-WA TECHNOS CORP,,TOKYO STOCK EXCHANGE,JPY,JP
8137,SUN-WA TECHNOS CORPORATION,JP3345400000,,,JP
8141,SHINKO SHOJI,,TOKYO STOCK EXCHANGE,JPY,JP
8141,"SHINKO SHOJI CO.,LTD.",JP3374200008,,,JP
8142,TOHO (OSAKA) LTD,,TOKYO STOCK EXCHANGE,JPY,JP
8142,"TOHO CO.,LTD.",JP3553200001,,,JP
8150,SANSHIN ELECTRONICS LTD,,TOKYO STOCK EXCHANGE,JPY,JP
8150,"SANSHIN ELECTRONICS CO.,LTD.",JP3333200008,,,JP
8151,TOYO CORP,,TOKYO STOCK EXCHANGE,JPY,JP
8151,TOYO CORPORATION,JP3616600007,,,JP
8153,MOS FOOD SERVICES INC,,TOKYO STOCK EXCHANGE,JPY,JP
8153,"MOS FOOD SERVICES,INC.",JP3922400001,,,JP
8154,KAGA ELECTRONICS LTD,,TOKYO STOCK EXCHANGE,JPY,JP
8154,"KAGA ELECTRONICS CO.,LTD.",JP3206200002,,,JP
8157,TSUZUKI DENKI LTD,,TOKYO STOCK EXCHANGE,JPY,JP
8157,"TSUZUKI DENKI CO.,LTD.",JP3533800003,,,JP
8158,SODA NIKKA LTD,,TOKYO STOCK EXCHANGE,JPY,JP
8158,"SODA NIKKA CO.,LTD.",JP3431400005,,,JP
8159,TACHIBANA ELETECH LTD,,TOKYO STOCK EXCHANGE,JPY,JP
8159,"TACHIBANA ELETECH CO.,LTD.",JP3466600008,,,JP
8160,KISOJI LTD,,TOKYO STOCK EXCHANGE,JPY,JP
8160,"KISOJI CO.,LTD.",JP3237000009,,,JP
8163,SRS HOLDINGS,,TOKYO STOCK EXCHANGE,JPY,JP
8163,"SRS HOLDINGS CO.,LTD.",JP3322350004,,,JP
8165,SENSHUKAI LTD,,TOKYO STOCK EXCHANGE,JPY,JP
8165,"SENSHUKAI CO.,LTD.",JP3424600009,,,JP
8167,RETAIL PARTNERS LTD,,TOKYO STOCK EXCHANGE,JPY,JP
8167,"RETAIL PARTNERS CO.,LTD.",JP3873200004,,,JP
8173,JOSHIN,,TOKYO STOCK EXCHANGE,JPY,JP
8173,JOSHIN CORPORATION,JP3393000009,,,JP
8174,NIPPON GAS LTD,,TOKYO STOCK EXCHANGE,JPY,JP
8174,"NIPPON GAS CO.,LTD.",JP3695600001,,,JP
8179,ROYAL HOLDINGS LTD,,TOKYO STOCK EXCHANGE,JPY,JP
8179,"ROYAL HOLDINGS CO., LTD.",JP3983600002,,,JP
8185,CHIYODA LTD,,TOKYO STOCK EXCHANGE,JPY,JP
8185,"CHIYODA CO.,LTD.",JP3528400009,,,JP
8194,LIFE,,TOKYO STOCK EXCHANGE,JPY,JP
8194,LIFE CORPORATION,JP3966600003,,,JP
8200,RINGER HUT LTD,,TOKYO STOCK EXCHANGE,JPY,JP
8200,"RINGER HUT CO.,LTD.",JP3977000003,,,JP
8203,MRMAX HOLDINGS LTD,,TOKYO STOCK EXCHANGE,JPY,JP
8203,MRMAX HOLDINGS LTD.,JP3885200000,,,JP
8214,AOKI HOLDINGS INC,,TOKYO STOCK EXCHANGE,JPY,JP
8214,AOKI HOLDINGS INC.,JP3105400000,,,JP
8217,OKUWA,,TOKYO STOCK EXCHANGE,JPY,JP
8217,"OKUWA CO.,LTD.",JP3172150009,,,JP
8218,KOMERI LTD,,TOKYO STOCK EXCHANGE,JPY,JP
8218,"KOMERI CO.,LTD.",JP3305600003,,,JP
8219,AOYAMA TRADING LTD,,TOKYO STOCK EXCHANGE,JPY,JP
8219,"AOYAMA TRADING CO.,LTD.",JP3106200003,,,JP
8227,SHIMAMURA LTD,,TOKYO STOCK EXCHANGE,JPY,JP
8227,"SHIMAMURA CO.,LTD.",JP3358200008,,,JP
8233,TAKASHIMAYA,,TOKYO STOCK EXCHANGE,JPY,JP
8233,"TAKASHIMAYA COMPANY,LIMITED",JP3456000003,,,JP
8237,MATSUYA LTD,,TOKYO STOCK EXCHANGE,JPY,JP
8237,"MATSUYA CO.,LTD.",JP3869200000,,,JP
8242,H2O RETAILING CORP,,TOKYO STOCK EXCHANGE,JPY,JP
8242,H2O RETAILING CORPORATION,JP3774600005,,,JP
8244,KINTETSU DEPARTMENT STORE LTD,,TOKYO STOCK EXCHANGE,JPY,JP
8244,"KINTETSU DEPARTMENT STORE CO.,LTD.",JP3250800004,,,JP
8252,MARUI GROUP,,TOKYO STOCK EXCHANGE,JPY,JP
8252,"MARUI GROUP CO.,LTD.",JP3870400003,,,JP
8253,CREDIT SAISON,,TOKYO STOCK EXCHANGE,JPY,JP
8253,"CREDIT SAISON CO.,LTD.",JP3271400008,,,JP
8255,AXIAL RETAILING INC,,TOKYO STOCK EXCHANGE,JPY,JP
8255,AXIAL RETAILING INC.,JP3772400002,,,JP
8267,AEON,,TOKYO STOCK EXCHANGE,JPY,JP
8267,"AEON CO.,LTD.",JP3388200002,,,JP
8273,IZUMI LTD,,TOKYO STOCK EXCHANGE,JPY,JP
8273,"IZUMI CO.,LTD.",JP3138400001,,,JP
8275,FORVAL CORP,,TOKYO STOCK EXCHANGE,JPY,JP
8275,FORVAL CORPORATION,JP3802750004,,,JP
8276,HEIWADO LTD,,TOKYO STOCK EXCHANGE,JPY,JP
8276,"HEIWADO CO.,LTD.",JP3834400008,,,JP
8278,FUJI (EHIME) LTD,,TOKYO STOCK EXCHANGE,JPY,JP
8278,"FUJI CO.,LTD.",JP3807400001,,,JP
8281,XEBIO HOLDINGS LTD,,TOKYO STOCK EXCHANGE,JPY,JP
8281,"XEBIO HOLDINGS CO.,LTD.",JP3428800001,,,JP
8282,KS HOLDINGS CORP,,TOKYO STOCK EXCHANGE,JPY,JP
8282,K'S HOLDINGS CORPORATION,JP3277150003,,,JP
8283,PALTAC CORPORATION,JP3782200004,,,JP
8285,MITANI SANGYO LTD,,TOKYO STOCK EXCHANGE,JPY,JP
8285,"MITANI SANGYO CO.,LTD.",JP3886600000,,,JP
8303,SBI SHINSEI BANK,,TOKYO STOCK EXCHANGE,JPY,JP
8303,"SBI SHINSEI BANK,LIMITED",JP3729000004,,,JP
8304,AOZORA BANK,,TOKYO STOCK EXCHANGE,JPY,JP
8304,"AOZORA BANK,LTD.",JP3711200000,,,JP
8306,MITSUBISHI UFJ FINANCIAL GROUP,,TOKYO STOCK EXCHANGE,JPY,JP
8306,"MITSUBISHI UFJ FINANCIAL GROUP,INC.",JP3902900004,,,JP
8308,RESONA HOLDINGS,,TOKYO STOCK EXCHANGE,JPY,JP
8308,"RESONA HOLDINGS, INC.",JP3500610005,,,JP
8309,SUMITOMO MITSUI TRUST GROUP,,TOKYO STOCK EXCHANGE,JPY,JP
8309,"SUMITOMO MITSUI TRUST GROUP,INC.",JP3892100003,,,JP
8316,SUMITOMO MITSUI FINANCIAL GROUP,,TOKYO STOCK EXCHANGE,JPY,JP
8316,"SUMITOMO MITSUI FINANCIAL GROUP,INC.",JP3890350006,,,JP
8331,CHIBA BANK,,TOKYO STOCK EXCHANGE,JPY,JP
8331,"THE CHIBA BANK,LTD.",JP3511800009,,,JP
8334,GUNMA BANK,,TOKYO STOCK EXCHANGE,JPY,JP
8334,"THE GUNMA BANK,LTD.",JP3276400003,,,JP
8336,MUSASHINO BANK LTD,,TOKYO STOCK EXCHANGE,JPY,JP
8336,"THE MUSASHINO BANK,LTD.",JP3912800004,,,JP
8337,CHIBA KOGYO BANK LTD,,TOKYO STOCK EXCHANGE,JPY,JP
8337,"THE CHIBA KOGYO BANK,LTD.",JP3512200001,,,JP
8338,TSUKUBA BANK LTD,,TOKYO STOCK EXCHANGE,JPY,JP
8338,"TSUKUBA BANK,LTD.",JP3231000005,,,JP
8341,77 BANK,,TOKYO STOCK EXCHANGE,JPY,JP
8341,"THE 77 BANK,LTD.",JP3352000008,,,JP
8343,AKITA BANK LTD,,TOKYO STOCK EXCHANGE,JPY,JP
8343,"THE AKITA BANK,LTD.",JP3107600003,,,JP
8344,YAMAGATA BANK LTD,,TOKYO STOCK EXCHANGE,JPY,JP
8344,"THE YAMAGATA BANK,LTD.",JP3934800008,,,JP
8345,BANK OF IWATE LTD,,TOKYO STOCK EXCHANGE,JPY,JP
8345,"THE BANK OF IWATE,LTD.",JP3152400002,,,JP
8346,TOHO BANK,,TOKYO STOCK EXCHANGE,JPY,JP
8346,"THE TOHO BANK,LTD.",JP3601000007,,,JP
8354,FUKUOKA FINANCIAL GROUP,,TOKYO STOCK EXCHANGE,JPY,JP
8354,"FUKUOKA FINANCIAL GROUP,INC.",JP3805010000,,,JP
8358,SURUGA BANK LTD,,TOKYO STOCK EXCHANGE,JPY,JP
8358,SURUGA BANK LTD.,JP3411000007,,,JP
8359,HACHIJUNI NAGANO BANK,,TOKYO STOCK EXCHANGE,JPY,JP
8359,"HACHIJUNI NAGANO BANK,LTD.",JP3769000005,,,JP
8360,YAMANASHI CHUO BANK LTD,,TOKYO STOCK EXCHANGE,JPY,JP
8360,"THE YAMANASHI CHUO BANK,LTD.",JP3942000005,,,JP
8361,OGAKI KYORITSU BANK LTD,,TOKYO STOCK EXCHANGE,JPY,JP
8361,"THE OGAKI KYORITSU BANK,LTD.",JP3176000002,,,JP
8362,FUKUI BANK LTD,,TOKYO STOCK EXCHANGE,JPY,JP
8362,"THE FUKUI BANK,LTD.",JP3803600000,,,JP
8364,SHIMIZU BANK LTD,,TOKYO STOCK EXCHANGE,JPY,JP
8364,"THE SHIMIZU BANK,LTD.",JP3358400004,,,JP
8366,SHIGA BANK,,TOKYO STOCK EXCHANGE,JPY,JP
8366,"THE SHIGA BANK,LTD.",JP3347600003,,,JP
8367,NANTO BANK,,TOKYO STOCK EXCHANGE,JPY,JP
8367,"THE NANTO BANK,LTD.",JP3653400006,,,JP
8368,HYAKUGO BANK,,TOKYO STOCK EXCHANGE,JPY,JP
8368,"THE HYAKUGO BANK,LTD.",JP3793800008,,,JP
8370,THE KIYO BANK,,TOKYO STOCK EXCHANGE,JPY,JP
8370,"THE KIYO BANK,LTD.",JP3248000006,,,JP
8377,HOKUHOKU FINANCIAL GROUP INC,,TOKYO STOCK EXCHANGE,JPY,JP
8377,"HOKUHOKU FINANCIAL GROUP,INC.",JP3842400008,,,JP
8381,SAN IN GODO BANK LTD,,TOKYO STOCK EXCHANGE,JPY,JP
8381,"THE SAN-IN GODO BANK,LTD.",JP3324000003,,,JP
8386,HYAKUJUSHI BANK,,TOKYO STOCK EXCHANGE,JPY,JP
8386,"THE HYAKUJUSHI BANK,LTD.",JP3794200000,,,JP
8387,SHIKOKU BANK LTD,,TOKYO STOCK EXCHANGE,JPY,JP
8387,"THE SHIKOKU BANK, LTD.",JP3350000000,,,JP
8388,AWA BANK LTD,,TOKYO STOCK EXCHANGE,JPY,JP
8388,"THE AWA BANK,LTD.",JP3126800006,,,JP
8392,OITA BANK LTD,,TOKYO STOCK EXCHANGE,JPY,JP
8392,"THE OITA BANK,LTD.",JP3175200009,,,JP
8393,MIYAZAKI BANK,,TOKYO STOCK EXCHANGE,JPY,JP
8393,"THE MIYAZAKI BANK,LTD.",JP3908000007,,,JP
8395,BANK OF SAGA LTD,,TOKYO STOCK EXCHANGE,JPY,JP
8395,THE BANK OF SAGA LTD.,JP3315200000,,,JP
8399,BANK OF RYUKYUS LTD,,TOKYO STOCK EXCHANGE,JPY,JP
8399,"BANK OF THE RYUKYUS,LIMITED",JP3975000005,,,JP
8410,SEVEN BANK LTD,,TOKYO STOCK EXCHANGE,JPY,JP
8410,"SEVEN BANK,LTD.",JP3105220002,,,JP
8411,MIZUHO FINANCIAL GROUP,,TOKYO STOCK EXCHANGE,JPY,JP
8411,"MIZUHO FINANCIAL GROUP,INC.",JP3885780001,,,JP
8418,YAMAGUCHI FINANCIAL GROUP,,TOKYO STOCK EXCHANGE,JPY,JP
8418,"YAMAGUCHI FINANCIAL GROUP,INC.",JP3935300008,,,JP
8424,FUYO GENERAL LEASE,,TOKYO STOCK EXCHANGE,JPY,JP
8424,"FUYO GENERAL LEASE CO.,LTD.",JP3826270005,,,JP
8425,MIZUHO LEASING LIMITED LTD,,TOKYO STOCK EXCHANGE,JPY,JP
8425,"MIZUHO LEASING COMPANY,LIMITED",JP3286500008,,,JP
8439,TOKYO CENTURY,,TOKYO STOCK EXCHANGE,JPY,JP
8439,TOKYO CENTURY CORPORATION,JP3424950008,,,JP
8473,SBI HOLDINGS INC,,TOKYO STOCK EXCHANGE,JPY,JP
8473,"SBI HOLDINGS,INC.",JP3436120004,,,JP
8511,JAPAN SECURITIES FINANCE,,TOKYO STOCK EXCHANGE,JPY,JP
8511,"JAPAN SECURITIES FINANCE CO.,LTD.",JP3714400003,,,JP
8522,BANK OF NAGOYA LTD,,TOKYO STOCK EXCHANGE,JPY,JP
8522,"THE BANK OF NAGOYA,LTD.",JP3648800005,,,JP
8524,NORTH PACIFIC BANK LTD,,TOKYO STOCK EXCHANGE,JPY,JP
8524,"NORTH PACIFIC BANK,LTD.",JP3843400007,,,JP
8541,EHIME BANK,,TOKYO STOCK EXCHANGE,JPY,JP
8541,"THE EHIME BANK,LTD.",JP3166400006,,,JP
8544,KEIYO BANK LTD,,TOKYO STOCK EXCHANGE,JPY,JP
8544,"THE KEIYO BANK,LTD.",JP3281600001,,,JP
8550,TOCHIGI BANK LTD,,TOKYO STOCK EXCHANGE,JPY,JP
8550,"THE TOCHIGI BANK,LTD.",JP3627800000,,,JP
8551,KITA NIPPON BANK LTD,,TOKYO STOCK EXCHANGE,JPY,JP
8551,"THE KITA-NIPPON BANK,LTD.",JP3238200004,,,JP
8558,TOWA BANK LTD,,TOKYO STOCK EXCHANGE,JPY,JP
8558,"THE TOWA BANK,LTD.",JP3622400004,,,JP
8566,RICOH LEASING LTD,,TOKYO STOCK EXCHANGE,JPY,JP
8566,"RICOH LEASING COMPANY,LTD.",JP3974100004,,,JP
8570,AEON FINANCIAL SERVICES LTD,,TOKYO STOCK EXCHANGE,JPY,JP
8570,"AEON FINANCIAL SERVICE CO.,LTD.",JP3131400008,,,JP
8572,ACOM LTD,,TOKYO STOCK EXCHANGE,JPY,JP
8572,"ACOM CO.,LTD.",JP3108600002,,,JP
8584,JACCS,,TOKYO STOCK EXCHANGE,JPY,JP
8584,"JACCS CO.,LTD.",JP3388600003,,,JP
8585,ORIENT,,TOKYO STOCK EXCHANGE,JPY,JP
8585,ORIENT CORPORATION,JP3199000005,,,JP
8591,ORIX,,TOKYO STOCK EXCHANGE,JPY,JP
8591,ORIX CORPORATION,JP3200450009,,,JP
8593,MITSUBISHI HC CAPITAL INC,,TOKYO STOCK EXCHANGE,JPY,JP
8593,MITSUBISHI HC CAPITAL INC.,JP3499800005,,,JP
8595,JAFCO GROUP,,TOKYO STOCK EXCHANGE,JPY,JP
8595,"JAFCO GROUP CO.,LTD.",JP3389900006,,,JP
8600,TOMONY HOLDINGS INC,,TOKYO STOCK EXCHANGE,JPY,JP
8600,"TOMONY HOLDINGS,INC.",JP3631700006,,,JP
8601,DAIWA SECURITIES GROUP INC,,TOKYO STOCK EXCHANGE,JPY,JP
8601,DAIWA SECURITIES GROUP INC.,JP3502200003,,,JP
8604,NOMURA HOLDINGS,,TOKYO STOCK EXCHANGE,JPY,JP
8604,"NOMURA HOLDINGS,INC.",JP3762600009,,,JP
8609,OKASAN SECURITIES GROUP,,TOKYO STOCK EXCHANGE,JPY,JP
8609,OKASAN SECURITIES GROUP INC.,JP3190800007,,,JP
8613,MARUSAN SECURITIES LTD,,TOKYO STOCK EXCHANGE,JPY,JP
8613,"MARUSAN SECURITIES CO.,LTD.",JP3874800000,,,JP
8614,TOYO SECURITIES LTD,,TOKYO STOCK EXCHANGE,JPY,JP
8614,"TOYO SECURITIES CO.,LTD.",JP3611800008,,,JP
8616,TOKAI TOKYO FINANCIAL HOLDINGS,,TOKYO STOCK EXCHANGE,JPY,JP
8616,"TOKAI TOKYO FINANCIAL HOLDINGS,INC.",JP3577600004,,,JP
8622,MITO SECURITIES LTD,,TOKYO STOCK EXCHANGE,JPY,JP
8622,"MITO SECURITIES CO.,LTD.",JP3905400002,,,JP
8624,ICHIYOSHI SECURITIES LTD,,TOKYO STOCK EXCHANGE,JPY,JP
8624,"ICHIYOSHI SECURITIES CO.,LTD.",JP3142300007,,,JP
8628,MATSUI SECURITIES,,TOKYO STOCK EXCHANGE,JPY,JP
8628,"MATSUI SECURITIES CO.,LTD.",JP3863800003,,,JP
8630,SOMPO HOLDINGS,,TOKYO STOCK EXCHANGE,JPY,JP
8630,"SOMPO HOLDINGS,INC.",JP3165000005,,,JP
8697,JAPAN EXCHANGE GROUP,,TOKYO STOCK EXCHANGE,JPY,JP
8697,"JAPAN EXCHANGE GROUP,INC.",JP3183200009,,,JP
8698,MONEX GROUP,,TOKYO STOCK EXCHANGE,JPY,JP
8698,"MONEX GROUP,INC.",JP3869970008,,,JP
8706,KYOKUTO SECURITIES,,TOKYO STOCK EXCHANGE,JPY,JP
8706,"KYOKUTO SECURITIES CO.,LTD.",JP3256970009,,,JP
8707,IWAI COSMO HOLDINGS INC,,TOKYO STOCK EXCHANGE,JPY,JP
8707,"IWAICOSMO HOLDINGS,INC.",JP3149950002,,,JP
8708,AIZAWA SECURITIES GROUP LTD,,TOKYO STOCK EXCHANGE,JPY,JP
8708,"AIZAWA SECURITIES GROUP CO.,LTD.",JP3101850000,,,JP
8713,FIDEA HOLDING LTD,,TOKYO STOCK EXCHANGE,JPY,JP
8713,FIDEA HOLDINGS CO.LTD.,JP3802940001,,,JP
8714,SENSHU IKEDA HOLDINGS INC,,TOKYO STOCK EXCHANGE,JPY,JP
8714,"SENSHU IKEDA HOLDINGS,INC.",JP3132600002,,,JP
8715,ANICOM HOLDINGS INC,,TOKYO STOCK EXCHANGE,JPY,JP
8715,"ANICOM HOLDINGS,INC.",JP3122440005,,,JP
8725,MS&AD INSURANCE GROUP HOLDINGS,,TOKYO STOCK EXCHANGE,JPY,JP
8725,"MS&AD INSURANCE GROUP HOLDINGS,INC.",JP3890310000,,,JP
8729,SONY FINANCIAL GROUP INC,,TOKYO STOCK EXCHANGE,JPY,JP
8729,SONY FINANCIAL GROUP INC.,JP3435350008,,,JP
8739,SPARX GROUP,,TOKYO STOCK EXCHANGE,JPY,JP
8739,"SPARX GROUP CO.,LTD.",JP3399900004,,,JP
8750,DAIICHI LIFE GROUP,,TOKYO STOCK EXCHANGE,JPY,JP
8750,"DAIICHI LIFE GROUP,INC.",JP3476480003,,,JP
8766,TOKIO MARINE HOLDINGS,,TOKYO STOCK EXCHANGE,JPY,JP
8766,"TOKIO MARINE HOLDINGS,INC.",JP3910660004,,,JP
8771,EGUARANTEE INC,,TOKYO STOCK EXCHANGE,JPY,JP
8771,"EGUARANTEE,INC.",JP3130300001,,,JP
8793,NEC CAPITAL SOLUTIONS LTD,,TOKYO STOCK EXCHANGE,JPY,JP
8793,NEC CAPITAL SOLUTIONS LIMITED,JP3164740007,,,JP
8795,T&D HOLDINGS,,TOKYO STOCK EXCHANGE,JPY,JP
8795,"T&D HOLDINGS, INC.",JP3539220008,,,JP
8798,ADVANCE CREATE LTD,,TOKYO STOCK EXCHANGE,JPY,JP
8798,"ADVANCE CREATE CO.,LTD.",JP3122100005,,,JP
8801,MITSUI FUDOSAN,,TOKYO STOCK EXCHANGE,JPY,JP
8801,"MITSUI FUDOSAN CO.,LTD.",JP3893200000,,,JP
8802,MITSUBISHI ESTATE CO LTD,,TOKYO STOCK EXCHANGE,JPY,JP
8802,"MITSUBISHI ESTATE COMPANY,LIMITED",JP3899600005,,,JP
8803,HEIWA REAL ESTATE LTD,,TOKYO STOCK EXCHANGE,JPY,JP
8803,"HEIWA REAL ESTATE CO.,LTD.",JP3834800009,,,JP
8804,TOKYO TATEMONO,,TOKYO STOCK EXCHANGE,JPY,JP
8804,"TOKYO TATEMONO CO.,LTD.",JP3582600007,,,JP
8818,KEIHANSHIN BUILDING LTD,,TOKYO STOCK EXCHANGE,JPY,JP
8818,"KEIHANSHIN BUILDING CO.,LTD.",JP3279000008,,,JP
8830,SUMITOMO REALTY & DEVELOPMENT,,TOKYO STOCK EXCHANGE,JPY,JP
8830,"SUMITOMO REALTY & DEVELOPMENT CO.,LTD.",JP3409000001,,,JP
8841,TOC,,TOKYO STOCK EXCHANGE,JPY,JP
8841,"TOC CO.,LTD.",JP3538400007,,,JP
8848,LEOPALACE21,,TOKYO STOCK EXCHANGE,JPY,JP
8848,LEOPALACE21 CORPORATION,JP3167500002,,,JP
8850,STARTS CORP INC,,TOKYO STOCK EXCHANGE,JPY,JP
8850,STARTS CORPORATION INC.,JP3399200009,,,JP
8860,FUJI CORPORATION LIMITED CORP LTD,,TOKYO STOCK EXCHANGE,JPY,JP
8860,FUJI CORPORATION LIMITED,JP3815000009,,,JP
8864,AIRPORT FACILITIES,,TOKYO STOCK EXCHANGE,JPY,JP
8864,"AIRPORT FACILITIES CO.,LTD.",JP3266050008,,,JP
8869,MEIWA ESTATE LTD,,TOKYO STOCK EXCHANGE,JPY,JP
8869,MEIWA ESTATE COMPANY LIMITED,JP3920850009,,,JP
8871,GOLDCREST LTD,,TOKYO STOCK EXCHANGE,JPY,JP
8871,"GOLDCREST CO.,LTD.",JP3306800008,,,JP
8876,RELO GROUP INC,,TOKYO STOCK EXCHANGE,JPY,JP
8876,"RELO GROUP,INC.",JP3755200007,,,JP
8877,ESLEAD CORP,,TOKYO STOCK EXCHANGE,JPY,JP
8877,ESLEAD CORPORATION,JP3688350002,,,JP
8881,NISSHIN GROUP HOLDINGS LIMITED LTD,,TOKYO STOCK EXCHANGE,JPY,JP
8881,"NISSHIN GROUP HOLDINGS COMPANY,LIMITED",JP3677900007,,,JP
8892,ES-CON JAPAN,,TOKYO STOCK EXCHANGE,JPY,JP
8892,ES-CON JAPAN LTD.,JP3688330004,,,JP
8897,MIRARTH HOLDINGS INC,,TOKYO STOCK EXCHANGE,JPY,JP
8897,"MIRARTH HOLDINGS,INC.",JP3460800000,,,JP
8918,LAND LTD,,TOKYO STOCK EXCHANGE,JPY,JP
8918,"LAND CO.,LTD.",JP3968800007,,,JP
8919,KATITAS,,TOKYO STOCK EXCHANGE,JPY,JP
8919,"KATITAS CO.,LTD",JP3932950003,,,JP
8920,TOSHO LTD,,TOKYO STOCK EXCHANGE,JPY,JP
8920,"TOSHO CO.,LTD.",JP3594400008,,,JP
8923,TOSEI CORPORATION,,TOKYO STOCK EXCHANGE,JPY,JP
8923,TOSEI CORPORATION,JP3595070008,,,JP
8934,SUN FRONTIER FUDOUSAN,,TOKYO STOCK EXCHANGE,JPY,JP
8934,"SUN FRONTIER FUDOUSAN CO.,LTD.",JP3336950005,,,JP
8935,FJ NEXT HOLDINGS LTD,,TOKYO STOCK EXCHANGE,JPY,JP
8935,"FJ NEXT HOLDINGS CO.,LTD.",JP3166930002,,,JP
8951,NIPPON BUILDING FUND REIT,,TOKYO STOCK EXCHANGE,JPY,JP
8951,NIPPON BUILDING FUND INC.,JP3027670003,TSE,JPY,JP
8952,JAPAN REAL ESTATE INVESTMENT TRUST,,TOKYO STOCK EXCHANGE,JPY,JP
8952,JAPAN REAL ESTATE INVT CORP ORD,JP3027680002,TSE,JPY,JP
8953,JAPAN METROPOLITAN FUND INVESTMENT,,TOKYO STOCK EXCHANGE,JPY,JP
8953,JAPAN METROPOLITAN FUND INVESTMENT CORP,JP3039710003,TSE,JPY,JP
8954,ORIX JREIT REIT INC,,TOKYO STOCK EXCHANGE,JPY,JP
8954,ORIX JREIT INC ORD,JP3040880001,TSE,JPY,JP
8955,JAPAN PRIME REALTY INVESTMENT REIT,,TOKYO STOCK EXCHANGE,JPY,JP
8955,JAPAN PRIME REALTY INVESTMENT ORD,JP3040890000,TSE,JPY,JP
8956,NTT UD REIT INVESTMENT REIT CORP,,TOKYO STOCK EXCHANGE,JPY,JP
8956,NTT UD REIT INVESTMENT CORP,JP3041770003,TSE,JPY,JP
8957,TOKYU REIT,,TOKYO STOCK EXCHANGE,JPY,JP
8957,TOKYU REIT INC,JP3044510000,TSE,JPY,JP
8958,GLOBAL ONE REAL ESTATE INVESTMENT,,TOKYO STOCK EXCHANGE,JPY,JP
8958,GLOBAL ONE REIT,JP3044520009,TSE,JPY,JP
8960,UNITED URBAN INVESTMENT REIT,,TOKYO STOCK EXCHANGE,JPY,JP
8960,UNITED URBAN INV CORP (REIT) ORD,JP3045540006,TSE,JPY,JP
8961,MORI TRUST REIT INC,,TOKYO STOCK EXCHANGE,JPY,JP
8961,MORI TRUST REIT INC,JP3046170001,TSE,JPY,JP
8963,INVINCIBLE INVESTMENT REIT,,TOKYO STOCK EXCHANGE,JPY,JP
8963,INVINCIBLE INVESTMENT CORP,JP3046190009,TSE,JPY,JP
8964,MITSUI FUDOSAN RETAIL FUND INVESTM,,TOKYO STOCK EXCHANGE,JPY,JP
8964,FRONTIER REAL ESTATE INVESTMENT CORPORATION,JP3046200006,TSE,JPY,JP
8966,HEIWA REAL ESTATE REIT,,TOKYO STOCK EXCHANGE,JPY,JP
8966,HEIWA REAL ESTATE REIT INC,JP3046220004,TSE,JPY,JP
8967,JAPAN LOGISTICS FUND REIT INC,,TOKYO STOCK EXCHANGE,JPY,JP
8967,JAPAN LOGISTICS FUND INC ORD,JP3046230003,TSE,JPY,JP
8968,FUKUOKA REIT CORP,,TOKYO STOCK EXCHANGE,JPY,JP
8968,FUKUOKA REIT CORP,JP3046240002,TSE,JPY,JP
8972,KDX REALTY INVESTMENT REIT CORP,,TOKYO STOCK EXCHANGE,JPY,JP
8972,KENEDIX OFFICE INVESTMENT CORP,JP3046270009,TSE,JPY,JP
8975,ICHIGO OFFICE REIT INVESTMENT REIT,,TOKYO STOCK EXCHANGE,JPY,JP
8975,ICHIGO OFFICE REIT INVESTMENT CORPORATION,JP3046300004,TSE,JPY,JP
8976,DAIWA OFFICE INVESTMENT REIT CORP,,TOKYO STOCK EXCHANGE,JPY,JP
8976,DAIWA OFFICE INVESTMENT CORP ORD,JP3046310003,TSE,JPY,JP
8977,HANKYU HANSHIN REIT INC,,TOKYO STOCK EXCHANGE,JPY,JP
8977,HANKYU HANSHIN REIT INC,JP3046320002,TSE,JPY,JP
8979,STARTS PROCEED INVESTMENT REIT COR,,TOKYO STOCK EXCHANGE,JPY,JP
8979,STARTS PROCEED INVESTMENT CORP,JP3046340000,TSE,JPY,JP
8984,DAIWA HOUSE REIT CORP,,TOKYO STOCK EXCHANGE,JPY,JP
8984,DAIWA HOUSE REIT INVESTMENT CORP,JP3046390005,TSE,JPY,JP
8985,JAPAN HOTEL INVESTMENT REIT,,TOKYO STOCK EXCHANGE,JPY,JP
8985,JAPAN HOTEL REIT INVESTMENT,JP3046400002,TSE,JPY,JP
8986,DAIWA SECURITIES LIVING INVESTMENT,,TOKYO STOCK EXCHANGE,JPY,JP
8986,DAIWA SECURITIES LIVING INVEST,JP3046410001,TSE,JPY,JP
8987,JAPAN EXCELLENT REIT INC,,TOKYO STOCK EXCHANGE,JPY,JP
8987,JAPAN EXCELLENT,JP3046420000,TSE,JPY,JP
8999,GRANDY HOUSE CORP,,TOKYO STOCK EXCHANGE,JPY,JP
8999,GRANDY HOUSE CORPORATION,JP3274030000,,,JP
9001,TOBU RAILWAY LTD,,TOKYO STOCK EXCHANGE,JPY,JP
9001,"TOBU RAILWAY CO.,LTD.",JP3597800006,,,JP
9003,SOTETSU HOLDINGS,,TOKYO STOCK EXCHANGE,JPY,JP
9003,"SOTETSU HOLDINGS,INC.",JP3316400005,,,JP
9005,TOKYU,,TOKYO STOCK EXCHANGE,JPY,JP
9005,TOKYU CORPORATION,JP3574200006,,,JP
9006,KEIKYU,,TOKYO STOCK EXCHANGE,JPY,JP
9006,KEIKYU CORPORATION,JP3280200001,,,JP
9007,ODAKYU ELECTRIC RAILWAY,,TOKYO STOCK EXCHANGE,JPY,JP
9007,"ODAKYU ELECTRIC RAILWAY CO.,LTD.",JP3196000008,,,JP
9008,KEIO,,TOKYO STOCK EXCHANGE,JPY,JP
9008,KEIO CORPORATION,JP3277800003,,,JP
9009,KEISEI ELECTRIC RAILWAY,,TOKYO STOCK EXCHANGE,JPY,JP
9009,"KEISEI ELECTRIC RAILWAY CO.,LTD.",JP3278600006,,,JP
9010,FUJI KYUKO,,TOKYO STOCK EXCHANGE,JPY,JP
9010,"FUJI KYUKO CO.,LTD.",JP3810400006,,,JP
9020,EAST JAPAN RAILWAY,,TOKYO STOCK EXCHANGE,JPY,JP
9020,EAST JAPAN RAILWAY COMPANY,JP3783600004,,,JP
9021,WEST JAPAN RAILWAY,,TOKYO STOCK EXCHANGE,JPY,JP
9021,WEST JAPAN RAILWAY COMPANY,JP3659000008,,,JP
9022,CENTRAL JAPAN RAILWAY,,TOKYO STOCK EXCHANGE,JPY,JP
9022,CENTRAL JAPAN RAILWAY COMPANY,JP3566800003,,,JP
9023,TOKYO METRO LTD,,TOKYO STOCK EXCHANGE,JPY,JP
9023,"TOKYO METRO CO.,LTD.",JP3583900000,,,JP
9024,SEIBU HOLDINGS,,TOKYO STOCK EXCHANGE,JPY,JP
9024,SEIBU HOLDINGS INC.,JP3417200007,,,JP
9025,KONOIKE TRANSPORT LTD,,TOKYO STOCK EXCHANGE,JPY,JP
9025,"KONOIKE TRANSPORT CO.,LTD.",JP3288970001,,,JP
9031,NISHI NIPPON RAILROAD LTD,,TOKYO STOCK EXCHANGE,JPY,JP
9031,"NISHI-NIPPON RAILROAD CO.,LTD.",JP3658800002,,,JP
9037,HAMAKYOREX,,TOKYO STOCK EXCHANGE,JPY,JP
9037,"HAMAKYOREX CO.,LTD.",JP3771150004,,,JP
9039,SAKAI MOVING SERVICE LTD,,TOKYO STOCK EXCHANGE,JPY,JP
9039,"SAKAI MOVING SERVICE CO.,LTD.",JP3314200001,,,JP
9041,KINTETSU GROUP HOLDINGS LTD,,TOKYO STOCK EXCHANGE,JPY,JP
9041,"KINTETSU GROUP HOLDINGS CO.,LTD.",JP3260800002,,,JP
9042,HANKYU HANSHIN HOLDINGS,,TOKYO STOCK EXCHANGE,JPY,JP
9042,"HANKYU HANSHIN HOLDINGS,INC.",JP3774200004,,,JP
9044,NANKAI,,TOKYO STOCK EXCHANGE,JPY,JP
9044,"NANKAI CO.,LTD.",JP3653000004,,,JP
9045,KEIHAN HOLDINGS LTD,,TOKYO STOCK EXCHANGE,JPY,JP
9045,"KEIHAN HOLDINGS CO.,LTD.",JP3279400000,,,JP
9046,KOBE ELECTRIC RAILWAY LTD,,TOKYO STOCK EXCHANGE,JPY,JP
9046,"KOBE ELECTRIC RAILWAY CO.,LTD.",JP3290600000,,,JP
9048,NAGOYA RAILROAD,,TOKYO STOCK EXCHANGE,JPY,JP
9048,"NAGOYA RAILROAD CO., LTD.",JP3649800004,,,JP
9052,SANYO ELECTRIC RAILWAY LTD,,TOKYO STOCK EXCHANGE,JPY,JP
9052,"SANYO ELECTRIC RAILWAY CO.,LTD.",JP3341600009,,,JP
9064,YAMATO HOLDINGS,,TOKYO STOCK EXCHANGE,JPY,JP
9064,"YAMATO HOLDINGS CO.,LTD.",JP3940000007,,,JP
9065,SANKYU,,TOKYO STOCK EXCHANGE,JPY,JP
9065,SANKYU INC.,JP3326000001,,,JP
9068,MARUZEN SHOWA UNYU LTD,,TOKYO STOCK EXCHANGE,JPY,JP
9068,"MARUZEN SHOWA UNYU CO.,LTD.",JP3876000005,,,JP
9069,SENKO GROUP HOLDINGS LTD,,TOKYO STOCK EXCHANGE,JPY,JP
9069,"SENKO GROUP HOLDINGS CO.,LTD.",JP3423800006,,,JP
9072,NIKKON HOLDINGS LTD,,TOKYO STOCK EXCHANGE,JPY,JP
9072,"NIKKON HOLDINGS CO.,LTD.",JP3709600005,,,JP
9075,FUKUYAMA TRANSPORTING,,TOKYO STOCK EXCHANGE,JPY,JP
9075,"FUKUYAMA TRANSPORTING CO.,LTD.",JP3806800003,,,JP
9076,SEINO HOLDINGS LTD,,TOKYO STOCK EXCHANGE,JPY,JP
9076,"SEINO HOLDINGS CO.,LTD.",JP3415400005,,,JP
9081,KANAGAWA CHUO KOTSU,,TOKYO STOCK EXCHANGE,JPY,JP
9081,"KANAGAWA CHUO KOTSU CO.,LTD.",JP3214600003,,,JP
9090,AZ-COM MARUWA HOLDINGS,,TOKYO STOCK EXCHANGE,JPY,JP
9090,AZ-COM MARUWA HOLDINGS INC.,JP3879170003,,,JP
9101,NIPPON YUSEN,,TOKYO STOCK EXCHANGE,JPY,JP
9101,NIPPON YUSEN KABUSHIKI KAISHA,JP3753000003,,,JP
9104,MITSUI OSK LINES,,TOKYO STOCK EXCHANGE,JPY,JP
9104,"MITSUI O.S.K.LINES,LTD.",JP3362700001,,,JP
9107,KAWASAKI KISEN LTD,,TOKYO STOCK EXCHANGE,JPY,JP
9107,"KAWASAKI KISEN KAISHA,LTD.",JP3223800008,,,JP
9110,NS UNITED KAIUN KAISHA LTD,,TOKYO STOCK EXCHANGE,JPY,JP
9110,"NS UNITED KAIUN KAISHA,LTD.",JP3385000009,,,JP
9119,IINO KAIUN LTD,,TOKYO STOCK EXCHANGE,JPY,JP
9119,"IINO KAIUN KAISHA,LTD.",JP3131200002,,,JP
9142,KYUSHU RAILWAY,,TOKYO STOCK EXCHANGE,JPY,JP
9142,KYUSHU RAILWAY COMPANY,JP3247010006,,,JP
9143,SG HOLDINGS LTD,,TOKYO STOCK EXCHANGE,JPY,JP
9143,"SG HOLDINGS CO.,LTD.",JP3162770006,,,JP
9147,NIPPON EXPRESS HOLDINGS,,TOKYO STOCK EXCHANGE,JPY,JP
9147,"NIPPON EXPRESS HOLDINGS,INC.",JP3688370000,,,JP
9201,JAPAN AIRLINES,,TOKYO STOCK EXCHANGE,JPY,JP
9201,"JAPAN AIRLINES CO.,LTD.",JP3705200008,,,JP
9202,ANA HOLDINGS,,TOKYO STOCK EXCHANGE,JPY,JP
9202,ANA HOLDINGS INC.,JP3429800000,,,JP
9216,BEWITH INC,,TOKYO STOCK EXCHANGE,JPY,JP
9216,"BEWITH,INC.",JP3799670009,,,JP
9229,SUNWELS LTD,,TOKYO STOCK EXCHANGE,JPY,JP
9229,"SUNWELS CO.,LTD.",JP3324410004,,,JP
9247,TRE HOLDINGS CORP,,TOKYO STOCK EXCHANGE,JPY,JP
9247,TRE HOLDINGS CORPORATION,JP3538540000,,,JP
9248,PEOPLE DREAMS & TECHNOLOGIES GROUP,,TOKYO STOCK EXCHANGE,JPY,JP
9248,"PEOPLE, DREAMS & TECHNOLOGIES GROUP CO.,",JP3792010005,,,JP
9262,SILVER LIFE LTD,,TOKYO STOCK EXCHANGE,JPY,JP
9262,"SILVER LIFE CO.,LTD.",JP3369800002,,,JP
9267,GENKY DRUGSTORES LTD,,TOKYO STOCK EXCHANGE,JPY,JP
9267,"GENKY DRUGSTORES CO.,LTD.",JP3282750003,,,JP
9273,KOA SHOJI HOLDINGS LTD,,TOKYO STOCK EXCHANGE,JPY,JP
9273,"KOA SHOJI HOLDINGS CO.,LTD.",JP3283420002,,,JP
9274,KPP GROUP HOLDINGS,,TOKYO STOCK EXCHANGE,JPY,JP
9274,"KPP GROUP HOLDINGS CO.,LTD.",JP3293350009,,,JP
9278,BOOKOFF GROUP HOLDINGS LTD,,TOKYO STOCK EXCHANGE,JPY,JP
9278,BOOKOFF GROUP HOLDINGS LIMITED,JP3829940000,,,JP
9279,GIFT HOLDINGS,,TOKYO STOCK EXCHANGE,JPY,JP
9279,GIFT HOLDINGS INC.,JP3264860002,,,JP
9301,MITSUBISHI LOGISTICS,,TOKYO STOCK EXCHANGE,JPY,JP
9301,MITSUBISHI LOGISTICS CORPORATION,JP3902000003,,,JP
9302,MITSUI-SOKO HOLDINGS LTD,,TOKYO STOCK EXCHANGE,JPY,JP
9302,"MITSUI-SOKO HOLDINGS CO.,LTD.",JP3891200002,,,JP
9303,SUMITOMO WAREHOUSE LTD,,TOKYO STOCK EXCHANGE,JPY,JP
9303,"THE SUMITOMO WAREHOUSE CO.,LTD.",JP3407000003,,,JP
9304,SHIBUSAWA WAREHOUSE CORP,,TOKYO STOCK EXCHANGE,JPY,JP
9304,SHIBUSAWA LOGISTICS CORPORATION,JP3355600002,,,JP
9305,YAMATANE CORP,,TOKYO STOCK EXCHANGE,JPY,JP
9305,YAMATANE CORPORATION,JP3937600009,,,JP
9308,INUI GLOBAL LOGISTICS LTD,,TOKYO STOCK EXCHANGE,JPY,JP
9308,"INUI GLOBAL LOGISTICS CO.,LTD.",JP3146800002,,,JP
9310,JAPAN TRANSCITY CORP,,TOKYO STOCK EXCHANGE,JPY,JP
9310,JAPAN TRANSCITY CORPORATION,JP3739600009,,,JP
9319,CHUO WAREHOUSE LTD,,TOKYO STOCK EXCHANGE,JPY,JP
9319,"CHUO WAREHOUSE CO.,LTD.",JP3516600008,,,JP
9324,YASUDA LOGISTICS CORP,,TOKYO STOCK EXCHANGE,JPY,JP
9324,YASUDA LOGISTICS CORPORATION,JP3932820008,,,JP
9332,NISSO HOLDINGS LTD,,TOKYO STOCK EXCHANGE,JPY,JP
9332,"NISSO HOLDINGS CO.,LTD.",JP3679880009,,,JP
9336,DAIEI KANKYO LTD,,TOKYO STOCK EXCHANGE,JPY,JP
9336,"DAIEI KANKYO CO.,LTD.",JP3480470008,,,JP
9341,GENOVA INC,,TOKYO STOCK EXCHANGE,JPY,JP
9341,"GENOVA,INC.",JP3386840007,,,JP
9347,NIPPON KANZAI HOLDINGS LTD,,TOKYO STOCK EXCHANGE,JPY,JP
9347,"NIPPON KANZAI HOLDINGS CO.,LTD.",JP3695010003,,,JP
9364,KAMIGUMI,,TOKYO STOCK EXCHANGE,JPY,JP
9364,"KAMIGUMI CO.,LTD.",JP3219000001,,,JP
9369,KRS CORP,,TOKYO STOCK EXCHANGE,JPY,JP
9369,K. R. S. CORPORATION,JP3244700005,,,JP
9381,AIT CORP,,TOKYO STOCK EXCHANGE,JPY,JP
9381,AIT CORPORATION,JP3160050005,,,JP
9401,TBS HOLDINGS INC,,TOKYO STOCK EXCHANGE,JPY,JP
9401,"TBS HOLDINGS,INC.",JP3588600001,,,JP
9404,NIPPON TELEVISION HOLDINGS INC,,TOKYO STOCK EXCHANGE,JPY,JP
9404,"NIPPON TELEVISION HOLDINGS,INC.",JP3732200005,,,JP
9405,ASAHI BROADCASTING GROUP HOLDINGS,,TOKYO STOCK EXCHANGE,JPY,JP
9405,ASAHI BROADCASTING GROUP HOLDINGS CORPOR,JP3116800008,,,JP
9409,TV ASAHI HOLDINGS CORP,,TOKYO STOCK EXCHANGE,JPY,JP
9409,TV ASAHI HOLDINGS CORPORATION,JP3429000007,,,JP
9412,SKY PERFECT JSAT,,TOKYO STOCK EXCHANGE,JPY,JP
9412,SKY PERFECT JSAT CORPORATION,JP3396350005,,,JP
9413,TV TOKYO HOLDINGS CORP,,TOKYO STOCK EXCHANGE,JPY,JP
9413,TV TOKYO HOLDINGS CORPORATION,JP3547060008,,,JP
9416,VISION INC,,TOKYO STOCK EXCHANGE,JPY,JP
9416,VISION INC.,JP3800330007,,,JP
9418,U-NEXT HOLDINGS LTD,,TOKYO STOCK EXCHANGE,JPY,JP
9418,"U-NEXT HOLDINGS CO.,LTD.",JP3944640006,,,JP
9424,JAPAN COMMUNICATIONS,,TOKYO STOCK EXCHANGE,JPY,JP
9424,JAPAN COMMUNICATIONS INC.,JP3729600001,,,JP
9432,NTT,,TOKYO STOCK EXCHANGE,JPY,JP
9432,"NTT,INC.",JP3735400008,,,JP
9433,KDDI,,TOKYO STOCK EXCHANGE,JPY,JP
9433,KDDI CORPORATION,JP3496400007,,,JP
9434,SOFTBANK,,TOKYO STOCK EXCHANGE,JPY,JP
9434,SOFTBANK CORP.,JP3732000009,,,JP
9435,HIKARI TSUSHIN INC,,TOKYO STOCK EXCHANGE,JPY,JP
9435,"HIKARI TSUSHIN,INC.",JP3783420007,,,JP
9438,MTI LTD,,TOKYO STOCK EXCHANGE,JPY,JP
9438,MTI LTD.,JP3167480007,,,JP
9449,GMO INTERNET GROUP,,TOKYO STOCK EXCHANGE,JPY,JP
9449,"GMO INTERNET GROUP,INC.",JP3152750000,,,JP
9450,FIBERGATE INC,,TOKYO STOCK EXCHANGE,JPY,JP
9450,FIBERGATE INC.,JP3802380000,,,JP
9468,KADOKAWA,,TOKYO STOCK EXCHANGE,JPY,JP
9468,KADOKAWA CORPORATION,JP3214350005,,,JP
9470,GAKKEN HOLDINGS LTD,,TOKYO STOCK EXCHANGE,JPY,JP
9470,"GAKKEN HOLDINGS CO.,LTD.",JP3234200008,,,JP
9474,ZENRIN LTD,,TOKYO STOCK EXCHANGE,JPY,JP
9474,"ZENRIN CO.,LTD.",JP3430400006,,,JP
9501,TOKYO ELECTRIC POWER HOLDINGS INC,,TOKYO STOCK EXCHANGE,JPY,JP
9501,"TOKYO ELECTRIC POWER COMPANY HOLDINGS,IN",JP3585800000,,,JP
9502,CHUBU ELECTRIC POWER INC,,TOKYO STOCK EXCHANGE,JPY,JP
9502,"CHUBU ELECTRIC POWER COMPANY,INCORPORATE",JP3526600006,,,JP
9503,KANSAI ELECTRIC POWER,,TOKYO STOCK EXCHANGE,JPY,JP
9503,"THE KANSAI ELECTRIC POWER COMPANY,INCORP",JP3228600007,,,JP
9504,CHUGOKU ELECTRIC POWER,,TOKYO STOCK EXCHANGE,JPY,JP
9504,"THE CHUGOKU ELECTRIC POWER COMPANY,INCOR",JP3522200009,,,JP
9505,HOKURIKU ELECTRIC POWER,,TOKYO STOCK EXCHANGE,JPY,JP
9505,HOKURIKU ELECTRIC POWER COMPANY,JP3845400005,,,JP
9506,TOHOKU ELECTRIC POWER,,TOKYO STOCK EXCHANGE,JPY,JP
9506,"TOHOKU ELECTRIC POWER COMPANY,INCORPORAT",JP3605400005,,,JP
9507,SHIKOKU ELECTRIC POWER INC,,TOKYO STOCK EXCHANGE,JPY,JP
9507,"SHIKOKU ELECTRIC POWER COMPANY,INCORPORA",JP3350800003,,,JP
9508,KYUSHU ELECTRIC POWER,,TOKYO STOCK EXCHANGE,JPY,JP
9508,"KYUSHU ELECTRIC POWER COMPANY,INCORPORAT",JP3246400000,,,JP
9509,HOKKAIDO ELECTRIC POWER INC,,TOKYO STOCK EXCHANGE,JPY,JP
9509,"HOKKAIDO ELECTRIC POWER COMPANY,INCORPOR",JP3850200001,,,JP
9511,OKINAWA ELECTRIC POWER INC,,TOKYO STOCK EXCHANGE,JPY,JP
9511,"THE OKINAWA ELECTRIC POWER COMPANY,INCOR",JP3194700005,,,JP
9513,ELECTRIC POWER DEVELOPMENT LTD,,TOKYO STOCK EXCHANGE,JPY,JP
9513,"ELECTRIC POWER DEVELOPMENT CO.,LTD.",JP3551200003,,,JP
9514,EF-ON INC,,TOKYO STOCK EXCHANGE,JPY,JP
9514,EF-ON INC.,JP3802140008,,,JP
9517,EREX LTD,,TOKYO STOCK EXCHANGE,JPY,JP
9517,"EREX CO.,LTD.",JP3130830007,,,JP
9519,RENOVA,,TOKYO STOCK EXCHANGE,JPY,JP
9519,"RENOVA,INC.",JP3981200003,,,JP
9531,TOKYO GAS LTD,,TOKYO STOCK EXCHANGE,JPY,JP
9531,"TOKYO GAS CO.,LTD.",JP3573000001,,,JP
9532,OSAKA GAS,,TOKYO STOCK EXCHANGE,JPY,JP
9532,"OSAKA GAS CO.,LTD.",JP3180400008,,,JP
9533,TOHO GAS,,TOKYO STOCK EXCHANGE,JPY,JP
9533,"TOHO GAS CO.,LTD.",JP3600200004,,,JP
9534,HOKKAIDO GAS LTD,,TOKYO STOCK EXCHANGE,JPY,JP
9534,"HOKKAIDO GAS CO.,LTD.",JP3847000001,,,JP
9535,HIROSHIMA GAS LTD,,TOKYO STOCK EXCHANGE,JPY,JP
9535,"HIROSHIMA GAS CO.,LTD.",JP3796200008,,,JP
9536,SAIBU GAS HOLDINGS LTD,,TOKYO STOCK EXCHANGE,JPY,JP
9536,"SAIBU GAS HOLDINGS CO.,LTD.",JP3311600005,,,JP
9543,SHIZUOKA GAS LTD,,TOKYO STOCK EXCHANGE,JPY,JP
9543,"SHIZUOKA GAS CO.,LTD.",JP3351150002,,,JP
9551,METAWATER LTD,,TOKYO STOCK EXCHANGE,JPY,JP
9551,"METAWATER CO.,LTD.",JP3921260000,,,JP
9552,QUANTS RESEARCH INSTITUTE HOLDINGS,,TOKYO STOCK EXCHANGE,JPY,JP
9552,"QUANTS RESEARCH INSTITUTE HOLDINGS,INC.",JP3167370000,,,JP
9601,SHOCHIKU,,TOKYO STOCK EXCHANGE,JPY,JP
9601,"SHOCHIKU CO.,LTD.",JP3362800009,,,JP
9602,TOHO (TOKYO),,TOKYO STOCK EXCHANGE,JPY,JP
9602,"TOHO CO.,LTD",JP3598600009,,,JP
9603,HIS LTD,,TOKYO STOCK EXCHANGE,JPY,JP
9603,"H.I.S.CO.,LTD.",JP3160740001,,,JP
9605,TOEI,,TOKYO STOCK EXCHANGE,JPY,JP
9605,"TOEI COMPANY,LTD.",JP3560000006,,,JP
9612,LUCKLAND LTD,,TOKYO STOCK EXCHANGE,JPY,JP
9612,"LUCKLAND CO.,LTD.",JP3968000004,,,JP
9616,KYORITSU MAINTENANCE,,TOKYO STOCK EXCHANGE,JPY,JP
9616,"KYORITSU MAINTENANCE CO.,LTD.",JP3253900009,,,JP
9619,ICHINEN HOLDINGS LTD,,TOKYO STOCK EXCHANGE,JPY,JP
9619,"ICHINEN HOLDINGS CO.,LTD.",JP3142100001,,,JP
9621,CTI ENGINEERING,,TOKYO STOCK EXCHANGE,JPY,JP
9621,"CTI ENGINEERING CO.,LTD.",JP3281900005,,,JP
9622,SPACE LTD,,TOKYO STOCK EXCHANGE,JPY,JP
9622,"SPACE CO.,LTD.",JP3400050005,,,JP
9627,AIN HOLDINGS INC,,TOKYO STOCK EXCHANGE,JPY,JP
9627,AIN HOLDINGS INC.,JP3105250009,,,JP
9628,SAN HOLDINGS (JAPAN),,TOKYO STOCK EXCHANGE,JPY,JP
9628,"SAN HOLDINGS,INC.",JP3286300003,,,JP
9629,PCA CORP,,TOKYO STOCK EXCHANGE,JPY,JP
9629,PCA CORPORATION,JP3801500004,,,JP
9632,SUBARU ENTERPRISE LTD,,TOKYO STOCK EXCHANGE,JPY,JP
9632,"SUBARU ENTERPRISE CO.,LTD.",JP3399800006,,,JP
9644,TANABE CONSULTING GROUP LTD,,TOKYO STOCK EXCHANGE,JPY,JP
9644,"TANABE CONSULTING GROUP CO.,LTD.",JP3468850007,,,JP
9658,BUSINESS BRAIN SHOWA OTA,,TOKYO STOCK EXCHANGE,JPY,JP
9658,BUSINESS BRAIN SHOWA.OTA INC.,JP3800300000,,,JP
9663,NAGAWA LTD,,TOKYO STOCK EXCHANGE,JPY,JP
9663,"NAGAWA CO.,LTD",JP3648700007,,,JP
9672,TOKYOTOKEIBA LTD,,TOKYO STOCK EXCHANGE,JPY,JP
9672,"TOKYOTOKEIBA CO.,LTD.",JP3586600003,,,JP
9678,KANAMOTO LTD,,TOKYO STOCK EXCHANGE,JPY,JP
9678,"KANAMOTO CO.,LTD.",JP3215200001,,,JP
9682,DTS,,TOKYO STOCK EXCHANGE,JPY,JP
9682,DTS CORPORATION,JP3548500002,,,JP
9684,SQUARE ENIX HLDG,,TOKYO STOCK EXCHANGE,JPY,JP
9684,"SQUARE ENIX HOLDINGS CO.,LTD.",JP3164630000,,,JP
9692,COMPUTER ENGINEERING & CONSULTING,,TOKYO STOCK EXCHANGE,JPY,JP
9692,COMPUTER ENGINEERING & CONSULTING LTD.,JP3346200003,,,JP
9697,CAPCOM LTD,,TOKYO STOCK EXCHANGE,JPY,JP
9697,"CAPCOM CO.,LTD.",JP3218900003,,,JP
9699,NISHIO HOLDINGS LTD,,TOKYO STOCK EXCHANGE,JPY,JP
9699,"NISHIO HOLDINGS CO.,LTD.",JP3657500009,,,JP
9702,ISB CORP,,TOKYO STOCK EXCHANGE,JPY,JP
9702,ISB CORPORATION,JP3100700008,,,JP
9706,JAPAN AIRPORT TERMINAL,,TOKYO STOCK EXCHANGE,JPY,JP
9706,"JAPAN AIRPORT TERMINAL CO.,LTD.",JP3699400002,,,JP
9715,TRANSCOSMOS INC,,TOKYO STOCK EXCHANGE,JPY,JP
9715,TRANSCOSMOS INC.,JP3635700002,,,JP
9716,NOMURA LTD,,TOKYO STOCK EXCHANGE,JPY,JP
9716,"NOMURA CO.,LTD.",JP3762400004,,,JP
9722,FUJITA KANKO,,TOKYO STOCK EXCHANGE,JPY,JP
9722,FUJITA KANKO INC.,JP3816800001,,,JP
9726,KNT-CT HOLDINGS LTD,,TOKYO STOCK EXCHANGE,JPY,JP
9726,"KNT-CT HOLDINGS CO.,LTD.",JP3260400001,,,JP
9729,TOKAI (GIFU) CORP,,TOKYO STOCK EXCHANGE,JPY,JP
9729,TOKAI CORP.,JP3552250007,,,JP
9735,SECOM,,TOKYO STOCK EXCHANGE,JPY,JP
9735,"SECOM CO.,LTD.",JP3421800008,,,JP
9739,NSW INC,,TOKYO STOCK EXCHANGE,JPY,JP
9739,NSW INC.,JP3712500002,,,JP
9740,CENTRAL SECURITY PATROLS LTD,,TOKYO STOCK EXCHANGE,JPY,JP
9740,"CENTRAL SECURITY PATROLS CO.,LTD.",JP3425400003,,,JP
9742,INES CORP,,TOKYO STOCK EXCHANGE,JPY,JP
9742,INES CORPORATION,JP3105000008,,,JP
9743,TANSEISHA,,TOKYO STOCK EXCHANGE,JPY,JP
9743,"TANSEISHA CO.,LTD.",JP3472200009,,,JP
9744,MEITEC GROUP HOLDINGS INC,,TOKYO STOCK EXCHANGE,JPY,JP
9744,MEITEC GROUP HOLDINGS INC.,JP3919200000,,,JP
9746,TKC CORP,,TOKYO STOCK EXCHANGE,JPY,JP
9746,TKC CORPORATION,JP3539400006,,,JP
9755,OYO CORP,,TOKYO STOCK EXCHANGE,JPY,JP
9755,OYO CORPORATION,JP3174600001,,,JP
9757,FUNAI SOKEN HOLDINGS INC,,TOKYO STOCK EXCHANGE,JPY,JP
9757,FUNAI SOKEN HOLDINGS INCORPORATED,JP3825800000,,,JP
9759,NSD LTD,,TOKYO STOCK EXCHANGE,JPY,JP
9759,"NSD CO., LTD.",JP3712600000,,,JP
9766,KONAMI GROUP,,TOKYO STOCK EXCHANGE,JPY,JP
9766,KONAMI GROUP CORPORATION,JP3300200007,,,JP
9769,GAKKYUSHA LTD,,TOKYO STOCK EXCHANGE,JPY,JP
9769,"GAKKYUSHA CO.,LTD.",JP3235400003,,,JP
9788,NAC LTD,,TOKYO STOCK EXCHANGE,JPY,JP
9788,"NAC CO.,LTD.",JP3651020004,,,JP
9790,FUKUI COMPUTER HOLDING INC,,TOKYO STOCK EXCHANGE,JPY,JP
9790,"FUKUI COMPUTER HOLDINGS,INC.",JP3803800006,,,JP
9793,DAISEKI LTD,,TOKYO STOCK EXCHANGE,JPY,JP
9793,"DAISEKI CO.,LTD.",JP3485600005,,,JP
9795,STEP LTD,,TOKYO STOCK EXCHANGE,JPY,JP
9795,"STEP CO.,LTD.",JP3399700008,,,JP
9824,SENSHU ELECTRIC LTD,,TOKYO STOCK EXCHANGE,JPY,JP
9824,"SENSHU ELECTRIC CO.,LTD.",JP3424400004,,,JP
9828,GENKI GLOBAL DINING CONCEPTS CORP,,TOKYO STOCK EXCHANGE,JPY,JP
9828,GENKI GLOBAL DINING CONCEPTS CORPORATION,JP3282800006,,,JP
9830,TRUSCO NAKAYAMA CORP,,TOKYO STOCK EXCHANGE,JPY,JP
9830,TRUSCO NAKAYAMA CORPORATION,JP3635500006,,,JP
9831,YAMADA HOLDINGS,,TOKYO STOCK EXCHANGE,JPY,JP
9831,"YAMADA HOLDINGS CO.,LTD.",JP3939000000,,,JP
9832,AUTOBACS SEVEN LTD,,TOKYO STOCK EXCHANGE,JPY,JP
9832,"AUTOBACS SEVEN CO.,LTD.",JP3172500005,,,JP
9837,MORITO LTD,,TOKYO STOCK EXCHANGE,JPY,JP
9837,"MORITO CO.,LTD.",JP3926200001,,,JP
9842,ARCLANDS CORP,,TOKYO STOCK EXCHANGE,JPY,JP
9842,ARCLANDS CORPORATION,JP3100100001,,,JP
9843,NITORI HOLDINGS,,TOKYO STOCK EXCHANGE,JPY,JP
9843,"NITORI HOLDINGS CO.,LTD.",JP3756100008,,,JP
9850,GOURMET KINEYA LTD,,TOKYO STOCK EXCHANGE,JPY,JP
9850,"GOURMET KINEYA CO.,LTD.",JP3274200009,,,JP
9856,KU HOLDINGS LTD,,TOKYO STOCK EXCHANGE,JPY,JP
9856,"KU HOLDINGS CO.,LTD.",JP3277300004,,,JP
9861,YOSHINOYA HOLDINGS LTD,,TOKYO STOCK EXCHANGE,JPY,JP
9861,"YOSHINOYA HOLDINGS CO.,LTD.",JP3958000006,,,JP
9869,KATO SANGYO LTD,,TOKYO STOCK EXCHANGE,JPY,JP
9869,"KATO SANGYO CO.,LTD.",JP3213300001,,,JP
9880,INNOTECH CORP,,TOKYO STOCK EXCHANGE,JPY,JP
9880,INNOTECH CORPORATION,JP3147800001,,,JP
9882,YELLOW HAT LTD,,TOKYO STOCK EXCHANGE,JPY,JP
9882,YELLOW HAT LTD.,JP3131350005,,,JP
9887,MATSUYA FOODS HOLDINGS LTD,,TOKYO STOCK EXCHANGE,JPY,JP
9887,"MATSUYA FOODS HOLDINGS CO.,LTD.",JP3869800007,,,JP
9889,JBCC HOLDINGS INC,,TOKYO STOCK EXCHANGE,JPY,JP
9889,JBCC HOLDINGS INC.,JP3746800006,,,JP
9896,JK HOLDINGS LTD,,TOKYO STOCK EXCHANGE,JPY,JP
9896,"JK HOLDINGS CO.,LTD.",JP3389570007,,,JP
9900,SAGAMI HOLDINGS CORP,,TOKYO STOCK EXCHANGE,JPY,JP
9900,SAGAMI HOLDINGS CORPORATION,JP3316200009,,,JP
9902,NICHIDEN CORP,,TOKYO STOCK EXCHANGE,JPY,JP
9902,NICHIDEN CORPORATION,JP3661950000,,,JP
9928,MIROKU JYOHO SERVICE LTD,,TOKYO STOCK EXCHANGE,JPY,JP
9928,"MIROKU JYOHO SERVICE CO.,LTD.",JP3910700008,,,JP
9932,SUGIMOTO LTD,,TOKYO STOCK EXCHANGE,JPY,JP
9932,"SUGIMOTO & CO.,LTD.",JP3397050000,,,JP
9934,INABA DENKISANGYO LTD,,TOKYO STOCK EXCHANGE,JPY,JP
9934,"INABA DENKISANGYO CO.,LTD.",JP3146200005,,,JP
9936,OHSHO FOOD SERVICE CORP,,TOKYO STOCK EXCHANGE,JPY,JP
9936,OHSHO FOOD SERVICE CORP.,JP3174300008,,,JP
9946,MINISTOP LTD,,TOKYO STOCK EXCHANGE,JPY,JP
9946,"MINISTOP CO.,LTD.",JP3905950006,,,JP
9948,ARCS LTD,,TOKYO STOCK EXCHANGE,JPY,JP
9948,"ARCS COMPANY,LIMITED",JP3968600001,,,JP
9956,VALOR HOLDINGS,,TOKYO STOCK EXCHANGE,JPY,JP
9956,"VALOR HOLDINGS CO.,LTD.",JP3778400006,,,JP
9960,TOTECH CORP,,TOKYO STOCK EXCHANGE,JPY,JP
9960,TOTECH CORPORATION,JP3595300009,,,JP
9962,MISUMI GROUP,,TOKYO STOCK EXCHANGE,JPY,JP
9962,MISUMI GROUP INC.,JP3885400006,,,JP
9974,BELC LTD,,TOKYO STOCK EXCHANGE,JPY,JP
9974,"BELC CO.,LTD.",JP3835700000,,,JP
9979,DAISYO CORP,,TOKYO STOCK EXCHANGE,JPY,JP
9979,DAISYO CORPORATION,JP3484000009,,,JP
9983,FAST RETAILING,,TOKYO STOCK EXCHANGE,JPY,JP
9983,"FAST RETAILING CO.,LTD.",JP3802300008,,,JP
9984,SOFTBANK GROUP,,TOKYO STOCK EXCHANGE,JPY,JP
9984,SOFTBANK GROUP CORP.,JP3436100006,,,JP
9987,SUZUKEN LTD,,TOKYO STOCK EXCHANGE,JPY,JP
9987,"SUZUKEN CO.,LTD.",JP3398000004,,,JP
9989,SUNDRUG LTD,,TOKYO STOCK EXCHANGE,JPY,JP
9989,"SUNDRUG CO.,LTD.",JP3336600006,,,JP
9990,SACS BAR HOLDINGS INC,,TOKYO STOCK EXCHANGE,JPY,JP
9990,SAC'S BAR HOLDINGS INC.,JP3584700003,,,JP
9991,GECOSS CORP,,TOKYO STOCK EXCHANGE,JPY,JP
9991,GECOSS CORPORATION,JP3225500002,,,JP
9997,BELLUNA,,TOKYO STOCK EXCHANGE,JPY,JP
9997,"BELLUNA CO.,LTD.",JP3835650007,,,JP
166A,TASUKI HOLDINGS INC,,TOKYO STOCK EXCHANGE,JPY,JP
166A,TASUKI HOLDINGS INC.,JP3464310006,,,JP
167A,RYOYO RYOSAN HOLDINGS INC,,TOKYO STOCK EXCHANGE,JPY,JP
167A,"RYOYO RYOSAN HOLDINGS,INC.",JP3975410006,,,JP
186A,ASTROSCALE HLDG ORD,JP3119820003,TSE,JPY,JP
212A,FIT EASY INC,,TOKYO STOCK EXCHANGE,JPY,JP
212A,FIT EASY INC.,JP3803140007,,,JP
247A,AI ROBOTICS ORD,JP3160060004,TSE,JPY,JP
250A,SHIMADAYA CORP,,TOKYO STOCK EXCHANGE,JPY,JP
250A,SHIMADAYA CORPORATION,JP3356550008,,,JP
256A,TOBISHIMA HOLDINGS INC,,TOKYO STOCK EXCHANGE,JPY,JP
256A,TOBISHIMA HOLDINGS INC.,JP3629810007,,,JP
262A,INTERMESTIC INC,,TOKYO STOCK EXCHANGE,JPY,JP
262A,INTERMESTIC INC.,JP3152840009,,,JP
268A,RIGAKU HOLDINGS,,TOKYO STOCK EXCHANGE,JPY,JP
268A,RIGAKU HOLDINGS CORPORATION,JP3969750003,,,JP
277A,GLOBE-ING,,TOKYO STOCK EXCHANGE,JPY,JP
277A,GLOBE-ING INC.,JP3274430002,,,JP
285A,KIOXIA HOLDINGS,,TOKYO STOCK EXCHANGE,JPY,JP
285A,KIOXIA HOLDINGS CORPORATION,JP3236330001,,,JP
290A,SYNSPECTIVE ORD,JP3376720003,TSE,JPY,JP
319A,NEXT GENERATION ORD,JP3264350004,TSE,JPY,JP
368A,KITAZATO,,TOKYO STOCK EXCHANGE,JPY,JP
368A,KITAZATO CORPORATION,JP3237550003,,,JP
401A,KASUMIGASEKI HOTEL REIT INVESTMENT,,TOKYO STOCK EXCHANGE,JPY,JP
401A,KASUMIGASEKI HOT REIT ORD,JP3050870009,TSE,JPY,JP
409A,ORION BREWERIES LTD,,TOKYO STOCK EXCHANGE,JPY,JP
409A,"ORION BREWERIES,LTD.",JP3200010001,,,JP
417A,BLUE ZONES HOLDINGS LTD,,TOKYO STOCK EXCHANGE,JPY,JP
417A,"BLUE ZONES HOLDINGS CO.,LTD.",JP3831110006,,,JP
429A,TEKSCEND PHOTOMASK CORP,,TOKYO STOCK EXCHANGE,JPY,JP
429A,TEKSCEND PHOTOMASK CORP.,JP3545320008,,,JP
441A,NE INC,,TOKYO STOCK EXCHANGE,JPY,JP
441A,NE INC.,JP3164790002,,,JP
464A,QPS HOLDINGS INC,JP3244860007,TSE,JPY,JP
471A,NS GROUP INC,,TOKYO STOCK EXCHANGE,JPY,JP
471A,"NS GROUP,INC.",JP3164810008,,,JP
543A,ARCHION CORP,,TOKYO STOCK EXCHANGE,JPY,JP
543A,ARCHION CORPORATION,JP3100020001,,,JP
544A,GMS GROUP LTD,,TOKYO STOCK EXCHANGE,JPY,JP
544A,"GMS GROUP CO.,LTD.",JP3387040003,,,JP
545A,TORANVIA LTD,,TOKYO STOCK EXCHANGE,JPY,JP
545A,"TORANVIA CO.,LTD.",JP3635630001,,,JP
546A,MIRAINI HOLDINGS LTD,,TOKYO STOCK EXCHANGE,JPY,JP
546A,"MIRAINI HOLDINGS CO.,LTD.",JP3910590003,,,JP
547A,MUNINOVA HOLDINGS INC,,TOKYO STOCK EXCHANGE,JPY,JP
547A,MUNINOVA HOLDINGS INC.,JP3914100007,,,JP
575A,MAEZAWA HOLDINGS LTD,,TOKYO STOCK EXCHANGE,JPY,JP
575A,"MAEZAWA HOLDINGS CO.,LTD.",JP3860410004,,,JP
590A,GIFTEE GROUP INC,,TOKYO STOCK EXCHANGE,JPY,JP
590A,"GIFTEE GROUP,INC.",JP3264880000,,,JP
