Fund Holdings as of,2026/08/19,,,,,,,,,,,,
 ,,,,,,,,,,,,,
Code,Name,Sector,Asset Class,Market Value,Weight (%),Notional Value,Shares,Price,Location,Exchange,Currency,FX Rate,Market Currency
8306,MITSUBISHI UFJ FINANCIAL GROUP,Banks,Equity,110416486500,3.87,110416486500,31592700,3495,Japan,Tokyo Stock Exchange,JPY,1,JPY
7203,TOYOTA MOTOR,Transportation Equipment,Equity,73457062900,2.58,73457062900,24976900,2941,Japan,Tokyo Stock Exchange,JPY,1,JPY
8316,SUMITOMO MITSUI FINANCIAL GROUP,Banks,Equity,71704169600,2.51,71704169600,10917200,6568,Japan,Tokyo Stock Exchange,JPY,1,JPY
6501,HITACHI,Electric Appliances,Equity,67591645000,2.37,67591645000,12936200,5225,Japan,Tokyo Stock Exchange,JPY,1,JPY
6758,SONY GROUP,Electric Appliances,Equity,62766490500,2.2,62766490500,17014500,3689,Japan,Tokyo Stock Exchange,JPY,1,JPY
8035,TOKYO ELECTRON,Electric Appliances,Equity,58382346000,2.05,58382346000,1068100,54660,Japan,Tokyo Stock Exchange,JPY,1,JPY
6098,RECRUIT HOLDINGS LTD,Services,Equity,57292026000,2.01,57292026000,3639900,15740,Japan,Tokyo Stock Exchange,JPY,1,JPY
8411,MIZUHO FINANCIAL GROUP,Banks,Equity,56493300800,1.98,56493300800,6967600,8108,Japan,Tokyo Stock Exchange,JPY,1,JPY
6857,ADVANTEST,Electric Appliances,Equity,53633130000,1.88,53633130000,1531500,35020,Japan,Tokyo Stock Exchange,JPY,1,JPY
9984,SOFTBANK GROUP,Information & Communication,Equity,51064653800,1.79,51064653800,9769400,5227,Japan,Tokyo Stock Exchange,JPY,1,JPY
8058,MITSUBISHI,Wholesale Trade,Equity,45912014400,1.61,45912014400,9877800,4648,Japan,Tokyo Stock Exchange,JPY,1,JPY
6861,KEYENCE,Electric Appliances,Equity,40525920000,1.42,40525920000,508800,79650,Japan,Tokyo Stock Exchange,JPY,1,JPY
7011,MITSUBISHI HEAVY INDUSTRIES,Machinery,Equity,39423382500,1.38,39423382500,9622500,4097,Japan,Tokyo Stock Exchange,JPY,1,JPY
8766,TOKIO MARINE HOLDINGS,Insurance,Equity,37280288500,1.31,37280288500,5148500,7241,Japan,Tokyo Stock Exchange,JPY,1,JPY
8031,MITSUI,Wholesale Trade,Equity,36443220300,1.28,36443220300,7625700,4779,Japan,Tokyo Stock Exchange,JPY,1,JPY
8001,ITOCHU,Wholesale Trade,Equity,35748311700,1.25,35748311700,18082100,1977,Japan,Tokyo Stock Exchange,JPY,1,JPY
6981,MURATA MANUFACTURING,Electric Appliances,Equity,35535556300,1.25,35535556300,4847300,7331,Japan,Tokyo Stock Exchange,JPY,1,JPY
6503,MITSUBISHI ELECTRIC,Electric Appliances,Equity,31732881400,1.11,31732881400,5625400,5641,Japan,Tokyo Stock Exchange,JPY,1,JPY
4063,SHIN ETSU CHEMICAL,Chemicals,Equity,27582828000,0.97,27582828000,4529200,6090,Japan,Tokyo Stock Exchange,JPY,1,JPY
7974,NINTENDO,Other Products,Equity,27292871700,0.96,27292871700,3182100,8577,Japan,Tokyo Stock Exchange,JPY,1,JPY
9983,FAST RETAILING,Retail Trade,Equity,27218208000,0.95,27218208000,363200,74940,Japan,Tokyo Stock Exchange,JPY,1,JPY
6752,PANASONIC HOLDINGS,Electric Appliances,Equity,26346387600,0.92,26346387600,6067800,4342,Japan,Tokyo Stock Exchange,JPY,1,JPY
4502,TAKEDA PHARMACEUTICAL,Pharmaceutical,Equity,26184337200,0.92,26184337200,4538800,5769,Japan,Tokyo Stock Exchange,JPY,1,JPY
7741,HOYA,Precision Instruments,Equity,24273866500,0.85,24273866500,955100,25415,Japan,Tokyo Stock Exchange,JPY,1,JPY
9432,NTT,Information & Communication,Equity,22320750120,0.78,22320750120,140029800,159.4,Japan,Tokyo Stock Exchange,JPY,1,JPY
5803,FUJIKURA,Nonferrous Metal,Equity,21559752000,0.76,21559752000,4046500,5328,Japan,Tokyo Stock Exchange,JPY,1,JPY
8053,SUMITOMO,Wholesale Trade,Equity,21348690600,0.75,21348690600,12722700,1678,Japan,Tokyo Stock Exchange,JPY,1,JPY
2914,JAPAN TOBACCO,Foods,Equity,21035845000,0.74,21035845000,3042500,6914,Japan,Tokyo Stock Exchange,JPY,1,JPY
8002,MARUBENI,Wholesale Trade,Equity,19688059600,0.69,19688059600,4105100,4796,Japan,Tokyo Stock Exchange,JPY,1,JPY
9433,KDDI,Information & Communication,Equity,19480433050,0.68,19480433050,6858100,2840.5,Japan,Tokyo Stock Exchange,JPY,1,JPY
9434,SOFTBANK,Information & Communication,Equity,19097841840,0.67,19097841840,82176600,232.4,Japan,Tokyo Stock Exchange,JPY,1,JPY
8591,ORIX,Other Financing Business,Equity,18025615200,0.63,18025615200,2992300,6024,Japan,Tokyo Stock Exchange,JPY,1,JPY
7182,JAPAN POST BANK LTD,Banks,Equity,17259850800,0.61,17259850800,5439600,3173,Japan,Tokyo Stock Exchange,JPY,1,JPY
6723,RENESAS ELECTRONICS CORP,Electric Appliances,Equity,17240413800,0.6,17240413800,4979900,3462,Japan,Tokyo Stock Exchange,JPY,1,JPY
8750,DAIICHI LIFE GROUP,Insurance,Equity,17122416000,0.6,17122416000,9641000,1776,Japan,Tokyo Stock Exchange,JPY,1,JPY
6702,FUJITSU,Electric Appliances,Equity,17047042700,0.6,17047042700,4726100,3607,Japan,Tokyo Stock Exchange,JPY,1,JPY
6301,KOMATSU,Machinery,Equity,16859577600,0.59,16859577600,2476800,6807,Japan,Tokyo Stock Exchange,JPY,1,JPY
8630,SOMPO HOLDINGS,Insurance,Equity,16385014800,0.57,16385014800,2487100,6588,Japan,Tokyo Stock Exchange,JPY,1,JPY
5802,SUMITOMO ELECTRIC INDUSTRIES,Nonferrous Metal,Equity,16014765000,0.56,16014765000,7246500,2210,Japan,Tokyo Stock Exchange,JPY,1,JPY
7267,HONDA MOTOR,Transportation Equipment,Equity,15758086800,0.55,15758086800,9481400,1662,Japan,Tokyo Stock Exchange,JPY,1,JPY
6701,NEC,Electric Appliances,Equity,15721662600,0.55,15721662600,3372300,4662,Japan,Tokyo Stock Exchange,JPY,1,JPY
285A,KIOXIA HOLDINGS,Electric Appliances,Equity,15574410000,0.55,15574410000,311800,49950,Japan,Tokyo Stock Exchange,JPY,1,JPY
8725,MS&AD INSURANCE GROUP HOLDINGS,Insurance,Equity,15171462000,0.53,15171462000,3121700,4860,Japan,Tokyo Stock Exchange,JPY,1,JPY
4578,OTSUKA HOLDINGS,Pharmaceutical,Equity,14936145000,0.52,14936145000,1239000,12055,Japan,Tokyo Stock Exchange,JPY,1,JPY
6146,DISCO CORP,Machinery,Equity,14778648000,0.52,14778648000,247300,59760,Japan,Tokyo Stock Exchange,JPY,1,JPY
6954,FANUC CORP,Electric Appliances,Equity,14720964000,0.52,14720964000,2428000,6063,Japan,Tokyo Stock Exchange,JPY,1,JPY
8308,RESONA HOLDINGS,Banks,Equity,14473151700,0.51,14473151700,6141800,2356.5,Japan,Tokyo Stock Exchange,JPY,1,JPY
6367,DAIKIN INDUSTRIES LTD,Machinery,Equity,13849574500,0.49,13849574500,668900,20705,Japan,Tokyo Stock Exchange,JPY,1,JPY
6762,TDK,Electric Appliances,Equity,13333413600,0.47,13333413600,4435600,3006,Japan,Tokyo Stock Exchange,JPY,1,JPY
2802,AJINOMOTO,Foods,Equity,12760704000,0.45,12760704000,2416800,5280,Japan,Tokyo Stock Exchange,JPY,1,JPY
4062,IBIDEN LTD,Electric Appliances,Equity,12672802000,0.44,12672802000,642800,19715,Japan,Tokyo Stock Exchange,JPY,1,JPY
4568,DAIICHI SANKYO LTD,Pharmaceutical,Equity,12567045000,0.44,12567045000,4605000,2729,Japan,Tokyo Stock Exchange,JPY,1,JPY
8604,NOMURA HOLDINGS,Securities,Equity,12411863750,0.44,12411863750,8222500,1509.5,Japan,Tokyo Stock Exchange,JPY,1,JPY
3382,SEVEN & I HOLDINGS,Retail Trade,Equity,12064696000,0.42,12064696000,5943200,2030,Japan,Tokyo Stock Exchange,JPY,1,JPY
8309,SUMITOMO MITSUI TRUST GROUP,Banks,Equity,11668885800,0.41,11668885800,6910800,1688.5,Japan,Tokyo Stock Exchange,JPY,1,JPY
5108,BRIDGESTONE,Rubber Products,Equity,11191893300,0.39,11191893300,2790300,4011,Japan,Tokyo Stock Exchange,JPY,1,JPY
4519,CHUGAI PHARMACEUTICAL LTD,Pharmaceutical,Equity,10989837000,0.39,10989837000,1596200,6885,Japan,Tokyo Stock Exchange,JPY,1,JPY
8802,MITSUBISHI ESTATE CO LTD,Real Estate ex REIT,Equity,10818870400,0.38,10818870400,2993600,3614,Japan,Tokyo Stock Exchange,JPY,1,JPY
6971,KYOCERA,Electric Appliances,Equity,10806852100,0.38,10806852100,2968100,3641,Japan,Tokyo Stock Exchange,JPY,1,JPY
8801,MITSUI FUDOSAN,Real Estate ex REIT,Equity,10473096600,0.37,10473096600,7237800,1447,Japan,Tokyo Stock Exchange,JPY,1,JPY
4503,ASTELLAS PHARMA,Pharmaceutical,Equity,10454335800,0.37,10454335800,4473400,2337,Japan,Tokyo Stock Exchange,JPY,1,JPY
6273,SMC (JAPAN) CORP,Machinery,Equity,10331587000,0.36,10331587000,145700,70910,Japan,Tokyo Stock Exchange,JPY,1,JPY
7751,CANON,Electric Appliances,Equity,10213740000,0.36,10213740000,2282400,4475,Japan,Tokyo Stock Exchange,JPY,1,JPY
7936,ASICS,Other Products,Equity,10166549700,0.36,10166549700,2094900,4853,Japan,Tokyo Stock Exchange,JPY,1,JPY
8015,TOYOTA TSUSHO,Wholesale Trade,Equity,10007484000,0.35,10007484000,1436000,6969,Japan,Tokyo Stock Exchange,JPY,1,JPY
6178,JAPAN POST HOLDINGS LTD,Services,Equity,9919638600,0.35,9919638600,4299800,2307,Japan,Tokyo Stock Exchange,JPY,1,JPY
5401,NIPPON STEEL,Iron & Steel,Equity,9698105190,0.34,9698105190,14306100,677.9,Japan,Tokyo Stock Exchange,JPY,1,JPY
4901,FUJIFILM HOLDINGS,Chemicals,Equity,9573410400,0.34,9573410400,3050800,3138,Japan,Tokyo Stock Exchange,JPY,1,JPY
9020,EAST JAPAN RAILWAY,Land Transportation,Equity,9534280000,0.33,9534280000,2804200,3400,Japan,Tokyo Stock Exchange,JPY,1,JPY
6902,DENSO,Transportation Equipment,Equity,9403147500,0.33,9403147500,4981800,1887.5,Japan,Tokyo Stock Exchange,JPY,1,JPY
1605,INPEX,Mining,Equity,9241612000,0.32,9241612000,2394200,3860,Japan,Tokyo Stock Exchange,JPY,1,JPY
5020,ENEOS HOLDINGS,Oil & Coal Products,Equity,9202317400,0.32,9202317400,7206200,1277,Japan,Tokyo Stock Exchange,JPY,1,JPY
4661,ORIENTAL LAND,Services,Equity,8927777000,0.31,8927777000,3081200,2897.5,Japan,Tokyo Stock Exchange,JPY,1,JPY
8267,AEON,Retail Trade,Equity,8644527600,0.3,8644527600,6351600,1361,Japan,Tokyo Stock Exchange,JPY,1,JPY
4452,KAO,Chemicals,Equity,8411096700,0.29,8411096700,2414900,3483,Japan,Tokyo Stock Exchange,JPY,1,JPY
4543,TERUMO,Precision Instruments,Equity,8350910400,0.29,8350910400,3378200,2472,Japan,Tokyo Stock Exchange,JPY,1,JPY
9022,CENTRAL JAPAN RAILWAY,Land Transportation,Equity,8041344000,0.28,8041344000,2094100,3840,Japan,Tokyo Stock Exchange,JPY,1,JPY
6920,LASERTEC,Electric Appliances,Equity,7563108000,0.27,7563108000,214800,35210,Japan,Tokyo Stock Exchange,JPY,1,JPY
7269,SUZUKI MOTOR,Transportation Equipment,Equity,7553585400,0.26,7553585400,3735700,2022,Japan,Tokyo Stock Exchange,JPY,1,JPY
4004,RESONAC HOLDINGS,Chemicals,Equity,7504800000,0.26,7504800000,472000,15900,Japan,Tokyo Stock Exchange,JPY,1,JPY
7013,IHI,Machinery,Equity,7421657200,0.26,7421657200,2676400,2773,Japan,Tokyo Stock Exchange,JPY,1,JPY
7832,BANDAI NAMCO HOLDINGS INC,Other Products,Equity,7230362800,0.25,7230362800,1349200,5359,Japan,Tokyo Stock Exchange,JPY,1,JPY
5016,JX ADVANCED METALS CORP,Nonferrous Metal,Equity,7144790400,0.25,7144790400,2006400,3561,Japan,Tokyo Stock Exchange,JPY,1,JPY
5713,SUMITOMO METAL MINING,Nonferrous Metal,Equity,6898323600,0.24,6898323600,718800,9597,Japan,Tokyo Stock Exchange,JPY,1,JPY
9101,NIPPON YUSEN,Marine Transportation,Equity,6745792700,0.24,6745792700,1001900,6733,Japan,Tokyo Stock Exchange,JPY,1,JPY
9104,MITSUI OSK LINES,Marine Transportation,Equity,6731942400,0.24,6731942400,966400,6966,Japan,Tokyo Stock Exchange,JPY,1,JPY
5801,FURUKAWA ELECTRIC LTD,Nonferrous Metal,Equity,6577896000,0.23,6577896000,1744800,3770,Japan,Tokyo Stock Exchange,JPY,1,JPY
2503,KIRIN HOLDINGS,Foods,Equity,6513941400,0.23,6513941400,2172400,2998.5,Japan,Tokyo Stock Exchange,JPY,1,JPY
9503,KANSAI ELECTRIC POWER,Electric Power & Gas,Equity,6504396000,0.23,6504396000,2756100,2360,Japan,Tokyo Stock Exchange,JPY,1,JPY
6326,KUBOTA,Machinery,Equity,6491053000,0.23,6491053000,2598500,2498,Japan,Tokyo Stock Exchange,JPY,1,JPY
1925,DAIWA HOUSE INDUSTRY,Construction,Equity,6308445600,0.22,6308445600,1379800,4572,Japan,Tokyo Stock Exchange,JPY,1,JPY
2502,ASAHI GROUP HOLDINGS,Foods,Equity,6223296500,0.22,6223296500,3760300,1655,Japan,Tokyo Stock Exchange,JPY,1,JPY
JPY,JPY CASH,Other,Cash,6214159321,0.22,6214159321,6214159321,100,Japan,-,JPY,1,JPY
8601,DAIWA SECURITIES GROUP INC,Securities,Equity,6213208500,0.22,6213208500,3581100,1735,Japan,Tokyo Stock Exchange,JPY,1,JPY
9735,SECOM,Services,Equity,6211264000,0.22,6211264000,976000,6364,Japan,Tokyo Stock Exchange,JPY,1,JPY
6361,EBARA,Machinery,Equity,6087064200,0.21,6087064200,1217900,4998,Japan,Tokyo Stock Exchange,JPY,1,JPY
8697,JAPAN EXCHANGE GROUP,Other Financing Business,Equity,6023732400,0.21,6023732400,2746800,2193,Japan,Tokyo Stock Exchange,JPY,1,JPY
7733,OLYMPUS,Precision Instruments,Equity,5872282500,0.21,5872282500,2755000,2131.5,Japan,Tokyo Stock Exchange,JPY,1,JPY
3407,ASAHI KASEI,Chemicals,Equity,5457950600,0.19,5457950600,3376400,1616.5,Japan,Tokyo Stock Exchange,JPY,1,JPY
7012,KAWASAKI HEAVY INDUSTRIES,Transportation Equipment,Equity,5348592050,0.19,5348592050,1999100,2675.5,Japan,Tokyo Stock Exchange,JPY,1,JPY
4507,SHIONOGI,Pharmaceutical,Equity,5320884900,0.19,5320884900,1861100,2859,Japan,Tokyo Stock Exchange,JPY,1,JPY
8795,T&D HOLDINGS,Insurance,Equity,5275763000,0.18,5275763000,1113500,4738,Japan,Tokyo Stock Exchange,JPY,1,JPY
9502,CHUBU ELECTRIC POWER INC,Electric Power & Gas,Equity,5242515000,0.18,5242515000,1874000,2797.5,Japan,Tokyo Stock Exchange,JPY,1,JPY
8473,SBI HOLDINGS INC,Securities,Equity,5218993000,0.18,5218993000,1760200,2965,Japan,Tokyo Stock Exchange,JPY,1,JPY
6988,NITTO DENKO,Chemicals,Equity,5201411500,0.18,5201411500,1548500,3359,Japan,Tokyo Stock Exchange,JPY,1,JPY
1812,KAJIMA,Construction,Equity,5199471600,0.18,5199471600,1105800,4702,Japan,Tokyo Stock Exchange,JPY,1,JPY
6383,DAIFUKU,Machinery,Equity,5061810600,0.18,5061810600,866600,5841,Japan,Tokyo Stock Exchange,JPY,1,JPY
1928,SEKISUI HOUSE,Construction,Equity,5015113600,0.18,5015113600,1486400,3374,Japan,Tokyo Stock Exchange,JPY,1,JPY
6504,FUJI ELECTRIC,Electric Appliances,Equity,4986046000,0.17,4986046000,369200,13505,Japan,Tokyo Stock Exchange,JPY,1,JPY
9531,TOKYO GAS LTD,Electric Power & Gas,Equity,4981248000,0.17,4981248000,828000,6016,Japan,Tokyo Stock Exchange,JPY,1,JPY
7453,RYOHIN KEIKAKU,Retail Trade,Equity,4980630400,0.17,4980630400,1174400,4241,Japan,Tokyo Stock Exchange,JPY,1,JPY
7186,YOKOHAMA FINANCIAL GROUP,Banks,Equity,4839850700,0.17,4839850700,2611900,1853,Japan,Tokyo Stock Exchange,JPY,1,JPY
6963,ROHM,Electric Appliances,Equity,4828955300,0.17,4828955300,997100,4843,Japan,Tokyo Stock Exchange,JPY,1,JPY
7735,SCREEN HOLDINGS LTD,Electric Appliances,Equity,4777750000,0.17,4777750000,362500,13180,Japan,Tokyo Stock Exchange,JPY,1,JPY
6525,KOKUSAI ELECTRIC,Electric Appliances,Equity,4759256000,0.17,4759256000,587200,8105,Japan,Tokyo Stock Exchange,JPY,1,JPY
9532,OSAKA GAS,Electric Power & Gas,Equity,4750402800,0.17,4750402800,874200,5434,Japan,Tokyo Stock Exchange,JPY,1,JPY
9766,KONAMI GROUP,Information & Communication,Equity,4737080000,0.17,4737080000,218500,21680,Japan,Tokyo Stock Exchange,JPY,1,JPY
7272,YAMAHA MOTOR,Transportation Equipment,Equity,4717045400,0.17,4717045400,2517100,1874,Japan,Tokyo Stock Exchange,JPY,1,JPY
4307,NOMURA RESEARCH INSTITUTE,Information & Communication,Equity,4667544000,0.16,4667544000,960400,4860,Japan,Tokyo Stock Exchange,JPY,1,JPY
8830,SUMITOMO REALTY & DEVELOPMENT,Real Estate ex REIT,Equity,4661521200,0.16,4661521200,1423800,3274,Japan,Tokyo Stock Exchange,JPY,1,JPY
1802,OBAYASHI,Construction,Equity,4580516800,0.16,4580516800,1578400,2902,Japan,Tokyo Stock Exchange,JPY,1,JPY
1801,TAISEI,Construction,Equity,4542637500,0.16,4542637500,372500,12195,Japan,Tokyo Stock Exchange,JPY,1,JPY
7532,PAN PACIFIC INTERNATIONAL HOLDINGS,Retail Trade,Equity,4427320030,0.16,4427320030,5438300,814.1,Japan,Tokyo Stock Exchange,JPY,1,JPY
3402,TORAY INDUSTRIES,Textiles & Apparel,Equity,4391446500,0.15,4391446500,3433500,1279,Japan,Tokyo Stock Exchange,JPY,1,JPY
4684,OBIC LTD,Information & Communication,Equity,4309834200,0.15,4309834200,935700,4606,Japan,Tokyo Stock Exchange,JPY,1,JPY
9697,CAPCOM LTD,Information & Communication,Equity,4187368800,0.15,4187368800,1013400,4132,Japan,Tokyo Stock Exchange,JPY,1,JPY
9202,ANA HOLDINGS,Air Transportation,Equity,4180116400,0.15,4180116400,1381400,3026,Japan,Tokyo Stock Exchange,JPY,1,JPY
7309,SHIMANO INC,Transportation Equipment,Equity,4161033500,0.15,4161033500,214100,19435,Japan,Tokyo Stock Exchange,JPY,1,JPY
4188,MITSUBISHI CHEMICAL GROUP,Chemicals,Equity,4034221600,0.14,4034221600,3563800,1132,Japan,Tokyo Stock Exchange,JPY,1,JPY
8331,CHIBA BANK,Banks,Equity,4016617800,0.14,4016617800,1474800,2723.5,Japan,Tokyo Stock Exchange,JPY,1,JPY
4911,SHISEIDO,Chemicals,Equity,3996222400,0.14,3996222400,1140800,3503,Japan,Tokyo Stock Exchange,JPY,1,JPY
4689,LY CORP,Information & Communication,Equity,3882583460,0.14,3882583460,7856300,494.2,Japan,Tokyo Stock Exchange,JPY,1,JPY
7167,MEBUKI FINANCIAL GROUP INC,Banks,Equity,3812807050,0.13,3812807050,2341300,1628.5,Japan,Tokyo Stock Exchange,JPY,1,JPY
7270,SUBARU,Transportation Equipment,Equity,3779009250,0.13,3779009250,1500500,2518.5,Japan,Tokyo Stock Exchange,JPY,1,JPY
5831,SHIZUOKA FINANCIAL GROUP INC,Banks,Equity,3750540000,0.13,3750540000,1103100,3400,Japan,Tokyo Stock Exchange,JPY,1,JPY
5334,NITERRA,Glass & Ceramics Products,Equity,3705768800,0.13,3705768800,416800,8891,Japan,Tokyo Stock Exchange,JPY,1,JPY
5706,MITSUI KINZOKU LIMITED LTD,Nonferrous Metal,Equity,3600404500,0.13,3600404500,130900,27505,Japan,Tokyo Stock Exchange,JPY,1,JPY
7912,DAI NIPPON PRINTING,Other Products,Equity,3557895300,0.12,3557895300,1097100,3243,Japan,Tokyo Stock Exchange,JPY,1,JPY
3436,SUMCO,Metal Products,Equity,3504690500,0.12,3504690500,996500,3517,Japan,Tokyo Stock Exchange,JPY,1,JPY
3563,FOOD & LIFE COMPANIES,Retail Trade,Equity,3496748000,0.12,3496748000,617800,5660,Japan,Tokyo Stock Exchange,JPY,1,JPY
9021,WEST JAPAN RAILWAY,Land Transportation,Equity,3487087500,0.12,3487087500,1212900,2875,Japan,Tokyo Stock Exchange,JPY,1,JPY
9201,JAPAN AIRLINES,Air Transportation,Equity,3472794000,0.12,3472794000,1164000,2983.5,Japan,Tokyo Stock Exchange,JPY,1,JPY
9107,KAWASAKI KISEN LTD,Marine Transportation,Equity,3453442300,0.12,3453442300,1093900,3157,Japan,Tokyo Stock Exchange,JPY,1,JPY
8593,MITSUBISHI HC CAPITAL INC,Other Financing Business,Equity,3447328400,0.12,3447328400,2510800,1373,Japan,Tokyo Stock Exchange,JPY,1,JPY
5844,KYOTO FINANCIAL GROUP,Banks,Equity,3317464800,0.12,3317464800,687700,4824,Japan,Tokyo Stock Exchange,JPY,1,JPY
4091,NIPPON SANSO HOLDINGS,Chemicals,Equity,3296431600,0.12,3296431600,576400,5719,Japan,Tokyo Stock Exchange,JPY,1,JPY
6586,MAKITA,Machinery,Equity,3247267100,0.11,3247267100,639100,5081,Japan,Tokyo Stock Exchange,JPY,1,JPY
4523,EISAI,Pharmaceutical,Equity,3219507200,0.11,3219507200,665600,4837,Japan,Tokyo Stock Exchange,JPY,1,JPY
3659,NEXON,Information & Communication,Equity,3161277000,0.11,3161277000,1056400,2992.5,Japan,Tokyo Stock Exchange,JPY,1,JPY
7550,ZENSHO HOLDINGS,Retail Trade,Equity,3159523500,0.11,3159523500,275100,11485,Japan,Tokyo Stock Exchange,JPY,1,JPY
4612,NIPPON PAINT HOLDINGS,Chemicals,Equity,3154146600,0.11,3154146600,2705100,1166,Japan,Tokyo Stock Exchange,JPY,1,JPY
4755,RAKUTEN GROUP,Services,Equity,3142073900,0.11,3142073900,4148500,757.4,Japan,Tokyo Stock Exchange,JPY,1,JPY
7911,TOPPAN HOLDINGS,Other Products,Equity,3136967000,0.11,3136967000,616300,5090,Japan,Tokyo Stock Exchange,JPY,1,JPY
8113,UNICHARM,Chemicals,Equity,3125319120,0.11,3125319120,3187800,980.4,Japan,Tokyo Stock Exchange,JPY,1,JPY
1803,SHIMIZU,Construction,Equity,3121041000,0.11,3121041000,1362900,2290,Japan,Tokyo Stock Exchange,JPY,1,JPY
9042,HANKYU HANSHIN HOLDINGS,Land Transportation,Equity,3104935200,0.11,3104935200,669600,4637,Japan,Tokyo Stock Exchange,JPY,1,JPY
8136,SANRIO,Wholesale Trade,Equity,3103698100,0.11,3103698100,2668700,1163,Japan,Tokyo Stock Exchange,JPY,1,JPY
9147,NIPPON EXPRESS HOLDINGS,Land Transportation,Equity,3058622000,0.11,3058622000,554500,5516,Japan,Tokyo Stock Exchange,JPY,1,JPY
5411,JFE HOLDINGS,Iron & Steel,Equity,3055315700,0.11,3055315700,1702600,1794.5,Japan,Tokyo Stock Exchange,JPY,1,JPY
6479,MINEBEA MITSUMI INC,Electric Appliances,Equity,3047257200,0.11,3047257200,893100,3412,Japan,Tokyo Stock Exchange,JPY,1,JPY
5201,AGC,Glass & Ceramics Products,Equity,3023975000,0.11,3023975000,537500,5626,Japan,Tokyo Stock Exchange,JPY,1,JPY
5333,NGK,Glass & Ceramics Products,Equity,2996889000,0.11,2996889000,543900,5510,Japan,Tokyo Stock Exchange,JPY,1,JPY
8354,FUKUOKA FINANCIAL GROUP,Banks,Equity,2982108200,0.1,2982108200,399800,7459,Japan,Tokyo Stock Exchange,JPY,1,JPY
2269,MEIJI HOLDINGS LTD,Foods,Equity,2978752000,0.1,2978752000,697600,4270,Japan,Tokyo Stock Exchange,JPY,1,JPY
2801,KIKKOMAN CORP,Foods,Equity,2976963600,0.1,2976963600,1659400,1794,Japan,Tokyo Stock Exchange,JPY,1,JPY
3099,ISETAN MITSUKOSHI HOLDINGS,Retail Trade,Equity,2886611200,0.1,2886611200,838400,3443,Japan,Tokyo Stock Exchange,JPY,1,JPY
6532,BAYCURRENT INC,Services,Equity,2854196100,0.1,2854196100,384300,7427,Japan,Tokyo Stock Exchange,JPY,1,JPY
7202,ISUZU MOTORS,Transportation Equipment,Equity,2838553300,0.1,2838553300,1309900,2167,Japan,Tokyo Stock Exchange,JPY,1,JPY
2768,SOJITZ CORP,Wholesale Trade,Equity,2817698400,0.1,2817698400,519200,5427,Japan,Tokyo Stock Exchange,JPY,1,JPY
4528,ONO PHARMACEUTICAL,Pharmaceutical,Equity,2800218000,0.1,2800218000,1138300,2460,Japan,Tokyo Stock Exchange,JPY,1,JPY
5019,IDEMITSU KOSAN LTD,Oil & Coal Products,Equity,2799276900,0.1,2799276900,2093700,1337,Japan,Tokyo Stock Exchange,JPY,1,JPY
9962,MISUMI GROUP,Wholesale Trade,Equity,2792337600,0.1,2792337600,759200,3678,Japan,Tokyo Stock Exchange,JPY,1,JPY
6448,BROTHER INDUSTRIES,Electric Appliances,Equity,2790620100,0.1,2790620100,618900,4509,Japan,Tokyo Stock Exchange,JPY,1,JPY
6645,OMRON,Electric Appliances,Equity,2776490400,0.1,2776490400,431400,6436,Japan,Tokyo Stock Exchange,JPY,1,JPY
1878,DAITO TRUST CONSTRUCTION LTD,Real Estate ex REIT,Equity,2752165800,0.1,2752165800,851800,3231,Japan,Tokyo Stock Exchange,JPY,1,JPY
6506,YASKAWA ELECTRIC,Electric Appliances,Equity,2745945900,0.1,2745945900,557100,4929,Japan,Tokyo Stock Exchange,JPY,1,JPY
6976,TAIYO YUDEN LTD,Electric Appliances,Equity,2736295000,0.1,2736295000,282500,9686,Japan,Tokyo Stock Exchange,JPY,1,JPY
6841,YOKOGAWA ELECTRIC,Electric Appliances,Equity,2732502000,0.1,2732502000,538000,5079,Japan,Tokyo Stock Exchange,JPY,1,JPY
7259,AISIN,Transportation Equipment,Equity,2729151250,0.1,2729151250,1242500,2196.5,Japan,Tokyo Stock Exchange,JPY,1,JPY
7181,JAPAN POST INSURANCE LTD,Insurance,Equity,2693942400,0.09,2693942400,1650700,1632,Japan,Tokyo Stock Exchange,JPY,1,JPY
7701,SHIMADZU,Precision Instruments,Equity,2689563600,0.09,2689563600,675600,3981,Japan,Tokyo Stock Exchange,JPY,1,JPY
8359,HACHIJUNI NAGANO BANK,Banks,Equity,2640348000,0.09,2640348000,1033000,2556,Japan,Tokyo Stock Exchange,JPY,1,JPY
4204,SEKISUI CHEMICAL,Chemicals,Equity,2591446650,0.09,2591446650,1002300,2585.5,Japan,Tokyo Stock Exchange,JPY,1,JPY
8729,SONY FINANCIAL GROUP INC,Insurance,Equity,2571924600,0.09,2571924600,16614500,154.8,Japan,Tokyo Stock Exchange,JPY,1,JPY
9843,NITORI HOLDINGS,Retail Trade,Equity,2530252800,0.09,2530252800,870400,2907,Japan,Tokyo Stock Exchange,JPY,1,JPY
3003,HULIC,Real Estate ex REIT,Equity,2519920200,0.09,2519920200,1460400,1725.5,Japan,Tokyo Stock Exchange,JPY,1,JPY
5830,IYOGIN HOLDINGS INC,Banks,Equity,2504774000,0.09,2504774000,655700,3820,Japan,Tokyo Stock Exchange,JPY,1,JPY
6869,SYSMEX,Electric Appliances,Equity,2498817750,0.09,2498817750,1316900,1897.5,Japan,Tokyo Stock Exchange,JPY,1,JPY
7201,NISSAN MOTOR,Transportation Equipment,Equity,2455478000,0.09,2455478000,7770500,316,Japan,Tokyo Stock Exchange,JPY,1,JPY
2875,TOYO SUISAN LTD,Foods,Equity,2437050000,0.09,2437050000,232100,10500,Japan,Tokyo Stock Exchange,JPY,1,JPY
6856,HORIBA,Electric Appliances,Equity,2436417500,0.09,2436417500,104500,23315,Japan,Tokyo Stock Exchange,JPY,1,JPY
9684,SQUARE ENIX HLDG,Information & Communication,Equity,2422873800,0.08,2422873800,838800,2888.5,Japan,Tokyo Stock Exchange,JPY,1,JPY
6370,KURITA WATER INDUSTRIES,Machinery,Equity,2422272800,0.08,2422272800,309200,7834,Japan,Tokyo Stock Exchange,JPY,1,JPY
7747,ASAHI INTECC,Precision Instruments,Equity,2404251600,0.08,2404251600,605300,3972,Japan,Tokyo Stock Exchange,JPY,1,JPY
8334,GUNMA BANK,Banks,Equity,2393371500,0.08,2393371500,903500,2649,Japan,Tokyo Stock Exchange,JPY,1,JPY
3197,SKYLARK HOLDINGS,Retail Trade,Equity,2393401500,0.08,2393401500,735300,3255,Japan,Tokyo Stock Exchange,JPY,1,JPY
8377,HOKUHOKU FINANCIAL GROUP INC,Banks,Equity,2383026600,0.08,2383026600,299300,7962,Japan,Tokyo Stock Exchange,JPY,1,JPY
3088,MATSUKIYOKARA,Retail Trade,Equity,2333941800,0.08,2333941800,925800,2521,Japan,Tokyo Stock Exchange,JPY,1,JPY
9501,TOKYO ELECTRIC POWER HOLDINGS INC,Electric Power & Gas,Equity,2299210200,0.08,2299210200,4580100,502,Japan,Tokyo Stock Exchange,JPY,1,JPY
9508,KYUSHU ELECTRIC POWER,Electric Power & Gas,Equity,2196491400,0.08,2196491400,1172400,1873.5,Japan,Tokyo Stock Exchange,JPY,1,JPY
9005,TOKYU,Land Transportation,Equity,2157698650,0.08,2157698650,1307300,1650.5,Japan,Tokyo Stock Exchange,JPY,1,JPY
4186,TOKYO OHKA KOGYO,Chemicals,Equity,2132473200,0.07,2132473200,243100,8772,Japan,Tokyo Stock Exchange,JPY,1,JPY
4324,DENTSU GROUP,Services,Equity,2106633600,0.07,2106633600,606400,3474,Japan,Tokyo Stock Exchange,JPY,1,JPY
4005,SUMITOMO CHEMICAL,Chemicals,Equity,2099405160,0.07,2099405160,4099600,512.1,Japan,Tokyo Stock Exchange,JPY,1,JPY
5406,KOBE STEEL,Iron & Steel,Equity,2098991700,0.07,2098991700,1055300,1989,Japan,Tokyo Stock Exchange,JPY,1,JPY
3391,TSURUHA HOLDINGS,Retail Trade,Equity,2006444050,0.07,2006444050,841100,2385.5,Japan,Tokyo Stock Exchange,JPY,1,JPY
4021,NISSAN CHEMICAL,Chemicals,Equity,1990176800,0.07,1990176800,256400,7762,Japan,Tokyo Stock Exchange,JPY,1,JPY
9602,TOHO (TOKYO),Information & Communication,Equity,1985215500,0.07,1985215500,1293300,1535,Japan,Tokyo Stock Exchange,JPY,1,JPY
4768,OTSUKA CORP,Information & Communication,Equity,1979650000,0.07,1979650000,578000,3425,Japan,Tokyo Stock Exchange,JPY,1,JPY
4732,USS,Services,Equity,1955829600,0.07,1955829600,991800,1972,Japan,Tokyo Stock Exchange,JPY,1,JPY
5332,TOTO LTD,Glass & Ceramics Products,Equity,1952851200,0.07,1952851200,316200,6176,Japan,Tokyo Stock Exchange,JPY,1,JPY
3626,TISI,Information & Communication,Equity,1950183300,0.07,1950183300,521300,3741,Japan,Tokyo Stock Exchange,JPY,1,JPY
4042,TOSOH CORP,Chemicals,Equity,1926232000,0.07,1926232000,742000,2596,Japan,Tokyo Stock Exchange,JPY,1,JPY
9041,KINTETSU GROUP HOLDINGS LTD,Land Transportation,Equity,1919423100,0.07,1919423100,543900,3529,Japan,Tokyo Stock Exchange,JPY,1,JPY
6724,SEIKO EPSON,Electric Appliances,Equity,1910186500,0.07,1910186500,639500,2987,Japan,Tokyo Stock Exchange,JPY,1,JPY
4183,MITSUI CHEMICALS,Chemicals,Equity,1909486100,0.07,1909486100,916700,2083,Japan,Tokyo Stock Exchange,JPY,1,JPY
7261,MAZDA MOTOR,Transportation Equipment,Equity,1908569350,0.07,1908569350,1682300,1134.5,Japan,Tokyo Stock Exchange,JPY,1,JPY
9435,HIKARI TSUSHIN INC,Information & Communication,Equity,1906000000,0.07,1906000000,50000,38120,Japan,Tokyo Stock Exchange,JPY,1,JPY
7752,RICOH,Electric Appliances,Equity,1893333150,0.07,1893333150,1191900,1588.5,Japan,Tokyo Stock Exchange,JPY,1,JPY
1944,KINDEN,Construction,Equity,1871136000,0.07,1871136000,284800,6570,Japan,Tokyo Stock Exchange,JPY,1,JPY
2587,SUNTORY BEVERAGE & FOOD LTD,Foods,Equity,1870181100,0.07,1870181100,411300,4547,Japan,Tokyo Stock Exchange,JPY,1,JPY
6965,HAMAMATSU PHOTONICS,Electric Appliances,Equity,1850908500,0.06,1850908500,789300,2345,Japan,Tokyo Stock Exchange,JPY,1,JPY
6113,AMADA LTD,Machinery,Equity,1847689300,0.06,1847689300,724300,2551,Japan,Tokyo Stock Exchange,JPY,1,JPY
5101,YOKOHAMA RUBBER,Rubber Products,Equity,1842789600,0.06,1842789600,253200,7278,Japan,Tokyo Stock Exchange,JPY,1,JPY
6845,AZBIL CORP,Electric Appliances,Equity,1835163000,0.06,1835163000,1235800,1485,Japan,Tokyo Stock Exchange,JPY,1,JPY
6806,HIROSE ELECTRIC LTD,Electric Appliances,Equity,1821584000,0.06,1821584000,72400,25160,Japan,Tokyo Stock Exchange,JPY,1,JPY
2267,YAKULT HONSHA LTD,Foods,Equity,1817858000,0.06,1817858000,633400,2870,Japan,Tokyo Stock Exchange,JPY,1,JPY
3289,TOKYU FUDOSAN HOLDINGS,Real Estate ex REIT,Equity,1791598200,0.06,1791598200,1369200,1308.5,Japan,Tokyo Stock Exchange,JPY,1,JPY
2413,M3 INC,Services,Equity,1790192250,0.06,1790192250,1033300,1732.5,Japan,Tokyo Stock Exchange,JPY,1,JPY
3086,J.FRONT RETAILING,Retail Trade,Equity,1781776000,0.06,1781776000,617600,2885,Japan,Tokyo Stock Exchange,JPY,1,JPY
8341,77 BANK,Banks,Equity,1776444600,0.06,1776444600,480900,3694,Japan,Tokyo Stock Exchange,JPY,1,JPY
5711,MITSUBISHI MATERIALS,Nonferrous Metal,Equity,1766490000,0.06,1766490000,349800,5050,Japan,Tokyo Stock Exchange,JPY,1,JPY
5929,SANWA HOLDINGS,Metal Products,Equity,1756648600,0.06,1756648600,499900,3514,Japan,Tokyo Stock Exchange,JPY,1,JPY
9024,SEIBU HOLDINGS,Land Transportation,Equity,1751296400,0.06,1751296400,523400,3346,Japan,Tokyo Stock Exchange,JPY,1,JPY
9506,TOHOKU ELECTRIC POWER,Electric Power & Gas,Equity,1718991550,0.06,1718991550,1339300,1283.5,Japan,Tokyo Stock Exchange,JPY,1,JPY
6481,THK LTD,Machinery,Equity,1717984800,0.06,1717984800,249200,6894,Japan,Tokyo Stock Exchange,JPY,1,JPY
8233,TAKASHIMAYA,Retail Trade,Equity,1713169000,0.06,1713169000,754700,2270,Japan,Tokyo Stock Exchange,JPY,1,JPY
7729,TOKYO SEIMITSU LTD,Precision Instruments,Equity,1701295000,0.06,1701295000,96500,17630,Japan,Tokyo Stock Exchange,JPY,1,JPY
6465,HOSHIZAKI,Machinery,Equity,1691346000,0.06,1691346000,303000,5582,Japan,Tokyo Stock Exchange,JPY,1,JPY
1911,SUMITOMO FORESTRY,Construction,Equity,1685565250,0.06,1685565250,1294100,1302.5,Japan,Tokyo Stock Exchange,JPY,1,JPY
4676,FUJI MEDIA HOLDINGS INC,Information & Communication,Equity,1668530400,0.06,1668530400,400800,4163,Japan,Tokyo Stock Exchange,JPY,1,JPY
2897,NISSIN FOODS HOLDINGS LTD,Foods,Equity,1666281000,0.06,1666281000,565800,2945,Japan,Tokyo Stock Exchange,JPY,1,JPY
7459,MEDIPAL HOLDINGS CORP,Wholesale Trade,Equity,1650250450,0.06,1650250450,574900,2870.5,Japan,Tokyo Stock Exchange,JPY,1,JPY
4536,SANTEN PHARMACEUTICAL,Pharmaceutical,Equity,1614033150,0.06,1614033150,858300,1880.5,Japan,Tokyo Stock Exchange,JPY,1,JPY
5838,RAKUTEN BANK LTD,Banks,Equity,1597779000,0.06,1597779000,265500,6018,Japan,Tokyo Stock Exchange,JPY,1,JPY
7337,HIROGIN HOLDINGS INC,Banks,Equity,1588476000,0.06,1588476000,696700,2280,Japan,Tokyo Stock Exchange,JPY,1,JPY
2501,SAPPORO BREWERIES LIMITED,Foods,Equity,1586145600,0.06,1586145600,824400,1924,Japan,Tokyo Stock Exchange,JPY,1,JPY
8050,SEIKO GROUP CORP,Precision Instruments,Equity,1585920000,0.06,1585920000,141600,11200,Japan,Tokyo Stock Exchange,JPY,1,JPY
4403,NOF CORP,Chemicals,Equity,1581927600,0.06,1581927600,584600,2706,Japan,Tokyo Stock Exchange,JPY,1,JPY
9001,TOBU RAILWAY LTD,Land Transportation,Equity,1555117200,0.05,1555117200,525200,2961,Japan,Tokyo Stock Exchange,JPY,1,JPY
4151,KYOWA KIRIN LTD,Pharmaceutical,Equity,1553700000,0.05,1553700000,600000,2589.5,Japan,Tokyo Stock Exchange,JPY,1,JPY
6302,SUMITOMO HEAVY INDUSTRIES LTD,Machinery,Equity,1527338800,0.05,1527338800,280400,5447,Japan,Tokyo Stock Exchange,JPY,1,JPY
8418,YAMAGUCHI FINANCIAL GROUP,Banks,Equity,1512404800,0.05,1512404800,491200,3079,Japan,Tokyo Stock Exchange,JPY,1,JPY
4527,ROHTO PHARMACEUTICAL LTD,Pharmaceutical,Equity,1511334000,0.05,1511334000,538800,2805,Japan,Tokyo Stock Exchange,JPY,1,JPY
6134,FUJI CORP,Machinery,Equity,1507041200,0.05,1507041200,204400,7373,Japan,Tokyo Stock Exchange,JPY,1,JPY
4704,TREND MICRO,Information & Communication,Equity,1504552000,0.05,1504552000,268000,5614,Japan,Tokyo Stock Exchange,JPY,1,JPY
3861,OJI HOLDINGS,Pulp & Paper,Equity,1486231850,0.05,1486231850,1739300,854.5,Japan,Tokyo Stock Exchange,JPY,1,JPY
4751,CYBER AGENT,Services,Equity,1471900750,0.05,1471900750,1156700,1272.5,Japan,Tokyo Stock Exchange,JPY,1,JPY
7180,KYUSHU FINANCIAL GROUP INC,Banks,Equity,1445673600,0.05,1445673600,969600,1491,Japan,Tokyo Stock Exchange,JPY,1,JPY
1942,KANDENKO LTD,Construction,Equity,1444152800,0.05,1444152800,273100,5288,Japan,Tokyo Stock Exchange,JPY,1,JPY
9513,ELECTRIC POWER DEVELOPMENT LTD,Electric Power & Gas,Equity,1442790000,0.05,1442790000,369000,3910,Japan,Tokyo Stock Exchange,JPY,1,JPY
8804,TOKYO TATEMONO,Real Estate ex REIT,Equity,1440720000,0.05,1440720000,435000,3312,Japan,Tokyo Stock Exchange,JPY,1,JPY
9401,TBS HOLDINGS INC,Information & Communication,Equity,1438491900,0.05,1438491900,245100,5869,Japan,Tokyo Stock Exchange,JPY,1,JPY
5832,CHUGIN FINANCIAL GROUP INC,Banks,Equity,1425008000,0.05,1425008000,421600,3380,Japan,Tokyo Stock Exchange,JPY,1,JPY
7189,NISHI-NIPPON FINANCIAL HOLDINGS IN,Banks,Equity,1409590500,0.05,1409590500,306100,4605,Japan,Tokyo Stock Exchange,JPY,1,JPY
5938,LIXIL,Metal Products,Equity,1401414000,0.05,1401414000,820500,1708,Japan,Tokyo Stock Exchange,JPY,1,JPY
4182,MITSUBISHI GAS CHEMICAL INC,Chemicals,Equity,1388333600,0.05,1388333600,362300,3832,Japan,Tokyo Stock Exchange,JPY,1,JPY
5076,INFRONEER HOLDINGS,Construction,Equity,1385939050,0.05,1385939050,522700,2651.5,Japan,Tokyo Stock Exchange,JPY,1,JPY
7276,KOITO MANUFACTURING,Electric Appliances,Equity,1380478000,0.05,1380478000,526900,2620,Japan,Tokyo Stock Exchange,JPY,1,JPY
3064,MONOTARO LTD,Retail Trade,Equity,1372967500,0.05,1372967500,755000,1818.5,Japan,Tokyo Stock Exchange,JPY,1,JPY
2181,PERSOL HOLDINGS LTD,Services,Equity,1370438160,0.05,1370438160,4768400,287.4,Japan,Tokyo Stock Exchange,JPY,1,JPY
5991,NHK SPRING,Metal Products,Equity,1362893000,0.05,1362893000,395500,3446,Japan,Tokyo Stock Exchange,JPY,1,JPY
9143,SG HOLDINGS LTD,Land Transportation,Equity,1353820000,0.05,1353820000,852800,1587.5,Japan,Tokyo Stock Exchange,JPY,1,JPY
8303,SBI SHINSEI BANK,Banks,Equity,1326678500,0.05,1326678500,851800,1557.5,Japan,Tokyo Stock Exchange,JPY,1,JPY
9142,KYUSHU RAILWAY,Land Transportation,Equity,1317750400,0.05,1317750400,382400,3446,Japan,Tokyo Stock Exchange,JPY,1,JPY
5393,NICHIAS CORP,Glass & Ceramics Products,Equity,1315953000,0.05,1315953000,399500,3294,Japan,Tokyo Stock Exchange,JPY,1,JPY
6268,NABTESCO,Machinery,Equity,1315699200,0.05,1315699200,291600,4512,Japan,Tokyo Stock Exchange,JPY,1,JPY
9007,ODAKYU ELECTRIC RAILWAY,Land Transportation,Equity,1314169500,0.05,1314169500,771000,1704.5,Japan,Tokyo Stock Exchange,JPY,1,JPY
9404,NIPPON TELEVISION HOLDINGS INC,Information & Communication,Equity,1311945000,0.05,1311945000,447000,2935,Japan,Tokyo Stock Exchange,JPY,1,JPY
5714,DOWA HOLDINGS LTD,Nonferrous Metal,Equity,1309285800,0.05,1309285800,141300,9266,Japan,Tokyo Stock Exchange,JPY,1,JPY
5105,TOYO TIRE,Rubber Products,Equity,1277385800,0.04,1277385800,351800,3631,Japan,Tokyo Stock Exchange,JPY,1,JPY
5233,TAIHEIYO CEMENT,Glass & Ceramics Products,Equity,1276870000,0.04,1276870000,314500,4060,Japan,Tokyo Stock Exchange,JPY,1,JPY
6269,MODEC INC,Machinery,Equity,1275228300,0.04,1275228300,129900,9817,Japan,Tokyo Stock Exchange,JPY,1,JPY
2809,KEWPIE CORP,Foods,Equity,1274457600,0.04,1274457600,269100,4736,Japan,Tokyo Stock Exchange,JPY,1,JPY
8227,SHIMAMURA LTD,Retail Trade,Equity,1266573100,0.04,1266573100,379100,3341,Japan,Tokyo Stock Exchange,JPY,1,JPY
3231,NOMURA REAL ESTATE HOLDINGS INC,Real Estate ex REIT,Equity,1265583760,0.04,1265583760,1397200,905.8,Japan,Tokyo Stock Exchange,JPY,1,JPY
2371,KAKAKU.COM,Services,Equity,1255410000,0.04,1255410000,339300,3700,Japan,Tokyo Stock Exchange,JPY,1,JPY
3405,KURARAY,Chemicals,Equity,1251987000,0.04,1251987000,689800,1815,Japan,Tokyo Stock Exchange,JPY,1,JPY
3132,MACNICA HOLDINGS INC,Wholesale Trade,Equity,1235160000,0.04,1235160000,376000,3285,Japan,Tokyo Stock Exchange,JPY,1,JPY
3288,OPEN HOUSE GROUP LTD,Real Estate ex REIT,Equity,1234635000,0.04,1234635000,155300,7950,Japan,Tokyo Stock Exchange,JPY,1,JPY
4980,DEXERIALS CORP,Chemicals,Equity,1232426650,0.04,1232426650,431900,2853.5,Japan,Tokyo Stock Exchange,JPY,1,JPY
1808,HASEKO,Construction,Equity,1230539200,0.04,1230539200,444800,2766.5,Japan,Tokyo Stock Exchange,JPY,1,JPY
7731,NIKON,Precision Instruments,Equity,1224585000,0.04,1224585000,634500,1930,Japan,Tokyo Stock Exchange,JPY,1,JPY
2579,COCA-COLA BOTTLERS JAPAN HOLDINGS,Foods,Equity,1217695500,0.04,1217695500,325500,3741,Japan,Tokyo Stock Exchange,JPY,1,JPY
5631,JAPAN STEEL WORKS LTD,Machinery,Equity,1217409500,0.04,1217409500,155500,7829,Japan,Tokyo Stock Exchange,JPY,1,JPY
4203,SUMITOMO BAKELITE LTD,Chemicals,Equity,1215321900,0.04,1215321900,167700,7247,Japan,Tokyo Stock Exchange,JPY,1,JPY
2212,YAMAZAKI BAKING LTD,Foods,Equity,1195323200,0.04,1195323200,335200,3566,Japan,Tokyo Stock Exchange,JPY,1,JPY
1951,EXEO GROUP INC,Construction,Equity,1192980100,0.04,1192980100,469400,2541.5,Japan,Tokyo Stock Exchange,JPY,1,JPY
9064,YAMATO HOLDINGS,Land Transportation,Equity,1185641200,0.04,1185641200,617200,1921,Japan,Tokyo Stock Exchange,JPY,1,JPY
5444,YAMATO KOGYO,Iron & Steel,Equity,1182832000,0.04,1182832000,94400,12530,Japan,Tokyo Stock Exchange,JPY,1,JPY
6323,RORZE,Machinery,Equity,1180975500,0.04,1180975500,301500,3917,Japan,Tokyo Stock Exchange,JPY,1,JPY
9072,NIKKON HOLDINGS LTD,Land Transportation,Equity,1179387000,0.04,1179387000,216600,5445,Japan,Tokyo Stock Exchange,JPY,1,JPY
4912,LION,Chemicals,Equity,1178217000,0.04,1178217000,638600,1845,Japan,Tokyo Stock Exchange,JPY,1,JPY
2784,ALFRESA HOLDINGS CORP,Wholesale Trade,Equity,1177223400,0.04,1177223400,509400,2311,Japan,Tokyo Stock Exchange,JPY,1,JPY
5021,COSMO ENERGY HOLDINGS,Oil & Coal Products,Equity,1176478400,0.04,1176478400,282400,4166,Japan,Tokyo Stock Exchange,JPY,1,JPY
8088,IWATANI,Wholesale Trade,Equity,1174516200,0.04,1174516200,534600,2197,Japan,Tokyo Stock Exchange,JPY,1,JPY
9023,TOKYO METRO LTD,Land Transportation,Equity,1174384900,0.04,1174384900,810200,1449.5,Japan,Tokyo Stock Exchange,JPY,1,JPY
1721,COMSYS HOLDINGS CORP,Construction,Equity,1165604000,0.04,1165604000,224500,5192,Japan,Tokyo Stock Exchange,JPY,1,JPY
4626,TAIYO HOLDINGS LTD,Chemicals,Equity,1162353000,0.04,1162353000,244500,4754,Japan,Tokyo Stock Exchange,JPY,1,JPY
9831,YAMADA HOLDINGS,Retail Trade,Equity,1161498800,0.04,1161498800,1655500,701.6,Japan,Tokyo Stock Exchange,JPY,1,JPY
5344,MARUWA (OWARIASAHI) LTD,Glass & Ceramics Products,Equity,1160922000,0.04,1160922000,21100,55020,Japan,Tokyo Stock Exchange,JPY,1,JPY
3038,KOBE BUSSAN,Wholesale Trade,Equity,1160157500,0.04,1160157500,416200,2787.5,Japan,Tokyo Stock Exchange,JPY,1,JPY
4613,KANSAI PAINT,Chemicals,Equity,1158927000,0.04,1158927000,406000,2854.5,Japan,Tokyo Stock Exchange,JPY,1,JPY
9009,KEISEI ELECTRIC RAILWAY,Land Transportation,Equity,1153676200,0.04,1153676200,885400,1303,Japan,Tokyo Stock Exchange,JPY,1,JPY
7327,DAISHI HOKUETSU FINANCIAL GROUP,Banks,Equity,1145544000,0.04,1145544000,472000,2427,Japan,Tokyo Stock Exchange,JPY,1,JPY
1963,JGC HOLDINGS CORP,Construction,Equity,1139497450,0.04,1139497450,511100,2229.5,Japan,Tokyo Stock Exchange,JPY,1,JPY
8253,CREDIT SAISON,Other Financing Business,Equity,1139224800,0.04,1139224800,245100,4648,Japan,Tokyo Stock Exchange,JPY,1,JPY
2282,NH FOODS,Foods,Equity,1132807500,0.04,1132807500,179100,6325,Japan,Tokyo Stock Exchange,JPY,1,JPY
5901,TOYO SEIKAN GROUP HOLDINGS,Metal Products,Equity,1128508800,0.04,1128508800,262200,4304,Japan,Tokyo Stock Exchange,JPY,1,JPY
6754,ANRITSU CORP,Electric Appliances,Equity,1124895500,0.04,1124895500,337300,3335,Japan,Tokyo Stock Exchange,JPY,1,JPY
6460,SEGA SAMMY HOLDINGS,Machinery,Equity,1115353650,0.04,1115353650,406100,2746.5,Japan,Tokyo Stock Exchange,JPY,1,JPY
1969,TAKASAGO THERMAL ENGINEERING,Construction,Equity,1108612800,0.04,1108612800,267200,4149,Japan,Tokyo Stock Exchange,JPY,1,JPY
6305,HITACHI CONSTRUCTION MACHINERY LTD,Machinery,Equity,1106764000,0.04,1106764000,204200,5420,Japan,Tokyo Stock Exchange,JPY,1,JPY
8012,NAGASE LTD,Wholesale Trade,Equity,1106420250,0.04,1106420250,920100,1202.5,Japan,Tokyo Stock Exchange,JPY,1,JPY
3769,GMO PAYMENT GATEWAY INC,Information & Communication,Equity,1095449500,0.04,1095449500,116500,9403,Japan,Tokyo Stock Exchange,JPY,1,JPY
6674,GS YUASA,Electric Appliances,Equity,1082358200,0.04,1082358200,209800,5159,Japan,Tokyo Stock Exchange,JPY,1,JPY
9364,KAMIGUMI,Warehousing & Harbor Transportation Services,Equity,1079357800,0.04,1079357800,223100,4838,Japan,Tokyo Stock Exchange,JPY,1,JPY
6508,MEIDENSHA CORP,Electric Appliances,Equity,1078974000,0.04,1078974000,95400,11310,Japan,Tokyo Stock Exchange,JPY,1,JPY
7762,CITIZEN WATCH LTD,Precision Instruments,Equity,1071445000,0.04,1071445000,421000,2545,Japan,Tokyo Stock Exchange,JPY,1,JPY
8304,AOZORA BANK,Banks,Equity,1065763800,0.04,1065763800,318900,3342,Japan,Tokyo Stock Exchange,JPY,1,JPY
6141,DMG MORI,Machinery,Equity,1058816000,0.04,1058816000,352000,3008,Japan,Tokyo Stock Exchange,JPY,1,JPY
6871,MICRONICS JAPAN,Electric Appliances,Equity,1056268000,0.04,1056268000,76100,13880,Japan,Tokyo Stock Exchange,JPY,1,JPY
9048,NAGOYA RAILROAD,Land Transportation,Equity,1049256600,0.04,1049256600,561400,1869,Japan,Tokyo Stock Exchange,JPY,1,JPY
4631,DIC,Chemicals,Equity,1048296200,0.04,1048296200,200900,5218,Japan,Tokyo Stock Exchange,JPY,1,JPY
7003,MITSUI E&S LTD,Machinery,Equity,1043860000,0.04,1043860000,254600,4100,Japan,Tokyo Stock Exchange,JPY,1,JPY
4385,MERCARI,Information & Communication,Equity,1043100000,0.04,1043100000,219600,4750,Japan,Tokyo Stock Exchange,JPY,1,JPY
6471,NSK,Machinery,Equity,1041564000,0.04,1041564000,951200,1095,Japan,Tokyo Stock Exchange,JPY,1,JPY
5805,SWCC CORP,Nonferrous Metal,Equity,1039368000,0.04,1039368000,76200,13640,Japan,Tokyo Stock Exchange,JPY,1,JPY
7173,TOKYO KIRABOSHI FINANCIAL GROUP IN,Banks,Equity,1029275100,0.04,1029275100,605100,1701,Japan,Tokyo Stock Exchange,JPY,1,JPY
2331,ALSOK LTD,Services,Equity,1027151900,0.04,1027151900,873800,1175.5,Japan,Tokyo Stock Exchange,JPY,1,JPY
8368,HYAKUGO BANK,Banks,Equity,1027180600,0.04,1027180600,471400,2179,Japan,Tokyo Stock Exchange,JPY,1,JPY
7951,YAMAHA,Other Products,Equity,1016497800,0.04,1016497800,792900,1282,Japan,Tokyo Stock Exchange,JPY,1,JPY
9468,KADOKAWA,Information & Communication,Equity,1011381000,0.04,1011381000,283300,3570,Japan,Tokyo Stock Exchange,JPY,1,JPY
5110,SUMITOMO RUBBER INDUSTRIES,Rubber Products,Equity,1010696750,0.04,1010696750,450500,2243.5,Japan,Tokyo Stock Exchange,JPY,1,JPY
6473,JTEKT,Machinery,Equity,991135600,0.03,991135600,484900,2044,Japan,Tokyo Stock Exchange,JPY,1,JPY
3291,IIDA GROUP HOLDINGS,Real Estate ex REIT,Equity,990103950,0.03,990103950,431700,2293.5,Japan,Tokyo Stock Exchange,JPY,1,JPY
2002,NISSHIN SEIFUN GROUP,Foods,Equity,985931100,0.03,985931100,485800,2029.5,Japan,Tokyo Stock Exchange,JPY,1,JPY
9706,JAPAN AIRPORT TERMINAL,Real Estate ex REIT,Equity,985182000,0.03,985182000,177000,5566,Japan,Tokyo Stock Exchange,JPY,1,JPY
6728,ULVAC,Electric Appliances,Equity,978185000,0.03,978185000,131300,7450,Japan,Tokyo Stock Exchange,JPY,1,JPY
3774,INTERNET INITIATIVE JAPAN INC,Information & Communication,Equity,968197900,0.03,968197900,279100,3469,Japan,Tokyo Stock Exchange,JPY,1,JPY
1893,PENTA-OCEAN CONSTRUCTION LTD,Construction,Equity,967015800,0.03,967015800,707400,1367,Japan,Tokyo Stock Exchange,JPY,1,JPY
3110,NITTO BOSEKI LTD,Glass & Ceramics Products,Equity,965311200,0.03,965311200,322200,2996,Japan,Tokyo Stock Exchange,JPY,1,JPY
5947,RINNAI CORP,Metal Products,Equity,964516800,0.03,964516800,270400,3567,Japan,Tokyo Stock Exchange,JPY,1,JPY
2871,NICHIREI,Foods,Equity,956133600,0.03,956133600,444300,2152,Japan,Tokyo Stock Exchange,JPY,1,JPY
8020,KANEMATSU,Wholesale Trade,Equity,950822400,0.03,950822400,450200,2112,Japan,Tokyo Stock Exchange,JPY,1,JPY
3092,ZOZO INC,Retail Trade,Equity,944714400,0.03,944714400,848800,1113,Japan,Tokyo Stock Exchange,JPY,1,JPY
4208,UBE,Chemicals,Equity,941374000,0.03,941374000,266000,3539,Japan,Tokyo Stock Exchange,JPY,1,JPY
8439,TOKYO CENTURY,Other Financing Business,Equity,938426250,0.03,938426250,376500,2492.5,Japan,Tokyo Stock Exchange,JPY,1,JPY
7988,NIFCO INC,Chemicals,Equity,938100800,0.03,938100800,190400,4927,Japan,Tokyo Stock Exchange,JPY,1,JPY
6417,SANKYO LTD,Machinery,Equity,933774550,0.03,933774550,484700,1926.5,Japan,Tokyo Stock Exchange,JPY,1,JPY
9065,SANKYU,Land Transportation,Equity,928883700,0.03,928883700,110700,8391,Japan,Tokyo Stock Exchange,JPY,1,JPY
6368,ORGANO CORP,Machinery,Equity,927584000,0.03,927584000,70700,13120,Japan,Tokyo Stock Exchange,JPY,1,JPY
8252,MARUI GROUP,Retail Trade,Equity,926261600,0.03,926261600,314200,2948,Japan,Tokyo Stock Exchange,JPY,1,JPY
6952,CASIO COMPUTER LTD,Electric Appliances,Equity,924540000,0.03,924540000,405500,2280,Japan,Tokyo Stock Exchange,JPY,1,JPY
5463,MARUICHI STEEL TUBE LTD,Iron & Steel,Equity,920227600,0.03,920227600,527200,1745.5,Japan,Tokyo Stock Exchange,JPY,1,JPY
9987,SUZUKEN LTD,Wholesale Trade,Equity,915691000,0.03,915691000,179900,5090,Japan,Tokyo Stock Exchange,JPY,1,JPY
7164,ZENKOKU HOSHO LTD,Other Financing Business,Equity,913853200,0.03,913853200,288100,3172,Japan,Tokyo Stock Exchange,JPY,1,JPY
7389,AICHI FINANCIAL GROUP INC,Banks,Equity,909089100,0.03,909089100,513900,1769,Japan,Tokyo Stock Exchange,JPY,1,JPY
4681,RESORT TRUST,Services,Equity,908412000,0.03,908412000,496400,1830,Japan,Tokyo Stock Exchange,JPY,1,JPY
8366,SHIGA BANK,Banks,Equity,905097800,0.03,905097800,343100,2638,Japan,Tokyo Stock Exchange,JPY,1,JPY
7867,TOMY LTD,Other Products,Equity,899072400,0.03,899072400,251700,3572,Japan,Tokyo Stock Exchange,JPY,1,JPY
8060,CANON MARKETING JAPAN INC,Wholesale Trade,Equity,898342800,0.03,898342800,254200,3534,Japan,Tokyo Stock Exchange,JPY,1,JPY
9006,KEIKYU,Land Transportation,Equity,895236300,0.03,895236300,581700,1539,Japan,Tokyo Stock Exchange,JPY,1,JPY
3105,NISSHINBO HOLDINGS INC,Electric Appliances,Equity,895385400,0.03,895385400,418600,2139,Japan,Tokyo Stock Exchange,JPY,1,JPY
1860,TODA,Construction,Equity,894125050,0.03,894125050,609700,1466.5,Japan,Tokyo Stock Exchange,JPY,1,JPY
5301,TOKAI CARBON LTD,Glass & Ceramics Products,Equity,890749000,0.03,890749000,513400,1735,Japan,Tokyo Stock Exchange,JPY,1,JPY
4716,ORACLE JAPAN CORP,Information & Communication,Equity,887213700,0.03,887213700,97700,9081,Japan,Tokyo Stock Exchange,JPY,1,JPY
7380,JUROKU FINANCIAL GROUP INC,Banks,Equity,880507500,0.03,880507500,351500,2505,Japan,Tokyo Stock Exchange,JPY,1,JPY
1959,KRAFTIA CORP,Construction,Equity,875418400,0.03,875418400,109100,8024,Japan,Tokyo Stock Exchange,JPY,1,JPY
2531,TAKARA HOLDINGS,Foods,Equity,872678400,0.03,872678400,413200,2112,Japan,Tokyo Stock Exchange,JPY,1,JPY
6407,CKD CORP,Machinery,Equity,868428000,0.03,868428000,154800,5610,Japan,Tokyo Stock Exchange,JPY,1,JPY
6592,MABUCHI MOTOR,Electric Appliances,Equity,861610750,0.03,861610750,500500,1721.5,Japan,Tokyo Stock Exchange,JPY,1,JPY
5471,DAIDO STEEL,Iron & Steel,Equity,860975500,0.03,860975500,374500,2299,Japan,Tokyo Stock Exchange,JPY,1,JPY
9069,SENKO GROUP HOLDINGS LTD,Land Transportation,Equity,861228900,0.03,861228900,371700,2317,Japan,Tokyo Stock Exchange,JPY,1,JPY
2264,MORINAGA MILK INDUSTRY,Foods,Equity,859548100,0.03,859548100,721400,1191.5,Japan,Tokyo Stock Exchange,JPY,1,JPY
9507,SHIKOKU ELECTRIC POWER INC,Electric Power & Gas,Equity,855532350,0.03,855532350,474900,1801.5,Japan,Tokyo Stock Exchange,JPY,1,JPY
9008,KEIO,Land Transportation,Equity,853051500,0.03,853051500,1115100,765,Japan,Tokyo Stock Exchange,JPY,1,JPY
4401,ADEKA,Chemicals,Equity,848068000,0.03,848068000,188000,4511,Japan,Tokyo Stock Exchange,JPY,1,JPY
4205,ZEON JAPAN CORP,Chemicals,Equity,846842050,0.03,846842050,358300,2363.5,Japan,Tokyo Stock Exchange,JPY,1,JPY
9504,CHUGOKU ELECTRIC POWER,Electric Power & Gas,Equity,843511240,0.03,843511240,886600,951.4,Japan,Tokyo Stock Exchange,JPY,1,JPY
6526,SOCIONEXT,Electric Appliances,Equity,841569500,0.03,841569500,444100,1895,Japan,Tokyo Stock Exchange,JPY,1,JPY
6770,ALPS ALPINE,Electric Appliances,Equity,841719200,0.03,841719200,397600,2117,Japan,Tokyo Stock Exchange,JPY,1,JPY
9045,KEIHAN HOLDINGS LTD,Land Transportation,Equity,839715000,0.03,839715000,267000,3145,Japan,Tokyo Stock Exchange,JPY,1,JPY
1417,MIRAIT ONE CORP,Construction,Equity,836993300,0.03,836993300,243100,3443,Japan,Tokyo Stock Exchange,JPY,1,JPY
8358,SURUGA BANK LTD,Banks,Equity,833140500,0.03,833140500,294500,2829,Japan,Tokyo Stock Exchange,JPY,1,JPY
4967,KOBAYASHI PHARMACEUTICAL LTD,Chemicals,Equity,831450000,0.03,831450000,150000,5543,Japan,Tokyo Stock Exchange,JPY,1,JPY
9934,INABA DENKISANGYO LTD,Wholesale Trade,Equity,829492800,0.03,829492800,283200,2929,Japan,Tokyo Stock Exchange,JPY,1,JPY
9301,MITSUBISHI LOGISTICS,Warehousing & Harbor Transportation Services,Equity,825571750,0.03,825571750,551300,1497.5,Japan,Tokyo Stock Exchange,JPY,1,JPY
9533,TOHO GAS,Electric Power & Gas,Equity,824084250,0.03,824084250,696900,1182.5,Japan,Tokyo Stock Exchange,JPY,1,JPY
1332,NISSUI CORP,"Fishery, Agriculture & Forestry",Equity,821243500,0.03,821243500,639100,1285,Japan,Tokyo Stock Exchange,JPY,1,JPY
8524,NORTH PACIFIC BANK LTD,Banks,Equity,820382500,0.03,820382500,647500,1267,Japan,Tokyo Stock Exchange,JPY,1,JPY
5857,ARE HOLDINGS,Nonferrous Metal,Equity,817366000,0.03,817366000,233200,3505,Japan,Tokyo Stock Exchange,JPY,1,JPY
6951,JEOL,Electric Appliances,Equity,817414200,0.03,817414200,117800,6939,Japan,Tokyo Stock Exchange,JPY,1,JPY
1662,JAPAN PETROLEUM EXPLORATION,Mining,Equity,816130000,0.03,816130000,445000,1834,Japan,Tokyo Stock Exchange,JPY,1,JPY
4114,NIPPON SHOKUBAI LTD,Chemicals,Equity,815458000,0.03,815458000,314000,2597,Japan,Tokyo Stock Exchange,JPY,1,JPY
5214,NIPPON ELECTRIC GLASS,Glass & Ceramics Products,Equity,815604600,0.03,815604600,170700,4778,Japan,Tokyo Stock Exchange,JPY,1,JPY
8370,THE KIYO BANK,Banks,Equity,805723500,0.03,805723500,166300,4845,Japan,Tokyo Stock Exchange,JPY,1,JPY
8361,OGAKI KYORITSU BANK LTD,Banks,Equity,805336000,0.03,805336000,102200,7880,Japan,Tokyo Stock Exchange,JPY,1,JPY
3941,RENGO LTD,Pulp & Paper,Equity,804034000,0.03,804034000,522100,1540,Japan,Tokyo Stock Exchange,JPY,1,JPY
2433,HAKUHODO DY HOLDINGS INC,Services,Equity,803562600,0.03,803562600,623400,1289,Japan,Tokyo Stock Exchange,JPY,1,JPY
7984,KOKUYO LTD,Other Products,Equity,801861560,0.03,801861560,933700,858.8,Japan,Tokyo Stock Exchange,JPY,1,JPY
8078,HANWA LTD,Wholesale Trade,Equity,798909300,0.03,798909300,443100,1803,Japan,Tokyo Stock Exchange,JPY,1,JPY
8381,SAN IN GODO BANK LTD,Banks,Equity,798052800,0.03,798052800,313700,2544,Japan,Tokyo Stock Exchange,JPY,1,JPY
7282,TOYODA GOSEI,Transportation Equipment,Equity,794331600,0.03,794331600,157200,5053,Japan,Tokyo Stock Exchange,JPY,1,JPY
2670,ABC MART INC,Retail Trade,Equity,790867400,0.03,790867400,285100,2774,Japan,Tokyo Stock Exchange,JPY,1,JPY
6787,MEIKO ELECTRONICS,Electric Appliances,Equity,787411000,0.03,787411000,45700,17230,Japan,Tokyo Stock Exchange,JPY,1,JPY
6135,MAKINO MILLING MACHINE LTD,Machinery,Equity,787323000,0.03,787323000,51900,15170,Japan,Tokyo Stock Exchange,JPY,1,JPY
3401,TEIJIN,Textiles & Apparel,Equity,785212200,0.03,785212200,454800,1726.5,Japan,Tokyo Stock Exchange,JPY,1,JPY
7649,SUGI HOLDINGS LTD,Retail Trade,Equity,780589000,0.03,780589000,289000,2701,Japan,Tokyo Stock Exchange,JPY,1,JPY
6324,HARMONIC DRIVE SYSTEMS,Machinery,Equity,777924000,0.03,777924000,137200,5670,Japan,Tokyo Stock Exchange,JPY,1,JPY
1980,DAI DAN LTD,Construction,Equity,770428800,0.03,770428800,289200,2664,Japan,Tokyo Stock Exchange,JPY,1,JPY
9412,SKY PERFECT JSAT,Information & Communication,Equity,764568000,0.03,764568000,344400,2220,Japan,Tokyo Stock Exchange,JPY,1,JPY
6923,STANLEY ELECTRIC,Electric Appliances,Equity,763162500,0.03,763162500,216500,3525,Japan,Tokyo Stock Exchange,JPY,1,JPY
8056,BIPROGY,Information & Communication,Equity,760580000,0.03,760580000,170000,4474,Japan,Tokyo Stock Exchange,JPY,1,JPY
4202,DAICEL,Chemicals,Equity,760599700,0.03,760599700,536200,1418.5,Japan,Tokyo Stock Exchange,JPY,1,JPY
8242,H2O RETAILING CORP,Retail Trade,Equity,757946700,0.03,757946700,264600,2864.5,Japan,Tokyo Stock Exchange,JPY,1,JPY
9861,YOSHINOYA HOLDINGS LTD,Retail Trade,Equity,745668000,0.03,745668000,198000,3766,Japan,Tokyo Stock Exchange,JPY,1,JPY
5741,UACJ,Nonferrous Metal,Equity,742656600,0.03,742656600,318600,2331,Japan,Tokyo Stock Exchange,JPY,1,JPY
2206,EZAKI GLICO,Foods,Equity,740980500,0.03,740980500,144300,5135,Japan,Tokyo Stock Exchange,JPY,1,JPY
3994,MONEY FORWARD,Information & Communication,Equity,738361000,0.03,738361000,128500,5746,Japan,Tokyo Stock Exchange,JPY,1,JPY
8714,SENSHU IKEDA HOLDINGS INC,Banks,Equity,734025600,0.03,734025600,695100,1056,Japan,Tokyo Stock Exchange,JPY,1,JPY
6005,MIURA,Machinery,Equity,729494100,0.03,729494100,239100,3051,Japan,Tokyo Stock Exchange,JPY,1,JPY
4118,KANEKA CORP,Chemicals,Equity,729591500,0.03,729591500,119900,6085,Japan,Tokyo Stock Exchange,JPY,1,JPY
4902,KONICA MINOLTA,Electric Appliances,Equity,722904680,0.03,722904680,1162600,621.8,Japan,Tokyo Stock Exchange,JPY,1,JPY
1961,SANKI ENGINEERING,Construction,Equity,722491200,0.03,722491200,306400,2358,Japan,Tokyo Stock Exchange,JPY,1,JPY
2222,KOTOBUKI SPIRITS LTD,Foods,Equity,719679600,0.03,719679600,266400,2701.5,Japan,Tokyo Stock Exchange,JPY,1,JPY
6925,USHIO INC,Electric Appliances,Equity,716625000,0.03,716625000,191100,3750,Japan,Tokyo Stock Exchange,JPY,1,JPY
8174,NIPPON GAS LTD,Retail Trade,Equity,713451200,0.03,713451200,246400,2895.5,Japan,Tokyo Stock Exchange,JPY,1,JPY
4666,PARK24,Real Estate ex REIT,Equity,712906200,0.02,712906200,360600,1977,Japan,Tokyo Stock Exchange,JPY,1,JPY
1719,HAZAMA ANDO CORP,Construction,Equity,712576900,0.02,712576900,382900,1861,Japan,Tokyo Stock Exchange,JPY,1,JPY
4043,TOKUYAMA,Chemicals,Equity,712119500,0.02,712119500,178700,3985,Japan,Tokyo Stock Exchange,JPY,1,JPY
3107,DAIWABO HOLDINGS LTD,Wholesale Trade,Equity,711164500,0.02,711164500,202900,3505,Japan,Tokyo Stock Exchange,JPY,1,JPY
8367,NANTO BANK,Banks,Equity,706687500,0.02,706687500,376900,1875,Japan,Tokyo Stock Exchange,JPY,1,JPY
9076,SEINO HOLDINGS LTD,Land Transportation,Equity,701964000,0.02,701964000,251600,2790,Japan,Tokyo Stock Exchange,JPY,1,JPY
2229,CALBEE INC,Foods,Equity,701547000,0.02,701547000,231000,3037,Japan,Tokyo Stock Exchange,JPY,1,JPY
4733,OBIC BUSINESS CONSULTANTS LTD,Information & Communication,Equity,700892200,0.02,700892200,86200,8131,Japan,Tokyo Stock Exchange,JPY,1,JPY
4506,SUMITOMO PHARMA LTD,Pharmaceutical,Equity,700099200,0.02,700099200,518400,1350.5,Japan,Tokyo Stock Exchange,JPY,1,JPY
6507,SINFONIA TECHNOLOGY LTD,Electric Appliances,Equity,697210000,0.02,697210000,56500,12340,Japan,Tokyo Stock Exchange,JPY,1,JPY
4272,NIPPON KAYAKU LTD,Chemicals,Equity,696484250,0.02,696484250,339500,2051.5,Japan,Tokyo Stock Exchange,JPY,1,JPY
3387,CREATE RESTAURANTS HOLDINGS INC,Retail Trade,Equity,696052500,0.02,696052500,907500,767,Japan,Tokyo Stock Exchange,JPY,1,JPY
2811,KAGOME LTD,Foods,Equity,691730000,0.02,691730000,260000,2660.5,Japan,Tokyo Stock Exchange,JPY,1,JPY
9044,NANKAI,Land Transportation,Equity,687544200,0.02,687544200,232200,2961,Japan,Tokyo Stock Exchange,JPY,1,JPY
7014,NAMURA SHIPBUILDING,Transportation Equipment,Equity,682539000,0.02,682539000,159100,4290,Japan,Tokyo Stock Exchange,JPY,1,JPY
7419,NOJIMA,Retail Trade,Equity,681600000,0.02,681600000,532500,1280,Japan,Tokyo Stock Exchange,JPY,1,JPY
429A,TEKSCEND PHOTOMASK CORP,Other Products,Equity,680442000,0.02,680442000,190600,3570,Japan,Tokyo Stock Exchange,JPY,1,JPY
9616,KYORITSU MAINTENANCE,Services,Equity,679744000,0.02,679744000,208000,3268,Japan,Tokyo Stock Exchange,JPY,1,JPY
8282,KS HOLDINGS CORP,Retail Trade,Equity,672610800,0.02,672610800,351600,1913,Japan,Tokyo Stock Exchange,JPY,1,JPY
6544,JAPAN ELEVATOR SERVICE HOLDINGS LT,Services,Equity,672067500,0.02,672067500,440700,1525,Japan,Tokyo Stock Exchange,JPY,1,JPY
4061,DENKA CO LTD,Chemicals,Equity,670126200,0.02,670126200,202700,3306,Japan,Tokyo Stock Exchange,JPY,1,JPY
6136,OSG CORP,Machinery,Equity,669740800,0.02,669740800,184400,3632,Japan,Tokyo Stock Exchange,JPY,1,JPY
7211,MITSUBISHI MOTORS,Transportation Equipment,Equity,669440550,0.02,669440550,1976500,338.7,Japan,Tokyo Stock Exchange,JPY,1,JPY
8388,AWA BANK LTD,Banks,Equity,669010000,0.02,669010000,74500,8980,Japan,Tokyo Stock Exchange,JPY,1,JPY
6703,OKI ELECTRIC INDUSTRY LTD,Electric Appliances,Equity,667614100,0.02,667614100,250700,2663,Japan,Tokyo Stock Exchange,JPY,1,JPY
6432,TAKEUCHI MFG,Machinery,Equity,666432000,0.02,666432000,93600,7120,Japan,Tokyo Stock Exchange,JPY,1,JPY
4680,ROUND ONE CORP,Services,Equity,662029200,0.02,662029200,500400,1323,Japan,Tokyo Stock Exchange,JPY,1,JPY
8086,NIPRO,Precision Instruments,Equity,661752000,0.02,661752000,424200,1560,Japan,Tokyo Stock Exchange,JPY,1,JPY
2810,HOUSE FOODS GROUP,Foods,Equity,658875000,0.02,658875000,175000,3765,Japan,Tokyo Stock Exchange,JPY,1,JPY
4540,TSUMURA,Pharmaceutical,Equity,656012300,0.02,656012300,176300,3721,Japan,Tokyo Stock Exchange,JPY,1,JPY
6590,SHIBAURA MECHATRONICS CORP,Electric Appliances,Equity,653901000,0.02,653901000,159100,4110,Japan,Tokyo Stock Exchange,JPY,1,JPY
3397,TORIDOLL HOLDINGS,Retail Trade,Equity,651070200,0.02,651070200,151800,4289,Japan,Tokyo Stock Exchange,JPY,1,JPY
2730,EDION,Retail Trade,Equity,640037100,0.02,640037100,255300,2507,Japan,Tokyo Stock Exchange,JPY,1,JPY
9744,MEITEC GROUP HOLDINGS INC,Services,Equity,639764000,0.02,639764000,192700,3320,Japan,Tokyo Stock Exchange,JPY,1,JPY
4194,VISIONAL,Information & Communication,Equity,636204800,0.02,636204800,70400,9037,Japan,Tokyo Stock Exchange,JPY,1,JPY
8111,GOLDWIN INC,Textiles & Apparel,Equity,635250000,0.02,635250000,302500,2100,Japan,Tokyo Stock Exchange,JPY,1,JPY
8522,BANK OF NAGOYA LTD,Banks,Equity,633825000,0.02,633825000,93900,6750,Japan,Tokyo Stock Exchange,JPY,1,JPY
7956,PIGEON,Other Products,Equity,632008900,0.02,632008900,301100,2099,Japan,Tokyo Stock Exchange,JPY,1,JPY
7381,CCI GROUP INC,Banks,Equity,632025600,0.02,632025600,523200,1208,Japan,Tokyo Stock Exchange,JPY,1,JPY
7966,LINTEC,Other Products,Equity,629370000,0.02,629370000,111000,5670,Japan,Tokyo Stock Exchange,JPY,1,JPY
6849,NIHON KOHDEN,Electric Appliances,Equity,616542600,0.02,616542600,415600,1483.5,Japan,Tokyo Stock Exchange,JPY,1,JPY
6622,DAIHEN,Electric Appliances,Equity,615960000,0.02,615960000,47200,13050,Japan,Tokyo Stock Exchange,JPY,1,JPY
7616,COLOWIDE LTD,Retail Trade,Equity,610888000,0.02,610888000,304000,2009.5,Japan,Tokyo Stock Exchange,JPY,1,JPY
4812,DENTSU SOKEN INC,Information & Communication,Equity,610518500,0.02,610518500,225700,2705,Japan,Tokyo Stock Exchange,JPY,1,JPY
6101,TSUGAMI CORP,Machinery,Equity,606645000,0.02,606645000,110500,5490,Japan,Tokyo Stock Exchange,JPY,1,JPY
8424,FUYO GENERAL LEASE,Other Financing Business,Equity,604492800,0.02,604492800,138900,4352,Japan,Tokyo Stock Exchange,JPY,1,JPY
3097,MONOGATARI,Retail Trade,Equity,602025000,0.02,602025000,104700,5750,Japan,Tokyo Stock Exchange,JPY,1,JPY
9509,HOKKAIDO ELECTRIC POWER INC,Electric Power & Gas,Equity,600586350,0.02,600586350,573900,1046.5,Japan,Tokyo Stock Exchange,JPY,1,JPY
8129,TOHO HOLDINGS,Wholesale Trade,Equity,600034500,0.02,600034500,152100,3945,Japan,Tokyo Stock Exchange,JPY,1,JPY
9303,SUMITOMO WAREHOUSE LTD,Warehousing & Harbor Transportation Services,Equity,598125000,0.02,598125000,145000,4125,Japan,Tokyo Stock Exchange,JPY,1,JPY
4922,KOSE HOLDINGS,Chemicals,Equity,597680400,0.02,597680400,103800,5758,Japan,Tokyo Stock Exchange,JPY,1,JPY
3349,COSMOS PHARMACEUTICAL CORP,Retail Trade,Equity,594135100,0.02,594135100,92300,6437,Japan,Tokyo Stock Exchange,JPY,1,JPY
6371,TSUBAKIMOTO CHAIN,Machinery,Equity,589909000,0.02,589909000,224300,2630,Japan,Tokyo Stock Exchange,JPY,1,JPY
9989,SUNDRUG LTD,Retail Trade,Equity,588528000,0.02,588528000,160800,3660,Japan,Tokyo Stock Exchange,JPY,1,JPY
6457,GLORY LTD,Machinery,Equity,587406400,0.02,587406400,125300,4688,Japan,Tokyo Stock Exchange,JPY,1,JPY
417A,BLUE ZONES HOLDINGS LTD,Retail Trade,Equity,587064000,0.02,587064000,320800,1830,Japan,Tokyo Stock Exchange,JPY,1,JPY
4544,HU GROUP HOLDINGS INC,Services,Equity,585554900,0.02,585554900,163700,3577,Japan,Tokyo Stock Exchange,JPY,1,JPY
7581,SAIZERIYA LTD,Retail Trade,Equity,585667000,0.02,585667000,79900,7330,Japan,Tokyo Stock Exchange,JPY,1,JPY
8544,KEIYO BANK LTD,Banks,Equity,579570500,0.02,579570500,216500,2677,Japan,Tokyo Stock Exchange,JPY,1,JPY
8386,HYAKUJUSHI BANK,Banks,Equity,575652000,0.02,575652000,195800,2940,Japan,Tokyo Stock Exchange,JPY,1,JPY
3048,BIC CAMERA,Retail Trade,Equity,568136450,0.02,568136450,325300,1746.5,Japan,Tokyo Stock Exchange,JPY,1,JPY
5384,FUJIMI,Glass & Ceramics Products,Equity,567280500,0.02,567280500,152700,3715,Japan,Tokyo Stock Exchange,JPY,1,JPY
8336,MUSASHINO BANK LTD,Banks,Equity,560388000,0.02,560388000,209100,2680,Japan,Tokyo Stock Exchange,JPY,1,JPY
9449,GMO INTERNET GROUP,Information & Communication,Equity,559838800,0.02,559838800,144400,3877,Japan,Tokyo Stock Exchange,JPY,1,JPY
3116,TOYOTA BOSHOKU CORP,Transportation Equipment,Equity,552294000,0.02,552294000,251500,2196,Japan,Tokyo Stock Exchange,JPY,1,JPY
8346,TOHO BANK,Banks,Equity,551130500,0.02,551130500,577100,955,Japan,Tokyo Stock Exchange,JPY,1,JPY
7240,NOK CORP,Transportation Equipment,Equity,549872400,0.02,549872400,184800,2975.5,Japan,Tokyo Stock Exchange,JPY,1,JPY
2127,NIHON M&A CENTER HOLDINGS INC,Services,Equity,545167760,0.02,545167760,834100,653.6,Japan,Tokyo Stock Exchange,JPY,1,JPY
8022,MIZUNO CORP,Other Products,Equity,544464000,0.02,544464000,136800,3980,Japan,Tokyo Stock Exchange,JPY,1,JPY
4665,DUSKIN LTD,Services,Equity,536947400,0.02,536947400,117700,4562,Japan,Tokyo Stock Exchange,JPY,1,JPY
3635,KOEI TECMO HOLDINGS,Information & Communication,Equity,536184450,0.02,536184450,323100,1659.5,Japan,Tokyo Stock Exchange,JPY,1,JPY
268A,RIGAKU HOLDINGS,Precision Instruments,Equity,532073400,0.02,532073400,301800,1763,Japan,Tokyo Stock Exchange,JPY,1,JPY
2327,NS SOLUTIONS CORP,Information & Communication,Equity,528705000,0.02,528705000,139500,3790,Japan,Tokyo Stock Exchange,JPY,1,JPY
1414,SHO-BOND HOLDINGS LTD,Construction,Equity,527043600,0.02,527043600,416800,1264.5,Japan,Tokyo Stock Exchange,JPY,1,JPY
4206,AICA KOGYO LTD,Chemicals,Equity,526828500,0.02,526828500,130500,4037,Japan,Tokyo Stock Exchange,JPY,1,JPY
8600,TOMONY HOLDINGS INC,Banks,Equity,521674000,0.02,521674000,478600,1090,Japan,Tokyo Stock Exchange,JPY,1,JPY
8410,SEVEN BANK LTD,Banks,Equity,520199600,0.02,520199600,1571600,331,Japan,Tokyo Stock Exchange,JPY,1,JPY
2432,DENA,Information & Communication,Equity,519675000,0.02,519675000,213200,2437.5,Japan,Tokyo Stock Exchange,JPY,1,JPY
3923,RAKUS,Information & Communication,Equity,519213200,0.02,519213200,479200,1083.5,Japan,Tokyo Stock Exchange,JPY,1,JPY
9302,MITSUI-SOKO HOLDINGS LTD,Warehousing & Harbor Transportation Services,Equity,517783700,0.02,517783700,156100,3317,Japan,Tokyo Stock Exchange,JPY,1,JPY
6436,AMANO CORP,Machinery,Equity,516869600,0.02,516869600,135200,3823,Japan,Tokyo Stock Exchange,JPY,1,JPY
3549,KUSURI NO AOKI HOLDINGS LTD,Retail Trade,Equity,515107600,0.02,515107600,128200,4018,Japan,Tokyo Stock Exchange,JPY,1,JPY
4368,FUSO CHEMICAL LTD,Chemicals,Equity,513893000,0.02,513893000,163400,3145,Japan,Tokyo Stock Exchange,JPY,1,JPY
9605,TOEI,Information & Communication,Equity,513506000,0.02,513506000,85300,6020,Japan,Tokyo Stock Exchange,JPY,1,JPY
8098,INABATA LTD,Wholesale Trade,Equity,511494500,0.02,511494500,124300,4115,Japan,Tokyo Stock Exchange,JPY,1,JPY
2001,NIPPN CORP,Foods,Equity,507726600,0.02,507726600,177900,2854,Japan,Tokyo Stock Exchange,JPY,1,JPY
9003,SOTETSU HOLDINGS,Land Transportation,Equity,506803950,0.02,506803950,197700,2563.5,Japan,Tokyo Stock Exchange,JPY,1,JPY
6472,NTN,Machinery,Equity,506320880,0.02,506320880,1371400,369.2,Japan,Tokyo Stock Exchange,JPY,1,JPY
2201,MORINAGA LTD,Foods,Equity,506373500,0.02,506373500,198500,2551,Japan,Tokyo Stock Exchange,JPY,1,JPY
9505,HOKURIKU ELECTRIC POWER,Electric Power & Gas,Equity,505986360,0.02,505986360,525100,963.6,Japan,Tokyo Stock Exchange,JPY,1,JPY
8425,MIZUHO LEASING LIMITED LTD,Other Financing Business,Equity,506042400,0.02,506042400,376800,1343,Japan,Tokyo Stock Exchange,JPY,1,JPY
7278,EXEDY CORP,Transportation Equipment,Equity,505631000,0.02,505631000,83300,6070,Japan,Tokyo Stock Exchange,JPY,1,JPY
6814,FURUNO ELECTRIC LTD,Electric Appliances,Equity,504735000,0.02,504735000,66500,7590,Japan,Tokyo Stock Exchange,JPY,1,JPY
9759,NSD LTD,Information & Communication,Equity,502811000,0.02,502811000,179000,2809,Japan,Tokyo Stock Exchange,JPY,1,JPY
6454,MAX LTD,Machinery,Equity,496825000,0.02,496825000,283900,1750,Japan,Tokyo Stock Exchange,JPY,1,JPY
7004,KANADEVIA,Machinery,Equity,496638800,0.02,496638800,427400,1162,Japan,Tokyo Stock Exchange,JPY,1,JPY
8876,RELO GROUP INC,Services,Equity,495727650,0.02,495727650,232900,2128.5,Japan,Tokyo Stock Exchange,JPY,1,JPY
8154,KAGA ELECTRONICS LTD,Wholesale Trade,Equity,495339000,0.02,495339000,101400,4885,Japan,Tokyo Stock Exchange,JPY,1,JPY
8616,TOKAI TOKYO FINANCIAL HOLDINGS,Securities,Equity,492461200,0.02,492461200,596200,826,Japan,Tokyo Stock Exchange,JPY,1,JPY
4516,NIPPON SHINYAKU,Pharmaceutical,Equity,488059600,0.02,488059600,134600,3626,Japan,Tokyo Stock Exchange,JPY,1,JPY
8919,KATITAS,Real Estate ex REIT,Equity,488160000,0.02,488160000,135600,3600,Japan,Tokyo Stock Exchange,JPY,1,JPY
8570,AEON FINANCIAL SERVICES LTD,Other Financing Business,Equity,486239000,0.02,486239000,293800,1655,Japan,Tokyo Stock Exchange,JPY,1,JPY
2593,ITO EN LTD,Foods,Equity,486382800,0.02,486382800,163600,2973,Japan,Tokyo Stock Exchange,JPY,1,JPY
7184,THE FIRST BANK OF TOYAMA LTD,Banks,Equity,482670000,0.02,482670000,155700,3100,Japan,Tokyo Stock Exchange,JPY,1,JPY
3186,NEXTAGE LTD,Retail Trade,Equity,479157500,0.02,479157500,139900,3425,Japan,Tokyo Stock Exchange,JPY,1,JPY
1979,TAIKISHA LTD,Construction,Equity,474351000,0.02,474351000,120700,3930,Japan,Tokyo Stock Exchange,JPY,1,JPY
3697,SHIFT INC,Information & Communication,Equity,471588480,0.02,471588480,518400,909.7,Japan,Tokyo Stock Exchange,JPY,1,JPY
3360,SHIP HEALTHCARE HOLDINGS INC,Wholesale Trade,Equity,471240000,0.02,471240000,198000,2380,Japan,Tokyo Stock Exchange,JPY,1,JPY
5232,SUMITOMO OSAKA CEMENT LTD,Glass & Ceramics Products,Equity,469113600,0.02,469113600,84800,5532,Japan,Tokyo Stock Exchange,JPY,1,JPY
6490,PILLAR CORP,Machinery,Equity,468350000,0.02,468350000,47500,9860,Japan,Tokyo Stock Exchange,JPY,1,JPY
5703,NIPPON LIGHT METAL HOLDINGS LTD,Nonferrous Metal,Equity,462264000,0.02,462264000,154500,2992,Japan,Tokyo Stock Exchange,JPY,1,JPY
4373,SIMPLEX HOLDINGS INC,Information & Communication,Equity,460800000,0.02,460800000,409600,1125,Japan,Tokyo Stock Exchange,JPY,1,JPY
7846,PILOT,Other Products,Equity,458973600,0.02,458973600,238800,1922,Japan,Tokyo Stock Exchange,JPY,1,JPY
2607,FUJI OIL LTD,Foods,Equity,455951100,0.02,455951100,102300,4457,Japan,Tokyo Stock Exchange,JPY,1,JPY
2296,ITOHAM YONEKYU HOLDINGS,Foods,Equity,456064000,0.02,456064000,89600,5090,Japan,Tokyo Stock Exchange,JPY,1,JPY
1333,UMIOS CORP,"Fishery, Agriculture & Forestry",Equity,454914900,0.02,454914900,349800,1300.5,Japan,Tokyo Stock Exchange,JPY,1,JPY
1833,OKUMURA CORP,Construction,Equity,451605000,0.02,451605000,80500,5610,Japan,Tokyo Stock Exchange,JPY,1,JPY
9031,NISHI NIPPON RAILROAD LTD,Land Transportation,Equity,450170000,0.02,450170000,147500,3052,Japan,Tokyo Stock Exchange,JPY,1,JPY
1515,NITTETSU MINING LTD,Mining,Equity,447212500,0.02,447212500,134500,3325,Japan,Tokyo Stock Exchange,JPY,1,JPY
6103,OKUMA CORP,Machinery,Equity,446490000,0.02,446490000,90200,4950,Japan,Tokyo Stock Exchange,JPY,1,JPY
2270,MEGMILK SNOW BRAND LTD,Foods,Equity,446145000,0.02,446145000,121400,3675,Japan,Tokyo Stock Exchange,JPY,1,JPY
2175,SMS LTD,Services,Equity,445882800,0.02,445882800,198700,2244,Japan,Tokyo Stock Exchange,JPY,1,JPY
6013,TAKUMA LTD,Machinery,Equity,444651000,0.02,444651000,143900,3090,Japan,Tokyo Stock Exchange,JPY,1,JPY
3050,DCM HOLDINGS LTD,Retail Trade,Equity,444804300,0.02,444804300,281700,1579,Japan,Tokyo Stock Exchange,JPY,1,JPY
9682,DTS,Information & Communication,Equity,444132000,0.02,444132000,405600,1095,Japan,Tokyo Stock Exchange,JPY,1,JPY
9869,KATO SANGYO LTD,Wholesale Trade,Equity,442758000,0.02,442758000,67700,6540,Japan,Tokyo Stock Exchange,JPY,1,JPY
8572,ACOM LTD,Other Financing Business,Equity,434100800,0.02,434100800,904000,480.2,Japan,Tokyo Stock Exchange,JPY,1,JPY
8609,OKASAN SECURITIES GROUP,Securities,Equity,432755400,0.02,432755400,392700,1102,Japan,Tokyo Stock Exchange,JPY,1,JPY
4927,POLA ORBIS HOLDINGS,Chemicals,Equity,432165600,0.02,432165600,308800,1399.5,Japan,Tokyo Stock Exchange,JPY,1,JPY
8511,JAPAN SECURITIES FINANCE,Other Financing Business,Equity,430800500,0.02,430800500,173500,2483,Japan,Tokyo Stock Exchange,JPY,1,JPY
8360,YAMANASHI CHUO BANK LTD,Banks,Equity,430260000,0.02,430260000,60600,7100,Japan,Tokyo Stock Exchange,JPY,1,JPY
1820,NISHIMATSU CONSTRUCTION LTD,Construction,Equity,429760400,0.02,429760400,79600,5399,Japan,Tokyo Stock Exchange,JPY,1,JPY
4887,SAWAI GROUP HOLDINGS,Pharmaceutical,Equity,428315800,0.02,428315800,266200,1609,Japan,Tokyo Stock Exchange,JPY,1,JPY
5451,YODOKO LTD,Iron & Steel,Equity,427815200,0.02,427815200,303200,1411,Japan,Tokyo Stock Exchange,JPY,1,JPY
8130,SANGETSU CORP,Wholesale Trade,Equity,427591500,0.01,427591500,135100,3165,Japan,Tokyo Stock Exchange,JPY,1,JPY
8392,OITA BANK LTD,Banks,Equity,426816000,0.01,426816000,156000,2736,Japan,Tokyo Stock Exchange,JPY,1,JPY
8850,STARTS CORP INC,Real Estate ex REIT,Equity,425904000,0.01,425904000,91200,4670,Japan,Tokyo Stock Exchange,JPY,1,JPY
4095,NIHON PARKERIZING LTD,Chemicals,Equity,425068800,0.01,425068800,249600,1703,Japan,Tokyo Stock Exchange,JPY,1,JPY
3433,TOCALO LTD,Metal Products,Equity,424712500,0.01,424712500,152500,2785,Japan,Tokyo Stock Exchange,JPY,1,JPY
6315,TOWA,Machinery,Equity,424052400,0.01,424052400,187800,2258,Japan,Tokyo Stock Exchange,JPY,1,JPY
3591,WACOAL HOLDINGS,Textiles & Apparel,Equity,423551200,0.01,423551200,99800,4244,Japan,Tokyo Stock Exchange,JPY,1,JPY
9336,DAIEI KANKYO LTD,Services,Equity,419594000,0.01,419594000,114800,3655,Japan,Tokyo Stock Exchange,JPY,1,JPY
6995,TOKAI RIKA,Transportation Equipment,Equity,417924000,0.01,417924000,136800,3055,Japan,Tokyo Stock Exchange,JPY,1,JPY
4045,TOAGOSEI LTD,Chemicals,Equity,417195000,0.01,417195000,228600,1825,Japan,Tokyo Stock Exchange,JPY,1,JPY
4041,NIPPON SODA LTD,Chemicals,Equity,417088000,0.01,417088000,106400,3920,Japan,Tokyo Stock Exchange,JPY,1,JPY
4634,ARTIENCE LTD,Chemicals,Equity,415484000,0.01,415484000,86200,4820,Japan,Tokyo Stock Exchange,JPY,1,JPY
9678,KANAMOTO LTD,Services,Equity,408740000,0.01,408740000,76400,5350,Japan,Tokyo Stock Exchange,JPY,1,JPY
7476,AS ONE CORP,Wholesale Trade,Equity,407787500,0.01,407787500,171700,2375,Japan,Tokyo Stock Exchange,JPY,1,JPY
6632,JVCKENWOOD CORP,Electric Appliances,Equity,406904600,0.01,406904600,410600,991,Japan,Tokyo Stock Exchange,JPY,1,JPY
7296,FCC LTD,Transportation Equipment,Equity,406866000,0.01,406866000,99600,4085,Japan,Tokyo Stock Exchange,JPY,1,JPY
MSJP,CASH COLLATERAL JPY MSJP,Other,Cash Collateral and Margins,405420576,0.01,405420576,405420576,100,Japan,-,JPY,1,JPY
2602,NISSHIN OILLIO GROUP LTD,Foods,Equity,400589200,0.01,400589200,199100,2012,Japan,Tokyo Stock Exchange,JPY,1,JPY
2659,SAN-A LTD,Retail Trade,Equity,399267000,0.01,399267000,119900,3330,Japan,Tokyo Stock Exchange,JPY,1,JPY
6395,TADANO,Machinery,Equity,398235200,0.01,398235200,299200,1331,Japan,Tokyo Stock Exchange,JPY,1,JPY
7242,KYB,Transportation Equipment,Equity,397900000,0.01,397900000,86500,4600,Japan,Tokyo Stock Exchange,JPY,1,JPY
6376,NIKKISO LTD,Precision Instruments,Equity,396630000,0.01,396630000,117000,3390,Japan,Tokyo Stock Exchange,JPY,1,JPY
3543,KOMEDA HOLDINGS,Wholesale Trade,Equity,396651100,0.01,396651100,135700,2923,Japan,Tokyo Stock Exchange,JPY,1,JPY
3498,KASUMIGASEKI CAPITAL LTD,Real Estate ex REIT,Equity,395780000,0.01,395780000,51400,7700,Japan,Tokyo Stock Exchange,JPY,1,JPY
6707,SANKEN ELECTRIC,Electric Appliances,Equity,394812700,0.01,394812700,52300,7549,Japan,Tokyo Stock Exchange,JPY,1,JPY
7826,FURUYA METAL LTD,Other Products,Equity,392980000,0.01,392980000,49000,8020,Japan,Tokyo Stock Exchange,JPY,1,JPY
6278,UNION TOOL,Machinery,Equity,392995000,0.01,392995000,26500,14830,Japan,Tokyo Stock Exchange,JPY,1,JPY
3863,NIPPON PAPER INDUSTRIES,Pulp & Paper,Equity,388175700,0.01,388175700,286900,1353,Japan,Tokyo Stock Exchange,JPY,1,JPY
8628,MATSUI SECURITIES,Securities,Equity,386363400,0.01,386363400,352200,1097,Japan,Tokyo Stock Exchange,JPY,1,JPY
6753,SHARP CORP,Electric Appliances,Equity,385308000,0.01,385308000,625500,616,Japan,Tokyo Stock Exchange,JPY,1,JPY
1377,SAKATA SEED CORP,"Fishery, Agriculture & Forestry",Equity,385357500,0.01,385357500,86500,4455,Japan,Tokyo Stock Exchange,JPY,1,JPY
7322,SAN JU SAN FINANCIAL GROUP INC,Banks,Equity,383318800,0.01,383318800,193400,1982,Japan,Tokyo Stock Exchange,JPY,1,JPY
7220,MUSASHI SEIMITSU INDUSTRY LTD,Transportation Equipment,Equity,380250000,0.01,380250000,112500,3380,Japan,Tokyo Stock Exchange,JPY,1,JPY
9409,TV ASAHI HOLDINGS CORP,Information & Communication,Equity,379455000,0.01,379455000,123400,3075,Japan,Tokyo Stock Exchange,JPY,1,JPY
5331,NORITAKE LTD,Glass & Ceramics Products,Equity,379104000,0.01,379104000,105600,3590,Japan,Tokyo Stock Exchange,JPY,1,JPY
9793,DAISEKI LTD,Services,Equity,375354000,0.01,375354000,99300,3780,Japan,Tokyo Stock Exchange,JPY,1,JPY
6941,YAMAICHI ELECTRONICS LTD,Electric Appliances,Equity,375468000,0.01,375468000,46700,8040,Japan,Tokyo Stock Exchange,JPY,1,JPY
3569,SEIREN LTD,Textiles & Apparel,Equity,373396000,0.01,373396000,110800,3370,Japan,Tokyo Stock Exchange,JPY,1,JPY
9627,AIN HOLDINGS INC,Retail Trade,Equity,370313300,0.01,370313300,61300,6041,Japan,Tokyo Stock Exchange,JPY,1,JPY
1861,KUMAGAI LTD,Construction,Equity,368384800,0.01,368384800,293300,1256,Japan,Tokyo Stock Exchange,JPY,1,JPY
547A,MUNINOVA HOLDINGS INC,Other Financing Business,Equity,367788200,0.01,367788200,832100,442,Japan,Tokyo Stock Exchange,JPY,1,JPY
7780,MENICON LTD,Precision Instruments,Equity,366139200,0.01,366139200,190400,1923,Japan,Tokyo Stock Exchange,JPY,1,JPY
3191,JOYFUL HONDA,Retail Trade,Equity,366047500,0.01,366047500,160900,2275,Japan,Tokyo Stock Exchange,JPY,1,JPY
3106,KURABO INDUSTRIES,Textiles & Apparel,Equity,365040000,0.01,365040000,36000,10140,Japan,Tokyo Stock Exchange,JPY,1,JPY
1885,TOA (TOKYO) CORP,Construction,Equity,364185900,0.01,364185900,183100,1989,Japan,Tokyo Stock Exchange,JPY,1,JPY
9956,VALOR HOLDINGS,Retail Trade,Equity,362409000,0.01,362409000,112900,3210,Japan,Tokyo Stock Exchange,JPY,1,JPY
6875,MEGACHIPS,Electric Appliances,Equity,362440000,0.01,362440000,32800,11050,Japan,Tokyo Stock Exchange,JPY,1,JPY
6996,NICHICON CORP,Electric Appliances,Equity,361935900,0.01,361935900,134100,2699,Japan,Tokyo Stock Exchange,JPY,1,JPY
4617,CHUGOKU MARINE PAINTS LTD,Chemicals,Equity,361383000,0.01,361383000,103400,3495,Japan,Tokyo Stock Exchange,JPY,1,JPY
7994,OKAMURA CORP,Other Products,Equity,361072800,0.01,361072800,155100,2328,Japan,Tokyo Stock Exchange,JPY,1,JPY
8698,MONEX GROUP,Securities,Equity,360604800,0.01,360604800,527200,684,Japan,Tokyo Stock Exchange,JPY,1,JPY
1950,NIPPON DENSETSU KOGYO LTD,Construction,Equity,358704000,0.01,358704000,95400,3760,Japan,Tokyo Stock Exchange,JPY,1,JPY
3167,TOKAI HOLDINGS CORP,Wholesale Trade,Equity,358276700,0.01,358276700,288700,1241,Japan,Tokyo Stock Exchange,JPY,1,JPY
7730,MANI,Precision Instruments,Equity,355026000,0.01,355026000,224700,1580,Japan,Tokyo Stock Exchange,JPY,1,JPY
8393,MIYAZAKI BANK,Banks,Equity,352640300,0.01,352640300,145900,2417,Japan,Tokyo Stock Exchange,JPY,1,JPY
7313,TS TECH LTD,Transportation Equipment,Equity,351226100,0.01,351226100,193300,1817,Japan,Tokyo Stock Exchange,JPY,1,JPY
6498,KITZ CORP,Machinery,Equity,351234400,0.01,351234400,183700,1912,Japan,Tokyo Stock Exchange,JPY,1,JPY
4046,OSAKA SODA,Chemicals,Equity,349503000,0.01,349503000,178500,1958,Japan,Tokyo Stock Exchange,JPY,1,JPY
8032,JAPAN PULP AND PAPER LTD,Wholesale Trade,Equity,347039300,0.01,347039300,286100,1213,Japan,Tokyo Stock Exchange,JPY,1,JPY
3101,TOYOBO LTD,Chemicals,Equity,346972500,0.01,346972500,220300,1575,Japan,Tokyo Stock Exchange,JPY,1,JPY
9746,TKC CORP,Information & Communication,Equity,344459000,0.01,344459000,85900,4010,Japan,Tokyo Stock Exchange,JPY,1,JPY
9948,ARCS LTD,Retail Trade,Equity,342108000,0.01,342108000,93600,3655,Japan,Tokyo Stock Exchange,JPY,1,JPY
9110,NS UNITED KAIUN KAISHA LTD,Marine Transportation,Equity,340344000,0.01,340344000,32600,10440,Japan,Tokyo Stock Exchange,JPY,1,JPY
4443,SANSAN INC,Information & Communication,Equity,338817600,0.01,338817600,167400,2024,Japan,Tokyo Stock Exchange,JPY,1,JPY
6250,YAMABIKO CORP,Machinery,Equity,338940000,0.01,338940000,84000,4035,Japan,Tokyo Stock Exchange,JPY,1,JPY
8399,BANK OF RYUKYUS LTD,Banks,Equity,338034000,0.01,338034000,106300,3180,Japan,Tokyo Stock Exchange,JPY,1,JPY
6412,HEIWA CORP,Machinery,Equity,337454100,0.01,337454100,154300,2187,Japan,Tokyo Stock Exchange,JPY,1,JPY
1941,CHUDENKO CORP,Construction,Equity,336842000,0.01,336842000,67100,5020,Japan,Tokyo Stock Exchange,JPY,1,JPY
1926,RAITO KOGYO LTD,Construction,Equity,336600000,0.01,336600000,90000,3740,Japan,Tokyo Stock Exchange,JPY,1,JPY
7864,FUJI SEAL INTERNATIONAL INC,Other Products,Equity,335988000,0.01,335988000,103700,3240,Japan,Tokyo Stock Exchange,JPY,1,JPY
7458,DAIICHIKOSHO LTD,Wholesale Trade,Equity,333370000,0.01,333370000,180200,1850,Japan,Tokyo Stock Exchange,JPY,1,JPY
4547,KISSEI PHARMACEUTICAL LTD,Pharmaceutical,Equity,331699000,0.01,331699000,81100,4090,Japan,Tokyo Stock Exchange,JPY,1,JPY
6055,JAPAN MATERIAL LTD,Services,Equity,329986400,0.01,329986400,158800,2078,Japan,Tokyo Stock Exchange,JPY,1,JPY
9075,FUKUYAMA TRANSPORTING,Land Transportation,Equity,328120000,0.01,328120000,52000,6310,Japan,Tokyo Stock Exchange,JPY,1,JPY
7350,OKINAWA FINANCIAL GROUP INC,Banks,Equity,327675000,0.01,327675000,42500,7710,Japan,Tokyo Stock Exchange,JPY,1,JPY
5186,NITTA CORP,Rubber Products,Equity,326950000,0.01,326950000,50300,6500,Japan,Tokyo Stock Exchange,JPY,1,JPY
6254,NOMURA MICRO SCIENCE LTD,Machinery,Equity,326550000,0.01,326550000,93300,3500,Japan,Tokyo Stock Exchange,JPY,1,JPY
9936,OHSHO FOOD SERVICE CORP,Retail Trade,Equity,325440000,0.01,325440000,113000,2880,Japan,Tokyo Stock Exchange,JPY,1,JPY
6516,SANYO DENKI LTD,Electric Appliances,Equity,325090000,0.01,325090000,59000,5510,Japan,Tokyo Stock Exchange,JPY,1,JPY
4958,T HASEGAWA LTD,Chemicals,Equity,322270000,0.01,322270000,96200,3350,Japan,Tokyo Stock Exchange,JPY,1,JPY
2726,PAL GROUP HOLDINGS LTD,Retail Trade,Equity,321572300,0.01,321572300,211700,1519,Japan,Tokyo Stock Exchange,JPY,1,JPY
8362,FUKUI BANK LTD,Banks,Equity,318903000,0.01,318903000,48100,6630,Japan,Tokyo Stock Exchange,JPY,1,JPY
7981,TAKARA STANDARD LTD,Other Products,Equity,318556000,0.01,318556000,108500,2936,Japan,Tokyo Stock Exchange,JPY,1,JPY
8566,RICOH LEASING LTD,Other Financing Business,Equity,316140000,0.01,316140000,47900,6600,Japan,Tokyo Stock Exchange,JPY,1,JPY
2317,SYSTENA CORP,Information & Communication,Equity,314242100,0.01,314242100,729100,431,Japan,Tokyo Stock Exchange,JPY,1,JPY
2121,MIXI,Information & Communication,Equity,314416000,0.01,314416000,91400,3440,Japan,Tokyo Stock Exchange,JPY,1,JPY
4722,FUTURE CORP,Information & Communication,Equity,313821800,0.01,313821800,128300,2446,Japan,Tokyo Stock Exchange,JPY,1,JPY
9601,SHOCHIKU,Information & Communication,Equity,312543000,0.01,312543000,28700,10890,Japan,Tokyo Stock Exchange,JPY,1,JPY
8153,MOS FOOD SERVICES INC,Wholesale Trade,Equity,310713000,0.01,310713000,80600,3855,Japan,Tokyo Stock Exchange,JPY,1,JPY
2154,OPEN UP GROUP INC,Services,Equity,310203300,0.01,310203300,154100,2013,Japan,Tokyo Stock Exchange,JPY,1,JPY
7740,TAMRON LTD,Precision Instruments,Equity,310399800,0.01,310399800,227900,1362,Japan,Tokyo Stock Exchange,JPY,1,JPY
3076,AI HOLDINGS CORP,Wholesale Trade,Equity,309995600,0.01,309995600,107600,2881,Japan,Tokyo Stock Exchange,JPY,1,JPY
9842,ARCLANDS CORP,Retail Trade,Equity,308244300,0.01,308244300,161300,1911,Japan,Tokyo Stock Exchange,JPY,1,JPY
5482,AICHI STEEL CORP,Iron & Steel,Equity,308125000,0.01,308125000,98600,3125,Japan,Tokyo Stock Exchange,JPY,1,JPY
8051,YAMAZEN CORP,Wholesale Trade,Equity,306979200,0.01,306979200,163200,1881,Japan,Tokyo Stock Exchange,JPY,1,JPY
9418,U-NEXT HOLDINGS LTD,Information & Communication,Equity,306595200,0.01,306595200,175800,1744,Japan,Tokyo Stock Exchange,JPY,1,JPY
8595,JAFCO GROUP,Securities,Equity,305971050,0.01,305971050,134700,2271.5,Japan,Tokyo Stock Exchange,JPY,1,JPY
4521,KAKEN PHARMACEUTICAL,Pharmaceutical,Equity,305600000,0.01,305600000,76400,4000,Japan,Tokyo Stock Exchange,JPY,1,JPY
6914,OPTEX GROUP LTD,Electric Appliances,Equity,305235000,0.01,305235000,94500,3230,Japan,Tokyo Stock Exchange,JPY,1,JPY
3087,DOUTOR NICHIRES HOLDINGS LTD,Retail Trade,Equity,305235000,0.01,305235000,94500,3230,Japan,Tokyo Stock Exchange,JPY,1,JPY
5310,TOYO TANSO LTD,Glass & Ceramics Products,Equity,304640000,0.01,304640000,44800,6800,Japan,Tokyo Stock Exchange,JPY,1,JPY
9119,IINO KAIUN LTD,Marine Transportation,Equity,302120000,0.01,302120000,182000,1660,Japan,Tokyo Stock Exchange,JPY,1,JPY
5930,BUNKA SHUTTER LTD,Metal Products,Equity,301820400,0.01,301820400,165200,1827,Japan,Tokyo Stock Exchange,JPY,1,JPY
3002,GUNZE LTD,Textiles & Apparel,Equity,301852500,0.01,301852500,72300,4175,Japan,Tokyo Stock Exchange,JPY,1,JPY
9037,HAMAKYOREX,Land Transportation,Equity,300803800,0.01,300803800,160600,1873,Japan,Tokyo Stock Exchange,JPY,1,JPY
7721,TOKYO KEIKI INC,Precision Instruments,Equity,298910000,0.01,298910000,42100,7100,Japan,Tokyo Stock Exchange,JPY,1,JPY
4189,KH NEOCHEM LTD,Chemicals,Equity,298530000,0.01,298530000,93000,3210,Japan,Tokyo Stock Exchange,JPY,1,JPY
8923,TOSEI CORPORATION,Real Estate ex REIT,Equity,297386100,0.01,297386100,168300,1767,Japan,Tokyo Stock Exchange,JPY,1,JPY
6744,NOHMI BOSAI LTD,Electric Appliances,Equity,296736000,0.01,296736000,70400,4215,Japan,Tokyo Stock Exchange,JPY,1,JPY
9830,TRUSCO NAKAYAMA CORP,Wholesale Trade,Equity,296057700,0.01,296057700,126900,2333,Japan,Tokyo Stock Exchange,JPY,1,JPY
4686,JUSTSYSTEMS CORP,Information & Communication,Equity,295368000,0.01,295368000,74400,3970,Japan,Tokyo Stock Exchange,JPY,1,JPY
4633,SAKATA INX,Chemicals,Equity,295424800,0.01,295424800,113800,2596,Japan,Tokyo Stock Exchange,JPY,1,JPY
8345,BANK OF IWATE LTD,Banks,Equity,294803200,0.01,294803200,126200,2336,Japan,Tokyo Stock Exchange,JPY,1,JPY
5975,TOPRE CORP,Metal Products,Equity,294528000,0.01,294528000,94400,3120,Japan,Tokyo Stock Exchange,JPY,1,JPY
2815,ARIAKE JAPAN LTD,Foods,Equity,293664000,0.01,293664000,55200,5320,Japan,Tokyo Stock Exchange,JPY,1,JPY
8273,IZUMI LTD,Retail Trade,Equity,293884800,0.01,293884800,290400,1012,Japan,Tokyo Stock Exchange,JPY,1,JPY
167A,RYOYO RYOSAN HOLDINGS INC,Wholesale Trade,Equity,291788000,0.01,291788000,95200,3065,Japan,Tokyo Stock Exchange,JPY,1,JPY
4565,NXERA PHARMA,Pharmaceutical,Equity,291633300,0.01,291633300,249900,1167,Japan,Tokyo Stock Exchange,JPY,1,JPY
5192,MITSUBOSHI BELTING LTD,Rubber Products,Equity,291042000,0.01,291042000,66600,4370,Japan,Tokyo Stock Exchange,JPY,1,JPY
9832,AUTOBACS SEVEN LTD,Wholesale Trade,Equity,289724500,0.01,289724500,188500,1537,Japan,Tokyo Stock Exchange,JPY,1,JPY
8133,ITOCHU ENEX LTD,Wholesale Trade,Equity,289900800,0.01,289900800,134400,2157,Japan,Tokyo Stock Exchange,JPY,1,JPY
6866,HIOKI EE CORP,Electric Appliances,Equity,289080000,0.01,289080000,26400,10950,Japan,Tokyo Stock Exchange,JPY,1,JPY
4975,JCU CORP,Chemicals,Equity,288816000,0.01,288816000,54700,5280,Japan,Tokyo Stock Exchange,JPY,1,JPY
3778,SAKURA INTERNET,Information & Communication,Equity,288144000,0.01,288144000,73600,3915,Japan,Tokyo Stock Exchange,JPY,1,JPY
4971,MEC LTD,Chemicals,Equity,287576000,0.01,287576000,41200,6980,Japan,Tokyo Stock Exchange,JPY,1,JPY
9824,SENSHU ELECTRIC LTD,Wholesale Trade,Equity,286622000,0.01,286622000,41300,6940,Japan,Tokyo Stock Exchange,JPY,1,JPY
7148,FINANCIAL PRODUCTS GROUP LTD,Securities,Equity,286028600,0.01,286028600,178100,1606,Japan,Tokyo Stock Exchange,JPY,1,JPY
8550,TOCHIGI BANK LTD,Banks,Equity,285512800,0.01,285512800,271400,1052,Japan,Tokyo Stock Exchange,JPY,1,JPY
8097,SAN-AI OBBLI LTD,Wholesale Trade,Equity,283323700,0.01,283323700,119900,2363,Japan,Tokyo Stock Exchange,JPY,1,JPY
7224,SHINMAYWA INDUSTRIES LTD,Transportation Equipment,Equity,283353000,0.01,283353000,144200,1965,Japan,Tokyo Stock Exchange,JPY,1,JPY
8074,YUASA LTD,Wholesale Trade,Equity,282854000,0.01,282854000,47300,5980,Japan,Tokyo Stock Exchange,JPY,1,JPY
4587,PEPTIDREAM,Pharmaceutical,Equity,282938500,0.01,282938500,275500,1027,Japan,Tokyo Stock Exchange,JPY,1,JPY
8343,AKITA BANK LTD,Banks,Equity,282532000,0.01,282532000,33200,8510,Japan,Tokyo Stock Exchange,JPY,1,JPY
6804,HOSIDEN CORP,Electric Appliances,Equity,282323000,0.01,282323000,103000,2741,Japan,Tokyo Stock Exchange,JPY,1,JPY
8848,LEOPALACE21,Real Estate ex REIT,Equity,282366000,0.01,282366000,448200,630,Japan,Tokyo Stock Exchange,JPY,1,JPY
4044,CENTRAL GLASS LTD,Chemicals,Equity,281240000,0.01,281240000,63200,4450,Japan,Tokyo Stock Exchange,JPY,1,JPY
8218,KOMERI LTD,Retail Trade,Equity,280622000,0.01,280622000,72700,3860,Japan,Tokyo Stock Exchange,JPY,1,JPY
3103,UNITIKA LTD,Textiles & Apparel,Equity,280711200,0.01,280711200,184800,1519,Japan,Tokyo Stock Exchange,JPY,1,JPY
8344,YAMAGATA BANK LTD,Banks,Equity,280219500,0.01,280219500,62900,4455,Japan,Tokyo Stock Exchange,JPY,1,JPY
8337,CHIBA KOGYO BANK LTD,Banks,Equity,279365100,0.01,279365100,105700,2643,Japan,Tokyo Stock Exchange,JPY,1,JPY
7972,ITOKI,Other Products,Equity,278638800,0.01,278638800,111100,2508,Japan,Tokyo Stock Exchange,JPY,1,JPY
7744,NORITSU KOKI LTD,Precision Instruments,Equity,278755000,0.01,278755000,141500,1970,Japan,Tokyo Stock Exchange,JPY,1,JPY
4180,APPIER GROUP INC,Information & Communication,Equity,277859400,0.01,277859400,218100,1274,Japan,Tokyo Stock Exchange,JPY,1,JPY
3036,ALCONIX CORP,Wholesale Trade,Equity,277389000,0.01,277389000,83300,3330,Japan,Tokyo Stock Exchange,JPY,1,JPY
9716,NOMURA LTD,Services,Equity,277399000,0.01,277399000,228500,1214,Japan,Tokyo Stock Exchange,JPY,1,JPY
7384,PROCREA HOLDINGS INC,Banks,Equity,276330000,0.01,276330000,61000,4530,Japan,Tokyo Stock Exchange,JPY,1,JPY
7944,ROLAND CORP,Other Products,Equity,276430000,0.01,276430000,71800,3850,Japan,Tokyo Stock Exchange,JPY,1,JPY
4461,DKS LTD,Chemicals,Equity,276012000,0.01,276012000,20400,13530,Japan,Tokyo Stock Exchange,JPY,1,JPY
3612,WORLD LTD,Textiles & Apparel,Equity,276195500,0.01,276195500,167900,1645,Japan,Tokyo Stock Exchange,JPY,1,JPY
3201,JAPAN WOOL TEXTILE LTD,Textiles & Apparel,Equity,275839100,0.01,275839100,142700,1933,Japan,Tokyo Stock Exchange,JPY,1,JPY
7995,VALQUA LTD,Chemicals,Equity,273254000,0.01,273254000,43100,6340,Japan,Tokyo Stock Exchange,JPY,1,JPY
7456,MATSUDA SANGYO LTD,Wholesale Trade,Equity,272612000,0.01,272612000,42200,6460,Japan,Tokyo Stock Exchange,JPY,1,JPY
4023,KUREHA CORP,Chemicals,Equity,271964000,0.01,271964000,61600,4415,Japan,Tokyo Stock Exchange,JPY,1,JPY
8179,ROYAL HOLDINGS LTD,Retail Trade,Equity,271700000,0.01,271700000,209000,1300,Japan,Tokyo Stock Exchange,JPY,1,JPY
5911,YOKOGAWA BRIDGE HOLDINGS CORP,Metal Products,Equity,270565500,0.01,270565500,91500,2957,Japan,Tokyo Stock Exchange,JPY,1,JPY
6807,JAPAN AVIATION ELECTRONICS INDUSTR,Electric Appliances,Equity,269587500,0.01,269587500,118500,2275,Japan,Tokyo Stock Exchange,JPY,1,JPY
2874,YOKOREI LTD,Wholesale Trade,Equity,269234700,0.01,269234700,123900,2173,Japan,Tokyo Stock Exchange,JPY,1,JPY
8194,LIFE,Retail Trade,Equity,269036000,0.01,269036000,103000,2612,Japan,Tokyo Stock Exchange,JPY,1,JPY
6651,NITTO KOGYO CORP,Electric Appliances,Equity,268027000,0.01,268027000,61900,4330,Japan,Tokyo Stock Exchange,JPY,1,JPY
8387,SHIKOKU BANK LTD,Banks,Equity,267810000,0.01,267810000,79000,3390,Japan,Tokyo Stock Exchange,JPY,1,JPY
6420,GALILEI HOLDINGS,Machinery,Equity,267444000,0.01,267444000,78200,3420,Japan,Tokyo Stock Exchange,JPY,1,JPY
3046,JINS HOLDINGS INC,Retail Trade,Equity,266903000,0.01,266903000,41900,6370,Japan,Tokyo Stock Exchange,JPY,1,JPY
7516,KOHNAN SHOJI LTD,Retail Trade,Equity,265897500,0.01,265897500,60500,4395,Japan,Tokyo Stock Exchange,JPY,1,JPY
3148,CREATE SD HOLDINGS LTD,Retail Trade,Equity,265489000,0.01,265489000,78200,3395,Japan,Tokyo Stock Exchange,JPY,1,JPY
4919,MILBON LTD,Chemicals,Equity,263207500,0.01,263207500,82900,3175,Japan,Tokyo Stock Exchange,JPY,1,JPY
2492,INFOMART CORP,Services,Equity,262491300,0.01,262491300,458100,573,Japan,Tokyo Stock Exchange,JPY,1,JPY
7947,FP CORP,Chemicals,Equity,262230800,0.01,262230800,95600,2743,Japan,Tokyo Stock Exchange,JPY,1,JPY
7611,HIDAY HIDAKA CORP,Retail Trade,Equity,261132800,0.01,261132800,88700,2944,Japan,Tokyo Stock Exchange,JPY,1,JPY
8219,AOYAMA TRADING LTD,Retail Trade,Equity,261079000,0.01,261079000,345800,755,Japan,Tokyo Stock Exchange,JPY,1,JPY
4483,JMDC,Information & Communication,Equity,261120000,0.01,261120000,76800,3400,Japan,Tokyo Stock Exchange,JPY,1,JPY
2685,AND ST HD LTD,Retail Trade,Equity,260097500,0.01,260097500,75500,3445,Japan,Tokyo Stock Exchange,JPY,1,JPY
6330,TOYO ENGINEERING,Construction,Equity,258436500,0.01,258436500,114100,2265,Japan,Tokyo Stock Exchange,JPY,1,JPY
4553,TOWA PHARMACEUTICAL,Pharmaceutical,Equity,257149500,0.01,257149500,68300,3765,Japan,Tokyo Stock Exchange,JPY,1,JPY
3865,HOKUETSU CORP,Pulp & Paper,Equity,256632600,0.01,256632600,284200,903,Japan,Tokyo Stock Exchange,JPY,1,JPY
4099,SHIKOKU KASEI HOLDINGS CORP,Chemicals,Equity,256762500,0.01,256762500,102500,2505,Japan,Tokyo Stock Exchange,JPY,1,JPY
6258,HIRATA CORP,Machinery,Equity,256532500,0.01,256532500,74900,3425,Japan,Tokyo Stock Exchange,JPY,1,JPY
1720,TOKYU CONSTRUCTION LTD,Construction,Equity,256245600,0.01,256245600,229200,1118,Japan,Tokyo Stock Exchange,JPY,1,JPY
7552,HAPPINET CORP,Wholesale Trade,Equity,255432000,0.01,255432000,73400,3480,Japan,Tokyo Stock Exchange,JPY,1,JPY
5726,OSAKA TITANIUM TECHNOLOGIES LTD,Nonferrous Metal,Equity,255486200,0.01,255486200,92200,2771,Japan,Tokyo Stock Exchange,JPY,1,JPY
9025,KONOIKE TRANSPORT LTD,Land Transportation,Equity,255652800,0.01,255652800,88400,2892,Japan,Tokyo Stock Exchange,JPY,1,JPY
9722,FUJITA KANKO,Services,Equity,254352200,0.01,254352200,104200,2441,Japan,Tokyo Stock Exchange,JPY,1,JPY
3880,DAIO PAPER,Pulp & Paper,Equity,253339200,0.01,253339200,262800,964,Japan,Tokyo Stock Exchange,JPY,1,JPY
4694,BML INC,Services,Equity,253101000,0.01,253101000,70600,3585,Japan,Tokyo Stock Exchange,JPY,1,JPY
4028,ISHIHARA SANGYO LTD,Chemicals,Equity,252784800,0.01,252784800,84600,2988,Japan,Tokyo Stock Exchange,JPY,1,JPY
1934,YURTEC CORP,Construction,Equity,252301700,0.01,252301700,104300,2419,Japan,Tokyo Stock Exchange,JPY,1,JPY
6855,JAPAN ELECTRONIC MATERIALS CORP,Electric Appliances,Equity,247725000,0.01,247725000,36700,6750,Japan,Tokyo Stock Exchange,JPY,1,JPY
3765,GUNGHO ONLINE ENTERTAINMENT,Information & Communication,Equity,246725600,0.01,246725600,101200,2438,Japan,Tokyo Stock Exchange,JPY,1,JPY
9715,TRANSCOSMOS INC,Services,Equity,246318000,0.01,246318000,67300,3660,Japan,Tokyo Stock Exchange,JPY,1,JPY
6104,SHIBAURA MACHINE LTD,Machinery,Equity,246325500,0.01,246325500,60300,4085,Japan,Tokyo Stock Exchange,JPY,1,JPY
6340,SHIBUYA KOGYO CORP,Machinery,Equity,245388000,0.01,245388000,48400,5070,Japan,Tokyo Stock Exchange,JPY,1,JPY
5423,TOKYO STEEL MANUFACTURING LTD,Iron & Steel,Equity,244550800,0.01,244550800,143600,1703,Japan,Tokyo Stock Exchange,JPY,1,JPY
7839,SHOEI LTD,Other Products,Equity,243576000,0.01,243576000,119400,2040,Japan,Tokyo Stock Exchange,JPY,1,JPY
9757,FUNAI SOKEN HOLDINGS INC,Services,Equity,242934600,0.01,242934600,211800,1147,Japan,Tokyo Stock Exchange,JPY,1,JPY
7595,ARGO GRAPHICS INC,Information & Communication,Equity,243065200,0.01,243065200,184700,1316,Japan,Tokyo Stock Exchange,JPY,1,JPY
3104,FUJIBO HOLDINGS,Textiles & Apparel,Equity,242806500,0.01,242806500,71100,3415,Japan,Tokyo Stock Exchange,JPY,1,JPY
2695,KURA SUSHI INC,Retail Trade,Equity,242580800,0.01,242580800,143200,1694,Japan,Tokyo Stock Exchange,JPY,1,JPY
4914,TAKASAGO INTERNATIONAL CORP,Chemicals,Equity,241932600,0.01,241932600,191100,1266,Japan,Tokyo Stock Exchange,JPY,1,JPY
6235,OPTORUN LTD,Machinery,Equity,241293100,0.01,241293100,85900,2809,Japan,Tokyo Stock Exchange,JPY,1,JPY
6966,MITSUI HIGH TEC INC,Electric Appliances,Equity,240653600,0.01,240653600,266800,902,Japan,Tokyo Stock Exchange,JPY,1,JPY
2767,TSUBURAYA FIELDS HOLDINGS INC,Wholesale Trade,Equity,240340100,0.01,240340100,100100,2401,Japan,Tokyo Stock Exchange,JPY,1,JPY
8173,JOSHIN,Retail Trade,Equity,240366000,0.01,240366000,58200,4130,Japan,Tokyo Stock Exchange,JPY,1,JPY
7970,SHIN ETSU POLYMER LTD,Chemicals,Equity,239549600,0.01,239549600,108100,2216,Japan,Tokyo Stock Exchange,JPY,1,JPY
8057,UCHIDA YOKO LTD,Wholesale Trade,Equity,238515900,0.01,238515900,111300,2143,Japan,Tokyo Stock Exchange,JPY,1,JPY
6480,NIPPON THOMPSON LTD,Machinery,Equity,237529600,0.01,237529600,140800,1687,Japan,Tokyo Stock Exchange,JPY,1,JPY
1968,TAIHEI DENGYO LTD,Construction,Equity,237574200,0.01,237574200,100200,2371,Japan,Tokyo Stock Exchange,JPY,1,JPY
8276,HEIWADO LTD,Retail Trade,Equity,237160000,0.01,237160000,88000,2695,Japan,Tokyo Stock Exchange,JPY,1,JPY
6652,IDEC CORP,Electric Appliances,Equity,236384000,0.01,236384000,66400,3560,Japan,Tokyo Stock Exchange,JPY,1,JPY
3762,TECHMATRIX CORP,Information & Communication,Equity,236147400,0.01,236147400,101700,2322,Japan,Tokyo Stock Exchange,JPY,1,JPY
6209,NPR-RIKEN CORP,Machinery,Equity,235911000,0.01,235911000,59800,3945,Japan,Tokyo Stock Exchange,JPY,1,JPY
6349,KOMORI CORP,Machinery,Equity,235367800,0.01,235367800,121700,1934,Japan,Tokyo Stock Exchange,JPY,1,JPY
6727,WACOM LTD,Electric Appliances,Equity,235151200,0.01,235151200,304600,772,Japan,Tokyo Stock Exchange,JPY,1,JPY
9882,YELLOW HAT LTD,Wholesale Trade,Equity,234657600,0.01,234657600,132800,1767,Japan,Tokyo Stock Exchange,JPY,1,JPY
4047,KANTO DENKA KOGYO LTD,Chemicals,Equity,234668000,0.01,234668000,98600,2380,Japan,Tokyo Stock Exchange,JPY,1,JPY
7545,NISHIMATSUYA CHAIN LTD,Retail Trade,Equity,234458400,0.01,234458400,117700,1992,Japan,Tokyo Stock Exchange,JPY,1,JPY
8541,EHIME BANK,Banks,Equity,233827000,0.01,233827000,73300,3190,Japan,Tokyo Stock Exchange,JPY,1,JPY
6750,ELECOM,Electric Appliances,Equity,233211000,0.01,233211000,122100,1910,Japan,Tokyo Stock Exchange,JPY,1,JPY
6474,NACHI-FUJIKOSHI CORP,Machinery,Equity,232947000,0.01,232947000,42900,5430,Japan,Tokyo Stock Exchange,JPY,1,JPY
4220,RIKEN TECHNOS CORP,Chemicals,Equity,231528600,0.01,231528600,87900,2634,Japan,Tokyo Stock Exchange,JPY,1,JPY
2146,UT GROUP LTD,Services,Equity,230985000,0.01,230985000,1026600,225,Japan,Tokyo Stock Exchange,JPY,1,JPY
8707,IWAI COSMO HOLDINGS INC,Securities,Equity,230724000,0.01,230724000,52200,4420,Japan,Tokyo Stock Exchange,JPY,1,JPY
4985,EARTH CORP,Chemicals,Equity,228695500,0.01,228695500,47300,4835,Japan,Tokyo Stock Exchange,JPY,1,JPY
9889,JBCC HOLDINGS INC,Information & Communication,Equity,227640000,0.01,227640000,135500,1680,Japan,Tokyo Stock Exchange,JPY,1,JPY
8016,ONWARD HOLDINGS LTD,Textiles & Apparel,Equity,227240000,0.01,227240000,299000,760,Japan,Tokyo Stock Exchange,JPY,1,JPY
5032,ANYCOLOR,Information & Communication,Equity,226924400,0.01,226924400,82100,2764,Japan,Tokyo Stock Exchange,JPY,1,JPY
8584,JACCS,Other Financing Business,Equity,227018000,0.01,227018000,60700,3740,Japan,Tokyo Stock Exchange,JPY,1,JPY
9247,TRE HOLDINGS CORP,Services,Equity,226442000,0.01,226442000,118000,1919,Japan,Tokyo Stock Exchange,JPY,1,JPY
7734,RIKEN KEIKI LTD,Precision Instruments,Equity,226125500,0.01,226125500,71900,3145,Japan,Tokyo Stock Exchange,JPY,1,JPY
6745,HOCHIKI,Electric Appliances,Equity,225598100,0.01,225598100,118300,1907,Japan,Tokyo Stock Exchange,JPY,1,JPY
9068,MARUZEN SHOWA UNYU LTD,Land Transportation,Equity,224952000,0.01,224952000,30900,7280,Japan,Tokyo Stock Exchange,JPY,1,JPY
8061,SEIKA,Wholesale Trade,Equity,224750000,0.01,224750000,77500,2900,Japan,Tokyo Stock Exchange,JPY,1,JPY
2384,SBS HOLDINGS,Land Transportation,Equity,224352000,0.01,224352000,45600,4920,Japan,Tokyo Stock Exchange,JPY,1,JPY
6741,NIPPON SIGNAL LTD,Electric Appliances,Equity,224207400,0.01,224207400,129900,1726,Japan,Tokyo Stock Exchange,JPY,1,JPY
7976,MITSUBISHI PENCIL LTD,Other Products,Equity,223730200,0.01,223730200,78200,2861,Japan,Tokyo Stock Exchange,JPY,1,JPY
5208,ARISAWA MFG LTD,Chemicals,Equity,222637800,0.01,222637800,86900,2562,Japan,Tokyo Stock Exchange,JPY,1,JPY
4956,KONISHI LTD,Chemicals,Equity,222528600,0.01,222528600,156600,1421,Japan,Tokyo Stock Exchange,JPY,1,JPY
5943,NORITZ CORP,Metal Products,Equity,222277500,0.01,222277500,92500,2403,Japan,Tokyo Stock Exchange,JPY,1,JPY
8803,HEIWA REAL ESTATE LTD,Real Estate ex REIT,Equity,221503300,0.01,221503300,94700,2339,Japan,Tokyo Stock Exchange,JPY,1,JPY
3222,UNITED SUPER MARKETS HOLDINGS INC,Retail Trade,Equity,221328100,0.01,221328100,265700,833,Japan,Tokyo Stock Exchange,JPY,1,JPY
4928,NOEVIR HOLDINGS LTD,Chemicals,Equity,220819000,0.01,220819000,46100,4790,Japan,Tokyo Stock Exchange,JPY,1,JPY
6737,EIZO CORP,Electric Appliances,Equity,220200000,0.01,220200000,75000,2936,Japan,Tokyo Stock Exchange,JPY,1,JPY
9960,TOTECH CORP,Wholesale Trade,Equity,219429000,0.01,219429000,60200,3645,Japan,Tokyo Stock Exchange,JPY,1,JPY
2733,ARATA CORP,Wholesale Trade,Equity,218124000,0.01,218124000,83000,2628,Japan,Tokyo Stock Exchange,JPY,1,JPY
6379,RAIZNEXT CORP,Construction,Equity,217497500,0.01,217497500,71900,3025,Japan,Tokyo Stock Exchange,JPY,1,JPY
5715,FURUKAWA LTD,Nonferrous Metal,Equity,217282500,0.01,217282500,55500,3915,Japan,Tokyo Stock Exchange,JPY,1,JPY
8037,KAMEI CORP,Wholesale Trade,Equity,216662000,0.01,216662000,50800,4265,Japan,Tokyo Stock Exchange,JPY,1,JPY
9672,TOKYOTOKEIBA LTD,Services,Equity,216720000,0.01,216720000,43000,5040,Japan,Tokyo Stock Exchange,JPY,1,JPY
3156,RESTAR CORP,Wholesale Trade,Equity,216430000,0.01,216430000,46000,4705,Japan,Tokyo Stock Exchange,JPY,1,JPY
7239,TACHI-S LTD,Transportation Equipment,Equity,215821300,0.01,215821300,94700,2279,Japan,Tokyo Stock Exchange,JPY,1,JPY
6997,NIPPON CHEMI CON CORP,Electric Appliances,Equity,215875000,0.01,215875000,78500,2750,Japan,Tokyo Stock Exchange,JPY,1,JPY
8237,MATSUYA LTD,Retail Trade,Equity,216019600,0.01,216019600,101800,2122,Japan,Tokyo Stock Exchange,JPY,1,JPY
5602,KURIMOTO LTD,Iron & Steel,Equity,213420600,0.01,213420600,125100,1706,Japan,Tokyo Stock Exchange,JPY,1,JPY
6810,MAXELL LTD,Electric Appliances,Equity,212090700,0.01,212090700,92900,2283,Japan,Tokyo Stock Exchange,JPY,1,JPY
6143,SODICK LTD,Machinery,Equity,211239600,0.01,211239600,123100,1716,Japan,Tokyo Stock Exchange,JPY,1,JPY
2737,TOMEN DEVICES CORP,Wholesale Trade,Equity,211344000,0.01,211344000,7400,28560,Japan,Tokyo Stock Exchange,JPY,1,JPY
1835,TOTETSU KOGYO LTD,Construction,Equity,211140000,0.01,211140000,54000,3910,Japan,Tokyo Stock Exchange,JPY,1,JPY
543A,ARCHION CORP,Transportation Equipment,Equity,210072500,0.01,210072500,763900,275,Japan,Tokyo Stock Exchange,JPY,1,JPY
6947,ZUKEN INC,Electric Appliances,Equity,209304000,0.01,209304000,43200,4845,Japan,Tokyo Stock Exchange,JPY,1,JPY
1899,FUKUDA CORP,Construction,Equity,209196000,0.01,209196000,44700,4680,Japan,Tokyo Stock Exchange,JPY,1,JPY
7609,DAITRON LTD,Wholesale Trade,Equity,208376000,0.01,208376000,48800,4270,Japan,Tokyo Stock Exchange,JPY,1,JPY
2760,TOKYO ELECTRON DEVICE LTD,Wholesale Trade,Equity,208417500,0.01,208417500,53100,3925,Japan,Tokyo Stock Exchange,JPY,1,JPY
1766,TOKEN CORP,Construction,Equity,208182000,0.01,208182000,15700,13260,Japan,Tokyo Stock Exchange,JPY,1,JPY
7917,ZACROS CORP,Chemicals,Equity,207972000,0.01,207972000,163500,1272,Japan,Tokyo Stock Exchange,JPY,1,JPY
6999,KOA CORP,Electric Appliances,Equity,207451800,0.01,207451800,93700,2214,Japan,Tokyo Stock Exchange,JPY,1,JPY
7821,MAEDA KOSEN LTD,Other Products,Equity,205920000,0.01,205920000,104000,1980,Japan,Tokyo Stock Exchange,JPY,1,JPY
7630,ICHIBANYA,Retail Trade,Equity,205638600,0.01,205638600,218300,942,Japan,Tokyo Stock Exchange,JPY,1,JPY
4776,CYBOZU INC,Information & Communication,Equity,205779200,0.01,205779200,70400,2923,Japan,Tokyo Stock Exchange,JPY,1,JPY
1762,TAKAMATSU CONSTRUCTION GROUP LTD,Construction,Equity,205275000,0.01,205275000,52500,3910,Japan,Tokyo Stock Exchange,JPY,1,JPY
7575,JAPAN LIFELINE,Wholesale Trade,Equity,205463400,0.01,205463400,132900,1546,Japan,Tokyo Stock Exchange,JPY,1,JPY
7599,IDOM INC,Wholesale Trade,Equity,203958000,0.01,203958000,162000,1259,Japan,Tokyo Stock Exchange,JPY,1,JPY
8395,BANK OF SAGA LTD,Banks,Equity,202461000,0.01,202461000,31100,6510,Japan,Tokyo Stock Exchange,JPY,1,JPY
9551,METAWATER LTD,Electric Power & Gas,Equity,202642000,0.01,202642000,67100,3020,Japan,Tokyo Stock Exchange,JPY,1,JPY
6277,HOSOKAWA MICRON CORP,Machinery,Equity,200901000,0.01,200901000,40100,5010,Japan,Tokyo Stock Exchange,JPY,1,JPY
9699,NISHIO HOLDINGS LTD,Services,Equity,200655000,0.01,200655000,44100,4550,Japan,Tokyo Stock Exchange,JPY,1,JPY
7226,KYOKUTO KAIHATSU KOGYO LTD,Transportation Equipment,Equity,199815000,0.01,199815000,86500,2310,Japan,Tokyo Stock Exchange,JPY,1,JPY
8613,MARUSAN SECURITIES LTD,Securities,Equity,199998000,0.01,199998000,162600,1230,Japan,Tokyo Stock Exchange,JPY,1,JPY
1946,TOENEC CORP,Construction,Equity,199270400,0.01,199270400,97300,2048,Japan,Tokyo Stock Exchange,JPY,1,JPY
1870,YAHAGI CONSTRUCTION LTD,Construction,Equity,199230400,0.01,199230400,95600,2084,Japan,Tokyo Stock Exchange,JPY,1,JPY
1518,MITSUI MATSUSHIMA HOLDINGS LTD,Other Products,Equity,198498400,0.01,198498400,88300,2248,Japan,Tokyo Stock Exchange,JPY,1,JPY
7965,ZOJIRUSHI,Electric Appliances,Equity,198505000,0.01,198505000,136900,1450,Japan,Tokyo Stock Exchange,JPY,1,JPY
3445,RS TECHNOLOGIES,Metal Products,Equity,197613000,0.01,197613000,35100,5630,Japan,Tokyo Stock Exchange,JPY,1,JPY
7172,JAPAN INVESTMENT ADVISER LTD,Securities,Equity,197046300,0.01,197046300,95700,2059,Japan,Tokyo Stock Exchange,JPY,1,JPY
6617,TAKAOKA TOKO LTD,Electric Appliances,Equity,197064000,0.01,197064000,27600,7140,Japan,Tokyo Stock Exchange,JPY,1,JPY
1982,HIBIYA ENGINEERING LTD,Construction,Equity,196732000,0.01,196732000,68500,2872,Japan,Tokyo Stock Exchange,JPY,1,JPY
4534,MOCHIDA PHARMACEUTICAL,Pharmaceutical,Equity,196742000,0.01,196742000,61100,3220,Japan,Tokyo Stock Exchange,JPY,1,JPY
6287,SATO,Machinery,Equity,196778400,0.01,196778400,71400,2756,Japan,Tokyo Stock Exchange,JPY,1,JPY
8160,KISOJI LTD,Retail Trade,Equity,196098000,0.01,196098000,81200,2415,Japan,Tokyo Stock Exchange,JPY,1,JPY
7246,PRESS KOGYO CO LTD,Transportation Equipment,Equity,196115500,0.01,196115500,204500,959,Japan,Tokyo Stock Exchange,JPY,1,JPY
4216,ASAHI YUKIZAI,Chemicals,Equity,195888000,0.01,195888000,33600,5830,Japan,Tokyo Stock Exchange,JPY,1,JPY
8214,AOKI HOLDINGS INC,Retail Trade,Equity,196024000,0.01,196024000,114500,1712,Japan,Tokyo Stock Exchange,JPY,1,JPY
1952,SHIN NIPPON AIR TECHNOLOGIES LTD,Construction,Equity,193700000,0.01,193700000,65000,2980,Japan,Tokyo Stock Exchange,JPY,1,JPY
4369,TRI CHEMICAL LABORATORIES INC,Chemicals,Equity,191862000,0.01,191862000,61200,3135,Japan,Tokyo Stock Exchange,JPY,1,JPY
4187,OSAKA ORGANIC CHEMICAL INDUSTRY LT,Chemicals,Equity,191619000,0.01,191619000,42300,4530,Japan,Tokyo Stock Exchange,JPY,1,JPY
9900,SAGAMI HOLDINGS CORP,Retail Trade,Equity,191658600,0.01,191658600,88200,2173,Japan,Tokyo Stock Exchange,JPY,1,JPY
7483,DOSHISHA LTD,Wholesale Trade,Equity,191292500,0.01,191292500,64300,2975,Japan,Tokyo Stock Exchange,JPY,1,JPY
1975,ASAHI KOGYOSHA LTD,Construction,Equity,191349000,0.01,191349000,51300,3730,Japan,Tokyo Stock Exchange,JPY,1,JPY
2124,JAC RECRUITMENT LTD,Services,Equity,191169000,0.01,191169000,193100,990,Japan,Tokyo Stock Exchange,JPY,1,JPY
9603,HIS LTD,Services,Equity,190799700,0.01,190799700,168700,1131,Japan,Tokyo Stock Exchange,JPY,1,JPY
9039,SAKAI MOVING SERVICE LTD,Land Transportation,Equity,190848000,0.01,190848000,64000,2982,Japan,Tokyo Stock Exchange,JPY,1,JPY
6455,MORITA HOLDINGS CORP,Transportation Equipment,Equity,190628400,0.01,190628400,80400,2371,Japan,Tokyo Stock Exchange,JPY,1,JPY
546A,MIRAINI HOLDINGS LTD,Wholesale Trade,Equity,190089900,0.01,190089900,81900,2321,Japan,Tokyo Stock Exchange,JPY,1,JPY
7745,A&D HOLON HOLDINGS LIMITED LTD,Precision Instruments,Equity,189608000,0.01,189608000,69200,2740,Japan,Tokyo Stock Exchange,JPY,1,JPY
6859,ESPEC CORP,Electric Appliances,Equity,188509500,0.01,188509500,48900,3855,Japan,Tokyo Stock Exchange,JPY,1,JPY
8255,AXIAL RETAILING INC,Retail Trade,Equity,187968700,0.01,187968700,149300,1259,Japan,Tokyo Stock Exchange,JPY,1,JPY
5480,NIPPON YAKIN KOGYO LTD,Iron & Steel,Equity,187256000,0.01,187256000,35600,5260,Japan,Tokyo Stock Exchange,JPY,1,JPY
7283,AISAN INDUSTRY,Transportation Equipment,Equity,187348700,0.01,187348700,83900,2233,Japan,Tokyo Stock Exchange,JPY,1,JPY
6351,TSURUMI MANUFACTURING LTD,Machinery,Equity,186798000,0.01,186798000,81500,2292,Japan,Tokyo Stock Exchange,JPY,1,JPY
6588,TOSHIBA TEC CORP,Electric Appliances,Equity,186903200,0.01,186903200,63400,2948,Japan,Tokyo Stock Exchange,JPY,1,JPY
8934,SUN FRONTIER FUDOUSAN,Real Estate ex REIT,Equity,184861500,0.01,184861500,75300,2455,Japan,Tokyo Stock Exchange,JPY,1,JPY
8084,RYODEN CORP,Wholesale Trade,Equity,184932000,0.01,184932000,39600,4670,Japan,Tokyo Stock Exchange,JPY,1,JPY
4471,SANYO CHEMICAL INDUSTRIES LTD,Chemicals,Equity,183911000,0.01,183911000,30100,6110,Japan,Tokyo Stock Exchange,JPY,1,JPY
6282,OILES CORP,Machinery,Equity,184090900,0.01,184090900,64300,2863,Japan,Tokyo Stock Exchange,JPY,1,JPY
8043,STARZEN LTD,Wholesale Trade,Equity,183464000,0.01,183464000,120700,1520,Japan,Tokyo Stock Exchange,JPY,1,JPY
7943,NICHIHA CORP,Glass & Ceramics Products,Equity,182406000,0.01,182406000,60200,3030,Japan,Tokyo Stock Exchange,JPY,1,JPY
4022,RASA INDUSTRIES LTD,Chemicals,Equity,182684300,0.01,182684300,82700,2209,Japan,Tokyo Stock Exchange,JPY,1,JPY
6381,ANEST IWATA CORP,Machinery,Equity,182023200,0.01,182023200,95400,1908,Japan,Tokyo Stock Exchange,JPY,1,JPY
5851,RYOBI LTD,Nonferrous Metal,Equity,182106000,0.01,182106000,67000,2718,Japan,Tokyo Stock Exchange,JPY,1,JPY
7199,PREMIUM GROUP LTD,Other Financing Business,Equity,180698500,0.01,180698500,86500,2089,Japan,Tokyo Stock Exchange,JPY,1,JPY
1852,ASANUMA CORP,Construction,Equity,180956600,0.01,180956600,198200,913,Japan,Tokyo Stock Exchange,JPY,1,JPY
3708,TOKUSHU TOKAI PAPER LTD,Pulp & Paper,Equity,180198000,0.01,180198000,85200,2115,Japan,Tokyo Stock Exchange,JPY,1,JPY
5195,BANDO CHEMICAL INDUSTRIES LTD,Rubber Products,Equity,180100800,0.01,180100800,75800,2376,Japan,Tokyo Stock Exchange,JPY,1,JPY
4996,KUMIAI CHEMICAL INDUSTRY LTD,Chemicals,Equity,179328000,0.01,179328000,233500,768,Japan,Tokyo Stock Exchange,JPY,1,JPY
4674,CRESCO,Information & Communication,Equity,178189400,0.01,178189400,88300,2018,Japan,Tokyo Stock Exchange,JPY,1,JPY
6800,YOKOWO LTD,Electric Appliances,Equity,177560500,0.01,177560500,46300,3835,Japan,Tokyo Stock Exchange,JPY,1,JPY
4480,MEDLEY INC,Information & Communication,Equity,176990400,0.01,176990400,61200,2892,Japan,Tokyo Stock Exchange,JPY,1,JPY
8005,SCROLL,Retail Trade,Equity,177086400,0.01,177086400,94800,1868,Japan,Tokyo Stock Exchange,JPY,1,JPY
8200,RINGER HUT LTD,Retail Trade,Equity,175480800,0.01,175480800,75900,2312,Japan,Tokyo Stock Exchange,JPY,1,JPY
6332,TSUKISHIMA HOLDINGS LTD,Machinery,Equity,175165200,0.01,175165200,66200,2646,Japan,Tokyo Stock Exchange,JPY,1,JPY
6463,TPR LTD,Machinery,Equity,173622000,0.01,173622000,114000,1523,Japan,Tokyo Stock Exchange,JPY,1,JPY
3001,KATAKURA INDUSTRIES LTD,Textiles & Apparel,Equity,173784100,0.01,173784100,60700,2863,Japan,Tokyo Stock Exchange,JPY,1,JPY
6284,NISSEI ASB MACHINE LTD,Machinery,Equity,173463000,0.01,173463000,20100,8630,Japan,Tokyo Stock Exchange,JPY,1,JPY
2379,DIP CORP,Services,Equity,173045400,0.01,173045400,94200,1837,Japan,Tokyo Stock Exchange,JPY,1,JPY
8585,ORIENT,Other Financing Business,Equity,173114000,0.01,173114000,202000,857,Japan,Tokyo Stock Exchange,JPY,1,JPY
8818,KEIHANSHIN BUILDING LTD,Real Estate ex REIT,Equity,173259900,0.01,173259900,159100,1089,Japan,Tokyo Stock Exchange,JPY,1,JPY
9267,GENKY DRUGSTORES LTD,Retail Trade,Equity,172425000,0.01,172425000,47500,3630,Japan,Tokyo Stock Exchange,JPY,1,JPY
9010,FUJI KYUKO,Land Transportation,Equity,172620000,0.01,172620000,63000,2740,Japan,Tokyo Stock Exchange,JPY,1,JPY
9310,JAPAN TRANSCITY CORP,Warehousing & Harbor Transportation Services,Equity,172363200,0.01,172363200,119200,1446,Japan,Tokyo Stock Exchange,JPY,1,JPY
7504,KOHSOKU CORP,Wholesale Trade,Equity,172126000,0.01,172126000,35600,4835,Japan,Tokyo Stock Exchange,JPY,1,JPY
3091,BRONCO BILLY LTD,Retail Trade,Equity,171837000,0.01,171837000,62600,2745,Japan,Tokyo Stock Exchange,JPY,1,JPY
9621,CTI ENGINEERING,Services,Equity,171497000,0.01,171497000,54100,3170,Japan,Tokyo Stock Exchange,JPY,1,JPY
4212,SEKISUI JUSHI,Chemicals,Equity,171147600,0.01,171147600,62100,2756,Japan,Tokyo Stock Exchange,JPY,1,JPY
6080,M&A CAPITAL PARTNERS LTD,Services,Equity,171200000,0.01,171200000,42800,4000,Japan,Tokyo Stock Exchange,JPY,1,JPY
3302,TEIKOKU SEN-I LTD,Textiles & Apparel,Equity,170748000,0.01,170748000,52700,3240,Japan,Tokyo Stock Exchange,JPY,1,JPY
8715,ANICOM HOLDINGS INC,Insurance,Equity,170912000,0.01,170912000,152600,1120,Japan,Tokyo Stock Exchange,JPY,1,JPY
3950,PACK,Pulp & Paper,Equity,170940000,0.01,170940000,115500,1480,Japan,Tokyo Stock Exchange,JPY,1,JPY
8059,DAIICHI JITSUGYO LTD,Wholesale Trade,Equity,170610000,0.01,170610000,48400,3525,Japan,Tokyo Stock Exchange,JPY,1,JPY
3034,QOL HOLDINGS LTD,Retail Trade,Equity,170661900,0.01,170661900,66900,2551,Japan,Tokyo Stock Exchange,JPY,1,JPY
6779,NIHON DEMPA KOGYO LTD,Electric Appliances,Equity,170355000,0.01,170355000,61500,2770,Japan,Tokyo Stock Exchange,JPY,1,JPY
8125,WAKITA & COMPANY LTD,Wholesale Trade,Equity,170065800,0.01,170065800,88300,1926,Japan,Tokyo Stock Exchange,JPY,1,JPY
9743,TANSEISHA,Services,Equity,168740000,0.01,168740000,114400,1475,Japan,Tokyo Stock Exchange,JPY,1,JPY
2337,ICHIGO INC,Real Estate ex REIT,Equity,168776400,0.01,168776400,418800,403,Japan,Tokyo Stock Exchange,JPY,1,JPY
5122,OKAMOTO INDUSTRIES INC,Rubber Products,Equity,168990000,0.01,168990000,26200,6450,Japan,Tokyo Stock Exchange,JPY,1,JPY
8278,FUJI (EHIME) LTD,Retail Trade,Equity,168633400,0.01,168633400,82100,2054,Japan,Tokyo Stock Exchange,JPY,1,JPY
9974,BELC LTD,Retail Trade,Equity,168170000,0.01,168170000,25100,6700,Japan,Tokyo Stock Exchange,JPY,1,JPY
4116,DAINICHISEIKA COLOR & CHEMICALS MF,Chemicals,Equity,167961200,0.01,167961200,129400,1298,Japan,Tokyo Stock Exchange,JPY,1,JPY
4819,DIGITAL GARAGE,Information & Communication,Equity,167547500,0.01,167547500,72500,2311,Japan,Tokyo Stock Exchange,JPY,1,JPY
9543,SHIZUOKA GAS LTD,Electric Power & Gas,Equity,166858800,0.01,166858800,131800,1266,Japan,Tokyo Stock Exchange,JPY,1,JPY
6331,MITSUBISHI KAKOK,Machinery,Equity,166738500,0.01,166738500,53700,3105,Japan,Tokyo Stock Exchange,JPY,1,JPY
4078,SAKAI CHEMICAL INDUSTRY LTD,Chemicals,Equity,166988000,0.01,166988000,43600,3830,Japan,Tokyo Stock Exchange,JPY,1,JPY
3443,KAWADA TECH INC,Metal Products,Equity,166410500,0.01,166410500,120500,1381,Japan,Tokyo Stock Exchange,JPY,1,JPY
4549,EIKEN CHEMICAL,Pharmaceutical,Equity,165626800,0.01,165626800,72200,2294,Japan,Tokyo Stock Exchange,JPY,1,JPY
3608,TSI HOLDINGS LTD,Textiles & Apparel,Equity,165742300,0.01,165742300,132700,1249,Japan,Tokyo Stock Exchange,JPY,1,JPY
6458,SINKO KOGYO,Machinery,Equity,164768000,0.01,164768000,135500,1216,Japan,Tokyo Stock Exchange,JPY,1,JPY
3993,PKSHA TECHNOLOGY,Information & Communication,Equity,164317500,0.01,164317500,54500,3015,Japan,Tokyo Stock Exchange,JPY,1,JPY
2281,PRIMA MEAT PACKERS LTD,Foods,Equity,163816400,0.01,163816400,68200,2402,Japan,Tokyo Stock Exchange,JPY,1,JPY
2353,NIPPON PARKING DEVELOPMENT LTD,Real Estate ex REIT,Equity,163293000,0.01,163293000,616200,265,Japan,Tokyo Stock Exchange,JPY,1,JPY
4432,WINGARC1ST,Information & Communication,Equity,163115000,0.01,163115000,50500,3230,Japan,Tokyo Stock Exchange,JPY,1,JPY
9304,SHIBUSAWA WAREHOUSE CORP,Warehousing & Harbor Transportation Services,Equity,162724800,0.01,162724800,81200,2004,Japan,Tokyo Stock Exchange,JPY,1,JPY
2590,DYDO GROUP HOLDINGS INC,Foods,Equity,162745000,0.01,162745000,55000,2959,Japan,Tokyo Stock Exchange,JPY,1,JPY
2292,S FOODS INC,Foods,Equity,161757900,0.01,161757900,57300,2823,Japan,Tokyo Stock Exchange,JPY,1,JPY
6486,EAGLE INDUSTRY LTD,Machinery,Equity,160860800,0.01,160860800,54400,2957,Japan,Tokyo Stock Exchange,JPY,1,JPY
5273,MITANI SEKISAN LTD,Glass & Ceramics Products,Equity,160628400,0.01,160628400,83400,1926,Japan,Tokyo Stock Exchange,JPY,1,JPY
4071,PLUS ALPHA CONSULTING LTD,Information & Communication,Equity,160225000,0.01,160225000,72500,2210,Japan,Tokyo Stock Exchange,JPY,1,JPY
7433,HAKUTO LTD,Wholesale Trade,Equity,159896000,0.01,159896000,31600,5060,Japan,Tokyo Stock Exchange,JPY,1,JPY
4559,ZERIA PHARMACEUTICAL LTD,Pharmaceutical,Equity,159909000,0.01,159909000,75500,2118,Japan,Tokyo Stock Exchange,JPY,1,JPY
3964,AUCNET INC,Information & Communication,Equity,159696000,0.01,159696000,110900,1440,Japan,Tokyo Stock Exchange,JPY,1,JPY
3673,BROADLEAF LTD,Information & Communication,Equity,159218400,0.01,159218400,358600,444,Japan,Tokyo Stock Exchange,JPY,1,JPY
1879,SHINNIHON CORP,Construction,Equity,157417500,0.01,157417500,69500,2265,Japan,Tokyo Stock Exchange,JPY,1,JPY
8624,ICHIYOSHI SECURITIES LTD,Securities,Equity,157282500,0.01,157282500,93900,1675,Japan,Tokyo Stock Exchange,JPY,1,JPY
8338,TSUKUBA BANK LTD,Banks,Equity,156853600,0.01,156853600,220300,712,Japan,Tokyo Stock Exchange,JPY,1,JPY
2664,CAWACHI LTD,Retail Trade,Equity,156180000,0.01,156180000,41100,3800,Japan,Tokyo Stock Exchange,JPY,1,JPY
2004,SHOWA SANGYO LTD,Foods,Equity,156342000,0.01,156342000,42600,3670,Japan,Tokyo Stock Exchange,JPY,1,JPY
3465,KI-STAR REAL ESTATE LTD,Real Estate ex REIT,Equity,156416000,0.01,156416000,41600,3760,Japan,Tokyo Stock Exchange,JPY,1,JPY
4825,WEATHERNEWS INC,Information & Communication,Equity,155412100,0.01,155412100,75700,2053,Japan,Tokyo Stock Exchange,JPY,1,JPY
9274,KPP GROUP HOLDINGS,Wholesale Trade,Equity,155511000,0.01,155511000,140100,1110,Japan,Tokyo Stock Exchange,JPY,1,JPY
4008,SUMITOMO SEIKA CHEMICALS LTD,Chemicals,Equity,154247100,0.01,154247100,102900,1499,Japan,Tokyo Stock Exchange,JPY,1,JPY
2157,KOSHIDAKA HOLDINGS LTD,Services,Equity,154285000,0.01,154285000,147500,1046,Japan,Tokyo Stock Exchange,JPY,1,JPY
6768,TAMURA CORP,Electric Appliances,Equity,153981600,0.01,153981600,199200,773,Japan,Tokyo Stock Exchange,JPY,1,JPY
7130,YAMAE GROUP HOLDINGS LTD,Wholesale Trade,Equity,153759000,0.01,153759000,53500,2874,Japan,Tokyo Stock Exchange,JPY,1,JPY
6517,DENYO LTD,Electric Appliances,Equity,153520000,0.01,153520000,38000,4040,Japan,Tokyo Stock Exchange,JPY,1,JPY
8079,SHOEI FOODS CORP,Wholesale Trade,Equity,153558000,0.01,153558000,34200,4490,Japan,Tokyo Stock Exchange,JPY,1,JPY
9279,GIFT HOLDINGS,Retail Trade,Equity,153114000,0.01,153114000,30200,5070,Japan,Tokyo Stock Exchange,JPY,1,JPY
6740,JAPAN DISPLAY,Electric Appliances,Equity,152900400,0.01,152900400,3253200,47,Japan,Tokyo Stock Exchange,JPY,1,JPY
2109,MITSUI DM SUGAR,Foods,Equity,152216000,0.01,152216000,42400,3590,Japan,Tokyo Stock Exchange,JPY,1,JPY
3687,FIXSTARS CORP,Information & Communication,Equity,151901800,0.01,151901800,73100,2078,Japan,Tokyo Stock Exchange,JPY,1,JPY
3182,OISIX INC,Retail Trade,Equity,151964300,0.01,151964300,88300,1721,Japan,Tokyo Stock Exchange,JPY,1,JPY
6961,ENPLAS CORP,Electric Appliances,Equity,151151000,0.01,151151000,15100,10010,Japan,Tokyo Stock Exchange,JPY,1,JPY
1976,MEISEI INDUSTRIAL LTD,Construction,Equity,150554500,0.01,150554500,85300,1765,Japan,Tokyo Stock Exchange,JPY,1,JPY
7157,LIFENET INSURANCE,Insurance,Equity,149902100,0.01,149902100,104900,1429,Japan,Tokyo Stock Exchange,JPY,1,JPY
9347,NIPPON KANZAI HOLDINGS LTD,Services,Equity,149962600,0.01,149962600,52600,2851,Japan,Tokyo Stock Exchange,JPY,1,JPY
2734,SALA CORP,Retail Trade,Equity,149691000,0.01,149691000,121700,1230,Japan,Tokyo Stock Exchange,JPY,1,JPY
6140,ASAHI DIAMOND INDUSTRIAL LTD,Machinery,Equity,149497200,0.01,149497200,126800,1179,Japan,Tokyo Stock Exchange,JPY,1,JPY
9511,OKINAWA ELECTRIC POWER INC,Electric Power & Gas,Equity,149259400,0.01,149259400,130700,1142,Japan,Tokyo Stock Exchange,JPY,1,JPY
8771,EGUARANTEE INC,Other Financing Business,Equity,148820400,0.01,148820400,80400,1851,Japan,Tokyo Stock Exchange,JPY,1,JPY
5970,G-TEKT CORP,Metal Products,Equity,148567500,0.01,148567500,63900,2325,Japan,Tokyo Stock Exchange,JPY,1,JPY
6459,DAIWA,Machinery,Equity,148453500,0.01,148453500,89700,1655,Japan,Tokyo Stock Exchange,JPY,1,JPY
7241,FUTABA INDUSTRIAL LTD,Transportation Equipment,Equity,148021800,0.01,148021800,136300,1086,Japan,Tokyo Stock Exchange,JPY,1,JPY
6237,IWAKI LTD,Machinery,Equity,147232000,0.01,147232000,34400,4280,Japan,Tokyo Stock Exchange,JPY,1,JPY
7128,UNISOL HOLDINGS CORP,Wholesale Trade,Equity,146380800,0.01,146380800,51200,2859,Japan,Tokyo Stock Exchange,JPY,1,JPY
7606,UNITED ARROWS LTD,Retail Trade,Equity,146042200,0.01,146042200,56300,2594,Japan,Tokyo Stock Exchange,JPY,1,JPY
8065,SATO SHOJI CORP,Wholesale Trade,Equity,145332000,0.01,145332000,39600,3670,Japan,Tokyo Stock Exchange,JPY,1,JPY
7513,KOJIMA LTD,Retail Trade,Equity,145371000,0.01,145371000,103100,1410,Japan,Tokyo Stock Exchange,JPY,1,JPY
8897,MIRARTH HOLDINGS INC,Real Estate ex REIT,Equity,145141200,0.01,145141200,320400,453,Japan,Tokyo Stock Exchange,JPY,1,JPY
6644,OSAKI ELECTRIC LTD,Electric Appliances,Equity,145287400,0.01,145287400,98300,1478,Japan,Tokyo Stock Exchange,JPY,1,JPY
5302,NIPPON CARBON LTD,Glass & Ceramics Products,Equity,144501000,0.01,144501000,29400,4915,Japan,Tokyo Stock Exchange,JPY,1,JPY
4526,RIKEN VITAMIN LTD,Foods,Equity,144648000,0.01,144648000,44100,3280,Japan,Tokyo Stock Exchange,JPY,1,JPY
5202,NIPPON SHEET GLASS LTD,Glass & Ceramics Products,Equity,143547600,0.01,143547600,297200,483,Japan,Tokyo Stock Exchange,JPY,1,JPY
3176,SANYO TRADING LTD,Wholesale Trade,Equity,143207900,0.01,143207900,128900,1111,Japan,Tokyo Stock Exchange,JPY,1,JPY
4109,STELLA CHEMIFA,Chemicals,Equity,142578000,0.01,142578000,26700,5340,Japan,Tokyo Stock Exchange,JPY,1,JPY
166A,TASUKI HOLDINGS INC,Real Estate ex REIT,Equity,142282700,0,142282700,124700,1141,Japan,Tokyo Stock Exchange,JPY,1,JPY
2585,LIFEDRINK COMPANY,Foods,Equity,142328900,0,142328900,88900,1601,Japan,Tokyo Stock Exchange,JPY,1,JPY
471A,NS GROUP INC,Other Financing Business,Equity,141758100,0,141758100,89100,1591,Japan,Tokyo Stock Exchange,JPY,1,JPY
7979,SHOFU INC,Precision Instruments,Equity,141872500,0,141872500,60500,2345,Japan,Tokyo Stock Exchange,JPY,1,JPY
4221,OKURA INDUSTRIAL LTD,Chemicals,Equity,141015000,0,141015000,25500,5530,Japan,Tokyo Stock Exchange,JPY,1,JPY
7613,SIIX CORP,Wholesale Trade,Equity,140000000,0,140000000,87500,1600,Japan,Tokyo Stock Exchange,JPY,1,JPY
6794,FOSTER ELECTRIC LTD,Electric Appliances,Equity,140059600,0,140059600,47900,2924,Japan,Tokyo Stock Exchange,JPY,1,JPY
4290,PRESTIGE INTERNATIONAL INC,Services,Equity,140142500,0,140142500,193300,725,Japan,Tokyo Stock Exchange,JPY,1,JPY
9692,COMPUTER ENGINEERING & CONSULTING,Information & Communication,Equity,139411800,0,139411800,59400,2347,Japan,Tokyo Stock Exchange,JPY,1,JPY
2108,NIPPON BEET SUGAR MANUFACTURING LT,Foods,Equity,139446000,0,139446000,25400,5490,Japan,Tokyo Stock Exchange,JPY,1,JPY
3817,SRA HOLDINGS INC,Information & Communication,Equity,138334000,0,138334000,28700,4820,Japan,Tokyo Stock Exchange,JPY,1,JPY
9536,SAIBU GAS HOLDINGS LTD,Electric Power & Gas,Equity,137712000,0,137712000,57000,2416,Japan,Tokyo Stock Exchange,JPY,1,JPY
8131,MITSUUROKO GROUP HOLDINGS LTD,Wholesale Trade,Equity,137856000,0,137856000,64000,2154,Japan,Tokyo Stock Exchange,JPY,1,JPY
8713,FIDEA HOLDING LTD,Banks,Equity,137256000,0,137256000,51600,2660,Japan,Tokyo Stock Exchange,JPY,1,JPY
3636,MITSUBISHI RESEARCH INSTITUTE,Information & Communication,Equity,136780000,0,136780000,28000,4885,Japan,Tokyo Stock Exchange,JPY,1,JPY
6877,OBARA GROUP INC,Electric Appliances,Equity,136512000,0,136512000,23700,5760,Japan,Tokyo Stock Exchange,JPY,1,JPY
9887,MATSUYA FOODS HOLDINGS LTD,Retail Trade,Equity,136422500,0,136422500,27700,4925,Japan,Tokyo Stock Exchange,JPY,1,JPY
7512,AEON HOKKAIDO CORP,Retail Trade,Equity,135663100,0,135663100,158300,857,Japan,Tokyo Stock Exchange,JPY,1,JPY
6339,SINTOKOGIO LTD,Machinery,Equity,135666800,0,135666800,112400,1207,Japan,Tokyo Stock Exchange,JPY,1,JPY
8558,TOWA BANK LTD,Banks,Equity,135673600,0,135673600,92800,1462,Japan,Tokyo Stock Exchange,JPY,1,JPY
7085,CURVES HOLDINGS LTD,Services,Equity,135511200,0,135511200,141600,957,Japan,Tokyo Stock Exchange,JPY,1,JPY
6419,MARS GROUP HOLDINGS CORP,Machinery,Equity,135564000,0,135564000,42900,3160,Japan,Tokyo Stock Exchange,JPY,1,JPY
9090,AZ-COM MARUWA HOLDINGS,Land Transportation,Equity,135064800,0,135064800,152100,888,Japan,Tokyo Stock Exchange,JPY,1,JPY
3946,TOMOKU LTD,Pulp & Paper,Equity,135196000,0,135196000,29200,4630,Japan,Tokyo Stock Exchange,JPY,1,JPY
6523,PHC HOLDINGS,Electric Appliances,Equity,134835400,0,134835400,95900,1406,Japan,Tokyo Stock Exchange,JPY,1,JPY
7236,T RAD LTD,Transportation Equipment,Equity,135029800,0,135029800,89900,1502,Japan,Tokyo Stock Exchange,JPY,1,JPY
6309,TOMOE ENGINEERING LTD,Machinery,Equity,134641600,0,134641600,68800,1957,Japan,Tokyo Stock Exchange,JPY,1,JPY
5702,DAIKI ALUMINIUM INDUSTRY LTD,Nonferrous Metal,Equity,133653000,0,133653000,74500,1794,Japan,Tokyo Stock Exchange,JPY,1,JPY
8163,SRS HOLDINGS,Retail Trade,Equity,133710800,0,133710800,89200,1499,Japan,Tokyo Stock Exchange,JPY,1,JPY
9997,BELLUNA,Retail Trade,Equity,133437600,0,133437600,129300,1032,Japan,Tokyo Stock Exchange,JPY,1,JPY
1815,TEKKEN,Construction,Equity,133560000,0,133560000,31500,4240,Japan,Tokyo Stock Exchange,JPY,1,JPY
1301,KYOKUYO LTD,"Fishery, Agriculture & Forestry",Equity,133000000,0,133000000,28000,4750,Japan,Tokyo Stock Exchange,JPY,1,JPY
409A,ORION BREWERIES LTD,Foods,Equity,131945800,0,131945800,110600,1193,Japan,Tokyo Stock Exchange,JPY,1,JPY
1379,HOKUTO CORP,"Fishery, Agriculture & Forestry",Equity,131674200,0,131674200,64200,2051,Japan,Tokyo Stock Exchange,JPY,1,JPY
6929,NIPPON CERAMIC LTD,Electric Appliances,Equity,131584500,0,131584500,36100,3645,Japan,Tokyo Stock Exchange,JPY,1,JPY
4849,EN INC,Services,Equity,131102400,0,131102400,85800,1528,Japan,Tokyo Stock Exchange,JPY,1,JPY
7421,KAPPA CREATE LTD,Retail Trade,Equity,131168800,0,131168800,82600,1588,Japan,Tokyo Stock Exchange,JPY,1,JPY
7717,V TECHNOLOGY LTD,Precision Instruments,Equity,130863000,0,130863000,24100,5430,Japan,Tokyo Stock Exchange,JPY,1,JPY
8739,SPARX GROUP,Securities,Equity,130528400,0,130528400,52400,2491,Japan,Tokyo Stock Exchange,JPY,1,JPY
3151,VITAL KSK HOLDINGS INC,Wholesale Trade,Equity,130565600,0,130565600,81400,1604,Japan,Tokyo Stock Exchange,JPY,1,JPY
6058,VECTOR INC,Services,Equity,130682000,0,130682000,72400,1805,Japan,Tokyo Stock Exchange,JPY,1,JPY
9308,INUI GLOBAL LOGISTICS LTD,Marine Transportation,Equity,129916800,0,129916800,62400,2082,Japan,Tokyo Stock Exchange,JPY,1,JPY
2326,DIGITAL ARTS INC,Information & Communication,Equity,129204000,0,129204000,29100,4440,Japan,Tokyo Stock Exchange,JPY,1,JPY
1939,YONDENKO CORP,Construction,Equity,129276000,0,129276000,63000,2052,Japan,Tokyo Stock Exchange,JPY,1,JPY
4784,GMO INTERNET INC,Services,Equity,128780000,0,128780000,235000,548,Japan,Tokyo Stock Exchange,JPY,1,JPY
2053,CHUBU SHIRYO LTD,Foods,Equity,128921500,0,128921500,64300,2005,Japan,Tokyo Stock Exchange,JPY,1,JPY
7245,DAIDO METAL,Transportation Equipment,Equity,129011800,0,129011800,99700,1294,Japan,Tokyo Stock Exchange,JPY,1,JPY
2681,GEO HOLDINGS CORP,Retail Trade,Equity,128742500,0,128742500,57500,2239,Japan,Tokyo Stock Exchange,JPY,1,JPY
9755,OYO CORP,Services,Equity,128520000,0,128520000,45000,2856,Japan,Tokyo Stock Exchange,JPY,1,JPY
5011,NICHIREKI GROUP LTD,Oil & Coal Products,Equity,128670400,0,128670400,54800,2348,Japan,Tokyo Stock Exchange,JPY,1,JPY
8622,MITO SECURITIES LTD,Securities,Equity,127849800,0,127849800,144300,886,Japan,Tokyo Stock Exchange,JPY,1,JPY
7915,NISSHA,Other Products,Equity,127430100,0,127430100,101700,1253,Japan,Tokyo Stock Exchange,JPY,1,JPY
2678,ASKUL CORP,Retail Trade,Equity,127131500,0,127131500,101300,1255,Japan,Tokyo Stock Exchange,JPY,1,JPY
1419,TAMA HOME LTD,Construction,Equity,126850000,0,126850000,43000,2950,Japan,Tokyo Stock Exchange,JPY,1,JPY
6387,SAMCO INC,Machinery,Equity,126700000,0,126700000,14000,9050,Japan,Tokyo Stock Exchange,JPY,1,JPY
8157,TSUZUKI DENKI LTD,Information & Communication,Equity,126007500,0,126007500,31700,3975,Japan,Tokyo Stock Exchange,JPY,1,JPY
9619,ICHINEN HOLDINGS LTD,Services,Equity,125785800,0,125785800,46900,2682,Japan,Tokyo Stock Exchange,JPY,1,JPY
8141,SHINKO SHOJI,Wholesale Trade,Equity,125593200,0,125593200,80200,1566,Japan,Tokyo Stock Exchange,JPY,1,JPY
6266,TAZMO LTD,Machinery,Equity,124890000,0,124890000,34500,3620,Japan,Tokyo Stock Exchange,JPY,1,JPY
8706,KYOKUTO SECURITIES,Securities,Equity,124555200,0,124555200,67400,1848,Japan,Tokyo Stock Exchange,JPY,1,JPY
6328,EBARA JITSUGYO LTD,Machinery,Equity,124727200,0,124727200,53600,2327,Japan,Tokyo Stock Exchange,JPY,1,JPY
8011,SANYO SHOKAI LTD,Textiles & Apparel,Equity,123952000,0,123952000,24400,5080,Japan,Tokyo Stock Exchange,JPY,1,JPY
3539,JM HOLDINGS LTD,Retail Trade,Equity,124173900,0,124173900,84300,1473,Japan,Tokyo Stock Exchange,JPY,1,JPY
7715,NAGANO KEIKI LTD,Precision Instruments,Equity,123175000,0,123175000,32500,3790,Japan,Tokyo Stock Exchange,JPY,1,JPY
5949,UNIPRES CORP,Transportation Equipment,Equity,123250100,0,123250100,94300,1307,Japan,Tokyo Stock Exchange,JPY,1,JPY
5351,SHINAGAWA REFRA LTD,Glass & Ceramics Products,Equity,123318000,0,123318000,61200,2015,Japan,Tokyo Stock Exchange,JPY,1,JPY
2220,KAMEDA SEIKA LTD,Foods,Equity,123343200,0,123343200,92600,1332,Japan,Tokyo Stock Exchange,JPY,1,JPY
6742,KYOSAN ELECTRIC MANUFACTURING LTD,Electric Appliances,Equity,123006000,0,123006000,123500,996,Japan,Tokyo Stock Exchange,JPY,1,JPY
6364,AIRMAN CORP,Machinery,Equity,123039000,0,123039000,49000,2511,Japan,Tokyo Stock Exchange,JPY,1,JPY
3028,ALPEN LTD,Retail Trade,Equity,123061900,0,123061900,52300,2353,Japan,Tokyo Stock Exchange,JPY,1,JPY
5288,ASIA PILE HOLDINGS CORP,Glass & Ceramics Products,Equity,123067500,0,123067500,80700,1525,Japan,Tokyo Stock Exchange,JPY,1,JPY
1882,TOA ROAD CORP,Construction,Equity,122572800,0,122572800,76800,1596,Japan,Tokyo Stock Exchange,JPY,1,JPY
4552,JCR PHARMACEUTICALS,Pharmaceutical,Equity,122654400,0,122654400,232300,528,Japan,Tokyo Stock Exchange,JPY,1,JPY
8075,SHINSHO,Wholesale Trade,Equity,122303500,0,122303500,40700,3005,Japan,Tokyo Stock Exchange,JPY,1,JPY
3395,SAINT MARC HOLDINGS LTD,Retail Trade,Equity,122304900,0,122304900,49900,2451,Japan,Tokyo Stock Exchange,JPY,1,JPY
5541,PACIFIC METALS LTD,Iron & Steel,Equity,122365100,0,122365100,47300,2587,Japan,Tokyo Stock Exchange,JPY,1,JPY
9519,RENOVA,Electric Power & Gas,Equity,122445900,0,122445900,135900,901,Japan,Tokyo Stock Exchange,JPY,1,JPY
5992,CHUO SPRING LTD,Metal Products,Equity,121657000,0,121657000,33700,3610,Japan,Tokyo Stock Exchange,JPY,1,JPY
2931,EUGLENA LTD,Foods,Equity,121691700,0,121691700,346700,351,Japan,Tokyo Stock Exchange,JPY,1,JPY
8892,ES-CON JAPAN,Real Estate ex REIT,Equity,121767000,0,121767000,111000,1097,Japan,Tokyo Stock Exchange,JPY,1,JPY
4246,DAIKYONISHIKAWA CORP,Chemicals,Equity,121852700,0,121852700,112100,1087,Japan,Tokyo Stock Exchange,JPY,1,JPY
8014,CHORI LTD,Wholesale Trade,Equity,121365000,0,121365000,29000,4185,Japan,Tokyo Stock Exchange,JPY,1,JPY
4641,ALTECH CORP,Services,Equity,121114000,0,121114000,143500,844,Japan,Tokyo Stock Exchange,JPY,1,JPY
7860,AVEX INC,Information & Communication,Equity,121261800,0,121261800,96700,1254,Japan,Tokyo Stock Exchange,JPY,1,JPY
7921,TAKARA & LTD,Other Products,Equity,121056000,0,121056000,29100,4160,Japan,Tokyo Stock Exchange,JPY,1,JPY
3252,JINUSHI LTD,Real Estate ex REIT,Equity,120033600,0,120033600,40800,2942,Japan,Tokyo Stock Exchange,JPY,1,JPY
5976,NETUREN LTD,Metal Products,Equity,120048500,0,120048500,80300,1495,Japan,Tokyo Stock Exchange,JPY,1,JPY
8159,TACHIBANA ELETECH LTD,Wholesale Trade,Equity,119743000,0,119743000,30200,3965,Japan,Tokyo Stock Exchange,JPY,1,JPY
9534,HOKKAIDO GAS LTD,Electric Power & Gas,Equity,119764000,0,119764000,151600,790,Japan,Tokyo Stock Exchange,JPY,1,JPY
7231,TOPY INDUSTRIES LTD,Transportation Equipment,Equity,119060300,0,119060300,39700,2999,Japan,Tokyo Stock Exchange,JPY,1,JPY
9880,INNOTECH CORP,Electric Appliances,Equity,118608000,0,118608000,33600,3530,Japan,Tokyo Stock Exchange,JPY,1,JPY
6196,STRIKE GROUP LTD,Services,Equity,118193000,0,118193000,90500,1306,Japan,Tokyo Stock Exchange,JPY,1,JPY
8137,SUN-WA TECHNOS CORP,Wholesale Trade,Equity,117859000,0,117859000,29800,3955,Japan,Tokyo Stock Exchange,JPY,1,JPY
4569,KYORIN PHARMACEUTICAL LTD,Pharmaceutical,Equity,117542700,0,117542700,102300,1149,Japan,Tokyo Stock Exchange,JPY,1,JPY
5440,KYOEI STEEL LTD,Iron & Steel,Equity,117196200,0,117196200,59400,1973,Japan,Tokyo Stock Exchange,JPY,1,JPY
6363,TORISHIMA PUMP MFG LTD,Machinery,Equity,116921500,0,116921500,37900,3085,Japan,Tokyo Stock Exchange,JPY,1,JPY
7280,MITSUBA CORP,Electric Appliances,Equity,116977600,0,116977600,90400,1294,Japan,Tokyo Stock Exchange,JPY,1,JPY
2170,LINK AND MOTIVATION INC,Services,Equity,117064800,0,117064800,170400,687,Japan,Tokyo Stock Exchange,JPY,1,JPY
2613,J OIL MILLS INC,Foods,Equity,116727000,0,116727000,53300,2190,Japan,Tokyo Stock Exchange,JPY,1,JPY
8877,ESLEAD CORP,Real Estate ex REIT,Equity,116772000,0,116772000,22200,5260,Japan,Tokyo Stock Exchange,JPY,1,JPY
1898,SEIKITOKYU KOGYO,Construction,Equity,116275500,0,116275500,78300,1485,Japan,Tokyo Stock Exchange,JPY,1,JPY
6958,CMK CORP,Electric Appliances,Equity,116278400,0,116278400,162400,716,Japan,Tokyo Stock Exchange,JPY,1,JPY
5985,SUNCALL CORP,Metal Products,Equity,116435800,0,116435800,49400,2357,Japan,Tokyo Stock Exchange,JPY,1,JPY
5563,NIPPON DENKO LTD,Iron & Steel,Equity,116456500,0,116456500,261700,445,Japan,Tokyo Stock Exchange,JPY,1,JPY
3245,DEAR LIFE LTD,Real Estate ex REIT,Equity,116092400,0,116092400,100600,1154,Japan,Tokyo Stock Exchange,JPY,1,JPY
1663,K&O ENERGY GROUP INC,Mining,Equity,116128000,0,116128000,60800,1910,Japan,Tokyo Stock Exchange,JPY,1,JPY
5445,TOKYO TEKKO LTD,Iron & Steel,Equity,115718400,0,115718400,57600,2009,Japan,Tokyo Stock Exchange,JPY,1,JPY
5121,FUJIKURA COMPOSITES INC,Rubber Products,Equity,115926000,0,115926000,41700,2780,Japan,Tokyo Stock Exchange,JPY,1,JPY
4746,TOUKEI COMPUTER LTD,Information & Communication,Equity,115634000,0,115634000,17900,6460,Japan,Tokyo Stock Exchange,JPY,1,JPY
8167,RETAIL PARTNERS LTD,Retail Trade,Equity,115313600,0,115313600,77600,1486,Japan,Tokyo Stock Exchange,JPY,1,JPY
2288,MARUDAI FOOD LTD,Foods,Equity,115341600,0,115341600,51400,2244,Japan,Tokyo Stock Exchange,JPY,1,JPY
4025,TAKI CHEMICAL LTD,Chemicals,Equity,114851000,0,114851000,19700,5830,Japan,Tokyo Stock Exchange,JPY,1,JPY
3284,HOOSIERS LTD,Real Estate ex REIT,Equity,114885300,0,114885300,87900,1307,Japan,Tokyo Stock Exchange,JPY,1,JPY
6118,AIDA ENGINEERING LTD,Machinery,Equity,114715800,0,114715800,90900,1262,Japan,Tokyo Stock Exchange,JPY,1,JPY
3663,CELSYS INC,Information & Communication,Equity,114468600,0,114468600,64200,1783,Japan,Tokyo Stock Exchange,JPY,1,JPY
7942,JSP CORP,Chemicals,Equity,113953500,0,113953500,36700,3105,Japan,Tokyo Stock Exchange,JPY,1,JPY
6027,BENGO4.COM INC,Services,Equity,114036000,0,114036000,25800,4420,Japan,Tokyo Stock Exchange,JPY,1,JPY
4413,BAUDROIE INC,Information & Communication,Equity,113812500,0,113812500,37500,3035,Japan,Tokyo Stock Exchange,JPY,1,JPY
3153,YASHIMA DENKI LTD,Wholesale Trade,Equity,113891400,0,113891400,41400,2751,Japan,Tokyo Stock Exchange,JPY,1,JPY
2060,FEED ONE LTD,Foods,Equity,113298200,0,113298200,79900,1418,Japan,Tokyo Stock Exchange,JPY,1,JPY
2594,KEY COFFEE INC,Foods,Equity,112827600,0,112827600,55800,2022,Japan,Tokyo Stock Exchange,JPY,1,JPY
7990,GLOBERIDE INC,Other Products,Equity,112774200,0,112774200,46200,2441,Japan,Tokyo Stock Exchange,JPY,1,JPY
8551,KITA NIPPON BANK LTD,Banks,Equity,112149000,0,112149000,15300,7330,Japan,Tokyo Stock Exchange,JPY,1,JPY
6333,TEIKOKU CORP,Machinery,Equity,112224000,0,112224000,33400,3360,Japan,Tokyo Stock Exchange,JPY,1,JPY
7447,NAGAILEBEN LTD,Wholesale Trade,Equity,111846800,0,111846800,62800,1781,Japan,Tokyo Stock Exchange,JPY,1,JPY
9278,BOOKOFF GROUP HOLDINGS LTD,Retail Trade,Equity,110952900,0,110952900,38700,2867,Japan,Tokyo Stock Exchange,JPY,1,JPY
8132,SHINANEN HOLDINGS,Wholesale Trade,Equity,110682000,0,110682000,12900,8580,Japan,Tokyo Stock Exchange,JPY,1,JPY
8008,YONDOSHI HOLDINGS INC,Retail Trade,Equity,109516800,0,109516800,51200,2139,Japan,Tokyo Stock Exchange,JPY,1,JPY
9729,TOKAI (GIFU) CORP,Services,Equity,109533000,0,109533000,43500,2518,Japan,Tokyo Stock Exchange,JPY,1,JPY
3431,MIYAJI ENGINEERING INC,Metal Products,Equity,108891400,0,108891400,67300,1618,Japan,Tokyo Stock Exchange,JPY,1,JPY
5988,PIOLAX INC,Metal Products,Equity,109052800,0,109052800,64300,1696,Japan,Tokyo Stock Exchange,JPY,1,JPY
6908,IRISO ELECTRONICS,Electric Appliances,Equity,108756800,0,108756800,40400,2692,Japan,Tokyo Stock Exchange,JPY,1,JPY
6817,SUMIDA CORP,Electric Appliances,Equity,107454600,0,107454600,89100,1206,Japan,Tokyo Stock Exchange,JPY,1,JPY
8614,TOYO SECURITIES LTD,Securities,Equity,107506200,0,107506200,153800,699,Japan,Tokyo Stock Exchange,JPY,1,JPY
6264,MARUMAE LTD,Machinery,Equity,106920000,0,106920000,52800,2025,Japan,Tokyo Stock Exchange,JPY,1,JPY
7593,VT HOLDINGS,Retail Trade,Equity,106624800,0,106624800,200800,531,Japan,Tokyo Stock Exchange,JPY,1,JPY
4886,ASKA PHARMACEUTICAL HOLDINGS LTD,Pharmaceutical,Equity,106653000,0,106653000,48700,2190,Japan,Tokyo Stock Exchange,JPY,1,JPY
9828,GENKI GLOBAL DINING CONCEPTS CORP,Retail Trade,Equity,104840500,0,104840500,30700,3415,Japan,Tokyo Stock Exchange,JPY,1,JPY
5821,HIRAKAWA HEWTECH CORP,Nonferrous Metal,Equity,104646000,0,104646000,32600,3210,Japan,Tokyo Stock Exchange,JPY,1,JPY
8081,KANADEN CORP,Wholesale Trade,Equity,104676000,0,104676000,42900,2440,Japan,Tokyo Stock Exchange,JPY,1,JPY
4743,ITFOR INC,Information & Communication,Equity,103687500,0,103687500,62500,1659,Japan,Tokyo Stock Exchange,JPY,1,JPY
6345,AICHI,Machinery,Equity,103416000,0,103416000,74400,1390,Japan,Tokyo Stock Exchange,JPY,1,JPY
6369,TOYO KANETSU,Machinery,Equity,103583200,0,103583200,42400,2443,Japan,Tokyo Stock Exchange,JPY,1,JPY
7868,KOSAIDO HOLDINGS LTD,Other Products,Equity,103118400,0,103118400,184800,558,Japan,Tokyo Stock Exchange,JPY,1,JPY
2752,FUJIO FOOD GROUP,Retail Trade,Equity,103373400,0,103373400,91400,1131,Japan,Tokyo Stock Exchange,JPY,1,JPY
9413,TV TOKYO HOLDINGS CORP,Information & Communication,Equity,102039000,0,102039000,30100,3390,Japan,Tokyo Stock Exchange,JPY,1,JPY
9416,VISION INC,Information & Communication,Equity,102238000,0,102238000,97000,1054,Japan,Tokyo Stock Exchange,JPY,1,JPY
7818,TRANSACTION LTD,Other Products,Equity,101439200,0,101439200,85100,1192,Japan,Tokyo Stock Exchange,JPY,1,JPY
7949,KOMATSU WALL INDUSTRY LTD,Other Products,Equity,101548900,0,101548900,36700,2767,Japan,Tokyo Stock Exchange,JPY,1,JPY
4318,QUICK LTD,Services,Equity,101557500,0,101557500,123100,825,Japan,Tokyo Stock Exchange,JPY,1,JPY
6306,NIKKO LTD,Machinery,Equity,101291000,0,101291000,99500,1018,Japan,Tokyo Stock Exchange,JPY,1,JPY
6247,HISAKA WORKS LTD,Machinery,Equity,101351200,0,101351200,60400,1678,Japan,Tokyo Stock Exchange,JPY,1,JPY
8793,NEC CAPITAL SOLUTIONS LTD,Other Financing Business,Equity,100894000,0,100894000,24400,4135,Japan,Tokyo Stock Exchange,JPY,1,JPY
3482,LOADSTAR CAPITAL,Real Estate ex REIT,Equity,100980000,0,100980000,39600,2550,Japan,Tokyo Stock Exchange,JPY,1,JPY
256A,TOBISHIMA HOLDINGS INC,Construction,Equity,100590000,0,100590000,47900,2100,Japan,Tokyo Stock Exchange,JPY,1,JPY
4092,NIPPON CHEMICAL INDUSTRIAL LTD,Chemicals,Equity,100170000,0,100170000,18900,5300,Japan,Tokyo Stock Exchange,JPY,1,JPY
4968,ARAKAWA CHEMICAL INDUSTRIES LTD,Chemicals,Equity,99713200,0,99713200,43600,2287,Japan,Tokyo Stock Exchange,JPY,1,JPY
5946,CHOFU SEISAKUSHO LTD,Metal Products,Equity,99256500,0,99256500,48300,2055,Japan,Tokyo Stock Exchange,JPY,1,JPY
4082,DAIICHI KIGENSO KAGAKU KOGYO LTD,Chemicals,Equity,98855100,0,98855100,51300,1927,Japan,Tokyo Stock Exchange,JPY,1,JPY
3660,ISTYLE,Information & Communication,Equity,99047800,0,99047800,192700,514,Japan,Tokyo Stock Exchange,JPY,1,JPY
6036,KEEPER TECHNICAL LABORATORY LTD,Services,Equity,98753000,0,98753000,31400,3145,Japan,Tokyo Stock Exchange,JPY,1,JPY
1786,ORIENTAL SHIRAISHI CORP,Construction,Equity,97589500,0,97589500,274900,355,Japan,Tokyo Stock Exchange,JPY,1,JPY
2168,PASONA GROUP INC,Services,Equity,96969200,0,96969200,59600,1627,Japan,Tokyo Stock Exchange,JPY,1,JPY
1871,PS CONSTRUCTION,Construction,Equity,96282700,0,96282700,42100,2287,Japan,Tokyo Stock Exchange,JPY,1,JPY
5461,CHUBU STEEL PLATE,Iron & Steel,Equity,96548400,0,96548400,46800,2063,Japan,Tokyo Stock Exchange,JPY,1,JPY
8052,TSUBAKIMOTO KOGYO LTD,Wholesale Trade,Equity,96152400,0,96152400,34800,2763,Japan,Tokyo Stock Exchange,JPY,1,JPY
6183,BELLSYSTEM24 HOLDINGS,Services,Equity,95551700,0,95551700,68300,1399,Japan,Tokyo Stock Exchange,JPY,1,JPY
4687,TDC SOFT INC,Information & Communication,Equity,95558400,0,95558400,94800,1008,Japan,Tokyo Stock Exchange,JPY,1,JPY
2742,HALOWS LTD,Retail Trade,Equity,95315500,0,95315500,24100,3955,Japan,Tokyo Stock Exchange,JPY,1,JPY
5262,NIPPON HUME CORP,Glass & Ceramics Products,Equity,94865600,0,94865600,84400,1124,Japan,Tokyo Stock Exchange,JPY,1,JPY
9470,GAKKEN HOLDINGS LTD,Information & Communication,Equity,94909500,0,94909500,91700,1035,Japan,Tokyo Stock Exchange,JPY,1,JPY
8935,FJ NEXT HOLDINGS LTD,Real Estate ex REIT,Equity,94940000,0,94940000,47000,2020,Japan,Tokyo Stock Exchange,JPY,1,JPY
9790,FUKUI COMPUTER HOLDING INC,Information & Communication,Equity,95013000,0,95013000,30600,3105,Japan,Tokyo Stock Exchange,JPY,1,JPY
1938,NIPPON RIETEC LTD,Construction,Equity,94315200,0,94315200,39200,2406,Japan,Tokyo Stock Exchange,JPY,1,JPY
6200,INSOURCE LTD,Services,Equity,94423800,0,94423800,130600,723,Japan,Tokyo Stock Exchange,JPY,1,JPY
3962,CHANGE HOLDINGS INC,Information & Communication,Equity,94478300,0,94478300,97300,971,Japan,Tokyo Stock Exchange,JPY,1,JPY
3661,M-UP HOLDINGS INC,Information & Communication,Equity,93771200,0,93771200,113800,824,Japan,Tokyo Stock Exchange,JPY,1,JPY
6809,TOA (OSAKA) CORP,Electric Appliances,Equity,93129000,0,93129000,55500,1678,Japan,Tokyo Stock Exchange,JPY,1,JPY
1945,TOKYO ENERGY & SYSTEMS INC,Construction,Equity,93232500,0,93232500,46500,2005,Japan,Tokyo Stock Exchange,JPY,1,JPY
7480,SUZUDEN CORP,Wholesale Trade,Equity,92480000,0,92480000,28900,3200,Japan,Tokyo Stock Exchange,JPY,1,JPY
7607,SHINWA LTD,Wholesale Trade,Equity,92540500,0,92540500,29900,3095,Japan,Tokyo Stock Exchange,JPY,1,JPY
2918,WARABEYA NICHIYO HOLDINGS LTD,Foods,Equity,91872800,0,91872800,32800,2801,Japan,Tokyo Stock Exchange,JPY,1,JPY
4997,NIHON NOHYAKU LTD,Chemicals,Equity,91572200,0,91572200,78200,1171,Japan,Tokyo Stock Exchange,JPY,1,JPY
9324,YASUDA LOGISTICS CORP,Warehousing & Harbor Transportation Services,Equity,91674100,0,91674100,35300,2597,Japan,Tokyo Stock Exchange,JPY,1,JPY
6413,RISO KAGAKU CORP,Machinery,Equity,91683000,0,91683000,83500,1098,Japan,Tokyo Stock Exchange,JPY,1,JPY
9902,NICHIDEN CORP,Wholesale Trade,Equity,90900000,0,90900000,30300,3000,Japan,Tokyo Stock Exchange,JPY,1,JPY
6289,GIKEN SEISAKUSHO LTD,Machinery,Equity,91039000,0,91039000,47000,1937,Japan,Tokyo Stock Exchange,JPY,1,JPY
8708,AIZAWA SECURITIES GROUP LTD,Securities,Equity,90510000,0,90510000,52500,1724,Japan,Tokyo Stock Exchange,JPY,1,JPY
8151,TOYO CORP,Wholesale Trade,Equity,90023500,0,90023500,44500,2023,Japan,Tokyo Stock Exchange,JPY,1,JPY
8841,TOC,Real Estate ex REIT,Equity,90100000,0,90100000,85000,1060,Japan,Tokyo Stock Exchange,JPY,1,JPY
9742,INES CORP,Information & Communication,Equity,89775200,0,89775200,38300,2344,Japan,Tokyo Stock Exchange,JPY,1,JPY
9517,EREX LTD,Electric Power & Gas,Equity,89838300,0,89838300,104100,863,Japan,Tokyo Stock Exchange,JPY,1,JPY
4658,NIPPON AIR CONDITIONING SERVICES L,Services,Equity,89482200,0,89482200,58600,1527,Japan,Tokyo Stock Exchange,JPY,1,JPY
8871,GOLDCREST LTD,Real Estate ex REIT,Equity,89294500,0,89294500,27100,3295,Japan,Tokyo Stock Exchange,JPY,1,JPY
4097,KOATSU GAS KOGYO LTD,Chemicals,Equity,88736900,0,88736900,76300,1163,Japan,Tokyo Stock Exchange,JPY,1,JPY
5632,MITSUBISHI STEEL MFG,Iron & Steel,Equity,88001500,0,88001500,36500,2411,Japan,Tokyo Stock Exchange,JPY,1,JPY
4323,JAPAN SYSTEM TECHNIQUES LTD,Information & Communication,Equity,88172000,0,88172000,46900,1880,Japan,Tokyo Stock Exchange,JPY,1,JPY
7840,FRANCE BED HOLDINGS LTD,Other Products,Equity,87180300,0,87180300,68700,1269,Japan,Tokyo Stock Exchange,JPY,1,JPY
5036,JAPAN BUSINESS SYSTEMS INC,Information & Communication,Equity,87194400,0,87194400,56400,1546,Japan,Tokyo Stock Exchange,JPY,1,JPY
4362,NIPPON FINE CHEMICAL LTD,Chemicals,Equity,87216400,0,87216400,33200,2627,Japan,Tokyo Stock Exchange,JPY,1,JPY
2749,JP-HOLDINGS INC,Services,Equity,87010500,0,87010500,134900,645,Japan,Tokyo Stock Exchange,JPY,1,JPY
4275,CARLIT LTD,Chemicals,Equity,87043500,0,87043500,43500,2001,Japan,Tokyo Stock Exchange,JPY,1,JPY
3196,HOTLAND HOLDINGS LTD,Retail Trade,Equity,86765700,0,86765700,52300,1659,Japan,Tokyo Stock Exchange,JPY,1,JPY
3763,PRO-SHIP INC,Information & Communication,Equity,86169600,0,86169600,37400,2304,Japan,Tokyo Stock Exchange,JPY,1,JPY
7366,LITALICO INC,Services,Equity,85951200,0,85951200,47200,1821,Japan,Tokyo Stock Exchange,JPY,1,JPY
8150,SANSHIN ELECTRONICS LTD,Wholesale Trade,Equity,85466000,0,85466000,28300,3020,Japan,Tokyo Stock Exchange,JPY,1,JPY
9928,MIROKU JYOHO SERVICE LTD,Information & Communication,Equity,85662500,0,85662500,44500,1925,Japan,Tokyo Stock Exchange,JPY,1,JPY
1813,FUDO TETRA,Construction,Equity,85191300,0,85191300,30900,2757,Japan,Tokyo Stock Exchange,JPY,1,JPY
6785,SUZUKI LTD,Electric Appliances,Equity,85196000,0,85196000,29500,2888,Japan,Tokyo Stock Exchange,JPY,1,JPY
8142,TOHO (OSAKA) LTD,Wholesale Trade,Equity,85203900,0,85203900,60300,1413,Japan,Tokyo Stock Exchange,JPY,1,JPY
3844,COMTURE CORP,Information & Communication,Equity,84789200,0,84789200,62900,1348,Japan,Tokyo Stock Exchange,JPY,1,JPY
7508,G-7 HOLDINGS INC,Retail Trade,Equity,84842000,0,84842000,59000,1438,Japan,Tokyo Stock Exchange,JPY,1,JPY
9369,KRS CORP,Warehousing & Harbor Transportation Services,Equity,83750000,0,83750000,26800,3125,Japan,Tokyo Stock Exchange,JPY,1,JPY
7414,ONOKEN LTD,Wholesale Trade,Equity,83434200,0,83434200,57700,1446,Japan,Tokyo Stock Exchange,JPY,1,JPY
2211,FUJIYA LTD,Foods,Equity,83688800,0,83688800,33800,2476,Japan,Tokyo Stock Exchange,JPY,1,JPY
6630,YA-MAN LTD,Electric Appliances,Equity,83293000,0,83293000,102200,815,Japan,Tokyo Stock Exchange,JPY,1,JPY
3371,SOFTCREATE HLDG CORP,Information & Communication,Equity,83025600,0,83025600,39200,2118,Japan,Tokyo Stock Exchange,JPY,1,JPY
7537,MARUBUN CORP,Wholesale Trade,Equity,83040000,0,83040000,48000,1730,Japan,Tokyo Stock Exchange,JPY,1,JPY
2908,FUJICCO LTD,Foods,Equity,83081900,0,83081900,51700,1607,Japan,Tokyo Stock Exchange,JPY,1,JPY
4064,NIPPON CARBIDE INDUSTRIES INC,Chemicals,Equity,83110500,0,83110500,25300,3285,Japan,Tokyo Stock Exchange,JPY,1,JPY
5410,GODO STEEL LTD,Iron & Steel,Equity,82611000,0,82611000,27400,3015,Japan,Tokyo Stock Exchange,JPY,1,JPY
2791,DAIKOKUTEN BUSSAN LTD,Retail Trade,Equity,82414000,0,82414000,17800,4630,Japan,Tokyo Stock Exchange,JPY,1,JPY
4249,MORIROKU LTD,Chemicals,Equity,82418000,0,82418000,29000,2842,Japan,Tokyo Stock Exchange,JPY,1,JPY
9305,YAMATANE CORP,Wholesale Trade,Equity,82425800,0,82425800,39800,2071,Japan,Tokyo Stock Exchange,JPY,1,JPY
6272,RHEON AUTOMATIC MACHINERY LTD,Machinery,Equity,82080000,0,82080000,54000,1520,Japan,Tokyo Stock Exchange,JPY,1,JPY
7931,MIRAI INDUSTRY LTD,Chemicals,Equity,81753000,0,81753000,22900,3570,Japan,Tokyo Stock Exchange,JPY,1,JPY
6088,SIGMAXYZ HOLDINGS INC,Services,Equity,81995300,0,81995300,149900,547,Japan,Tokyo Stock Exchange,JPY,1,JPY
4828,BUSINESS ENGINEERING CORP,Information & Communication,Equity,81592500,0,81592500,57500,1419,Japan,Tokyo Stock Exchange,JPY,1,JPY
7914,KYODO PRINTING LTD,Other Products,Equity,81608800,0,81608800,47200,1729,Japan,Tokyo Stock Exchange,JPY,1,JPY
5074,TESS HOLDINGS LTD,Construction,Equity,81618000,0,81618000,133800,610,Japan,Tokyo Stock Exchange,JPY,1,JPY
4826,COMPUTER INSTITUTE OF JAPAN LTD,Information & Communication,Equity,81417600,0,81417600,154200,528,Japan,Tokyo Stock Exchange,JPY,1,JPY
4611,DAI NIPPON TORYO LTD,Chemicals,Equity,81081000,0,81081000,54600,1485,Japan,Tokyo Stock Exchange,JPY,1,JPY
4027,TAYCA CORP,Chemicals,Equity,80631600,0,80631600,34800,2317,Japan,Tokyo Stock Exchange,JPY,1,JPY
2533,OENON HOLDINGS INC,Foods,Equity,80376800,0,80376800,173600,463,Japan,Tokyo Stock Exchange,JPY,1,JPY
2676,TAKACHIHO KOHEKI LTD,Wholesale Trade,Equity,80428700,0,80428700,39100,2057,Japan,Tokyo Stock Exchange,JPY,1,JPY
9946,MINISTOP LTD,Retail Trade,Equity,80014700,0,80014700,43700,1831,Japan,Tokyo Stock Exchange,JPY,1,JPY
4577,DAITO PHARMACEUTICAL LTD,Pharmaceutical,Equity,79773200,0,79773200,59800,1334,Japan,Tokyo Stock Exchange,JPY,1,JPY
5959,OKABE LTD,Metal Products,Equity,79942500,0,79942500,85500,935,Japan,Tokyo Stock Exchange,JPY,1,JPY
2910,ROCK FIELD LTD,Foods,Equity,79636800,0,79636800,56400,1412,Japan,Tokyo Stock Exchange,JPY,1,JPY
5989,H-ONE LTD,Metal Products,Equity,79427600,0,79427600,53200,1493,Japan,Tokyo Stock Exchange,JPY,1,JPY
3854,ILL INC,Information & Communication,Equity,79091600,0,79091600,32900,2404,Japan,Tokyo Stock Exchange,JPY,1,JPY
9474,ZENRIN LTD,Information & Communication,Equity,79119800,0,79119800,89300,886,Japan,Tokyo Stock Exchange,JPY,1,JPY
5013,YUSHIRO INC,Oil & Coal Products,Equity,78731000,0,78731000,26200,3005,Japan,Tokyo Stock Exchange,JPY,1,JPY
3093,TREASURE FACTORY LTD,Retail Trade,Equity,78194400,0,78194400,37200,2102,Japan,Tokyo Stock Exchange,JPY,1,JPY
2207,MEITO LTD,Foods,Equity,77937500,0,77937500,21500,3625,Japan,Tokyo Stock Exchange,JPY,1,JPY
6905,COSEL LTD,Electric Appliances,Equity,77967900,0,77967900,60300,1293,Japan,Tokyo Stock Exchange,JPY,1,JPY
3932,AKATSUKI INC,Information & Communication,Equity,77998000,0,77998000,23600,3305,Japan,Tokyo Stock Exchange,JPY,1,JPY
368A,KITAZATO,Precision Instruments,Equity,77585000,0,77585000,52600,1475,Japan,Tokyo Stock Exchange,JPY,1,JPY
8281,XEBIO HOLDINGS LTD,Retail Trade,Equity,76902800,0,76902800,64300,1196,Japan,Tokyo Stock Exchange,JPY,1,JPY
8101,GSI CREOS CORP,Wholesale Trade,Equity,76808700,0,76808700,27900,2753,Japan,Tokyo Stock Exchange,JPY,1,JPY
4848,FULLCAST HOLDINGS LTD,Services,Equity,76383000,0,76383000,41000,1863,Japan,Tokyo Stock Exchange,JPY,1,JPY
212A,FIT EASY INC,Services,Equity,76032000,0,76032000,25600,2970,Japan,Tokyo Stock Exchange,JPY,1,JPY
6718,AIPHONE LTD,Electric Appliances,Equity,75804200,0,75804200,26900,2818,Japan,Tokyo Stock Exchange,JPY,1,JPY
3836,AVANT GROUP CORP,Information & Communication,Equity,75938300,0,75938300,64300,1181,Japan,Tokyo Stock Exchange,JPY,1,JPY
3475,GOOD COM ASSET LTD,Real Estate ex REIT,Equity,75524400,0,75524400,48600,1554,Japan,Tokyo Stock Exchange,JPY,1,JPY
6676,BUFFALO INC,Electric Appliances,Equity,75561600,0,75561600,27200,2778,Japan,Tokyo Stock Exchange,JPY,1,JPY
2395,SHIN NIPPON BIOMEDICAL LABORATORIE,Services,Equity,75168100,0,75168100,51100,1471,Japan,Tokyo Stock Exchange,JPY,1,JPY
6310,ISEKI LTD,Machinery,Equity,75385800,0,75385800,43400,1737,Japan,Tokyo Stock Exchange,JPY,1,JPY
4072,DENSAN SYSTEM HOLDINGS LTD,Information & Communication,Equity,74896000,0,74896000,24800,3020,Japan,Tokyo Stock Exchange,JPY,1,JPY
1887,JDC,Construction,Equity,74932800,0,74932800,139800,536,Japan,Tokyo Stock Exchange,JPY,1,JPY
4481,BASE LTD,Information & Communication,Equity,74646000,0,74646000,23400,3190,Japan,Tokyo Stock Exchange,JPY,1,JPY
7222,NISSAN SHATAI LTD,Transportation Equipment,Equity,74786400,0,74786400,79900,936,Japan,Tokyo Stock Exchange,JPY,1,JPY
9837,MORITO LTD,Wholesale Trade,Equity,74379200,0,74379200,40600,1832,Japan,Tokyo Stock Exchange,JPY,1,JPY
2975,STAR MICA HOLDINGS,Real Estate ex REIT,Equity,74268900,0,74268900,47700,1557,Japan,Tokyo Stock Exchange,JPY,1,JPY
1810,MATSUI CONSTRUCTION LTD,Construction,Equity,73601400,0,73601400,50900,1446,Japan,Tokyo Stock Exchange,JPY,1,JPY
6638,MIMAKI ENGINEERING LTD,Electric Appliances,Equity,73669800,0,73669800,39800,1851,Japan,Tokyo Stock Exchange,JPY,1,JPY
6706,DKK LTD,Electric Appliances,Equity,73687500,0,73687500,22500,3275,Japan,Tokyo Stock Exchange,JPY,1,JPY
2117,WELLNEO SUGAR LTD,Foods,Equity,73167500,0,73167500,25900,2825,Japan,Tokyo Stock Exchange,JPY,1,JPY
6222,SHIMA SEIKI MFG LTD,Machinery,Equity,73273400,0,73273400,78200,937,Japan,Tokyo Stock Exchange,JPY,1,JPY
5408,NAKAYAMA STEEL WORKS LTD,Iron & Steel,Equity,73279000,0,73279000,115400,635,Japan,Tokyo Stock Exchange,JPY,1,JPY
7438,KONDOTEC INC,Wholesale Trade,Equity,72937200,0,72937200,45700,1596,Japan,Tokyo Stock Exchange,JPY,1,JPY
9052,SANYO ELECTRIC RAILWAY LTD,Land Transportation,Equity,72777600,0,72777600,36100,2016,Japan,Tokyo Stock Exchange,JPY,1,JPY
4554,FUJI PHARMA LTD,Pharmaceutical,Equity,72574800,0,72574800,39400,1842,Japan,Tokyo Stock Exchange,JPY,1,JPY
8103,MEIWA,Wholesale Trade,Equity,72072000,0,72072000,77000,936,Japan,Tokyo Stock Exchange,JPY,1,JPY
4709,ID HOLDINGS CORP,Information & Communication,Equity,72172800,0,72172800,67200,1074,Japan,Tokyo Stock Exchange,JPY,1,JPY
3139,LACTO JAPAN LTD,Wholesale Trade,Equity,71740000,0,71740000,21100,3400,Japan,Tokyo Stock Exchange,JPY,1,JPY
6986,FUTABA CORP,Electric Appliances,Equity,71491200,0,71491200,105600,677,Japan,Tokyo Stock Exchange,JPY,1,JPY
5957,NITTO SEIKO LTD,Metal Products,Equity,71702400,0,71702400,92400,776,Japan,Tokyo Stock Exchange,JPY,1,JPY
4992,HOKKO CHEMICAL INDUSTRY LTD,Chemicals,Equity,71350400,0,71350400,35200,2027,Japan,Tokyo Stock Exchange,JPY,1,JPY
6238,FURYU CORP,Machinery,Equity,71377000,0,71377000,52100,1370,Japan,Tokyo Stock Exchange,JPY,1,JPY
8285,MITANI SANGYO LTD,Wholesale Trade,Equity,70885500,0,70885500,90300,785,Japan,Tokyo Stock Exchange,JPY,1,JPY
2217,MOROZOFF LTD,Foods,Equity,70697100,0,70697100,47100,1501,Japan,Tokyo Stock Exchange,JPY,1,JPY
3179,SYUPPIN LTD,Retail Trade,Equity,70527600,0,70527600,57200,1233,Japan,Tokyo Stock Exchange,JPY,1,JPY
3632,GREE HOLDINGS INC,Information & Communication,Equity,70096500,0,70096500,166500,421,Japan,Tokyo Stock Exchange,JPY,1,JPY
2325,NJS LTD,Services,Equity,69913000,0,69913000,15100,4630,Japan,Tokyo Stock Exchange,JPY,1,JPY
2209,IMURAYA GROUP LTD,Foods,Equity,69258000,0,69258000,29100,2380,Japan,Tokyo Stock Exchange,JPY,1,JPY
3668,COLOPL INC,Information & Communication,Equity,69346500,0,69346500,167100,415,Japan,Tokyo Stock Exchange,JPY,1,JPY
2792,HONEYS HOLDINGS LTD,Retail Trade,Equity,68928000,0,68928000,48000,1436,Japan,Tokyo Stock Exchange,JPY,1,JPY
9740,CENTRAL SECURITY PATROLS LTD,Services,Equity,68949700,0,68949700,25100,2747,Japan,Tokyo Stock Exchange,JPY,1,JPY
7856,HAGIHARA INDUSTRIES INC,Other Products,Equity,68966100,0,68966100,36900,1869,Japan,Tokyo Stock Exchange,JPY,1,JPY
7989,TACHIKAWA CORP,Metal Products,Equity,68982300,0,68982300,26100,2643,Japan,Tokyo Stock Exchange,JPY,1,JPY
3679,ZIGEXN LTD,Information & Communication,Equity,68634000,0,68634000,147600,465,Japan,Tokyo Stock Exchange,JPY,1,JPY
7383,NET PROTECTIONS HOLDINGS INC,Other Financing Business,Equity,68637000,0,68637000,167000,411,Japan,Tokyo Stock Exchange,JPY,1,JPY
7102,NIPPON SHARYO LTD,Transportation Equipment,Equity,68870000,0,68870000,19400,3550,Japan,Tokyo Stock Exchange,JPY,1,JPY
2153,E J HOLDINGS INC,Services,Equity,68386200,0,68386200,38900,1758,Japan,Tokyo Stock Exchange,JPY,1,JPY
6078,VALUE HR LTD,Services,Equity,68390500,0,68390500,43700,1565,Japan,Tokyo Stock Exchange,JPY,1,JPY
3771,SYSTEM RESEARCH LTD,Information & Communication,Equity,68490400,0,68490400,36200,1892,Japan,Tokyo Stock Exchange,JPY,1,JPY
4112,HODOGAYA CHEMICAL LTD,Chemicals,Equity,67785200,0,67785200,30100,2252,Japan,Tokyo Stock Exchange,JPY,1,JPY
4923,COTA LTD,Chemicals,Equity,67801500,0,67801500,54900,1235,Japan,Tokyo Stock Exchange,JPY,1,JPY
8018,SANKYO SEIKO LTD,Wholesale Trade,Equity,67946700,0,67946700,77300,879,Japan,Tokyo Stock Exchange,JPY,1,JPY
4548,SEIKAGAKU CORP,Pharmaceutical,Equity,67066200,0,67066200,95400,703,Japan,Tokyo Stock Exchange,JPY,1,JPY
4326,INTAGE HOLDINGS INC,Information & Communication,Equity,66644900,0,66644900,34300,1943,Japan,Tokyo Stock Exchange,JPY,1,JPY
6418,JAPAN CASH MACHINE LTD,Machinery,Equity,66746400,0,66746400,54800,1218,Japan,Tokyo Stock Exchange,JPY,1,JPY
7723,AICHI TOKEI DENKI LTD,Precision Instruments,Equity,66552000,0,66552000,23600,2820,Japan,Tokyo Stock Exchange,JPY,1,JPY
2429,WORLD HOLDINGS LTD,Services,Equity,66092600,0,66092600,23800,2777,Japan,Tokyo Stock Exchange,JPY,1,JPY
6823,RION LTD,Electric Appliances,Equity,66105000,0,66105000,19500,3390,Japan,Tokyo Stock Exchange,JPY,1,JPY
9991,GECOSS CORP,Wholesale Trade,Equity,65812500,0,65812500,37500,1755,Japan,Tokyo Stock Exchange,JPY,1,JPY
4462,ISHIHARA CHEMICAL LTD,Chemicals,Equity,65575000,0,65575000,21500,3050,Japan,Tokyo Stock Exchange,JPY,1,JPY
3193,ETERNAL HOSPITALITY LTD,Retail Trade,Equity,65632000,0,65632000,44800,1465,Japan,Tokyo Stock Exchange,JPY,1,JPY
9663,NAGAWA LTD,Services,Equity,65024000,0,65024000,12700,5120,Japan,Tokyo Stock Exchange,JPY,1,JPY
1375,YUKIGUNI FACTORY LTD,"Fishery, Agriculture & Forestry",Equity,64788100,0,64788100,55900,1159,Japan,Tokyo Stock Exchange,JPY,1,JPY
4337,PIA CORP,Services,Equity,64511400,0,64511400,23700,2722,Japan,Tokyo Stock Exchange,JPY,1,JPY
5902,HOKKAN HOLDINGS LTD,Metal Products,Equity,64565100,0,64565100,24300,2657,Japan,Tokyo Stock Exchange,JPY,1,JPY
9381,AIT CORP,Warehousing & Harbor Transportation Services,Equity,64100400,0,64100400,27300,2348,Japan,Tokyo Stock Exchange,JPY,1,JPY
6445,JANOME CORP,Machinery,Equity,63840000,0,63840000,45600,1400,Japan,Tokyo Stock Exchange,JPY,1,JPY
4051,GMO FINANCIAL GATE INC,Information & Communication,Equity,63840000,0,63840000,9600,6650,Japan,Tokyo Stock Exchange,JPY,1,JPY
7628,OHASHI TECHNICA INC,Wholesale Trade,Equity,63279000,0,63279000,53400,1185,Japan,Tokyo Stock Exchange,JPY,1,JPY
6850,CHINO,Electric Appliances,Equity,63375000,0,63375000,39000,1625,Japan,Tokyo Stock Exchange,JPY,1,JPY
8217,OKUWA,Retail Trade,Equity,62946000,0,62946000,78000,807,Japan,Tokyo Stock Exchange,JPY,1,JPY
6844,SHINDENGEN ELECTRIC MANUFACTURING,Electric Appliances,Equity,62721000,0,62721000,20700,3030,Japan,Tokyo Stock Exchange,JPY,1,JPY
575A,MAEZAWA HOLDINGS LTD,Machinery,Equity,62833600,0,62833600,34600,1816,Japan,Tokyo Stock Exchange,JPY,1,JPY
8158,SODA NIKKA LTD,Wholesale Trade,Equity,62886600,0,62886600,48300,1302,Japan,Tokyo Stock Exchange,JPY,1,JPY
4662,FOCUS SYSTEMS CORP,Information & Communication,Equity,62345000,0,62345000,37000,1685,Japan,Tokyo Stock Exchange,JPY,1,JPY
4951,ST CORP,Chemicals,Equity,62372500,0,62372500,40900,1525,Japan,Tokyo Stock Exchange,JPY,1,JPY
3837,AD-SOL NISSIN CORP,Information & Communication,Equity,62441600,0,62441600,41600,1501,Japan,Tokyo Stock Exchange,JPY,1,JPY
4765,SBI GLOBAL ASSET MANAGEMENT LTD,Services,Equity,62502400,0,62502400,102800,608,Japan,Tokyo Stock Exchange,JPY,1,JPY
4714,RISO KYOIKU GROUP CORP,Services,Equity,62582800,0,62582800,303800,206,Japan,Tokyo Stock Exchange,JPY,1,JPY
4343,AEON FANTASY LTD,Services,Equity,62239000,0,62239000,21800,2855,Japan,Tokyo Stock Exchange,JPY,1,JPY
3232,MIE KOTSU GROUP HOLDINGS INC,Real Estate ex REIT,Equity,61482800,0,61482800,109400,562,Japan,Tokyo Stock Exchange,JPY,1,JPY
7874,LEC INC,Chemicals,Equity,61498000,0,61498000,63400,970,Japan,Tokyo Stock Exchange,JPY,1,JPY
4396,SYSTEM SUPPORT HOLDINGS INC,Information & Communication,Equity,61512000,0,61512000,44000,1398,Japan,Tokyo Stock Exchange,JPY,1,JPY
4718,WASEDA ACADEMY LTD,Services,Equity,61516800,0,61516800,25600,2403,Japan,Tokyo Stock Exchange,JPY,1,JPY
6584,SANOH INDUSTRIAL,Transportation Equipment,Equity,60715800,0,60715800,75800,801,Japan,Tokyo Stock Exchange,JPY,1,JPY
9896,JK HOLDINGS LTD,Wholesale Trade,Equity,60786700,0,60786700,43700,1391,Japan,Tokyo Stock Exchange,JPY,1,JPY
2698,CAN DO LTD,Retail Trade,Equity,60370500,0,60370500,16700,3615,Japan,Tokyo Stock Exchange,JPY,1,JPY
8864,AIRPORT FACILITIES,Real Estate ex REIT,Equity,60570600,0,60570600,64300,942,Japan,Tokyo Stock Exchange,JPY,1,JPY
9632,SUBARU ENTERPRISE LTD,Services,Equity,60270000,0,60270000,16400,3675,Japan,Tokyo Stock Exchange,JPY,1,JPY
7388,FP PARTNER,Insurance,Equity,60288600,0,60288600,26700,2258,Japan,Tokyo Stock Exchange,JPY,1,JPY
3561,CHIKARANOMOTO HOLDINGS LTD,Retail Trade,Equity,59817600,0,59817600,37200,1608,Japan,Tokyo Stock Exchange,JPY,1,JPY
6470,TAIHO KOGYO LTD,Machinery,Equity,59915000,0,59915000,52100,1150,Japan,Tokyo Stock Exchange,JPY,1,JPY
1964,CHUGAI RO LTD,Construction,Equity,59925000,0,59925000,15000,3995,Japan,Tokyo Stock Exchange,JPY,1,JPY
3333,ASAHI LTD,Retail Trade,Equity,59535000,0,59535000,44100,1350,Japan,Tokyo Stock Exchange,JPY,1,JPY
5449,OSAKA STEEL LTD,Iron & Steel,Equity,59562600,0,59562600,22200,2683,Japan,Tokyo Stock Exchange,JPY,1,JPY
5757,CK SAN-ETSU LTD,Nonferrous Metal,Equity,59225000,0,59225000,11500,5150,Japan,Tokyo Stock Exchange,JPY,1,JPY
4620,FUJIKURA KASEI LTD,Chemicals,Equity,59241000,0,59241000,63700,930,Japan,Tokyo Stock Exchange,JPY,1,JPY
1780,YAMAURA CORP,Construction,Equity,59266800,0,59266800,40400,1467,Japan,Tokyo Stock Exchange,JPY,1,JPY
5981,TOKYO ROPE MFG LTD,Metal Products,Equity,59432100,0,59432100,31100,1911,Japan,Tokyo Stock Exchange,JPY,1,JPY
9552,QUANTS RESEARCH INSTITUTE HOLDINGS,Services,Equity,59019000,0,59019000,61800,955,Japan,Tokyo Stock Exchange,JPY,1,JPY
7893,PRONEXUS INC,Other Products,Equity,59072000,0,59072000,52000,1136,Japan,Tokyo Stock Exchange,JPY,1,JPY
1929,NITTOC CONSTRUCTION LTD,Construction,Equity,58724800,0,58724800,50800,1156,Japan,Tokyo Stock Exchange,JPY,1,JPY
7554,KOURAKUEN CORP,Retail Trade,Equity,58803000,0,58803000,51000,1153,Japan,Tokyo Stock Exchange,JPY,1,JPY
4725,CAC HOLDINGS CORP,Information & Communication,Equity,58872900,0,58872900,30300,1943,Japan,Tokyo Stock Exchange,JPY,1,JPY
6820,ICOM INC,Electric Appliances,Equity,58884000,0,58884000,16800,3505,Japan,Tokyo Stock Exchange,JPY,1,JPY
3580,KOMATSU MATERE LTD,Textiles & Apparel,Equity,58502900,0,58502900,77900,751,Japan,Tokyo Stock Exchange,JPY,1,JPY
9658,BUSINESS BRAIN SHOWA OTA,Information & Communication,Equity,58534200,0,58534200,55800,1049,Japan,Tokyo Stock Exchange,JPY,1,JPY
4931,SHINNIHONSEIYAKU LTD,Chemicals,Equity,58589200,0,58589200,28400,2063,Japan,Tokyo Stock Exchange,JPY,1,JPY
2922,NATORI LTD,Foods,Equity,58594200,0,58594200,29400,1993,Japan,Tokyo Stock Exchange,JPY,1,JPY
5889,JAPAN EYEWEAR HOLDINGS LTD,Retail Trade,Equity,58213000,0,58213000,23000,2531,Japan,Tokyo Stock Exchange,JPY,1,JPY
2980,SRE HOLDINGS,Real Estate ex REIT,Equity,58285500,0,58285500,24500,2379,Japan,Tokyo Stock Exchange,JPY,1,JPY
7522,WATAMI LTD,Retail Trade,Equity,58286000,0,58286000,60400,965,Japan,Tokyo Stock Exchange,JPY,1,JPY
9628,SAN HOLDINGS (JAPAN),Services,Equity,58300000,0,58300000,42400,1375,Japan,Tokyo Stock Exchange,JPY,1,JPY
3221,YOSSIX HOLDINGS LTD,Retail Trade,Equity,57620000,0,57620000,17200,3350,Japan,Tokyo Stock Exchange,JPY,1,JPY
6962,DAISHINKU CORP,Electric Appliances,Equity,57660000,0,57660000,74400,775,Japan,Tokyo Stock Exchange,JPY,1,JPY
4973,JAPAN PURE CHEMICAL LTD,Chemicals,Equity,57708000,0,57708000,12600,4580,Japan,Tokyo Stock Exchange,JPY,1,JPY
9739,NSW INC,Information & Communication,Equity,57240000,0,57240000,21200,2700,Japan,Tokyo Stock Exchange,JPY,1,JPY
3496,AZOOM LTD,Real Estate ex REIT,Equity,57014000,0,57014000,11600,4915,Japan,Tokyo Stock Exchange,JPY,1,JPY
7955,CLEANUP CORP,Other Products,Equity,56394600,0,56394600,57900,974,Japan,Tokyo Stock Exchange,JPY,1,JPY
7482,SHIMOJIMA LTD,Wholesale Trade,Equity,56426100,0,56426100,38100,1481,Japan,Tokyo Stock Exchange,JPY,1,JPY
6430,DAIKOKU DENKI LTD,Machinery,Equity,56468800,0,56468800,23200,2434,Japan,Tokyo Stock Exchange,JPY,1,JPY
6062,CHARM CARE CORP,Services,Equity,56491600,0,56491600,40700,1388,Japan,Tokyo Stock Exchange,JPY,1,JPY
6763,TEIKOKU TSUSHIN KOGYO LTD,Electric Appliances,Equity,56548800,0,56548800,19800,2856,Japan,Tokyo Stock Exchange,JPY,1,JPY
3023,RASA CORP,Wholesale Trade,Equity,56156100,0,56156100,27300,2057,Japan,Tokyo Stock Exchange,JPY,1,JPY
6240,YAMASHIN-FILTER CORP,Machinery,Equity,55804100,0,55804100,106700,523,Japan,Tokyo Stock Exchange,JPY,1,JPY
6564,MIDAC HOLDINGS LTD,Services,Equity,55833400,0,55833400,26600,2099,Japan,Tokyo Stock Exchange,JPY,1,JPY
9702,ISB CORP,Information & Communication,Equity,55898900,0,55898900,22900,2441,Japan,Tokyo Stock Exchange,JPY,1,JPY
7888,SANKO GOSEI LTD,Chemicals,Equity,54919500,0,54919500,61500,893,Japan,Tokyo Stock Exchange,JPY,1,JPY
590A,GIFTEE GROUP INC,Information & Communication,Equity,54997600,0,54997600,42700,1288,Japan,Tokyo Stock Exchange,JPY,1,JPY
2003,NITTO FUJI FLOUR MILLING LTD,Foods,Equity,55070400,0,55070400,30800,1788,Japan,Tokyo Stock Exchange,JPY,1,JPY
8185,CHIYODA LTD,Retail Trade,Equity,54698600,0,54698600,52900,1034,Japan,Tokyo Stock Exchange,JPY,1,JPY
3916,DIGITAL INFORMATION TECHNOLOGIES C,Information & Communication,Equity,54834000,0,54834000,57000,962,Japan,Tokyo Stock Exchange,JPY,1,JPY
9622,SPACE LTD,Services,Equity,54340000,0,54340000,38000,1430,Japan,Tokyo Stock Exchange,JPY,1,JPY
2915,KENKO MAYONNAISE LTD,Foods,Equity,54364900,0,54364900,26900,2021,Japan,Tokyo Stock Exchange,JPY,1,JPY
3183,WIN PARTNERS LTD,Wholesale Trade,Equity,54102500,0,54102500,42500,1273,Japan,Tokyo Stock Exchange,JPY,1,JPY
6915,CHIYODA INTEGRE LTD,Electric Appliances,Equity,53820000,0,53820000,15600,3450,Japan,Tokyo Stock Exchange,JPY,1,JPY
4218,NICHIBAN LTD,Chemicals,Equity,54042700,0,54042700,27700,1951,Japan,Tokyo Stock Exchange,JPY,1,JPY
6089,WILL GROUP INC,Services,Equity,53684400,0,53684400,46200,1162,Japan,Tokyo Stock Exchange,JPY,1,JPY
3040,SOLITON SYSTEMS,Information & Communication,Equity,53730000,0,53730000,22500,2388,Japan,Tokyo Stock Exchange,JPY,1,JPY
4345,CTS LTD,Services,Equity,53433300,0,53433300,64300,831,Japan,Tokyo Stock Exchange,JPY,1,JPY
8364,SHIMIZU BANK LTD,Banks,Equity,53462500,0,53462500,17500,3055,Japan,Tokyo Stock Exchange,JPY,1,JPY
262A,INTERMESTIC INC,Retail Trade,Equity,52798600,0,52798600,29300,1802,Japan,Tokyo Stock Exchange,JPY,1,JPY
4390,IPS INC,Information & Communication,Equity,52836000,0,52836000,13600,3885,Japan,Tokyo Stock Exchange,JPY,1,JPY
6298,YACHOLDINGS LTD,Machinery,Equity,52608000,0,52608000,41100,1280,Japan,Tokyo Stock Exchange,JPY,1,JPY
8093,KYOKUTO BOEKI LTD,Wholesale Trade,Equity,52624000,0,52624000,28600,1840,Japan,Tokyo Stock Exchange,JPY,1,JPY
3388,MEIJI ELECTRIC INDUSTRIES LTD,Wholesale Trade,Equity,52214400,0,52214400,25200,2072,Japan,Tokyo Stock Exchange,JPY,1,JPY
7244,ICHIKOH INDUSTRIES LTD,Electric Appliances,Equity,51930400,0,51930400,93400,556,Japan,Tokyo Stock Exchange,JPY,1,JPY
1822,DAIHO CORP,Construction,Equity,51504300,0,51504300,64300,801,Japan,Tokyo Stock Exchange,JPY,1,JPY
5185,FUKOKU LTD,Rubber Products,Equity,51612000,0,51612000,25300,2040,Japan,Tokyo Stock Exchange,JPY,1,JPY
4229,GUN EI CHEMICAL INDUSTRY LTD,Chemicals,Equity,51655500,0,51655500,11700,4415,Japan,Tokyo Stock Exchange,JPY,1,JPY
3199,WATAHAN LTD,Retail Trade,Equity,51316200,0,51316200,38700,1326,Japan,Tokyo Stock Exchange,JPY,1,JPY
2674,HARD OFF LTD,Retail Trade,Equity,51395000,0,51395000,19000,2705,Japan,Tokyo Stock Exchange,JPY,1,JPY
8881,NISSHIN GROUP HOLDINGS LIMITED LTD,Real Estate ex REIT,Equity,51015600,0,51015600,76600,666,Japan,Tokyo Stock Exchange,JPY,1,JPY
3741,SYSTEMS ENGINEERING CONSULTANTS LT,Information & Communication,Equity,50720000,0,50720000,16000,3170,Japan,Tokyo Stock Exchange,JPY,1,JPY
8244,KINTETSU DEPARTMENT STORE LTD,Retail Trade,Equity,50721000,0,50721000,26500,1914,Japan,Tokyo Stock Exchange,JPY,1,JPY
1888,WAKACHIKU CONSTRUCTION LTD,Construction,Equity,50827000,0,50827000,13700,3710,Japan,Tokyo Stock Exchange,JPY,1,JPY
6485,MAEZAWA KYUSO INDUSTRIES LTD,Machinery,Equity,50532200,0,50532200,30700,1646,Japan,Tokyo Stock Exchange,JPY,1,JPY
9081,KANAGAWA CHUO KOTSU,Land Transportation,Equity,50181000,0,50181000,12900,3890,Japan,Tokyo Stock Exchange,JPY,1,JPY
2753,AMIYAKI TEI LTD,Retail Trade,Equity,50184000,0,50184000,36000,1394,Japan,Tokyo Stock Exchange,JPY,1,JPY
4820,EM SYSTEMS LTD,Information & Communication,Equity,50218000,0,50218000,84400,595,Japan,Tokyo Stock Exchange,JPY,1,JPY
2933,KIBUN FOODS INC,Foods,Equity,49795500,0,49795500,44500,1119,Japan,Tokyo Stock Exchange,JPY,1,JPY
9932,SUGIMOTO LTD,Wholesale Trade,Equity,49876400,0,49876400,37900,1316,Japan,Tokyo Stock Exchange,JPY,1,JPY
8203,MRMAX HOLDINGS LTD,Retail Trade,Equity,49961100,0,49961100,64300,777,Japan,Tokyo Stock Exchange,JPY,1,JPY
7823,ARTNATURE INC,Other Products,Equity,49501000,0,49501000,59000,839,Japan,Tokyo Stock Exchange,JPY,1,JPY
9319,CHUO WAREHOUSE LTD,Warehousing & Harbor Transportation Services,Equity,49631400,0,49631400,27300,1818,Japan,Tokyo Stock Exchange,JPY,1,JPY
4671,FALCO HOLDINGS LTD,Services,Equity,49667200,0,49667200,17600,2822,Japan,Tokyo Stock Exchange,JPY,1,JPY
7510,TAKEBISHI CORP,Wholesale Trade,Equity,49213900,0,49213900,18100,2719,Japan,Tokyo Stock Exchange,JPY,1,JPY
8095,ASTENA HOLDINGS LTD,Wholesale Trade,Equity,49448400,0,49448400,92600,534,Japan,Tokyo Stock Exchange,JPY,1,JPY
3276,JAPAN PROPERTY MANAGEMENT CENTER L,Real Estate ex REIT,Equity,48919200,0,48919200,21800,2244,Japan,Tokyo Stock Exchange,JPY,1,JPY
3421,INABA SEISAKUSHO LTD,Metal Products,Equity,48963000,0,48963000,28500,1718,Japan,Tokyo Stock Exchange,JPY,1,JPY
4801,CENTRAL SPORTS LTD,Services,Equity,49040000,0,49040000,20000,2452,Japan,Tokyo Stock Exchange,JPY,1,JPY
2882,EAT&HOLDINGS LTD,Foods,Equity,49075600,0,49075600,23800,2062,Japan,Tokyo Stock Exchange,JPY,1,JPY
4301,AMUSE INC,Services,Equity,49106400,0,49106400,25900,1896,Japan,Tokyo Stock Exchange,JPY,1,JPY
6788,NIHON TRIM LTD,Electric Appliances,Equity,49150000,0,49150000,10000,4915,Japan,Tokyo Stock Exchange,JPY,1,JPY
6378,KIMURA CHEMICAL PLANTS LTD,Machinery,Equity,49166800,0,49166800,40400,1217,Japan,Tokyo Stock Exchange,JPY,1,JPY
4668,MEIKO NETWORK JAPAN LTD,Services,Equity,49176400,0,49176400,63700,772,Japan,Tokyo Stock Exchange,JPY,1,JPY
4719,ALPHA SYSTEMS INC,Information & Communication,Equity,48672000,0,48672000,14400,3380,Japan,Tokyo Stock Exchange,JPY,1,JPY
8860,FUJI CORPORATION LIMITED CORP LTD,Real Estate ex REIT,Equity,48794200,0,48794200,63700,766,Japan,Tokyo Stock Exchange,JPY,1,JPY
5659,NIPPON SEISEN LTD,Iron & Steel,Equity,48391800,0,48391800,35400,1367,Japan,Tokyo Stock Exchange,JPY,1,JPY
3315,NIPPON COKE & ENGINEERING LTD,Oil & Coal Products,Equity,48540000,0,48540000,485400,100,Japan,Tokyo Stock Exchange,JPY,1,JPY
7466,SPK CORP,Wholesale Trade,Equity,48615600,0,48615600,34800,1397,Japan,Tokyo Stock Exchange,JPY,1,JPY
9726,KNT-CT HOLDINGS LTD,Services,Equity,48267300,0,48267300,25100,1923,Japan,Tokyo Stock Exchange,JPY,1,JPY
4410,HARIMA CHEM GRP INC,Chemicals,Equity,48308800,0,48308800,43600,1108,Japan,Tokyo Stock Exchange,JPY,1,JPY
7637,HAKUDO LTD,Wholesale Trade,Equity,47813500,0,47813500,13300,3595,Japan,Tokyo Stock Exchange,JPY,1,JPY
5142,ACHILLES CORP,Chemicals,Equity,47905200,0,47905200,25200,1901,Japan,Tokyo Stock Exchange,JPY,1,JPY
7187,J-LEASE LTD,Other Financing Business,Equity,47536800,0,47536800,34800,1366,Japan,Tokyo Stock Exchange,JPY,1,JPY
9405,ASAHI BROADCASTING GROUP HOLDINGS,Information & Communication,Equity,47593800,0,47593800,57900,822,Japan,Tokyo Stock Exchange,JPY,1,JPY
7033,MANAGEMENT SOLUTIONS LTD,Services,Equity,47218600,0,47218600,28600,1651,Japan,Tokyo Stock Exchange,JPY,1,JPY
2294,KAKIYASU HONTEN LTD,Foods,Equity,47488500,0,47488500,18300,2595,Japan,Tokyo Stock Exchange,JPY,1,JPY
2359,CORE CORP,Information & Communication,Equity,47084800,0,47084800,22400,2102,Japan,Tokyo Stock Exchange,JPY,1,JPY
3150,GREMZ INC,Electric Power & Gas,Equity,47158000,0,47158000,19000,2482,Japan,Tokyo Stock Exchange,JPY,1,JPY
2305,STUDIO ALICE LTD,Services,Equity,46750400,0,46750400,24400,1916,Japan,Tokyo Stock Exchange,JPY,1,JPY
9856,KU HOLDINGS LTD,Retail Trade,Equity,46816000,0,46816000,38000,1232,Japan,Tokyo Stock Exchange,JPY,1,JPY
7294,YOROZU CORP,Transportation Equipment,Equity,46876800,0,46876800,51400,912,Japan,Tokyo Stock Exchange,JPY,1,JPY
7679,YAKUODO HOLDINGS LTD,Retail Trade,Equity,46538100,0,46538100,26700,1743,Japan,Tokyo Stock Exchange,JPY,1,JPY
9424,JAPAN COMMUNICATIONS,Information & Communication,Equity,46608800,0,46608800,401800,116,Japan,Tokyo Stock Exchange,JPY,1,JPY
3696,CERES INC,Information & Communication,Equity,46612000,0,46612000,21500,2168,Japan,Tokyo Stock Exchange,JPY,1,JPY
7071,AMVIS HOLDINGS INC,Services,Equity,46131900,0,46131900,110100,419,Japan,Tokyo Stock Exchange,JPY,1,JPY
9629,PCA CORP,Information & Communication,Equity,46255300,0,46255300,29900,1547,Japan,Tokyo Stock Exchange,JPY,1,JPY
5357,YOTAI REFRACTORIES LTD,Glass & Ceramics Products,Equity,45972400,0,45972400,26300,1748,Japan,Tokyo Stock Exchange,JPY,1,JPY
7962,KING JIM LTD,Other Products,Equity,46056000,0,46056000,57000,808,Japan,Tokyo Stock Exchange,JPY,1,JPY
5707,TOHO ZINC,Nonferrous Metal,Equity,45576000,0,45576000,43200,1055,Japan,Tokyo Stock Exchange,JPY,1,JPY
3853,ASTERIA,Information & Communication,Equity,45624700,0,45624700,40700,1121,Japan,Tokyo Stock Exchange,JPY,1,JPY
7463,ADVAN GROUP LTD,Retail Trade,Equity,45732600,0,45732600,48600,941,Japan,Tokyo Stock Exchange,JPY,1,JPY
8070,TOKYO SANGYO LTD,Wholesale Trade,Equity,44925400,0,44925400,48100,934,Japan,Tokyo Stock Exchange,JPY,1,JPY
6464,TSUBAKI NAKASHIMA LTD,Machinery,Equity,45036000,0,45036000,125100,360,Japan,Tokyo Stock Exchange,JPY,1,JPY
5933,ALINCO INC,Metal Products,Equity,45152600,0,45152600,40100,1126,Japan,Tokyo Stock Exchange,JPY,1,JPY
9769,GAKKYUSHA LTD,Services,Equity,44771600,0,44771600,17200,2603,Japan,Tokyo Stock Exchange,JPY,1,JPY
3901,MARKLINES,Information & Communication,Equity,44863200,0,44863200,27900,1608,Japan,Tokyo Stock Exchange,JPY,1,JPY
9850,GOURMET KINEYA LTD,Retail Trade,Equity,44620500,0,44620500,45300,985,Japan,Tokyo Stock Exchange,JPY,1,JPY
4763,CREEK & RIVER LTD,Services,Equity,44102500,0,44102500,29500,1495,Japan,Tokyo Stock Exchange,JPY,1,JPY
2471,S-POOL INC,Services,Equity,44144700,0,44144700,151700,291,Japan,Tokyo Stock Exchange,JPY,1,JPY
4979,OAT AGRIO LTD,Chemicals,Equity,44302000,0,44302000,17000,2606,Japan,Tokyo Stock Exchange,JPY,1,JPY
6099,ELAN CORP,Services,Equity,43732000,0,43732000,58000,754,Japan,Tokyo Stock Exchange,JPY,1,JPY
4538,FUSO PHARMACEUTICAL INDUSTRIES LTD,Pharmaceutical,Equity,43737600,0,43737600,19200,2278,Japan,Tokyo Stock Exchange,JPY,1,JPY
7952,KAWAI MUSICAL INSTRUMENTS MANUFACT,Other Products,Equity,43375000,0,43375000,12500,3470,Japan,Tokyo Stock Exchange,JPY,1,JPY
5464,MORY INDUSTRIES INC,Iron & Steel,Equity,43428000,0,43428000,46200,940,Japan,Tokyo Stock Exchange,JPY,1,JPY
6070,CAREERLINK LTD,Services,Equity,42687000,0,42687000,16200,2635,Japan,Tokyo Stock Exchange,JPY,1,JPY
7520,ECOS LTD,Retail Trade,Equity,42470400,0,42470400,16800,2528,Japan,Tokyo Stock Exchange,JPY,1,JPY
2120,LIFULL LTD,Services,Equity,42175000,0,42175000,175000,241,Japan,Tokyo Stock Exchange,JPY,1,JPY
6157,NS TOOL LTD,Machinery,Equity,42280200,0,42280200,49800,849,Japan,Tokyo Stock Exchange,JPY,1,JPY
2266,ROKKO BUTTER LTD,Foods,Equity,41837000,0,41837000,39100,1070,Japan,Tokyo Stock Exchange,JPY,1,JPY
3983,ORO LTD,Information & Communication,Equity,41995800,0,41995800,19800,2121,Japan,Tokyo Stock Exchange,JPY,1,JPY
7525,RIX CORP,Wholesale Trade,Equity,41245000,0,41245000,11300,3650,Japan,Tokyo Stock Exchange,JPY,1,JPY
7596,UORIKI LTD,Retail Trade,Equity,41307200,0,41307200,17600,2347,Japan,Tokyo Stock Exchange,JPY,1,JPY
2461,F@N COMMUNICATIONS INC,Services,Equity,41435500,0,41435500,104900,395,Japan,Tokyo Stock Exchange,JPY,1,JPY
2301,GAKUJO LTD,Services,Equity,41205000,0,41205000,24600,1675,Japan,Tokyo Stock Exchange,JPY,1,JPY
4310,DREAM INCUBATOR INC,Services,Equity,40662000,0,40662000,16200,2510,Japan,Tokyo Stock Exchange,JPY,1,JPY
5932,SANKYO TATEYAMA INC,Metal Products,Equity,40708200,0,40708200,61400,663,Japan,Tokyo Stock Exchange,JPY,1,JPY
3915,TERRASKY LTD,Information & Communication,Equity,40790700,0,40790700,18300,2229,Japan,Tokyo Stock Exchange,JPY,1,JPY
9990,SACS BAR HOLDINGS INC,Retail Trade,Equity,40425000,0,40425000,53900,750,Japan,Tokyo Stock Exchange,JPY,1,JPY
7844,MARVELOUS INC,Information & Communication,Equity,40303500,0,40303500,83100,485,Japan,Tokyo Stock Exchange,JPY,1,JPY
1514,SUMISEKI HOLDINGS INC,Mining,Equity,39300800,0,39300800,61600,638,Japan,Tokyo Stock Exchange,JPY,1,JPY
2804,BULL DOG SAUCE LTD,Foods,Equity,39366500,0,39366500,21500,1831,Japan,Tokyo Stock Exchange,JPY,1,JPY
6167,FUJI DIE LTD,Machinery,Equity,38985600,0,38985600,37200,1048,Japan,Tokyo Stock Exchange,JPY,1,JPY
3053,PEPPER FOOD SERVICE LTD,Retail Trade,Equity,39208000,0,39208000,188500,208,Japan,Tokyo Stock Exchange,JPY,1,JPY
6050,E-GUARDIAN INC,Services,Equity,38676000,0,38676000,22000,1758,Japan,Tokyo Stock Exchange,JPY,1,JPY
6191,AIRTRIP CORP,Services,Equity,38704000,0,38704000,47200,820,Japan,Tokyo Stock Exchange,JPY,1,JPY
7725,INTER ACTION CORP,Precision Instruments,Equity,38786000,0,38786000,22000,1763,Japan,Tokyo Stock Exchange,JPY,1,JPY
3843,FREEBIT LTD,Information & Communication,Equity,38868900,0,38868900,22300,1743,Japan,Tokyo Stock Exchange,JPY,1,JPY
4228,SEKISUI PLASTICS LTD,Chemicals,Equity,38580000,0,38580000,64300,600,Japan,Tokyo Stock Exchange,JPY,1,JPY
2475,WDB HOLDINGS LTD,Services,Equity,38105600,0,38105600,20800,1832,Japan,Tokyo Stock Exchange,JPY,1,JPY
7475,ALBIS LTD,Retail Trade,Equity,38112400,0,38112400,15100,2524,Japan,Tokyo Stock Exchange,JPY,1,JPY
2378,RENAISSANCE INC,Services,Equity,38124000,0,38124000,36000,1059,Japan,Tokyo Stock Exchange,JPY,1,JPY
2462,LIKE INC,Services,Equity,38277500,0,38277500,25100,1525,Japan,Tokyo Stock Exchange,JPY,1,JPY
2929,PHARMA FOODS INTERNATIONAL LTD,Foods,Equity,38343800,0,38343800,63800,601,Japan,Tokyo Stock Exchange,JPY,1,JPY
6440,JUKI CORP,Machinery,Equity,37808400,0,37808400,64300,588,Japan,Tokyo Stock Exchange,JPY,1,JPY
3548,BAROQUE JAPAN LTD,Retail Trade,Equity,37908000,0,37908000,52000,729,Japan,Tokyo Stock Exchange,JPY,1,JPY
1930,HOKURIKU ELECTRICAL CONSTRUCTION L,Construction,Equity,37998400,0,37998400,25400,1496,Japan,Tokyo Stock Exchange,JPY,1,JPY
7198,SBI ARUHI CORP,Other Financing Business,Equity,38042000,0,38042000,46000,827,Japan,Tokyo Stock Exchange,JPY,1,JPY
4792,YAMADA CONSULTING GROUP LTD,Services,Equity,37664000,0,37664000,22000,1712,Japan,Tokyo Stock Exchange,JPY,1,JPY
5269,NIPPON CONCRETE INDUSTRIES LTD,Glass & Ceramics Products,Equity,37725500,0,37725500,98500,383,Japan,Tokyo Stock Exchange,JPY,1,JPY
6616,TOREX SEMICONDUCTOR LTD,Electric Appliances,Equity,37760000,0,37760000,20000,1888,Japan,Tokyo Stock Exchange,JPY,1,JPY
6482,YUSHIN,Machinery,Equity,37394500,0,37394500,52300,715,Japan,Tokyo Stock Exchange,JPY,1,JPY
6798,SMK CORP,Electric Appliances,Equity,37072000,0,37072000,11200,3310,Japan,Tokyo Stock Exchange,JPY,1,JPY
6358,SAKAI HEAVY INDUSTRIES LTD,Machinery,Equity,36839000,0,36839000,17000,2167,Japan,Tokyo Stock Exchange,JPY,1,JPY
9795,STEP LTD,Services,Equity,36496000,0,36496000,16000,2281,Japan,Tokyo Stock Exchange,JPY,1,JPY
4994,TAISEI LAMICK GROUP HEAD QUARTER &,Chemicals,Equity,35963200,0,35963200,13300,2704,Japan,Tokyo Stock Exchange,JPY,1,JPY
9535,HIROSHIMA GAS LTD,Electric Power & Gas,Equity,35616000,0,35616000,84800,420,Japan,Tokyo Stock Exchange,JPY,1,JPY
4839,WOWOW INC,Information & Communication,Equity,35700000,0,35700000,35700,1000,Japan,Tokyo Stock Exchange,JPY,1,JPY
6071,IBJ INC,Services,Equity,35758800,0,35758800,38700,924,Japan,Tokyo Stock Exchange,JPY,1,JPY
3984,USER LOCAL INC,Information & Communication,Equity,35321200,0,35321200,22700,1556,Japan,Tokyo Stock Exchange,JPY,1,JPY
9216,BEWITH INC,Services,Equity,35026000,0,35026000,21100,1660,Japan,Tokyo Stock Exchange,JPY,1,JPY
2491,VALUECOMMERCE LTD,Services,Equity,35209200,0,35209200,73200,481,Japan,Tokyo Stock Exchange,JPY,1,JPY
5698,ENVIPRO HOLDINGS INC,Iron & Steel,Equity,34907400,0,34907400,45100,774,Japan,Tokyo Stock Exchange,JPY,1,JPY
6194,ATRAE INC,Services,Equity,34140800,0,34140800,37600,908,Japan,Tokyo Stock Exchange,JPY,1,JPY
7987,NAKABAYASHI LTD,Other Products,Equity,34303500,0,34303500,60500,567,Japan,Tokyo Stock Exchange,JPY,1,JPY
7820,NIHON FLUSH LTD,Other Products,Equity,34355200,0,34355200,48800,704,Japan,Tokyo Stock Exchange,JPY,1,JPY
8029,LOOK HOLDINGS INC,Textiles & Apparel,Equity,33843200,0,33843200,12800,2644,Japan,Tokyo Stock Exchange,JPY,1,JPY
3834,ASAHI NET INC,Information & Communication,Equity,33642000,0,33642000,54000,623,Japan,Tokyo Stock Exchange,JPY,1,JPY
9332,NISSO HOLDINGS LTD,Services,Equity,33345000,0,33345000,51300,650,Japan,Tokyo Stock Exchange,JPY,1,JPY
7238,AKEBONO BRAKE INDUSTRY LTD,Transportation Equipment,Equity,33453600,0,33453600,315600,106,Japan,Tokyo Stock Exchange,JPY,1,JPY
6539,MATCHING SERVICE JAPAN LTD,Services,Equity,33199300,0,33199300,33100,1003,Japan,Tokyo Stock Exchange,JPY,1,JPY
2204,NAKAMURAYA LTD,Foods,Equity,32691000,0,32691000,10200,3205,Japan,Tokyo Stock Exchange,JPY,1,JPY
9979,DAISYO CORP,Retail Trade,Equity,32890000,0,32890000,29900,1100,Japan,Tokyo Stock Exchange,JPY,1,JPY
3649,FINDEX INC,Information & Communication,Equity,32385000,0,32385000,38100,850,Japan,Tokyo Stock Exchange,JPY,1,JPY
8918,LAND LTD,Real Estate ex REIT,Equity,32564000,0,32564000,3256400,10,Japan,Tokyo Stock Exchange,JPY,1,JPY
4251,KEIWA INCORPORATED,Chemicals,Equity,32592000,0,32592000,28000,1164,Japan,Tokyo Stock Exchange,JPY,1,JPY
6535,I-MOBILE LTD,Services,Equity,32600100,0,32600100,64300,507,Japan,Tokyo Stock Exchange,JPY,1,JPY
7600,JAPAN MEDICAL DYNAMIC MARKETING IN,Precision Instruments,Equity,32199300,0,32199300,39900,807,Japan,Tokyo Stock Exchange,JPY,1,JPY
2148,ITMEDIA INC,Services,Equity,32301600,0,32301600,25800,1252,Japan,Tokyo Stock Exchange,JPY,1,JPY
6073,ASANTE INC,Services,Equity,32314500,0,32314500,21500,1503,Japan,Tokyo Stock Exchange,JPY,1,JPY
6262,PEGASUS LTD,Machinery,Equity,31820100,0,31820100,59700,533,Japan,Tokyo Stock Exchange,JPY,1,JPY
3662,ATEAM HOLDINGS LTD,Information & Communication,Equity,31750900,0,31750900,32300,983,Japan,Tokyo Stock Exchange,JPY,1,JPY
6279,ZUIKO,Machinery,Equity,31361400,0,31361400,34200,917,Japan,Tokyo Stock Exchange,JPY,1,JPY
4344,SOURCENEXT CORP,Information & Communication,Equity,30984600,0,30984600,274200,113,Japan,Tokyo Stock Exchange,JPY,1,JPY
4767,TOW LTD,Services,Equity,30704000,0,30704000,80800,380,Japan,Tokyo Stock Exchange,JPY,1,JPY
3109,SHIKIBO LTD,Textiles & Apparel,Equity,30530000,0,30530000,28400,1075,Japan,Tokyo Stock Exchange,JPY,1,JPY
5218,OHARA INC,Glass & Ceramics Products,Equity,30547200,0,30547200,19200,1591,Japan,Tokyo Stock Exchange,JPY,1,JPY
250A,SHIMADAYA CORP,Foods,Equity,30221100,0,30221100,18900,1599,Japan,Tokyo Stock Exchange,JPY,1,JPY
8920,TOSHO LTD,Services,Equity,30017300,0,30017300,42100,713,Japan,Tokyo Stock Exchange,JPY,1,JPY
544A,GMS GROUP LTD,Machinery,Equity,30028800,0,30028800,81600,368,Japan,Tokyo Stock Exchange,JPY,1,JPY
1873,NIHON HOUSE HOLDINGS LTD,Construction,Equity,29568000,0,29568000,92400,320,Japan,Tokyo Stock Exchange,JPY,1,JPY
3657,POLE TO WIN HOLDINGS INC,Information & Communication,Equity,29678200,0,29678200,82900,358,Japan,Tokyo Stock Exchange,JPY,1,JPY
3031,RACCOON HOLDINGS INC,Information & Communication,Equity,29762000,0,29762000,46000,647,Japan,Tokyo Stock Exchange,JPY,1,JPY
9273,KOA SHOJI HOLDINGS LTD,Wholesale Trade,Equity,29146000,0,29146000,38000,767,Japan,Tokyo Stock Exchange,JPY,1,JPY
6151,NITTO KOHKI LTD,Machinery,Equity,28718000,0,28718000,16600,1730,Japan,Tokyo Stock Exchange,JPY,1,JPY
6291,AIRTECH JAPAN LTD,Machinery,Equity,28726000,0,28726000,21200,1355,Japan,Tokyo Stock Exchange,JPY,1,JPY
9248,PEOPLE DREAMS & TECHNOLOGIES GROUP,Services,Equity,28821800,0,28821800,17300,1666,Japan,Tokyo Stock Exchange,JPY,1,JPY
4809,PARACA INC,Real Estate ex REIT,Equity,28263100,0,28263100,13700,2063,Japan,Tokyo Stock Exchange,JPY,1,JPY
3676,DIGITAL HEARTS HOLDINGS LTD,Information & Communication,Equity,28302000,0,28302000,26700,1060,Japan,Tokyo Stock Exchange,JPY,1,JPY
2489,ADWAYS INC,Services,Equity,27894400,0,27894400,75800,368,Japan,Tokyo Stock Exchange,JPY,1,JPY
6317,KITAGAWA IRON WORKS CORP,Machinery,Equity,27922400,0,27922400,15200,1837,Japan,Tokyo Stock Exchange,JPY,1,JPY
277A,GLOBE-ING,Services,Equity,27945000,0,27945000,16200,1725,Japan,Tokyo Stock Exchange,JPY,1,JPY
9612,LUCKLAND LTD,Services,Equity,27750000,0,27750000,22200,1250,Japan,Tokyo Stock Exchange,JPY,1,JPY
3547,UNISIA HOLDINGS,Retail Trade,Equity,27750000,0,27750000,15000,1850,Japan,Tokyo Stock Exchange,JPY,1,JPY
3415,TOKYO BASE LTD,Retail Trade,Equity,27523200,0,27523200,75200,366,Japan,Tokyo Stock Exchange,JPY,1,JPY
2935,PICKLES HOLDINGS LTD,Foods,Equity,27167200,0,27167200,23200,1171,Japan,Tokyo Stock Exchange,JPY,1,JPY
3835,EBASE LTD,Information & Communication,Equity,27221400,0,27221400,63900,426,Japan,Tokyo Stock Exchange,JPY,1,JPY
6571,QB NET HOLDINGS LTD,Services,Equity,26821200,0,26821200,20600,1302,Japan,Tokyo Stock Exchange,JPY,1,JPY
9644,TANABE CONSULTING GROUP LTD,Services,Equity,26849600,0,26849600,34600,776,Japan,Tokyo Stock Exchange,JPY,1,JPY
2445,TAKAMIYA LTD,Services,Equity,26555900,0,26555900,64300,413,Japan,Tokyo Stock Exchange,JPY,1,JPY
3788,GMO GLOBALSIGN HOLDINGS KK,Information & Communication,Equity,26624000,0,26624000,13000,2048,Japan,Tokyo Stock Exchange,JPY,1,JPY
8869,MEIWA ESTATE LTD,Real Estate ex REIT,Equity,26113500,0,26113500,31500,829,Japan,Tokyo Stock Exchange,JPY,1,JPY
3939,KANAMIC NETWORK LTD,Information & Communication,Equity,26132600,0,26132600,49400,529,Japan,Tokyo Stock Exchange,JPY,1,JPY
3656,KLAB,Information & Communication,Equity,26186100,0,26186100,137100,191,Japan,Tokyo Stock Exchange,JPY,1,JPY
4350,MEDICAL SYSTEM NETWORK LTD,Retail Trade,Equity,26323500,0,26323500,54500,483,Japan,Tokyo Stock Exchange,JPY,1,JPY
3565,ASCENTECH,Wholesale Trade,Equity,25872000,0,25872000,58800,440,Japan,Tokyo Stock Exchange,JPY,1,JPY
2307,CROSS CAT LTD,Information & Communication,Equity,25942000,0,25942000,23800,1090,Japan,Tokyo Stock Exchange,JPY,1,JPY
2930,KITANOTATSUJIN CORP,Chemicals,Equity,25537500,0,25537500,204300,125,Japan,Tokyo Stock Exchange,JPY,1,JPY
9046,KOBE ELECTRIC RAILWAY LTD,Land Transportation,Equity,25615200,0,25615200,10400,2463,Japan,Tokyo Stock Exchange,JPY,1,JPY
3457,&DO HOLDINGS LTD,Real Estate ex REIT,Equity,25640100,0,25640100,27900,919,Japan,Tokyo Stock Exchange,JPY,1,JPY
2335,CUBE SYSTEM INC,Information & Communication,Equity,24986400,0,24986400,23200,1077,Japan,Tokyo Stock Exchange,JPY,1,JPY
3903,GUMI INC,Information & Communication,Equity,24735000,0,24735000,97000,255,Japan,Tokyo Stock Exchange,JPY,1,JPY
6730,AXELL CORP,Electric Appliances,Equity,24747000,0,24747000,21900,1130,Japan,Tokyo Stock Exchange,JPY,1,JPY
7702,JMS LTD,Precision Instruments,Equity,24408000,0,24408000,54000,452,Japan,Tokyo Stock Exchange,JPY,1,JPY
6184,KAMAKURA SHINSHO LTD,Services,Equity,24603000,0,24603000,41700,590,Japan,Tokyo Stock Exchange,JPY,1,JPY
3665,ENIGMO INC,Information & Communication,Equity,24231000,0,24231000,59100,410,Japan,Tokyo Stock Exchange,JPY,1,JPY
4574,TAIKO PHARMACEUTICAL LTD,Pharmaceutical,Equity,24300500,0,24300500,91700,265,Japan,Tokyo Stock Exchange,JPY,1,JPY
7937,TSUTSUMI JEWELRY LTD,Other Products,Equity,24021900,0,24021900,9300,2583,Japan,Tokyo Stock Exchange,JPY,1,JPY
1435,ROBOT HOME INC,Real Estate ex REIT,Equity,23548100,0,23548100,130100,181,Japan,Tokyo Stock Exchange,JPY,1,JPY
3925,DOUBLE STANDARD INC,Information & Communication,Equity,23572500,0,23572500,17500,1347,Japan,Tokyo Stock Exchange,JPY,1,JPY
1376,KANEKO SEEDS LTD,"Fishery, Agriculture & Forestry",Equity,23337600,0,23337600,14300,1632,Japan,Tokyo Stock Exchange,JPY,1,JPY
3694,OPTIM CORP,Information & Communication,Equity,23013600,0,23013600,51600,446,Japan,Tokyo Stock Exchange,JPY,1,JPY
8999,GRANDY HOUSE CORP,Real Estate ex REIT,Equity,23125500,0,23125500,40500,571,Japan,Tokyo Stock Exchange,JPY,1,JPY
6619,W-SCOPE CORP,Electric Appliances,Equity,22678400,0,22678400,149200,152,Japan,Tokyo Stock Exchange,JPY,1,JPY
7683,WA INC,Retail Trade,Equity,22771100,0,22771100,16300,1397,Japan,Tokyo Stock Exchange,JPY,1,JPY
4651,SANIX HOLDINGS INORATED INC,Services,Equity,22434600,0,22434600,83400,269,Japan,Tokyo Stock Exchange,JPY,1,JPY
3154,MEDIUS HOLDINGS LTD,Wholesale Trade,Equity,22494000,0,22494000,27600,815,Japan,Tokyo Stock Exchange,JPY,1,JPY
2819,EBARA FOODS INDUSTRY INC,Foods,Equity,22633600,0,22633600,8800,2572,Japan,Tokyo Stock Exchange,JPY,1,JPY
4933,I-NE LTD,Chemicals,Equity,21902400,0,21902400,15600,1404,Japan,Tokyo Stock Exchange,JPY,1,JPY
545A,TORANVIA LTD,Information & Communication,Equity,22080000,0,22080000,23000,960,Japan,Tokyo Stock Exchange,JPY,1,JPY
7095,MACBEE PLANET INC,Services,Equity,21627000,0,21627000,17800,1215,Japan,Tokyo Stock Exchange,JPY,1,JPY
3180,BEAUTY GARAGE INC,Wholesale Trade,Equity,21666000,0,21666000,13800,1570,Japan,Tokyo Stock Exchange,JPY,1,JPY
3922,PR TIMES CORP,Information & Communication,Equity,21401900,0,21401900,10100,2119,Japan,Tokyo Stock Exchange,JPY,1,JPY
6199,SERAKU LTD,Information & Communication,Equity,20976300,0,20976300,15300,1371,Japan,Tokyo Stock Exchange,JPY,1,JPY
3921,NEOJAPAN INC,Information & Communication,Equity,21130300,0,21130300,13100,1613,Japan,Tokyo Stock Exchange,JPY,1,JPY
4053,SUN* INC,Information & Communication,Equity,20838600,0,20838600,45400,459,Japan,Tokyo Stock Exchange,JPY,1,JPY
3678,MEDIA DO LTD,Information & Communication,Equity,20447000,0,20447000,16100,1270,Japan,Tokyo Stock Exchange,JPY,1,JPY
7354,DIRECT MARKETING MIX INC,Services,Equity,20250000,0,20250000,54000,375,Japan,Tokyo Stock Exchange,JPY,1,JPY
1716,DAI ICHI CUTTER KOGYO,Construction,Equity,20275800,0,20275800,14100,1438,Japan,Tokyo Stock Exchange,JPY,1,JPY
2477,TEMAIRAZU INC,Information & Communication,Equity,19890000,0,19890000,6500,3060,Japan,Tokyo Stock Exchange,JPY,1,JPY
9788,NAC LTD,Services,Equity,19950000,0,19950000,38000,525,Japan,Tokyo Stock Exchange,JPY,1,JPY
4434,SERVERWORKS LTD,Information & Communication,Equity,20044500,0,20044500,8300,2415,Japan,Tokyo Stock Exchange,JPY,1,JPY
7570,HASHIMOTO SOGYO HOLDINGS LTD,Wholesale Trade,Equity,18999200,0,18999200,13600,1397,Japan,Tokyo Stock Exchange,JPY,1,JPY
4420,ESOL LTD,Information & Communication,Equity,19051800,0,19051800,28100,678,Japan,Tokyo Stock Exchange,JPY,1,JPY
7590,TAKASHO,Wholesale Trade,Equity,18800000,0,18800000,47000,400,Japan,Tokyo Stock Exchange,JPY,1,JPY
5909,CORONA CORP,Metal Products,Equity,18307300,0,18307300,18700,979,Japan,Tokyo Stock Exchange,JPY,1,JPY
4331,TAKE AND GIVE NEEDS LTD,Services,Equity,18029000,0,18029000,24200,745,Japan,Tokyo Stock Exchange,JPY,1,JPY
6047,GUNOSY INC,Services,Equity,17280000,0,17280000,43200,400,Japan,Tokyo Stock Exchange,JPY,1,JPY
6572,OPEN GROUP,Services,Equity,16846600,0,16846600,64300,262,Japan,Tokyo Stock Exchange,JPY,1,JPY
6082,RIDE ON EXPRESS HOLDINGS LTD,Services,Equity,16438100,0,16438100,16100,1021,Japan,Tokyo Stock Exchange,JPY,1,JPY
9450,FIBERGATE INC,Information & Communication,Equity,16605600,0,16605600,22200,748,Japan,Tokyo Stock Exchange,JPY,1,JPY
6035,IR JAPAN HOLDINGS LTD,Services,Equity,16627500,0,16627500,22500,739,Japan,Tokyo Stock Exchange,JPY,1,JPY
6678,TECHNO MEDICA LTD,Electric Appliances,Equity,16224000,0,16224000,7800,2080,Japan,Tokyo Stock Exchange,JPY,1,JPY
3937,UBICOM HOLDINGS INC,Information & Communication,Equity,15833600,0,15833600,12800,1237,Japan,Tokyo Stock Exchange,JPY,1,JPY
4845,SCALA INC,Information & Communication,Equity,16055600,0,16055600,45100,356,Japan,Tokyo Stock Exchange,JPY,1,JPY
2884,YOSHIMURA FOOD HOLDINGS,Foods,Equity,16079600,0,16079600,24400,659,Japan,Tokyo Stock Exchange,JPY,1,JPY
4299,HIMACS LTD,Information & Communication,Equity,15190500,0,15190500,12300,1235,Japan,Tokyo Stock Exchange,JPY,1,JPY
4286,CL HOLDINGS INC,Services,Equity,14469200,0,14469200,12200,1186,Japan,Tokyo Stock Exchange,JPY,1,JPY
9438,MTI LTD,Information & Communication,Equity,14203800,0,14203800,23400,607,Japan,Tokyo Stock Exchange,JPY,1,JPY
6620,MIYAKOSHI HOLDINGS INC,Real Estate ex REIT,Equity,13840200,0,13840200,19800,699,Japan,Tokyo Stock Exchange,JPY,1,JPY
2193,COOKPAD,Services,Equity,13654600,0,13654600,101900,134,Japan,Tokyo Stock Exchange,JPY,1,JPY
4100,TODA KOGYO CORP,Chemicals,Equity,13207600,0,13207600,8900,1484,Japan,Tokyo Stock Exchange,JPY,1,JPY
2130,MEMBERS LTD,Services,Equity,12448800,0,12448800,13300,936,Japan,Tokyo Stock Exchange,JPY,1,JPY
441A,NE INC,Information & Communication,Equity,11984800,0,11984800,42200,284,Japan,Tokyo Stock Exchange,JPY,1,JPY
2440,GURUNAVI INC,Services,Equity,11635800,0,11635800,90200,129,Japan,Tokyo Stock Exchange,JPY,1,JPY
8275,FORVAL CORP,Wholesale Trade,Equity,11641500,0,11641500,11700,995,Japan,Tokyo Stock Exchange,JPY,1,JPY
3633,GMO PEPABO INC,Information & Communication,Equity,11775900,0,11775900,5100,2309,Japan,Tokyo Stock Exchange,JPY,1,JPY
3926,OPEN DOOR INC,Information & Communication,Equity,11316000,0,11316000,27600,410,Japan,Tokyo Stock Exchange,JPY,1,JPY
6533,ORCHESTRA HOLDINGS INC,Services,Equity,10829000,0,10829000,9100,1190,Japan,Tokyo Stock Exchange,JPY,1,JPY
7358,POPPINS CORP,Services,Equity,10918200,0,10918200,6200,1761,Japan,Tokyo Stock Exchange,JPY,1,JPY
4382,HEROZ INC,Information & Communication,Equity,10346000,0,10346000,14000,739,Japan,Tokyo Stock Exchange,JPY,1,JPY
9341,GENOVA INC,Services,Equity,10108800,0,10108800,16200,624,Japan,Tokyo Stock Exchange,JPY,1,JPY
8165,SENSHUKAI LTD,Retail Trade,Equity,9276900,0,9276900,86700,107,Japan,Tokyo Stock Exchange,JPY,1,JPY
9514,EF-ON INC,Electric Power & Gas,Equity,9036500,0,9036500,26500,341,Japan,Tokyo Stock Exchange,JPY,1,JPY
4433,HITO-COMMUNICATIONS HOLDINGS INC,Services,Equity,9251400,0,9251400,10200,907,Japan,Tokyo Stock Exchange,JPY,1,JPY
7527,SYSTEMSOFT CORP,Information & Communication,Equity,8739700,0,8739700,164900,53,Japan,Tokyo Stock Exchange,JPY,1,JPY
6615,UMC ELECTRONICS LTD,Electric Appliances,Equity,8906500,0,8906500,37900,235,Japan,Tokyo Stock Exchange,JPY,1,JPY
6560,LTS INC,Services,Equity,8445600,0,8445600,5100,1656,Japan,Tokyo Stock Exchange,JPY,1,JPY
7038,FRONTIER MANAGEMENT INC,Services,Equity,7994000,0,7994000,14000,571,Japan,Tokyo Stock Exchange,JPY,1,JPY
4880,CELLSOURCE LTD,Pharmaceutical,Equity,7763100,0,7763100,22900,339,Japan,Tokyo Stock Exchange,JPY,1,JPY
6699,DIAMOND ELECTRIC HOLDINGS,Electric Appliances,Equity,7395000,0,7395000,14500,510,Japan,Tokyo Stock Exchange,JPY,1,JPY
9262,SILVER LIFE LTD,Retail Trade,Equity,6750000,0,6750000,10000,675,Japan,Tokyo Stock Exchange,JPY,1,JPY
3134,HAMEE CORP,Retail Trade,Equity,6308900,0,6308900,21100,299,Japan,Tokyo Stock Exchange,JPY,1,JPY
4936,AXXZIA INC,Chemicals,Equity,6016000,0,6016000,18800,320,Japan,Tokyo Stock Exchange,JPY,1,JPY
3267,PHIL INC,Construction,Equity,4290000,0,4290000,6600,650,Japan,Tokyo Stock Exchange,JPY,1,JPY
MARGIN_JPY,FUTURES JPY MARGIN BALANCE,Other,Cash Collateral and Margins,3677468,0,3677468,3677468,100,Japan,-,JPY,1,JPY
7034,PRORED PARTNERS LTD,Services,Equity,3212100,0,3212100,8300,387,Japan,Tokyo Stock Exchange,JPY,1,JPY
8798,ADVANCE CREATE LTD,Insurance,Equity,3248700,0,3248700,22100,147,Japan,Tokyo Stock Exchange,JPY,1,JPY
9229,SUNWELS LTD,Services,Equity,2002000,0,2002000,18200,110,Japan,Tokyo Stock Exchange,JPY,1,JPY
TPU6,TOPIX INDEX SEP 26,Other,Futures,0,0,6580500000,164,4012.5,-,Osaka Securities Exchange,JPY,1,JPY
 ,,,,,,,,,,,,,
